create table SURVEY (ID integer, PARENT_ID integer, NAME varchar(27), FULL_NAME varchar(44), TITLE varchar(58));
create table CENTRELINE (ID integer, SURVEY_ID integer, TITLE varchar(4), TOPO_DATE date, EXPLO_DATE date, LENGTH real, SURFACE_LENGTH real, DUPLICATE_LENGTH real);
create table PERSON (ID integer, NAME varchar(11), SURNAME varchar(16));
create table EXPLO (PERSON_ID integer, CENTRELINE_ID integer);
create table TOPO (PERSON_ID integer, CENTRELINE_ID integer);
create table STATION (ID integer, NAME varchar(7), SURVEY_ID integer, X real, Y real, Z real);
create table STATION_FLAG (STATION_ID integer, FLAG char(3));
create table SHOT (ID integer, FROM_ID integer, TO_ID integer, CENTRELINE_ID integer, LENGTH real, BEARING real, GRADIENT real, ADJ_LENGTH real, ADJ_BEARING real, ADJ_GRADIENT real, ERR_LENGTH real, ERR_BEARING real, ERR_GRADIENT real);
create table SHOT_FLAG (SHOT_ID integer, FLAG char(3));
create table MAPS (ID integer, SURVEY_ID integer, NAME varchar(27), TITLE varchar(58), PROJID integer, LENGTH real, DEPTH real);
create table SCRAPS (ID integer, SURVEY_ID integer, NAME varchar(27), PROJID integer);
create table MAPITEMS (ID integer, TYPE integer, ITEMID integer);
insert into SURVEY values (1, 0, '', '', NULL);
 insert into CENTRELINE values (2, 1, NULL, NULL, NULL, 0.00, 0.00, 0.00);
 insert into SURVEY values (24, 1, 'sistem_prima', 'sistem_prima', 'Caves of the Western Migovec Plateau');
 insert into CENTRELINE values (25, 24, NULL, NULL, NULL, 0.00, 0.00, 0.00);
 insert into MAPS values (26, 24, 'mwest_plateau-p', NULL, 1, 9797.380, 699.470);
 insert into MAPITEMS values (26, 4, 8111);
 insert into MAPITEMS values (26, 4, 8093);
 insert into MAPITEMS values (26, 4, 8173);
 insert into MAPITEMS values (26, 4, 8194);
 insert into MAPITEMS values (26, 4, 8227);
 insert into MAPITEMS values (26, 4, 8758);
 insert into MAPITEMS values (26, 4, 1768);
 insert into MAPITEMS values (26, 4, 8371);
 insert into MAPITEMS values (26, 4, 647);
 insert into MAPITEMS values (26, 4, 9108);
 insert into MAPITEMS values (26, 4, 8444);
 insert into MAPITEMS values (26, 4, 8482);
 insert into MAPITEMS values (26, 4, 9024);
 insert into MAPITEMS values (26, 4, 9351);
 insert into MAPITEMS values (26, 4, 30);
 insert into MAPITEMS values (26, 4, 8856);
 insert into MAPITEMS values (26, 4, 8859);
 insert into MAPITEMS values (26, 4, 8521);
 insert into MAPITEMS values (26, 4, 8619);
 insert into MAPITEMS values (26, 4, 9320);
 insert into MAPITEMS values (26, 4, 8690);
 insert into MAPITEMS values (26, 4, 2453);
 insert into MAPITEMS values (26, 4, 2382);
 insert into MAPITEMS values (26, 4, 167);
 insert into MAPITEMS values (26, 4, 1169);
 insert into MAPITEMS values (26, 4, 1280);
 insert into MAPITEMS values (26, 4, 4762);
 insert into MAPITEMS values (26, 4, 1483);
 insert into MAPITEMS values (26, 4, 892);
 insert into MAPITEMS values (26, 4, 5071);
 insert into MAPITEMS values (26, 4, 1687);
 insert into MAPITEMS values (26, 4, 2514);
 insert into MAPITEMS values (26, 4, 2072);
 insert into MAPITEMS values (26, 4, 28);
 insert into MAPITEMS values (26, 4, 4393);
 insert into MAPITEMS values (26, 4, 4111);
 insert into MAPITEMS values (26, 4, 4236);
 insert into MAPITEMS values (26, 4, 4169);
 insert into MAPITEMS values (26, 4, 3584);
 insert into MAPITEMS values (26, 4, 3628);
 insert into MAPITEMS values (26, 4, 3727);
 insert into MAPITEMS values (26, 4, 4510);
 insert into MAPITEMS values (26, 4, 4878);
 insert into MAPITEMS values (26, 4, 4893);
 insert into MAPITEMS values (26, 4, 4924);
 insert into MAPITEMS values (26, 4, 27);
 insert into MAPITEMS values (26, 4, 1097);
 insert into MAPITEMS values (26, 4, 3971);
 insert into MAPITEMS values (26, 4, 4576);
 insert into MAPITEMS values (26, 4, 2925);
 insert into MAPITEMS values (26, 4, 7938);
 insert into MAPITEMS values (26, 4, 4462);
 insert into MAPITEMS values (26, 4, 4650);
 insert into MAPITEMS values (26, 4, 2954);
 insert into MAPITEMS values (26, 4, 4698);
 insert into MAPITEMS values (26, 4, 5111);
 insert into MAPITEMS values (26, 4, 4236);
 insert into MAPITEMS values (26, 4, 7350);
 insert into MAPITEMS values (26, 4, 4305);
 insert into MAPITEMS values (26, 4, 7164);
 insert into MAPITEMS values (26, 4, 7293);
 insert into MAPITEMS values (26, 4, 7413);
 insert into MAPITEMS values (26, 4, 7524);
 insert into MAPITEMS values (26, 4, 3108);
 insert into MAPITEMS values (26, 4, 3314);
 insert into MAPITEMS values (26, 4, 3193);
 insert into MAPITEMS values (26, 4, 5136);
 insert into MAPITEMS values (26, 4, 3440);
 insert into MAPITEMS values (26, 4, 3778);
 insert into MAPITEMS values (26, 4, 3809);
 insert into MAPITEMS values (26, 4, 29);
 insert into MAPITEMS values (26, 4, 5388);
 insert into MAPITEMS values (26, 4, 5470);
 insert into MAPITEMS values (26, 4, 7055);
 insert into MAPITEMS values (26, 4, 5497);
 insert into MAPITEMS values (26, 4, 2202);
 insert into MAPITEMS values (26, 4, 5548);
 insert into MAPITEMS values (26, 4, 5568);
 insert into MAPITEMS values (26, 4, 6584);
 insert into MAPITEMS values (26, 4, 6534);
 insert into MAPITEMS values (26, 4, 5859);
 insert into MAPITEMS values (26, 4, 5919);
 insert into MAPITEMS values (26, 4, 6519);
 insert into MAPITEMS values (26, 4, 6268);
 insert into MAPITEMS values (26, 4, 6843);
 insert into MAPITEMS values (26, 4, 6873);
 insert into MAPITEMS values (26, 4, 2255);
 insert into MAPITEMS values (26, 4, 6908);
 insert into MAPS values (27, 24, 'low_hammerhead', NULL, 1, 318.010, 91.080);
 insert into MAPITEMS values (27, 4, 7997);
 insert into MAPITEMS values (27, 4, 4923);
 insert into MAPITEMS values (27, 4, 8025);
 insert into MAPITEMS values (27, 4, 5012);
 insert into MAPITEMS values (27, 4, 8066);
 insert into MAPS values (28, 24, 'cattlegrid-the_stile', NULL, 1, 338.170, 47.860);
 insert into MAPITEMS values (28, 4, 3545);
 insert into MAPITEMS values (28, 4, 3499);
 insert into MAPITEMS values (28, 4, 4021);
 insert into MAPITEMS values (28, 4, 4058);
 insert into MAPITEMS values (28, 4, 7117);
 insert into MAPITEMS values (28, 4, 4137);
 insert into MAPS values (29, 24, 'pivnica', NULL, 1, 214.840, 111.600);
 insert into MAPITEMS values (29, 4, 3911);
 insert into MAPITEMS values (29, 4, 6984);
 insert into MAPITEMS values (29, 4, 7034);
 insert into MAPITEMS values (29, 4, 7055);
 insert into MAPITEMS values (29, 4, 5262);
 insert into MAPS values (30, 24, 'high-monatip', NULL, 1, 464.960, 143.360);
 insert into MAPITEMS values (30, 4, 8856);
 insert into MAPITEMS values (30, 4, 9030);
 insert into MAPITEMS values (30, 4, 9029);
 insert into MAPITEMS values (30, 4, 9028);
 insert into MAPITEMS values (30, 4, 9318);
 insert into MAPITEMS values (30, 4, 8859);
 insert into MAPS values (31, 24, 'msystem-p', NULL, 1, 6434.000, 642.480);
 insert into MAPITEMS values (31, 4, 8237);
 insert into MAPITEMS values (31, 4, 34);
 insert into SURVEY values (32, 24, 'primadona', 'primadona.sistem_prima', 'Primadona');
 insert into CENTRELINE values (33, 32, NULL, NULL, NULL, 0.00, 0.00, 0.00);
 insert into MAPS values (34, 32, 'mprimadona-p', NULL, 1, 5799.390, 623.130);
 insert into MAPITEMS values (34, 4, 5160);
 insert into MAPITEMS values (34, 4, 3838);
 insert into MAPITEMS values (34, 4, 2519);
 insert into MAPITEMS values (34, 4, 35);
 insert into MAPS values (35, 32, 'm2000-p', 'Year 2000', 1, 984.760, 433.740);
 insert into MAPITEMS values (35, 4, 892);
 insert into MAPITEMS values (35, 4, 1097);
 insert into MAPITEMS values (35, 4, 647);
 insert into MAPITEMS values (35, 4, 167);
 insert into SURVEY values (36, 32, 'prima2', 'prima2.primadona.sistem_prima', 'Primadona Stara Jama branch');
 insert into CENTRELINE values (37, 36, NULL, NULL, NULL, 0.00, 0.00, 0.00);
 insert into SCRAPS values (38, 36, 'prima2p_1', 1);
 insert into SCRAPS values (69, 36, 'prima2p_2', 1);
 insert into SCRAPS values (80, 36, 'prima2p_3', 1);
 insert into SCRAPS values (97, 36, 'prima2p_4', 1);
 insert into SCRAPS values (117, 36, 'prima2p_5', 1);
 insert into SCRAPS values (126, 36, 'prima2_1e', 2);
 insert into MAPS values (167, 36, 'mprima2-p', NULL, 1, 154.380, 21.320);
 insert into MAPITEMS values (167, 4, 168);
 insert into MAPITEMS values (167, 4, 169);
 insert into MAPITEMS values (167, 4, 170);
 insert into MAPITEMS values (167, 4, 171);
 insert into MAPITEMS values (167, 4, 172);
 insert into MAPS values (168, 36, 'mprima2p_1', NULL, 1, 154.380, 21.320);
 insert into MAPITEMS values (168, 4, 38);
 insert into MAPS values (169, 36, 'mprima2p_2', NULL, 1, 154.380, 21.320);
 insert into MAPITEMS values (169, 4, 69);
 insert into MAPS values (170, 36, 'mprima2p_3', NULL, 1, 154.380, 21.320);
 insert into MAPITEMS values (170, 4, 80);
 insert into MAPS values (171, 36, 'mprima2p_4', NULL, 1, 154.380, 21.320);
 insert into MAPITEMS values (171, 4, 97);
 insert into MAPS values (172, 36, 'mprima2p_5', NULL, 1, 154.380, 21.320);
 insert into MAPITEMS values (172, 4, 117);
 insert into MAPS values (173, 36, 'mprima2e', NULL, 2, 154.380, 21.320);
 insert into MAPITEMS values (173, 4, 126);
 insert into CENTRELINE values (178, 36, NULL, '2000-07-19', NULL, 154.38, 0.00, 0.00);
 insert into PERSON values (1, 'Jan', 'Evetts');
insert into TOPO values (1, 178);
 insert into PERSON values (2, 'James', 'Hooper');
insert into TOPO values (2, 178);
 insert into SHOT values (1, 1, 2, 178, 3.46, 184.53, -43.00, 3.51, 182.90, -42.89, 0.09, 124.13, -19.71);
insert into SHOT values (2, 3, 1, 178, 6.94, 185.53, -22.00, 7.01, 183.61, -21.94, 0.23, 112.07, -5.09);
insert into SHOT values (3, 4, 3, 178, 2.39, 32.53, -44.00, 2.43, 34.32, -43.74, 0.07, 89.52, -16.81);
insert into SHOT values (4, 5, 4, 178, 3.71, 193.53, -42.00, 3.75, 191.79, -41.99, 0.09, 123.36, -17.01);
insert into SHOT values (5, 6, 5, 178, 4.15, 194.53, 0.00, 4.18, 193.00, -0.14, 0.11, 117.50, -5.00);
insert into SHOT values (6, 7, 6, 178, 8.20, 213.53, 5.00, 8.17, 211.13, 4.77, 0.34, 117.98, -5.78);
insert into SHOT values (7, 8, 7, 178, 3.29, 217.53, 20.00, 3.24, 216.04, 20.04, 0.10, 95.11, -9.23);
insert into SHOT values (8, 9, 8, 178, 4.20, 177.53, -26.00, 4.29, 176.14, -25.86, 0.13, 128.86, -12.97);
insert into SHOT values (9, 10, 9, 178, 8.19, 199.53, -22.00, 8.21, 197.29, -22.18, 0.30, 110.34, -6.13);
insert into SHOT values (10, 11, 10, 178, 3.09, 189.53, 2.00, 3.13, 187.90, 1.83, 0.10, 123.81, -4.57);
insert into SHOT values (11, 12, 11, 178, 5.91, 281.53, 51.00, 5.78, 281.28, 52.39, 0.19, 106.22, -3.86);
insert into SHOT values (12, 13, 12, 178, 4.98, 301.53, -15.00, 4.81, 301.83, -15.70, 0.19, 114.01, -3.41);
insert into SHOT values (13, 14, 13, 178, 4.60, 2.53, -90.00, 4.62, 116.57, -89.17, 0.07, 116.57, -16.60);
insert into SHOT values (14, 15, 14, 178, 2.61, 203.53, -14.00, 2.61, 201.80, -14.19, 0.08, 111.59, -6.40);
insert into SHOT values (15, 16, 15, 178, 2.55, 271.53, -24.00, 2.40, 270.79, -24.86, 0.15, 102.26, 10.13);
insert into SHOT values (16, 17, 16, 178, 6.05, 4.53, 5.00, 5.99, 6.45, 4.88, 0.21, 111.97, -4.73);
insert into SHOT values (17, 18, 17, 178, 2.74, 2.53, -90.00, 2.76, 111.80, -88.88, 0.06, 111.80, -20.37);
insert into SHOT values (18, 19, 18, 178, 2.29, 186.53, -14.00, 2.34, 184.81, -14.11, 0.08, 129.87, -11.06);
insert into SHOT values (19, 20, 19, 178, 3.03, 2.53, -90.00, 3.05, 120.96, -88.90, 0.06, 120.96, -18.93);
insert into SHOT values (20, 21, 20, 178, 2.71, 121.53, 21.00, 2.87, 121.33, 20.19, 0.16, 118.16, 6.59);
insert into SHOT values (21, 22, 21, 178, 3.95, 241.53, 11.00, 3.83, 240.16, 11.14, 0.15, 98.35, -5.21);
insert into SHOT values (22, 23, 22, 178, 3.05, 180.53, 5.00, 3.12, 179.08, 4.78, 0.11, 132.51, -3.14);
insert into SHOT values (23, 24, 23, 178, 5.65, 288.53, 0.00, 5.46, 288.47, -0.21, 0.19, 110.41, -6.05);
insert into SHOT values (24, 25, 24, 178, 6.00, 256.53, 31.00, 6.19, 257.40, 29.01, 0.29, 273.65, -17.92);
insert into SHOT values (25, 26, 25, 178, 7.95, 163.53, -5.00, 7.86, 166.76, -6.06, 0.48, 268.10, -16.76);
insert into SHOT values (26, 27, 26, 178, 4.24, 137.53, 19.00, 4.01, 139.17, 18.92, 0.26, 291.06, -18.31);
insert into SHOT values (27, 28, 27, 178, 4.04, 191.53, 19.00, 4.04, 194.04, 18.33, 0.17, 277.80, -15.10);
insert into SHOT values (28, 29, 28, 178, 3.70, 133.53, -53.00, 3.63, 135.19, -54.92, 0.15, 290.41, -5.58);
insert into SHOT values (29, 30, 29, 178, 15.90, 153.53, -12.00, 15.83, 158.64, -14.30, 1.52, 254.68, -23.48);
insert into SHOT values (30, 31, 30, 178, 2.87, 29.53, 21.00, 2.75, 27.06, 20.67, 0.17, 254.69, -20.53);
insert into SHOT values (31, 32, 31, 178, 11.94, 329.53, 65.00, 11.96, 327.66, 61.82, 0.68, 312.36, -24.25);
insert into SURVEY values (180, 32, 'prima1', 'prima1.primadona.sistem_prima', 'Primadona entrance series');
 insert into CENTRELINE values (181, 180, NULL, NULL, NULL, 0.00, 0.00, 0.00);
 insert into SCRAPS values (182, 180, 'prima1p_ent', 1);
 insert into SCRAPS values (292, 180, 'prima1p_1', 1);
 insert into SCRAPS values (336, 180, 'prima1p_2', 1);
 insert into SCRAPS values (375, 180, 'prima1p_3', 1);
 insert into SCRAPS values (419, 180, 'prima1p_4', 1);
 insert into SCRAPS values (500, 180, 'prima1p_5', 1);
 insert into SCRAPS values (524, 180, 'prima1p_6', 1);
 insert into SCRAPS values (557, 180, 'prima1p_7', 1);
 insert into SCRAPS values (592, 180, 'prima1_1e', 2);
 insert into MAPS values (647, 180, 'mprima1-p', NULL, 1, 276.880, 142.540);
 insert into MAPITEMS values (647, 4, 648);
 insert into MAPITEMS values (647, 4, 649);
 insert into MAPITEMS values (647, 4, 650);
 insert into MAPITEMS values (647, 4, 651);
 insert into MAPITEMS values (647, 4, 652);
 insert into MAPITEMS values (647, 4, 653);
 insert into MAPITEMS values (647, 4, 654);
 insert into MAPITEMS values (647, 4, 655);
 insert into MAPS values (648, 180, 'mprimap_ent', NULL, 1, 276.880, 142.540);
 insert into MAPITEMS values (648, 4, 182);
 insert into MAPS values (649, 180, 'mprimap_1', NULL, 1, 276.880, 142.540);
 insert into MAPITEMS values (649, 4, 292);
 insert into MAPS values (650, 180, 'mprimap_2', NULL, 1, 276.880, 142.540);
 insert into MAPITEMS values (650, 4, 336);
 insert into MAPS values (651, 180, 'mprimap_3', NULL, 1, 276.880, 142.540);
 insert into MAPITEMS values (651, 4, 375);
 insert into MAPS values (652, 180, 'mprimap_4', NULL, 1, 276.880, 142.540);
 insert into MAPITEMS values (652, 4, 419);
 insert into MAPS values (653, 180, 'mprimap_5', NULL, 1, 276.880, 142.540);
 insert into MAPITEMS values (653, 4, 500);
 insert into MAPS values (654, 180, 'mprimap_6', NULL, 1, 276.880, 142.540);
 insert into MAPITEMS values (654, 4, 524);
 insert into MAPS values (655, 180, 'mprimap_7', NULL, 1, 276.880, 142.540);
 insert into MAPITEMS values (655, 4, 557);
 insert into MAPS values (656, 180, 'mprima1e', NULL, 2, 276.880, 142.540);
 insert into MAPITEMS values (656, 4, 592);
 insert into CENTRELINE values (664, 180, NULL, '2000-07-20', '2000-01-01', 276.88, 0.00, 0.00);
 insert into PERSON values (3, 'Thomas', 'Ayles');
insert into TOPO values (3, 664);
 insert into TOPO values (2, 664);
 insert into SHOT values (32, 33, 34, 664, 5.79, 24.53, -12.00, 5.86, 28.44, -10.92, 0.41, 103.35, 13.22);
insert into SHOT values (33, 34, 35, 664, 11.52, 326.53, -2.00, 11.25, 331.09, -0.51, 0.99, 74.87, 17.79);
insert into SHOT values (34, 35, 36, 664, 20.32, 18.53, 82.00, 20.42, 21.80, 81.51, 0.26, 61.78, 17.22);
insert into SHOT values (35, 36, 37, 664, 4.40, 359.53, 20.00, 4.35, 2.97, 21.16, 0.27, 109.13, 14.17);
insert into SHOT values (36, 37, 38, 664, 2.77, 328.53, 18.00, 2.53, 331.39, 19.65, 0.28, 123.73, -1.21);
insert into SHOT values (37, 39, 38, 664, 3.75, 77.53, -33.00, 3.50, 75.77, -35.62, 0.31, 273.88, 0.44);
insert into SHOT values (38, 39, 40, 664, 3.00, 309.53, 12.00, 2.66, 311.08, 13.69, 0.36, 118.19, 1.01);
insert into SHOT values (39, 40, 41, 664, 4.95, 38.53, 23.00, 4.75, 40.00, 20.06, 0.34, 167.70, -64.10);
insert into SHOT values (40, 42, 41, 664, 7.48, 33.53, -36.00, 7.37, 32.02, -31.78, 0.58, 355.07, 62.70);
insert into SHOT values (41, 42, 43, 664, 4.82, 321.53, 11.00, 4.59, 321.16, 7.77, 0.35, 150.46, -57.74);
insert into SHOT values (42, 44, 43, 664, 10.45, 217.53, -11.00, 10.35, 219.88, -5.77, 1.04, 303.79, 66.14);
insert into SHOT values (43, 44, 45, 664, 11.25, 341.53, 33.00, 10.92, 341.85, 29.56, 0.74, 19.50, -83.37);
insert into SHOT values (44, 45, 46, 664, 9.30, 351.53, 58.00, 8.90, 351.99, 57.31, 0.42, 154.10, -72.21);
insert into SHOT values (45, 46, 47, 664, 19.04, 2.53, 66.00, 18.65, 3.54, 65.90, 0.42, 136.94, -63.42);
insert into SHOT values (46, 47, 48, 664, 4.18, 38.53, 50.00, 3.85, 40.09, 48.24, 0.36, 189.54, -66.59);
insert into SHOT values (47, 49, 48, 664, 1.22, 149.53, -11.00, 0.98, 149.24, -5.84, 0.26, 330.85, 31.10);
insert into SHOT values (48, 49, 50, 664, 6.93, 301.53, 25.00, 6.65, 300.47, 21.89, 0.48, 167.86, -70.57);
insert into SHOT values (49, 50, 51, 664, 2.50, 329.53, -5.00, 2.36, 329.58, -8.54, 0.21, 148.79, -39.59);
insert into SHOT values (50, 51, 52, 664, 21.83, 334.53, 78.00, 21.76, 336.44, 78.25, 0.19, 101.73, -15.94);
insert into SHOT values (51, 53, 52, 664, 4.91, 231.53, -18.00, 5.08, 232.09, -16.81, 0.21, 245.14, 13.14);
insert into SHOT values (52, 53, 54, 664, 5.35, 339.53, 30.00, 5.32, 341.49, 29.51, 0.17, 71.84, -19.20);
insert into SHOT values (53, 54, 55, 664, 2.72, 339.53, 30.00, 2.61, 338.89, 27.90, 0.15, 186.35, -67.76);
insert into SHOT values (54, 56, 55, 664, 9.24, 116.53, 19.00, 9.37, 116.06, 21.93, 0.50, 355.56, 80.42);
insert into SHOT values (55, 56, 57, 664, 17.09, 12.53, 59.00, 16.89, 11.86, 56.42, 0.80, 1.04, -46.58);
insert into SHOT values (56, 57, 58, 664, 10.48, 356.53, 76.00, 10.24, 355.84, 75.19, 0.28, 335.17, -71.99);
insert into SHOT values (57, 58, 59, 664, 1.77, 356.53, 26.00, 1.66, 355.86, 23.42, 0.14, 191.48, -59.11);
insert into SHOT values (58, 59, 60, 664, 2.24, 320.53, 37.00, 2.11, 320.15, 34.93, 0.15, 152.03, -67.28);
insert into SHOT values (59, 61, 60, 664, 3.54, 240.53, -30.00, 3.37, 240.33, -28.32, 0.20, 66.86, 60.31);
insert into SHOT values (60, 61, 62, 664, 5.57, 359.53, 58.00, 5.35, 358.83, 56.81, 0.25, 239.06, -80.24);
insert into SHOT values (61, 62, 63, 664, 4.56, 335.53, 25.00, 4.47, 335.05, 22.75, 0.20, 232.63, -79.75);
insert into SHOT values (62, 64, 63, 664, 4.47, 107.53, 6.00, 4.55, 107.31, 8.09, 0.18, 90.71, 70.55);
insert into SHOT values (63, 64, 65, 664, 5.72, 253.53, -24.00, 5.88, 253.62, -25.94, 0.25, 261.52, -76.27);
insert into SHOT values (64, 66, 65, 664, 5.60, 125.53, -18.00, 5.57, 125.14, -15.51, 0.25, 84.60, 76.86);
insert into SHOT values (65, 66, 67, 664, 34.19, 22.53, 43.00, 34.27, 21.02, 35.79, 4.36, 7.74, -48.69);
insert into SHOT values (66, 68, 67, 664, 3.93, 83.53, -1.00, 3.90, 85.42, 5.44, 0.46, 194.55, 72.66);
insert into SURVEY values (666, 32, 'ttt', 'ttt.primadona.sistem_prima', 'Primadona mandare junction and TTT branch to TTT pitch');
 insert into CENTRELINE values (667, 666, NULL, NULL, NULL, 0.00, 0.00, 0.00);
 insert into SCRAPS values (668, 666, 'tttp_1', 1);
 insert into SCRAPS values (687, 666, 'tttp_2', 1);
 insert into SCRAPS values (704, 666, 'tttp_3', 1);
 insert into SCRAPS values (732, 666, 'tttp_4', 1);
 insert into SCRAPS values (770, 666, 'tttp_5', 1);
 insert into SCRAPS values (808, 666, 'tttp_6', 1);
 insert into SCRAPS values (835, 666, 'ttt_1e', 2);
 insert into MAPS values (891, 666, 'mttte', NULL, 2, 304.000, 121.330);
 insert into MAPITEMS values (891, 4, 835);
 insert into MAPS values (892, 666, 'mttt-p', NULL, 1, 304.000, 121.330);
 insert into MAPITEMS values (892, 4, 668);
 insert into MAPITEMS values (892, 4, 687);
 insert into MAPITEMS values (892, 4, 704);
 insert into MAPITEMS values (892, 4, 732);
 insert into MAPITEMS values (892, 4, 770);
 insert into MAPITEMS values (892, 4, 808);
 insert into CENTRELINE values (898, 666, NULL, '2000-07-08', NULL, 304.00, 0.00, 0.00);
 insert into TOPO values (1, 898);
 insert into PERSON values (4, 'Tivadar', 'Tomaz');
insert into TOPO values (4, 898);
 insert into EXPLO values (1, 898);
 insert into EXPLO values (4, 898);
 insert into SHOT values (67, 69, 70, 898, 41.50, 2.53, 90.00, 41.58, 6.52, 85.63, 3.17, 6.52, -0.72);
insert into SHOT values (68, 70, 71, 898, 12.80, 54.53, 50.00, 12.93, 51.77, 46.65, 0.87, 20.61, -27.93);
insert into SHOT values (69, 71, 72, 898, 8.60, 52.53, 0.00, 8.83, 49.69, -0.45, 0.49, 348.70, -8.17);
insert into SHOT values (70, 72, 73, 898, 7.20, 53.53, 0.00, 7.43, 50.95, -0.46, 0.41, 357.14, -8.51);
insert into SHOT values (71, 73, 74, 898, 6.60, 29.53, 40.00, 6.80, 28.42, 37.72, 0.35, 11.62, -13.71);
insert into SHOT values (72, 74, 75, 898, 4.30, 25.53, 50.00, 4.46, 24.68, 47.87, 0.23, 14.58, 3.92);
insert into SHOT values (73, 75, 76, 898, 9.20, 45.53, 20.00, 9.43, 43.05, 18.36, 0.52, 353.00, -19.92);
insert into SHOT values (74, 76, 77, 898, 5.20, 52.53, 0.00, 5.42, 50.47, -0.32, 0.29, 10.46, -5.88);
insert into SHOT values (75, 77, 78, 898, 7.20, 46.53, -12.00, 7.45, 44.28, -11.85, 0.38, 356.78, -5.03);
insert into SHOT values (76, 78, 79, 898, 6.80, 2.53, 90.00, 6.76, 7.13, 88.63, 0.17, 7.13, -13.93);
insert into SHOT values (77, 79, 80, 898, 8.50, 48.53, 25.00, 8.70, 46.12, 23.29, 0.46, 358.39, -19.14);
insert into SHOT values (78, 80, 81, 898, 11.00, 48.53, 10.00, 11.25, 45.36, 8.75, 0.70, 341.97, -16.65);
insert into SHOT values (79, 81, 82, 898, 4.50, 41.53, 20.00, 4.73, 39.92, 18.89, 0.27, 14.09, -1.91);
insert into SHOT values (80, 82, 83, 898, 9.70, 312.53, 15.00, 9.88, 311.65, 14.66, 0.24, 273.99, -2.56);
insert into SHOT values (81, 83, 84, 898, 12.80, 332.53, -13.00, 12.95, 330.48, -12.08, 0.52, 264.63, 19.10);
insert into SHOT values (82, 84, 85, 898, 10.40, 2.53, 20.00, 10.48, 0.00, 19.97, 0.44, 281.37, 2.99);
insert into SHOT values (83, 85, 86, 898, 3.50, 52.53, 24.00, 3.42, 51.14, 24.56, 0.12, 272.37, -1.74);
insert into SHOT values (84, 86, 87, 898, 4.10, 5.53, 0.00, 4.16, 4.00, 0.14, 0.13, 303.31, 4.55);
insert into SHOT values (85, 87, 88, 898, 4.10, 32.53, 0.00, 4.07, 30.92, 0.14, 0.12, 286.16, 4.78);
insert into SHOT values (86, 88, 89, 898, 6.00, 8.53, 0.00, 6.05, 6.64, 0.19, 0.21, 291.90, 5.58);
insert into SHOT values (87, 89, 90, 898, 12.10, 330.53, 22.00, 12.26, 328.69, 21.39, 0.42, 267.58, -8.68);
insert into SHOT values (88, 90, 91, 898, 18.80, 332.53, -9.00, 18.97, 329.52, -7.91, 1.06, 253.54, 18.21);
insert into SHOT values (89, 91, 92, 898, 16.50, 72.53, 65.00, 16.48, 71.00, 68.11, 0.91, 263.67, 21.64);
insert into SHOT values (90, 92, 93, 898, 7.00, 327.53, 23.00, 7.16, 326.41, 22.50, 0.21, 290.17, 1.31);
insert into SHOT values (91, 93, 94, 898, 5.70, 287.53, 50.00, 5.84, 287.68, 48.73, 0.19, 290.64, 7.13);
insert into SHOT values (92, 94, 95, 898, 6.50, 30.53, 20.00, 6.48, 28.59, 20.30, 0.21, 292.23, 7.35);
insert into SHOT values (93, 95, 96, 898, 10.80, 359.53, 0.00, 10.89, 356.89, 0.32, 0.51, 277.99, 6.76);
insert into SHOT values (94, 96, 97, 898, 5.10, 4.53, 20.00, 5.16, 2.84, 19.96, 0.15, 294.30, 5.90);
insert into SHOT values (95, 97, 98, 898, 4.80, 317.53, 28.00, 4.97, 316.93, 27.45, 0.18, 302.30, 11.76);
insert into SHOT values (96, 98, 99, 898, 9.60, 317.53, 50.00, 9.73, 316.75, 48.35, 0.32, 300.99, -15.29);
insert into SHOT values (97, 99, 100, 898, 3.90, 342.53, 38.00, 4.01, 341.28, 37.52, 0.13, 308.87, 17.28);
insert into SHOT values (98, 100, 101, 898, 10.70, 25.53, 0.00, 10.70, 22.64, 0.32, 0.54, 294.57, 6.33);
insert into SHOT values (99, 101, 102, 898, 8.50, 333.53, 21.00, 8.64, 332.07, 20.59, 0.26, 280.40, -1.36);
insert into SURVEY values (900, 32, 'zima00', 'zima00.primadona.sistem_prima', NULL);
 insert into CENTRELINE values (901, 900, NULL, NULL, NULL, 0.00, 0.00, 0.00);
 insert into SCRAPS values (902, 900, 'zima00p_1', 1);
 insert into SCRAPS values (1030, 900, 'zima00p_2', 1);
 insert into SCRAPS values (1044, 900, 'zima00_1e', 2);
 insert into MAPS values (1096, 900, 'mzima00e', NULL, 2, 249.500, 162.690);
 insert into MAPITEMS values (1096, 4, 1044);
 insert into MAPS values (1097, 900, 'mzima00-p', NULL, 1, 249.500, 162.690);
 insert into MAPITEMS values (1097, 4, 1098);
 insert into MAPITEMS values (1097, 4, 1099);
 insert into MAPS values (1098, 900, 'mzima00p_1', NULL, 1, 249.500, 162.690);
 insert into MAPITEMS values (1098, 4, 902);
 insert into MAPS values (1099, 900, 'mzima00p_2', NULL, 1, 249.500, 162.690);
 insert into MAPITEMS values (1099, 4, 1030);
 insert into CENTRELINE values (1101, 900, NULL, '2000-12-28', NULL, 249.50, 0.00, 0.00);
 insert into SHOT values (100, 103, 104, 1101, 12.60, 2.57, 90.00, 12.60, 90.00, 90.00, 0.00, 2.57, -64.10);
insert into SHOT values (101, 104, 105, 1101, 13.00, 309.57, 60.00, 13.00, 309.57, 60.01, 0.00, 160.38, 61.08);
insert into SHOT values (102, 105, 106, 1101, 24.00, 2.57, 90.00, 23.91, 358.91, 86.23, 1.58, 358.91, -5.09);
insert into SHOT values (103, 106, 107, 1101, 20.20, 77.57, 50.00, 19.96, 73.11, 54.95, 1.99, 287.40, 25.79);
insert into SHOT values (104, 107, 108, 1101, 4.20, 66.57, 0.00, 3.90, 63.83, -1.32, 0.37, 278.07, -14.14);
insert into SHOT values (105, 108, 109, 1101, 19.50, 37.57, 70.00, 19.34, 32.84, 72.00, 0.87, 252.16, 4.35);
insert into SHOT values (106, 109, 110, 1101, 10.60, 102.57, 5.00, 10.66, 100.96, 4.84, 0.31, 23.92, -4.47);
insert into SHOT values (107, 110, 111, 1101, 5.30, 37.57, 35.00, 5.38, 37.51, 34.25, 0.11, 35.16, -5.22);
insert into SHOT values (108, 111, 112, 1101, 22.00, 17.57, 55.00, 22.09, 18.34, 52.21, 1.09, 28.76, -30.96);
insert into SHOT values (109, 112, 113, 1101, 18.80, 2.57, 90.00, 18.81, 3.67, 87.62, 0.78, 3.67, -0.73);
insert into SHOT values (110, 113, 114, 1101, 9.00, 302.57, 40.00, 8.99, 303.92, 40.03, 0.16, 37.93, -1.79);
insert into SHOT values (111, 114, 115, 1101, 22.00, 2.57, 90.00, 22.02, 3.21, 87.21, 1.07, 3.21, -0.53);
insert into SHOT values (112, 115, 116, 1101, 5.40, 77.57, 0.00, 5.51, 74.75, -0.42, 0.29, 9.18, -7.81);
insert into SHOT values (113, 116, 117, 1101, 6.80, 42.57, 0.00, 7.06, 40.57, -0.41, 0.36, 358.31, -8.07);
insert into SHOT values (114, 117, 118, 1101, 6.20, 324.57, 28.00, 6.39, 326.56, 26.58, 0.31, 4.30, -9.29);
insert into SHOT values (115, 118, 119, 1101, 13.00, 7.57, 5.00, 13.31, 7.44, 3.79, 0.42, 2.30, -37.25);
insert into SHOT values (116, 119, 120, 1101, 3.80, 147.57, 28.00, 3.57, 145.70, 28.84, 0.26, 351.17, -14.08);
insert into SHOT values (117, 120, 121, 1101, 7.20, 42.57, 40.00, 7.37, 40.89, 37.83, 0.36, 13.08, -17.29);
insert into SHOT values (118, 121, 122, 1101, 4.20, 109.57, 37.00, 4.13, 106.78, 37.12, 0.18, 356.56, -12.20);
insert into SHOT values (119, 122, 123, 1101, 6.70, 72.57, -10.00, 6.84, 69.49, -10.18, 0.39, 2.19, -6.91);
insert into SHOT values (120, 123, 124, 1101, 15.00, 52.57, 0.00, 15.27, 47.97, -0.79, 1.26, 332.61, -9.59);
insert into SURVEY values (1107, 32, 'risanke', 'risanke.primadona.sistem_prima', NULL);
 insert into CENTRELINE values (1108, 1107, NULL, NULL, NULL, 0.00, 0.00, 0.00);
 insert into SCRAPS values (1109, 1107, 'risankep_1', 1);
 insert into SCRAPS values (1141, 1107, 'risanke_e1', 2);
 insert into MAPS values (1168, 1107, 'mrisanke_e', NULL, 2, 27.100, 18.690);
 insert into MAPITEMS values (1168, 4, 1141);
 insert into MAPS values (1169, 1107, 'mrisanke-p', NULL, 1, 27.100, 18.690);
 insert into MAPITEMS values (1169, 4, 1109);
 insert into CENTRELINE values (1170, 1107, NULL, '2001-07-19', NULL, 27.10, 0.00, 0.00);
 insert into PERSON values (5, 'Kragelj', 'Tomaz');
insert into TOPO values (5, 1170);
 insert into TOPO values (4, 1170);
 insert into SHOT values (121, 125, 126, 1170, 6.30, 316.62, 44.00, 6.23, 316.94, 45.11, 0.14, 126.74, 13.48);
insert into SHOT values (122, 126, 127, 1170, 6.10, 13.62, 57.00, 6.10, 14.63, 57.41, 0.07, 135.79, 19.49);
insert into SHOT values (123, 127, 128, 1170, 9.50, 11.12, 47.00, 9.49, 12.47, 47.65, 0.19, 132.03, 19.53);
insert into SHOT values (124, 129, 128, 1170, 5.20, 123.62, -24.00, 5.10, 123.72, -24.71, 0.12, 299.75, -7.01);
insert into SURVEY values (1172, 32, 'risa2', 'risa2.primadona.sistem_prima', NULL);
 insert into CENTRELINE values (1173, 1172, NULL, NULL, NULL, 0.00, 0.00, 0.00);
 insert into SCRAPS values (1174, 1172, 'risa2_e1', 2);
 insert into SCRAPS values (1218, 1172, 'risa2p_1', 1);
 insert into SCRAPS values (1245, 1172, 'risa2p_2', 1);
 insert into SCRAPS values (1263, 1172, 'risa2p_3', 1);
 insert into MAPS values (1276, 1172, 'mrisa2_e', NULL, 2, 62.700, 6.380);
 insert into MAPITEMS values (1276, 4, 1174);
 insert into MAPS values (1277, 1172, 'mrisa2p_1', NULL, 1, 62.700, 6.380);
 insert into MAPITEMS values (1277, 4, 1218);
 insert into MAPS values (1278, 1172, 'mrisa2p_2', NULL, 1, 62.700, 6.380);
 insert into MAPITEMS values (1278, 4, 1245);
 insert into MAPS values (1279, 1172, 'mrisa2p_3', NULL, 1, 62.700, 6.380);
 insert into MAPITEMS values (1279, 4, 1263);
 insert into MAPS values (1280, 1172, 'mrisa2-p', NULL, 1, 62.700, 6.380);
 insert into MAPITEMS values (1280, 4, 1279);
 insert into MAPITEMS values (1280, 4, 1278);
 insert into MAPITEMS values (1280, 4, 1277);
 insert into CENTRELINE values (1283, 1172, NULL, '2001-09-21', NULL, 62.70, 0.00, 0.00);
 insert into PERSON values (6, 'Begus', 'Tadej');
insert into TOPO values (6, 1283);
 insert into TOPO values (4, 1283);
 insert into EXPLO values (4, 1283);
 insert into SHOT values (125, 130, 131, 1283, 7.40, 63.64, 27.00, 7.32, 62.49, 27.14, 0.15, 302.78, -7.32);
insert into SHOT values (126, 131, 132, 1283, 3.00, 76.64, -9.00, 2.91, 75.92, -9.28, 0.09, 279.33, -0.42);
insert into SHOT values (127, 132, 133, 1283, 5.30, 183.64, -30.00, 5.26, 184.81, -30.48, 0.11, 304.37, -10.54);
insert into SHOT values (128, 133, 134, 1283, 7.40, 166.64, -16.00, 7.32, 167.67, -16.50, 0.16, 292.91, -14.46);
insert into SHOT values (129, 134, 135, 1283, 6.65, 142.14, -3.00, 6.53, 142.73, -3.33, 0.14, 292.82, -13.17);
insert into SHOT values (130, 135, 136, 1283, 5.45, 135.64, -8.00, 5.33, 136.00, -8.42, 0.13, 301.13, -9.22);
insert into SHOT values (131, 136, 137, 1283, 6.65, 107.64, 17.50, 6.53, 107.30, 17.65, 0.13, 304.59, -8.86);
insert into SHOT values (132, 137, 138, 1283, 5.45, 177.64, -17.50, 5.39, 178.77, -17.83, 0.12, 301.30, -5.23);
insert into SHOT values (133, 138, 139, 1283, 5.50, 140.64, 1.00, 5.38, 141.11, 0.74, 0.13, 299.84, -11.83);
insert into SHOT values (134, 139, 140, 1283, 4.95, 132.64, 15.50, 4.82, 132.90, 15.65, 0.13, 303.10, -9.95);
insert into SHOT values (135, 140, 141, 1283, 4.95, 119.64, 0.00, 4.82, 119.70, -0.24, 0.13, 297.26, -8.99);
insert into SURVEY values (1285, 32, 'pov', 'pov.primadona.sistem_prima', NULL);
 insert into CENTRELINE values (1286, 1285, NULL, NULL, NULL, 0.00, 0.00, 0.00);
 insert into SCRAPS values (1287, 1285, 'povp_1', 1);
 insert into SCRAPS values (1300, 1285, 'povp_2', 1);
 insert into SCRAPS values (1317, 1285, 'povp_3', 1);
 insert into SCRAPS values (1350, 1285, 'povp_4', 1);
 insert into SCRAPS values (1385, 1285, 'povp_5', 1);
 insert into SCRAPS values (1403, 1285, 'pov_e1', 2);
 insert into MAPS values (1477, 1285, 'mpov_e1', NULL, 2, 190.350, 38.040);
 insert into MAPITEMS values (1477, 4, 1403);
 insert into MAPS values (1478, 1285, 'mpovp_1', NULL, 1, 190.350, 38.040);
 insert into MAPITEMS values (1478, 4, 1287);
 insert into MAPS values (1479, 1285, 'mpovp_2', NULL, 1, 190.350, 38.040);
 insert into MAPITEMS values (1479, 4, 1300);
 insert into MAPS values (1480, 1285, 'mpovp_3', NULL, 1, 190.350, 38.040);
 insert into MAPITEMS values (1480, 4, 1317);
 insert into MAPS values (1481, 1285, 'mpovp_4', NULL, 1, 190.350, 38.040);
 insert into MAPITEMS values (1481, 4, 1350);
 insert into MAPS values (1482, 1285, 'mpovp_5', NULL, 1, 190.350, 38.040);
 insert into MAPITEMS values (1482, 4, 1385);
 insert into MAPS values (1483, 1285, 'mpov-p', NULL, 1, 190.350, 38.040);
 insert into MAPITEMS values (1483, 4, 1478);
 insert into MAPITEMS values (1483, 4, 1479);
 insert into MAPITEMS values (1483, 4, 1480);
 insert into MAPITEMS values (1483, 4, 1481);
 insert into MAPITEMS values (1483, 4, 1482);
 insert into CENTRELINE values (1490, 1285, NULL, '2001-07-28', NULL, 190.35, 0.00, 34.40);
 insert into TOPO values (5, 1490);
 insert into TOPO values (4, 1490);
 insert into EXPLO values (5, 1490);
 insert into EXPLO values (4, 1490);
 insert into SHOT values (136, 142, 143, 1490, 12.40, 45.62, 12.00, 12.48, 47.65, 11.46, 0.45, 123.21, -12.49);
insert into SHOT values (137, 143, 144, 1490, 7.70, 67.62, 0.00, 7.82, 68.62, -0.15, 0.18, 116.93, -6.37);
insert into SHOT values (138, 144, 145, 1490, 7.30, 345.62, 2.00, 7.23, 347.04, 1.82, 0.19, 98.08, -7.31);
insert into SHOT values (139, 145, 146, 1490, 9.75, 315.62, -6.00, 9.64, 316.69, -6.37, 0.22, 79.52, -13.31);
insert into SHOT values (140, 146, 147, 1490, 15.20, 28.62, 10.00, 15.25, 31.43, 9.51, 0.75, 114.83, -9.21);
insert into SHOT values (141, 147, 148, 1490, 8.40, 24.62, -14.00, 8.43, 26.35, -14.07, 0.25, 108.72, -4.14);
insert into SHOT values (142, 148, 149, 1490, 1.20, 0.62, -7.00, 1.17, 2.96, -7.36, 0.06, 123.39, -3.82);
insert into SHOT values (143, 149, 150, 1490, 8.50, 41.62, 35.00, 8.54, 42.99, 34.34, 0.20, 103.60, -16.23);
insert into SHOT values (144, 150, 151, 1490, 9.00, 340.62, 15.00, 8.92, 342.15, 15.07, 0.24, 90.24, -2.20);
insert into SHOT values (145, 151, 152, 1490, 9.30, 324.62, 6.00, 9.20, 325.91, 5.93, 0.23, 80.27, -5.54);
insert into SHOT values (146, 152, 153, 1490, 2.60, 251.62, -1.00, 2.48, 250.69, -1.16, 0.13, 90.23, -2.08);
insert into SHOT values (147, 153, 154, 1490, 11.15, 346.62, 13.50, 11.09, 348.55, 13.50, 0.37, 86.56, -2.01);
insert into SHOT values (148, 154, 155, 1490, 12.40, 50.62, 32.00, 12.47, 52.29, 30.98, 0.39, 111.60, -22.97);
insert into SHOT values (149, 155, 156, 1490, 5.40, 15.62, 58.00, 5.38, 16.85, 57.88, 0.06, 104.94, -17.60);
insert into SHOT values (150, 156, 157, 1490, 5.70, 0.62, 11.00, 5.67, 2.06, 10.99, 0.14, 104.11, -3.04);
insert into SHOT values (151, 157, 158, 1490, 7.05, 64.62, 14.00, 7.15, 65.61, 13.51, 0.17, 112.37, -12.41);
insert into SHOT values (152, 158, 159, 1490, 9.40, 354.62, 30.00, 9.36, 356.25, 30.13, 0.23, 96.10, 0.00);
insert into SHOT values (153, 159, 160, 1490, 6.95, 9.62, 9.00, 6.93, 11.20, 8.80, 0.19, 104.70, -8.22);
insert into SHOT values (154, 160, 161, 1490, 10.00, 29.62, 14.00, 10.05, 31.56, 13.64, 0.34, 110.07, -8.39);
insert into SHOT values (155, 161, 162, 1490, 2.20, 64.12, 9.00, 2.30, 65.01, 8.75, 0.11, 83.63, 3.17);
insert into SHOT values (156, 162, 163, 1490, 5.90, 355.62, 4.00, 5.86, 357.06, 3.82, 0.15, 100.82, -8.09);
insert into SHOT values (157, 163, 164, 1490, 3.00, 89.62, 5.00, 3.13, 90.00, 4.76, 0.13, 98.46, -0.63);
insert into SHOT values (158, 164, 165, 1490, 9.50, 343.62, 0.00, 9.44, 345.33, -0.18, 0.29, 86.95, -5.93);
insert into SHOT values (159, 165, 166, 1490, 3.30, 294.12, 21.00, 3.16, 294.30, 21.36, 0.14, 110.49, -13.06);
insert into SHOT values (160, 166, 167, 1490, 4.85, 319.62, 0.00, 4.74, 320.40, -0.12, 0.13, 110.21, -4.41);
insert into SHOT values (161, 167, 168, 1490, 2.20, 357.62, 44.00, 2.16, 358.89, 44.06, 0.06, 131.24, -30.84);
insert into SHOT values (162, 168, 169, 1490, 3.25, 320.62, 0.00, 3.25, 320.62, 0.00, 0.00, 142.04, 0.00);
insert into SHOT_FLAG values(162, 'dpl');
insert into SHOT values (163, 169, 170, 1490, 4.45, 66.62, -12.00, 4.45, 66.61, -11.92, 0.01, 55.77, 43.83);
insert into SHOT_FLAG values(163, 'dpl');
insert into SHOT values (164, 170, 171, 1490, 9.25, 123.62, -14.00, 9.25, 123.64, -14.02, 0.00, 271.22, -32.41);
insert into SHOT_FLAG values(164, 'dpl');
insert into SHOT values (165, 171, 172, 1490, 4.80, 55.62, 14.00, 4.80, 55.66, 13.97, 0.01, 86.30, -11.60);
insert into SHOT_FLAG values(165, 'dpl');
insert into SHOT values (166, 172, 173, 1490, 2.90, 107.62, 14.00, 2.90, 107.60, 13.98, 0.00, 318.37, -30.54);
insert into SHOT_FLAG values(166, 'dpl');
insert into SHOT values (167, 173, 174, 1490, 9.75, 144.62, -12.00, 9.75, 144.64, -12.01, 0.00, 197.42, -35.90);
insert into SHOT_FLAG values(167, 'dpl');
insert into SURVEY values (1492, 32, 'galerija', 'galerija.primadona.sistem_prima', NULL);
 insert into CENTRELINE values (1493, 1492, NULL, NULL, NULL, 0.00, 0.00, 0.00);
 insert into SCRAPS values (1494, 1492, 'galerijap_1', 1);
 insert into SCRAPS values (1513, 1492, 'galerijap_2', 1);
 insert into SCRAPS values (1526, 1492, 'galerijap_3', 1);
 insert into SCRAPS values (1539, 1492, 'galerijap_4', 1);
 insert into SCRAPS values (1573, 1492, 'galerijap_5', 1);
 insert into SCRAPS values (1592, 1492, 'galerijap_6', 1);
 insert into SCRAPS values (1603, 1492, 'galerija_e1', 2);
 insert into MAPS values (1680, 1492, 'mgalerija_e1', NULL, 2, 212.700, 56.680);
 insert into MAPITEMS values (1680, 4, 1603);
 insert into MAPS values (1681, 1492, 'mgalerijap_3', NULL, 1, 212.700, 56.680);
 insert into MAPITEMS values (1681, 4, 1526);
 insert into MAPS values (1682, 1492, 'mgalerijap_1', NULL, 1, 212.700, 56.680);
 insert into MAPITEMS values (1682, 4, 1494);
 insert into MAPS values (1683, 1492, 'mgalerijap_2', NULL, 1, 212.700, 56.680);
 insert into MAPITEMS values (1683, 4, 1513);
 insert into MAPS values (1684, 1492, 'mgalerijap_4', NULL, 1, 212.700, 56.680);
 insert into MAPITEMS values (1684, 4, 1539);
 insert into MAPS values (1685, 1492, 'mgalerijap_5', NULL, 1, 212.700, 56.680);
 insert into MAPITEMS values (1685, 4, 1573);
 insert into MAPS values (1686, 1492, 'mgalerijap_6', NULL, 1, 212.700, 56.680);
 insert into MAPITEMS values (1686, 4, 1592);
 insert into MAPS values (1687, 1492, 'mgalerija-p', NULL, 1, 212.700, 56.680);
 insert into MAPITEMS values (1687, 4, 1682);
 insert into MAPITEMS values (1687, 4, 1683);
 insert into MAPITEMS values (1687, 4, 1681);
 insert into MAPITEMS values (1687, 4, 1684);
 insert into CENTRELINE values (1689, 1492, NULL, '2001-09-21', NULL, 212.70, 0.00, 0.00);
 insert into TOPO values (5, 1689);
 insert into TOPO values (4, 1689);
 insert into SHOT values (168, 175, 176, 1689, 27.60, 2.64, 90.00, 27.60, 90.00, 90.00, 0.00, 2.64, -43.79);
insert into SHOT values (169, 176, 177, 1689, 2.05, 15.64, 39.00, 2.05, 15.60, 38.90, 0.01, 5.29, -1.05);
insert into SHOT values (170, 177, 178, 1689, 5.15, 25.64, 36.00, 5.15, 25.64, 36.07, 0.01, 204.11, 23.10);
insert into SHOT values (171, 178, 179, 1689, 3.90, 46.64, 9.00, 3.90, 46.58, 8.99, 0.01, 354.19, -1.03);
insert into SHOT values (172, 179, 180, 1689, 5.05, 340.64, 30.00, 5.05, 340.65, 29.93, 0.01, 358.68, -51.98);
insert into SHOT values (173, 180, 181, 1689, 8.10, 35.64, 2.00, 8.09, 35.69, 2.05, 0.01, 159.99, 37.56);
insert into SHOT values (174, 181, 182, 1689, 6.05, 14.64, 32.00, 6.05, 14.55, 31.93, 0.01, 311.46, -34.21);
insert into SHOT values (175, 182, 183, 1689, 8.70, 75.64, -13.00, 8.70, 75.65, -12.96, 0.01, 218.78, 64.50);
insert into SHOT values (176, 183, 184, 1689, 7.95, 48.64, 24.50, 7.95, 48.64, 24.46, 0.01, 140.40, -85.54);
insert into SHOT values (177, 184, 185, 1689, 14.05, 16.64, -1.50, 14.06, 16.67, -1.51, 0.01, 71.09, -13.99);
insert into SHOT values (178, 185, 186, 1689, 16.70, 65.64, 2.00, 16.54, 65.67, 1.77, 0.18, 242.63, -24.22);
insert into SHOT values (179, 186, 187, 1689, 11.20, 88.64, 6.00, 11.05, 89.69, 5.97, 0.25, 215.41, -4.72);
insert into SHOT values (180, 187, 188, 1689, 12.65, 80.64, -3.50, 12.50, 81.42, -3.95, 0.25, 213.49, -20.68);
insert into SHOT values (181, 188, 189, 1689, 12.30, 26.64, 0.00, 12.18, 24.90, -0.28, 0.39, 278.22, -8.77);
insert into SHOT values (182, 189, 190, 1689, 4.85, 53.64, 35.00, 4.71, 53.40, 35.72, 0.15, 239.75, -12.01);
insert into SHOT values (183, 190, 191, 1689, 4.50, 102.64, 0.00, 4.54, 102.84, 0.00, 0.05, 123.06, 0.00);
insert into SHOT values (184, 191, 192, 1689, 21.30, 2.64, 90.00, 21.29, 181.47, 88.95, 0.39, 181.47, -1.47);
insert into SHOT values (185, 192, 193, 1689, 4.30, 2.64, 68.00, 4.28, 3.26, 68.32, 0.03, 151.43, -11.75);
insert into SHOT values (186, 193, 194, 1689, 10.55, 19.64, 3.00, 10.53, 20.36, 2.94, 0.14, 117.75, -5.15);
insert into SHOT values (187, 194, 195, 1689, 5.50, 2.64, 90.00, 5.50, 180.00, 89.58, 0.04, 180.00, 0.00);
insert into SHOT values (188, 195, 196, 1689, 5.75, 255.64, 44.00, 5.73, 255.19, 44.18, 0.04, 123.07, -5.55);
insert into SHOT values (189, 196, 197, 1689, 6.45, 319.64, 3.00, 6.39, 319.70, 2.96, 0.06, 132.58, -7.67);
insert into SHOT values (190, 197, 198, 1689, 7.50, 333.64, 17.00, 7.45, 333.83, 17.17, 0.06, 129.17, 7.13);
insert into SHOT values (191, 198, 199, 1689, 5.80, 284.64, -4.00, 5.76, 284.42, -4.08, 0.05, 130.24, -6.20);
insert into SHOT values (192, 200, 199, 1689, 5.00, 54.64, 3.00, 4.99, 54.14, 3.10, 0.04, 313.44, 10.69);
insert into SHOT values (193, 200, 201, 1689, 10.00, 304.64, 24.00, 9.95, 304.50, 24.26, 0.07, 145.42, 19.52);
insert into SHOT values (194, 201, 202, 1689, 3.65, 220.64, 0.00, 3.69, 220.60, 0.31, 0.04, 217.01, 27.83);
insert into SHOT values (195, 202, 203, 1689, 3.70, 128.64, 0.00, 3.70, 129.07, 0.31, 0.03, 225.53, 35.41);
insert into SURVEY values (1691, 32, 'drugi', 'drugi.primadona.sistem_prima', NULL);
 insert into CENTRELINE values (1692, 1691, NULL, NULL, NULL, 0.00, 0.00, 0.00);
 insert into SCRAPS values (1693, 1691, 'drugip_1', 1);
 insert into SCRAPS values (1736, 1691, 'drugip_2', 1);
 insert into SCRAPS values (1752, 1691, 'drugip_3', 1);
 insert into MAPS values (1765, 1691, 'mdrugip_1', NULL, 1, 155.300, 67.050);
 insert into MAPITEMS values (1765, 4, 1693);
 insert into MAPS values (1766, 1691, 'mdrugip_2', NULL, 1, 155.300, 67.050);
 insert into MAPITEMS values (1766, 4, 1736);
 insert into MAPS values (1767, 1691, 'mdrugip_3', NULL, 1, 155.300, 67.050);
 insert into MAPITEMS values (1767, 4, 1752);
 insert into MAPS values (1768, 1691, 'mdrugi-p', NULL, 1, 155.300, 67.050);
 insert into MAPITEMS values (1768, 4, 1766);
 insert into MAPITEMS values (1768, 4, 1765);
 insert into MAPITEMS values (1768, 4, 1767);
 insert into CENTRELINE values (1770, 1691, NULL, '2001-07-18', NULL, 155.30, 0.00, 0.00);
 insert into TOPO values (6, 1770);
 insert into TOPO values (4, 1770);
 insert into EXPLO values (6, 1770);
 insert into EXPLO values (4, 1770);
 insert into SHOT values (196, 204, 205, 1770, 8.00, 147.62, -73.00, 8.15, 150.16, -74.41, 0.27, 294.88, -48.09);
insert into SHOT values (197, 206, 204, 1770, 5.40, 247.62, -68.00, 5.68, 247.92, -66.25, 0.33, 250.19, -36.08);
insert into SHOT values (198, 207, 206, 1770, 8.80, 254.62, -50.00, 9.11, 254.53, -48.84, 0.36, 252.94, -19.21);
insert into SHOT values (199, 208, 207, 1770, 3.00, 183.62, -3.00, 3.10, 185.75, -4.43, 0.17, 233.26, -28.85);
insert into SHOT values (200, 209, 208, 1770, 4.50, 247.62, -42.00, 4.82, 247.84, -41.58, 0.32, 250.68, -35.74);
insert into SHOT values (201, 210, 209, 1770, 12.50, 217.62, -29.00, 12.80, 220.03, -29.85, 0.58, 288.87, -32.18);
insert into SHOT values (202, 211, 210, 1770, 20.00, 2.62, -90.00, 20.20, 187.29, -87.54, 0.89, 187.29, -11.73);
insert into SHOT values (203, 212, 211, 1770, 8.50, 2.62, -90.00, 8.68, 202.38, -88.79, 0.26, 202.38, -44.39);
insert into SHOT values (204, 213, 212, 1770, 9.80, 179.62, -69.00, 9.48, 180.13, -63.30, 1.01, 182.54, 42.20);
insert into SHOT values (205, 214, 213, 1770, 5.40, 152.62, 5.00, 5.62, 154.13, 9.32, 0.49, 194.16, 63.43);
insert into SHOT values (206, 215, 214, 1770, 6.40, 151.62, 5.00, 6.64, 153.47, 9.81, 0.63, 204.62, 65.19);
insert into SHOT values (207, 216, 215, 1770, 1.70, 215.62, 0.00, 1.92, 215.02, 4.47, 0.26, 210.28, 34.55);
insert into SHOT values (208, 217, 216, 1770, 3.00, 139.62, 0.00, 3.14, 141.23, 4.02, 0.27, 173.90, 54.75);
insert into SHOT values (209, 218, 217, 1770, 18.00, 142.62, 2.00, 18.57, 147.31, 13.29, 3.93, 231.75, 67.91);
insert into SHOT values (210, 218, 219, 1770, 17.00, 285.62, -28.00, 17.52, 290.89, -37.57, 3.21, 58.57, -57.18);
insert into SHOT values (211, 214, 220, 1770, 11.00, 2.62, -90.00, 11.00, 90.00, -90.00, 0.00, 2.62, 0.00);
insert into SHOT values (212, 220, 221, 1770, 12.30, 163.62, -45.00, 12.30, 163.57, -45.02, 0.01, 59.41, -16.26);
insert into SURVEY values (1782, 32, 'smer0', 'smer0.primadona.sistem_prima', NULL);
 insert into CENTRELINE values (1783, 1782, NULL, NULL, NULL, 0.00, 0.00, 0.00);
 insert into SCRAPS values (1784, 1782, 'smer0p_1', 1);
 insert into SCRAPS values (1805, 1782, 'smer0p_2', 1);
 insert into SCRAPS values (1821, 1782, 'smer0p_3', 1);
 insert into SCRAPS values (1849, 1782, 'smer0p_4', 1);
 insert into SCRAPS values (1881, 1782, 'smer0p_6', 1);
 insert into SCRAPS values (1893, 1782, 'smer0p_5', 1);
 insert into SCRAPS values (1960, 1782, 'smer0_e1', 2);
 insert into MAPS values (2060, 1782, 'msmer0p_1', NULL, 1, 472.750, 123.860);
 insert into MAPITEMS values (2060, 4, 1784);
 insert into MAPS values (2061, 1782, 'msmer0p_2', NULL, 1, 472.750, 123.860);
 insert into MAPITEMS values (2061, 4, 1805);
 insert into MAPS values (2062, 1782, 'msmer0p_3', NULL, 1, 472.750, 123.860);
 insert into MAPITEMS values (2062, 4, 1821);
 insert into MAPS values (2063, 1782, 'msmer0p_4', NULL, 1, 472.750, 123.860);
 insert into MAPITEMS values (2063, 4, 1849);
 insert into MAPS values (2064, 1782, 'msmer0p_5', NULL, 1, 472.750, 123.860);
 insert into MAPITEMS values (2064, 4, 1893);
 insert into MAPS values (2065, 1782, 'msmer0p_6', NULL, 1, 472.750, 123.860);
 insert into MAPITEMS values (2065, 4, 1881);
 insert into MAPS values (2066, 1782, 'msmer0_e', NULL, 2, 472.750, 123.860);
 insert into MAPITEMS values (2066, 4, 1960);
 insert into MAPS values (2072, 1782, 'msmer0-p', NULL, 1, 472.750, 123.860);
 insert into MAPITEMS values (2072, 4, 2060);
 insert into MAPITEMS values (2072, 4, 2061);
 insert into MAPITEMS values (2072, 4, 2062);
 insert into MAPITEMS values (2072, 4, 2063);
 insert into MAPITEMS values (2072, 4, 2064);
 insert into MAPITEMS values (2072, 4, 2065);
 insert into CENTRELINE values (2073, 1782, NULL, '2002-12-08', NULL, 472.75, 0.00, 0.00);
 insert into PERSON values (7, 'Dejan', 'Ristic');
insert into TOPO values (7, 2073);
 insert into PERSON values (8, 'Matteo', 'Rivadossi');
insert into TOPO values (8, 2073);
 insert into PERSON values (9, 'Rok', 'Stopar');
insert into TOPO values (9, 2073);
 insert into EXPLO values (7, 2073);
 insert into EXPLO values (8, 2073);
 insert into EXPLO values (9, 2073);
 insert into SHOT values (213, 222, 223, 2073, 29.90, 298.75, 42.00, 29.90, 298.76, 41.99, 0.01, 22.55, -63.52);
insert into SHOT values (214, 224, 222, 2073, 17.00, 35.75, 14.00, 16.99, 35.74, 14.03, 0.01, 222.24, 36.49);
insert into SHOT values (215, 225, 224, 2073, 19.40, 61.75, 38.00, 19.40, 61.74, 37.98, 0.01, 46.18, -36.31);
insert into SHOT values (216, 226, 225, 2073, 19.80, 334.75, 20.00, 19.80, 334.74, 19.99, 0.00, 309.10, -30.81);
insert into SHOT values (217, 227, 226, 2073, 6.60, 2.75, 70.00, 6.60, 2.80, 70.03, 0.01, 159.29, -21.27);
insert into SHOT values (218, 228, 227, 2073, 6.20, 2.75, 90.00, 6.20, 90.00, 90.00, 0.00, 2.75, 64.46);
insert into SHOT values (219, 229, 228, 2073, 4.40, 327.75, 6.00, 4.40, 327.80, 6.01, 0.01, 97.90, 0.82);
insert into SHOT values (220, 230, 229, 2073, 6.10, 352.75, 58.00, 6.11, 352.72, 58.01, 0.01, 330.10, 60.75);
insert into SHOT values (221, 231, 230, 2073, 10.30, 29.75, 18.00, 10.30, 29.73, 17.98, 0.01, 354.03, -29.64);
insert into SHOT values (222, 232, 231, 2073, 6.30, 358.75, 16.00, 6.30, 358.77, 16.04, 0.01, 152.33, 34.43);
insert into SHOT values (223, 233, 232, 2073, 13.30, 21.75, 19.00, 13.30, 21.71, 19.01, 0.01, 267.92, -0.34);
insert into SHOT values (224, 234, 233, 2073, 4.90, 48.75, 29.00, 4.90, 48.78, 28.89, 0.01, 62.60, -31.69);
insert into SHOT values (225, 235, 234, 2073, 5.90, 353.75, 6.00, 5.90, 353.74, 6.03, 0.00, 199.11, 48.15);
insert into SHOT values (226, 236, 235, 2073, 3.20, 273.75, 15.00, 3.21, 273.70, 15.01, 0.01, 250.22, 16.51);
insert into SHOT values (227, 237, 236, 2073, 4.00, 357.75, -19.00, 4.00, 357.73, -19.10, 0.01, 301.94, -78.28);
insert into SHOT values (228, 238, 237, 2073, 2.40, 264.75, 8.00, 2.39, 264.67, 8.16, 0.01, 110.07, 40.15);
insert into SHOT values (229, 239, 238, 2073, 5.00, 13.75, 19.00, 5.00, 13.71, 19.03, 0.00, 238.30, 27.75);
insert into SHOT values (230, 240, 239, 2073, 3.80, 342.75, 25.00, 3.80, 342.77, 24.92, 0.01, 55.25, -73.84);
insert into SHOT values (231, 241, 240, 2073, 3.80, 24.75, 10.00, 3.80, 24.79, 9.99, 0.00, 67.37, 2.13);
insert into SHOT values (232, 242, 241, 2073, 9.30, 336.75, 8.00, 9.30, 336.72, 8.03, 0.01, 251.19, 51.67);
insert into SHOT values (233, 243, 242, 2073, 4.90, 359.75, -65.00, 4.90, 359.72, -65.00, 0.00, 227.35, 37.24);
insert into SHOT values (234, 244, 243, 2073, 4.00, 339.75, 27.00, 4.00, 339.84, 26.89, 0.01, 30.43, -39.16);
insert into SHOT values (235, 245, 244, 2073, 7.10, 290.75, 20.00, 7.10, 290.72, 20.01, 0.00, 193.63, 24.67);
insert into SHOT values (236, 246, 245, 2073, 10.70, 308.75, 23.00, 10.70, 308.78, 22.99, 0.01, 17.16, -8.37);
insert into SHOT values (237, 247, 246, 2073, 3.90, 37.75, 15.00, 3.89, 37.75, 15.05, 0.01, 215.30, 3.25);
insert into SHOT values (238, 248, 247, 2073, 5.10, 48.75, 41.00, 5.11, 48.79, 40.99, 0.01, 71.90, 31.90);
insert into SHOT values (239, 249, 248, 2073, 4.40, 282.75, 47.00, 4.40, 282.88, 46.88, 0.01, 338.01, -43.21);
insert into SHOT values (240, 250, 249, 2073, 2.90, 263.75, -10.00, 2.90, 263.57, -9.92, 0.01, 186.65, 21.63);
insert into SHOT values (241, 251, 250, 2073, 2.80, 317.75, 23.00, 2.80, 317.83, 22.93, 0.01, 53.87, -47.02);
insert into SHOT values (242, 252, 251, 2073, 3.50, 335.75, 8.00, 3.50, 335.65, 8.04, 0.01, 269.53, 24.53);
insert into SHOT values (243, 253, 252, 2073, 5.60, 14.75, 62.00, 5.56, 14.86, 62.88, 0.09, 191.77, 3.33);
insert into SHOT values (244, 254, 253, 2073, 9.20, 321.75, 15.00, 9.15, 320.61, 15.34, 0.19, 211.76, 11.78);
insert into SHOT values (245, 255, 254, 2073, 7.50, 289.75, -13.00, 7.50, 288.51, -12.87, 0.16, 199.22, 6.19);
insert into SHOT values (246, 256, 255, 2073, 10.40, 315.75, 38.00, 10.38, 314.65, 38.58, 0.19, 196.74, 20.70);
insert into SHOT values (247, 257, 256, 2073, 9.50, 322.75, 15.00, 9.44, 321.56, 15.36, 0.21, 211.17, 11.45);
insert into SHOT values (248, 258, 257, 2073, 3.80, 290.75, -25.00, 3.80, 289.86, -24.91, 0.05, 201.17, 6.33);
insert into SHOT values (249, 259, 258, 2073, 5.30, 327.75, 4.00, 5.23, 327.04, 4.16, 0.09, 191.48, 6.30);
insert into SHOT values (250, 260, 259, 2073, 4.80, 2.75, 90.00, 4.81, 187.13, 89.04, 0.08, 187.13, 7.07);
insert into SHOT values (251, 261, 260, 2073, 11.60, 310.75, -10.00, 11.57, 309.19, -9.96, 0.31, 214.36, 2.64);
insert into SHOT values (252, 262, 261, 2073, 14.10, 306.75, -28.00, 14.07, 305.06, -28.11, 0.37, 210.08, -1.63);
insert into SHOT values (253, 263, 262, 2073, 10.70, 338.75, -6.00, 10.62, 337.73, -6.00, 0.21, 224.02, 2.36);
insert into SHOT values (254, 264, 263, 2073, 8.75, 1.75, 12.00, 8.65, 1.42, 12.41, 0.12, 205.96, 19.28);
insert into SHOT values (255, 265, 264, 2073, 9.80, 279.75, -7.00, 9.82, 278.31, -6.78, 0.25, 195.00, 7.97);
insert into SHOT values (256, 266, 265, 2073, 11.50, 0.75, 29.00, 11.50, 0.74, 28.97, 0.01, 335.57, -60.55);
insert into SHOT values (257, 267, 266, 2073, 10.40, 37.75, 19.00, 10.40, 37.77, 19.03, 0.01, 178.42, 37.08);
insert into SHOT values (258, 268, 267, 2073, 22.20, 15.75, 23.00, 22.20, 15.76, 22.99, 0.01, 65.10, -44.74);
insert into SHOT values (259, 269, 268, 2073, 7.90, 337.75, -15.00, 7.90, 337.74, -14.97, 0.01, 187.05, 61.59);
insert into SHOT values (260, 270, 269, 2073, 13.70, 289.75, 9.00, 13.71, 289.77, 8.98, 0.01, 331.13, -18.89);
insert into SHOT values (261, 271, 270, 2073, 8.40, 316.75, 34.00, 8.40, 316.75, 34.03, 0.00, 140.14, 45.24);
insert into SHOT values (262, 272, 271, 2073, 12.30, 298.75, -10.00, 12.30, 298.72, -10.02, 0.01, 178.52, -35.23);
insert into SHOT values (263, 273, 272, 2073, 10.40, 7.75, 20.00, 10.41, 7.76, 20.00, 0.01, 21.54, 23.47);
insert into SHOT values (264, 274, 273, 2073, 4.60, 350.75, -48.00, 4.60, 350.84, -48.00, 0.01, 67.31, -16.13);
insert into SHOT values (265, 275, 274, 2073, 3.30, 72.75, -32.00, 3.30, 72.73, -32.04, 0.00, 270.01, -25.59);
insert into SHOT values (266, 276, 275, 2073, 6.40, 52.75, 12.00, 6.40, 52.73, 12.00, 0.00, 280.92, -12.01);
insert into SHOT values (267, 277, 276, 2073, 6.80, 325.75, -9.00, 6.80, 325.74, -8.97, 0.00, 172.70, 68.70);
insert into SHOT values (268, 278, 277, 2073, 7.60, 67.75, 2.00, 7.60, 67.79, 1.96, 0.01, 177.29, -39.84);
insert into SHOT values (269, 279, 278, 2073, 5.30, 34.75, 47.00, 5.30, 34.75, 47.03, 0.00, 268.98, 87.27);
insert into SURVEY values (2075, 32, 'ajdovscina', 'ajdovscina.primadona.sistem_prima', NULL);
 insert into CENTRELINE values (2076, 2075, NULL, NULL, NULL, 0.00, 0.00, 0.00);
 insert into SCRAPS values (2077, 2075, 'ajdovp_1', 1);
 insert into SCRAPS values (2087, 2075, 'ajdovp_2', 1);
 insert into SCRAPS values (2102, 2075, 'ajdov_e1', 2);
 insert into MAPS values (2112, 2075, 'majdov_e', NULL, 2, 29.000, 12.500);
 insert into MAPITEMS values (2112, 4, 2102);
 insert into CENTRELINE values (2113, 2075, NULL, '2002-07-27', NULL, 29.00, 0.00, 0.00);
 insert into PERSON values (10, NULL, 'Ista');
insert into TOPO values (10, 2113);
 insert into TOPO values (4, 2113);
 insert into SHOT values (270, 280, 281, 2113, 12.50, 2.71, 90.00, 12.50, 90.00, 90.00, 0.00, 2.71, 0.00);
insert into SHOT values (271, 281, 282, 2113, 4.00, 19.71, 0.00, 4.19, 18.78, -0.27, 0.21, 0.18, -5.59);
insert into SHOT values (272, 282, 283, 2113, 12.50, 52.71, 0.00, 12.63, 49.21, -0.54, 0.79, 330.38, -8.75);
insert into SURVEY values (2115, 32, 'spodnji', 'spodnji.primadona.sistem_prima', NULL);
 insert into CENTRELINE values (2116, 2115, NULL, NULL, NULL, 0.00, 0.00, 0.00);
 insert into SCRAPS values (2117, 2115, 'spodnjip_2', 1);
 insert into SCRAPS values (2133, 2115, 'spodnjip_3', 1);
 insert into SCRAPS values (2148, 2115, 'spodnjip_4', 1);
 insert into SCRAPS values (2157, 2115, 'spodnji_e1', 2);
 insert into MAPS values (2198, 2115, 'mspodnji_e', NULL, 2, 147.600, 98.380);
 insert into MAPITEMS values (2198, 4, 2157);
 insert into MAPS values (2199, 2115, 'mspodnjip_2', NULL, 1, 147.600, 98.380);
 insert into MAPITEMS values (2199, 4, 2117);
 insert into MAPS values (2200, 2115, 'mspodnjip_3', NULL, 1, 147.600, 98.380);
 insert into MAPITEMS values (2200, 4, 2133);
 insert into MAPS values (2201, 2115, 'mspodnjip_4', NULL, 1, 147.600, 98.380);
 insert into MAPITEMS values (2201, 4, 2148);
 insert into MAPS values (2202, 2115, 'mspodnji-p', NULL, 1, 147.600, 98.380);
 insert into MAPITEMS values (2202, 4, 2201);
 insert into MAPITEMS values (2202, 4, 2200);
 insert into MAPITEMS values (2202, 4, 2199);
 insert into CENTRELINE values (2204, 2115, NULL, '2002-07-27', NULL, 147.60, 0.00, 0.00);
 insert into PERSON values (11, 'Stopar', 'Rok');
insert into TOPO values (11, 2204);
 insert into TOPO values (4, 2204);
 insert into PERSON values (12, 'Milan', 'Popdecan');
insert into EXPLO values (12, 2204);
 insert into SHOT values (273, 284, 285, 2204, 7.20, 182.71, -24.00, 7.20, 182.70, -24.01, 0.00, 84.51, -44.39);
insert into SHOT values (274, 285, 286, 2204, 5.50, 164.71, -15.00, 5.49, 164.71, -14.98, 0.01, 353.37, 36.77);
insert into SHOT values (275, 286, 287, 2204, 11.30, 184.71, -47.00, 11.30, 184.69, -47.02, 0.01, 81.60, -58.73);
insert into SHOT values (276, 287, 288, 2204, 6.00, 186.71, -22.00, 6.01, 186.70, -22.00, 0.01, 174.78, -24.94);
insert into SHOT values (277, 288, 289, 2204, 10.90, 198.71, -45.00, 10.90, 198.76, -44.96, 0.01, 269.66, 46.74);
insert into SHOT values (278, 289, 290, 2204, 20.70, 2.71, -90.00, 20.70, 90.00, -90.00, 0.00, 2.71, -32.58);
insert into SHOT values (279, 290, 291, 2204, 5.70, 240.71, -25.00, 5.69, 240.75, -25.05, 0.01, 39.32, -6.80);
insert into SHOT values (280, 291, 292, 2204, 6.00, 290.71, -5.00, 6.00, 290.68, -4.97, 0.01, 169.67, 34.46);
insert into SHOT values (281, 292, 293, 2204, 3.30, 260.71, -7.00, 3.31, 260.71, -7.12, 0.01, 258.66, -45.61);
insert into SHOT values (282, 293, 294, 2204, 7.50, 323.71, 0.00, 7.50, 323.73, 0.00, 0.00, 341.84, 0.00);
insert into SHOT values (283, 294, 295, 2204, 11.60, 304.71, -50.00, 11.59, 304.71, -50.02, 0.01, 124.72, 28.92);
insert into SHOT values (284, 295, 296, 2204, 14.00, 2.71, -90.00, 14.00, 90.00, -90.00, 0.00, 2.71, 0.00);
insert into SHOT values (285, 296, 297, 2204, 6.00, 356.71, 0.00, 6.00, 356.66, 0.00, 0.01, 268.71, 0.00);
insert into SHOT values (286, 297, 298, 2204, 3.80, 303.71, -12.00, 3.80, 303.82, -11.99, 0.01, 14.78, 0.52);
insert into SHOT values (287, 298, 299, 2204, 28.10, 2.71, -90.00, 28.10, 90.00, -90.00, 0.00, 2.71, 43.27);
insert into SURVEY values (2206, 32, 'milanova', 'milanova.primadona.sistem_prima', NULL);
 insert into CENTRELINE values (2207, 2206, NULL, NULL, NULL, 0.00, 0.00, 0.00);
 insert into SCRAPS values (2208, 2206, 'milanovap_1', 1);
 insert into SCRAPS values (2222, 2206, 'milanovap_2', 1);
 insert into SCRAPS values (2233, 2206, 'milanova_e1', 2);
 insert into MAPS values (2254, 2206, 'mmilanova_e', NULL, 2, 88.400, 72.280);
 insert into MAPITEMS values (2254, 4, 2233);
 insert into MAPS values (2255, 2206, 'mmilanova-p', NULL, 1, 88.400, 72.280);
 insert into MAPITEMS values (2255, 4, 2256);
 insert into MAPITEMS values (2255, 4, 2257);
 insert into MAPS values (2256, 2206, 'mmilanovap_1', NULL, 1, 88.400, 72.280);
 insert into MAPITEMS values (2256, 4, 2208);
 insert into MAPS values (2257, 2206, 'mmilanovap_2', NULL, 1, 88.400, 72.280);
 insert into MAPITEMS values (2257, 4, 2222);
 insert into CENTRELINE values (2259, 2206, NULL, '2002-12-21', NULL, 88.40, 0.00, 0.00);
 insert into PERSON values (13, NULL, 'Bozo');
insert into TOPO values (13, 2259);
 insert into TOPO values (4, 2259);
 insert into EXPLO values (13, 2259);
 insert into SHOT values (288, 300, 301, 2259, 44.00, 70.75, 76.00, 44.01, 70.75, 76.00, 0.01, 36.11, 82.61);
insert into SHOT values (289, 302, 300, 2259, 14.00, 190.75, 40.00, 13.99, 190.75, 39.99, 0.01, 4.94, -54.64);
insert into SHOT values (290, 303, 302, 2259, 2.60, 200.75, 27.00, 2.61, 200.70, 27.16, 0.01, 167.86, 68.74);
insert into SHOT values (291, 304, 303, 2259, 3.20, 269.75, 53.00, 3.20, 269.70, 52.88, 0.01, 248.90, -51.30);
insert into SHOT values (292, 305, 304, 2259, 4.00, 251.75, 35.00, 4.00, 251.84, 35.10, 0.01, 16.58, 41.96);
insert into SHOT values (293, 306, 305, 2259, 5.00, 204.75, 7.00, 5.00, 204.76, 6.89, 0.01, 215.33, -67.49);
insert into SHOT values (294, 307, 306, 2259, 5.20, 213.75, 43.00, 5.20, 213.73, 43.05, 0.01, 54.35, 45.31);
insert into SHOT values (295, 308, 307, 2259, 10.40, 2.75, 90.00, 10.40, 90.00, 90.00, 0.00, 2.75, 68.16);
insert into SURVEY values (2264, 32, 'popotresni', 'popotresni.primadona.sistem_prima', NULL);
 insert into CENTRELINE values (2265, 2264, NULL, NULL, NULL, 0.00, 0.00, 0.00);
 insert into SCRAPS values (2266, 2264, 'popotresnip_1', 1);
 insert into SCRAPS values (2307, 2264, 'popotresnip_2', 1);
 insert into SCRAPS values (2319, 2264, 'popotresnip_3', 1);
 insert into SCRAPS values (2331, 2264, 'popotresnip_4', 1);
 insert into SCRAPS values (2360, 2264, 'popotresnip_5', 1);
 insert into MAPS values (2377, 2264, 'mpopotresnip_1', NULL, 1, 223.500, 51.950);
 insert into MAPITEMS values (2377, 4, 2266);
 insert into MAPS values (2378, 2264, 'mpopotresnip_2', NULL, 1, 223.500, 51.950);
 insert into MAPITEMS values (2378, 4, 2307);
 insert into MAPS values (2379, 2264, 'mpopotresnip_3', NULL, 1, 223.500, 51.950);
 insert into MAPITEMS values (2379, 4, 2319);
 insert into MAPS values (2380, 2264, 'mpopotresnip_4', NULL, 1, 223.500, 51.950);
 insert into MAPITEMS values (2380, 4, 2331);
 insert into MAPS values (2381, 2264, 'mpopotresnip_5', NULL, 1, 223.500, 51.950);
 insert into MAPITEMS values (2381, 4, 2360);
 insert into MAPS values (2382, 2264, 'mpopotresni-p', NULL, 1, 223.500, 51.950);
 insert into MAPITEMS values (2382, 4, 2378);
 insert into MAPITEMS values (2382, 4, 2377);
 insert into MAPITEMS values (2382, 4, 2381);
 insert into MAPITEMS values (2382, 4, 2379);
 insert into MAPITEMS values (2382, 4, 2380);
 insert into CENTRELINE values (2385, 2264, NULL, '2004-07-17', NULL, 223.50, 0.00, 0.00);
 insert into TOPO values (10, 2385);
 insert into PERSON values (14, 'Bogomir', 'Remskar');
insert into TOPO values (14, 2385);
 insert into SHOT values (296, 309, 310, 2385, 6.00, 2.89, -90.00, 6.00, 90.00, -90.00, 0.00, 2.89, 0.00);
insert into SHOT values (297, 310, 311, 2385, 4.60, 195.89, -47.00, 4.61, 195.90, -47.02, 0.01, 199.52, -63.51);
insert into SHOT values (298, 311, 312, 2385, 10.50, 233.89, -71.00, 10.50, 233.94, -71.02, 0.01, 21.67, -22.83);
insert into SHOT values (299, 312, 313, 2385, 13.80, 185.89, -33.00, 13.79, 185.90, -32.98, 0.01, 322.43, 62.22);
insert into SHOT values (300, 313, 314, 2385, 4.40, 211.89, -65.00, 4.40, 211.81, -65.02, 0.00, 116.03, -39.82);
insert into SHOT values (301, 314, 315, 2385, 4.80, 245.89, -27.00, 4.80, 245.83, -27.02, 0.00, 129.18, -9.81);
insert into SHOT values (302, 315, 316, 2385, 8.60, 257.89, 34.00, 8.60, 257.93, 34.01, 0.01, 11.44, 9.52);
insert into SHOT values (303, 316, 317, 2385, 7.30, 226.89, -7.00, 7.31, 226.84, -7.00, 0.01, 181.62, -2.37);
insert into SHOT values (304, 317, 318, 2385, 3.80, 180.89, -17.00, 3.80, 180.95, -17.00, 0.01, 315.71, 11.64);
insert into SHOT values (305, 318, 319, 2385, 4.30, 280.89, -23.00, 4.30, 280.91, -22.98, 0.00, 303.50, 2.19);
insert into SHOT values (306, 319, 320, 2385, 2.80, 312.89, 14.00, 2.80, 312.91, 14.05, 0.00, 27.29, 69.33);
insert into SHOT values (307, 320, 321, 2385, 2.20, 7.89, 3.00, 2.19, 7.87, 2.87, 0.01, 195.02, -38.78);
insert into SHOT values (308, 321, 322, 2385, 2.40, 305.89, 4.00, 2.40, 306.01, 4.05, 0.01, 356.09, 21.92);
insert into SHOT values (309, 318, 323, 2385, 3.60, 273.89, 52.00, 3.60, 273.88, 52.05, 0.00, 108.99, 66.98);
insert into SHOT values (310, 323, 324, 2385, 3.00, 267.89, -10.00, 3.00, 267.86, -10.18, 0.01, 118.64, -73.04);
insert into SHOT values (311, 324, 325, 2385, 4.80, 227.89, -35.00, 4.80, 227.99, -34.98, 0.01, 335.35, 23.95);
insert into SHOT values (312, 325, 326, 2385, 3.90, 263.89, -28.00, 3.91, 263.84, -27.94, 0.01, 239.27, 7.60);
insert into SHOT values (313, 326, 327, 2385, 2.40, 144.89, 0.00, 2.36, 145.17, 0.48, 0.04, 307.65, 27.60);
insert into SHOT values (314, 327, 328, 2385, 18.00, 2.89, -90.00, 17.96, 338.20, -89.83, 0.07, 338.20, 36.60);
insert into SHOT values (315, 328, 329, 2385, 14.20, 179.89, 41.00, 14.22, 180.86, 41.75, 0.26, 300.67, 36.31);
insert into SHOT values (316, 330, 331, 2385, 11.70, 199.89, 32.00, 11.70, 199.86, 32.01, 0.01, 88.41, -0.53);
insert into SHOT values (317, 331, 332, 2385, 5.20, 190.89, -33.00, 5.21, 190.95, -32.93, 0.01, 218.47, 12.53);
insert into SHOT values (318, 332, 333, 2385, 12.30, 222.89, -31.00, 12.30, 222.88, -31.04, 0.01, 53.58, -34.64);
insert into SHOT values (319, 332, 316, 2385, 11.30, 112.89, -31.00, 11.30, 112.83, -30.99, 0.01, 41.41, -0.38);
insert into SHOT values (320, 334, 335, 2385, 5.30, 318.89, 36.00, 5.30, 318.88, 35.95, 0.01, 229.81, -77.94);
insert into SHOT values (321, 335, 336, 2385, 9.50, 2.89, -90.00, 9.50, 90.00, -90.00, 0.00, 2.89, 0.00);
insert into SHOT values (322, 335, 337, 2385, 5.00, 297.89, 0.00, 5.00, 297.90, 0.00, 0.00, 319.07, 0.00);
insert into SHOT values (323, 337, 338, 2385, 1.20, 194.89, -25.00, 1.20, 194.93, -24.71, 0.01, 334.42, 80.83);
insert into SHOT values (324, 338, 339, 2385, 4.00, 303.89, 7.00, 4.00, 303.81, 6.89, 0.01, 228.45, -51.91);
insert into SHOT values (325, 339, 340, 2385, 5.70, 336.89, -6.00, 5.70, 336.96, -5.94, 0.01, 38.44, 36.95);
insert into SHOT values (326, 340, 341, 2385, 4.60, 266.89, 5.00, 4.60, 266.88, 4.98, 0.00, 250.05, -11.47);
insert into SHOT values (327, 341, 342, 2385, 4.40, 331.89, 0.00, 4.40, 331.92, 0.00, 0.00, 109.59, 0.00);
insert into SHOT values (328, 342, 343, 2385, 4.40, 323.89, -8.00, 4.40, 323.87, -7.97, 0.00, 265.07, 46.02);
insert into SHOT values (329, 343, 344, 2385, 3.80, 279.89, 24.00, 3.80, 279.95, 23.92, 0.01, 357.86, -57.00);
insert into SHOT values (330, 344, 345, 2385, 4.70, 226.89, -15.00, 4.70, 226.78, -15.04, 0.01, 149.89, -22.08);
insert into SHOT values (331, 345, 329, 2385, 5.00, 304.89, 24.00, 5.01, 304.94, 24.03, 0.01, 334.46, 38.68);
insert into SURVEY values (2391, 32, 'brez_volje', 'brez_volje.primadona.sistem_prima', NULL);
 insert into CENTRELINE values (2392, 2391, NULL, NULL, NULL, 0.00, 0.00, 0.00);
 insert into SCRAPS values (2393, 2391, 'brez_voljep_1', 1);
 insert into SCRAPS values (2416, 2391, 'brez_voljep_2', 1);
 insert into SCRAPS values (2432, 2391, 'brez_voljep_3', 1);
 insert into MAPS values (2453, 2391, 'mbrez_volje-p', NULL, 1, 133.600, 43.050);
 insert into MAPITEMS values (2453, 4, 2454);
 insert into MAPITEMS values (2453, 4, 2455);
 insert into MAPITEMS values (2453, 4, 2456);
 insert into MAPS values (2454, 2391, 'mbrez_voljep_1', NULL, 1, 133.600, 43.050);
 insert into MAPITEMS values (2454, 4, 2393);
 insert into MAPS values (2455, 2391, 'mbrez_voljep_2', NULL, 1, 133.600, 43.050);
 insert into MAPITEMS values (2455, 4, 2416);
 insert into MAPS values (2456, 2391, 'mbrez_voljep_3', NULL, 1, 133.600, 43.050);
 insert into MAPITEMS values (2456, 4, 2432);
 insert into CENTRELINE values (2459, 2391, NULL, '2005-10-15', NULL, 133.60, 0.00, 0.00);
 insert into TOPO values (14, 2459);
 insert into TOPO values (6, 2459);
 insert into EXPLO values (14, 2459);
 insert into EXPLO values (6, 2459);
 insert into SHOT values (332, 346, 347, 2459, 4.90, 349.02, 3.00, 4.88, 349.59, 2.59, 0.07, 104.60, -33.96);
insert into SHOT values (333, 347, 348, 2459, 1.60, 53.02, -5.00, 1.65, 53.41, -5.21, 0.05, 65.72, -11.62);
insert into SHOT values (334, 348, 349, 2459, 8.20, 3.02, 14.00, 8.18, 3.82, 13.50, 0.13, 92.78, -33.47);
insert into SHOT values (335, 349, 350, 2459, 13.00, 13.02, 11.00, 12.99, 14.12, 10.24, 0.30, 97.71, -34.49);
insert into SHOT values (336, 350, 351, 2459, 8.80, 81.02, 45.00, 8.81, 81.19, 44.01, 0.15, 90.87, -42.02);
insert into SHOT values (337, 351, 352, 2459, 10.00, 66.02, 20.00, 10.00, 66.03, 19.99, 0.00, 86.45, -2.60);
insert into SHOT values (338, 352, 353, 2459, 7.90, 61.02, 7.00, 7.90, 61.02, 7.05, 0.01, 66.08, 81.68);
insert into SHOT values (339, 353, 354, 2459, 3.40, 85.02, 27.00, 3.40, 84.89, 26.93, 0.01, 16.66, -26.71);
insert into SHOT values (340, 354, 355, 2459, 2.10, 48.02, -18.00, 2.09, 48.06, -18.09, 0.01, 217.43, -8.03);
insert into SHOT values (341, 355, 356, 2459, 1.30, 13.02, 20.00, 1.30, 13.24, 20.21, 0.01, 92.53, 47.76);
insert into SHOT values (342, 356, 357, 2459, 3.50, 74.02, 19.00, 3.50, 74.03, 18.86, 0.01, 226.43, -78.75);
insert into SHOT values (343, 357, 358, 2459, 3.00, 334.02, 0.00, 3.01, 333.95, 0.00, 0.01, 300.08, 0.00);
insert into SHOT values (344, 358, 359, 2459, 3.00, 312.02, 13.00, 3.00, 312.09, 13.09, 0.01, 26.93, 52.96);
insert into SHOT values (345, 359, 360, 2459, 1.60, 29.02, 10.00, 1.60, 29.34, 10.10, 0.01, 144.21, 12.49);
insert into SHOT values (346, 360, 361, 2459, 5.70, 13.02, 13.00, 5.71, 12.99, 12.96, 0.01, 354.54, -14.14);
insert into SHOT values (347, 361, 362, 2459, 2.60, 323.02, 45.00, 2.60, 322.76, 45.09, 0.01, 204.89, 9.15);
insert into SHOT values (348, 362, 363, 2459, 1.20, 297.02, 30.00, 1.20, 297.55, 30.04, 0.01, 36.28, -0.00);
insert into SHOT values (349, 363, 364, 2459, 4.40, 326.02, 18.00, 4.40, 326.01, 18.00, 0.00, 277.95, 19.23);
insert into SHOT values (350, 364, 365, 2459, 6.70, 3.02, 29.00, 6.70, 2.94, 29.02, 0.01, 257.50, 11.81);
insert into SHOT values (351, 365, 366, 2459, 3.30, 53.02, 16.00, 3.31, 53.06, 15.98, 0.01, 74.91, 3.61);
insert into SHOT values (352, 366, 367, 2459, 1.10, 68.02, 20.00, 1.10, 68.40, 19.72, 0.01, 167.83, -41.17);
insert into SHOT values (353, 367, 368, 2459, 4.40, 107.02, -9.00, 4.39, 107.02, -9.03, 0.01, 287.24, -16.09);
insert into SHOT values (354, 368, 369, 2459, 5.70, 41.02, 0.00, 5.70, 41.02, 0.00, 0.00, 220.98, 0.00);
insert into SHOT values (355, 369, 370, 2459, 5.00, 3.02, 90.00, 5.00, 90.00, 90.00, 0.00, 3.02, 0.00);
insert into SHOT values (356, 370, 371, 2459, 6.50, 43.02, 75.00, 6.50, 43.07, 74.99, 0.00, 91.47, 32.55);
insert into SHOT values (357, 371, 372, 2459, 1.50, 136.02, 20.00, 1.50, 135.86, 20.28, 0.01, 15.03, 58.01);
insert into SHOT values (358, 372, 373, 2459, 1.80, 11.02, 0.00, 1.79, 10.93, 0.00, 0.01, 209.96, 0.00);
insert into SHOT values (359, 373, 374, 2459, 3.10, 39.02, 10.00, 3.11, 39.04, 9.81, 0.01, 45.44, -36.18);
insert into SHOT values (360, 374, 375, 2459, 2.50, 66.02, 0.00, 2.49, 66.11, 0.00, 0.01, 213.67, 0.00);
insert into SHOT values (361, 375, 376, 2459, 5.80, 26.02, 38.00, 5.80, 25.95, 37.99, 0.01, 299.45, -8.84);
insert into SHOT values (362, 376, 377, 2459, 0.00, 3.02, 0.00, 0.00, 90.00, 0.00, 0.00, 90.00, 0.00);
insert into SURVEY values (2463, 32, 'smer1', 'smer1.primadona.sistem_prima', NULL);
 insert into CENTRELINE values (2464, 2463, NULL, NULL, NULL, 0.00, 0.00, 0.00);
 insert into SCRAPS values (2465, 2463, 'smer1p_1', 1);
 insert into SCRAPS values (2489, 2463, 'smer1p_2', 1);
 insert into SCRAPS values (2500, 2463, 'smer1p_3', 1);
 insert into MAPS values (2511, 2463, 'msmer1p_1', NULL, 1, 114.150, 22.400);
 insert into MAPITEMS values (2511, 4, 2465);
 insert into MAPS values (2512, 2463, 'msmer1p_2', NULL, 1, 114.150, 22.400);
 insert into MAPITEMS values (2512, 4, 2489);
 insert into MAPS values (2513, 2463, 'msmer1p_3', NULL, 1, 114.150, 22.400);
 insert into MAPITEMS values (2513, 4, 2500);
 insert into MAPS values (2514, 2463, 'msmer1-p', NULL, 1, 114.150, 22.400);
 insert into MAPITEMS values (2514, 4, 2513);
 insert into MAPITEMS values (2514, 4, 2512);
 insert into MAPITEMS values (2514, 4, 2511);
 insert into CENTRELINE values (2517, 2463, NULL, '2006-10-21', NULL, 114.15, 0.00, 0.00);
 insert into PERSON values (15, 'Jarvist', 'Frost');
insert into TOPO values (15, 2517);
 insert into TOPO values (2, 2517);
 insert into SHOT values (363, 378, 379, 2517, 6.30, 313.12, 20.00, 6.33, 314.12, 19.75, 0.11, 21.67, -7.55);
insert into SHOT values (364, 380, 378, 2517, 11.30, 343.12, -35.00, 11.38, 343.88, -34.33, 0.20, 24.20, 18.01);
insert into SHOT values (365, 381, 380, 2517, 13.00, 305.12, -28.00, 13.03, 306.70, -27.92, 0.32, 29.83, 0.56);
insert into SHOT values (366, 382, 381, 2517, 5.00, 268.12, -30.00, 4.97, 269.07, -30.17, 0.08, 21.14, 0.00);
insert into SHOT values (367, 382, 383, 2517, 9.40, 146.12, -6.00, 9.47, 147.22, -5.76, 0.20, 215.00, 9.55);
insert into SHOT values (368, 383, 384, 2517, 6.30, 133.12, 11.00, 6.34, 134.09, 11.00, 0.11, 203.13, 4.05);
insert into SHOT values (369, 384, 385, 2517, 11.50, 129.12, 0.00, 11.54, 130.68, 0.20, 0.32, 213.07, 7.24);
insert into SHOT values (370, 385, 386, 2517, 5.20, 92.12, -8.00, 5.18, 93.13, -7.99, 0.09, 196.15, 2.28);
insert into SHOT values (371, 386, 387, 2517, 3.20, 110.12, -13.00, 3.20, 111.05, -12.83, 0.05, 200.46, 11.02);
insert into SHOT values (372, 387, 388, 2517, 3.80, 194.12, -5.00, 3.90, 194.14, -4.85, 0.10, 194.93, 0.67);
insert into SHOT values (373, 388, 389, 2517, 4.75, 152.12, -25.00, 4.81, 152.79, -24.68, 0.09, 188.69, -1.71);
insert into SHOT values (374, 389, 390, 2517, 3.80, 138.12, 0.00, 3.85, 138.90, 0.15, 0.07, 185.39, 8.02);
insert into SHOT values (375, 390, 391, 2517, 3.50, 161.12, 0.00, 3.58, 161.62, 0.16, 0.09, 181.57, 6.46);
insert into SHOT values (376, 391, 392, 2517, 7.30, 116.12, -22.00, 7.32, 117.24, -21.82, 0.14, 195.93, 6.18);
insert into SHOT values (377, 393, 392, 2517, 0.60, 88.12, 0.00, 0.64, 86.42, 0.00, 0.05, 63.23, 0.00);
insert into SHOT values (378, 393, 394, 2517, 9.70, 136.12, -42.00, 9.74, 137.11, -41.41, 0.16, 189.72, 17.94);
insert into SHOT values (379, 394, 395, 2517, 9.50, 3.12, -90.00, 9.49, 184.97, -88.61, 0.23, 184.97, 2.48);
insert into MAPS values (2519, 32, 'm../2016-p', 'Year ../2016', 1, 1202.130, 193.140);
 insert into MAPITEMS values (2519, 4, 3499);
 insert into MAPITEMS values (2519, 4, 3314);
 insert into MAPITEMS values (2519, 4, 3727);
 insert into MAPITEMS values (2519, 4, 3809);
 insert into MAPITEMS values (2519, 4, 3108);
 insert into MAPITEMS values (2519, 4, 2925);
 insert into MAPITEMS values (2519, 4, 2954);
 insert into MAPITEMS values (2519, 4, 3584);
 insert into MAPITEMS values (2519, 4, 3628);
 insert into MAPITEMS values (2519, 4, 3545);
 insert into MAPITEMS values (2519, 4, 3778);
 insert into MAPITEMS values (2519, 4, 3440);
 insert into MAPITEMS values (2519, 4, 3193);
 insert into SURVEY values (2520, 32, 'karstaway', 'karstaway.primadona.sistem_prima', NULL);
 insert into CENTRELINE values (2521, 2520, NULL, NULL, NULL, 0.00, 0.00, 0.00);
 insert into SCRAPS values (2522, 2520, 'karstaway-1p', 1);
 insert into SCRAPS values (2718, 2520, 'karstaway-11p', 1);
 insert into SCRAPS values (2752, 2520, 'karstaway-2p', 1);
 insert into SCRAPS values (2839, 2520, 'karstaway-e1', 2);
 insert into MAPS values (2925, 2520, 'mkarstaway-p', NULL, 1, 192.080, 61.410);
 insert into MAPITEMS values (2925, 4, 2522);
 insert into MAPITEMS values (2925, 4, 2718);
 insert into MAPITEMS values (2925, 4, 2752);
 insert into MAPS values (2926, 2520, 'mkarstaway-e', NULL, 2, 192.080, 61.410);
 insert into MAPITEMS values (2926, 4, 2839);
 insert into CENTRELINE values (2927, 2520, NULL, '2016-07-19', '2016-07-19', 192.08, 0.00, 61.74);
 insert into PERSON values (16, 'Jack', 'Hare');
insert into TOPO values (16, 2927);
 insert into PERSON values (17, 'Tanguy', 'Racine');
insert into TOPO values (17, 2927);
 insert into EXPLO values (16, 2927);
 insert into SHOT values (380, 396, 397, 2927, 7.87, 5.27, 23.00, 7.80, 5.18, 22.69, 0.08, 199.98, -54.44);
insert into SHOT values (381, 397, 398, 2927, 5.00, 15.27, -4.00, 4.96, 15.36, -4.51, 0.06, 185.44, -44.58);
insert into SHOT values (382, 398, 399, 2927, 8.31, 355.27, -12.00, 8.28, 355.10, -12.69, 0.11, 201.78, -59.35);
insert into SHOT values (383, 399, 400, 2927, 7.61, 15.27, -1.00, 7.56, 15.34, -1.59, 0.09, 185.06, -56.92);
insert into SHOT values (384, 400, 401, 2927, 10.21, 134.27, 6.00, 10.22, 134.84, 5.22, 0.17, 208.84, -52.71);
insert into SHOT values (385, 401, 402, 2927, 7.14, 22.27, 20.00, 7.08, 22.38, 19.63, 0.07, 184.57, -57.91);
insert into SHOT values (386, 402, 403, 2927, 6.51, 2.27, -4.00, 6.46, 2.22, -4.52, 0.07, 188.89, -48.40);
insert into SHOT values (387, 403, 404, 2927, 2.65, 55.27, 25.00, 2.60, 55.70, 24.59, 0.06, 212.11, -41.57);
insert into SHOT values (388, 404, 405, 2927, 3.50, 3.27, -25.00, 3.48, 3.10, -25.50, 0.04, 202.53, -35.58);
insert into SHOT values (389, 405, 406, 2927, 5.40, 95.27, 2.00, 5.40, 95.74, 1.59, 0.06, 185.02, -41.08);
insert into SHOT values (390, 406, 407, 2927, 12.33, 138.27, -2.00, 12.36, 138.88, -2.83, 0.22, 218.27, -53.79);
insert into SHOT values (391, 407, 408, 2927, 2.45, 164.27, 16.00, 2.48, 164.45, 15.45, 0.04, 177.09, -24.82);
insert into SHOT values (392, 408, 409, 2927, 8.22, 167.27, -2.00, 8.26, 167.55, -2.64, 0.11, 212.37, -59.24);
insert into SHOT values (393, 409, 410, 2927, 5.77, 158.27, 0.00, 5.81, 158.47, -0.49, 0.06, 188.38, -51.13);
insert into SHOT values (394, 410, 411, 2927, 5.54, 165.27, -9.00, 5.59, 165.51, -9.37, 0.07, 192.83, -41.40);
insert into SHOT values (395, 411, 412, 2927, 2.47, 102.27, -8.00, 2.48, 102.73, -8.59, 0.03, 180.15, -52.66);
insert into SHOT values (396, 412, 413, 2927, 6.44, 160.27, 11.00, 6.47, 160.46, 10.41, 0.08, 184.31, -49.95);
insert into SHOT values (397, 413, 414, 2927, 13.77, 151.27, -6.00, 13.77, 151.28, -6.00, 0.00, 245.92, -17.04);
insert into SHOT values (398, 413, 415, 2927, 7.38, 56.27, 56.00, 7.32, 56.47, 56.02, 0.06, 215.46, -51.48);
insert into SHOT values (399, 415, 416, 2927, 6.12, 349.27, 45.00, 6.06, 349.11, 44.95, 0.06, 186.26, -48.42);
insert into SHOT values (400, 416, 417, 2927, 9.46, 93.27, 18.00, 9.44, 93.88, 17.38, 0.14, 175.43, -46.95);
insert into SHOT values (401, 417, 418, 2927, 4.62, 131.27, 32.00, 4.61, 131.60, 31.51, 0.05, 190.27, -55.90);
insert into SHOT values (402, 418, 419, 2927, 7.35, 113.27, 31.00, 7.34, 113.77, 30.46, 0.09, 177.65, -47.20);
insert into SHOT values (403, 419, 420, 2927, 5.50, 140.27, -7.00, 5.53, 140.62, -7.48, 0.07, 192.18, -49.55);
insert into SHOT values (404, 420, 421, 2927, 30.46, 4.27, 90.00, 30.41, 189.09, 89.52, 0.26, 189.09, -11.17);
insert into SHOT values (405, 421, 422, 2927, 2.22, 356.27, 42.00, 2.19, 356.47, 42.17, 0.03, 164.66, -29.57);
insert into SHOT_FLAG values(405, 'dpl');
insert into SHOT values (406, 422, 423, 2927, 2.93, 2.27, 32.00, 2.90, 2.57, 32.13, 0.04, 160.83, -20.02);
insert into SHOT_FLAG values(406, 'dpl');
insert into SHOT values (407, 423, 424, 2927, 5.43, 61.27, 22.00, 5.44, 61.76, 21.89, 0.05, 130.35, -5.12);
insert into SHOT_FLAG values(407, 'dpl');
insert into SHOT values (408, 424, 425, 2927, 6.13, 347.27, 27.00, 6.09, 347.53, 27.16, 0.05, 138.63, -3.37);
insert into SHOT_FLAG values(408, 'dpl');
insert into SHOT values (409, 425, 426, 2927, 6.06, 37.27, 2.00, 6.05, 37.87, 1.99, 0.06, 139.48, -1.32);
insert into SHOT_FLAG values(409, 'dpl');
insert into SHOT values (410, 426, 427, 2927, 6.92, 24.27, 0.00, 6.91, 24.82, -0.08, 0.07, 124.69, -8.47);
insert into SHOT_FLAG values(410, 'dpl');
insert into SHOT values (411, 427, 428, 2927, 3.16, 78.27, 16.00, 3.19, 78.73, 15.83, 0.04, 115.84, -1.46);
insert into SHOT_FLAG values(411, 'dpl');
insert into SHOT values (412, 428, 429, 2927, 5.56, 65.27, -21.00, 5.58, 65.75, -20.91, 0.05, 131.54, 3.08);
insert into SHOT_FLAG values(412, 'dpl');
insert into SHOT values (413, 429, 430, 2927, 6.44, 25.27, 13.00, 6.42, 25.79, 12.97, 0.06, 137.25, -8.19);
insert into SHOT_FLAG values(413, 'dpl');
insert into SHOT values (414, 430, 431, 2927, 2.47, 84.27, 22.00, 2.50, 84.56, 21.84, 0.03, 105.19, 8.29);
insert into SHOT_FLAG values(414, 'dpl');
insert into SHOT values (415, 431, 432, 2927, 5.63, 30.27, -6.00, 5.62, 30.79, -6.03, 0.05, 133.67, -1.67);
insert into SHOT_FLAG values(415, 'dpl');
insert into SHOT values (416, 432, 433, 2927, 6.62, 14.27, 4.00, 6.58, 14.82, 3.92, 0.07, 134.01, -9.30);
insert into SHOT_FLAG values(416, 'dpl');
insert into SHOT values (417, 433, 434, 2927, 2.17, 346.27, 18.00, 2.13, 346.58, 18.05, 0.04, 150.53, -14.79);
insert into SHOT_FLAG values(417, 'dpl');
insert into SURVEY values (2929, 32, 'mfi', 'mfi.primadona.sistem_prima', NULL);
 insert into CENTRELINE values (2930, 2929, NULL, NULL, NULL, 0.00, 0.00, 0.00);
 insert into SCRAPS values (2931, 2929, 'mfip_1', 1);
 insert into SCRAPS values (2945, 2929, 'mfip_2', 1);
 insert into MAPS values (2954, 2929, 'mmfi-p', NULL, 1, 32.330, 27.870);
 insert into MAPITEMS values (2954, 4, 2955);
 insert into MAPITEMS values (2954, 4, 2956);
 insert into MAPS values (2955, 2929, 'mmfi-p1', NULL, 1, 32.330, 27.870);
 insert into MAPITEMS values (2955, 4, 2931);
 insert into MAPS values (2956, 2929, 'mmfi-p2', NULL, 1, 32.330, 27.870);
 insert into MAPITEMS values (2956, 4, 2945);
 insert into CENTRELINE values (2957, 2929, NULL, '2016-07-21', NULL, 32.33, 0.00, 0.00);
 insert into TOPO values (16, 2957);
 insert into PERSON values (18, 'Rhys', 'Tyers');
insert into TOPO values (18, 2957);
 insert into EXPLO values (16, 2957);
 insert into EXPLO values (18, 2957);
 insert into SHOT values (418, 435, 436, 2957, 3.31, 54.27, 48.00, 3.26, 54.49, 47.90, 0.05, 217.84, -53.53);
insert into SHOT values (419, 436, 437, 2957, 7.80, 291.27, 81.00, 7.75, 290.22, 80.98, 0.06, 187.43, -66.99);
insert into SHOT values (420, 437, 438, 2957, 19.66, 54.27, 65.00, 19.60, 54.67, 65.23, 0.11, 204.01, -9.21);
insert into SHOT values (421, 438, 439, 2957, 1.56, 351.27, -5.00, 1.52, 351.28, -5.65, 0.04, 170.95, -21.02);
insert into SURVEY values (2959, 32, 'hotmk', 'hotmk.primadona.sistem_prima', NULL);
 insert into CENTRELINE values (2960, 2959, NULL, NULL, NULL, 0.00, 0.00, 0.00);
 insert into SCRAPS values (2961, 2959, 'hotmk-1p', 1);
 insert into SCRAPS values (3068, 2959, 'hotmk-2p', 1);
 insert into MAPS values (3108, 2959, 'mhotmk-p', NULL, 1, 104.000, 40.010);
 insert into MAPITEMS values (3108, 4, 3110);
 insert into MAPITEMS values (3108, 4, 3109);
 insert into MAPS values (3109, 2959, 'mhotmk-p1', NULL, 1, 104.000, 40.010);
 insert into MAPITEMS values (3109, 4, 2961);
 insert into MAPS values (3110, 2959, 'mhotmk-p2', NULL, 1, 104.000, 40.010);
 insert into MAPITEMS values (3110, 4, 3068);
 insert into CENTRELINE values (3112, 2959, NULL, '2016-07-22', '2016-07-22', 104.00, 0.00, 0.00);
 insert into PERSON values (19, 'Andrej', 'Fratnik');
insert into TOPO values (19, 3112);
 insert into TOPO values (16, 3112);
 insert into PERSON values (20, 'William', 'Scott');
insert into TOPO values (20, 3112);
 insert into EXPLO values (19, 3112);
 insert into EXPLO values (16, 3112);
 insert into EXPLO values (17, 3112);
 insert into EXPLO values (20, 3112);
 insert into SHOT values (422, 440, 441, 3112, 7.00, 120.27, 46.00, 7.04, 120.47, 45.51, 0.07, 133.81, -12.38);
insert into SHOT values (423, 441, 442, 3112, 4.73, 45.27, 6.00, 4.73, 45.78, 5.95, 0.04, 137.47, -6.14);
insert into SHOT values (424, 442, 443, 3112, 3.06, 122.27, 1.00, 3.11, 122.26, 1.11, 0.05, 121.31, 7.44);
insert into SHOT values (425, 443, 444, 3112, 17.00, 66.27, -37.00, 17.02, 67.24, -36.83, 0.23, 145.86, 7.55);
insert into SHOT values (426, 444, 445, 3112, 5.20, 33.27, 3.00, 5.19, 33.75, 2.87, 0.05, 135.55, -15.40);
insert into SHOT values (427, 445, 446, 3112, 13.00, 64.27, -22.00, 13.02, 65.13, -21.92, 0.18, 146.30, 3.10);
insert into SHOT values (428, 446, 447, 3112, 13.01, 15.27, 18.00, 12.98, 16.04, 18.04, 0.17, 116.87, -0.11);
insert into SHOT values (429, 447, 448, 3112, 15.00, 35.27, 71.00, 15.00, 35.85, 71.13, 0.06, 160.84, 6.84);
insert into SHOT values (430, 448, 449, 3112, 21.30, 32.27, 82.00, 21.30, 32.63, 82.34, 0.13, 204.46, 7.70);
insert into SHOT values (431, 449, 450, 3112, 2.00, 353.27, 4.00, 1.96, 353.82, 3.81, 0.05, 150.27, -11.28);
insert into SHOT values (432, 450, 451, 3112, 2.70, 48.27, 12.00, 2.69, 48.69, 11.99, 0.02, 153.36, -3.93);
insert into SURVEY values (3114, 32, 'wac', 'wac.primadona.sistem_prima', 'What a Coincidence: connection with the old shaft series');
 insert into CENTRELINE values (3115, 3114, NULL, NULL, NULL, 0.00, 0.00, 0.00);
 insert into SCRAPS values (3116, 3114, 'wacp_1', 1);
 insert into SCRAPS values (3138, 3114, 'wacp_2', 1);
 insert into SCRAPS values (3154, 3114, 'wacp_3', 1);
 insert into SCRAPS values (3190, 3114, 'wacp_4', 1);
 insert into MAPS values (3193, 3114, 'mwac-p', NULL, 1, 221.330, 25.240);
 insert into MAPITEMS values (3193, 4, 3194);
 insert into MAPITEMS values (3193, 4, 3195);
 insert into MAPITEMS values (3193, 4, 3196);
 insert into MAPITEMS values (3193, 4, 3197);
 insert into MAPS values (3194, 3114, 'mwac-p1', NULL, 1, 221.330, 25.240);
 insert into MAPITEMS values (3194, 4, 3116);
 insert into MAPS values (3195, 3114, 'mwac-p2', NULL, 1, 221.330, 25.240);
 insert into MAPITEMS values (3195, 4, 3138);
 insert into MAPS values (3196, 3114, 'mwac-p3', NULL, 1, 221.330, 25.240);
 insert into MAPITEMS values (3196, 4, 3154);
 insert into MAPS values (3197, 3114, 'mwac-p4', NULL, 1, 0.000, 0.000);
 insert into MAPITEMS values (3197, 4, 3190);
 insert into CENTRELINE values (3200, 3114, NULL, '2016-07-23', NULL, 221.33, 0.00, 0.00);
 insert into TOPO values (16, 3200);
 insert into PERSON values (21, 'Kenneth', 'Tan');
insert into TOPO values (21, 3200);
 insert into EXPLO values (16, 3200);
 insert into EXPLO values (21, 3200);
 insert into SHOT values (433, 452, 453, 3200, 8.73, 185.28, 44.00, 8.75, 184.89, 43.64, 0.07, 146.63, -19.72);
insert into SHOT values (434, 453, 454, 3200, 11.45, 206.28, 86.00, 11.44, 205.38, 85.67, 0.07, 194.43, -10.41);
insert into SHOT values (435, 454, 455, 3200, 5.37, 147.28, -2.00, 5.42, 147.13, -2.01, 0.05, 132.18, -2.84);
insert into SHOT values (436, 455, 456, 3200, 13.77, 227.28, -14.00, 13.77, 226.27, -14.08, 0.23, 134.94, -4.59);
insert into SHOT values (437, 456, 457, 3200, 8.90, 308.28, -12.00, 8.85, 308.19, -12.20, 0.06, 141.21, -19.74);
insert into SHOT values (438, 457, 458, 3200, 21.93, 350.28, -9.00, 21.89, 351.16, -9.36, 0.36, 91.48, -20.90);
insert into SHOT values (439, 458, 459, 3200, 3.88, 316.28, -16.00, 3.83, 316.32, -16.08, 0.05, 132.96, 10.35);
insert into SHOT values (440, 459, 460, 3200, 4.28, 342.28, -29.00, 4.24, 342.54, -29.22, 0.05, 140.27, 6.13);
insert into SHOT values (441, 460, 461, 3200, 3.05, 1.28, 16.00, 3.01, 1.59, 16.02, 0.04, 160.27, -13.75);
insert into SHOT values (442, 461, 462, 3200, 4.63, 44.28, 52.00, 4.63, 44.72, 51.87, 0.02, 118.65, -20.40);
insert into SHOT values (443, 462, 463, 3200, 4.03, 130.28, 53.00, 4.06, 130.55, 52.69, 0.04, 148.60, 16.99);
insert into SHOT values (444, 463, 464, 3200, 2.16, 88.28, 18.00, 2.20, 88.63, 17.77, 0.04, 107.89, 3.75);
insert into SHOT values (445, 464, 465, 3200, 2.00, 25.28, -43.00, 1.99, 26.04, -43.01, 0.02, 129.33, 11.30);
insert into SHOT values (446, 465, 466, 3200, 4.66, 322.28, -20.00, 4.61, 322.23, -20.18, 0.05, 146.05, 4.15);
insert into SHOT values (447, 466, 467, 3200, 12.36, 351.28, 25.00, 12.32, 351.80, 25.23, 0.12, 111.20, 12.72);
insert into SHOT values (448, 467, 468, 3200, 8.21, 342.28, 3.00, 8.16, 342.59, 2.95, 0.06, 117.80, -8.68);
insert into SHOT values (449, 468, 469, 3200, 7.65, 336.28, 34.00, 7.61, 336.45, 34.32, 0.06, 137.90, 11.07);
insert into SHOT values (450, 469, 470, 3200, 13.39, 346.28, 1.00, 13.35, 346.79, 0.94, 0.13, 97.08, -6.13);
insert into SHOT values (451, 470, 471, 3200, 8.25, 350.28, 13.00, 8.20, 350.63, 13.04, 0.07, 126.66, -4.64);
insert into SHOT values (452, 471, 472, 3200, 6.05, 17.28, 4.00, 6.03, 17.80, 3.99, 0.06, 124.65, -2.00);
insert into SHOT values (453, 472, 473, 3200, 3.97, 262.28, -29.00, 3.94, 261.82, -29.13, 0.04, 127.15, 6.94);
insert into SHOT values (454, 473, 474, 3200, 3.52, 4.28, -90.00, 3.53, 135.00, -89.77, 0.02, 135.00, -35.26);
insert into SHOT values (455, 474, 475, 3200, 2.52, 340.28, 22.00, 2.47, 340.38, 22.08, 0.05, 154.77, -17.83);
insert into SHOT values (456, 475, 476, 3200, 10.30, 331.28, -4.00, 10.25, 331.48, -4.09, 0.07, 117.66, -9.94);
insert into SHOT values (457, 476, 477, 3200, 2.68, 348.28, 74.00, 2.66, 349.62, 74.25, 0.03, 123.47, -33.87);
insert into SHOT values (458, 477, 478, 3200, 14.48, 341.28, 1.00, 14.43, 341.70, 0.91, 0.12, 95.59, -10.87);
insert into SHOT values (459, 478, 479, 3200, 4.21, 4.28, 90.00, 4.21, 116.57, 89.70, 0.02, 116.57, 0.00);
insert into SHOT values (460, 479, 480, 3200, 17.30, 347.28, 1.00, 17.25, 347.92, 0.90, 0.20, 90.73, -9.07);
insert into SHOT values (461, 480, 481, 3200, 7.60, 343.28, -14.00, 7.56, 343.59, -14.17, 0.06, 121.80, -10.53);
insert into SURVEY values (3202, 32, 'colony', 'colony.primadona.sistem_prima', NULL);
 insert into CENTRELINE values (3203, 3202, NULL, NULL, NULL, 0.00, 0.00, 0.00);
 insert into SCRAPS values (3204, 3202, 'colony-1p', 1);
 insert into SCRAPS values (3291, 3202, 'colony-10p', 1);
 insert into MAPS values (3314, 3202, 'mcolony-p', NULL, 1, 83.820, 48.330);
 insert into MAPITEMS values (3314, 4, 3315);
 insert into MAPITEMS values (3314, 4, 3316);
 insert into MAPS values (3315, 3202, 'mcolony-p1', NULL, 1, 83.820, 48.330);
 insert into MAPITEMS values (3315, 4, 3204);
 insert into MAPS values (3316, 3202, 'mcolony-p2', NULL, 1, 83.820, 48.330);
 insert into MAPITEMS values (3316, 4, 3291);
 insert into CENTRELINE values (3317, 3202, NULL, '2016-07-22', '2016-07-22', 83.82, 0.00, 0.00);
 insert into TOPO values (19, 3317);
 insert into TOPO values (16, 3317);
 insert into TOPO values (20, 3317);
 insert into EXPLO values (19, 3317);
 insert into EXPLO values (16, 3317);
 insert into EXPLO values (17, 3317);
 insert into EXPLO values (20, 3317);
 insert into SHOT values (462, 482, 483, 3317, 11.32, 149.27, -5.00, 11.32, 149.30, -5.02, 0.01, 194.77, -28.59);
insert into SHOT values (463, 483, 484, 3317, 7.95, 186.27, -15.00, 7.95, 186.28, -15.02, 0.00, 347.78, -36.95);
insert into SHOT values (464, 484, 485, 3317, 2.80, 202.27, -19.00, 2.80, 202.20, -18.98, 0.00, 91.84, 24.30);
insert into SHOT values (465, 485, 486, 3317, 4.60, 146.27, 18.00, 4.60, 146.27, 17.98, 0.00, 142.86, -40.54);
insert into SHOT values (466, 486, 487, 3317, 5.70, 162.27, 11.00, 5.70, 162.31, 11.02, 0.00, 264.40, 34.36);
insert into SHOT values (467, 487, 488, 3317, 1.94, 105.27, 24.00, 1.94, 105.37, 24.01, 0.00, 173.87, 16.67);
insert into SHOT values (468, 488, 489, 3317, 2.30, 200.27, 76.00, 2.30, 200.07, 76.06, 0.00, 55.35, -26.16);
insert into SHOT values (469, 489, 490, 3317, 1.21, 110.27, 39.00, 1.21, 109.98, 39.06, 0.01, 340.41, -13.38);
insert into SHOT values (470, 482, 491, 3317, 46.00, 4.27, -90.00, 46.00, 90.00, -90.00, 0.00, 4.27, 0.00);
insert into SURVEY values (3319, 32, 'udc', 'udc.primadona.sistem_prima', 'Upside Down Chamber');
 insert into CENTRELINE values (3320, 3319, NULL, NULL, NULL, 0.00, 0.00, 0.00);
 insert into SCRAPS values (3321, 3319, 'udcp_1', 1);
 insert into SCRAPS values (3421, 3319, 'udcp_2', 1);
 insert into MAPS values (3440, 3319, 'mudc-p', NULL, 1, 119.110, 58.220);
 insert into MAPITEMS values (3440, 4, 3441);
 insert into MAPITEMS values (3440, 4, 3442);
 insert into MAPS values (3441, 3319, 'mudc-p1', NULL, 1, 119.110, 58.220);
 insert into MAPITEMS values (3441, 4, 3321);
 insert into MAPS values (3442, 3319, 'mudc-p2', NULL, 1, 119.110, 58.220);
 insert into MAPITEMS values (3442, 4, 3421);
 insert into CENTRELINE values (3443, 3319, NULL, '2016-07-23', NULL, 119.11, 0.00, 0.00);
 insert into PERSON values (22, 'Arun', 'Paul');
insert into TOPO values (22, 3443);
 insert into TOPO values (18, 3443);
 insert into EXPLO values (22, 3443);
 insert into EXPLO values (18, 3443);
 insert into SHOT values (471, 492, 493, 3443, 12.00, 326.28, 51.00, 12.00, 326.29, 51.02, 0.01, 109.30, 55.02);
insert into SHOT values (472, 493, 494, 3443, 12.44, 338.28, 27.00, 12.43, 338.28, 26.98, 0.01, 158.10, -45.98);
insert into SHOT values (473, 494, 495, 3443, 3.82, 324.28, 43.00, 3.82, 324.32, 43.04, 0.01, 33.13, 64.23);
insert into SHOT values (474, 495, 496, 3443, 4.20, 278.28, 14.00, 4.21, 278.31, 14.03, 0.01, 295.64, 26.22);
insert into SHOT values (475, 496, 497, 3443, 13.00, 349.28, 32.00, 12.99, 349.28, 31.97, 0.01, 142.59, -73.88);
insert into SHOT values (476, 496, 498, 3443, 25.42, 158.28, -2.00, 25.42, 158.26, -2.01, 0.01, 89.02, -23.40);
insert into SHOT values (477, 498, 499, 3443, 4.83, 174.28, 65.00, 4.83, 174.37, 65.03, 0.00, 286.44, 33.94);
insert into SHOT values (478, 499, 500, 3443, 15.60, 135.28, 39.00, 15.60, 135.30, 38.97, 0.01, 191.64, -48.93);
insert into SHOT values (479, 500, 501, 3443, 25.30, 148.28, 80.00, 25.30, 148.23, 80.01, 0.01, 358.63, 32.41);
insert into SHOT values (480, 501, 502, 3443, 2.50, 149.28, 34.00, 2.50, 149.23, 34.05, 0.00, 33.01, 45.40);
insert into SURVEY values (3445, 32, 'galerija_resurvey', 'galerija_resurvey.primadona.sistem_prima', NULL);
 insert into CENTRELINE values (3446, 3445, NULL, NULL, NULL, 0.00, 0.00, 0.00);
 insert into CENTRELINE values (3447, 3445, NULL, '2016-07-19', NULL, 0.00, 0.00, 57.40);
 insert into TOPO values (20, 3447);
 insert into TOPO values (18, 3447);
 insert into SHOT values (481, 503, 504, 3447, 17.84, 240.27, -2.00, 18.02, 241.83, -2.16, 0.52, 311.35, -6.35);
insert into SHOT_FLAG values(481, 'dpl');
insert into SHOT values (482, 505, 503, 3447, 8.56, 265.27, -11.00, 8.74, 265.13, -10.68, 0.19, 258.54, 4.02);
insert into SHOT_FLAG values(482, 'dpl');
insert into SHOT values (483, 506, 505, 3447, 12.80, 258.27, 1.00, 12.99, 258.40, 0.75, 0.20, 267.27, -15.75);
insert into SHOT_FLAG values(483, 'dpl');
insert into SHOT values (484, 507, 506, 3447, 13.20, 200.27, 4.00, 13.31, 203.19, 3.66, 0.69, 282.02, -5.92);
insert into SHOT_FLAG values(484, 'dpl');
insert into SHOT values (485, 508, 507, 3447, 5.00, 296.27, -26.00, 5.15, 295.35, -25.43, 0.17, 270.23, -6.08);
insert into SHOT_FLAG values(485, 'dpl');
insert into SURVEY values (3449, 32, 'cattlegrid', 'cattlegrid.primadona.sistem_prima', NULL);
 insert into CENTRELINE values (3450, 3449, NULL, NULL, NULL, 0.00, 0.00, 0.00);
 insert into SCRAPS values (3451, 3449, 'cattlegridp_1', 1);
 insert into SCRAPS values (3459, 3449, 'cattlegridp_2', 1);
 insert into MAPS values (3499, 3449, 'mcattlegrid-p', NULL, 1, 87.400, 24.250);
 insert into MAPITEMS values (3499, 4, 3500);
 insert into MAPITEMS values (3499, 4, 3501);
 insert into MAPS values (3500, 3449, 'mcattlegrid-p1', NULL, 1, 87.400, 24.250);
 insert into MAPITEMS values (3500, 4, 3451);
 insert into MAPS values (3501, 3449, 'mcattlegrid-p2', NULL, 1, 87.400, 24.250);
 insert into MAPITEMS values (3501, 4, 3459);
 insert into CENTRELINE values (3502, 3449, NULL, '2016-07-22', '2016-07-22', 87.40, 0.00, 0.00);
 insert into TOPO values (20, 3502);
 insert into TOPO values (18, 3502);
 insert into EXPLO values (20, 3502);
 insert into SHOT values (486, 509, 510, 3502, 9.40, 100.27, 65.00, 9.40, 100.29, 64.99, 0.00, 141.83, 21.71);
insert into SHOT values (487, 510, 511, 3502, 0.92, 334.27, 35.00, 0.92, 334.11, 35.04, 0.00, 290.38, 36.85);
insert into SHOT values (488, 511, 512, 3502, 2.17, 260.27, 20.00, 2.10, 259.20, 20.03, 0.08, 110.10, -16.61);
insert into SHOT values (489, 512, 513, 3502, 6.07, 331.27, -22.00, 5.95, 331.61, -22.64, 0.14, 138.01, -6.49);
insert into SHOT values (490, 513, 514, 3502, 4.95, 36.27, -29.00, 4.92, 37.43, -29.30, 0.09, 148.87, -6.20);
insert into SHOT values (491, 514, 515, 3502, 2.73, 355.27, -7.00, 2.62, 356.02, -7.24, 0.12, 158.63, 1.31);
insert into SHOT values (492, 515, 516, 3502, 4.68, 56.27, -2.00, 4.68, 56.24, -1.96, 0.00, 359.29, 46.04);
insert into SHOT values (493, 515, 517, 3502, 2.40, 196.27, 0.00, 2.47, 195.28, 0.00, 0.08, 163.48, 0.00);
insert into SHOT values (494, 517, 518, 3502, 3.34, 240.27, -5.00, 3.31, 239.01, -5.02, 0.08, 130.17, 0.81);
insert into SHOT values (495, 518, 519, 3502, 3.92, 297.27, 5.00, 3.80, 296.70, 4.98, 0.13, 134.57, -5.22);
insert into SHOT values (496, 519, 520, 3502, 2.91, 333.27, 8.00, 2.77, 333.62, 8.08, 0.14, 146.30, -6.25);
insert into SHOT values (497, 520, 521, 3502, 2.16, 17.27, 6.00, 2.09, 18.26, 5.78, 0.08, 171.54, -10.87);
insert into SHOT values (498, 521, 522, 3502, 1.95, 82.27, 17.00, 2.02, 83.17, 16.70, 0.08, 105.99, 7.50);
insert into SHOT values (499, 522, 523, 3502, 5.34, 5.27, 16.00, 5.24, 6.28, 16.19, 0.14, 144.97, -5.00);
insert into SHOT values (500, 511, 524, 3502, 6.66, 221.27, 27.00, 6.65, 222.67, 27.12, 0.15, 319.00, 2.53);
insert into SHOT values (501, 524, 525, 3502, 5.29, 253.27, -2.00, 5.35, 254.48, -1.82, 0.13, 316.46, 6.61);
insert into SHOT values (502, 525, 526, 3502, 3.58, 329.27, 15.00, 3.71, 329.15, 14.83, 0.13, 325.71, 10.22);
insert into SHOT values (503, 526, 527, 3502, 3.82, 332.27, 32.00, 3.94, 331.99, 31.36, 0.13, 324.56, 11.56);
insert into SHOT values (504, 527, 528, 3502, 3.10, 146.27, 64.00, 3.05, 146.43, 65.13, 0.08, 323.55, -12.25);
insert into SHOT values (505, 528, 529, 3502, 2.63, 204.27, 63.00, 2.61, 205.91, 63.49, 0.04, 333.53, -4.46);
insert into SHOT values (506, 529, 530, 3502, 4.85, 159.27, 48.00, 4.77, 159.66, 48.94, 0.11, 328.47, -2.18);
insert into SHOT values (507, 530, 531, 3502, 4.53, 128.27, 8.00, 4.40, 128.00, 8.24, 0.13, 317.13, -0.19);
insert into SURVEY values (3504, 32, 'the_stile', 'the_stile.primadona.sistem_prima', NULL);
 insert into CENTRELINE values (3505, 3504, NULL, NULL, NULL, 0.00, 0.00, 0.00);
 insert into SCRAPS values (3506, 3504, 'the_stilep_1', 1);
 insert into SCRAPS values (3532, 3504, 'the_stilep_2', 1);
 insert into MAPS values (3545, 3504, 'mthe_stile-p', NULL, 1, 65.380, 17.260);
 insert into MAPITEMS values (3545, 4, 3546);
 insert into MAPITEMS values (3545, 4, 3547);
 insert into MAPS values (3546, 3504, 'mthe_stile-p1', NULL, 1, 65.380, 17.260);
 insert into MAPITEMS values (3546, 4, 3506);
 insert into MAPS values (3547, 3504, 'mthe_stile-p2', NULL, 1, 65.380, 17.260);
 insert into MAPITEMS values (3547, 4, 3532);
 insert into CENTRELINE values (3549, 3504, NULL, '2016-07-20', NULL, 65.38, 0.00, 0.00);
 insert into TOPO values (22, 3549);
 insert into TOPO values (17, 3549);
 insert into EXPLO values (22, 3549);
 insert into EXPLO values (17, 3549);
 insert into SHOT values (508, 532, 533, 3549, 7.99, 75.27, -27.00, 7.94, 73.88, -27.22, 0.18, 325.00, -0.82);
insert into SHOT values (509, 533, 534, 3549, 4.17, 117.27, -16.00, 4.05, 116.76, -16.21, 0.13, 313.11, 8.68);
insert into SHOT values (510, 534, 535, 3549, 4.27, 14.27, -1.00, 4.35, 13.30, -0.79, 0.11, 330.33, 7.77);
insert into SHOT values (511, 535, 536, 3549, 3.97, 344.27, 1.00, 4.10, 343.73, 0.98, 0.14, 328.11, 0.29);
insert into SHOT values (512, 536, 537, 3549, 3.95, 55.27, 4.00, 3.93, 54.12, 4.08, 0.08, 313.40, 3.17);
insert into SHOT values (513, 537, 538, 3549, 4.66, 338.27, -4.00, 4.79, 337.89, -3.83, 0.14, 324.61, 2.12);
insert into SHOT values (514, 538, 539, 3549, 3.66, 323.27, 0.00, 3.79, 323.25, 0.15, 0.13, 322.61, 4.27);
insert into SHOT values (515, 539, 540, 3549, 3.68, 17.27, -7.00, 3.75, 16.39, -6.90, 0.09, 337.16, -0.98);
insert into SHOT values (516, 540, 541, 3549, 2.79, 71.27, -3.00, 2.74, 70.11, -2.93, 0.08, 297.35, 4.45);
insert into SHOT values (517, 541, 542, 3549, 1.92, 304.27, -8.00, 2.05, 304.78, -7.56, 0.13, 312.08, -1.20);
insert into SHOT values (518, 542, 543, 3549, 3.36, 66.27, -35.00, 3.32, 65.14, -35.16, 0.07, 298.60, 14.20);
insert into SHOT values (519, 543, 544, 3549, 5.67, 359.27, -42.00, 5.75, 358.54, -41.25, 0.12, 332.04, 1.88);
insert into SHOT values (520, 544, 545, 3549, 8.08, 248.27, -25.00, 8.11, 249.77, -24.62, 0.20, 323.89, 9.91);
insert into SHOT values (521, 545, 546, 3549, 4.30, 235.27, -17.00, 4.31, 236.46, -16.85, 0.09, 316.00, 4.74);
insert into SHOT values (522, 546, 547, 3549, 1.78, 286.27, -45.00, 1.85, 287.07, -44.16, 0.08, 301.11, -23.48);
insert into SHOT values (523, 547, 548, 3549, 1.13, 288.27, 21.00, 1.24, 289.06, 20.28, 0.11, 296.60, 12.84);
insert into SURVEY values (3551, 32, 'quantum_state', 'quantum_state.primadona.sistem_prima', NULL);
 insert into CENTRELINE values (3552, 3551, NULL, NULL, NULL, 0.00, 0.00, 0.00);
 insert into SCRAPS values (3553, 3551, 'quantum_statep_1', 1);
 insert into SCRAPS values (3575, 3551, 'quantum_statep_2', 1);
 insert into MAPS values (3584, 3551, 'mquantum_state-p', NULL, 1, 70.400, 29.900);
 insert into MAPITEMS values (3584, 4, 3585);
 insert into MAPITEMS values (3584, 4, 3586);
 insert into MAPS values (3585, 3551, 'mquantum_state-p1', NULL, 1, 70.400, 29.900);
 insert into MAPITEMS values (3585, 4, 3553);
 insert into MAPS values (3586, 3551, 'mquantum_state-p2', NULL, 1, 70.400, 29.900);
 insert into MAPITEMS values (3586, 4, 3575);
 insert into CENTRELINE values (3587, 3551, NULL, '2016-07-18', NULL, 70.40, 0.00, 0.00);
 insert into PERSON values (23, 'Miriam', 'North');
insert into TOPO values (23, 3587);
 insert into TOPO values (21, 3587);
 insert into TOPO values (18, 3587);
 insert into EXPLO values (18, 3587);
 insert into SHOT values (524, 549, 550, 3587, 4.90, 304.27, 6.00, 4.91, 304.31, 6.08, 0.01, 332.04, 50.41);
insert into SHOT values (525, 551, 550, 3587, 4.80, 154.27, -20.00, 4.79, 154.35, -20.01, 0.01, 293.45, 11.14);
insert into SHOT values (526, 551, 552, 3587, 7.00, 224.27, 5.00, 7.00, 224.30, 5.00, 0.00, 326.60, -1.42);
insert into SHOT values (527, 553, 552, 3587, 5.90, 133.27, 10.00, 5.90, 133.26, 10.06, 0.01, 350.97, 61.74);
insert into SHOT values (528, 553, 554, 3587, 2.40, 224.27, 10.00, 2.40, 224.31, 10.08, 0.00, 358.81, 54.33);
insert into SHOT values (529, 555, 554, 3587, 6.60, 344.27, -25.00, 6.60, 344.29, -25.00, 0.00, 29.42, -15.37);
insert into SHOT values (530, 556, 555, 3587, 3.00, 314.27, -30.00, 3.00, 314.22, -30.03, 0.00, 175.95, 0.00);
insert into SHOT values (531, 556, 557, 3587, 4.20, 114.27, 5.00, 4.20, 114.30, 5.06, 0.01, 270.36, 43.76);
insert into SHOT values (532, 558, 557, 3587, 2.60, 354.27, -27.00, 2.60, 354.31, -26.94, 0.01, 13.07, 4.23);
insert into SHOT values (533, 558, 559, 3587, 2.40, 114.27, 0.00, 2.40, 114.11, 0.00, 0.01, 18.19, 0.00);
insert into SHOT values (534, 560, 559, 3587, 14.60, 99.27, -68.00, 14.59, 99.26, -67.98, 0.01, 58.48, 69.22);
insert into SHOT values (535, 561, 560, 3587, 4.50, 294.27, -59.00, 4.51, 294.36, -58.91, 0.01, 314.96, -15.05);
insert into SHOT values (536, 562, 561, 3587, 7.50, 56.27, -37.00, 7.49, 56.31, -37.00, 0.01, 196.45, 31.36);
insert into SURVEY values (3589, 32, 'terminus', 'terminus.primadona.sistem_prima', NULL);
 insert into CENTRELINE values (3590, 3589, NULL, NULL, NULL, 0.00, 0.00, 0.00);
 insert into SCRAPS values (3591, 3589, 'terminusp_1', 1);
 insert into SCRAPS values (3603, 3589, 'terminusp_2', 1);
 insert into SCRAPS values (3612, 3589, 'terminusp_3', 1);
 insert into MAPS values (3628, 3589, 'mterminus-p', NULL, 1, 51.290, 9.410);
 insert into MAPITEMS values (3628, 4, 3629);
 insert into MAPITEMS values (3628, 4, 3630);
 insert into MAPITEMS values (3628, 4, 3631);
 insert into MAPS values (3629, 3589, 'mterminus-p1', NULL, 1, 51.290, 9.410);
 insert into MAPITEMS values (3629, 4, 3591);
 insert into MAPS values (3630, 3589, 'mterminus-p2', NULL, 1, 51.290, 9.410);
 insert into MAPITEMS values (3630, 4, 3603);
 insert into MAPS values (3631, 3589, 'mterminus-p3', NULL, 1, 51.290, 9.410);
 insert into MAPITEMS values (3631, 4, 3612);
 insert into CENTRELINE values (3634, 3589, NULL, '2016-07-21', NULL, 51.29, 0.00, 0.00);
 insert into PERSON values (24, 'William', 'French');
insert into TOPO values (24, 3634);
 insert into TOPO values (23, 3634);
 insert into EXPLO values (24, 3634);
 insert into EXPLO values (23, 3634);
 insert into SHOT values (537, 563, 564, 3634, 3.62, 309.27, -12.00, 3.62, 309.39, -11.94, 0.01, 7.25, 17.17);
insert into SHOT values (538, 565, 563, 3634, 3.53, 9.27, 53.00, 3.53, 9.24, 53.10, 0.01, 199.76, 6.61);
insert into SHOT values (539, 566, 565, 3634, 4.04, 298.27, 12.00, 4.04, 298.25, 12.00, 0.00, 173.29, 1.09);
insert into SHOT values (540, 567, 566, 3634, 2.20, 336.27, 5.00, 2.20, 336.36, 4.95, 0.00, 26.69, -23.40);
insert into SHOT values (541, 568, 567, 3634, 1.93, 297.27, 26.00, 1.93, 297.45, 25.83, 0.01, 19.65, -48.33);
insert into SHOT values (542, 568, 569, 3634, 3.60, 175.27, 8.00, 3.60, 175.17, 7.99, 0.01, 65.74, -8.40);
insert into SHOT values (543, 570, 569, 3634, 5.60, 4.27, -90.00, 5.60, 90.00, -90.00, 0.00, 4.27, 77.82);
insert into SHOT values (544, 571, 570, 3634, 3.34, 80.27, -35.00, 3.34, 80.33, -34.89, 0.01, 122.99, 55.18);
insert into SHOT values (545, 572, 571, 3634, 7.57, 63.27, 2.00, 7.57, 63.30, 1.97, 0.01, 128.93, -49.29);
insert into SHOT values (546, 573, 574, 3634, 4.81, 37.27, 1.00, 4.81, 37.23, 1.07, 0.01, 318.98, 56.14);
insert into SHOT values (547, 575, 573, 3634, 2.22, 235.27, -23.00, 2.22, 235.15, -23.02, 0.01, 184.32, -23.46);
insert into SHOT values (548, 572, 575, 3634, 2.60, 127.27, -31.00, 2.61, 127.18, -30.96, 0.01, 92.25, -7.79);
insert into SHOT values (549, 576, 572, 3634, 5.39, 176.27, -18.00, 5.38, 176.31, -17.96, 0.01, 330.21, 42.19);
insert into SHOT values (550, 576, 577, 3634, 0.84, 102.27, 0.00, 0.84, 102.38, 0.00, 0.00, 209.35, 0.00);
insert into SURVEY values (3636, 32, 'dejavu', 'dejavu.primadona.sistem_prima', NULL);
 insert into CENTRELINE values (3637, 3636, NULL, NULL, NULL, 0.00, 0.00, 0.00);
 insert into SCRAPS values (3638, 3636, 'dejavup_1', 1);
 insert into SCRAPS values (3685, 3636, 'dejavup_2', 1);
 insert into SCRAPS values (3696, 3636, 'dejavup_3', 1);
 insert into MAPS values (3727, 3636, 'mdejavu-p', NULL, 1, 90.690, 19.520);
 insert into MAPITEMS values (3727, 4, 3728);
 insert into MAPITEMS values (3727, 4, 3730);
 insert into MAPITEMS values (3727, 4, 3729);
 insert into MAPS values (3728, 3636, 'mdejavu-p1', NULL, 1, 90.690, 19.520);
 insert into MAPITEMS values (3728, 4, 3638);
 insert into MAPS values (3729, 3636, 'mdejavu-p2', NULL, 1, 90.690, 19.520);
 insert into MAPITEMS values (3729, 4, 3685);
 insert into MAPS values (3730, 3636, 'mdejavu-p3', NULL, 1, 90.690, 19.520);
 insert into MAPITEMS values (3730, 4, 3696);
 insert into CENTRELINE values (3731, 3636, NULL, '2016-07-20', '2016-07-20', 90.69, 0.00, 9.06);
 insert into TOPO values (17, 3731);
 insert into PERSON values (25, 'Clare', 'Tan');
insert into TOPO values (25, 3731);
 insert into EXPLO values (17, 3731);
 insert into EXPLO values (25, 3731);
 insert into SHOT values (551, 578, 579, 3731, 5.01, 25.27, 36.00, 5.00, 25.30, 35.99, 0.01, 185.64, -42.69);
insert into SHOT values (552, 579, 580, 3731, 6.22, 318.27, 13.00, 6.22, 318.34, 13.00, 0.01, 28.82, 5.96);
insert into SHOT values (553, 580, 581, 3731, 4.22, 295.27, -17.00, 4.22, 295.23, -16.95, 0.00, 193.19, 50.93);
insert into SHOT values (554, 581, 582, 3731, 3.54, 82.27, 5.00, 3.54, 82.35, 5.02, 0.01, 126.63, 12.14);
insert into SHOT values (555, 582, 583, 3731, 4.92, 64.27, -2.00, 4.92, 64.22, -2.10, 0.01, 3.60, -55.41);
insert into SHOT values (556, 583, 584, 3731, 4.92, 65.27, 37.00, 4.91, 65.27, 37.06, 0.01, 248.74, -5.47);
insert into SHOT values (557, 584, 585, 3731, 1.75, 111.27, -11.00, 1.76, 111.06, -10.83, 0.01, 70.34, 21.81);
insert into SHOT values (558, 585, 586, 3731, 6.65, 42.27, 44.00, 6.65, 42.20, 44.03, 0.01, 273.28, 3.80);
insert into SHOT values (559, 586, 587, 3731, 15.05, 312.27, 25.00, 15.04, 312.27, 25.01, 0.01, 153.62, -3.90);
insert into SHOT values (560, 587, 588, 3731, 2.39, 175.27, -31.00, 2.39, 175.24, -31.00, 0.00, 36.27, 24.49);
insert into SHOT values (561, 588, 589, 3731, 18.76, 225.27, 12.00, 18.76, 225.29, 12.00, 0.00, 320.85, -5.89);
insert into SHOT values (562, 588, 590, 3731, 17.26, 214.27, -21.00, 17.26, 214.30, -21.02, 0.01, 314.73, -30.36);
insert into SHOT values (563, 578, 591, 3731, 9.06, 143.27, 10.00, 9.06, 143.25, 9.98, 0.01, 73.69, -34.37);
insert into SHOT_FLAG values(563, 'dpl');
insert into SURVEY values (3733, 32, 'tight_and_scrotty', 'tight_and_scrotty.primadona.sistem_prima', NULL);
 insert into CENTRELINE values (3734, 3733, NULL, NULL, NULL, 0.00, 0.00, 0.00);
 insert into SCRAPS values (3735, 3733, 'tight_and_scrotty-p1', 1);
 insert into MAPS values (3778, 3733, 'mtight_and_scrotty-p', NULL, 1, 43.790, 21.410);
 insert into MAPITEMS values (3778, 4, 3735);
 insert into CENTRELINE values (3779, 3733, NULL, '2016-07-26', NULL, 43.79, 0.00, 0.00);
 insert into TOPO values (16, 3779);
 insert into TOPO values (23, 3779);
 insert into EXPLO values (16, 3779);
 insert into EXPLO values (23, 3779);
 insert into EXPLO values (25, 3779);
 insert into EXPLO values (18, 3779);
 insert into SHOT values (564, 592, 593, 3779, 13.75, 184.28, 72.00, 13.75, 184.18, 71.99, 0.01, 112.60, 21.88);
insert into SHOT values (565, 593, 594, 3779, 3.25, 189.28, 5.00, 3.25, 189.23, 4.94, 0.01, 158.08, -32.69);
insert into SHOT values (566, 595, 594, 3779, 3.43, 4.28, -90.00, 3.43, 90.00, -90.00, 0.00, 4.28, 85.82);
insert into SHOT values (567, 596, 595, 3779, 4.40, 334.28, 3.00, 4.40, 334.37, 3.00, 0.01, 78.24, -2.19);
insert into SHOT values (568, 597, 596, 3779, 7.52, 4.28, 5.00, 7.52, 4.29, 5.04, 0.00, 110.81, 72.05);
insert into SHOT values (569, 597, 598, 3779, 4.67, 4.28, 90.00, 4.67, 90.00, 90.00, 0.00, 4.28, 77.38);
insert into SHOT values (570, 599, 598, 3779, 4.80, 349.28, 0.00, 4.80, 349.18, 0.00, 0.01, 227.99, 0.00);
insert into SHOT values (571, 599, 600, 3779, 1.97, 24.28, 25.00, 1.97, 24.13, 25.19, 0.01, 301.16, 57.50);
insert into SURVEY values (3781, 32, 'gamblers_ruin', 'gamblers_ruin.primadona.sistem_prima', NULL);
 insert into CENTRELINE values (3782, 3781, NULL, NULL, NULL, 0.00, 0.00, 0.00);
 insert into SCRAPS values (3783, 3781, 'gamblers_ruin-p1', 1);
 insert into MAPS values (3809, 3781, 'mgamblers_ruin-p', NULL, 1, 40.510, 25.780);
 insert into MAPITEMS values (3809, 4, 3783);
 insert into CENTRELINE values (3810, 3781, NULL, '2016-07-26', '2016-07-26', 40.51, 0.00, 0.00);
 insert into TOPO values (16, 3810);
 insert into TOPO values (23, 3810);
 insert into EXPLO values (16, 3810);
 insert into SHOT values (572, 601, 602, 3810, 8.67, 164.28, 45.00, 8.67, 164.29, 45.00, 0.00, 311.12, -18.54);
insert into SHOT values (573, 602, 603, 3810, 4.92, 169.28, 40.00, 4.92, 169.29, 40.09, 0.01, 337.45, 65.72);
insert into SHOT values (574, 603, 604, 3810, 5.87, 149.28, 5.00, 5.87, 149.27, 4.98, 0.00, 141.83, -22.10);
insert into SHOT values (575, 605, 604, 3810, 5.76, 4.28, -90.00, 5.76, 90.00, -90.00, 0.00, 4.28, 23.83);
insert into SHOT values (576, 605, 606, 3810, 4.87, 139.28, 75.00, 4.87, 139.50, 74.96, 0.01, 206.14, -37.49);
insert into SHOT values (577, 607, 606, 3810, 3.23, 319.28, -25.00, 3.23, 319.29, -25.07, 0.01, 354.15, -73.62);
insert into SHOT values (578, 608, 607, 3810, 5.08, 14.28, -45.00, 5.08, 14.35, -44.98, 0.00, 105.59, 25.79);
insert into SHOT values (579, 608, 609, 3810, 2.11, 144.28, 15.00, 2.11, 144.20, 15.13, 0.01, 359.99, 40.12);
insert into SURVEY values (3812, 32, 'memorylane', 'memorylane.primadona.sistem_prima', 'Memory Lane, resurvey of lower entrance series');
 insert into CENTRELINE values (3813, 3812, NULL, NULL, NULL, 0.00, 0.00, 0.00);
 insert into CENTRELINE values (3814, 3812, NULL, '2016-07-18', NULL, 0.00, 0.00, 118.39);
 insert into TOPO values (16, 3814);
 insert into TOPO values (20, 3814);
 insert into SHOT values (580, 610, 611, 3814, 2.37, 231.27, -17.00, 2.05, 232.38, -14.70, 0.34, 43.63, 31.05);
insert into SHOT_FLAG values(580, 'dpl');
insert into SHOT values (581, 611, 612, 3814, 5.68, 352.27, 23.00, 6.01, 353.68, 24.80, 0.40, 23.30, 49.12);
insert into SHOT_FLAG values(581, 'dpl');
insert into SHOT values (582, 612, 613, 3814, 8.05, 42.27, 8.00, 8.36, 41.54, 11.10, 0.55, 17.84, 62.62);
insert into SHOT_FLAG values(582, 'dpl');
insert into SHOT values (583, 613, 614, 3814, 11.14, 346.27, 34.00, 11.48, 348.69, 36.07, 0.66, 70.95, 53.47);
insert into SHOT_FLAG values(583, 'dpl');
insert into SHOT values (584, 614, 615, 3814, 8.18, 11.27, 85.00, 8.51, 12.20, 82.33, 0.51, 13.76, 33.61);
insert into SHOT_FLAG values(584, 'dpl');
insert into SHOT values (585, 615, 616, 3814, 6.43, 322.27, 7.00, 6.59, 324.84, 9.96, 0.47, 32.21, 49.00);
insert into SHOT_FLAG values(585, 'dpl');
insert into SHOT values (586, 616, 617, 3814, 19.18, 27.27, 72.00, 19.59, 27.37, 67.96, 1.43, 27.75, -3.26);
insert into SHOT_FLAG values(586, 'dpl');
insert into SHOT values (587, 617, 618, 3814, 3.08, 15.27, 3.00, 3.36, 15.78, 5.29, 0.31, 21.53, 28.70);
insert into SHOT_FLAG values(587, 'dpl');
insert into SHOT values (588, 618, 619, 3814, 8.85, 290.27, 21.00, 8.96, 293.63, 24.81, 0.77, 37.10, 49.76);
insert into SHOT_FLAG values(588, 'dpl');
insert into SHOT values (589, 619, 620, 3814, 22.62, 25.27, 82.00, 22.61, 25.26, 82.02, 0.01, 210.95, -51.38);
insert into SHOT_FLAG values(589, 'dpl');
insert into SHOT values (590, 620, 621, 3814, 8.92, 29.27, 28.00, 8.92, 29.27, 28.02, 0.00, 265.10, 63.32);
insert into SHOT_FLAG values(590, 'dpl');
insert into SHOT values (591, 621, 622, 3814, 4.22, 281.27, 18.00, 4.22, 281.37, 18.10, 0.01, 48.14, 36.36);
insert into SHOT_FLAG values(591, 'dpl');
insert into SHOT values (592, 622, 623, 3814, 9.67, 309.27, -18.00, 9.67, 309.26, -18.01, 0.00, 196.83, -44.74);
insert into SHOT_FLAG values(592, 'dpl');
insert into MAPS values (3838, 32, 'm../2017-p', 'Year ../2017', 1, 1722.680, 198.100);
 insert into MAPITEMS values (3838, 4, 4305);
 insert into MAPITEMS values (3838, 4, 4762);
 insert into MAPITEMS values (3838, 4, 5071);
 insert into MAPITEMS values (3838, 4, 4058);
 insert into MAPITEMS values (3838, 4, 4922);
 insert into MAPITEMS values (3838, 4, 4576);
 insert into MAPITEMS values (3838, 4, 5111);
 insert into MAPITEMS values (3838, 4, 4021);
 insert into MAPITEMS values (3838, 4, 4169);
 insert into MAPITEMS values (3838, 4, 4510);
 insert into MAPITEMS values (3838, 4, 4878);
 insert into MAPITEMS values (3838, 4, 4893);
 insert into MAPITEMS values (3838, 4, 5012);
 insert into MAPITEMS values (3838, 4, 4393);
 insert into MAPITEMS values (3838, 4, 5043);
 insert into MAPITEMS values (3838, 4, 4462);
 insert into MAPITEMS values (3838, 4, 4111);
 insert into MAPITEMS values (3838, 4, 4650);
 insert into MAPITEMS values (3838, 4, 4236);
 insert into MAPITEMS values (3838, 4, 4698);
 insert into MAPITEMS values (3838, 4, 4137);
 insert into MAPITEMS values (3838, 4, 5136);
 insert into SURVEY values (3839, 32, 'buckwheat', 'buckwheat.primadona.sistem_prima', NULL);
 insert into CENTRELINE values (3840, 3839, NULL, NULL, NULL, 0.00, 0.00, 0.00);
 insert into SCRAPS values (3841, 3839, 'buckwheat-p1', 1);
 insert into MAPS values (3911, 3839, 'mbuckwheat-p', NULL, 1, 0.000, 21.250);
 insert into MAPITEMS values (3911, 4, 3841);
 insert into CENTRELINE values (3912, 3839, NULL, '2017-07-19', NULL, 0.00, 0.00, 37.49);
 insert into TOPO values (15, 3912);
 insert into TOPO values (17, 3912);
 insert into SHOT values (593, 624, 625, 3912, 3.60, 341.40, -2.00, 3.53, 340.49, -1.95, 0.09, 202.09, 3.74);
insert into SHOT_FLAG values(593, 'dpl');
insert into SHOT values (594, 625, 626, 3912, 4.71, 4.40, -90.00, 4.71, 225.00, -89.48, 0.04, 225.00, -0.00);
insert into SHOT_FLAG values(594, 'dpl');
insert into SHOT values (595, 626, 627, 3912, 4.38, 15.40, -34.00, 4.28, 15.10, -34.42, 0.11, 205.98, 16.16);
insert into SHOT_FLAG values(595, 'dpl');
insert into SHOT values (596, 627, 628, 3912, 17.36, 4.40, 90.00, 17.37, 244.44, 89.16, 0.26, 244.44, 2.25);
insert into SHOT_FLAG values(596, 'dpl');
insert into SHOT values (597, 628, 629, 3912, 3.06, 13.40, 56.00, 3.03, 12.45, 56.58, 0.05, 226.60, -7.76);
insert into SHOT_FLAG values(597, 'dpl');
insert into SHOT values (598, 629, 630, 3912, 4.38, 32.40, 18.00, 4.29, 31.74, 18.36, 0.11, 238.15, -1.85);
insert into SHOT_FLAG values(598, 'dpl');
insert into SURVEY values (3914, 32, 'TTTr', 'TTTr.primadona.sistem_prima', 'TTT branch resurvey');
 insert into CENTRELINE values (3915, 3914, NULL, NULL, NULL, 0.00, 0.00, 0.00);
 insert into SCRAPS values (3916, 3914, 'TTTr-p1', 1);
 insert into SCRAPS values (3949, 3914, 'TTTr-p2', 1);
 insert into SCRAPS values (3957, 3914, 'TTTr-p3', 1);
 insert into MAPS values (3971, 3914, 'mTTTr-p', NULL, 1, 35.310, 129.930);
 insert into MAPITEMS values (3971, 4, 3974);
 insert into MAPITEMS values (3971, 4, 3972);
 insert into MAPITEMS values (3971, 4, 3973);
 insert into MAPS values (3972, 3914, 'mTTTr-p1', NULL, 1, 35.310, 129.930);
 insert into MAPITEMS values (3972, 4, 3916);
 insert into MAPS values (3973, 3914, 'mTTTr-p2', NULL, 1, 35.310, 129.930);
 insert into MAPITEMS values (3973, 4, 3949);
 insert into MAPS values (3974, 3914, 'mTTTr-p3', NULL, 1, 35.310, 129.930);
 insert into MAPITEMS values (3974, 4, 3957);
 insert into CENTRELINE values (3976, 3914, NULL, '2017-07-17', NULL, 35.31, 0.00, 280.31);
 insert into TOPO values (15, 3976);
 insert into TOPO values (17, 3976);
 insert into SHOT values (599, 631, 632, 3976, 4.59, 119.40, 9.00, 4.52, 120.41, 9.16, 0.11, 250.87, 1.07);
insert into SHOT_FLAG values(599, 'dpl');
insert into SHOT values (600, 632, 633, 3976, 16.70, 4.40, 90.00, 16.72, 244.54, 89.20, 0.23, 244.54, 4.91);
insert into SHOT_FLAG values(600, 'dpl');
insert into SHOT values (601, 633, 634, 3976, 5.03, 4.40, 90.00, 5.04, 243.43, 89.49, 0.05, 243.43, 12.60);
insert into SHOT values (602, 634, 635, 3976, 7.26, 256.40, 4.00, 7.38, 256.17, 4.04, 0.13, 242.82, 6.22);
insert into SHOT values (603, 635, 636, 3976, 8.97, 156.40, 74.00, 8.99, 157.68, 74.01, 0.06, 243.99, 17.48);
insert into SHOT values (604, 636, 637, 3976, 7.55, 199.40, 18.00, 7.64, 200.35, 17.76, 0.15, 251.99, -1.16);
insert into SHOT values (605, 637, 638, 3976, 6.50, 311.40, -19.00, 6.55, 310.23, -18.60, 0.14, 247.33, 10.55);
insert into SHOT values (606, 638, 639, 3976, 13.02, 4.40, 90.00, 13.03, 243.43, 89.31, 0.16, 243.43, 3.66);
insert into SHOT_FLAG values(606, 'dpl');
insert into SHOT values (607, 639, 640, 3976, 4.40, 16.40, -7.00, 4.12, 16.48, -6.97, 0.28, 195.15, 7.39);
insert into SHOT_FLAG values(607, 'dpl');
insert into SHOT values (608, 640, 641, 3976, 5.63, 61.40, 0.00, 5.44, 63.58, 0.53, 0.29, 194.86, 9.96);
insert into SHOT_FLAG values(608, 'dpl');
insert into SHOT values (609, 641, 642, 3976, 9.74, 41.40, 4.00, 9.49, 43.24, 4.89, 0.42, 172.19, 17.99);
insert into SHOT_FLAG values(609, 'dpl');
insert into SHOT values (610, 642, 643, 3976, 2.66, 80.40, -5.00, 2.54, 82.73, -4.74, 0.16, 220.11, 7.80);
insert into SHOT_FLAG values(610, 'dpl');
insert into SHOT values (611, 643, 644, 3976, 10.91, 9.40, -1.00, 10.63, 8.98, -0.38, 0.31, 204.87, 22.64);
insert into SHOT_FLAG values(611, 'dpl');
insert into SHOT values (612, 644, 645, 3976, 2.95, 260.40, 5.00, 3.08, 258.14, 5.40, 0.18, 216.21, 10.75);
insert into SHOT_FLAG values(612, 'dpl');
insert into SHOT values (613, 645, 646, 3976, 4.89, 347.40, 27.00, 4.68, 346.23, 28.43, 0.25, 186.67, 2.25);
insert into SHOT_FLAG values(613, 'dpl');
insert into SHOT values (614, 646, 647, 3976, 3.77, 20.40, -6.00, 3.49, 20.58, -5.76, 0.28, 198.19, 9.00);
insert into SHOT_FLAG values(614, 'dpl');
insert into SHOT values (615, 647, 648, 3976, 3.85, 307.40, -28.00, 3.74, 304.99, -28.10, 0.18, 179.82, 15.21);
insert into SHOT_FLAG values(615, 'dpl');
insert into SHOT values (616, 648, 649, 3976, 3.27, 45.40, -9.00, 3.02, 46.90, -8.95, 0.26, 207.70, 9.17);
insert into SHOT_FLAG values(616, 'dpl');
insert into SHOT values (617, 649, 650, 3976, 5.28, 4.40, 90.00, 5.32, 195.26, 88.77, 0.12, 195.26, 19.33);
insert into SHOT_FLAG values(617, 'dpl');
insert into SHOT values (618, 650, 651, 3976, 2.85, 39.40, 1.00, 2.59, 40.46, 1.55, 0.27, 209.01, 4.37);
insert into SHOT_FLAG values(618, 'dpl');
insert into SHOT values (619, 651, 652, 3976, 6.74, 141.40, 10.00, 6.93, 143.77, 10.14, 0.34, 199.57, 8.50);
insert into SHOT_FLAG values(619, 'dpl');
insert into SHOT values (620, 652, 653, 3976, 8.60, 49.40, 39.00, 8.45, 51.14, 41.33, 0.43, 200.00, 23.11);
insert into SHOT_FLAG values(620, 'dpl');
insert into SHOT values (621, 653, 654, 3976, 3.40, 61.40, 9.00, 3.22, 63.43, 9.83, 0.22, 210.01, 4.78);
insert into SHOT_FLAG values(621, 'dpl');
insert into SHOT values (622, 654, 655, 3976, 5.14, 72.40, -18.00, 4.98, 74.70, -18.12, 0.25, 201.43, 8.89);
insert into SHOT_FLAG values(622, 'dpl');
insert into SHOT values (623, 655, 656, 3976, 3.49, 37.40, 50.00, 3.36, 38.31, 52.08, 0.18, 206.97, -7.36);
insert into SHOT_FLAG values(623, 'dpl');
insert into SHOT values (624, 656, 657, 3976, 14.10, 64.40, -2.00, 13.96, 68.66, -1.27, 1.07, 163.86, 9.83);
insert into SHOT_FLAG values(624, 'dpl');
insert into SHOT values (625, 657, 658, 3976, 18.90, 18.40, 57.00, 18.91, 18.74, 63.72, 2.22, 196.92, 30.01);
insert into SHOT_FLAG values(625, 'dpl');
insert into SHOT values (626, 658, 659, 3976, 21.08, 4.40, 90.00, 21.13, 195.45, 87.86, 0.79, 195.45, 2.90);
insert into SHOT_FLAG values(626, 'dpl');
insert into SHOT values (627, 659, 660, 3976, 13.09, 36.40, 38.00, 12.94, 38.07, 41.66, 0.89, 193.08, 37.26);
insert into SHOT_FLAG values(627, 'dpl');
insert into SHOT values (628, 660, 661, 3976, 9.27, 51.40, -6.00, 9.05, 53.72, -5.71, 0.43, 172.56, 9.21);
insert into SHOT_FLAG values(628, 'dpl');
insert into SHOT values (629, 661, 662, 3976, 3.11, 50.40, 22.00, 2.91, 51.97, 23.05, 0.22, 210.72, -6.53);
insert into SHOT_FLAG values(629, 'dpl');
insert into SHOT values (630, 662, 663, 3976, 4.59, 39.40, 7.00, 4.34, 40.66, 7.82, 0.28, 199.38, 6.33);
insert into SHOT_FLAG values(630, 'dpl');
insert into SHOT values (631, 663, 664, 3976, 2.28, 4.40, 90.00, 2.32, 195.95, 88.20, 0.08, 195.95, 28.79);
insert into SHOT_FLAG values(631, 'dpl');
insert into SHOT values (632, 664, 665, 3976, 3.24, 45.40, 25.00, 3.03, 46.79, 26.42, 0.23, 208.76, -4.79);
insert into SHOT_FLAG values(632, 'dpl');
insert into SHOT values (633, 665, 666, 3976, 5.96, 27.40, 4.00, 5.70, 28.05, 4.63, 0.28, 193.81, 9.09);
insert into SHOT_FLAG values(633, 'dpl');
insert into SHOT values (634, 666, 667, 3976, 4.08, 65.40, 9.00, 3.91, 67.43, 9.71, 0.22, 207.75, 5.56);
insert into SHOT_FLAG values(634, 'dpl');
insert into SHOT values (635, 667, 668, 3976, 3.10, 1.40, 34.00, 2.89, 0.73, 35.72, 0.23, 188.49, -11.10);
insert into SHOT_FLAG values(635, 'dpl');
insert into SHOT values (636, 668, 669, 3976, 2.97, 61.40, -15.00, 2.77, 63.34, -15.07, 0.22, 216.60, 12.71);
insert into SHOT_FLAG values(636, 'dpl');
insert into SHOT values (637, 669, 670, 3976, 3.52, 120.40, 43.00, 3.61, 122.85, 42.71, 0.15, 176.02, 19.73);
insert into SHOT_FLAG values(637, 'dpl');
insert into SHOT values (638, 670, 671, 3976, 7.00, 8.40, 30.00, 6.78, 8.00, 32.07, 0.33, 195.55, 17.41);
insert into SHOT_FLAG values(638, 'dpl');
insert into SHOT values (639, 671, 672, 3976, 5.81, 56.40, -27.00, 5.61, 58.23, -27.50, 0.26, 198.47, 10.47);
insert into SHOT_FLAG values(639, 'dpl');
insert into SHOT values (640, 672, 673, 3976, 11.50, 26.40, 46.00, 11.36, 27.12, 49.84, 0.78, 198.44, 31.32);
insert into SHOT_FLAG values(640, 'dpl');
insert into SHOT values (641, 673, 674, 3976, 3.89, 4.40, 90.00, 3.93, 192.53, 88.66, 0.10, 192.53, 23.45);
insert into SHOT_FLAG values(641, 'dpl');
insert into SHOT values (642, 674, 675, 3976, 16.32, 38.40, 6.00, 16.08, 40.96, 7.61, 0.88, 151.54, 28.73);
insert into SHOT_FLAG values(642, 'dpl');
insert into SHOT values (643, 675, 676, 3976, 4.62, 51.40, -15.00, 4.39, 52.97, -15.20, 0.26, 204.66, 10.07);
insert into SHOT_FLAG values(643, 'dpl');
insert into SURVEY values (3978, 32, 'fenestrator', 'fenestrator.primadona.sistem_prima', NULL);
 insert into CENTRELINE values (3979, 3978, NULL, NULL, NULL, 0.00, 0.00, 0.00);
 insert into SCRAPS values (3980, 3978, 'fenestratorp_1', 1);
 insert into SCRAPS values (4014, 3978, 'fenestratorp_2', 1);
 insert into MAPS values (4021, 3978, 'mfenestrator-p', NULL, 1, 51.240, 4.810);
 insert into MAPITEMS values (4021, 4, 3980);
 insert into MAPITEMS values (4021, 4, 4014);
 insert into MAPS values (4022, 3978, 'mfenestratorp_1', NULL, 1, 51.240, 4.810);
 insert into MAPITEMS values (4022, 4, 3980);
 insert into MAPS values (4023, 3978, 'mfenestratorp_2', NULL, 1, 51.240, 4.810);
 insert into MAPITEMS values (4023, 4, 4014);
 insert into CENTRELINE values (4024, 3978, NULL, '2017-07-14', '2017-07-14', 51.24, 0.00, 0.00);
 insert into PERSON values (26, 'Benjamin', 'Honan');
insert into TOPO values (26, 4024);
 insert into TOPO values (18, 4024);
 insert into EXPLO values (26, 4024);
 insert into SHOT values (644, 677, 678, 4024, 5.04, 357.40, -20.00, 5.04, 357.46, -19.96, 0.01, 103.08, 36.25);
insert into SHOT values (645, 679, 677, 4024, 2.59, 24.40, 10.00, 2.59, 24.35, 10.02, 0.00, 231.33, 3.12);
insert into SHOT values (646, 680, 679, 4024, 2.46, 66.40, -24.00, 2.46, 66.40, -23.98, 0.00, 72.85, 39.10);
insert into SHOT values (647, 681, 680, 4024, 2.92, 71.40, 45.00, 2.92, 71.39, 44.89, 0.01, 66.55, -54.42);
insert into SHOT values (648, 682, 681, 4024, 1.45, 4.40, -90.00, 1.45, 90.00, -90.00, 0.00, 4.40, -83.65);
insert into SHOT values (649, 683, 682, 4024, 4.59, 357.40, 20.00, 4.59, 357.34, 20.00, 0.00, 286.78, 1.68);
insert into SHOT values (650, 684, 683, 4024, 14.34, 10.40, 0.00, 14.35, 10.40, 0.00, 0.01, 19.09, 0.00);
insert into SHOT values (651, 685, 684, 4024, 8.22, 11.40, 1.00, 8.21, 11.45, 1.05, 0.01, 138.90, 36.49);
insert into SHOT values (652, 686, 685, 4024, 3.23, 230.40, -5.00, 3.23, 230.42, -5.15, 0.01, 325.23, -80.71);
insert into SHOT values (653, 687, 686, 4024, 6.40, 132.40, -45.00, 6.39, 132.40, -44.98, 0.01, 305.49, 66.03);
insert into SURVEY values (4026, 32, 'battery_flattery', 'battery_flattery.primadona.sistem_prima', NULL);
 insert into CENTRELINE values (4027, 4026, NULL, NULL, NULL, 0.00, 0.00, 0.00);
 insert into SCRAPS values (4028, 4026, 'battery_flatteryp_1', 1);
 insert into SCRAPS values (4046, 4026, 'scrap28', 1);
 insert into SCRAPS values (4048, 4026, 'battery_flatteryp_2', 1);
 insert into MAPS values (4058, 4026, 'mbattery_flattery-p', NULL, 1, 63.420, 23.440);
 insert into MAPITEMS values (4058, 4, 4028);
 insert into MAPITEMS values (4058, 4, 4048);
 insert into MAPS values (4059, 4026, 'mbattery_flatteryp_1', NULL, 1, 63.420, 23.440);
 insert into MAPITEMS values (4059, 4, 4028);
 insert into MAPS values (4060, 4026, 'mbattery_flatteryp_2', NULL, 1, 63.420, 23.440);
 insert into MAPITEMS values (4060, 4, 4048);
 insert into CENTRELINE values (4061, 4026, NULL, '2017-07-20', NULL, 63.42, 0.00, 0.00);
 insert into TOPO values (26, 4061);
 insert into TOPO values (18, 4061);
 insert into EXPLO values (26, 4061);
 insert into EXPLO values (25, 4061);
 insert into EXPLO values (18, 4061);
 insert into SHOT values (654, 688, 689, 4061, 1.44, 252.40, 43.00, 1.44, 252.26, 43.32, 0.01, 112.01, 62.33);
insert into SHOT values (655, 690, 688, 4061, 3.00, 264.40, 0.00, 2.99, 264.44, 0.00, 0.01, 64.12, 0.00);
insert into SHOT values (656, 691, 690, 4061, 7.85, 319.40, 23.00, 7.85, 319.32, 22.95, 0.01, 229.34, -36.16);
insert into SHOT values (657, 692, 691, 4061, 11.04, 326.40, -7.00, 11.04, 326.43, -6.97, 0.01, 51.65, 47.36);
insert into SHOT values (658, 693, 692, 4061, 5.06, 252.40, 0.00, 5.06, 252.39, 0.00, 0.00, 89.94, 0.00);
insert into SHOT values (659, 694, 693, 4061, 5.38, 191.40, 5.00, 5.38, 191.41, 5.02, 0.00, 350.08, 15.97);
insert into SHOT values (660, 695, 694, 4061, 7.50, 301.40, 19.00, 7.50, 301.34, 18.98, 0.01, 236.79, -11.68);
insert into SHOT values (661, 696, 695, 4061, 2.12, 214.40, -26.00, 2.12, 214.28, -26.08, 0.01, 71.25, -5.43);
insert into SHOT values (662, 697, 689, 4061, 17.30, 4.40, -90.00, 17.30, 90.00, -90.00, 0.00, 4.40, 37.40);
insert into SHOT values (663, 698, 697, 4061, 2.73, 309.40, -11.00, 2.73, 309.39, -10.99, 0.00, 140.27, 35.70);
insert into SURVEY values (4063, 32, 'plumbers_p', 'plumbers_p.primadona.sistem_prima', NULL);
 insert into CENTRELINE values (4064, 4063, NULL, NULL, NULL, 0.00, 0.00, 0.00);
 insert into SCRAPS values (4065, 4063, 'plumbers_pp_2', 1);
 insert into SCRAPS values (4095, 4063, 'plumbers_pp_1', 1);
 insert into MAPS values (4111, 4063, 'mplumbers_p-p', NULL, 1, 107.670, 24.790);
 insert into MAPITEMS values (4111, 4, 4112);
 insert into MAPITEMS values (4111, 4, 4113);
 insert into MAPS values (4112, 4063, 'mplumbers_pp_1', NULL, 1, 107.670, 24.790);
 insert into MAPITEMS values (4112, 4, 4095);
 insert into MAPS values (4113, 4063, 'mplumbers_pp_2', NULL, 1, 107.670, 24.790);
 insert into MAPITEMS values (4113, 4, 4065);
 insert into CENTRELINE values (4115, 4063, NULL, '2017-07-20', NULL, 107.67, 0.00, 0.00);
 insert into TOPO values (26, 4115);
 insert into TOPO values (25, 4115);
 insert into TOPO values (18, 4115);
 insert into EXPLO values (26, 4115);
 insert into EXPLO values (25, 4115);
 insert into EXPLO values (18, 4115);
 insert into SHOT values (664, 699, 700, 4115, 1.25, 234.40, 30.00, 1.25, 234.40, 29.81, 0.01, 50.65, -86.95);
insert into SHOT values (665, 701, 699, 4115, 1.92, 289.40, 29.00, 1.93, 289.40, 28.89, 0.01, 290.04, -7.35);
insert into SHOT values (666, 702, 701, 4115, 2.71, 300.40, 8.00, 2.71, 300.49, 8.07, 0.01, 66.81, 29.22);
insert into SHOT values (667, 703, 702, 4115, 3.12, 226.40, -5.00, 3.12, 226.30, -4.96, 0.01, 172.94, 16.22);
insert into SHOT values (668, 704, 703, 4115, 5.14, 201.40, -2.00, 5.14, 201.47, -2.01, 0.01, 295.53, -5.59);
insert into SHOT values (669, 705, 704, 4115, 5.92, 177.40, 4.00, 5.92, 177.38, 3.97, 0.00, 103.47, -53.99);
insert into SHOT values (670, 706, 705, 4115, 4.96, 172.40, -1.00, 4.95, 172.34, -1.04, 0.01, 35.80, -26.14);
insert into SHOT values (671, 707, 706, 4115, 3.47, 172.40, -20.00, 3.47, 172.44, -19.85, 0.01, 189.05, 40.37);
insert into SHOT values (672, 708, 707, 4115, 5.20, 164.40, 11.00, 5.19, 164.41, 10.99, 0.01, 337.18, -17.57);
insert into SHOT values (673, 709, 708, 4115, 3.09, 156.40, -1.00, 3.09, 156.34, -0.93, 0.01, 70.05, 49.96);
insert into SHOT values (674, 710, 709, 4115, 6.80, 182.40, -3.00, 6.81, 182.45, -3.03, 0.01, 226.98, -28.03);
insert into SHOT values (675, 711, 710, 4115, 8.24, 164.40, 0.00, 8.24, 164.38, 0.00, 0.01, 130.99, 0.00);
insert into SHOT values (676, 712, 711, 4115, 3.08, 161.40, 1.00, 3.07, 161.39, 0.93, 0.01, 345.45, -22.71);
insert into SHOT values (677, 713, 712, 4115, 0.96, 264.40, 33.00, 0.96, 264.29, 33.39, 0.01, 138.18, 74.95);
insert into SHOT values (678, 713, 714, 4115, 7.52, 322.40, 37.00, 7.52, 322.44, 37.03, 0.01, 68.53, 42.72);
insert into SHOT values (679, 714, 715, 4115, 5.65, 326.40, 11.00, 5.65, 326.40, 11.02, 0.00, 301.07, 64.96);
insert into SHOT values (680, 715, 716, 4115, 5.47, 322.40, -34.00, 5.47, 322.35, -34.01, 0.00, 226.79, -16.02);
insert into SHOT values (681, 716, 717, 4115, 1.27, 174.40, -10.00, 1.27, 174.47, -10.01, 0.01, 336.59, 5.90);
insert into SHOT values (682, 717, 718, 4115, 5.55, 124.40, -63.00, 5.55, 124.32, -63.03, 0.01, 15.91, -53.38);
insert into SHOT values (683, 717, 719, 4115, 9.71, 6.40, 79.00, 9.71, 6.51, 79.00, 0.00, 109.16, -23.48);
insert into SHOT values (684, 719, 720, 4115, 7.75, 286.40, 72.00, 7.75, 286.47, 71.97, 0.00, 326.30, -8.50);
insert into SHOT values (685, 720, 721, 4115, 1.92, 194.40, 10.00, 1.93, 194.33, 9.86, 0.01, 178.49, -21.65);
insert into SHOT values (686, 721, 722, 4115, 4.62, 97.40, 23.00, 4.62, 97.29, 23.05, 0.01, 19.18, 30.53);
insert into SHOT values (687, 722, 723, 4115, 2.35, 179.40, 20.00, 2.35, 179.48, 19.90, 0.01, 239.50, -45.89);
insert into SURVEY values (4117, 32, 'upotyn', 'upotyn.primadona.sistem_prima', NULL);
 insert into CENTRELINE values (4118, 4117, NULL, NULL, NULL, 0.00, 0.00, 0.00);
 insert into SCRAPS values (4119, 4117, 'upotynp_1', 1);
 insert into MAPS values (4137, 4117, 'mupotyn-p', NULL, 1, 32.160, 8.210);
 insert into MAPITEMS values (4137, 4, 4119);
 insert into CENTRELINE values (4138, 4117, NULL, '2017-07-20', '2017-07-20', 32.16, 0.00, 28.23);
 insert into TOPO values (25, 4138);
 insert into TOPO values (18, 4138);
 insert into EXPLO values (18, 4138);
 insert into SHOT values (688, 724, 725, 4138, 3.70, 340.40, 2.00, 3.70, 340.24, 2.01, 0.01, 250.00, 4.89);
insert into SHOT values (689, 726, 724, 4138, 4.08, 343.40, -11.00, 4.08, 343.47, -11.02, 0.00, 65.86, -18.03);
insert into SHOT values (690, 727, 726, 4138, 5.19, 347.40, 4.00, 5.19, 347.39, 4.09, 0.01, 192.31, 71.08);
insert into SHOT values (691, 728, 727, 4138, 4.41, 355.40, 17.00, 4.42, 355.38, 16.98, 0.01, 344.29, 5.61);
insert into SHOT values (692, 729, 728, 4138, 4.24, 15.40, 1.00, 4.23, 15.48, 0.95, 0.01, 149.41, -25.72);
insert into SHOT values (693, 730, 729, 4138, 4.30, 325.40, -11.00, 4.31, 325.41, -10.98, 0.01, 330.62, 4.30);
insert into SHOT values (694, 731, 730, 4138, 6.24, 282.40, -13.00, 6.24, 282.34, -12.97, 0.01, 197.49, 32.22);
insert into SHOT values (695, 732, 731, 4138, 2.34, 333.40, -28.00, 2.34, 333.56, -28.03, 0.01, 63.14, -14.06);
insert into SHOT_FLAG values(695, 'dpl');
insert into SHOT values (696, 733, 732, 4138, 5.70, 6.40, -2.00, 5.70, 6.35, -2.01, 0.01, 258.32, -11.93);
insert into SHOT_FLAG values(696, 'dpl');
insert into SHOT values (697, 734, 733, 4138, 9.80, 13.40, 0.00, 9.81, 13.38, 0.00, 0.01, 350.75, 0.00);
insert into SHOT_FLAG values(697, 'dpl');
insert into SHOT values (698, 735, 734, 4138, 4.26, 326.40, 1.00, 4.25, 326.42, 0.94, 0.01, 137.32, -22.55);
insert into SHOT_FLAG values(698, 'dpl');
insert into SHOT values (699, 735, 736, 4138, 6.13, 303.40, 51.00, 6.13, 303.36, 51.00, 0.01, 170.13, -46.90);
insert into SHOT_FLAG values(699, 'dpl');
insert into SURVEY values (4140, 32, 'hallelujah', 'hallelujah.primadona.sistem_prima', NULL);
 insert into CENTRELINE values (4141, 4140, NULL, NULL, NULL, 0.00, 0.00, 0.00);
 insert into SCRAPS values (4142, 4140, 'hallelujahp_1', 1);
 insert into MAPS values (4169, 4140, 'mhallelujah-p', NULL, 1, 34.460, 6.030);
 insert into MAPITEMS values (4169, 4, 4142);
 insert into CENTRELINE values (4170, 4140, NULL, '2017-07-20', NULL, 34.46, 0.00, 0.00);
 insert into TOPO values (26, 4170);
 insert into TOPO values (18, 4170);
 insert into EXPLO values (26, 4170);
 insert into EXPLO values (25, 4170);
 insert into EXPLO values (18, 4170);
 insert into SHOT values (700, 737, 738, 4170, 3.57, 335.40, 3.00, 3.57, 335.30, 3.05, 0.01, 255.56, 27.39);
insert into SHOT values (701, 739, 738, 4170, 4.71, 154.40, -3.00, 4.71, 154.42, -3.04, 0.00, 307.58, -49.76);
insert into SHOT values (702, 740, 739, 4170, 3.99, 142.40, -23.00, 3.99, 142.41, -23.02, 0.00, 265.65, -45.68);
insert into SHOT values (703, 741, 740, 4170, 4.36, 145.40, -36.00, 4.36, 145.50, -35.94, 0.01, 204.41, 20.89);
insert into SHOT values (704, 742, 741, 4170, 2.44, 69.40, 24.00, 2.44, 69.29, 23.90, 0.01, 31.29, -20.00);
insert into SHOT values (705, 743, 742, 4170, 8.19, 153.40, -7.00, 8.19, 153.40, -6.94, 0.01, 173.43, 79.65);
insert into SHOT values (706, 744, 743, 4170, 4.18, 142.40, -12.00, 4.18, 142.46, -12.02, 0.00, 262.63, -11.13);
insert into SHOT values (707, 745, 744, 4170, 2.30, 164.40, -15.00, 2.30, 164.34, -15.11, 0.01, 94.73, -61.48);
insert into SHOT values (708, 745, 746, 4170, 0.72, 248.40, -6.00, 0.72, 248.79, -6.35, 0.01, 310.40, -40.48);
insert into SURVEY values (4172, 32, 'sweet_baby_jesus', 'sweet_baby_jesus.primadona.sistem_prima', NULL);
 insert into CENTRELINE values (4173, 4172, NULL, NULL, NULL, 0.00, 0.00, 0.00);
 insert into SCRAPS values (4174, 4172, 'sweet_baby_jesusp_1', 1);
 insert into SCRAPS values (4205, 4172, 'sweet_baby_jesusp_2', 1);
 insert into SCRAPS values (4224, 4172, 'sweet_baby_jesusp_3', 1);
 insert into MAPS values (4236, 4172, 'msweet_baby_jesus-p', NULL, 1, 105.170, 18.790);
 insert into MAPITEMS values (4236, 4, 4237);
 insert into MAPITEMS values (4236, 4, 4238);
 insert into MAPITEMS values (4236, 4, 4239);
 insert into MAPS values (4237, 4172, 'msweet_baby_jesusp_1', NULL, 1, 105.170, 18.790);
 insert into MAPITEMS values (4237, 4, 4174);
 insert into MAPS values (4238, 4172, 'msweet_baby_jesusp_2', NULL, 1, 105.170, 18.790);
 insert into MAPITEMS values (4238, 4, 4205);
 insert into MAPS values (4239, 4172, 'msweet_baby_jesusp_3', NULL, 1, 105.170, 18.790);
 insert into MAPITEMS values (4239, 4, 4224);
 insert into CENTRELINE values (4242, 4172, NULL, '2017-07-28', NULL, 105.17, 0.00, 6.89);
 insert into PERSON values (27, 'Rebecca', 'Diss');
insert into TOPO values (27, 4242);
 insert into TOPO values (18, 4242);
 insert into EXPLO values (27, 4242);
 insert into EXPLO values (18, 4242);
 insert into SHOT values (709, 747, 748, 4242, 5.90, 185.40, -9.00, 5.84, 186.18, -9.46, 0.11, 315.06, -20.14);
insert into SHOT values (710, 749, 747, 4242, 2.60, 77.40, 11.00, 2.55, 76.85, 10.62, 0.06, 284.74, -26.43);
insert into SHOT values (711, 750, 749, 4242, 3.66, 172.40, 13.00, 3.58, 172.92, 12.92, 0.09, 331.01, -15.24);
insert into SHOT values (712, 751, 750, 4242, 2.58, 89.40, 17.00, 2.51, 88.81, 16.70, 0.08, 289.88, -25.68);
insert into SHOT values (713, 752, 751, 4242, 6.55, 101.40, 5.00, 6.47, 100.91, 4.70, 0.10, 316.57, -22.97);
insert into SHOT values (714, 753, 752, 4242, 8.23, 156.40, -6.00, 8.14, 156.86, -6.56, 0.13, 302.09, -31.48);
insert into SHOT values (715, 754, 753, 4242, 1.29, 248.40, 9.00, 1.32, 249.34, 8.72, 0.04, 284.26, -2.83);
insert into SHOT values (716, 755, 754, 4242, 9.17, 184.40, -12.00, 9.17, 184.41, -12.03, 0.00, 335.23, -44.87);
insert into SHOT values (717, 756, 755, 4242, 6.20, 117.40, -12.00, 6.20, 117.41, -12.02, 0.00, 285.67, -12.72);
insert into SHOT values (718, 757, 756, 4242, 10.73, 163.40, -49.00, 10.73, 163.42, -48.96, 0.01, 191.93, 64.30);
insert into SHOT values (719, 758, 757, 4242, 2.59, 153.40, -10.00, 2.59, 153.23, -9.99, 0.01, 84.81, -1.79);
insert into SHOT values (720, 759, 758, 4242, 6.45, 165.40, -5.00, 6.45, 165.40, -5.07, 0.01, 162.31, -75.35);
insert into SHOT values (721, 760, 759, 4242, 5.12, 173.40, -21.00, 5.12, 173.51, -20.95, 0.01, 259.38, 27.42);
insert into SHOT values (722, 761, 760, 4242, 3.89, 188.40, -21.00, 3.89, 188.40, -21.10, 0.01, 14.48, -65.34);
insert into SHOT values (723, 762, 761, 4242, 6.05, 110.40, 0.00, 6.05, 110.41, 0.00, 0.00, 207.58, 0.00);
insert into SHOT values (724, 763, 762, 4242, 1.63, 138.40, -41.00, 1.63, 138.29, -40.70, 0.01, 90.68, 70.63);
insert into SHOT values (725, 764, 763, 4242, 3.44, 162.40, -25.00, 3.44, 162.44, -25.11, 0.01, 305.15, -63.16);
insert into SHOT values (726, 765, 764, 4242, 5.67, 131.40, 4.00, 5.68, 131.35, 4.04, 0.01, 84.61, 31.08);
insert into SHOT values (727, 766, 765, 4242, 9.20, 149.40, -1.00, 9.20, 149.42, -1.00, 0.00, 224.21, 10.54);
insert into SHOT values (728, 767, 766, 4242, 4.22, 4.40, 90.00, 4.22, 90.00, 90.00, 0.00, 4.40, 61.85);
insert into SHOT values (729, 768, 767, 4242, 1.81, 38.40, -16.00, 1.81, 38.45, -16.06, 0.00, 192.72, -17.05);
insert into SHOT_FLAG values(729, 'dpl');
insert into SHOT values (730, 769, 768, 4242, 5.08, 337.40, 7.00, 5.09, 337.40, 7.00, 0.01, 332.86, 9.21);
insert into SHOT_FLAG values(730, 'dpl');
insert into SURVEY values (4244, 32, 'alabaster', 'alabaster.primadona.sistem_prima', NULL);
 insert into CENTRELINE values (4245, 4244, NULL, NULL, NULL, 0.00, 0.00, 0.00);
 insert into SCRAPS values (4246, 4244, 'alabasterp_1', 1);
 insert into SCRAPS values (4267, 4244, 'alabasterp_2', 1);
 insert into SCRAPS values (4279, 4244, 'alabasterp_4', 1);
 insert into SCRAPS values (4292, 4244, 'alabasterp_3', 1);
 insert into MAPS values (4305, 4244, 'malabaster-p', NULL, 1, 113.610, 46.450);
 insert into MAPITEMS values (4305, 4, 4306);
 insert into MAPITEMS values (4305, 4, 4307);
 insert into MAPITEMS values (4305, 4, 4308);
 insert into MAPITEMS values (4305, 4, 4309);
 insert into MAPS values (4306, 4244, 'malabasterp_1', NULL, 1, 113.610, 46.450);
 insert into MAPITEMS values (4306, 4, 4246);
 insert into MAPS values (4307, 4244, 'malabasterp_2', NULL, 1, 113.610, 46.450);
 insert into MAPITEMS values (4307, 4, 4267);
 insert into MAPS values (4308, 4244, 'malabasterp_3', NULL, 1, 113.610, 46.450);
 insert into MAPITEMS values (4308, 4, 4292);
 insert into MAPS values (4309, 4244, 'malabasterp_4', NULL, 1, 113.610, 46.450);
 insert into MAPITEMS values (4309, 4, 4279);
 insert into CENTRELINE values (4313, 4244, NULL, '2017-07-30', NULL, 113.61, 0.00, 0.00);
 insert into TOPO values (24, 4313);
 insert into TOPO values (17, 4313);
 insert into EXPLO values (24, 4313);
 insert into EXPLO values (17, 4313);
 insert into SHOT values (731, 770, 771, 4313, 13.23, 326.40, 82.00, 13.23, 326.31, 82.01, 0.00, 197.35, -17.90);
insert into SHOT values (732, 771, 772, 4313, 5.10, 46.40, 26.00, 5.10, 46.41, 25.94, 0.01, 160.68, -80.27);
insert into SHOT values (733, 772, 773, 4313, 2.55, 346.40, 31.00, 2.55, 346.47, 31.19, 0.01, 139.60, 48.27);
insert into SHOT values (734, 773, 774, 4313, 6.84, 8.40, 16.00, 6.89, 7.62, 15.41, 0.12, 313.05, -26.57);
insert into SHOT values (735, 774, 775, 4313, 3.10, 12.40, 37.00, 3.12, 11.49, 36.54, 0.05, 322.90, -6.10);
insert into SHOT values (736, 775, 776, 4313, 4.24, 62.40, 24.00, 4.19, 61.70, 23.76, 0.07, 295.93, -30.51);
insert into SHOT values (737, 776, 777, 4313, 6.55, 24.40, 8.00, 6.58, 23.50, 7.60, 0.12, 312.53, -21.00);
insert into SHOT values (738, 777, 778, 4313, 2.34, 297.40, -24.00, 2.44, 297.83, -23.96, 0.10, 307.87, -22.69);
insert into SHOT values (739, 773, 779, 4313, 3.23, 26.40, 35.00, 3.23, 27.15, 35.42, 0.04, 141.89, 24.57);
insert into SHOT values (740, 779, 780, 4313, 6.19, 51.40, 76.00, 6.23, 52.52, 75.95, 0.05, 115.60, 45.88);
insert into SHOT values (741, 780, 781, 4313, 1.22, 173.40, -9.00, 1.28, 172.76, -8.51, 0.07, 161.10, 0.73);
insert into SHOT values (742, 781, 782, 4313, 3.85, 4.40, 90.00, 3.88, 135.00, 89.58, 0.04, 135.00, 46.69);
insert into SHOT values (743, 782, 783, 4313, 2.70, 125.40, 29.00, 2.80, 125.37, 28.83, 0.10, 124.64, 24.17);
insert into SHOT values (744, 783, 784, 4313, 4.95, 192.40, 2.00, 5.01, 191.76, 2.40, 0.09, 148.13, 24.79);
insert into SHOT values (745, 784, 785, 4313, 2.91, 269.40, 64.00, 2.91, 268.61, 64.75, 0.04, 115.16, 20.25);
insert into SHOT values (746, 785, 786, 4313, 7.02, 349.40, 8.00, 6.95, 349.95, 8.52, 0.11, 128.85, 27.78);
insert into SHOT values (747, 786, 787, 4313, 6.88, 36.40, 66.00, 6.91, 37.41, 66.24, 0.06, 145.30, 34.09);
insert into SHOT values (748, 787, 788, 4313, 5.25, 44.40, 20.00, 5.26, 45.16, 20.34, 0.07, 132.83, 27.68);
insert into SHOT values (749, 788, 789, 4313, 2.70, 81.40, 11.00, 2.76, 82.14, 11.08, 0.07, 113.79, 12.86);
insert into SHOT values (750, 789, 790, 4313, 4.65, 68.40, 19.00, 4.70, 69.16, 19.24, 0.08, 121.70, 26.36);
insert into SHOT values (751, 790, 791, 4313, 5.39, 29.40, 2.00, 5.37, 30.34, 2.35, 0.10, 133.86, 19.38);
insert into SHOT values (752, 791, 792, 4313, 2.27, 88.40, 12.00, 2.33, 88.99, 12.13, 0.07, 109.88, 15.67);
insert into SHOT values (753, 792, 793, 4313, 5.76, 81.40, 13.00, 5.83, 82.10, 13.19, 0.10, 129.82, 20.43);
insert into SHOT values (754, 793, 794, 4313, 4.40, 352.40, 9.00, 4.33, 352.87, 9.43, 0.08, 146.67, 14.99);
insert into SHOT values (755, 794, 795, 4313, 0.29, 278.40, -2.00, 0.21, 275.44, 0.00, 0.08, 106.25, 7.22);
insert into SURVEY values (4315, 32, 'jack_of_hearts', 'jack_of_hearts.primadona.sistem_prima', NULL);
 insert into CENTRELINE values (4316, 4315, NULL, NULL, NULL, 0.00, 0.00, 0.00);
 insert into SCRAPS values (4317, 4315, 'jack_of_heartsp_1', 1);
 insert into SCRAPS values (4334, 4315, 'jack_of_heartsp_2', 1);
 insert into SCRAPS values (4343, 4315, 'jack_of_heartsp_3', 1);
 insert into SCRAPS values (4363, 4315, 'jack_of_heartsp_4', 1);
 insert into MAPS values (4393, 4315, 'mjack_of_hearts-p', NULL, 1, 158.690, 62.810);
 insert into MAPITEMS values (4393, 4, 4394);
 insert into MAPITEMS values (4393, 4, 4395);
 insert into MAPITEMS values (4393, 4, 4396);
 insert into MAPITEMS values (4393, 4, 4397);
 insert into MAPS values (4394, 4315, 'mjack_of_heartsp_1', NULL, 1, 158.690, 62.810);
 insert into MAPITEMS values (4394, 4, 4317);
 insert into MAPS values (4395, 4315, 'mjack_of_heartsp_2', NULL, 1, 158.690, 62.810);
 insert into MAPITEMS values (4395, 4, 4334);
 insert into MAPS values (4396, 4315, 'mjack_of_heartsp_3', NULL, 1, 158.690, 62.810);
 insert into MAPITEMS values (4396, 4, 4343);
 insert into MAPS values (4397, 4315, 'mjack_of_heartsp_4', NULL, 1, 158.690, 62.810);
 insert into MAPITEMS values (4397, 4, 4363);
 insert into CENTRELINE values (4401, 4315, NULL, '2017-07-20', NULL, 158.69, 0.00, 33.24);
 insert into TOPO values (15, 4401);
 insert into TOPO values (17, 4401);
 insert into EXPLO values (15, 4401);
 insert into EXPLO values (17, 4401);
 insert into SHOT values (756, 796, 797, 4401, 12.60, 4.40, 90.00, 12.60, 90.00, 90.00, 0.00, 4.40, 72.17);
insert into SHOT values (757, 798, 797, 4401, 4.42, 136.40, 9.00, 4.42, 136.39, 8.98, 0.00, 337.20, -42.99);
insert into SHOT values (758, 799, 800, 4401, 5.60, 205.40, -14.00, 5.60, 205.39, -13.95, 0.01, 156.91, 70.16);
insert into SHOT values (759, 799, 801, 4401, 2.80, 339.40, -6.00, 2.80, 339.42, -5.94, 0.00, 356.06, 38.23);
insert into SHOT values (760, 802, 801, 4401, 1.91, 208.40, 3.00, 1.91, 208.44, 3.00, 0.00, 232.27, 0.62);
insert into SHOT values (761, 803, 802, 4401, 8.66, 162.40, -13.00, 8.66, 162.40, -13.02, 0.00, 334.94, -29.67);
insert into SHOT values (762, 804, 803, 4401, 3.40, 183.40, -19.00, 3.40, 183.39, -18.88, 0.01, 144.09, 80.94);
insert into SHOT values (763, 804, 805, 4401, 8.99, 332.40, -3.00, 8.98, 332.38, -3.00, 0.01, 186.21, 4.71);
insert into SHOT values (764, 806, 805, 4401, 3.08, 166.40, -60.00, 3.08, 166.50, -59.98, 0.00, 213.71, -34.64);
insert into SHOT values (765, 807, 806, 4401, 3.63, 128.40, 4.00, 3.63, 128.39, 3.95, 0.00, 109.10, -55.14);
insert into SHOT values (766, 807, 808, 4401, 7.61, 346.40, 12.00, 7.60, 346.39, 11.99, 0.01, 176.03, -23.84);
insert into SHOT values (767, 808, 809, 4401, 3.04, 344.40, 12.00, 3.05, 344.42, 11.94, 0.01, 356.73, -18.93);
insert into SHOT values (768, 810, 809, 4401, 6.59, 172.40, -5.00, 6.59, 172.39, -5.05, 0.01, 147.80, -60.08);
insert into SHOT values (769, 810, 811, 4401, 4.45, 4.40, 90.00, 4.45, 90.00, 90.00, 0.00, 4.40, 71.07);
insert into SHOT values (770, 811, 812, 4401, 1.68, 311.40, 41.00, 1.67, 311.14, 41.09, 0.01, 172.76, -14.30);
insert into SHOT values (771, 812, 813, 4401, 6.76, 27.40, 47.00, 6.76, 27.34, 46.94, 0.01, 346.51, -29.14);
insert into SHOT values (772, 813, 814, 4401, 4.27, 64.40, 8.00, 4.26, 64.47, 8.09, 0.01, 205.35, 36.26);
insert into SHOT values (773, 815, 814, 4401, 3.68, 163.40, -36.00, 3.68, 163.45, -35.90, 0.01, 184.59, 23.77);
insert into SHOT values (774, 815, 816, 4401, 3.80, 24.40, -10.00, 3.80, 24.44, -9.99, 0.00, 64.09, -1.74);
insert into SHOT values (775, 816, 817, 4401, 6.35, 4.40, 90.00, 6.35, 90.00, 90.00, 0.00, 4.40, -76.25);
insert into SHOT values (776, 817, 818, 4401, 6.70, 352.40, 16.00, 6.70, 352.41, 16.04, 0.01, 155.00, 37.06);
insert into SHOT values (777, 818, 819, 4401, 5.85, 4.40, 90.00, 5.85, 90.00, 90.00, 0.00, 4.40, -77.29);
insert into SHOT values (778, 819, 820, 4401, 3.96, 338.40, 12.00, 3.96, 338.34, 11.95, 0.01, 250.37, -37.60);
insert into SHOT values (779, 820, 821, 4401, 3.28, 315.40, -13.00, 3.28, 315.51, -13.04, 0.01, 42.45, -19.84);
insert into SHOT values (780, 798, 821, 4401, 4.77, 188.40, -27.00, 4.77, 188.40, -27.07, 0.01, 10.76, -44.21);
insert into SHOT values (781, 798, 822, 4401, 5.73, 333.40, 31.00, 5.73, 333.38, 31.00, 0.00, 204.99, -32.00);
insert into SHOT values (782, 822, 823, 4401, 5.35, 333.40, 17.00, 5.35, 333.43, 16.94, 0.01, 9.10, -37.93);
insert into SHOT values (783, 823, 824, 4401, 19.73, 4.40, 90.00, 19.73, 90.00, 90.00, 0.00, 4.40, 14.46);
insert into SHOT values (784, 824, 825, 4401, 7.58, 133.40, 7.00, 7.58, 133.44, 7.05, 0.01, 263.66, 44.07);
insert into SHOT_FLAG values(784, 'dpl');
insert into SHOT values (785, 826, 825, 4401, 7.75, 323.40, 21.00, 7.76, 323.37, 21.01, 0.01, 283.06, 22.76);
insert into SHOT_FLAG values(785, 'dpl');
insert into SHOT values (786, 826, 827, 4401, 4.80, 136.40, -4.00, 4.80, 136.44, -4.06, 0.01, 220.85, -57.92);
insert into SHOT_FLAG values(786, 'dpl');
insert into SHOT values (787, 828, 827, 4401, 3.95, 177.40, 4.00, 3.95, 177.38, 3.92, 0.01, 161.33, -54.96);
insert into SHOT_FLAG values(787, 'dpl');
insert into SHOT values (788, 828, 829, 4401, 5.16, 285.40, 0.00, 5.16, 285.41, 0.00, 0.00, 93.11, 0.00);
insert into SHOT_FLAG values(788, 'dpl');
insert into SHOT values (789, 829, 830, 4401, 4.00, 4.40, -90.00, 4.00, 90.00, -90.00, 0.00, 4.40, 0.00);
insert into SHOT_FLAG values(789, 'dpl');
insert into SURVEY values (4403, 32, 'more_like_welding', 'more_like_welding.primadona.sistem_prima', 'More like Welding');
 insert into CENTRELINE values (4404, 4403, NULL, NULL, NULL, 0.00, 0.00, 0.00);
 insert into SCRAPS values (4405, 4403, 'more_like_welding-p1', 1);
 insert into SCRAPS values (4427, 4403, 'more_like_welding-p2', 1);
 insert into SCRAPS values (4439, 4403, 'more_like_welding-p3', 1);
 insert into MAPS values (4462, 4403, 'mmore_like_welding-p', NULL, 1, 87.370, 39.790);
 insert into MAPITEMS values (4462, 4, 4463);
 insert into MAPITEMS values (4462, 4, 4464);
 insert into MAPITEMS values (4462, 4, 4465);
 insert into MAPS values (4463, 4403, 'mmore_like_welding-p1', NULL, 1, 87.370, 39.790);
 insert into MAPITEMS values (4463, 4, 4405);
 insert into MAPS values (4464, 4403, 'mmore_like_welding-p2', NULL, 1, 87.370, 39.790);
 insert into MAPITEMS values (4464, 4, 4427);
 insert into MAPS values (4465, 4403, 'mmore_like_welding-p3', NULL, 1, 87.370, 39.790);
 insert into MAPITEMS values (4465, 4, 4439);
 insert into CENTRELINE values (4467, 4403, NULL, '2017-07-31', NULL, 87.37, 0.00, 18.42);
 insert into TOPO values (17, 4467);
 insert into PERSON values (28, 'David', 'Wilson');
insert into TOPO values (28, 4467);
 insert into EXPLO values (17, 4467);
 insert into EXPLO values (28, 4467);
 insert into SHOT values (790, 831, 832, 4467, 2.20, 56.40, 30.00, 2.26, 56.47, 30.24, 0.06, 59.09, 38.59);
insert into SHOT_FLAG values(790, 'dpl');
insert into SHOT values (791, 832, 833, 4467, 16.22, 4.40, 90.00, 16.26, 83.66, 89.68, 0.10, 83.66, 23.83);
insert into SHOT_FLAG values(791, 'dpl');
insert into SHOT values (792, 833, 834, 4467, 11.10, 193.40, 16.00, 11.10, 192.77, 16.75, 0.19, 85.66, 48.61);
insert into SHOT values (793, 834, 835, 4467, 6.32, 182.40, 0.00, 6.30, 181.91, 0.45, 0.08, 75.30, 41.30);
insert into SHOT values (794, 835, 836, 4467, 4.13, 194.40, -31.00, 4.10, 193.96, -30.67, 0.05, 73.91, 49.36);
insert into SHOT values (795, 837, 838, 4467, 3.64, 4.40, 90.00, 3.64, 90.00, 90.00, 0.00, 4.40, 82.75);
insert into SHOT values (796, 838, 839, 4467, 5.75, 78.40, 68.00, 5.75, 78.48, 68.00, 0.00, 180.40, -23.65);
insert into SHOT values (797, 839, 840, 4467, 6.89, 67.40, 29.00, 6.89, 67.44, 29.02, 0.01, 212.90, -2.98);
insert into SHOT values (798, 840, 841, 4467, 3.70, 139.40, -15.00, 3.70, 139.31, -15.04, 0.01, 49.44, -22.46);
insert into SHOT values (799, 841, 842, 4467, 2.50, 4.40, -90.00, 2.50, 90.00, -90.00, 0.00, 4.40, 0.00);
insert into SHOT values (800, 840, 836, 4467, 7.69, 24.40, 2.00, 7.69, 24.43, 2.01, 0.01, 74.47, 18.34);
insert into SHOT values (801, 836, 843, 4467, 16.60, 133.40, 13.00, 16.63, 132.59, 13.84, 0.34, 37.00, 46.84);
insert into SHOT values (802, 843, 844, 4467, 17.21, 4.40, 90.00, 17.25, 83.66, 89.70, 0.10, 83.66, 23.83);
insert into SHOT values (803, 844, 845, 4467, 1.84, 115.40, -1.00, 1.88, 115.20, -0.30, 0.05, 105.76, 29.14);
insert into SURVEY values (4469, 32, 'hammerhead', 'hammerhead.primadona.sistem_prima', NULL);
 insert into CENTRELINE values (4470, 4469, NULL, NULL, NULL, 0.00, 0.00, 0.00);
 insert into SCRAPS values (4471, 4469, 'hammerhead-p1', 1);
 insert into MAPS values (4510, 4469, 'mhammerhead-p', NULL, 1, 58.630, 20.660);
 insert into MAPITEMS values (4510, 4, 4471);
 insert into CENTRELINE values (4511, 4469, NULL, '2017-07-14', NULL, 58.63, 0.00, 0.00);
 insert into TOPO values (15, 4511);
 insert into TOPO values (25, 4511);
 insert into EXPLO values (15, 4511);
 insert into EXPLO values (2, 4511);
 insert into EXPLO values (25, 4511);
 insert into PERSON values (29, 'James', 'Wilson');
insert into EXPLO values (29, 4511);
 insert into SHOT values (804, 846, 847, 4511, 13.80, 264.40, 12.00, 14.48, 261.45, 21.00, 2.42, 174.72, 73.32);
insert into SHOT values (805, 846, 848, 4511, 6.50, 101.40, -24.00, 7.03, 98.99, -28.00, 0.75, 56.64, -60.58);
insert into SHOT values (806, 848, 849, 4511, 7.01, 22.40, 27.00, 7.01, 22.38, 26.96, 0.01, 0.81, -25.29);
insert into SHOT values (807, 849, 850, 4511, 5.91, 84.40, 56.00, 5.91, 84.44, 56.00, 0.00, 159.98, 7.92);
insert into SHOT values (808, 850, 851, 4511, 3.84, 342.40, 37.00, 3.84, 342.57, 36.95, 0.01, 47.33, -5.50);
insert into SHOT values (809, 851, 852, 4511, 10.65, 67.40, 2.00, 10.64, 67.39, 1.99, 0.01, 264.04, -15.46);
insert into SHOT values (810, 852, 853, 4511, 9.25, 4.40, 90.00, 9.25, 90.00, 90.00, 0.00, 4.40, 0.00);
insert into SHOT values (811, 853, 854, 4511, 1.67, 37.40, 23.00, 1.67, 37.32, 22.96, 0.00, 251.11, -33.26);
insert into SURVEY values (4513, 32, 'electric_dreams', 'electric_dreams.primadona.sistem_prima', NULL);
 insert into CENTRELINE values (4514, 4513, NULL, NULL, NULL, 0.00, 0.00, 0.00);
 insert into SCRAPS values (4515, 4513, 'electric_dreams-p1', 1);
 insert into SCRAPS values (4545, 4513, 'electric_dreams-p3', 1);
 insert into SCRAPS values (4554, 4513, 'electric_dreams-p2', 1);
 insert into MAPS values (4576, 4513, 'melectric_dreams-p', NULL, 1, 151.600, 49.820);
 insert into MAPITEMS values (4576, 4, 4515);
 insert into MAPITEMS values (4576, 4, 4554);
 insert into MAPITEMS values (4576, 4, 4545);
 insert into CENTRELINE values (4579, 4513, NULL, '2017-07-07', '2017-07-07', 151.60, 0.00, 0.00);
 insert into TOPO values (16, 4579);
 insert into TOPO values (18, 4579);
 insert into TOPO values (28, 4579);
 insert into EXPLO values (18, 4579);
 insert into SHOT values (812, 855, 856, 4579, 1.12, 299.40, 1.00, 1.16, 298.77, 0.49, 0.05, 283.14, -11.84);
insert into SHOT values (813, 857, 855, 4579, 6.27, 273.40, 0.00, 6.31, 273.27, -0.45, 0.07, 254.53, -49.60);
insert into SHOT values (814, 858, 857, 4579, 3.85, 201.40, 9.00, 3.87, 201.80, 8.63, 0.04, 253.92, -33.12);
insert into SHOT values (815, 859, 858, 4579, 12.83, 257.40, -4.00, 12.88, 257.49, -4.77, 0.18, 288.08, -76.58);
insert into SHOT values (816, 860, 859, 4579, 9.30, 274.40, 13.00, 9.33, 274.28, 12.32, 0.12, 255.26, -60.86);
insert into SHOT values (817, 861, 860, 4579, 15.11, 4.40, -90.00, 15.16, 262.87, -89.70, 0.09, 262.87, -31.81);
insert into SHOT values (818, 862, 861, 4579, 7.25, 277.40, -7.00, 7.30, 277.22, -7.40, 0.07, 249.71, -50.34);
insert into SHOT values (819, 863, 862, 4579, 11.63, 4.40, -90.00, 11.68, 258.69, -89.75, 0.07, 258.69, -44.44);
insert into SHOT values (820, 864, 863, 4579, 4.80, 132.40, -55.00, 4.82, 132.63, -55.47, 0.05, 285.17, -57.69);
insert into SHOT values (821, 865, 864, 4579, 13.70, 179.40, -13.00, 13.72, 180.26, -13.79, 0.28, 277.97, -42.85);
insert into SHOT values (822, 866, 865, 4579, 4.88, 169.40, -8.00, 4.89, 169.76, -8.47, 0.05, 251.12, -52.80);
insert into SHOT values (823, 867, 866, 4579, 8.51, 160.40, -14.00, 8.51, 161.02, -14.56, 0.12, 262.79, -41.68);
insert into SHOT values (824, 868, 867, 4579, 8.06, 176.40, -20.00, 8.07, 176.89, -20.52, 0.10, 277.69, -47.67);
insert into SHOT values (825, 869, 868, 4579, 6.90, 279.40, -50.00, 6.97, 279.23, -49.90, 0.07, 265.75, -39.15);
insert into SHOT values (826, 870, 869, 4579, 6.16, 302.40, -6.00, 6.20, 302.06, -6.39, 0.07, 255.50, -43.42);
insert into SHOT values (827, 871, 870, 4579, 5.98, 276.40, -16.00, 6.04, 276.34, -16.35, 0.07, 269.64, -47.46);
insert into SHOT values (828, 872, 871, 4579, 4.43, 329.40, 7.00, 4.44, 329.01, 6.60, 0.04, 261.88, -43.25);
insert into SHOT values (829, 873, 872, 4579, 4.76, 223.40, -10.00, 4.80, 223.63, -10.32, 0.05, 250.72, -38.68);
insert into SHOT values (830, 874, 873, 4579, 1.00, 4.40, -90.00, 1.04, 270.00, -89.45, 0.04, 270.00, -75.96);
insert into SHOT values (831, 875, 874, 4579, 3.55, 274.40, 33.00, 3.56, 274.19, 32.41, 0.04, 255.44, -35.82);
insert into SHOT values (832, 876, 875, 4579, 3.85, 222.40, 30.00, 3.86, 222.71, 29.48, 0.04, 256.51, -37.27);
insert into SHOT values (833, 877, 876, 4579, 3.99, 231.40, 73.00, 3.96, 231.87, 72.63, 0.04, 263.38, -62.59);
insert into SHOT values (834, 878, 877, 4579, 2.67, 16.40, 6.00, 2.65, 16.09, 5.42, 0.04, 228.29, -48.05);
insert into SHOT values (835, 879, 878, 4579, 1.00, 4.40, 90.00, 0.96, 270.00, 88.81, 0.04, 270.00, -63.43);
insert into SURVEY values (4581, 32, 'stranglehold', 'stranglehold.primadona.sistem_prima', NULL);
 insert into CENTRELINE values (4582, 4581, NULL, NULL, NULL, 0.00, 0.00, 0.00);
 insert into SCRAPS values (4583, 4581, 'import0', 1);
 insert into SCRAPS values (4587, 4581, 'stranglehold-p1', 1);
 insert into SCRAPS values (4616, 4581, 'stranglehold-p2', 1);
 insert into SCRAPS values (4643, 4581, 'stranglehold-p3', 1);
 insert into MAPS values (4650, 4581, 'mstranglehold-p', NULL, 1, 123.220, 26.420);
 insert into MAPITEMS values (4650, 4, 4587);
 insert into MAPITEMS values (4650, 4, 4616);
 insert into MAPITEMS values (4650, 4, 4643);
 insert into CENTRELINE values (4653, 4581, NULL, '2017-07-19', '2017-07-19', 123.22, 0.00, 0.00);
 insert into TOPO values (16, 4653);
 insert into TOPO values (28, 4653);
 insert into EXPLO values (16, 4653);
 insert into EXPLO values (28, 4653);
 insert into SHOT values (836, 880, 881, 4653, 3.50, 4.40, -90.00, 3.50, 90.00, -90.00, 0.00, 4.40, 0.00);
insert into SHOT values (837, 882, 880, 4653, 2.77, 23.40, -45.00, 2.77, 23.16, -45.03, 0.01, 286.96, -9.07);
insert into SHOT values (838, 883, 882, 4653, 6.10, 311.40, 6.00, 6.10, 311.39, 6.02, 0.00, 160.91, 50.29);
insert into SHOT values (839, 884, 883, 4653, 2.84, 23.40, 13.00, 2.84, 23.42, 13.02, 0.00, 70.23, 46.15);
insert into SHOT values (840, 885, 884, 4653, 1.20, 4.40, 90.00, 1.20, 90.00, 90.00, 0.00, 4.40, 84.74);
insert into SHOT values (841, 886, 885, 4653, 10.50, 4.40, -90.00, 10.50, 90.00, -90.00, 0.00, 4.40, 0.00);
insert into SHOT values (842, 887, 888, 4653, 3.86, 54.40, 34.00, 3.86, 54.42, 34.05, 0.00, 214.59, 23.53);
insert into SHOT values (843, 888, 889, 4653, 4.15, 152.40, 6.00, 4.15, 152.44, 5.95, 0.00, 221.99, -49.38);
insert into SHOT values (844, 889, 890, 4653, 2.43, 176.40, 14.00, 2.43, 176.35, 14.07, 0.00, 31.40, 29.88);
insert into SHOT values (845, 890, 891, 4653, 2.55, 47.40, 2.00, 2.55, 47.23, 2.02, 0.01, 310.34, 7.42);
insert into SHOT values (846, 891, 892, 4653, 2.46, 4.40, 90.00, 2.46, 90.00, 90.00, 0.00, 4.40, 76.73);
insert into SHOT values (847, 892, 893, 4653, 5.92, 93.40, 3.00, 5.92, 93.39, 3.00, 0.00, 290.76, 6.16);
insert into SHOT values (848, 893, 894, 4653, 2.79, 187.40, 54.00, 2.79, 187.34, 53.98, 0.00, 162.18, 35.92);
insert into SHOT values (849, 894, 895, 4653, 5.34, 159.40, 16.00, 5.35, 159.38, 15.96, 0.01, 142.50, -16.52);
insert into SHOT values (850, 895, 886, 4653, 7.06, 69.40, 38.00, 7.06, 69.38, 37.94, 0.01, 43.24, -62.09);
insert into SHOT values (851, 886, 896, 4653, 1.88, 137.40, 5.00, 1.88, 137.38, 5.18, 0.01, 121.54, 66.26);
insert into SHOT values (852, 896, 897, 4653, 6.58, 42.40, 50.00, 6.58, 42.32, 49.97, 0.01, 343.54, -4.72);
insert into SHOT values (853, 897, 898, 4653, 3.12, 106.40, 1.00, 3.12, 106.40, 0.92, 0.01, 285.94, -58.61);
insert into SHOT values (854, 898, 899, 4653, 2.74, 204.40, 22.00, 2.75, 204.35, 22.02, 0.01, 184.76, 29.07);
insert into SHOT values (855, 899, 900, 4653, 4.00, 129.40, -11.00, 3.99, 129.41, -10.97, 0.01, 298.36, 34.35);
insert into SHOT values (856, 900, 901, 4653, 5.22, 23.40, 0.00, 5.22, 23.47, 0.00, 0.01, 95.74, 0.00);
insert into SHOT values (857, 901, 902, 4653, 2.17, 347.40, -12.00, 2.17, 347.21, -11.97, 0.01, 258.16, 9.34);
insert into SHOT values (858, 902, 903, 4653, 1.64, 1.40, 4.00, 1.64, 1.40, 3.84, 0.01, 0.55, -44.47);
insert into SHOT values (859, 903, 904, 4653, 3.11, 127.40, 32.00, 3.11, 127.30, 32.00, 0.01, 68.37, 20.80);
insert into SHOT values (860, 904, 905, 4653, 2.37, 108.40, 14.00, 2.37, 108.51, 13.92, 0.01, 206.19, -35.95);
insert into SHOT values (861, 905, 906, 4653, 4.28, 16.40, -24.00, 4.28, 16.49, -23.99, 0.01, 98.44, 7.71);
insert into SHOT values (862, 906, 907, 4653, 3.59, 151.40, 15.00, 3.59, 151.36, 15.03, 0.00, 0.34, 10.47);
insert into SHOT values (863, 907, 908, 4653, 2.63, 34.40, -7.00, 2.62, 34.36, -7.00, 0.01, 230.83, 4.80);
insert into SHOT values (864, 908, 909, 4653, 2.37, 4.40, 90.00, 2.37, 90.00, 90.00, 0.00, 4.40, 85.99);
insert into SHOT values (865, 909, 910, 4653, 5.84, 50.40, 0.00, 5.84, 50.42, 0.00, 0.00, 174.84, 0.00);
insert into SHOT values (866, 910, 911, 4653, 4.33, 181.40, 56.00, 4.33, 181.42, 56.01, 0.00, 304.05, 14.40);
insert into SHOT values (867, 911, 912, 4653, 3.88, 0.40, 1.00, 3.88, 0.44, 1.03, 0.00, 76.92, 37.03);
insert into SURVEY values (4655, 32, 'the_atrium', 'the_atrium.primadona.sistem_prima', NULL);
 insert into CENTRELINE values (4656, 4655, NULL, NULL, NULL, 0.00, 0.00, 0.00);
 insert into SCRAPS values (4657, 4655, 'the_atrium-p1', 1);
 insert into SCRAPS values (4676, 4655, 'the_atrium-p2', 1);
 insert into MAPS values (4698, 4655, 'mthe_atrium-p', NULL, 1, 77.780, 45.730);
 insert into MAPITEMS values (4698, 4, 4657);
 insert into MAPITEMS values (4698, 4, 4676);
 insert into CENTRELINE values (4699, 4655, NULL, '2017-07-31', '2017-07-31', 77.78, 0.00, 0.00);
 insert into TOPO values (17, 4699);
 insert into TOPO values (28, 4699);
 insert into EXPLO values (17, 4699);
 insert into SHOT values (868, 913, 914, 4699, 2.80, 279.40, -37.00, 2.81, 279.25, -37.04, 0.01, 215.80, -36.62);
insert into SHOT values (869, 914, 915, 4699, 9.24, 320.40, -80.00, 9.24, 320.56, -79.99, 0.00, 36.31, -4.76);
insert into SHOT values (870, 915, 916, 4699, 15.60, 4.40, -90.00, 15.60, 90.00, -90.00, 0.00, 4.40, 58.98);
insert into SHOT values (871, 913, 917, 4699, 7.43, 122.40, -8.00, 7.43, 122.39, -8.05, 0.01, 324.16, -59.45);
insert into SHOT values (872, 917, 918, 4699, 10.53, 59.40, -43.00, 10.53, 59.41, -42.99, 0.00, 78.35, 53.56);
insert into SHOT values (873, 918, 919, 4699, 8.07, 40.40, 12.00, 8.07, 40.43, 12.01, 0.00, 105.47, 30.06);
insert into SHOT values (874, 913, 920, 4699, 19.30, 70.40, 57.00, 19.29, 70.43, 57.00, 0.01, 206.17, -46.09);
insert into SHOT values (875, 920, 921, 4699, 4.81, 128.40, 41.00, 4.81, 128.29, 41.03, 0.01, 45.97, 30.98);
insert into SURVEY values (4701, 32, 'apple_crumble', 'apple_crumble.primadona.sistem_prima', 'Apple Crumble');
 insert into CENTRELINE values (4702, 4701, NULL, NULL, NULL, 0.00, 0.00, 0.00);
 insert into SCRAPS values (4703, 4701, 'apple_crumble-p1', 1);
 insert into SCRAPS values (4717, 4701, 'apple_crumble-p2', 1);
 insert into SCRAPS values (4734, 4701, 'apple_crumble-p3', 1);
 insert into MAPS values (4762, 4701, 'mapple_crumble-p', NULL, 1, 97.620, 20.590);
 insert into MAPITEMS values (4762, 4, 4703);
 insert into MAPITEMS values (4762, 4, 4717);
 insert into MAPITEMS values (4762, 4, 4734);
 insert into CENTRELINE values (4765, 4701, NULL, '2017-07-24', '2017-07-24', 97.62, 0.00, 32.87);
 insert into TOPO values (17, 4765);
 insert into TOPO values (29, 4765);
 insert into EXPLO values (17, 4765);
 insert into SHOT values (876, 922, 923, 4765, 4.04, 169.40, -24.00, 4.04, 169.39, -24.07, 0.01, 152.56, -69.57);
insert into SHOT values (877, 924, 922, 4765, 5.90, 138.40, -22.00, 5.90, 138.41, -22.01, 0.00, 294.02, 5.07);
insert into SHOT values (878, 925, 922, 4765, 2.83, 211.40, -9.00, 2.82, 211.35, -8.97, 0.01, 47.73, 17.51);
insert into SHOT values (879, 926, 925, 4765, 2.66, 218.40, -41.00, 2.66, 218.53, -40.93, 0.01, 317.42, 49.14);
insert into SHOT values (880, 927, 926, 4765, 4.56, 163.40, -12.00, 4.56, 163.47, -12.01, 0.01, 217.15, -15.53);
insert into SHOT values (881, 928, 927, 4765, 3.10, 187.40, 24.00, 3.10, 187.30, 23.98, 0.01, 108.45, -9.89);
insert into SHOT values (882, 929, 930, 4765, 5.41, 277.40, 2.00, 5.42, 277.32, 2.01, 0.01, 232.18, 6.45);
insert into SHOT values (883, 931, 929, 4765, 6.78, 164.40, -10.00, 6.78, 164.36, -10.02, 0.01, 76.78, -29.63);
insert into SHOT values (884, 932, 931, 4765, 2.50, 244.40, -55.00, 2.50, 244.33, -55.08, 0.00, 97.90, -33.37);
insert into SHOT values (885, 933, 932, 4765, 2.48, 168.40, -8.00, 2.47, 168.46, -7.90, 0.01, 326.60, 36.95);
insert into SHOT values (886, 928, 933, 4765, 3.95, 279.40, -25.00, 3.95, 279.33, -25.02, 0.01, 158.98, -7.34);
insert into SHOT values (887, 934, 928, 4765, 7.14, 188.40, -50.00, 7.14, 188.39, -50.00, 0.00, 65.04, -36.29);
insert into SHOT values (888, 935, 934, 4765, 2.83, 162.40, -5.00, 2.83, 162.46, -5.06, 0.00, 221.37, -42.77);
insert into SHOT values (889, 936, 935, 4765, 2.56, 4.40, 90.00, 2.56, 90.00, 90.00, 0.00, 4.40, -80.71);
insert into SHOT values (890, 937, 936, 4765, 5.74, 95.40, -61.00, 5.74, 95.36, -61.00, 0.00, 346.93, 9.02);
insert into SHOT values (891, 938, 937, 4765, 4.60, 169.40, -54.00, 4.59, 169.32, -54.06, 0.01, 19.28, 10.29);
insert into SHOT values (892, 939, 938, 4765, 2.63, 169.40, -6.00, 2.64, 169.46, -5.87, 0.01, 186.86, 28.36);
insert into SHOT values (893, 940, 939, 4765, 7.56, 280.40, 14.00, 7.56, 280.44, 13.92, 0.01, 317.95, -49.53);
insert into SHOT values (894, 940, 941, 4765, 5.00, 4.40, 90.00, 5.00, 90.00, 90.00, 0.00, 4.40, 0.00);
insert into SHOT values (895, 942, 939, 4765, 2.60, 158.40, -48.00, 2.60, 158.32, -48.23, 0.01, 356.94, -45.85);
insert into SHOT values (896, 943, 942, 4765, 12.75, 168.40, 12.00, 12.75, 168.39, 11.99, 0.00, 142.28, -11.87);
insert into SHOT values (897, 944, 943, 4765, 18.65, 47.40, 43.00, 18.65, 47.41, 43.01, 0.00, 189.72, 18.12);
insert into SHOT_FLAG values(897, 'dpl');
insert into SHOT values (898, 945, 944, 4765, 9.02, 2.40, 13.00, 9.02, 2.41, 13.01, 0.00, 121.83, 24.28);
insert into SHOT_FLAG values(898, 'dpl');
insert into SHOT values (899, 946, 945, 4765, 3.92, 295.40, -6.00, 3.93, 295.45, -5.99, 0.01, 312.68, -1.25);
insert into SHOT_FLAG values(899, 'dpl');
insert into SHOT values (900, 947, 946, 4765, 1.28, 208.40, -12.00, 1.28, 207.99, -11.69, 0.01, 147.51, 30.81);
insert into SHOT_FLAG values(900, 'dpl');
insert into SURVEY values (4767, 32, 'hammerhead2', 'hammerhead2.primadona.sistem_prima', 'Hammerhead 2');
 insert into CENTRELINE values (4768, 4767, NULL, NULL, NULL, 0.00, 0.00, 0.00);
 insert into SCRAPS values (4769, 4767, 'hammerhead2-p1', 1);
 insert into SCRAPS values (4810, 4767, 'hammerhead2-p2', 1);
 insert into MAPS values (4878, 4767, 'mhammerhead2-p', NULL, 1, 159.990, 27.310);
 insert into MAPITEMS values (4878, 4, 4769);
 insert into MAPITEMS values (4878, 4, 4810);
 insert into CENTRELINE values (4880, 4767, NULL, '2017-07-18', '2017-07-18', 159.99, 0.00, 0.00);
 insert into TOPO values (2, 4880);
 insert into TOPO values (29, 4880);
 insert into EXPLO values (2, 4880);
 insert into SHOT values (901, 948, 949, 4880, 9.95, 87.40, 35.00, 9.95, 87.40, 35.02, 0.00, 273.91, 53.30);
insert into SHOT values (902, 948, 950, 4880, 5.73, 254.40, -34.00, 5.72, 254.47, -34.01, 0.01, 35.49, 24.27);
insert into SHOT values (903, 950, 951, 4880, 8.32, 4.40, -90.00, 8.32, 90.00, -90.00, 0.00, 4.40, -79.92);
insert into SHOT values (904, 948, 952, 4880, 5.00, 179.40, 31.00, 5.48, 182.41, 34.48, 0.62, 226.31, 58.24);
insert into SHOT values (905, 952, 953, 4880, 10.95, 211.40, -17.00, 11.29, 214.20, -6.97, 2.04, 248.54, 63.65);
insert into SHOT values (906, 953, 954, 4880, 2.82, 104.40, 37.00, 2.82, 104.41, 37.06, 0.00, 272.28, 63.99);
insert into SHOT values (907, 954, 955, 4880, 8.11, 4.40, -90.00, 8.11, 90.00, -90.00, 0.00, 4.40, 74.11);
insert into SHOT values (908, 955, 956, 4880, 8.44, 161.40, 4.00, 8.44, 161.37, 4.01, 0.00, 94.64, 15.79);
insert into SHOT values (909, 957, 956, 4880, 3.40, 346.40, 8.00, 3.40, 346.42, 7.95, 0.00, 144.95, -46.29);
insert into SHOT values (910, 957, 958, 4880, 2.89, 219.40, 2.00, 2.89, 219.25, 1.98, 0.01, 158.39, -5.61);
insert into SHOT values (911, 958, 959, 4880, 17.40, 220.40, -64.00, 17.40, 220.48, -64.01, 0.01, 323.85, -5.14);
insert into SHOT values (912, 960, 961, 4880, 16.65, 219.40, -10.00, 16.65, 219.41, -10.00, 0.00, 285.81, 25.77);
insert into SHOT values (913, 960, 962, 4880, 8.96, 29.40, 9.00, 8.96, 29.38, 8.99, 0.00, 269.55, -21.33);
insert into SHOT values (914, 963, 962, 4880, 2.77, 218.40, -48.00, 2.77, 218.42, -48.06, 0.00, 26.18, -27.32);
insert into SHOT values (915, 963, 964, 4880, 5.26, 72.40, 18.00, 5.26, 72.43, 17.94, 0.01, 148.79, -59.90);
insert into SHOT values (916, 965, 964, 4880, 6.53, 141.40, 24.00, 6.53, 141.40, 23.96, 0.01, 319.11, -65.45);
insert into SHOT values (917, 966, 965, 4880, 8.30, 189.40, 13.00, 8.30, 189.39, 13.02, 0.00, 150.23, 62.67);
insert into SHOT values (918, 966, 967, 4880, 3.57, 17.40, -11.00, 3.58, 17.40, -10.96, 0.01, 19.37, 10.69);
insert into SHOT values (919, 967, 959, 4880, 4.35, 349.40, -17.00, 4.35, 349.34, -16.97, 0.01, 282.82, 20.59);
insert into SHOT values (920, 964, 968, 4880, 5.26, 84.40, -40.00, 5.26, 84.30, -39.99, 0.01, 358.66, 8.96);
insert into SHOT values (921, 969, 968, 4880, 4.08, 277.40, 18.00, 4.08, 277.40, 17.98, 0.00, 278.21, -21.33);
insert into SHOT values (922, 969, 970, 4880, 8.30, 22.40, 2.00, 8.30, 22.39, 2.00, 0.00, 316.66, 15.16);
insert into SHOT values (923, 970, 971, 4880, 2.95, 89.40, -2.00, 2.95, 89.42, -1.94, 0.00, 115.05, 53.79);
insert into SURVEY values (4882, 32, 'hammerhead3', 'hammerhead3.primadona.sistem_prima', 'Hammerhead 3');
 insert into CENTRELINE values (4883, 4882, NULL, NULL, NULL, 0.00, 0.00, 0.00);
 insert into SCRAPS values (4884, 4882, 'hammerhead3-p1', 1);
 insert into MAPS values (4893, 4882, 'mhammerhead3-p', NULL, 1, 22.720, 15.140);
 insert into MAPITEMS values (4893, 4, 4884);
 insert into CENTRELINE values (4894, 4882, NULL, '2017-07-19', '2017-07-19', 22.72, 0.00, 0.00);
 insert into TOPO values (15, 4894);
 insert into TOPO values (17, 4894);
 insert into EXPLO values (15, 4894);
 insert into EXPLO values (17, 4894);
 insert into SHOT values (924, 972, 973, 4894, 8.76, 4.40, 90.00, 8.76, 90.00, 90.00, 0.00, 4.40, -16.19);
insert into SHOT values (925, 973, 974, 4894, 3.75, 20.40, 32.00, 3.75, 20.43, 31.91, 0.01, 116.06, -76.91);
insert into SHOT values (926, 974, 975, 4894, 2.54, 4.40, 90.00, 2.54, 90.00, 90.00, 0.00, 4.40, -76.31);
insert into SHOT values (927, 975, 976, 4894, 7.67, 22.40, 14.00, 7.67, 22.43, 14.03, 0.01, 99.09, 47.26);
insert into SURVEY values (4896, 32, 'dogfish', 'dogfish.primadona.sistem_prima', 'Dogfish');
 insert into CENTRELINE values (4897, 4896, NULL, NULL, NULL, 0.00, 0.00, 0.00);
 insert into SCRAPS values (4898, 4896, 'dogfish-p1', 1);
 insert into SCRAPS values (4910, 4896, 'dogfish-p2', 1);
 insert into MAPS values (4922, 4896, 'mdogfish-p', NULL, 1, 35.600, 15.140);
 insert into MAPITEMS values (4922, 4, 4898);
 insert into MAPITEMS values (4922, 4, 4910);
 insert into MAPS values (4923, 4896, 'mdogfish-p1', NULL, 1, 35.600, 15.140);
 insert into MAPITEMS values (4923, 4, 4898);
 insert into MAPS values (4924, 4896, 'mdogfish-p2', NULL, 1, 35.600, 15.140);
 insert into MAPITEMS values (4924, 4, 4910);
 insert into CENTRELINE values (4925, 4896, NULL, '2017-07-18', '2017-07-18', 35.60, 0.00, 0.00);
 insert into TOPO values (15, 4925);
 insert into TOPO values (17, 4925);
 insert into EXPLO values (15, 4925);
 insert into EXPLO values (17, 4925);
 insert into SHOT values (928, 977, 978, 4925, 4.70, 111.40, -5.00, 4.70, 111.30, -5.01, 0.01, 4.56, -2.52);
insert into SHOT values (929, 977, 979, 4925, 4.25, 287.40, 25.00, 4.26, 287.50, 25.01, 0.01, 331.62, 22.55);
insert into SHOT values (930, 979, 980, 4925, 6.24, 232.40, 41.00, 6.24, 232.33, 40.96, 0.01, 169.96, -29.85);
insert into SHOT values (931, 980, 981, 4925, 2.49, 221.40, -33.00, 2.48, 221.50, -32.95, 0.01, 8.68, 43.23);
insert into SHOT values (932, 982, 983, 4925, 6.28, 210.40, -25.00, 6.28, 210.39, -25.05, 0.01, 174.90, -81.71);
insert into SHOT values (933, 982, 984, 4925, 2.62, 40.40, 36.00, 2.62, 40.40, 36.07, 0.01, 221.77, 0.03);
insert into SHOT values (934, 984, 985, 4925, 3.77, 15.40, 18.00, 3.77, 15.35, 17.92, 0.01, 327.08, -52.31);
insert into SHOT values (935, 985, 986, 4925, 3.11, 127.40, 59.00, 3.12, 127.44, 58.88, 0.01, 133.54, 22.09);
insert into SHOT values (936, 986, 977, 4925, 2.14, 176.40, 35.00, 2.14, 176.40, 34.83, 0.01, 191.44, -86.28);
insert into SURVEY values (4927, 32, 'high_and_dry', 'high_and_dry.primadona.sistem_prima', 'High and Dry');
 insert into CENTRELINE values (4928, 4927, NULL, NULL, NULL, 0.00, 0.00, 0.00);
 insert into SCRAPS values (4929, 4927, 'high_and_dry-p1', 1);
 insert into SCRAPS values (4991, 4927, 'high_and_dry-p2', 1);
 insert into MAPS values (5012, 4927, 'mhigh_and_dry-p', NULL, 1, 57.690, 37.910);
 insert into MAPITEMS values (5012, 4, 4929);
 insert into MAPITEMS values (5012, 4, 4991);
 insert into CENTRELINE values (5013, 4927, NULL, '2017-07-26', '2017-07-26', 57.69, 0.00, 0.00);
 insert into TOPO values (24, 5013);
 insert into TOPO values (17, 5013);
 insert into TOPO values (29, 5013);
 insert into EXPLO values (17, 5013);
 insert into SHOT values (937, 987, 988, 5013, 2.00, 236.40, 4.00, 2.00, 236.47, 4.02, 0.00, 24.32, 6.28);
insert into SHOT values (938, 987, 989, 5013, 6.20, 4.40, 90.00, 6.20, 90.00, 90.00, 0.00, 4.40, 64.46);
insert into SHOT values (939, 989, 990, 5013, 4.94, 4.40, 90.00, 4.94, 90.00, 90.00, 0.00, 4.40, 72.34);
insert into SHOT values (940, 990, 991, 5013, 2.33, 81.40, -9.00, 2.34, 81.27, -9.11, 0.01, 37.41, -36.33);
insert into SHOT values (941, 991, 992, 5013, 8.68, 103.40, 55.00, 8.68, 103.48, 55.01, 0.01, 206.88, -2.03);
insert into SHOT values (942, 992, 993, 5013, 4.58, 156.40, 11.00, 4.58, 156.40, 11.07, 0.01, 115.31, 87.63);
insert into SHOT values (943, 993, 994, 5013, 15.09, 132.40, 69.00, 15.09, 132.37, 69.03, 0.01, 333.63, 17.12);
insert into SHOT values (944, 994, 995, 5013, 6.38, 77.40, 4.00, 6.39, 77.49, 3.95, 0.01, 132.91, -22.85);
insert into SHOT values (945, 995, 996, 5013, 3.55, 4.40, 90.00, 3.55, 90.00, 90.00, 0.00, 4.40, 86.11);
insert into SHOT values (946, 996, 997, 5013, 2.70, 48.40, 18.00, 2.70, 48.31, 18.09, 0.01, 356.78, 47.35);
insert into SHOT values (947, 997, 998, 5013, 1.24, 241.40, 11.00, 1.24, 241.54, 10.70, 0.01, 334.03, -66.05);
insert into SURVEY values (5015, 32, 'mandare_low', 'mandare_low.primadona.sistem_prima', 'Mandare resurvey');
 insert into CENTRELINE values (5016, 5015, NULL, NULL, NULL, 0.00, 0.00, 0.00);
 insert into SCRAPS values (5017, 5015, 'mandare_low-p1', 1);
 insert into MAPS values (5043, 5015, 'mmandare_resurvey-p', NULL, 1, 0.000, 6.420);
 insert into MAPITEMS values (5043, 4, 5017);
 insert into CENTRELINE values (5044, 5015, NULL, '2017-07-22', '2001-07-30', 0.00, 0.00, 28.38);
 insert into TOPO values (27, 5044);
 insert into PERSON values (30, 'Larry', 'Jiang');
insert into TOPO values (30, 5044);
 insert into TOPO values (17, 5044);
 insert into SHOT values (948, 999, 1000, 5044, 2.83, 169.40, -22.00, 2.83, 169.25, -21.98, 0.01, 96.53, 1.06);
insert into SHOT_FLAG values(948, 'dpl');
insert into SHOT values (949, 1000, 1001, 5044, 5.07, 4.40, -90.00, 5.07, 90.00, -90.00, 0.00, 4.40, -83.82);
insert into SHOT_FLAG values(949, 'dpl');
insert into SHOT values (950, 1001, 1002, 5044, 3.34, 8.40, -5.00, 3.34, 8.30, -4.98, 0.01, 255.36, 9.91);
insert into SHOT_FLAG values(950, 'dpl');
insert into SHOT values (951, 1002, 1003, 5044, 6.34, 31.40, 23.00, 6.34, 31.40, 23.03, 0.00, 207.03, 62.28);
insert into SHOT_FLAG values(951, 'dpl');
insert into SHOT values (952, 1003, 1004, 5044, 6.81, 51.40, 3.00, 6.82, 51.38, 3.03, 0.01, 35.11, 22.06);
insert into SHOT_FLAG values(952, 'dpl');
insert into SHOT values (953, 1004, 1005, 5044, 3.99, 14.40, -21.00, 3.99, 14.45, -20.99, 0.00, 60.33, -1.55);
insert into SHOT_FLAG values(953, 'dpl');
insert into SURVEY values (5046, 32, 'batmere', 'batmere.primadona.sistem_prima', 'Batmere');
 insert into CENTRELINE values (5047, 5046, NULL, NULL, NULL, 0.00, 0.00, 0.00);
 insert into SCRAPS values (5048, 5046, 'batmere-p1', 1);
 insert into MAPS values (5071, 5046, 'mbatmere-p', NULL, 1, 66.330, 5.620);
 insert into MAPITEMS values (5071, 4, 5048);
 insert into CENTRELINE values (5072, 5046, NULL, '2017-07-22', '2017-07-22', 66.33, 0.00, 0.00);
 insert into TOPO values (27, 5072);
 insert into TOPO values (30, 5072);
 insert into TOPO values (17, 5072);
 insert into EXPLO values (17, 5072);
 insert into SHOT values (954, 1006, 1007, 5072, 5.88, 351.40, -7.00, 5.88, 351.33, -7.03, 0.01, 265.64, -24.84);
insert into SHOT values (955, 1007, 1008, 5072, 4.16, 4.40, 90.00, 4.16, 90.00, 90.00, 0.00, 4.40, 79.92);
insert into SHOT values (956, 1008, 1009, 5072, 5.13, 295.40, -3.00, 5.13, 295.31, -3.02, 0.01, 196.85, -11.00);
insert into SHOT values (957, 1009, 1010, 5072, 7.43, 334.40, 6.00, 7.43, 334.44, 6.02, 0.01, 24.38, 26.75);
insert into SHOT values (958, 1010, 1011, 5072, 6.72, 257.40, 0.00, 6.72, 257.37, 0.00, 0.00, 203.79, 0.00);
insert into SHOT values (959, 1011, 1012, 5072, 7.49, 346.40, 1.00, 7.49, 346.41, 0.99, 0.00, 38.45, -27.01);
insert into SHOT values (960, 1012, 1013, 5072, 5.89, 358.40, -1.00, 5.89, 358.44, -0.97, 0.01, 53.90, 27.29);
insert into SHOT values (961, 1013, 1014, 5072, 7.90, 5.40, -11.00, 7.90, 5.40, -11.02, 0.00, 163.24, -80.20);
insert into SHOT values (962, 1014, 1015, 5072, 7.20, 342.40, -2.00, 7.20, 342.37, -1.99, 0.00, 285.34, 15.87);
insert into SHOT values (963, 1015, 1016, 5072, 1.85, 219.40, -11.00, 1.85, 219.20, -10.89, 0.01, 158.18, 22.49);
insert into SHOT values (964, 1016, 1017, 5072, 6.68, 331.40, 27.00, 6.68, 331.41, 26.96, 0.01, 347.98, -31.23);
insert into SURVEY values (5074, 32, 'entirely_my_fault', 'entirely_my_fault.primadona.sistem_prima', 'Entirely my fault');
 insert into CENTRELINE values (5075, 5074, NULL, NULL, NULL, 0.00, 0.00, 0.00);
 insert into SCRAPS values (5076, 5074, 'entirely_my_fault-p1', 1);
 insert into SCRAPS values (5097, 5074, 'entirely_my_fault-p2', 1);
 insert into MAPS values (5111, 5074, 'mentirely_my_fault-p', NULL, 1, 78.540, 34.310);
 insert into MAPITEMS values (5111, 4, 5076);
 insert into MAPITEMS values (5111, 4, 5097);
 insert into CENTRELINE values (5112, 5074, NULL, '2017-07-21', '2017-07-21', 78.54, 0.00, 17.26);
 insert into TOPO values (16, 5112);
 insert into TOPO values (29, 5112);
 insert into EXPLO values (16, 5112);
 insert into SHOT values (965, 1018, 1019, 5112, 9.30, 4.40, -90.00, 9.30, 90.00, -90.00, 0.00, 4.40, 54.89);
insert into SHOT values (966, 1020, 1018, 5112, 9.19, 4.40, -90.00, 9.19, 90.00, -90.00, 0.00, 4.40, -59.77);
insert into SHOT values (967, 1021, 1020, 5112, 7.52, 245.40, -55.00, 7.52, 245.46, -55.02, 0.01, 18.13, 0.23);
insert into SHOT values (968, 1022, 1021, 5112, 3.71, 222.40, -23.00, 3.71, 222.39, -23.03, 0.00, 56.26, -6.56);
insert into SHOT values (969, 1023, 1022, 5112, 2.72, 191.40, -35.00, 2.72, 191.36, -34.93, 0.01, 176.03, 1.25);
insert into SHOT values (970, 1024, 1023, 5112, 3.28, 181.40, 8.00, 3.28, 181.41, 8.05, 0.00, 192.31, 49.89);
insert into SHOT values (971, 1025, 1026, 5112, 3.85, 178.40, -25.00, 3.85, 178.52, -25.03, 0.01, 254.36, -20.77);
insert into SHOT values (972, 1027, 1025, 5112, 12.83, 234.40, -80.00, 12.83, 234.52, -80.03, 0.01, 12.38, -34.80);
insert into SHOT values (973, 1028, 1027, 5112, 3.66, 269.40, -70.00, 3.66, 269.08, -70.03, 0.01, 165.95, -5.82);
insert into SHOT values (974, 1029, 1028, 5112, 5.25, 335.40, -46.00, 5.25, 335.40, -45.92, 0.01, 335.41, 55.72);
insert into SHOT values (975, 1030, 1029, 5112, 4.41, 284.40, -62.00, 4.41, 284.31, -62.11, 0.01, 132.55, -40.63);
insert into SHOT values (976, 1030, 1031, 5112, 1.62, 328.40, 5.00, 1.61, 328.49, 4.98, 0.01, 128.98, -9.36);
insert into SHOT values (977, 1031, 1024, 5112, 0.99, 5.40, 1.00, 0.99, 5.19, 0.58, 0.01, 325.21, -52.76);
insert into SHOT values (978, 1024, 1032, 5112, 3.26, 43.40, 43.00, 3.26, 43.47, 43.09, 0.01, 141.52, 66.25);
insert into SHOT values (979, 1032, 1033, 5112, 6.95, 6.40, 43.00, 6.95, 6.44, 43.01, 0.00, 109.90, 1.77);
insert into SHOT values (980, 1033, 1034, 5112, 8.43, 12.40, 1.00, 8.43, 12.34, 0.95, 0.01, 258.18, -34.96);
insert into SHOT_FLAG values(980, 'dpl');
insert into SHOT values (981, 1034, 1035, 5112, 4.95, 25.40, -23.00, 4.95, 25.44, -22.93, 0.01, 54.45, 31.16);
insert into SHOT_FLAG values(981, 'dpl');
insert into SHOT values (982, 1035, 1036, 5112, 3.88, 105.40, 6.00, 3.88, 105.48, 6.06, 0.01, 182.11, 40.01);
insert into SHOT_FLAG values(982, 'dpl');
insert into SURVEY values (5114, 32, 'what_a_disappointment', 'what_a_disappointment.primadona.sistem_prima', 'What a Disappointment');
 insert into CENTRELINE values (5115, 5114, NULL, NULL, NULL, 0.00, 0.00, 0.00);
 insert into SCRAPS values (5116, 5114, 'what_a_disappointment-p1', 1);
 insert into SCRAPS values (5125, 5114, 'what_a_disappointment-p2', 1);
 insert into MAPS values (5136, 5114, 'mwhat_a_disappointment-p', NULL, 1, 39.170, 25.420);
 insert into MAPITEMS values (5136, 4, 5116);
 insert into MAPITEMS values (5136, 4, 5125);
 insert into CENTRELINE values (5138, 5114, NULL, '2017-07-29', '2017-07-29', 39.17, 0.00, 0.00);
 insert into TOPO values (24, 5138);
 insert into TOPO values (16, 5138);
 insert into EXPLO values (16, 5138);
 insert into SHOT values (983, 1037, 1038, 5138, 2.08, 4.40, -90.00, 2.08, 90.00, -90.00, 0.00, 4.40, -87.31);
insert into SHOT values (984, 1039, 1037, 5138, 2.16, 4.40, -90.00, 2.16, 90.00, -90.00, 0.00, 4.40, 87.04);
insert into SHOT values (985, 1039, 1040, 5138, 5.27, 329.40, 39.00, 5.26, 329.30, 38.96, 0.01, 225.24, -40.75);
insert into SHOT values (986, 1040, 1041, 5138, 6.20, 343.40, -9.00, 6.20, 343.40, -9.00, 0.00, 330.03, -3.61);
insert into SHOT values (987, 1041, 1042, 5138, 4.07, 359.40, 18.00, 4.07, 359.41, 18.03, 0.00, 150.45, 73.58);
insert into SHOT values (988, 1042, 1043, 5138, 6.45, 57.40, 66.00, 6.45, 57.28, 65.96, 0.01, 358.23, -19.53);
insert into SHOT values (989, 1043, 1044, 5138, 11.82, 81.40, 76.00, 11.82, 81.56, 75.99, 0.01, 160.68, 7.96);
insert into SHOT values (990, 1044, 1045, 5138, 1.12, 41.40, 11.00, 1.13, 41.33, 11.26, 0.01, 28.44, 45.98);
insert into SURVEY values (5140, 32, 'testing_the_waters', 'testing_the_waters.primadona.sistem_prima', 'Testing the waters');
 insert into CENTRELINE values (5141, 5140, NULL, NULL, NULL, 0.00, 0.00, 0.00);
 insert into CENTRELINE values (5142, 5140, NULL, '2017-07-14', NULL, 0.00, 0.00, 75.00);
 insert into TOPO values (16, 5142);
 insert into TOPO values (29, 5142);
 insert into SHOT values (991, 1046, 1047, 5142, 6.51, 63.40, 12.00, 6.51, 63.43, 11.96, 0.01, 102.68, -28.24);
insert into SHOT_FLAG values(991, 'dpl');
insert into SHOT values (992, 1047, 1048, 5142, 3.13, 350.40, 15.00, 3.13, 350.29, 15.00, 0.01, 260.13, -1.03);
insert into SHOT_FLAG values(992, 'dpl');
insert into SHOT values (993, 1048, 1049, 5142, 4.42, 336.40, -27.00, 4.42, 336.50, -26.93, 0.01, 80.04, 43.82);
insert into SHOT_FLAG values(993, 'dpl');
insert into SHOT values (994, 1049, 1050, 5142, 1.05, 37.40, -31.00, 1.05, 37.26, -31.66, 0.01, 232.88, -47.94);
insert into SHOT_FLAG values(994, 'dpl');
insert into SHOT values (995, 1050, 1051, 5142, 2.89, 49.40, -15.00, 2.89, 49.35, -14.83, 0.01, 9.47, 67.49);
insert into SHOT_FLAG values(995, 'dpl');
insert into SHOT values (996, 1051, 1052, 5142, 2.45, 29.40, -5.00, 2.45, 29.40, -5.14, 0.01, 28.36, -57.67);
insert into SHOT_FLAG values(996, 'dpl');
insert into SHOT values (997, 1052, 1053, 5142, 4.82, 123.40, 5.00, 4.82, 123.46, 4.99, 0.01, 169.83, -0.74);
insert into SHOT_FLAG values(997, 'dpl');
insert into SHOT values (998, 1053, 1054, 5142, 1.60, 86.40, -42.00, 0.47, 3.58, -69.98, 1.34, 274.15, 28.13);
insert into SHOT_FLAG values(998, 'dpl');
insert into SHOT values (999, 1054, 1055, 5142, 1.49, 86.40, -50.00, 0.51, 336.80, -72.73, 1.21, 274.49, 32.59);
insert into SHOT_FLAG values(999, 'dpl');
insert into SHOT values (1000, 1055, 1056, 5142, 5.75, 26.40, -7.00, 5.66, 8.99, -5.98, 1.72, 285.12, 3.69);
insert into SHOT_FLAG values(1000, 'dpl');
insert into SHOT values (1001, 1056, 1057, 5142, 8.91, 39.40, 50.00, 8.77, 20.22, 57.03, 2.06, 271.56, 15.07);
insert into SHOT_FLAG values(1001, 'dpl');
insert into SHOT values (1002, 1057, 1058, 5142, 2.91, 85.40, 12.00, 1.38, 74.36, 19.90, 1.60, 274.38, -4.85);
insert into SHOT_FLAG values(1002, 'dpl');
insert into SHOT values (1003, 1058, 1059, 5142, 10.42, 47.40, 42.00, 10.27, 25.93, 51.09, 3.10, 280.97, 19.13);
insert into SHOT_FLAG values(1003, 'dpl');
insert into SHOT values (1004, 1059, 1060, 5142, 1.67, 103.40, 25.00, 0.31, 71.57, 84.18, 1.54, 284.04, -14.91);
insert into SHOT_FLAG values(1004, 'dpl');
insert into SHOT values (1005, 1060, 1061, 5142, 2.25, 34.40, 20.00, 1.84, 15.02, 22.40, 0.76, 262.11, -5.22);
insert into SHOT_FLAG values(1005, 'dpl');
insert into SHOT values (1006, 1061, 1062, 5142, 2.90, 108.40, 11.00, 1.24, 110.61, 19.83, 1.69, 286.87, -4.53);
insert into SHOT_FLAG values(1006, 'dpl');
insert into SHOT values (1007, 1062, 1063, 5142, 2.05, 4.40, 90.00, 2.22, 284.93, 77.89, 0.48, 284.93, 14.45);
insert into SHOT_FLAG values(1007, 'dpl');
insert into SHOT values (1008, 1063, 1064, 5142, 1.90, 4.40, 90.00, 2.06, 284.93, 76.95, 0.48, 284.93, 13.29);
insert into SHOT_FLAG values(1008, 'dpl');
insert into SHOT values (1009, 1064, 1065, 5142, 7.88, 236.40, 16.00, 9.24, 249.41, 13.46, 2.34, 296.16, -0.54);
insert into SHOT_FLAG values(1009, 'dpl');
insert into MAPS values (5160, 32, 'm../2018-p', 'Year ../2018', 1, 1889.820, 354.440);
 insert into MAPITEMS values (5160, 4, 7293);
 insert into MAPITEMS values (5160, 4, 7413);
 insert into MAPITEMS values (5160, 4, 6908);
 insert into MAPITEMS values (5160, 4, 6534);
 insert into MAPITEMS values (5160, 4, 7938);
 insert into MAPITEMS values (5160, 4, 7350);
 insert into MAPITEMS values (5160, 4, 6519);
 insert into MAPITEMS values (5160, 4, 5470);
 insert into MAPITEMS values (5160, 4, 5497);
 insert into MAPITEMS values (5160, 4, 5859);
 insert into MAPITEMS values (5160, 4, 5919);
 insert into MAPITEMS values (5160, 4, 6843);
 insert into MAPITEMS values (5160, 4, 6873);
 insert into MAPITEMS values (5160, 4, 5548);
 insert into MAPITEMS values (5160, 4, 5568);
 insert into MAPITEMS values (5160, 4, 5388);
 insert into MAPITEMS values (5160, 4, 7164);
 insert into MAPITEMS values (5160, 4, 6584);
 insert into MAPITEMS values (5160, 4, 7524);
 insert into MAPITEMS values (5160, 4, 6268);
 insert into SURVEY values (5161, 32, 'pivnica_resurvey', 'pivnica_resurvey.primadona.sistem_prima', 'Pivnica resurvey');
 insert into CENTRELINE values (5162, 5161, NULL, NULL, NULL, 0.00, 0.00, 0.00);
 insert into SCRAPS values (5163, 5161, 'pivnica_resurvey-p1', 1);
 insert into SCRAPS values (5217, 5161, 'pivnica_resurvey-p2', 1);
 insert into SCRAPS values (5241, 5161, 'pivnica_resurvey-p3', 1);
 insert into MAPS values (5262, 5161, 'mpivnica_resurvey-p', NULL, 1, 0.000, 67.680);
 insert into MAPITEMS values (5262, 4, 5263);
 insert into MAPITEMS values (5262, 4, 5264);
 insert into MAPITEMS values (5262, 4, 5265);
 insert into MAPS values (5263, 5161, 'mpivnica_resurvey-p1', NULL, 1, 0.000, 67.680);
 insert into MAPITEMS values (5263, 4, 5163);
 insert into MAPS values (5264, 5161, 'mpivnica_resurvey-p2', NULL, 1, 0.000, 67.680);
 insert into MAPITEMS values (5264, 4, 5217);
 insert into MAPS values (5265, 5161, 'mpivnica_resurvey-p3', NULL, 1, 0.000, 67.680);
 insert into MAPITEMS values (5265, 4, 5241);
 insert into CENTRELINE values (5266, 5161, NULL, '2018-07-16', NULL, 0.00, 0.00, 95.31);
 insert into PERSON values (31, 'Nick', 'Koukoulekeidis');
insert into TOPO values (31, 5266);
 insert into TOPO values (29, 5266);
 insert into SHOT values (1010, 1066, 1067, 5266, 9.85, 61.52, 22.00, 9.75, 62.10, 22.74, 0.18, 208.33, 26.03);
insert into SHOT_FLAG values(1010, 'dpl');
insert into SHOT values (1011, 1068, 1066, 5266, 5.87, 267.52, 22.00, 5.95, 266.68, 21.82, 0.11, 220.51, 5.66);
insert into SHOT_FLAG values(1011, 'dpl');
insert into SHOT values (1012, 1068, 1069, 5266, 3.42, 4.52, -90.00, 3.42, 45.00, -89.29, 0.04, 45.00, -0.00);
insert into SHOT_FLAG values(1012, 'dpl');
insert into SHOT values (1013, 1070, 1069, 5266, 6.81, 75.52, -2.00, 6.71, 76.30, -1.88, 0.13, 212.09, 7.66);
insert into SHOT_FLAG values(1013, 'dpl');
insert into SHOT values (1014, 1070, 1071, 5266, 1.59, 297.52, -62.00, 1.91, 296.83, -59.27, 0.33, 294.56, -45.91);
insert into SHOT_FLAG values(1014, 'dpl');
insert into SHOT values (1015, 1072, 1071, 5266, 3.39, 14.52, 53.00, 3.48, 18.70, 53.77, 0.18, 99.55, 34.30);
insert into SHOT_FLAG values(1015, 'dpl');
insert into SHOT values (1016, 1072, 1073, 5266, 14.91, 4.52, -90.00, 15.06, 288.73, -87.63, 0.64, 288.73, -12.67);
insert into SHOT_FLAG values(1016, 'dpl');
insert into SHOT values (1017, 1074, 1073, 5266, 3.94, 57.52, -1.00, 4.20, 60.32, 0.14, 0.34, 96.16, 13.48);
insert into SHOT_FLAG values(1017, 'dpl');
insert into SHOT values (1018, 1075, 1074, 5266, 3.61, 56.52, -14.00, 3.83, 59.12, -12.37, 0.29, 92.40, 10.47);
insert into SHOT_FLAG values(1018, 'dpl');
insert into SHOT values (1019, 1076, 1075, 5266, 16.95, 39.52, 66.00, 17.15, 43.53, 64.20, 0.76, 83.02, -3.37);
insert into SHOT_FLAG values(1019, 'dpl');
insert into SHOT values (1020, 1076, 1077, 5266, 3.68, 261.52, -48.00, 4.04, 262.98, -46.50, 0.38, 274.04, -30.97);
insert into SHOT_FLAG values(1020, 'dpl');
insert into SHOT values (1021, 1077, 1078, 5266, 21.29, 4.52, -90.00, 21.46, 234.06, -87.36, 1.00, 234.06, -8.63);
insert into SHOT_FLAG values(1021, 'dpl');
insert into SURVEY values (5268, 32, 'pivnica_2_resurvey', 'pivnica_2_resurvey.primadona.sistem_prima', 'pivnica_2_resurvey');
 insert into CENTRELINE values (5269, 5268, NULL, NULL, NULL, 0.00, 0.00, 0.00);
 insert into CENTRELINE values (5270, 5268, NULL, '2018-08-05', NULL, 85.74, 0.00, 0.00);
 insert into SHOT values (1022, 1079, 1080, 5270, 0.48, 107.93, -4.00, 0.47, 107.28, -3.64, 0.01, 323.08, 20.58);
insert into SHOT values (1023, 1079, 1081, 5270, 0.62, 36.43, 8.50, 0.62, 35.75, 9.22, 0.01, 328.04, 46.87);
insert into SHOT values (1024, 1079, 1082, 5270, 1.04, 3.43, 2.90, 1.04, 3.30, 3.30, 0.01, 325.93, 62.43);
insert into SHOT values (1025, 1079, 1083, 5270, 1.19, 315.33, 5.20, 1.19, 315.68, 5.29, 0.01, 23.62, 15.32);
insert into SHOT values (1026, 1079, 1084, 5270, 1.72, 261.53, -5.30, 1.71, 261.59, -5.02, 0.01, 60.67, 62.84);
insert into SHOT values (1027, 1079, 1085, 5270, 1.25, 282.13, 2.70, 1.25, 282.48, 2.75, 0.01, 5.49, 8.31);
insert into SHOT values (1028, 1079, 1086, 5270, 0.88, 192.63, 2.10, 0.87, 192.60, 2.63, 0.01, 15.81, 42.55);
insert into SHOT values (1029, 1079, 1087, 5270, 1.98, 207.53, 10.20, 1.97, 207.62, 10.22, 0.01, 5.30, -4.45);
insert into SHOT values (1030, 1079, 1088, 5270, 2.27, 201.33, 19.90, 2.27, 201.50, 20.13, 0.01, 336.48, 39.26);
insert into SHOT values (1031, 1079, 1089, 5270, 3.40, 176.43, 80.80, 3.40, 176.82, 80.86, 0.01, 303.50, 39.06);
insert into SHOT values (1032, 1079, 1090, 5270, 2.08, 251.73, 75.30, 2.09, 252.26, 75.43, 0.01, 12.51, 55.32);
insert into SHOT values (1033, 1079, 1091, 5270, 1.72, 263.83, 61.70, 1.72, 264.36, 61.83, 0.01, 5.31, 36.06);
insert into SHOT values (1034, 1079, 1092, 5270, 1.55, 255.53, 47.90, 1.55, 255.56, 47.80, 0.00, 264.62, -0.94);
insert into SHOT values (1035, 1079, 1093, 5270, 1.42, 266.83, 35.90, 1.43, 267.01, 36.11, 0.01, 337.32, 62.11);
insert into SHOT values (1036, 1079, 1094, 5270, 2.21, 198.73, 38.20, 2.21, 198.85, 38.33, 0.01, 334.32, 32.13);
insert into SHOT values (1037, 1094, 1095, 5270, 1.04, 93.73, -4.70, 1.05, 93.85, -4.39, 0.01, 114.16, 39.89);
insert into SHOT values (1038, 1094, 1096, 5270, 1.03, 120.83, 0.10, 1.04, 120.77, 0.00, 0.01, 110.87, -16.82);
insert into SHOT values (1039, 1094, 1097, 5270, 1.37, 139.53, -0.60, 1.37, 139.44, -0.42, 0.00, 21.71, 61.65);
insert into SHOT values (1040, 1094, 1098, 5270, 2.93, 158.03, -1.10, 2.93, 157.98, -1.17, 0.01, 128.68, -35.73);
insert into SHOT values (1041, 1094, 1099, 5270, 4.67, 165.83, -1.00, 4.67, 165.87, -0.98, 0.00, 227.05, 20.34);
insert into SHOT values (1042, 1094, 1100, 5270, 15.48, 170.43, -3.40, 15.48, 170.43, -3.41, 0.00, 152.22, -37.20);
insert into SHOT values (1043, 1094, 1101, 5270, 10.81, 171.03, -3.20, 10.81, 171.04, -3.18, 0.00, 293.76, 49.68);
insert into SHOT values (1044, 1094, 1102, 5270, 6.58, 171.63, -2.90, 6.58, 171.60, -2.88, 0.00, 65.62, 36.94);
insert into SHOT values (1045, 1094, 1103, 5270, 4.19, 175.83, -3.10, 4.19, 175.75, -3.15, 0.01, 64.38, -27.79);
insert into SHOT values (1046, 1094, 1104, 5270, 3.22, 177.83, -2.70, 3.22, 177.86, -2.67, 0.00, 337.15, 20.62);
insert into SHOT values (1047, 1094, 1105, 5270, 2.71, 175.13, -1.90, 2.71, 175.13, -1.90, 0.00, 175.29, -6.72);
insert into SHOT values (1048, 1094, 1106, 5270, 4.44, 164.23, -1.80, 4.44, 164.18, -1.81, 0.00, 78.75, -7.53);
insert into SHOT values (1049, 1094, 1107, 5270, 4.17, 159.73, -2.20, 4.17, 159.65, -2.20, 0.01, 99.72, 0.68);
insert into SHOT values (1050, 1094, 1108, 5270, 3.81, 154.03, -1.60, 3.81, 153.97, -1.66, 0.01, 30.14, -38.24);
insert into SHOT values (1051, 1094, 1109, 5270, 1.96, 141.33, 0.50, 1.96, 141.20, 0.58, 0.01, 87.38, 28.19);
insert into SHOT values (1052, 1094, 1110, 5270, 1.36, 125.63, 0.60, 1.36, 125.44, 0.84, 0.01, 64.37, 48.02);
insert into SHOT values (1053, 1094, 1111, 5270, 1.03, 104.33, 3.80, 1.03, 104.04, 3.88, 0.01, 44.06, 15.89);
insert into SHOT values (1054, 1094, 1112, 5270, 1.14, 84.23, 7.30, 1.15, 84.44, 7.53, 0.01, 126.41, 39.82);
insert into SHOT values (1055, 1094, 1113, 5270, 1.11, 52.83, 6.10, 1.11, 52.72, 6.19, 0.00, 8.93, 32.54);
insert into SHOT values (1056, 1094, 1114, 5270, 1.44, 26.63, 6.30, 1.44, 26.57, 6.38, 0.00, 288.97, 50.06);
insert into SHOT values (1057, 1094, 1115, 5270, 2.56, 14.83, 2.00, 2.56, 14.96, 2.02, 0.01, 122.05, 6.21);
insert into SHOT values (1058, 1094, 1116, 5270, 5.93, 4.03, 1.70, 5.93, 4.06, 1.74, 0.01, 129.28, 43.44);
insert into SHOT values (1059, 1094, 1117, 5270, 3.18, 358.03, -25.70, 3.18, 358.00, -25.74, 0.00, 202.47, -13.42);
insert into SHOT values (1060, 1094, 1118, 5270, 3.05, 359.13, -18.00, 3.05, 359.21, -17.96, 0.00, 95.55, 31.92);
insert into SHOT values (1061, 1094, 1119, 5270, 2.89, 1.53, -10.70, 2.89, 1.61, -10.76, 0.01, 73.01, -38.39);
insert into SHOT values (1062, 1094, 1120, 5270, 2.97, 3.23, -1.70, 2.97, 3.29, -1.74, 0.01, 145.98, -21.53);
insert into SHOT values (1063, 1094, 1121, 5270, 6.82, 6.83, 8.00, 6.82, 6.80, 8.00, 0.01, 322.78, 8.81);
insert into SHOT values (1064, 1094, 1122, 5270, 1.88, 353.43, 1.60, 1.88, 353.59, 1.52, 0.01, 58.39, -23.05);
insert into SHOT values (1065, 1094, 1123, 5270, 2.04, 3.53, 4.30, 2.04, 3.66, 4.22, 0.01, 94.80, -32.00);
insert into SHOT values (1066, 1094, 1124, 5270, 7.75, 45.33, 55.30, 7.75, 45.37, 55.29, 0.00, 124.81, -29.59);
insert into SHOT values (1067, 1094, 1125, 5270, 6.38, 51.03, 51.80, 6.38, 51.07, 51.77, 0.00, 117.62, -53.47);
insert into SHOT values (1068, 1094, 1126, 5270, 4.07, 53.83, 47.20, 4.07, 53.84, 47.27, 0.00, 229.90, 49.97);
insert into SHOT values (1069, 1094, 1127, 5270, 1.91, 54.53, 40.70, 1.91, 54.55, 40.79, 0.00, 109.71, 80.90);
insert into SHOT values (1070, 1094, 1128, 5270, 2.94, 55.33, 42.80, 2.95, 55.36, 42.75, 0.01, 63.36, 20.51);
insert into SHOT values (1071, 1094, 1129, 5270, 1.30, 54.43, 23.20, 1.30, 54.57, 23.19, 0.01, 200.95, -21.49);
insert into SHOT values (1072, 1094, 1130, 5270, 1.06, 67.23, 8.10, 1.06, 67.09, 8.11, 0.00, 31.42, 8.12);
insert into SHOT values (1073, 1094, 1131, 5270, 9.46, 64.33, 66.00, 9.46, 64.30, 65.98, 0.00, 31.45, -29.18);
insert into SHOT values (1074, 1094, 1132, 5270, 8.71, 64.53, 62.00, 8.71, 64.50, 62.00, 0.00, 312.95, -11.47);
insert into SHOT values (1075, 1094, 1133, 5270, 6.29, 64.53, 58.10, 6.29, 64.51, 58.10, 0.00, 307.42, -1.70);
insert into SHOT values (1076, 1094, 1134, 5270, 4.91, 60.63, 51.50, 4.91, 60.67, 51.43, 0.01, 81.25, -22.29);
insert into SHOT values (1077, 1094, 1135, 5270, 3.17, 63.43, 47.30, 3.17, 63.43, 47.35, 0.00, 240.69, 5.82);
insert into SHOT values (1078, 1094, 1136, 5270, 9.70, 43.53, 56.30, 9.70, 43.57, 56.30, 0.00, 121.66, 0.69);
insert into SHOT values (1079, 1094, 1137, 5270, 8.51, 54.13, 61.40, 8.51, 54.09, 61.39, 0.00, 339.95, -26.39);
insert into SHOT values (1080, 1094, 1138, 5270, 3.02, 172.33, -17.90, 3.02, 172.21, -17.92, 0.01, 106.25, -14.78);
insert into SHOT values (1081, 1138, 1139, 5270, 9.06, 173.53, -0.90, 9.06, 173.53, -0.89, 0.00, 332.15, 59.49);
insert into SHOT values (1082, 1138, 1140, 5270, 3.98, 177.33, -0.50, 3.97, 177.40, -0.43, 0.01, 316.06, 31.63);
insert into SHOT values (1083, 1138, 1141, 5270, 3.65, 183.53, 0.10, 3.65, 183.62, 0.16, 0.01, 300.49, 30.99);
insert into SHOT values (1084, 1138, 1142, 5270, 3.34, 213.63, 6.10, 3.34, 213.69, 6.19, 0.01, 352.95, 44.03);
insert into SHOT values (1085, 1138, 1143, 5270, 0.66, 232.33, 14.20, 0.66, 232.59, 13.99, 0.00, 285.82, -27.37);
insert into SHOT values (1086, 1138, 1144, 5270, 0.57, 270.03, 19.00, 0.57, 270.00, 19.38, 0.00, 254.58, 76.12);
insert into SHOT values (1087, 1138, 1145, 5270, 0.58, 276.93, 32.60, 0.59, 276.98, 32.95, 0.01, 281.83, 56.06);
insert into SHOT values (1088, 1138, 1146, 5270, 10.04, 71.53, 65.80, 10.04, 71.43, 65.81, 0.01, 329.50, 17.83);
insert into SHOT values (1089, 1138, 1147, 5270, 12.83, 96.33, 66.60, 12.83, 96.32, 66.63, 0.01, 293.40, 47.80);
insert into SHOT values (1090, 1138, 1148, 5270, 9.38, 125.23, 60.20, 9.38, 125.29, 60.23, 0.01, 263.84, 2.64);
insert into SHOT values (1091, 1138, 1149, 5270, 13.15, 126.33, 58.10, 13.15, 126.39, 58.13, 0.01, 249.17, 34.65);
insert into SHOT values (1092, 1138, 1150, 5270, 12.74, 138.73, 51.70, 12.74, 138.75, 51.74, 0.01, 300.37, 11.64);
insert into SHOT values (1093, 1138, 1151, 5270, 15.14, 145.43, 46.00, 15.14, 145.46, 46.01, 0.01, 271.96, -6.19);
insert into SHOT values (1094, 1138, 1152, 5270, 16.80, 149.13, 42.20, 16.80, 149.15, 42.22, 0.01, 294.45, 40.03);
insert into SHOT values (1095, 1138, 1153, 5270, 6.65, 153.43, 38.70, 6.65, 153.43, 38.73, 0.00, 323.98, 43.97);
insert into SHOT values (1096, 1138, 1154, 5270, 0.38, 77.33, 39.90, 0.38, 75.96, 40.90, 0.01, 323.88, 39.78);
insert into SHOT values (1097, 1138, 1155, 5270, 2.22, 75.13, 57.80, 2.22, 74.79, 57.85, 0.01, 332.33, 11.30);
insert into SHOT values (1098, 1138, 1156, 5270, 3.33, 80.13, 63.60, 3.33, 79.83, 63.77, 0.01, 305.50, 34.19);
insert into SHOT values (1099, 1138, 1157, 5270, 12.02, 89.53, 66.10, 12.02, 89.53, 66.14, 0.01, 270.79, 3.96);
insert into SHOT values (1100, 1138, 1158, 5270, 9.30, 53.73, 64.70, 9.30, 53.71, 64.73, 0.00, 254.85, 24.16);
insert into SHOT values (1101, 1138, 1159, 5270, 10.15, 36.83, 58.10, 10.15, 36.81, 58.14, 0.01, 239.48, 25.65);
insert into SHOT values (1102, 1138, 1160, 5270, 10.07, 22.03, 47.80, 10.07, 21.97, 47.81, 0.01, 267.55, 0.77);
insert into SHOT values (1103, 1138, 1161, 5270, 14.93, 14.63, 44.40, 14.93, 14.61, 44.42, 0.01, 255.09, 41.39);
insert into SHOT values (1104, 1138, 1162, 5270, 9.21, 19.23, 46.40, 9.21, 19.20, 46.39, 0.00, 326.49, 5.94);
insert into SHOT values (1105, 1138, 1163, 5270, 4.14, 172.33, -20.80, 4.13, 172.42, -20.83, 0.01, 310.64, 0.96);
insert into SHOT values (1106, 1138, 1164, 5270, 4.05, 172.43, -20.90, 4.05, 172.56, -20.84, 0.01, 273.84, 29.72);
insert into SHOT values (1107, 1164, 1165, 5270, 0.15, 52.53, -75.40, 0.15, 56.31, -76.48, 0.01, 180.18, -58.22);
insert into SHOT values (1108, 1164, 1166, 5270, 3.80, 182.53, 2.10, 3.80, 182.42, 2.11, 0.01, 64.04, 5.04);
insert into SHOT values (1109, 1164, 1167, 5270, 1.87, 214.83, -0.40, 1.86, 214.71, -0.62, 0.01, 58.45, -36.37);
insert into SHOT values (1110, 1164, 1168, 5270, 1.12, 241.83, 2.70, 1.12, 241.59, 2.57, 0.01, 106.60, -22.93);
insert into SHOT values (1111, 1164, 1169, 5270, 3.02, 332.33, 5.20, 3.01, 332.41, 5.14, 0.01, 118.84, -26.19);
insert into SHOT values (1112, 1164, 1170, 5270, 2.18, 303.13, 1.60, 2.18, 303.18, 1.58, 0.01, 101.86, -9.90);
insert into SHOT values (1113, 1164, 1171, 5270, 1.83, 278.03, 6.30, 1.83, 278.22, 6.28, 0.01, 10.69, -7.75);
insert into SHOT values (1114, 1164, 1172, 5270, 2.93, 25.03, 85.10, 2.93, 25.56, 85.01, 0.01, 51.79, 7.71);
insert into SHOT values (1115, 1164, 1173, 5270, 1.55, 257.23, 71.00, 1.54, 257.35, 71.02, 0.01, 54.49, -64.56);
insert into SHOT values (1116, 1164, 1174, 5270, 1.05, 254.53, 50.90, 1.04, 254.05, 51.03, 0.01, 112.33, -28.62);
insert into SHOT values (1117, 1164, 1175, 5270, 1.93, 260.23, -33.30, 1.93, 260.36, -33.32, 0.00, 355.64, -5.93);
insert into SHOT values (1118, 1175, 1176, 5270, 1.93, 255.33, -33.00, 1.92, 255.27, -33.06, 0.01, 91.01, 11.11);
insert into SHOT values (1119, 1175, 1177, 5270, 10.00, 194.73, -50.10, 10.00, 194.71, -50.07, 0.01, 170.35, 14.39);
insert into SHOT values (1120, 1178, 1177, 5270, 1.03, 31.33, -43.50, 1.03, 31.76, -43.78, 0.01, 169.59, -6.81);
insert into SHOT values (1121, 1178, 1179, 5270, 1.02, 38.63, -34.60, 1.02, 39.19, -34.67, 0.01, 135.21, -5.51);
insert into SHOT values (1122, 1178, 1180, 5270, 1.02, 189.43, 14.10, 1.02, 189.27, 13.59, 0.01, 152.89, -61.50);
insert into SHOT values (1123, 1180, 1181, 5270, 10.74, 171.53, -8.70, 10.74, 171.50, -8.68, 0.01, 84.19, 34.96);
insert into SHOT values (1124, 1180, 1182, 5270, 1.45, 118.43, -4.10, 1.45, 118.52, -3.96, 0.00, 232.50, 57.51);
insert into SHOT values (1125, 1180, 1183, 5270, 3.15, 142.43, -0.10, 3.15, 142.48, 0.00, 0.01, 190.56, 58.95);
insert into SHOT values (1126, 1180, 1184, 5270, 4.25, 151.33, 0.10, 4.25, 151.33, 0.13, 0.00, 134.11, 60.11);
insert into SHOT values (1127, 1180, 1185, 5270, 9.18, 161.43, -2.60, 9.18, 161.43, -2.56, 0.01, 353.82, 63.88);
insert into SHOT values (1128, 1180, 1186, 5270, 5.72, 179.53, 1.80, 5.72, 179.50, 1.80, 0.00, 133.33, 4.30);
insert into SHOT values (1129, 1180, 1187, 5270, 3.72, 187.63, 2.00, 3.72, 187.56, 2.00, 0.01, 144.64, 1.56);
insert into SHOT values (1130, 1180, 1188, 5270, 2.41, 191.43, 3.00, 2.41, 191.26, 3.09, 0.01, 98.49, 28.76);
insert into SHOT values (1131, 1180, 1189, 5270, 1.22, 192.63, 1.70, 1.22, 192.32, 1.88, 0.01, 90.42, 29.75);
insert into SHOT values (1132, 1180, 1190, 5270, 4.21, 82.03, 58.50, 4.21, 82.16, 58.49, 0.01, 162.94, 4.24);
insert into SHOT values (1133, 1180, 1191, 5270, 11.49, 81.23, 61.80, 11.50, 81.21, 61.79, 0.01, 59.83, 40.58);
insert into SHOT values (1134, 1180, 1192, 5270, 1.11, 97.63, -0.80, 1.11, 97.77, -0.52, 0.01, 181.37, 64.55);
insert into SHOT values (1135, 1180, 1193, 5270, 1.64, 33.83, 1.20, 1.64, 34.08, 1.40, 0.01, 105.82, 37.31);
insert into SHOT values (1136, 1180, 1194, 5270, 1.33, 40.23, 1.90, 1.33, 40.41, 2.16, 0.01, 163.11, 49.49);
insert into SHOT values (1137, 1180, 1195, 5270, 1.93, 23.93, 3.90, 1.93, 23.90, 4.16, 0.01, 269.86, 83.06);
insert into SHOT values (1138, 1180, 1196, 5270, 0.67, 0.63, 1.50, 0.67, 0.86, 1.71, 0.00, 84.12, 43.01);
insert into SHOT values (1139, 1180, 1197, 5270, 0.91, 5.53, 4.90, 0.91, 5.71, 5.05, 0.00, 133.20, 32.36);
insert into SHOT values (1140, 1137, 1198, 5270, 0.14, 273.33, 52.30, 0.14, 270.00, 53.97, 0.01, 132.29, -5.96);
insert into SHOT values (1141, 1137, 1199, 5270, 2.27, 178.23, -0.40, 2.27, 178.23, -0.25, 0.01, 183.82, 78.97);
insert into SHOT values (1142, 1137, 1200, 5270, 1.27, 209.83, -4.30, 1.27, 209.80, -4.06, 0.01, 181.10, 75.20);
insert into SHOT values (1143, 1137, 1201, 5270, 0.32, 241.03, 2.00, 0.32, 240.26, 1.78, 0.01, 182.34, -12.87);
insert into SHOT values (1144, 1137, 1202, 5270, 0.56, 290.73, -4.10, 0.56, 290.07, -4.13, 0.01, 162.72, 0.27);
insert into SHOT values (1145, 1137, 1203, 5270, 1.04, 329.43, 3.10, 1.04, 329.23, 3.32, 0.01, 204.09, 39.60);
insert into SHOT values (1146, 1137, 1204, 5270, 9.17, 325.33, -51.50, 9.16, 325.36, -51.51, 0.01, 124.49, 36.82);
insert into SHOT values (1147, 1137, 1205, 5270, 8.61, 319.13, -57.00, 8.61, 319.07, -57.02, 0.01, 194.76, 8.58);
insert into SHOT values (1148, 1137, 1206, 5270, 8.12, 285.43, -67.50, 8.12, 285.34, -67.54, 0.01, 141.69, 12.37);
insert into SHOT values (1149, 1137, 1207, 5270, 15.87, 204.23, -52.00, 15.87, 204.23, -51.99, 0.01, 183.89, 87.49);
insert into SHOT values (1150, 1137, 1208, 5270, 10.60, 209.43, -56.30, 10.60, 209.39, -56.27, 0.01, 180.43, -9.55);
insert into SHOT values (1151, 1137, 1209, 5270, 9.68, 215.63, -60.40, 9.67, 215.55, -60.38, 0.01, 124.80, 45.39);
insert into SHOT values (1152, 1137, 1210, 5270, 9.83, 231.03, -65.30, 9.83, 230.93, -65.29, 0.01, 151.60, 4.76);
insert into SHOT values (1153, 1137, 1211, 5270, 11.59, 177.33, -14.90, 11.59, 177.34, -14.90, 0.00, 220.23, 3.99);
insert into SHOT values (1154, 1137, 1212, 5270, 16.26, 178.93, -19.20, 16.26, 178.92, -19.17, 0.01, 153.80, 42.92);
insert into SHOT values (1155, 1137, 1213, 5270, 11.04, 181.63, -25.80, 11.04, 181.61, -25.77, 0.01, 147.32, 42.76);
insert into SHOT values (1156, 1137, 1214, 5270, 16.41, 188.43, -33.20, 16.41, 188.41, -33.17, 0.01, 155.41, 35.27);
insert into SHOT values (1157, 1137, 1215, 5270, 3.04, 346.13, 4.20, 3.04, 346.24, 4.35, 0.01, 117.07, 44.17);
insert into SHOT values (1158, 1215, 1216, 5270, 3.05, 350.63, 4.20, 3.05, 350.54, 4.14, 0.01, 255.64, -34.20);
insert into SHOT values (1159, 1215, 1217, 5270, 0.43, 93.03, -1.00, 0.43, 92.66, -1.33, 0.00, 13.71, -41.58);
insert into SHOT values (1160, 1215, 1218, 5270, 0.70, 151.83, -4.10, 0.70, 151.98, -4.07, 0.00, 174.99, 0.61);
insert into SHOT values (1161, 1215, 1219, 5270, 12.98, 171.73, -7.20, 12.98, 171.74, -7.22, 0.01, 330.99, -36.39);
insert into SHOT values (1162, 1215, 1220, 5270, 1.80, 182.73, -8.40, 1.80, 182.89, -8.61, 0.01, 255.52, -52.93);
insert into SHOT values (1163, 1215, 1221, 5270, 0.17, 291.73, -4.40, 0.17, 290.56, -6.68, 0.01, 222.73, -61.66);
insert into SHOT values (1164, 1215, 1222, 5270, 0.81, 347.43, -1.90, 0.81, 347.16, -2.12, 0.00, 267.71, -39.38);
insert into SHOT values (1165, 1215, 1223, 5270, 2.07, 87.23, 63.30, 2.06, 87.54, 63.17, 0.01, 168.59, -61.53);
insert into SHOT values (1166, 1215, 1224, 5270, 1.66, 87.13, 63.20, 1.66, 86.91, 63.40, 0.01, 288.65, -12.04);
insert into SHOT values (1167, 1215, 1225, 5270, 1.67, 86.93, 63.30, 1.67, 86.95, 63.25, 0.00, 103.72, -69.17);
insert into SHOT values (1168, 1215, 1226, 5270, 1.66, 84.63, 64.30, 1.65, 84.37, 64.41, 0.01, 291.47, -38.73);
insert into SHOT values (1169, 1215, 1227, 5270, 1.20, 69.73, 85.70, 1.19, 69.44, 85.89, 0.01, 255.12, -55.47);
insert into SHOT values (1170, 1215, 1228, 5270, 2.47, 266.93, 76.80, 2.47, 266.99, 76.62, 0.01, 271.67, -34.94);
insert into SHOT values (1171, 1215, 1229, 5270, 1.55, 250.23, 53.40, 1.55, 250.39, 53.32, 0.01, 352.97, -59.29);
insert into SHOT values (1172, 1215, 1230, 5270, 2.14, 198.63, 10.90, 2.14, 198.87, 10.77, 0.01, 278.34, -28.04);
insert into SHOT values (1173, 1215, 1231, 5270, 1.39, 234.13, 17.40, 1.39, 234.16, 17.11, 0.01, 241.28, -44.00);
insert into SHOT values (1174, 1215, 1232, 5270, 1.30, 228.93, 38.60, 1.30, 228.97, 38.43, 0.00, 237.87, -12.35);
insert into SHOT values (1175, 1215, 1233, 5270, 4.39, 335.83, -3.20, 4.39, 335.77, -3.26, 0.01, 281.17, -41.92);
insert into SHOT values (1176, 1215, 1234, 5270, 2.39, 310.63, 4.60, 2.39, 310.58, 4.56, 0.00, 236.96, -34.76);
insert into SHOT values (1177, 1215, 1235, 5270, 2.00, 301.53, 9.00, 2.00, 301.36, 8.90, 0.01, 244.14, -22.37);
insert into SHOT values (1178, 1215, 1236, 5270, 7.90, 345.53, -23.50, 7.90, 345.54, -23.49, 0.01, 1.83, 1.34);
insert into SHOT values (1179, 1225, 1237, 5270, 7.07, 345.33, -23.60, 7.07, 345.26, -23.58, 0.01, 284.89, 2.76);
insert into SHOT values (1180, 1237, 1238, 5270, 8.69, 351.73, 36.90, 8.68, 351.80, 36.89, 0.01, 126.56, -33.02);
insert into SHOT values (1181, 1237, 1239, 5270, 2.71, 6.73, 39.30, 2.70, 6.85, 39.22, 0.01, 122.25, -52.43);
insert into SHOT values (1182, 1237, 1240, 5270, 2.16, 34.83, 41.90, 2.16, 34.88, 41.83, 0.00, 79.50, -54.84);
insert into SHOT values (1183, 1237, 1241, 5270, 1.65, 59.73, 48.80, 1.65, 59.67, 48.71, 0.00, 31.60, -30.26);
insert into SHOT values (1184, 1237, 1242, 5270, 1.52, 104.73, 46.20, 1.52, 104.83, 45.93, 0.01, 134.54, -63.42);
insert into SHOT values (1185, 1237, 1243, 5270, 1.77, 132.43, 37.80, 1.77, 132.41, 37.48, 0.01, 129.56, -25.81);
insert into SHOT values (1186, 1237, 1244, 5270, 2.74, 150.53, 28.10, 2.74, 150.58, 28.04, 0.01, 170.66, -5.68);
insert into SHOT values (1187, 1237, 1245, 5270, 5.34, 166.13, 18.90, 5.35, 166.05, 18.88, 0.01, 120.00, 1.55);
insert into SHOT values (1188, 1237, 1246, 5270, 8.02, 170.93, 15.60, 8.02, 170.92, 15.55, 0.01, 129.63, -65.03);
insert into SHOT values (1189, 1237, 1247, 5270, 6.76, 173.93, 16.30, 6.76, 173.89, 16.24, 0.01, 64.45, -58.68);
insert into SHOT values (1190, 1237, 1248, 5270, 2.36, 183.03, 18.60, 2.36, 182.81, 18.49, 0.01, 127.72, -14.71);
insert into SHOT values (1191, 1237, 1249, 5270, 1.72, 189.43, 22.10, 1.72, 189.40, 21.91, 0.01, 28.40, -71.52);
insert into SHOT values (1192, 1237, 1250, 5270, 1.37, 201.03, 26.70, 1.36, 200.67, 26.60, 0.01, 75.48, -30.28);
insert into SHOT values (1193, 1237, 1251, 5270, 0.95, 231.53, 36.00, 0.95, 231.34, 36.08, 0.00, 137.16, 32.02);
insert into SHOT values (1194, 1237, 1252, 5270, 0.76, 266.43, 47.60, 0.76, 266.63, 47.63, 0.00, 37.81, -26.99);
insert into SHOT values (1195, 1237, 1253, 5270, 0.86, 318.33, 48.90, 0.85, 318.62, 48.83, 0.01, 111.53, -52.03);
insert into SHOT values (1196, 1237, 1254, 5270, 1.02, 254.23, 66.20, 1.01, 254.25, 66.46, 0.01, 73.10, -26.98);
insert into SHOT values (1197, 1237, 1255, 5270, 1.29, 258.73, 74.00, 1.29, 258.37, 74.36, 0.01, 93.38, -0.18);
insert into SHOT values (1198, 1237, 1256, 5270, 2.75, 304.93, 84.10, 2.74, 304.82, 84.14, 0.01, 136.69, -64.81);
insert into SHOT values (1199, 1237, 1257, 5270, 1.39, 84.23, 79.60, 1.38, 85.43, 79.55, 0.01, 176.17, -53.85);
insert into SHOT values (1200, 1237, 1258, 5270, 2.04, 86.13, 64.80, 2.04, 86.05, 64.64, 0.01, 67.70, -57.93);
insert into SHOT values (1201, 1237, 1259, 5270, 1.68, 55.03, 58.00, 1.68, 55.06, 57.91, 0.00, 117.51, -83.70);
insert into SHOT values (1202, 1237, 1260, 5270, 3.76, 346.13, 43.50, 3.76, 346.22, 43.40, 0.01, 60.80, -62.26);
insert into SHOT values (1203, 1260, 1261, 5270, 5.49, 355.43, 34.30, 5.49, 355.45, 34.36, 0.01, 124.02, 76.06);
insert into SHOT values (1204, 1260, 1262, 5270, 5.32, 9.53, 31.00, 5.31, 9.61, 31.03, 0.01, 145.52, -0.02);
insert into SHOT values (1205, 1260, 1263, 5270, 6.32, 25.33, 31.60, 6.32, 25.33, 31.69, 0.01, 209.72, 53.74);
insert into SHOT values (1206, 1260, 1264, 5270, 5.64, 45.63, 31.30, 5.65, 45.67, 31.37, 0.01, 89.11, 63.09);
insert into SHOT values (1207, 1260, 1265, 5270, 4.24, 69.83, 34.70, 4.24, 69.85, 34.79, 0.01, 228.23, 65.42);
insert into SHOT values (1208, 1260, 1266, 5270, 3.15, 93.53, 34.40, 3.15, 93.52, 34.35, 0.01, 89.29, 3.48);
insert into SHOT values (1209, 1260, 1267, 5270, 3.23, 115.33, 34.90, 3.24, 115.41, 34.85, 0.01, 139.60, 12.80);
insert into SHOT values (1210, 1260, 1268, 5270, 1.19, 319.33, 75.10, 1.19, 318.99, 75.16, 0.00, 195.81, 0.33);
insert into SHOT values (1211, 1260, 1269, 5270, 3.21, 340.43, 39.50, 3.21, 340.39, 39.65, 0.01, 185.57, 64.75);
insert into SHOT values (1212, 1260, 1270, 5270, 4.48, 350.53, 31.50, 4.48, 350.49, 31.65, 0.01, 191.48, 49.22);
insert into SHOT values (1213, 1260, 1271, 5270, 1.67, 176.53, 56.50, 1.68, 176.27, 56.63, 0.01, 89.38, 60.30);
insert into SHOT values (1214, 1260, 1272, 5270, 2.85, 167.03, 36.90, 2.86, 167.12, 36.94, 0.01, 189.35, 43.87);
insert into SHOT values (1215, 1260, 1273, 5270, 4.35, 164.43, 32.00, 4.36, 164.46, 32.01, 0.01, 181.17, 37.38);
insert into SHOT values (1216, 1260, 1274, 5270, 6.30, 163.23, 28.00, 6.31, 163.19, 28.00, 0.01, 127.86, 19.77);
insert into SHOT values (1217, 1260, 1275, 5270, 10.56, 158.83, 30.50, 10.57, 158.82, 30.48, 0.01, 140.85, 3.37);
insert into SHOT values (1218, 1260, 1276, 5270, 12.79, 162.43, 25.30, 12.80, 162.44, 25.31, 0.01, 183.88, 33.52);
insert into SHOT values (1219, 1260, 1277, 5270, 2.09, 72.23, 23.70, 2.09, 72.32, 23.99, 0.01, 211.14, 64.60);
insert into SHOT values (1220, 1277, 1278, 5270, 2.10, 71.63, 25.90, 2.10, 71.85, 25.66, 0.01, 126.50, -39.18);
insert into SHOT values (1221, 1277, 1279, 5270, 18.97, 330.13, 87.10, 18.96, 330.48, 87.12, 0.01, 105.83, -34.55);
insert into SHOT values (1222, 1277, 1280, 5270, 18.90, 9.13, 85.40, 18.89, 9.09, 85.39, 0.01, 351.14, -69.07);
insert into SHOT values (1223, 1277, 1281, 5270, 11.00, 30.63, 82.60, 10.99, 30.89, 82.57, 0.01, 83.48, -45.60);
insert into SHOT values (1224, 1277, 1282, 5270, 9.23, 338.63, 74.80, 9.22, 338.64, 74.81, 0.01, 153.83, -60.29);
insert into SHOT values (1225, 1277, 1283, 5270, 6.81, 337.53, 67.90, 6.80, 337.53, 67.85, 0.01, 341.44, -75.25);
insert into SHOT values (1226, 1277, 1284, 5270, 5.91, 336.43, 58.20, 5.90, 336.49, 58.24, 0.01, 130.55, -22.45);
insert into SHOT values (1227, 1277, 1285, 5270, 5.22, 334.03, 49.10, 5.21, 334.11, 49.10, 0.01, 111.99, -38.04);
insert into SHOT values (1228, 1277, 1286, 5270, 4.75, 334.83, 37.20, 4.75, 334.79, 37.21, 0.00, 191.89, -22.79);
insert into SHOT values (1229, 1277, 1287, 5270, 3.89, 335.43, 19.30, 3.89, 335.53, 19.23, 0.01, 81.12, -40.80);
insert into SHOT values (1230, 1277, 1288, 5270, 4.12, 333.73, 2.50, 4.12, 333.75, 2.37, 0.01, 119.94, -78.43);
insert into SHOT values (1231, 1277, 1289, 5270, 3.55, 301.93, 11.20, 3.54, 301.95, 11.07, 0.01, 108.49, -58.88);
insert into SHOT values (1232, 1277, 1290, 5270, 3.16, 285.63, 14.00, 3.16, 285.71, 13.93, 0.01, 35.36, -43.37);
insert into SHOT values (1233, 1277, 1291, 5270, 2.81, 274.73, 15.10, 2.81, 274.66, 15.08, 0.01, 135.17, -20.85);
insert into SHOT values (1234, 1277, 1292, 5270, 2.66, 253.03, 19.40, 2.66, 253.08, 19.33, 0.00, 353.37, -57.37);
insert into SHOT values (1235, 1277, 1293, 5270, 2.69, 239.83, 18.10, 2.69, 239.73, 17.97, 0.01, 173.79, -48.52);
insert into SHOT values (1236, 1277, 1294, 5270, 2.86, 228.03, 20.90, 2.86, 227.89, 20.91, 0.01, 116.66, -2.13);
insert into SHOT values (1237, 1277, 1295, 5270, 2.06, 359.63, 5.10, 2.06, 359.72, 5.02, 0.00, 119.26, -40.26);
insert into SHOT values (1238, 1295, 1296, 5270, 2.06, 13.53, 4.10, 2.06, 13.50, 4.17, 0.00, 342.07, 48.28);
insert into SHOT values (1239, 1295, 1297, 5270, 20.06, 237.63, 78.20, 20.05, 237.67, 78.22, 0.01, 37.66, -37.85);
insert into SHOT values (1240, 1297, 1298, 5270, 5.99, 291.03, 21.00, 5.99, 290.96, 21.04, 0.01, 183.03, 26.16);
insert into SHOT values (1241, 1298, 1299, 5270, 5.11, 32.73, 51.60, 5.11, 32.64, 51.67, 0.01, 269.22, 40.66);
insert into SHOT values (1242, 1299, 1300, 5270, 3.12, 291.13, -4.20, 3.12, 291.12, -4.23, 0.00, 126.03, -26.83);
insert into SCRAPS values (5271, 5268, 'pivnica_2_resurvey-1p', 1);
 insert into SCRAPS values (5314, 5268, 'pivnica_2_resurvey-2p', 1);
 insert into SCRAPS values (5348, 5268, 'pivnica_2_resurvey-3p', 1);
 insert into MAPS values (5385, 5268, 'm1p', NULL, 1, 85.740, 46.860);
 insert into MAPITEMS values (5385, 4, 5271);
 insert into MAPS values (5386, 5268, 'm2p', NULL, 1, 85.740, 46.860);
 insert into MAPITEMS values (5386, 4, 5314);
 insert into MAPS values (5387, 5268, 'm3p', NULL, 1, 85.740, 46.860);
 insert into MAPITEMS values (5387, 4, 5348);
 insert into MAPS values (5388, 5268, 'mpivnica_2_resurvey-p', NULL, 1, 85.740, 46.860);
 insert into MAPITEMS values (5388, 4, 5385);
 insert into MAPITEMS values (5388, 4, 5386);
 insert into MAPITEMS values (5388, 4, 5387);
 insert into SURVEY values (5390, 32, 'lost_in_a_dream', 'lost_in_a_dream.primadona.sistem_prima', 'Lost in a Dream');
 insert into CENTRELINE values (5391, 5390, NULL, NULL, NULL, 0.00, 0.00, 0.00);
 insert into SCRAPS values (5392, 5390, 'lost_in_a_dream-p1', 1);
 insert into SCRAPS values (5413, 5390, 'lost_in_a_dream-p2', 1);
 insert into SCRAPS values (5448, 5390, 'lost_in_a_dream-p3', 1);
 insert into MAPS values (5467, 5390, 'm1-p', NULL, 1, 78.250, 22.610);
 insert into MAPITEMS values (5467, 4, 5392);
 insert into MAPS values (5468, 5390, 'm2-p', NULL, 1, 78.250, 22.610);
 insert into MAPITEMS values (5468, 4, 5413);
 insert into MAPS values (5469, 5390, 'm3-p', NULL, 1, 78.250, 22.610);
 insert into MAPITEMS values (5469, 4, 5448);
 insert into MAPS values (5470, 5390, 'mlost_in_a_dream-p', NULL, 1, 78.250, 22.610);
 insert into MAPITEMS values (5470, 4, 5467);
 insert into MAPITEMS values (5470, 4, 5468);
 insert into MAPITEMS values (5470, 4, 5469);
 insert into CENTRELINE values (5473, 5390, NULL, '2018-07-20', NULL, 78.25, 0.00, 0.00);
 insert into PERSON values (32, 'Jack', 'Halliday');
insert into TOPO values (32, 5473);
 insert into TOPO values (18, 5473);
 insert into EXPLO values (32, 5473);
 insert into EXPLO values (22, 5473);
 insert into EXPLO values (18, 5473);
 insert into SHOT values (1243, 1301, 1302, 5473, 4.59, 280.43, -3.60, 4.76, 283.13, -3.37, 0.28, 333.59, 1.68);
insert into SHOT values (1244, 1302, 1303, 5473, 0.88, 222.33, 23.30, 0.74, 229.86, 24.92, 0.18, 11.54, -12.55);
insert into SHOT values (1245, 1303, 1304, 5473, 4.96, 12.13, 22.70, 5.25, 10.64, 21.81, 0.32, 349.06, 6.36);
insert into SHOT values (1246, 1304, 1305, 5473, 2.02, 105.73, 22.00, 1.84, 102.24, 22.68, 0.21, 315.95, -12.81);
insert into SHOT values (1247, 1305, 1306, 5473, 3.82, 318.73, 12.10, 4.14, 319.80, 11.69, 0.33, 331.95, 6.75);
insert into SHOT values (1248, 1306, 1307, 5473, 3.02, 48.93, -16.90, 3.16, 46.34, -16.38, 0.19, 3.49, -3.60);
insert into SHOT values (1249, 1307, 1308, 5473, 2.09, 150.03, 83.50, 2.07, 142.13, 86.85, 0.12, 337.25, -3.01);
insert into SHOT values (1250, 1308, 1309, 5473, 3.80, 40.43, 3.00, 4.00, 37.87, 3.01, 0.26, 357.64, 2.44);
insert into SHOT values (1251, 1309, 1310, 5473, 1.06, 145.03, -2.60, 0.72, 143.45, -3.17, 0.34, 328.40, 1.37);
insert into SHOT values (1252, 1310, 1311, 5473, 6.61, 28.13, 32.40, 6.83, 25.73, 31.11, 0.36, 345.36, -1.88);
insert into SHOT values (1253, 1311, 1312, 5473, 1.66, 222.93, 0.70, 1.49, 226.64, 1.16, 0.20, 14.48, 2.76);
insert into SHOT values (1254, 1312, 1313, 5473, 4.62, 339.93, 48.50, 4.87, 340.00, 46.31, 0.31, 340.78, 11.22);
insert into SHOT values (1255, 1313, 1314, 5473, 3.77, 334.33, 27.20, 4.09, 334.76, 25.93, 0.34, 339.16, 11.45);
insert into SHOT values (1256, 1314, 1315, 5473, 2.41, 302.53, 7.50, 2.68, 304.29, 7.28, 0.29, 319.27, 5.12);
insert into SHOT values (1257, 1315, 1316, 5473, 0.94, 10.53, 28.40, 1.22, 7.91, 26.77, 0.29, 359.78, 21.08);
insert into SHOT values (1258, 1316, 1317, 5473, 2.91, 314.43, 2.90, 3.23, 315.75, 2.84, 0.33, 327.67, 2.24);
insert into SHOT values (1259, 1317, 1318, 5473, 3.71, 323.13, 18.30, 4.03, 323.99, 17.61, 0.33, 333.40, 9.57);
insert into SHOT values (1260, 1318, 1319, 5473, 2.75, 99.63, 14.00, 2.60, 96.62, 14.48, 0.20, 320.06, -4.29);
insert into SHOT values (1261, 1319, 1320, 5473, 5.68, 343.13, -1.10, 6.03, 343.04, -0.85, 0.35, 341.62, 3.08);
insert into SHOT values (1262, 1320, 1321, 5473, 5.05, 60.33, 17.90, 5.13, 57.19, 17.69, 0.28, 346.45, 1.61);
insert into SHOT values (1263, 1321, 1322, 5473, 1.32, 150.53, 50.30, 1.11, 149.04, 54.82, 0.23, 335.24, -27.52);
insert into SHOT values (1264, 1322, 1323, 5473, 7.03, 90.43, 19.70, 6.94, 86.74, 20.24, 0.44, 344.23, 3.97);
insert into SHOT values (1265, 1323, 1324, 5473, 1.58, 91.93, 24.30, 1.48, 87.44, 24.81, 0.15, 317.53, -11.61);
insert into SHOT values (1266, 1324, 1325, 5473, 1.97, 232.83, 7.50, 1.86, 236.05, 8.02, 0.15, 9.92, 1.08);
insert into SURVEY values (5475, 32, 'lost_in_a_dream_2', 'lost_in_a_dream_2.primadona.sistem_prima', 'Lost in a dream 2');
 insert into CENTRELINE values (5476, 5475, NULL, NULL, NULL, 0.00, 0.00, 0.00);
 insert into SCRAPS values (5477, 5475, 'lost_in_a_dream_2-p1', 1);
 insert into MAPS values (5497, 5475, 'mlost_in_a_dream_2-p', NULL, 1, 12.370, 7.590);
 insert into MAPITEMS values (5497, 4, 5477);
 insert into CENTRELINE values (5498, 5475, NULL, '2018-07-20', NULL, 12.37, 0.00, 0.00);
 insert into TOPO values (32, 5498);
 insert into TOPO values (18, 5498);
 insert into EXPLO values (32, 5498);
 insert into EXPLO values (22, 5498);
 insert into EXPLO values (18, 5498);
 insert into SHOT values (1267, 1326, 1327, 5498, 2.26, 167.83, -28.70, 2.57, 167.61, -27.53, 0.32, 166.17, -19.18);
insert into SHOT values (1268, 1326, 1328, 5498, 6.32, 12.43, 39.40, 6.57, 10.84, 37.50, 0.36, 348.58, -1.84);
insert into SHOT values (1269, 1328, 1329, 5498, 3.79, 32.23, 38.20, 3.98, 30.04, 37.07, 0.24, 0.44, 13.71);
insert into SURVEY values (5500, 32, 'penny_falls', 'penny_falls.primadona.sistem_prima', 'Penny falls');
 insert into CENTRELINE values (5501, 5500, NULL, NULL, NULL, 0.00, 0.00, 0.00);
 insert into SCRAPS values (5502, 5500, 'penny_falls-p1', 1);
 insert into SCRAPS values (5519, 5500, 'penny_falls-p2', 1);
 insert into MAPS values (5546, 5500, 'm1-p', NULL, 1, 47.110, 24.820);
 insert into MAPITEMS values (5546, 4, 5502);
 insert into MAPS values (5547, 5500, 'm2-p', NULL, 1, 47.110, 24.820);
 insert into MAPITEMS values (5547, 4, 5519);
 insert into MAPS values (5548, 5500, 'mpenny_falls-p', NULL, 1, 47.110, 24.820);
 insert into MAPITEMS values (5548, 4, 5546);
 insert into MAPITEMS values (5548, 4, 5547);
 insert into CENTRELINE values (5550, 5500, NULL, '2018-07-22', NULL, 47.11, 0.00, 0.00);
 insert into TOPO values (2, 5550);
 insert into TOPO values (29, 5550);
 insert into SHOT values (1270, 1330, 1331, 5550, 4.12, 97.53, 56.00, 4.11, 97.50, 56.00, 0.01, 293.57, -52.05);
insert into SHOT values (1271, 1331, 1332, 5550, 3.70, 57.53, 49.00, 3.70, 57.62, 48.98, 0.00, 147.15, -31.56);
insert into SHOT values (1272, 1332, 1333, 5550, 2.67, 42.53, 6.00, 2.67, 42.40, 6.02, 0.01, 302.42, 9.02);
insert into SHOT values (1273, 1334, 1333, 5550, 1.68, 288.53, -15.00, 1.68, 288.32, -15.18, 0.01, 193.41, -41.95);
insert into SHOT values (1274, 1334, 1335, 5550, 5.01, 50.53, 68.00, 5.00, 50.62, 67.99, 0.01, 157.57, -56.98);
insert into SHOT values (1275, 1335, 1336, 5550, 1.61, 20.53, 16.00, 1.61, 20.43, 16.22, 0.01, 283.24, 66.35);
insert into SHOT values (1276, 1336, 1337, 5550, 1.85, 47.53, -14.00, 1.85, 47.70, -14.05, 0.01, 109.40, -21.02);
insert into SHOT values (1277, 1337, 1338, 5550, 3.70, 346.53, 0.00, 3.70, 346.56, 0.00, 0.00, 48.91, 0.00);
insert into SHOT values (1278, 1338, 1339, 5550, 4.31, 352.53, 56.00, 4.31, 352.37, 55.96, 0.01, 273.12, -25.82);
insert into SHOT values (1279, 1340, 1339, 5550, 3.23, 246.53, -13.00, 3.23, 246.61, -13.05, 0.01, 318.25, -34.98);
insert into SHOT values (1280, 1340, 1341, 5550, 2.85, 341.53, 28.00, 2.85, 341.49, 28.00, 0.00, 321.31, 25.56);
insert into SHOT values (1281, 1342, 1341, 5550, 4.77, 247.53, -30.00, 4.77, 247.53, -29.93, 0.01, 252.16, 59.64);
insert into SHOT values (1282, 1342, 1343, 5550, 5.72, 19.53, 41.00, 5.72, 19.48, 40.98, 0.00, 294.83, -39.96);
insert into SHOT values (1283, 1344, 1343, 5550, 1.89, 252.53, -52.00, 1.89, 252.50, -52.01, 0.00, 188.97, -47.14);
insert into SURVEY values (5552, 32, 'penny_falls_2', 'penny_falls_2.primadona.sistem_prima', 'Penny falls 2 (continuation)');
 insert into CENTRELINE values (5553, 5552, NULL, NULL, NULL, 0.00, 0.00, 0.00);
 insert into SCRAPS values (5554, 5552, 'penny_falls_2-p1', 1);
 insert into MAPS values (5568, 5552, 'mpenny_falls_2-p', NULL, 1, 36.690, 16.680);
 insert into MAPITEMS values (5568, 4, 5554);
 insert into CENTRELINE values (5569, 5552, NULL, '2018-07-22', NULL, 36.69, 0.00, 0.00);
 insert into TOPO values (2, 5569);
 insert into TOPO values (29, 5569);
 insert into EXPLO values (2, 5569);
 insert into EXPLO values (29, 5569);
 insert into SHOT values (1284, 1345, 1346, 5569, 10.33, 108.53, 40.00, 10.33, 108.57, 40.00, 0.01, 209.17, 0.04);
insert into SHOT values (1285, 1345, 1347, 5569, 2.74, 229.53, 0.00, 2.75, 229.58, 0.00, 0.01, 255.56, 0.00);
insert into SHOT values (1286, 1347, 1348, 5569, 15.00, 254.53, -42.00, 15.00, 254.49, -42.01, 0.01, 152.37, -24.38);
insert into SHOT values (1287, 1345, 1349, 5569, 8.62, 4.53, -90.00, 8.62, 90.00, -90.00, 0.00, 4.53, 74.48);
insert into SURVEY values (5571, 32, 'moonraker', 'moonraker.primadona.sistem_prima', 'Moonraker');
 insert into CENTRELINE values (5572, 5571, NULL, NULL, NULL, 0.00, 0.00, 0.00);
 insert into CENTRELINE values (5573, 5571, NULL, '2018-07-28', NULL, 129.44, 0.00, 0.00);
 insert into TOPO values (32, 5573);
 insert into TOPO values (17, 5573);
 insert into EXPLO values (32, 5573);
 insert into EXPLO values (17, 5573);
 insert into EXPLO values (29, 5573);
 insert into SHOT values (1288, 1350, 1351, 5573, 1.42, 69.83, -8.80, 1.43, 69.63, -8.88, 0.01, 24.59, -22.38);
insert into SHOT values (1289, 1350, 1352, 5573, 1.56, 31.63, -9.50, 1.56, 31.73, -9.58, 0.00, 91.37, -38.73);
insert into SHOT values (1290, 1350, 1353, 5573, 19.02, 9.33, -5.80, 19.03, 9.33, -5.79, 0.01, 20.53, 14.45);
insert into SHOT values (1291, 1350, 1354, 5573, 4.35, 16.73, 78.80, 4.35, 16.50, 78.81, 0.00, 284.68, 40.75);
insert into SHOT values (1292, 1350, 1355, 5573, 1.38, 281.33, 71.00, 1.38, 281.56, 70.94, 0.01, 16.90, -69.23);
insert into SHOT values (1293, 1350, 1356, 5573, 2.10, 4.03, 84.80, 2.10, 3.01, 84.80, 0.00, 272.41, -21.92);
insert into SHOT values (1294, 1350, 1357, 5573, 1.01, 87.23, 80.10, 1.00, 86.63, 80.24, 0.01, 294.95, -52.55);
insert into SHOT values (1295, 1350, 1358, 5573, 0.58, 264.23, -3.20, 0.57, 264.99, -3.00, 0.01, 36.79, 13.01);
insert into SHOT values (1296, 1350, 1359, 5573, 0.65, 262.13, 27.70, 0.65, 263.00, 27.58, 0.01, 0.54, -13.68);
insert into SHOT values (1297, 1350, 1360, 5573, 0.83, 262.73, 53.70, 0.83, 263.02, 53.62, 0.00, 310.39, 17.67);
insert into SHOT values (1298, 1350, 1361, 5573, 0.75, 224.53, -16.80, 0.75, 224.43, -17.12, 0.01, 62.01, -39.16);
insert into SHOT values (1299, 1350, 1362, 5573, 1.71, 191.93, -0.30, 1.71, 191.84, -0.34, 0.00, 48.30, -12.84);
insert into SHOT values (1300, 1350, 1363, 5573, 3.84, 151.83, -3.80, 3.83, 151.76, -3.89, 0.01, 7.85, -35.48);
insert into SHOT values (1301, 1363, 1364, 5573, 1.91, 274.43, 2.40, 1.91, 274.21, 2.40, 0.01, 160.30, 0.13);
insert into SHOT values (1302, 1363, 1365, 5573, 2.92, 299.53, 6.40, 2.92, 299.57, 6.50, 0.01, 91.85, 42.63);
insert into SHOT values (1303, 1363, 1366, 5573, 3.87, 314.43, 6.70, 3.87, 314.47, 6.83, 0.01, 96.60, 60.32);
insert into SHOT values (1304, 1363, 1367, 5573, 5.26, 306.33, 5.20, 5.26, 306.30, 5.24, 0.00, 176.30, 45.14);
insert into SHOT values (1305, 1363, 1368, 5573, 4.09, 216.73, -0.50, 4.09, 216.76, -0.42, 0.01, 243.78, 50.60);
insert into SHOT values (1306, 1363, 1369, 5573, 2.93, 229.53, 0.30, 2.94, 229.42, 0.39, 0.01, 187.64, 29.27);
insert into SHOT values (1307, 1363, 1370, 5573, 2.27, 242.43, -3.60, 2.27, 242.42, -3.53, 0.00, 232.06, 48.45);
insert into SHOT values (1308, 1363, 1371, 5573, 3.21, 239.83, -78.90, 3.21, 239.68, -78.97, 0.00, 81.99, -0.67);
insert into SHOT values (1309, 1363, 1372, 5573, 4.94, 205.63, -6.20, 4.94, 205.57, -6.16, 0.01, 116.03, 36.98);
insert into SHOT values (1310, 1363, 1373, 5573, 6.04, 204.23, -27.90, 6.04, 204.21, -27.84, 0.01, 166.37, 69.97);
insert into SHOT values (1311, 1373, 1374, 5573, 0.66, 83.43, 73.60, 0.66, 83.66, 73.96, 0.01, 255.47, -30.75);
insert into SHOT values (1312, 1373, 1375, 5573, 7.97, 93.03, 44.80, 7.97, 93.04, 44.76, 0.01, 115.49, -63.96);
insert into SHOT values (1313, 1373, 1376, 5573, 9.92, 79.23, 35.50, 9.92, 79.22, 35.51, 0.00, 279.24, -8.65);
insert into SHOT values (1314, 1373, 1377, 5573, 11.85, 67.23, 26.10, 11.85, 67.22, 26.09, 0.00, 295.57, -53.98);
insert into SHOT values (1315, 1373, 1378, 5573, 7.12, 106.03, 33.60, 7.12, 106.05, 33.60, 0.00, 176.89, -3.30);
insert into SHOT values (1316, 1373, 1379, 5573, 4.68, 128.83, 38.10, 4.68, 128.83, 38.11, 0.00, 133.48, 60.15);
insert into SHOT values (1317, 1373, 1380, 5573, 5.51, 139.73, 41.80, 5.51, 139.84, 41.77, 0.01, 220.99, -18.13);
insert into SHOT values (1318, 1373, 1381, 5573, 5.93, 26.13, 17.40, 5.93, 26.11, 17.37, 0.00, 258.62, -58.90);
insert into SHOT values (1319, 1373, 1382, 5573, 6.50, 50.33, 20.60, 6.49, 50.34, 20.56, 0.01, 217.56, -52.71);
insert into SHOT values (1320, 1373, 1383, 5573, 9.28, 64.73, 20.70, 9.28, 64.76, 20.70, 0.01, 180.88, -2.35);
insert into SHOT values (1321, 1373, 1384, 5573, 5.99, 104.33, 20.10, 5.99, 104.31, 20.12, 0.00, 354.58, 35.11);
insert into SHOT values (1322, 1384, 1385, 5573, 5.20, 265.43, 7.30, 5.20, 265.44, 7.29, 0.00, 51.99, -21.94);
insert into SHOT values (1323, 1384, 1386, 5573, 5.39, 289.03, 3.30, 5.39, 288.97, 3.30, 0.01, 213.97, -2.91);
insert into SHOT values (1324, 1384, 1387, 5573, 6.11, 312.33, -1.10, 6.11, 312.28, -1.13, 0.01, 226.09, -27.70);
insert into SHOT values (1325, 1384, 1388, 5573, 3.49, 329.13, -1.00, 3.49, 329.09, -0.99, 0.01, 174.22, 10.11);
insert into SHOT values (1326, 1384, 1389, 5573, 5.32, 355.23, 0.40, 5.32, 355.25, 0.32, 0.01, 119.32, -67.74);
insert into SHOT values (1327, 1384, 1390, 5573, 6.11, 9.83, -4.60, 6.11, 9.83, -4.60, 0.00, 155.96, 0.86);
insert into SHOT values (1328, 1384, 1391, 5573, 7.39, 17.73, -7.00, 7.38, 17.72, -7.00, 0.01, 207.91, 4.71);
insert into SHOT values (1329, 1384, 1392, 5573, 8.34, 29.53, -13.90, 8.34, 29.54, -13.95, 0.01, 180.21, -56.86);
insert into SHOT values (1330, 1384, 1393, 5573, 18.58, 28.63, -14.50, 18.58, 28.63, -14.52, 0.01, 57.41, -77.88);
insert into SHOT values (1331, 1384, 1394, 5573, 7.88, 45.33, -7.90, 7.88, 45.36, -7.96, 0.01, 184.95, -42.98);
insert into SHOT values (1332, 1384, 1395, 5573, 3.58, 56.43, -6.50, 3.57, 56.49, -6.59, 0.01, 207.76, -31.07);
insert into SHOT values (1333, 1384, 1396, 5573, 2.16, 66.23, 14.50, 2.16, 66.26, 14.51, 0.00, 231.99, -9.72);
insert into SHOT values (1334, 1384, 1397, 5573, 0.88, 147.73, 53.70, 0.88, 147.53, 53.70, 0.00, 74.92, 22.40);
insert into SHOT values (1335, 1384, 1398, 5573, 1.86, 149.13, 70.30, 1.86, 149.35, 70.27, 0.00, 223.18, -24.25);
insert into SHOT values (1336, 1384, 1399, 5573, 2.60, 339.63, 85.00, 2.60, 339.15, 85.04, 0.00, 204.66, -2.27);
insert into SHOT values (1337, 1384, 1400, 5573, 2.82, 324.83, 74.80, 2.82, 324.37, 74.82, 0.01, 223.07, -12.64);
insert into SHOT values (1338, 1384, 1401, 5573, 4.45, 322.43, 57.50, 4.45, 322.31, 57.51, 0.01, 202.36, -29.43);
insert into SHOT values (1339, 1384, 1402, 5573, 4.82, 333.93, 30.60, 4.81, 333.93, 30.61, 0.01, 152.95, -25.74);
insert into SHOT values (1340, 1384, 1403, 5573, 4.90, 337.13, 3.20, 4.89, 337.11, 3.16, 0.01, 168.86, -24.17);
insert into SHOT values (1341, 1384, 1404, 5573, 5.97, 342.63, -5.00, 5.97, 342.57, -5.00, 0.01, 215.65, 2.48);
insert into SHOT values (1342, 1384, 1405, 5573, 15.25, 28.83, -16.00, 15.25, 28.84, -16.03, 0.01, 148.53, -65.69);
insert into SHOT values (1343, 1405, 1406, 5573, 1.41, 123.83, 9.10, 1.41, 124.15, 9.40, 0.01, 233.09, 40.46);
insert into SHOT values (1344, 1405, 1407, 5573, 2.11, 120.83, 41.00, 2.12, 120.90, 41.04, 0.01, 146.91, 50.62);
insert into SHOT values (1345, 1405, 1408, 5573, 5.68, 117.53, 57.00, 5.68, 117.56, 57.06, 0.01, 266.40, 62.43);
insert into SHOT values (1346, 1405, 1409, 5573, 7.06, 111.33, 73.00, 7.06, 111.34, 73.02, 0.00, 285.09, -27.73);
insert into SHOT values (1347, 1405, 1410, 5573, 10.37, 80.83, 83.70, 10.37, 80.87, 83.72, 0.00, 247.83, 35.60);
insert into SHOT values (1348, 1405, 1411, 5573, 1.24, 298.73, -6.70, 1.24, 298.65, -6.49, 0.01, 181.70, 67.42);
insert into SHOT values (1349, 1405, 1412, 5573, 1.06, 306.93, 35.70, 1.06, 307.00, 35.66, 0.00, 326.27, 23.14);
insert into SHOT values (1350, 1405, 1413, 5573, 1.36, 310.53, 55.50, 1.36, 310.28, 55.37, 0.00, 262.83, -10.15);
insert into SHOT values (1351, 1405, 1414, 5573, 1.86, 332.13, 69.50, 1.86, 331.46, 69.55, 0.01, 223.27, -15.45);
insert into SHOT values (1352, 1405, 1415, 5573, 10.51, 212.53, 4.80, 10.51, 212.52, 4.80, 0.00, 83.12, 19.18);
insert into SHOT values (1353, 1405, 1416, 5573, 8.08, 195.53, 5.20, 8.08, 195.57, 5.18, 0.01, 297.64, -19.48);
insert into SHOT values (1354, 1405, 1417, 5573, 5.58, 184.53, 5.90, 5.58, 184.55, 5.97, 0.01, 330.05, 60.73);
insert into SHOT values (1355, 1405, 1418, 5573, 3.14, 172.13, 6.20, 3.14, 172.08, 6.22, 0.00, 48.06, 14.88);
insert into SHOT values (1356, 1405, 1419, 5573, 2.22, 173.23, 0.30, 2.23, 173.29, 0.26, 0.01, 197.78, -15.66);
insert into SHOT values (1357, 1405, 1420, 5573, 1.02, 290.23, 1.60, 1.02, 290.03, 1.68, 0.00, 232.30, 20.12);
insert into SHOT values (1358, 1405, 1421, 5573, 1.12, 315.13, 3.00, 1.12, 315.00, 3.07, 0.00, 198.76, 26.38);
insert into SHOT values (1359, 1405, 1422, 5573, 3.36, 336.33, -29.20, 3.36, 336.31, -29.18, 0.00, 327.48, -10.05);
insert into SHOT values (1360, 1422, 1423, 5573, 2.26, 89.03, -5.70, 2.26, 89.24, -5.58, 0.01, 169.58, 28.33);
insert into SHOT values (1361, 1422, 1424, 5573, 3.37, 84.03, -7.10, 3.37, 84.17, -6.98, 0.01, 153.28, 36.38);
insert into SHOT values (1362, 1422, 1425, 5573, 1.31, 128.83, 0.20, 1.32, 129.14, 0.44, 0.01, 183.46, 32.05);
insert into SHOT values (1363, 1422, 1426, 5573, 1.89, 19.93, -6.90, 1.89, 19.98, -6.70, 0.01, 173.17, 60.54);
insert into SHOT values (1364, 1422, 1427, 5573, 1.42, 297.13, -9.70, 1.41, 296.93, -9.79, 0.01, 145.25, -4.25);
insert into SHOT values (1365, 1422, 1428, 5573, 1.16, 296.23, -4.70, 1.16, 296.12, -4.44, 0.01, 252.31, 58.64);
insert into SHOT values (1366, 1422, 1429, 5573, 1.42, 308.13, -1.60, 1.42, 307.84, -1.62, 0.01, 208.12, -2.77);
insert into SHOT values (1367, 1422, 1430, 5573, 5.53, 138.23, 32.80, 5.54, 138.22, 32.81, 0.01, 133.43, 42.59);
insert into SHOT values (1368, 1422, 1431, 5573, 0.42, 121.53, 30.00, 0.42, 121.50, 30.01, 0.00, 349.34, 0.00);
insert into SHOT values (1369, 1422, 1432, 5573, 3.61, 41.13, -30.40, 3.60, 41.22, -30.33, 0.01, 159.54, 49.93);
insert into SHOT values (1370, 1432, 1433, 5573, 3.60, 39.03, -23.80, 3.60, 38.96, -23.92, 0.01, 286.31, -59.15);
insert into SHOT values (1371, 1432, 1434, 5573, 0.51, 330.63, 5.10, 0.51, 330.40, 4.52, 0.01, 197.54, -62.20);
insert into SHOT values (1372, 1432, 1435, 5573, 0.60, 29.33, 6.60, 0.60, 29.15, 6.71, 0.00, 280.79, 27.73);
insert into SHOT values (1373, 1432, 1436, 5573, 0.86, 111.13, 7.70, 0.86, 111.43, 7.39, 0.01, 240.50, -42.56);
insert into SHOT values (1374, 1432, 1437, 5573, 1.19, 100.23, 8.10, 1.19, 100.26, 7.73, 0.01, 143.44, -82.59);
insert into SHOT values (1375, 1432, 1438, 5573, 1.06, 156.03, 13.70, 1.06, 155.92, 13.65, 0.00, 57.46, -29.09);
insert into SHOT values (1376, 1432, 1439, 5573, 1.34, 162.33, 15.70, 1.34, 162.41, 15.59, 0.00, 241.54, -55.05);
insert into SHOT values (1377, 1432, 1440, 5573, 1.23, 257.43, 19.30, 1.22, 257.52, 19.07, 0.01, 48.62, -58.18);
insert into SHOT values (1378, 1432, 1441, 5573, 2.90, 250.73, 19.30, 2.90, 250.77, 19.36, 0.01, 47.41, 16.92);
insert into SHOT values (1379, 1432, 1442, 5573, 3.59, 44.93, 3.40, 3.59, 44.89, 3.35, 0.00, 342.69, -44.98);
insert into SHOT values (1380, 1442, 1443, 5573, 3.92, 129.33, 16.20, 3.92, 129.40, 16.14, 0.01, 203.09, -37.95);
insert into SHOT values (1381, 1442, 1444, 5573, 3.96, 149.23, 23.10, 3.96, 149.28, 23.06, 0.01, 264.76, -45.53);
insert into SHOT values (1382, 1442, 1445, 5573, 2.53, 175.53, 28.70, 2.53, 175.60, 28.63, 0.01, 308.69, -52.01);
insert into SHOT values (1383, 1442, 1446, 5573, 1.60, 192.93, 23.00, 1.60, 192.91, 22.77, 0.01, 186.17, -48.63);
insert into SHOT values (1384, 1442, 1447, 5573, 1.68, 211.53, 13.10, 1.69, 211.56, 13.02, 0.01, 219.64, -6.46);
insert into SHOT values (1385, 1442, 1448, 5573, 2.15, 205.63, 20.10, 2.15, 205.55, 20.14, 0.00, 82.78, 18.79);
insert into SHOT values (1386, 1442, 1449, 5573, 1.64, 98.73, 81.30, 1.64, 99.46, 81.46, 0.01, 245.60, -11.20);
insert into SHOT values (1387, 1442, 1450, 5573, 1.74, 186.93, 61.70, 1.74, 186.95, 61.63, 0.00, 204.02, -59.10);
insert into SHOT values (1388, 1442, 1451, 5573, 2.21, 179.03, 45.90, 2.21, 178.88, 45.91, 0.01, 119.93, 33.06);
insert into SHOT values (1389, 1442, 1452, 5573, 1.63, 180.13, 17.10, 1.63, 180.00, 17.10, 0.00, 120.60, 10.00);
insert into SHOT values (1390, 1442, 1453, 5573, 1.25, 180.63, -7.50, 1.25, 180.46, -7.35, 0.00, 102.09, 40.72);
insert into SHOT values (1391, 1442, 1454, 5573, 1.23, 179.53, -31.90, 1.23, 179.45, -31.76, 0.01, 166.42, -0.20);
insert into SHOT values (1392, 1442, 1455, 5573, 2.04, 117.23, -17.70, 2.04, 117.22, -17.68, 0.00, 112.94, 6.23);
insert into SHOT values (1393, 1455, 1456, 5573, 2.04, 125.83, -14.20, 2.04, 125.94, -14.20, 0.00, 235.61, 5.84);
insert into SHOT values (1394, 1455, 1457, 5573, 2.27, 62.33, -56.40, 2.27, 62.41, -56.47, 0.00, 216.62, 9.83);
insert into SHOT values (1395, 1457, 1458, 5573, 2.30, 57.03, -55.40, 2.30, 57.16, -55.29, 0.01, 100.28, 36.25);
insert into SHOT values (1396, 1457, 1459, 5573, 2.02, 171.93, 7.60, 2.02, 171.95, 7.69, 0.00, 334.66, 46.72);
insert into SHOT values (1397, 1457, 1460, 5573, 2.38, 185.03, 7.00, 2.38, 185.11, 7.01, 0.00, 316.97, -0.65);
insert into SHOT values (1398, 1457, 1461, 5573, 1.41, 197.93, 7.10, 1.41, 197.92, 6.93, 0.00, 29.45, -71.48);
insert into SHOT values (1399, 1457, 1462, 5573, 1.41, 162.83, 25.40, 1.40, 162.57, 25.32, 0.01, 29.72, -31.03);
insert into SHOT values (1400, 1457, 1463, 5573, 3.08, 164.93, 68.70, 3.08, 164.97, 68.71, 0.00, 289.49, 21.73);
insert into SHOT values (1401, 1457, 1464, 5573, 4.19, 202.43, 77.70, 4.19, 202.52, 77.75, 0.01, 6.16, -36.79);
insert into SHOT values (1402, 1457, 1465, 5573, 3.92, 281.93, 78.80, 3.91, 282.20, 78.85, 0.01, 62.06, -43.60);
insert into SHOT values (1403, 1457, 1466, 5573, 4.57, 287.03, 67.10, 4.57, 287.01, 67.11, 0.00, 156.06, 12.39);
insert into SHOT values (1404, 1457, 1467, 5573, 4.49, 50.53, 44.10, 4.49, 50.54, 44.05, 0.00, 74.99, -77.75);
insert into SHOT values (1405, 1457, 1468, 5573, 4.74, 67.03, 27.60, 4.74, 67.03, 27.52, 0.01, 76.70, -66.77);
insert into SHOT values (1406, 1457, 1469, 5573, 4.57, 67.43, 22.50, 4.57, 67.44, 22.51, 0.00, 115.94, 38.41);
insert into SHOT values (1407, 1457, 1470, 5573, 1.85, 103.43, 14.10, 1.85, 103.19, 14.06, 0.01, 35.66, -4.79);
insert into SHOT values (1408, 1457, 1471, 5573, 1.46, 123.53, 9.10, 1.45, 123.36, 9.10, 0.01, 344.35, -7.95);
insert into SHOT values (1409, 1457, 1472, 5573, 2.28, 175.63, -19.90, 2.28, 175.72, -19.97, 0.01, 235.18, -43.34);
insert into SHOT values (1410, 1472, 1473, 5573, 1.27, 137.53, -84.10, 1.27, 135.00, -84.23, 0.01, 16.40, 26.52);
insert into SHOT values (1411, 1472, 1474, 5573, 1.28, 297.53, -54.60, 1.28, 298.30, -54.63, 0.01, 45.90, 17.78);
insert into SHOT values (1412, 1472, 1475, 5573, 0.30, 302.83, 2.80, 0.30, 304.22, 3.78, 0.01, 13.32, 34.54);
insert into SHOT values (1413, 1472, 1476, 5573, 0.94, 303.73, 61.10, 0.95, 305.10, 61.42, 0.01, 45.24, 32.67);
insert into SHOT values (1414, 1472, 1477, 5573, 1.68, 275.73, 76.70, 1.68, 276.01, 76.88, 0.01, 72.62, 46.68);
insert into SHOT values (1415, 1472, 1478, 5573, 1.25, 18.03, 88.60, 1.25, 18.43, 88.55, 0.00, 29.75, 18.66);
insert into SHOT values (1416, 1472, 1479, 5573, 0.41, 93.43, 79.50, 0.42, 90.00, 78.96, 0.01, 50.49, 44.35);
insert into SHOT values (1417, 1472, 1480, 5573, 4.15, 219.43, -1.80, 4.14, 219.42, -1.80, 0.01, 48.02, 3.42);
insert into SHOT values (1418, 1480, 1481, 5573, 4.13, 222.13, -1.30, 4.13, 222.15, -1.25, 0.00, 351.14, 58.84);
insert into SHOT values (1419, 1480, 1482, 5573, 0.43, 313.33, 11.10, 0.43, 313.09, 10.67, 0.00, 278.64, -42.03);
insert into SHOT values (1420, 1480, 1483, 5573, 0.58, 327.33, 54.60, 0.58, 327.26, 54.69, 0.00, 154.07, -41.47);
insert into SHOT values (1421, 1480, 1484, 5573, 2.20, 319.93, 83.10, 2.21, 319.64, 83.17, 0.01, 176.37, 69.17);
insert into SHOT values (1422, 1480, 1485, 5573, 1.31, 122.13, 74.30, 1.31, 122.35, 74.26, 0.00, 187.73, -37.04);
insert into SHOT values (1423, 1480, 1486, 5573, 1.23, 122.03, 56.00, 1.23, 121.83, 56.21, 0.01, 326.86, 2.85);
insert into SHOT values (1424, 1480, 1487, 5573, 0.46, 156.33, 38.90, 0.46, 157.01, 38.97, 0.00, 240.30, 14.82);
insert into SHOT values (1425, 1480, 1488, 5573, 0.89, 267.93, -81.10, 0.89, 270.00, -80.96, 0.01, 334.28, -7.38);
insert into SHOT values (1426, 1480, 1489, 5573, 0.91, 288.73, -44.10, 0.91, 288.71, -43.90, 0.00, 279.07, 71.15);
insert into SHOT values (1427, 1480, 1490, 5573, 2.21, 245.53, 8.70, 2.21, 245.66, 8.85, 0.01, 341.26, 47.55);
insert into SHOT values (1428, 1480, 1491, 5573, 0.72, 11.13, 9.90, 0.73, 11.31, 10.32, 0.01, 37.44, 50.56);
insert into SHOT values (1429, 1480, 1492, 5573, 1.61, 27.43, 8.90, 1.61, 27.37, 8.95, 0.00, 236.08, 15.75);
insert into SHOT values (1430, 1480, 1493, 5573, 2.49, 234.03, 10.60, 2.49, 233.97, 10.64, 0.00, 161.66, 38.21);
insert into SHOT values (1431, 1480, 1494, 5573, 2.43, 234.03, 10.60, 2.43, 234.04, 10.69, 0.01, 45.57, 35.03);
insert into SHOT values (1432, 1480, 1495, 5573, 2.42, 242.23, 11.50, 2.42, 242.35, 11.45, 0.01, 340.64, -25.14);
insert into SHOT values (1433, 1480, 1496, 5573, 2.11, 69.13, -6.00, 2.11, 69.06, -5.98, 0.00, 342.64, 12.60);
insert into SHOT values (1434, 1480, 1497, 5573, 1.75, 91.63, -9.00, 1.75, 91.66, -8.87, 0.00, 111.62, 57.31);
insert into SHOT values (1435, 1480, 1498, 5573, 1.44, 121.93, -11.60, 1.44, 122.01, -11.58, 0.00, 144.86, -5.23);
insert into SHOT values (1436, 1480, 1499, 5573, 1.44, 142.73, -9.60, 1.44, 142.73, -9.59, 0.00, 131.82, 35.69);
insert into SHOT values (1437, 1480, 1500, 5573, 1.68, 153.23, -3.80, 1.68, 153.43, -3.75, 0.01, 236.32, 12.40);
insert into SHOT values (1438, 1480, 1501, 5573, 4.87, 172.93, -6.90, 4.87, 172.99, -6.84, 0.01, 248.54, 42.09);
insert into SHOT values (1439, 1480, 1502, 5573, 5.08, 178.63, -4.00, 5.08, 178.64, -3.95, 0.01, 199.05, 47.14);
insert into SHOT values (1440, 1480, 1503, 5573, 6.13, 193.53, -3.00, 6.13, 193.51, -2.99, 0.00, 48.54, 17.18);
insert into SHOT values (1441, 1480, 1504, 5573, 7.69, 202.63, -5.60, 7.69, 202.68, -5.60, 0.01, 307.59, 3.46);
insert into SHOT values (1442, 1480, 1505, 5573, 1.13, 249.53, 4.40, 1.13, 249.80, 4.56, 0.01, 312.07, 28.69);
insert into SHOT values (1443, 1480, 1506, 5573, 1.91, 232.93, 1.40, 1.91, 232.89, 1.50, 0.00, 73.52, 42.44);
insert into SHOT values (1444, 1480, 1507, 5573, 2.62, 221.93, -10.40, 2.62, 221.86, -10.33, 0.00, 145.46, 41.17);
insert into SHOT values (1445, 1480, 1508, 5573, 3.63, 215.63, -17.70, 3.63, 215.71, -17.63, 0.01, 278.65, 33.00);
insert into SHOT values (1446, 1508, 1509, 5573, 3.64, 214.43, -16.40, 3.64, 214.37, -16.45, 0.00, 86.68, -28.27);
insert into SHOT values (1447, 1508, 1510, 5573, 3.40, 72.53, 5.40, 3.40, 72.47, 5.40, 0.00, 18.59, 0.46);
insert into SHOT values (1448, 1508, 1511, 5573, 3.51, 96.33, 7.60, 3.51, 96.27, 7.53, 0.01, 30.25, -46.29);
insert into SHOT values (1449, 1508, 1512, 5573, 4.09, 110.63, 8.40, 4.09, 110.67, 8.43, 0.01, 144.10, 24.20);
insert into SHOT values (1450, 1508, 1513, 5573, 3.48, 129.23, 9.60, 3.48, 129.21, 9.59, 0.00, 90.90, -9.94);
insert into SHOT values (1451, 1508, 1514, 5573, 3.39, 149.33, 10.30, 3.39, 149.21, 10.18, 0.01, 98.22, -35.37);
insert into SHOT values (1452, 1508, 1515, 5573, 3.20, 170.53, 11.60, 3.20, 170.45, 11.54, 0.01, 65.37, -37.04);
insert into SHOT values (1453, 1508, 1516, 5573, 4.18, 181.93, 24.00, 4.18, 181.80, 23.98, 0.01, 112.66, -0.99);
insert into SHOT values (1454, 1508, 1517, 5573, 3.41, 162.53, 85.60, 3.41, 162.26, 85.59, 0.00, 107.47, 1.88);
insert into SHOT values (1455, 1508, 1518, 5573, 1.49, 175.63, 79.40, 1.49, 173.66, 79.46, 0.01, 70.14, -25.28);
insert into SHOT values (1456, 1508, 1519, 5573, 2.31, 120.83, 48.50, 2.31, 120.58, 48.45, 0.01, 51.89, -0.70);
insert into SHOT values (1457, 1508, 1520, 5573, 2.99, 116.53, 24.00, 2.99, 116.47, 23.85, 0.01, 90.08, -45.27);
insert into SHOT values (1458, 1508, 1521, 5573, 1.11, 116.63, -56.10, 1.11, 116.57, -55.76, 0.01, 111.00, 10.58);
insert into SHOT values (1459, 1508, 1522, 5573, 2.15, 130.23, -21.70, 2.16, 130.14, -21.79, 0.01, 88.36, -46.12);
insert into SHOT values (1460, 1508, 1523, 5573, 3.83, 186.63, 22.70, 3.83, 186.50, 22.73, 0.01, 92.16, 14.17);
insert into SHOT values (1461, 1523, 1524, 5573, 1.69, 234.93, -1.00, 1.70, 235.09, -1.01, 0.01, 277.51, -4.06);
insert into SHOT values (1462, 1523, 1525, 5573, 4.54, 254.93, -4.70, 4.54, 254.89, -4.80, 0.01, 194.90, -66.04);
insert into SHOT values (1463, 1523, 1526, 5573, 2.75, 273.73, -5.60, 2.75, 273.77, -5.64, 0.00, 27.97, -35.49);
insert into SHOT values (1464, 1523, 1527, 5573, 2.33, 283.93, -5.60, 2.33, 283.98, -5.66, 0.00, 20.92, -53.29);
insert into SHOT values (1465, 1523, 1528, 5573, 2.05, 348.13, -16.50, 2.05, 347.95, -16.73, 0.01, 237.88, -49.42);
insert into SHOT values (1466, 1523, 1529, 5573, 4.27, 9.53, -7.90, 4.27, 9.53, -7.94, 0.00, 185.90, -70.00);
insert into SHOT values (1467, 1523, 1530, 5573, 6.88, 26.33, -4.60, 6.88, 26.30, -4.67, 0.01, 336.54, -64.91);
insert into SHOT values (1468, 1523, 1531, 5573, 9.74, 32.23, -5.90, 9.74, 32.18, -5.89, 0.01, 302.35, 8.53);
insert into SHOT values (1469, 1523, 1532, 5573, 5.92, 26.13, -11.20, 5.91, 26.08, -11.21, 0.01, 242.72, -0.91);
insert into SHOT values (1470, 1523, 1533, 5573, 3.93, 305.73, -3.10, 3.93, 305.67, -3.21, 0.01, 250.47, -58.53);
insert into SHOT values (1471, 1523, 1534, 5573, 4.54, 246.33, -3.70, 4.54, 246.32, -3.79, 0.01, 213.46, -80.30);
insert into SHOT values (1472, 1534, 1535, 5573, 1.85, 284.53, 62.80, 1.85, 284.36, 62.84, 0.01, 213.45, 60.84);
insert into SHOT values (1473, 1534, 1536, 5573, 1.51, 274.43, 70.60, 1.52, 274.57, 70.67, 0.01, 2.97, 77.45);
insert into SHOT values (1474, 1534, 1537, 5573, 1.09, 88.23, 67.50, 1.09, 88.60, 67.90, 0.01, 247.30, 21.59);
insert into SHOT values (1475, 1534, 1538, 5573, 1.51, 113.73, 2.40, 1.51, 113.85, 2.66, 0.01, 201.37, 65.20);
insert into SHOT values (1476, 1534, 1539, 5573, 1.62, 92.03, 3.20, 1.61, 92.13, 3.20, 0.01, 246.90, -3.51);
insert into SHOT values (1477, 1534, 1540, 5573, 1.27, 126.83, 3.20, 1.27, 126.96, 3.17, 0.01, 270.84, -10.19);
insert into SHOT values (1478, 1534, 1541, 5573, 1.52, 118.63, -38.50, 1.51, 118.73, -38.40, 0.01, 269.29, 56.38);
insert into SHOT values (1479, 1534, 1542, 5573, 1.74, 86.13, 4.10, 1.74, 86.03, 4.29, 0.01, 330.54, 60.04);
insert into SHOT values (1480, 1534, 1543, 5573, 3.44, 65.43, 0.10, 3.44, 65.45, 0.17, 0.00, 106.93, 68.21);
insert into SHOT values (1481, 1534, 1544, 5573, 9.04, 53.53, -1.00, 9.04, 53.55, -0.95, 0.01, 150.34, 67.44);
insert into SHOT values (1482, 1534, 1545, 5573, 1.64, 50.23, 2.50, 1.64, 50.19, 2.79, 0.01, 20.81, 76.92);
insert into SHOT values (1483, 1534, 1546, 5573, 5.99, 64.13, -0.50, 5.99, 64.16, -0.48, 0.00, 171.26, 31.30);
insert into SHOT values (1484, 1457, 1547, 5573, 1.43, 99.43, -35.20, 1.43, 99.38, -35.45, 0.01, 297.40, -61.64);
insert into SHOT values (1485, 1547, 1548, 5573, 1.43, 95.23, -26.50, 1.43, 95.36, -26.11, 0.01, 121.30, 51.05);
insert into SHOT values (1486, 1547, 1549, 5573, 3.62, 91.33, 86.90, 3.63, 90.00, 86.84, 0.01, 43.37, 40.32);
insert into SHOT values (1487, 1547, 1550, 5573, 5.62, 315.03, 77.50, 5.62, 315.00, 77.51, 0.00, 209.42, 79.07);
insert into SHOT values (1488, 1547, 1551, 5573, 4.10, 293.83, 66.10, 4.10, 293.79, 66.11, 0.00, 205.43, 52.80);
insert into SHOT values (1489, 1547, 1552, 5573, 6.64, 21.23, 48.20, 6.64, 21.30, 48.16, 0.01, 58.86, 0.26);
insert into SHOT values (1490, 1547, 1553, 5573, 2.68, 9.43, 49.70, 2.69, 9.63, 49.77, 0.01, 89.82, 44.99);
insert into SHOT values (1491, 1553, 1554, 5573, 2.67, 21.83, 47.50, 2.67, 21.74, 47.44, 0.01, 352.68, 14.84);
insert into SHOT values (1492, 1553, 1555, 5573, 2.65, 90.03, 87.30, 2.65, 90.00, 87.41, 0.01, 270.73, 31.33);
insert into SHOT values (1493, 1553, 1556, 5573, 2.24, 129.43, 56.90, 2.23, 129.69, 56.85, 0.01, 237.66, -48.34);
insert into SHOT values (1494, 1553, 1557, 5573, 3.32, 125.93, 34.30, 3.32, 125.95, 34.29, 0.00, 231.25, -39.21);
insert into SHOT values (1495, 1553, 1558, 5573, 1.54, 130.53, -1.70, 1.54, 130.52, -1.86, 0.00, 356.40, -86.21);
insert into SHOT values (1496, 1553, 1559, 5573, 1.60, 111.33, -9.50, 1.60, 111.19, -9.72, 0.01, 0.29, -56.28);
insert into SHOT values (1497, 1553, 1560, 5573, 3.36, 40.53, -72.20, 3.36, 40.24, -72.29, 0.01, 264.54, -6.44);
insert into SHOT values (1498, 1553, 1561, 5573, 1.20, 108.43, -65.90, 1.20, 108.06, -66.26, 0.01, 315.15, -33.66);
insert into SHOT values (1499, 1553, 1562, 5573, 1.59, 134.53, -38.90, 1.59, 134.67, -38.94, 0.00, 223.67, -26.26);
insert into SHOT values (1500, 1553, 1563, 5573, 1.72, 136.53, -24.00, 1.72, 136.55, -24.03, 0.00, 286.52, -20.67);
insert into SHOT values (1501, 1553, 1564, 5573, 1.83, 139.53, 1.50, 1.82, 139.67, 1.57, 0.01, 282.57, 15.46);
insert into SHOT values (1502, 1553, 1565, 5573, 2.21, 181.73, -1.20, 2.21, 181.81, -1.30, 0.01, 246.13, -45.28);
insert into SHOT values (1503, 1553, 1566, 5573, 3.11, 199.53, -4.30, 3.11, 199.60, -4.24, 0.01, 310.46, 35.91);
insert into SHOT values (1504, 1553, 1567, 5573, 3.21, 213.13, -5.00, 3.21, 213.14, -5.00, 0.00, 229.58, -4.23);
insert into SHOT values (1505, 1553, 1568, 5573, 4.48, 225.73, 6.10, 4.48, 225.73, 6.02, 0.01, 219.90, -85.28);
insert into SHOT values (1506, 1553, 1569, 5573, 5.69, 123.03, 1.80, 5.69, 123.02, 1.81, 0.00, 95.81, 34.49);
insert into SHOT values (1507, 1569, 1570, 5573, 0.97, 250.53, 8.70, 0.97, 250.63, 8.26, 0.01, 266.40, -48.19);
insert into SHOT values (1508, 1569, 1571, 5573, 1.38, 278.33, 5.70, 1.38, 278.37, 5.40, 0.01, 310.28, -76.39);
insert into SHOT values (1509, 1569, 1572, 5573, 2.20, 302.83, 1.90, 2.20, 302.75, 1.82, 0.00, 229.51, -43.51);
insert into SHOT values (1510, 1569, 1573, 5573, 1.74, 332.43, 3.80, 1.74, 332.26, 3.62, 0.01, 278.89, -39.40);
insert into SHOT values (1511, 1569, 1574, 5573, 1.41, 344.93, 8.30, 1.41, 344.67, 8.13, 0.01, 291.00, -24.67);
insert into SHOT values (1512, 1569, 1575, 5573, 1.40, 7.83, 3.50, 1.41, 7.78, 3.26, 0.01, 356.66, -44.10);
insert into SHOT values (1513, 1569, 1576, 5573, 1.42, 21.63, 7.70, 1.42, 21.27, 7.70, 0.01, 282.22, -1.68);
insert into SHOT values (1514, 1569, 1577, 5573, 0.82, 205.83, 15.90, 0.82, 206.24, 15.53, 0.01, 268.64, -35.91);
insert into SHOT values (1515, 1569, 1578, 5573, 1.41, 220.23, 86.30, 1.40, 220.60, 86.23, 0.01, 246.75, -79.22);
insert into SHOT values (1516, 1569, 1579, 5573, 2.93, 316.03, 66.80, 2.93, 315.70, 66.68, 0.01, 265.40, -19.57);
insert into SHOT values (1517, 1569, 1580, 5573, 3.22, 307.23, 49.90, 3.22, 307.20, 49.73, 0.01, 301.31, -16.93);
insert into SHOT values (1518, 1569, 1581, 5573, 4.69, 310.13, 30.60, 4.69, 310.08, 30.51, 0.01, 242.41, -62.72);
insert into SHOT values (1519, 1569, 1582, 5573, 5.21, 306.33, 16.90, 5.21, 306.27, 16.85, 0.01, 230.98, -42.24);
insert into SHOT values (1520, 1569, 1583, 5573, 6.21, 305.23, 6.20, 6.21, 305.18, 6.19, 0.01, 260.32, -5.47);
insert into SHOT values (1521, 1569, 1584, 5573, 5.79, 306.33, -8.30, 5.79, 306.27, -8.34, 0.01, 225.66, -35.30);
insert into SHOT values (1522, 1569, 1585, 5573, 6.01, 299.93, -0.20, 6.01, 299.93, -0.19, 0.00, 316.69, 24.75);
insert into SHOT values (1523, 1569, 1586, 5573, 2.52, 14.33, 1.10, 2.52, 14.26, 1.14, 0.00, 251.73, 23.62);
insert into SHOT values (1524, 1586, 1587, 5573, 0.58, 276.03, 4.60, 0.58, 275.91, 3.92, 0.01, 261.98, -51.86);
insert into SHOT values (1525, 1586, 1588, 5573, 0.69, 293.43, 47.20, 0.69, 293.84, 46.76, 0.01, 2.63, -60.13);
insert into SHOT values (1526, 1586, 1589, 5573, 0.62, 36.03, 77.50, 0.62, 36.03, 77.23, 0.01, 35.97, -71.04);
insert into SHOT values (1527, 1586, 1590, 5573, 0.55, 118.13, 76.90, 0.54, 118.61, 76.70, 0.01, 177.00, -77.78);
insert into SHOT values (1528, 1586, 1591, 5573, 1.27, 335.83, -77.00, 1.27, 335.22, -77.00, 0.00, 258.04, -39.58);
insert into SHOT values (1529, 1586, 1592, 5573, 3.21, 333.63, -9.10, 3.21, 333.60, -9.14, 0.00, 277.14, -47.79);
insert into SHOT values (1530, 1592, 1593, 5573, 1.15, 119.93, 0.80, 1.15, 119.68, 0.50, 0.01, 43.02, -50.16);
insert into SHOT values (1531, 1592, 1594, 5573, 1.73, 139.73, 6.80, 1.73, 139.72, 6.64, 0.00, 327.70, -80.55);
insert into SHOT values (1532, 1592, 1595, 5573, 0.78, 71.93, -6.60, 0.78, 72.03, -6.60, 0.00, 96.05, -5.84);
insert into SHOT values (1533, 1592, 1596, 5573, 6.06, 63.13, 0.20, 6.06, 63.14, 0.19, 0.00, 78.16, -14.41);
insert into SHOT values (1534, 1592, 1597, 5573, 5.01, 47.83, -3.50, 5.01, 47.83, -3.54, 0.01, 54.10, -41.18);
insert into SHOT values (1535, 1592, 1598, 5573, 0.34, 109.73, 20.60, 0.34, 110.14, 20.58, 0.00, 170.71, 8.17);
insert into SHOT values (1536, 1592, 1599, 5573, 0.75, 343.33, -83.40, 0.75, 345.96, -83.73, 0.01, 118.60, -42.69);
insert into SHOT values (1537, 1592, 1600, 5573, 0.78, 118.63, -68.00, 0.79, 118.30, -67.98, 0.01, 90.05, -62.57);
insert into SHOT values (1538, 1592, 1601, 5573, 0.96, 124.53, -50.80, 0.96, 124.22, -51.12, 0.01, 1.93, -57.11);
insert into SHOT values (1539, 1592, 1602, 5573, 1.23, 129.73, -32.80, 1.23, 129.52, -32.86, 0.01, 80.49, -36.98);
insert into SHOT values (1540, 1592, 1603, 5573, 3.54, 69.93, -5.70, 3.54, 69.92, -5.67, 0.00, 53.12, 41.32);
insert into SHOT values (1541, 1592, 1604, 5573, 4.20, 69.33, 0.00, 4.20, 69.36, 0.00, 0.00, 171.34, 0.00);
insert into SHOT values (1542, 1604, 1605, 5573, 3.06, 150.83, 30.10, 3.06, 150.82, 30.04, 0.00, 345.60, -70.60);
insert into SHOT values (1543, 1604, 1606, 5573, 8.24, 189.13, 50.50, 8.24, 189.12, 50.54, 0.01, 16.96, 19.46);
insert into SHOT values (1544, 1604, 1607, 5573, 2.95, 216.33, 32.40, 2.95, 216.50, 32.42, 0.01, 326.25, -4.92);
insert into SHOT values (1545, 1604, 1608, 5573, 2.72, 230.23, 33.10, 2.71, 230.36, 33.07, 0.01, 9.77, -34.67);
insert into SHOT values (1546, 1604, 1609, 5573, 2.02, 304.63, 42.30, 2.02, 304.65, 42.29, 0.00, 328.90, 23.67);
insert into SHOT values (1547, 1604, 1610, 5573, 1.72, 350.23, 46.90, 1.72, 350.22, 46.72, 0.01, 343.64, -72.12);
insert into SHOT values (1548, 1604, 1611, 5573, 1.83, 37.03, 43.20, 1.83, 36.78, 43.10, 0.01, 326.18, -24.31);
insert into SHOT values (1549, 1604, 1612, 5573, 1.61, 69.23, 33.50, 1.62, 69.15, 33.43, 0.01, 50.62, 12.77);
insert into SHOT values (1550, 1604, 1613, 5573, 2.11, 300.33, -7.60, 2.11, 300.49, -7.63, 0.01, 53.28, -8.17);
insert into SHOT values (1551, 1604, 1614, 5573, 3.23, 254.33, 3.30, 3.22, 254.32, 3.20, 0.01, 77.43, -50.53);
insert into SHOT values (1552, 1604, 1615, 5573, 3.64, 245.23, 7.20, 3.64, 245.28, 7.10, 0.01, 342.39, -61.96);
insert into SHOT values (1553, 1604, 1616, 5573, 2.54, 230.03, 12.50, 2.54, 230.08, 12.52, 0.00, 7.75, 4.53);
insert into SHOT values (1554, 1604, 1617, 5573, 2.58, 219.23, 16.30, 2.58, 219.42, 16.24, 0.01, 334.27, -24.29);
insert into SHOT values (1555, 1604, 1618, 5573, 1.71, 80.03, -10.50, 1.72, 79.76, -10.41, 0.01, 24.51, 9.47);
insert into SHOT values (1556, 1618, 1619, 5573, 1.71, 82.73, -7.90, 1.71, 82.87, -8.07, 0.01, 181.93, -48.52);
insert into SHOT values (1557, 1618, 1620, 5573, 1.98, 156.93, 0.40, 1.99, 157.18, 0.29, 0.01, 215.09, -20.39);
insert into SHOT values (1558, 1618, 1621, 5573, 1.52, 178.93, 7.00, 1.52, 179.24, 6.80, 0.01, 259.03, -32.04);
insert into SHOT values (1559, 1618, 1622, 5573, 1.39, 218.63, 10.40, 1.40, 218.79, 10.32, 0.01, 253.35, -7.70);
insert into SHOT values (1560, 1618, 1623, 5573, 1.33, 247.73, 7.20, 1.33, 247.71, 6.92, 0.01, 84.85, -80.86);
insert into SHOT values (1561, 1618, 1624, 5573, 2.21, 326.23, 10.90, 2.21, 326.09, 10.70, 0.01, 222.87, -55.79);
insert into SHOT values (1562, 1618, 1625, 5573, 1.47, 293.23, -89.20, 1.47, 270.00, -89.22, 0.01, 188.01, -1.00);
insert into SHOT values (1563, 1618, 1626, 5573, 2.88, 123.73, -67.60, 2.89, 123.84, -67.69, 0.01, 257.34, -68.87);
insert into SHOT values (1564, 1618, 1627, 5573, 3.94, 119.43, -48.50, 3.94, 119.61, -48.49, 0.01, 208.02, 6.14);
insert into SHOT values (1565, 1618, 1628, 5573, 4.68, 122.13, -40.90, 4.68, 122.30, -40.95, 0.01, 212.96, -29.11);
insert into SHOT values (1566, 1618, 1629, 5573, 4.75, 119.43, -34.10, 4.75, 119.56, -34.18, 0.01, 217.82, -36.45);
insert into SHOT values (1567, 1629, 1630, 5573, 1.26, 189.83, 21.00, 1.26, 189.78, 20.92, 0.00, 140.34, -51.30);
insert into SHOT values (1568, 1629, 1631, 5573, 1.11, 221.73, 35.60, 1.11, 221.85, 35.86, 0.01, 11.53, 46.48);
insert into SHOT values (1569, 1629, 1632, 5573, 1.58, 251.43, 29.00, 1.58, 251.43, 29.13, 0.00, 333.31, 87.99);
insert into SHOT values (1570, 1629, 1633, 5573, 2.39, 263.83, 20.40, 2.40, 263.86, 20.53, 0.01, 286.16, 66.55);
insert into SHOT values (1571, 1629, 1634, 5573, 2.69, 275.63, 13.80, 2.69, 275.71, 13.76, 0.00, 356.35, -23.49);
insert into SHOT values (1572, 1629, 1635, 5573, 4.07, 280.33, 10.10, 4.07, 280.36, 10.19, 0.01, 51.16, 67.65);
insert into SHOT values (1573, 1629, 1636, 5573, 3.98, 288.33, 10.00, 3.98, 288.43, 9.98, 0.01, 5.36, -8.49);
insert into SHOT values (1574, 1629, 1637, 5573, 4.01, 256.63, 5.80, 4.01, 256.66, 5.87, 0.01, 26.47, 58.21);
insert into SHOT values (1575, 1629, 1638, 5573, 1.28, 22.03, 1.20, 1.28, 21.97, 1.34, 0.00, 0.39, 40.79);
insert into SHOT values (1576, 1629, 1639, 5573, 1.30, 54.53, 4.00, 1.31, 54.36, 3.95, 0.01, 27.39, -4.66);
insert into SHOT values (1577, 1629, 1640, 5573, 1.89, 68.93, 0.50, 1.90, 68.98, 0.60, 0.01, 85.57, 28.46);
insert into SHOT values (1578, 1629, 1641, 5573, 2.38, 79.33, 0.70, 2.38, 79.35, 0.72, 0.00, 117.71, 31.41);
insert into SHOT values (1579, 1629, 1642, 5573, 2.62, 77.43, -2.60, 2.63, 77.45, -2.62, 0.01, 86.75, -11.89);
insert into SHOT values (1580, 1629, 1643, 5573, 1.68, 56.83, 3.00, 1.69, 56.88, 3.06, 0.01, 70.30, 18.89);
insert into SHOT values (1581, 1643, 1644, 5573, 1.67, 62.13, 2.80, 1.67, 62.05, 2.75, 0.00, 272.73, -19.28);
insert into SHOT values (1582, 1643, 1645, 5573, 4.00, 149.03, -38.20, 3.99, 149.10, -38.23, 0.01, 304.37, 21.38);
insert into SHOT values (1583, 1645, 1646, 5573, 1.49, 23.03, 3.40, 1.49, 23.45, 3.47, 0.01, 137.32, 7.73);
insert into SHOT values (1584, 1645, 1647, 5573, 5.40, 53.93, -1.50, 5.40, 54.04, -1.49, 0.01, 141.15, 7.14);
insert into SHOT values (1585, 1645, 1648, 5573, 4.74, 66.43, -5.10, 4.74, 66.53, -5.08, 0.01, 161.33, 9.13);
insert into SHOT values (1586, 1645, 1649, 5573, 4.31, 75.83, -8.90, 4.31, 75.87, -8.94, 0.00, 149.44, -47.60);
insert into SHOT values (1587, 1645, 1650, 5573, 4.09, 87.43, -13.70, 4.09, 87.55, -13.72, 0.01, 177.47, -9.10);
insert into SHOT values (1588, 1645, 1651, 5573, 4.04, 95.73, -20.90, 4.04, 95.77, -20.86, 0.01, 125.32, 12.07);
insert into SHOT values (1589, 1645, 1652, 5573, 3.92, 106.03, -16.50, 3.93, 106.03, -16.56, 0.01, 106.41, -40.28);
insert into SHOT values (1590, 1645, 1653, 5573, 6.50, 51.13, 81.80, 6.50, 51.53, 81.75, 0.01, 102.51, -22.85);
insert into SHOT values (1591, 1645, 1654, 5573, 10.28, 34.83, 82.10, 10.28, 34.93, 82.09, 0.00, 86.80, -38.57);
insert into SHOT values (1592, 1645, 1655, 5573, 6.42, 345.83, 83.00, 6.42, 345.78, 83.07, 0.01, 169.73, -13.81);
insert into SHOT values (1593, 1645, 1656, 5573, 4.97, 352.43, 58.10, 4.97, 352.55, 58.14, 0.01, 119.53, 5.00);
insert into SHOT values (1594, 1645, 1657, 5573, 2.58, 293.43, 19.20, 2.57, 293.29, 19.30, 0.01, 147.26, 8.34);
insert into SHOT values (1595, 1645, 1658, 5573, 3.12, 309.93, 15.40, 3.12, 310.00, 15.45, 0.01, 95.15, 12.35);
insert into SHOT values (1596, 1645, 1659, 5573, 3.40, 49.13, -37.50, 3.40, 49.21, -37.53, 0.01, 176.73, -2.37);
insert into SHOT values (1597, 1659, 1660, 5573, 1.79, 102.43, 4.00, 1.79, 102.25, 3.83, 0.01, 55.29, -32.80);
insert into SHOT values (1598, 1659, 1661, 5573, 2.33, 140.23, 5.40, 2.33, 140.07, 5.41, 0.01, 64.46, 6.20);
insert into SHOT values (1599, 1659, 1662, 5573, 3.65, 162.03, 6.60, 3.65, 162.01, 6.60, 0.00, 131.10, 16.01);
insert into SHOT values (1600, 1659, 1663, 5573, 12.59, 187.03, 0.50, 12.59, 187.03, 0.50, 0.00, 4.90, 1.54);
insert into SHOT values (1601, 1659, 1664, 5573, 3.91, 195.23, 1.80, 3.91, 195.14, 1.76, 0.01, 82.57, -23.22);
insert into SHOT values (1602, 1659, 1665, 5573, 3.11, 212.23, 3.00, 3.11, 212.10, 2.95, 0.01, 113.77, -21.99);
insert into SHOT values (1603, 1659, 1666, 5573, 2.56, 237.83, -1.90, 2.55, 237.80, -2.02, 0.01, 67.73, -39.58);
insert into SHOT values (1604, 1659, 1667, 5573, 2.11, 260.53, -1.60, 2.11, 260.45, -1.63, 0.00, 171.74, -20.27);
insert into SHOT values (1605, 1659, 1668, 5573, 1.93, 258.43, 0.40, 1.93, 258.34, 0.30, 0.00, 165.77, -49.67);
insert into SHOT values (1606, 1659, 1669, 5573, 2.38, 78.03, 86.50, 2.37, 78.69, 86.31, 0.01, 91.01, -35.26);
insert into SHOT values (1607, 1659, 1670, 5573, 3.61, 302.93, 65.60, 3.61, 302.94, 65.64, 0.00, 110.73, 52.71);
insert into SHOT values (1608, 1659, 1671, 5573, 2.93, 301.83, 44.30, 2.93, 301.95, 44.20, 0.01, 22.05, -55.11);
insert into SHOT values (1609, 1659, 1672, 5573, 2.30, 314.33, 39.30, 2.29, 314.32, 39.25, 0.01, 139.04, -54.22);
insert into SHOT values (1610, 1659, 1673, 5573, 1.87, 293.83, 18.90, 1.86, 294.09, 18.79, 0.01, 57.87, -30.06);
insert into SHOT values (1611, 1659, 1674, 5573, 1.88, 294.13, 4.70, 1.88, 294.24, 4.57, 0.01, 359.73, -44.76);
insert into SHOT values (1612, 1659, 1675, 5573, 8.43, 359.23, 43.50, 8.43, 359.25, 43.46, 0.01, 22.76, -24.79);
insert into SHOT values (1613, 1675, 1676, 5573, 1.28, 13.53, -7.50, 1.28, 13.71, -7.65, 0.01, 140.73, -30.54);
insert into SHOT values (1614, 1675, 1677, 5573, 4.02, 26.13, -6.00, 4.01, 26.18, -6.01, 0.01, 183.84, 1.24);
insert into SHOT values (1615, 1675, 1678, 5573, 26.33, 27.13, -10.80, 26.32, 27.13, -10.80, 0.01, 201.99, 22.65);
insert into SHOT values (1616, 1675, 1679, 5573, 25.10, 31.53, -10.50, 25.10, 31.55, -10.49, 0.01, 145.27, 27.26);
insert into SHOT values (1617, 1675, 1680, 5573, 6.92, 36.53, -9.00, 6.92, 36.55, -8.98, 0.00, 140.73, 41.60);
insert into SHOT values (1618, 1675, 1681, 5573, 4.13, 57.53, -5.30, 4.13, 57.63, -5.28, 0.01, 175.64, 10.72);
insert into SHOT values (1619, 1675, 1682, 5573, 3.38, 71.33, -5.90, 3.38, 71.46, -5.94, 0.01, 142.64, -17.74);
insert into SHOT values (1620, 1675, 1683, 5573, 2.89, 89.23, 0.70, 2.89, 89.41, 0.79, 0.01, 176.94, 27.70);
insert into SHOT values (1621, 1675, 1684, 5573, 1.53, 219.53, -80.50, 1.53, 218.66, -80.37, 0.01, 172.15, -10.56);
insert into SHOT values (1622, 1675, 1685, 5573, 2.00, 21.93, -61.70, 2.00, 22.48, -61.85, 0.01, 148.33, 4.85);
insert into SHOT values (1623, 1675, 1686, 5573, 3.33, 32.13, -53.30, 3.33, 32.25, -53.35, 0.01, 162.91, -0.89);
insert into SHOT values (1624, 1675, 1687, 5573, 4.01, 34.63, -45.40, 4.00, 34.71, -45.40, 0.01, 179.83, 37.28);
insert into SHOT values (1625, 1675, 1688, 5573, 6.02, 28.03, -36.30, 6.02, 28.04, -36.28, 0.00, 176.49, 55.73);
insert into SHOT values (1626, 1675, 1689, 5573, 6.31, 28.13, -36.40, 6.30, 28.23, -36.40, 0.01, 148.29, 22.83);
insert into SHOT values (1627, 1689, 1690, 5573, 18.57, 5.43, 0.60, 18.57, 5.41, 0.59, 0.01, 303.07, -29.57);
insert into SHOT values (1628, 1689, 1691, 5573, 23.79, 17.53, -0.80, 23.80, 17.51, -0.82, 0.01, 328.01, -44.33);
insert into SHOT values (1629, 1689, 1692, 5573, 20.40, 32.73, -0.60, 20.39, 32.71, -0.62, 0.01, 267.01, -36.07);
insert into SHOT values (1630, 1689, 1693, 5573, 18.20, 43.43, -1.50, 18.20, 43.40, -1.51, 0.01, 314.25, -19.58);
insert into SHOT values (1631, 1689, 1694, 5573, 1.84, 66.13, -2.10, 1.84, 65.94, -2.18, 0.01, 345.99, -23.07);
insert into SHOT values (1632, 1689, 1695, 5573, 1.95, 108.23, 1.30, 1.95, 108.25, 1.18, 0.00, 263.41, -68.39);
insert into SHOT values (1633, 1689, 1696, 5573, 2.33, 128.83, 1.60, 2.33, 128.89, 1.48, 0.01, 274.00, -48.70);
insert into SHOT values (1634, 1689, 1697, 5573, 3.34, 158.93, 9.00, 3.33, 158.97, 8.98, 0.01, 323.76, -13.63);
insert into SHOT values (1635, 1689, 1698, 5573, 3.94, 140.33, 37.90, 3.94, 140.36, 37.94, 0.01, 302.58, -2.88);
insert into SHOT values (1636, 1689, 1699, 5573, 6.06, 162.63, 78.40, 6.05, 162.76, 78.42, 0.01, 307.70, -52.22);
insert into SHOT values (1637, 1689, 1700, 5573, 15.01, 12.33, -49.10, 15.02, 12.27, -49.09, 0.01, 317.15, -20.79);
insert into SCRAPS values (5574, 5571, 'moonraker-p1', 1);
 insert into SCRAPS values (5636, 5571, 'moonraker-p3', 1);
 insert into SCRAPS values (5742, 5571, 'moonraker-p4', 1);
 insert into SCRAPS values (5755, 5571, 'moonraker-p2', 1);
 insert into MAPS values (5855, 5571, 'm4p', NULL, 1, 129.440, 26.770);
 insert into MAPITEMS values (5855, 4, 5742);
 insert into MAPS values (5856, 5571, 'm1p', NULL, 1, 129.440, 26.770);
 insert into MAPITEMS values (5856, 4, 5574);
 insert into MAPS values (5857, 5571, 'm2p', NULL, 1, 129.440, 26.770);
 insert into MAPITEMS values (5857, 4, 5755);
 insert into MAPS values (5858, 5571, 'm3p', NULL, 1, 129.440, 26.770);
 insert into MAPITEMS values (5858, 4, 5636);
 insert into MAPS values (5859, 5571, 'mmoonraker-p', NULL, 1, 129.440, 26.770);
 insert into MAPITEMS values (5859, 4, 5856);
 insert into MAPITEMS values (5859, 4, 5857);
 insert into MAPITEMS values (5859, 4, 5858);
 insert into SURVEY values (5863, 32, 'moonraker_2', 'moonraker_2.primadona.sistem_prima', 'Moonraker_2');
 insert into CENTRELINE values (5864, 5863, NULL, NULL, NULL, 0.00, 0.00, 0.00);
 insert into CENTRELINE values (5865, 5863, NULL, '2018-07-28', NULL, 48.55, 0.00, 0.00);
 insert into TOPO values (17, 5865);
 insert into TOPO values (25, 5865);
 insert into PERSON values (33, 'Iztok', 'Mozir');
insert into EXPLO values (33, 5865);
 insert into EXPLO values (17, 5865);
 insert into EXPLO values (25, 5865);
 insert into SHOT values (1638, 1701, 1702, 5865, 2.71, 98.73, -2.40, 2.72, 98.91, -2.53, 0.01, 157.75, -33.46);
insert into SHOT values (1639, 1701, 1703, 5865, 1.09, 90.53, 18.40, 1.09, 90.55, 18.10, 0.01, 94.61, -35.03);
insert into SHOT values (1640, 1701, 1704, 5865, 0.64, 68.93, 39.10, 0.64, 70.11, 38.67, 0.01, 142.65, -18.62);
insert into SHOT values (1641, 1701, 1705, 5865, 0.65, 350.73, 72.20, 0.65, 351.03, 72.76, 0.01, 161.74, 9.85);
insert into SHOT values (1642, 1701, 1706, 5865, 0.36, 15.53, 11.40, 0.36, 16.39, 11.17, 0.01, 90.17, -11.82);
insert into SHOT values (1643, 1701, 1707, 5865, 8.82, 187.63, 0.00, 8.83, 187.62, 0.00, 0.01, 174.32, 0.00);
insert into SHOT values (1644, 1707, 1708, 5865, 1.53, 70.73, 0.70, 1.54, 70.62, 0.75, 0.01, 49.11, 9.60);
insert into SHOT values (1645, 1707, 1709, 5865, 1.58, 92.13, -0.70, 1.58, 92.17, -0.72, 0.00, 137.78, -21.20);
insert into SHOT values (1646, 1707, 1710, 5865, 1.25, 218.23, 4.90, 1.24, 218.44, 4.62, 0.01, 4.56, -38.94);
insert into SHOT values (1647, 1707, 1711, 5865, 0.47, 281.63, -5.60, 0.47, 282.26, -6.06, 0.01, 342.14, -34.54);
insert into SHOT values (1648, 1707, 1712, 5865, 1.27, 109.13, 86.10, 1.26, 104.04, 86.26, 0.01, 349.03, -39.84);
insert into SHOT values (1649, 1707, 1713, 5865, 1.50, 103.33, 55.30, 1.50, 102.89, 55.31, 0.01, 352.36, -24.95);
insert into SHOT values (1650, 1707, 1714, 5865, 1.32, 91.93, 29.40, 1.32, 91.99, 29.08, 0.01, 153.58, -79.66);
insert into SHOT values (1651, 1707, 1715, 5865, 1.90, 124.63, 3.70, 1.90, 124.45, 3.63, 0.01, 358.69, -19.38);
insert into SHOT values (1652, 1707, 1716, 5865, 2.95, 195.53, -4.80, 2.95, 195.41, -4.87, 0.01, 71.37, -23.15);
insert into SHOT values (1653, 1716, 1717, 5865, 0.64, 91.63, -5.40, 0.63, 91.82, -5.44, 0.01, 254.64, 1.83);
insert into SHOT values (1654, 1716, 1718, 5865, 0.98, 130.93, 42.40, 0.97, 131.04, 42.67, 0.01, 301.18, -5.89);
insert into SHOT values (1655, 1716, 1719, 5865, 1.57, 107.63, -39.70, 1.57, 107.38, -39.69, 0.01, 348.02, 25.73);
insert into SHOT values (1656, 1716, 1720, 5865, 1.69, 105.53, -51.80, 1.69, 105.64, -52.02, 0.01, 268.26, -15.27);
insert into SHOT values (1657, 1716, 1721, 5865, 8.01, 187.13, -7.40, 8.01, 187.16, -7.39, 0.00, 293.65, 19.31);
insert into SHOT values (1658, 1721, 1722, 5865, 0.61, 102.53, 2.20, 0.61, 102.23, 1.87, 0.01, 65.87, -32.14);
insert into SHOT values (1659, 1721, 1723, 5865, 1.07, 222.73, 62.60, 1.07, 222.51, 62.79, 0.00, 67.33, 0.48);
insert into SHOT values (1660, 1721, 1724, 5865, 1.20, 274.73, 23.30, 1.20, 274.68, 23.07, 0.00, 242.31, -68.60);
insert into SHOT values (1661, 1721, 1725, 5865, 1.58, 283.43, -0.80, 1.58, 283.51, -0.72, 0.01, 313.00, 24.26);
insert into SHOT values (1662, 1721, 1726, 5865, 1.01, 271.73, 38.70, 1.01, 271.45, 38.56, 0.00, 209.39, -19.06);
insert into SHOT values (1663, 1721, 1727, 5865, 4.27, 187.13, 5.70, 4.27, 187.16, 5.64, 0.01, 214.90, -40.36);
insert into SHOT values (1664, 1727, 1728, 5865, 4.12, 187.03, 5.20, 4.12, 187.00, 5.29, 0.01, 42.63, 65.47);
insert into SHOT values (1665, 1727, 1729, 5865, 4.05, 186.83, 6.80, 4.05, 186.86, 6.81, 0.00, 327.90, 7.50);
insert into SHOT values (1666, 1727, 1730, 5865, 0.73, 93.03, -4.40, 0.73, 93.14, -3.91, 0.01, 116.07, 59.57);
insert into SHOT values (1667, 1727, 1731, 5865, 1.21, 83.43, -26.30, 1.21, 83.14, -25.98, 0.01, 22.12, 44.07);
insert into SHOT values (1668, 1727, 1732, 5865, 0.90, 115.93, 86.80, 0.90, 111.80, 86.58, 0.01, 67.79, 15.09);
insert into SHOT values (1669, 1727, 1733, 5865, 1.44, 272.03, 9.50, 1.44, 272.02, 9.59, 0.00, 247.52, 73.49);
insert into SHOT values (1670, 1727, 1734, 5865, 1.60, 280.73, -17.00, 1.60, 280.94, -17.10, 0.01, 32.87, -19.70);
insert into SHOT values (1671, 1727, 1735, 5865, 1.58, 281.03, 17.80, 1.58, 281.16, 18.11, 0.01, 71.31, 45.21);
insert into SHOT values (1672, 1727, 1736, 5865, 3.47, 179.13, 49.60, 3.48, 178.98, 49.66, 0.01, 102.53, 51.57);
insert into SHOT values (1673, 1727, 1737, 5865, 3.41, 178.03, 50.20, 3.41, 177.90, 50.22, 0.01, 73.16, 1.72);
insert into SHOT values (1674, 1738, 1739, 5865, 6.56, 286.73, -50.40, 6.56, 286.66, -50.35, 0.01, 236.81, 35.01);
insert into SHOT values (1675, 1737, 1738, 5865, 6.64, 285.23, -50.30, 6.64, 285.31, -50.31, 0.01, 22.78, -10.45);
insert into SHOT values (1676, 1738, 1740, 5865, 6.65, 277.93, -51.60, 6.65, 277.91, -51.53, 0.01, 271.65, 10.00);
insert into SHOT values (1677, 1737, 1741, 5865, 5.75, 169.13, 7.30, 5.75, 169.18, 7.30, 0.01, 280.15, -6.09);
insert into SHOT values (1678, 1741, 1742, 5865, 0.81, 92.53, 5.80, 0.81, 92.12, 5.64, 0.01, 41.64, -14.04);
insert into SHOT values (1679, 1741, 1743, 5865, 1.17, 85.73, -13.30, 1.17, 85.49, -13.28, 0.01, 41.22, -6.96);
insert into SHOT values (1680, 1741, 1744, 5865, 0.43, 268.23, -13.20, 0.42, 268.60, -13.70, 0.01, 70.77, -11.44);
insert into SHOT values (1681, 1741, 1745, 5865, 1.16, 255.03, -36.10, 1.15, 255.07, -36.13, 0.01, 68.59, 30.64);
insert into SHOT values (1682, 1741, 1746, 5865, 0.72, 69.53, -81.40, 0.72, 68.20, -81.37, 0.00, 339.73, 37.31);
insert into SHOT values (1683, 1741, 1747, 5865, 0.93, 10.23, -77.60, 0.93, 11.31, -77.37, 0.01, 52.60, -16.52);
insert into SHOT values (1684, 1741, 1748, 5865, 7.05, 188.33, -5.60, 7.05, 188.28, -5.54, 0.01, 69.34, 49.91);
insert into SHOT values (1685, 1748, 1749, 5865, 0.82, 119.73, 0.30, 0.82, 120.00, 0.00, 0.01, 211.47, -47.30);
insert into SHOT values (1686, 1748, 1750, 5865, 0.60, 133.03, 65.60, 0.59, 133.36, 65.37, 0.01, 233.91, -77.04);
insert into SHOT values (1687, 1748, 1751, 5865, 3.01, 207.93, 85.20, 3.00, 208.61, 85.21, 0.01, 321.29, -71.01);
insert into SHOT values (1688, 1748, 1752, 5865, 5.08, 292.53, 78.70, 5.08, 292.44, 78.70, 0.00, 201.83, -45.73);
insert into SHOT values (1689, 1748, 1753, 5865, 6.26, 283.13, 45.30, 6.25, 283.12, 45.23, 0.01, 266.51, -79.19);
insert into SHOT values (1690, 1748, 1754, 5865, 1.65, 288.13, 19.60, 1.65, 287.97, 19.47, 0.01, 217.18, -37.41);
insert into SHOT values (1691, 1754, 1755, 5865, 1.64, 289.43, 20.10, 1.64, 289.38, 20.02, 0.00, 133.31, -47.29);
insert into SCRAPS values (5866, 5863, 'moonraker_2-p1', 1);
 insert into MAPS values (5919, 5863, 'mmoonraker_2-p', NULL, 1, 48.550, 5.840);
 insert into MAPITEMS values (5919, 4, 5866);
 insert into SURVEY values (5921, 32, 'the_aqueduct', 'the_aqueduct.primadona.sistem_prima', 'The_Aqueduct');
 insert into CENTRELINE values (5922, 5921, NULL, NULL, NULL, 0.00, 0.00, 0.00);
 insert into CENTRELINE values (5923, 5921, NULL, '2018-08-06', NULL, 183.19, 0.00, 0.00);
 insert into TOPO values (17, 5923);
 insert into PERSON values (34, 'Alexander', 'Seaton');
insert into TOPO values (34, 5923);
 insert into EXPLO values (17, 5923);
 insert into EXPLO values (34, 5923);
 insert into EXPLO values (29, 5923);
 insert into SHOT values (1692, 1756, 1757, 5923, 0.48, 358.63, 86.00, 0.48, 0.00, 85.24, 0.01, 6.99, 10.08);
insert into SHOT values (1693, 1756, 1758, 5923, 0.63, 290.23, 62.40, 0.63, 290.32, 62.79, 0.00, 103.57, 23.03);
insert into SHOT values (1694, 1756, 1759, 5923, 0.48, 103.63, 21.90, 0.49, 102.80, 21.75, 0.01, 55.38, 6.31);
insert into SHOT values (1695, 1756, 1760, 5923, 0.81, 95.93, -3.10, 0.82, 95.64, -3.52, 0.01, 57.02, -43.30);
insert into SHOT values (1696, 1756, 1761, 5923, 1.29, 92.93, -19.80, 1.30, 92.82, -19.81, 0.01, 75.24, -20.45);
insert into SHOT values (1697, 1756, 1762, 5923, 1.58, 10.03, 3.90, 1.59, 10.18, 3.61, 0.01, 34.96, -38.26);
insert into SHOT values (1698, 1756, 1763, 5923, 1.39, 45.33, -4.30, 1.40, 45.29, -4.52, 0.01, 37.26, -39.54);
insert into SHOT values (1699, 1756, 1764, 5923, 1.61, 63.13, -12.90, 1.61, 63.11, -12.92, 0.00, 4.42, -37.82);
insert into SHOT values (1700, 1756, 1765, 5923, 1.08, 137.73, 0.60, 1.08, 137.62, 0.53, 0.00, 103.14, -19.39);
insert into SHOT values (1701, 1756, 1766, 5923, 1.60, 174.13, -1.70, 1.60, 173.90, -1.79, 0.01, 81.97, -21.19);
insert into SHOT values (1702, 1756, 1767, 5923, 2.27, 191.53, 1.80, 2.27, 191.46, 1.77, 0.00, 49.06, -15.47);
insert into SHOT values (1703, 1756, 1768, 5923, 9.78, 202.73, -2.60, 9.78, 202.71, -2.64, 0.01, 78.31, -50.12);
insert into SHOT values (1704, 1756, 1769, 5923, 11.86, 198.93, -2.40, 11.85, 198.92, -2.42, 0.01, 27.06, -19.09);
insert into SHOT values (1705, 1756, 1770, 5923, 2.20, 204.93, -2.40, 2.19, 204.81, -2.35, 0.01, 63.69, 16.22);
insert into SHOT values (1706, 1756, 1771, 5923, 1.10, 212.13, -2.00, 1.10, 211.95, -2.09, 0.01, 78.58, -18.60);
insert into SHOT values (1707, 1756, 1772, 5923, 0.68, 214.73, -0.70, 0.67, 214.64, -0.86, 0.01, 39.99, -8.38);
insert into SHOT values (1708, 1756, 1773, 5923, 7.59, 204.63, -2.50, 7.59, 204.64, -2.49, 0.00, 6.64, 20.74);
insert into SHOT values (1709, 1756, 1774, 5923, 3.12, 190.53, -2.60, 3.12, 190.55, -2.58, 0.00, 355.49, 19.62);
insert into SHOT values (1710, 1756, 1775, 5923, 3.58, 194.73, -2.40, 3.58, 194.58, -2.40, 0.01, 94.28, -0.51);
insert into SHOT values (1711, 1756, 1776, 5923, 6.02, 196.93, -2.10, 6.01, 196.93, -2.10, 0.01, 21.00, 6.11);
insert into SHOT values (1712, 1756, 1777, 5923, 1.75, 65.03, -20.00, 1.76, 64.98, -19.92, 0.01, 57.71, -7.64);
insert into SHOT values (1713, 1777, 1778, 5923, 1.20, 279.43, 5.10, 1.20, 279.15, 5.26, 0.01, 188.80, 29.30);
insert into SHOT values (1714, 1777, 1779, 5923, 1.24, 316.73, 1.90, 1.24, 316.64, 1.85, 0.00, 192.77, -24.27);
insert into SHOT values (1715, 1777, 1780, 5923, 1.56, 334.23, 3.90, 1.56, 334.09, 3.68, 0.01, 244.45, -58.48);
insert into SHOT values (1716, 1777, 1781, 5923, 2.12, 321.23, 4.70, 2.13, 321.13, 4.59, 0.01, 290.73, -26.48);
insert into SHOT values (1717, 1777, 1782, 5923, 0.28, 287.03, 19.40, 0.29, 287.10, 18.31, 0.01, 289.48, -20.74);
insert into SHOT values (1718, 1777, 1783, 5923, 0.80, 296.83, 14.70, 0.81, 296.57, 14.34, 0.01, 274.38, -17.52);
insert into SHOT values (1719, 1777, 1784, 5923, 0.53, 117.13, -84.40, 0.53, 126.87, -84.61, 0.01, 223.22, -16.03);
insert into SHOT values (1720, 1777, 1785, 5923, 0.74, 104.43, -78.70, 0.74, 105.95, -78.72, 0.01, 186.28, -48.19);
insert into SHOT values (1721, 1777, 1786, 5923, 3.80, 358.73, 3.80, 3.80, 358.64, 3.77, 0.01, 263.25, -16.82);
insert into SHOT values (1722, 1786, 1787, 5923, 2.05, 199.53, 1.50, 2.05, 199.41, 1.40, 0.01, 74.93, -34.62);
insert into SHOT values (1723, 1786, 1788, 5923, 3.98, 189.83, -5.20, 3.98, 189.87, -5.18, 0.01, 215.09, 7.30);
insert into SHOT values (1724, 1786, 1789, 5923, 3.86, 193.23, -4.00, 3.86, 193.21, -4.01, 0.00, 140.55, -19.43);
insert into SHOT values (1725, 1786, 1790, 5923, 3.59, 177.03, -6.70, 3.59, 176.94, -6.72, 0.01, 82.56, -12.07);
insert into SHOT values (1726, 1786, 1791, 5923, 2.41, 165.83, -9.80, 2.41, 165.85, -9.81, 0.00, 333.20, 4.04);
insert into SHOT values (1727, 1786, 1792, 5923, 1.75, 154.13, -15.20, 1.75, 154.04, -15.22, 0.00, 97.97, -20.08);
insert into SHOT values (1728, 1786, 1793, 5923, 1.54, 145.23, -19.80, 1.54, 145.11, -19.72, 0.00, 85.98, 24.00);
insert into SHOT values (1729, 1786, 1794, 5923, 0.98, 113.13, -11.50, 0.98, 113.36, -11.21, 0.01, 228.67, 52.30);
insert into SHOT values (1730, 1786, 1795, 5923, 1.15, 97.93, -14.40, 1.15, 98.28, -14.62, 0.01, 207.03, -29.52);
insert into SHOT values (1731, 1786, 1796, 5923, 1.63, 58.53, -14.50, 1.63, 58.73, -14.55, 0.01, 133.50, -18.76);
insert into SHOT values (1732, 1786, 1797, 5923, 2.90, 38.03, -14.20, 2.90, 38.05, -14.20, 0.01, 204.94, 15.79);
insert into SHOT values (1733, 1786, 1798, 5923, 6.56, 17.73, -4.80, 6.56, 17.71, -4.81, 0.00, 346.35, -16.40);
insert into SHOT values (1734, 1798, 1799, 5923, 6.49, 199.53, 3.90, 6.50, 199.47, 3.88, 0.01, 148.17, -9.01);
insert into SHOT values (1735, 1798, 1800, 5923, 5.88, 192.23, -2.70, 5.89, 192.17, -2.73, 0.01, 156.21, -15.64);
insert into SHOT values (1736, 1798, 1801, 5923, 4.76, 184.23, -12.40, 4.76, 184.19, -12.37, 0.01, 140.94, 24.12);
insert into SHOT values (1737, 1798, 1802, 5923, 3.17, 175.63, -22.90, 3.18, 175.69, -22.78, 0.01, 196.35, 22.10);
insert into SHOT values (1738, 1798, 1803, 5923, 1.90, 152.53, -36.20, 1.91, 152.60, -35.97, 0.01, 163.90, 12.11);
insert into SHOT values (1739, 1798, 1804, 5923, 2.76, 100.33, -53.90, 2.76, 100.62, -53.87, 0.01, 178.75, 0.36);
insert into SHOT values (1740, 1798, 1805, 5923, 3.33, 58.43, -49.00, 3.33, 58.50, -49.00, 0.01, 200.23, 38.73);
insert into SHOT values (1741, 1798, 1806, 5923, 0.14, 42.33, -39.10, 0.14, 45.00, -38.50, 0.01, 92.67, -13.99);
insert into SHOT values (1742, 1798, 1807, 5923, 0.14, 43.03, -37.50, 0.14, 45.00, -35.26, 0.01, 105.79, 50.09);
insert into SHOT values (1743, 1798, 1808, 5923, 4.40, 43.13, -37.50, 4.40, 43.26, -37.54, 0.01, 155.23, -9.93);
insert into SHOT values (1744, 1798, 1809, 5923, 0.12, 43.33, -37.70, 0.12, 49.40, -37.21, 0.01, 151.87, 18.22);
insert into SHOT values (1745, 1798, 1810, 5923, 6.30, 44.03, -36.90, 6.30, 44.03, -36.90, 0.00, 218.16, 44.31);
insert into SHOT values (1746, 1810, 1811, 5923, 0.93, 294.93, 6.80, 0.92, 295.17, 6.84, 0.01, 84.34, -0.89);
insert into SHOT values (1747, 1810, 1812, 5923, 1.19, 337.23, -3.20, 1.19, 337.12, -3.39, 0.01, 181.79, -32.72);
insert into SHOT values (1748, 1810, 1813, 5923, 2.07, 357.33, -8.90, 2.07, 357.47, -8.91, 0.01, 118.70, 2.41);
insert into SHOT values (1749, 1810, 1814, 5923, 3.36, 348.93, -3.20, 3.36, 348.99, -3.24, 0.01, 120.06, -27.43);
insert into SHOT values (1750, 1810, 1815, 5923, 1.18, 268.43, 24.40, 1.18, 268.39, 24.60, 0.00, 97.88, 30.87);
insert into SHOT values (1751, 1810, 1816, 5923, 0.51, 280.63, 79.00, 0.51, 282.53, 79.55, 0.01, 70.06, -5.99);
insert into SHOT values (1752, 1810, 1817, 5923, 1.01, 280.93, 61.80, 1.01, 281.07, 62.23, 0.01, 93.36, -0.77);
insert into SHOT values (1753, 1810, 1818, 5923, 2.24, 275.93, 56.40, 2.23, 276.03, 56.38, 0.01, 57.23, -58.49);
insert into SHOT values (1754, 1810, 1819, 5923, 1.58, 279.33, 45.20, 1.57, 279.38, 45.39, 0.01, 93.44, -7.43);
insert into SHOT values (1755, 1810, 1820, 5923, 1.26, 289.63, 31.20, 1.25, 289.62, 31.22, 0.01, 112.23, -26.17);
insert into SHOT values (1756, 1810, 1821, 5923, 1.03, 295.63, 12.10, 1.02, 295.54, 11.89, 0.01, 125.22, -31.06);
insert into SHOT values (1757, 1810, 1822, 5923, 0.86, 308.03, -6.70, 0.85, 307.82, -6.72, 0.01, 155.97, 2.83);
insert into SHOT values (1758, 1810, 1823, 5923, 6.55, 11.33, -12.00, 6.55, 11.35, -11.99, 0.00, 149.44, 38.37);
insert into SHOT values (1759, 1823, 1824, 5923, 0.88, 117.83, -1.10, 0.88, 117.73, -1.30, 0.00, 68.33, -56.15);
insert into SHOT values (1760, 1823, 1825, 5923, 1.32, 152.93, 4.60, 1.32, 152.85, 4.35, 0.01, 37.76, -70.70);
insert into SHOT values (1761, 1823, 1826, 5923, 1.84, 172.43, 4.70, 1.84, 172.49, 4.67, 0.00, 215.46, -16.10);
insert into SHOT values (1762, 1823, 1827, 5923, 2.48, 184.03, 6.30, 2.48, 183.95, 6.25, 0.00, 108.09, -31.71);
insert into SHOT values (1763, 1823, 1828, 5923, 9.17, 197.83, 10.80, 9.18, 197.83, 10.80, 0.01, 198.80, 17.55);
insert into SHOT values (1764, 1823, 1829, 5923, 3.58, 194.53, 11.50, 3.58, 194.51, 11.43, 0.01, 176.93, -42.37);
insert into SHOT values (1765, 1823, 1830, 5923, 2.69, 186.83, 8.50, 2.69, 186.70, 8.35, 0.01, 76.36, -48.90);
insert into SHOT values (1766, 1823, 1831, 5923, 1.47, 51.93, -4.10, 1.47, 52.19, -4.28, 0.01, 125.80, -35.01);
insert into SHOT values (1767, 1823, 1832, 5923, 2.39, 30.93, -3.60, 2.40, 30.96, -3.59, 0.01, 45.01, 0.71);
insert into SHOT values (1768, 1823, 1833, 5923, 2.56, 30.33, -2.30, 2.56, 30.27, -2.46, 0.01, 321.32, -68.86);
insert into SHOT values (1769, 1823, 1834, 5923, 4.54, 26.43, -2.30, 4.54, 26.45, -2.40, 0.01, 160.45, -73.67);
insert into SHOT values (1770, 1823, 1835, 5923, 4.74, 25.23, -3.00, 4.74, 25.27, -3.02, 0.00, 130.40, -33.30);
insert into SHOT values (1771, 1823, 1836, 5923, 4.73, 25.93, 4.40, 4.73, 26.02, 4.36, 0.01, 99.17, -20.27);
insert into SHOT values (1772, 1823, 1837, 5923, 4.56, 26.13, -3.90, 4.56, 26.23, -3.90, 0.01, 125.14, 1.11);
insert into SHOT values (1773, 1837, 1838, 5923, 0.68, 276.73, -3.40, 0.69, 276.71, -3.34, 0.01, 274.24, 3.19);
insert into SHOT values (1774, 1837, 1839, 5923, 0.81, 252.83, 1.50, 0.82, 252.90, 1.40, 0.01, 261.23, -10.59);
insert into SHOT values (1775, 1837, 1840, 5923, 0.90, 289.23, 29.50, 0.90, 289.36, 29.29, 0.00, 348.86, -57.50);
insert into SHOT values (1776, 1837, 1841, 5923, 0.76, 290.93, -29.60, 0.77, 291.16, -29.75, 0.01, 324.58, -43.71);
insert into SHOT values (1777, 1837, 1842, 5923, 0.78, 305.83, -89.90, 0.78, 90.00, -90.00, 0.00, 125.83, -0.05);
insert into SHOT values (1778, 1837, 1843, 5923, 0.85, 273.83, -59.30, 0.85, 273.90, -58.86, 0.01, 278.15, 7.04);
insert into SHOT values (1779, 1837, 1844, 5923, 0.63, 270.53, -31.40, 0.63, 271.06, -31.43, 0.01, 335.49, -17.75);
insert into SHOT values (1780, 1837, 1845, 5923, 0.63, 274.13, -29.70, 0.64, 274.16, -30.13, 0.01, 277.84, -61.75);
insert into SHOT values (1781, 1837, 1846, 5923, 0.97, 194.83, 0.30, 0.96, 195.05, 0.00, 0.01, 347.44, -32.87);
insert into SHOT values (1782, 1837, 1847, 5923, 9.43, 204.83, 4.20, 9.43, 204.85, 4.20, 0.01, 354.18, -6.94);
insert into SHOT values (1783, 1837, 1848, 5923, 5.13, 209.43, 3.80, 5.13, 209.52, 3.80, 0.01, 329.61, 0.09);
insert into SHOT values (1784, 1837, 1849, 5923, 3.18, 215.03, 3.10, 3.18, 215.14, 3.06, 0.01, 270.76, -15.15);
insert into SHOT values (1785, 1837, 1850, 5923, 2.51, 221.63, 2.90, 2.51, 221.77, 2.74, 0.01, 308.17, -49.72);
insert into SHOT values (1786, 1837, 1851, 5923, 1.48, 230.53, 2.30, 1.49, 230.74, 2.31, 0.01, 270.10, 4.12);
insert into SHOT values (1787, 1837, 1852, 5923, 1.06, 246.03, 0.80, 1.06, 246.09, 0.54, 0.01, 290.80, -71.50);
insert into SHOT values (1788, 1837, 1853, 5923, 1.31, 349.33, -15.00, 1.32, 349.13, -14.96, 0.01, 318.58, -6.23);
insert into SHOT values (1789, 1837, 1854, 5923, 1.57, 355.43, -12.50, 1.57, 355.14, -12.49, 0.01, 284.78, -1.33);
insert into SHOT values (1790, 1837, 1855, 5923, 2.51, 5.33, -9.80, 2.52, 5.32, -9.83, 0.01, 1.48, -20.73);
insert into SHOT values (1791, 1837, 1856, 5923, 4.07, 10.63, -9.70, 4.08, 10.61, -9.74, 0.01, 358.94, -31.07);
insert into SHOT values (1792, 1837, 1857, 5923, 6.27, 14.63, -12.80, 6.27, 14.58, -12.80, 0.01, 312.71, -8.41);
insert into SHOT values (1793, 1857, 1858, 5923, 1.18, 140.23, 8.20, 1.18, 140.19, 8.26, 0.00, 128.42, 24.77);
insert into SHOT values (1794, 1857, 1859, 5923, 1.57, 167.83, 6.90, 1.57, 167.75, 6.96, 0.00, 21.96, 19.60);
insert into SHOT values (1795, 1857, 1860, 5923, 2.38, 178.63, 7.50, 2.38, 178.54, 7.48, 0.00, 105.88, -9.79);
insert into SHOT values (1796, 1857, 1861, 5923, 2.91, 183.83, 6.30, 2.91, 183.76, 6.30, 0.01, 141.02, 7.38);
insert into SHOT values (1797, 1857, 1862, 5923, 4.37, 193.23, 8.10, 4.37, 193.23, 8.03, 0.01, 8.66, -74.67);
insert into SHOT values (1798, 1857, 1863, 5923, 7.95, 198.23, 9.60, 7.95, 198.20, 9.55, 0.01, 153.98, -47.29);
insert into SHOT values (1799, 1857, 1864, 5923, 1.56, 202.43, 9.30, 1.56, 202.56, 9.23, 0.00, 319.57, -27.97);
insert into SHOT values (1800, 1857, 1865, 5923, 0.81, 208.13, 11.00, 0.81, 207.86, 10.73, 0.01, 76.33, -42.13);
insert into SHOT values (1801, 1857, 1866, 5923, 0.51, 232.73, 21.00, 0.51, 232.65, 20.63, 0.00, 213.14, -54.06);
insert into SHOT values (1802, 1857, 1867, 5923, 9.97, 18.33, 1.00, 9.97, 18.36, 0.98, 0.01, 118.60, -36.16);
insert into SHOT values (1803, 1857, 1868, 5923, 3.90, 13.63, -0.80, 3.90, 13.64, -0.88, 0.01, 77.02, -79.86);
insert into SHOT values (1804, 1857, 1869, 5923, 1.20, 10.73, -2.40, 1.20, 10.56, -2.39, 0.00, 301.89, 3.75);
insert into SHOT values (1805, 1857, 1870, 5923, 4.09, 15.13, -1.20, 4.09, 15.16, -1.26, 0.01, 44.46, -49.33);
insert into SHOT values (1806, 1857, 1871, 5923, 4.99, 17.43, -1.10, 4.99, 17.49, -1.15, 0.01, 89.65, -37.58);
insert into SHOT values (1807, 1857, 1872, 5923, 4.62, 30.93, -0.80, 4.62, 31.01, -0.87, 0.01, 115.08, -42.10);
insert into SHOT values (1808, 1857, 1873, 5923, 3.21, 36.63, -0.90, 3.22, 36.66, -0.89, 0.01, 48.88, 3.66);
insert into SHOT values (1809, 1857, 1874, 5923, 2.49, 38.03, 5.30, 2.49, 38.12, 5.30, 0.00, 139.58, -0.04);
insert into SHOT values (1810, 1857, 1875, 5923, 2.28, 50.83, -3.60, 2.29, 50.87, -3.76, 0.01, 64.50, -46.64);
insert into SHOT values (1811, 1857, 1876, 5923, 1.54, 65.43, -0.40, 1.54, 65.43, -0.37, 0.00, 241.53, 50.76);
insert into SHOT values (1812, 1857, 1877, 5923, 1.34, 90.53, 1.40, 1.34, 90.43, 1.28, 0.00, 10.70, -48.03);
insert into SHOT values (1813, 1857, 1878, 5923, 1.04, 103.73, 16.70, 1.04, 103.90, 16.71, 0.00, 146.66, 15.09);
insert into SHOT values (1814, 1857, 1879, 5923, 0.96, 102.03, 26.50, 0.96, 102.09, 26.59, 0.00, 196.13, 59.96);
insert into SHOT values (1815, 1857, 1880, 5923, 0.96, 104.83, 37.30, 0.96, 105.12, 37.11, 0.01, 158.44, -19.77);
insert into SHOT values (1816, 1857, 1881, 5923, 0.57, 110.53, 58.30, 0.57, 111.45, 57.92, 0.01, 185.69, -44.91);
insert into SHOT values (1817, 1857, 1882, 5923, 0.64, 100.63, 62.50, 0.64, 99.78, 62.69, 0.01, 354.36, 26.99);
insert into SHOT values (1818, 1857, 1883, 5923, 0.24, 72.23, -66.30, 0.24, 71.57, -66.67, 0.00, 286.72, -7.05);
insert into SHOT values (1819, 1857, 1884, 5923, 0.84, 104.53, -39.20, 0.84, 104.25, -39.19, 0.00, 357.77, 15.19);
insert into SHOT values (1820, 1857, 1885, 5923, 1.20, 111.83, -10.20, 1.20, 111.80, -10.05, 0.00, 102.36, 33.69);
insert into SHOT values (1821, 1857, 1886, 5923, 3.73, 21.43, -8.00, 3.73, 21.43, -8.01, 0.00, 12.56, -26.98);
insert into SHOT values (1822, 1886, 1887, 5923, 0.80, 114.53, 4.80, 0.80, 114.33, 4.99, 0.01, 78.30, 32.15);
insert into SHOT values (1823, 1886, 1888, 5923, 0.95, 149.23, 5.30, 0.95, 149.35, 5.46, 0.01, 305.43, 25.06);
insert into SHOT values (1824, 1886, 1889, 5923, 1.15, 157.13, 8.00, 1.15, 157.26, 8.00, 0.00, 254.64, -1.06);
insert into SHOT values (1825, 1886, 1890, 5923, 2.19, 173.93, 4.80, 2.19, 173.95, 4.72, 0.00, 277.09, -77.47);
insert into SHOT values (1826, 1886, 1891, 5923, 3.29, 184.53, 2.90, 3.29, 184.53, 2.96, 0.01, 185.25, 38.25);
insert into SHOT values (1827, 1886, 1892, 5923, 1.39, 59.43, 5.80, 1.39, 59.53, 5.79, 0.00, 191.84, -7.92);
insert into SHOT values (1828, 1886, 1893, 5923, 1.66, 40.13, 12.90, 1.66, 39.99, 12.88, 0.00, 314.14, -8.28);
insert into SHOT values (1829, 1886, 1894, 5923, 1.84, 40.03, 13.10, 1.84, 40.01, 13.21, 0.00, 230.67, 40.32);
insert into SHOT values (1830, 1886, 1895, 5923, 2.63, 32.83, 12.70, 2.63, 32.88, 12.76, 0.01, 189.84, 16.92);
insert into SHOT values (1831, 1886, 1896, 5923, 1.19, 5.83, 16.10, 1.19, 6.01, 16.06, 0.00, 56.00, -0.05);
insert into SHOT values (1832, 1886, 1897, 5923, 2.25, 10.03, 18.40, 2.25, 9.99, 18.42, 0.00, 218.88, -4.01);
insert into SHOT values (1833, 1886, 1898, 5923, 1.11, 45.53, 87.20, 1.11, 45.00, 87.08, 0.00, 32.91, 28.90);
insert into SHOT values (1834, 1886, 1899, 5923, 1.19, 110.13, 66.00, 1.20, 110.28, 65.78, 0.01, 121.59, 23.84);
insert into SHOT values (1835, 1886, 1900, 5923, 0.94, 117.53, 44.70, 0.94, 117.72, 44.72, 0.00, 245.04, -23.45);
insert into SHOT values (1836, 1886, 1901, 5923, 0.80, 114.23, 17.70, 0.80, 113.89, 17.41, 0.01, 60.89, -29.33);
insert into SHOT values (1837, 1886, 1902, 5923, 0.30, 288.53, 33.30, 0.30, 288.43, 32.31, 0.01, 277.78, -64.16);
insert into SHOT values (1838, 1886, 1903, 5923, 0.62, 283.93, 64.50, 0.62, 282.99, 64.52, 0.00, 192.37, 5.20);
insert into SHOT values (1839, 1886, 1904, 5923, 1.17, 266.23, 77.20, 1.17, 265.60, 77.12, 0.00, 204.48, -15.86);
insert into SHOT values (1840, 1886, 1905, 5923, 1.10, 232.73, 84.00, 1.10, 232.13, 84.03, 0.00, 103.93, -68.72);
insert into SHOT values (1841, 1886, 1906, 5923, 4.28, 30.73, 8.30, 4.28, 30.69, 8.33, 0.00, 264.05, 26.91);
insert into SHOT values (1842, 1886, 1907, 5923, 4.28, 30.73, 8.30, 4.28, 30.69, 8.33, 0.00, 264.05, 26.91);
insert into SHOT values (1843, 1907, 1908, 5923, 1.15, 299.63, 3.50, 1.14, 299.93, 3.51, 0.01, 72.23, -1.45);
insert into SHOT values (1844, 1907, 1909, 5923, 1.42, 331.03, 0.50, 1.41, 331.26, 0.41, 0.01, 106.50, -16.53);
insert into SHOT values (1845, 1907, 1910, 5923, 1.90, 347.53, -0.50, 1.89, 347.50, -0.60, 0.01, 177.68, -33.74);
insert into SHOT values (1846, 1907, 1911, 5923, 1.74, 0.93, 3.70, 1.73, 0.99, 3.64, 0.01, 163.85, -19.67);
insert into SHOT values (1847, 1907, 1912, 5923, 1.56, 243.13, 1.80, 1.56, 242.94, 1.83, 0.01, 170.35, 10.51);
insert into SHOT values (1848, 1907, 1913, 5923, 2.77, 222.33, 3.00, 2.77, 222.22, 2.90, 0.01, 150.92, -40.72);
insert into SHOT values (1849, 1907, 1914, 5923, 5.44, 224.33, 3.20, 5.44, 224.25, 3.16, 0.01, 130.56, -26.56);
insert into SHOT values (1850, 1907, 1915, 5923, 1.37, 294.03, 27.00, 1.37, 294.25, 26.99, 0.01, 59.28, -19.13);
insert into SHOT values (1851, 1907, 1916, 5923, 0.38, 296.93, 23.30, 0.38, 297.30, 23.27, 0.00, 31.05, -7.78);
insert into SHOT values (1852, 1907, 1917, 5923, 1.01, 300.13, -27.90, 1.01, 300.30, -28.29, 0.01, 45.94, -69.43);
insert into SHOT values (1853, 1907, 1918, 5923, 1.01, 299.33, -40.50, 1.00, 299.28, -41.10, 0.01, 123.05, -19.60);
insert into SHOT values (1854, 1907, 1919, 5923, 1.14, 296.13, -3.50, 1.14, 296.11, -3.53, 0.00, 126.32, -11.74);
insert into SHOT values (1855, 1907, 1920, 5923, 5.98, 10.73, 0.90, 5.98, 10.80, 0.86, 0.01, 125.24, -25.79);
insert into SHOT values (1856, 1920, 1921, 5923, 0.91, 109.23, -6.10, 0.91, 109.44, -6.33, 0.01, 245.77, -34.65);
insert into SHOT values (1857, 1920, 1922, 5923, 0.88, 71.43, 3.00, 0.88, 71.36, 3.27, 0.00, 272.92, 52.29);
insert into SHOT values (1858, 1920, 1923, 5923, 1.97, 29.63, 10.70, 1.98, 29.60, 10.78, 0.01, 21.63, 28.02);
insert into SHOT values (1859, 1920, 1924, 5923, 2.80, 16.33, 18.80, 2.80, 16.18, 18.72, 0.01, 319.91, -15.82);
insert into SHOT values (1860, 1920, 1925, 5923, 3.39, 12.53, 23.80, 3.39, 12.47, 23.82, 0.00, 306.09, 28.20);
insert into SHOT values (1861, 1920, 1926, 5923, 0.84, 66.33, 84.00, 0.84, 63.43, 83.92, 0.01, 354.97, 43.97);
insert into SHOT values (1862, 1920, 1927, 5923, 0.72, 95.63, 60.30, 0.72, 94.90, 60.86, 0.01, 314.98, 32.93);
insert into SHOT values (1863, 1920, 1928, 5923, 0.68, 102.83, 37.80, 0.68, 102.99, 38.20, 0.01, 260.15, 39.24);
insert into SHOT values (1864, 1920, 1929, 5923, 0.65, 103.03, 15.50, 0.65, 102.93, 15.20, 0.00, 349.47, -71.29);
insert into SHOT values (1865, 1920, 1930, 5923, 0.98, 104.43, -23.80, 0.98, 104.19, -23.49, 0.01, 25.22, 55.03);
insert into SHOT values (1866, 1920, 1931, 5923, 0.90, 103.03, -55.20, 0.90, 102.41, -55.32, 0.01, 355.93, -9.40);
insert into SHOT values (1867, 1920, 1932, 5923, 0.64, 102.43, -67.30, 0.64, 101.77, -67.44, 0.00, 339.42, 7.15);
insert into SHOT values (1868, 1920, 1933, 5923, 1.16, 164.03, -7.60, 1.15, 164.26, -7.48, 0.01, 310.69, 22.27);
insert into SHOT values (1869, 1920, 1934, 5923, 1.66, 179.13, -7.20, 1.65, 179.30, -7.30, 0.01, 323.52, -13.11);
insert into SHOT values (1870, 1920, 1935, 5923, 3.48, 190.33, -8.60, 3.48, 190.39, -8.60, 0.01, 330.17, 3.74);
insert into SHOT values (1871, 1920, 1936, 5923, 5.35, 194.93, -5.90, 5.35, 194.92, -5.90, 0.00, 30.83, -1.49);
insert into SHOT values (1872, 1920, 1937, 5923, 14.86, 198.63, -2.20, 14.86, 198.65, -2.20, 0.01, 278.15, 4.13);
insert into SHOT values (1873, 1920, 1938, 5923, 2.90, 16.03, 26.30, 2.90, 16.07, 26.37, 0.01, 57.52, 64.70);
insert into SHOT values (1874, 1938, 1939, 5923, 2.90, 19.23, 34.40, 2.89, 19.04, 34.29, 0.01, 274.90, -45.76);
insert into SHOT values (1875, 1938, 1940, 5923, 0.97, 256.33, 0.50, 0.98, 256.39, 0.00, 0.01, 263.99, -48.27);
insert into SHOT values (1876, 1938, 1941, 5923, 1.26, 224.13, -9.50, 1.26, 224.35, -9.58, 0.01, 292.66, -21.88);
insert into SHOT values (1877, 1938, 1942, 5923, 3.09, 201.53, -14.40, 3.09, 201.59, -14.44, 0.00, 338.89, -19.55);
insert into SHOT values (1878, 1938, 1943, 5923, 1.03, 286.93, 16.40, 1.03, 286.98, 16.28, 0.01, 295.34, -8.81);
insert into SHOT values (1879, 1938, 1944, 5923, 1.35, 310.13, 23.80, 1.35, 310.10, 23.50, 0.01, 304.58, -35.10);
insert into SHOT values (1880, 1938, 1945, 5923, 2.10, 329.33, 21.50, 2.10, 329.24, 21.50, 0.00, 260.10, 5.78);
insert into SHOT values (1881, 1938, 1946, 5923, 4.24, 348.63, 15.60, 4.25, 348.58, 15.57, 0.01, 321.70, -1.57);
insert into SHOT values (1882, 1946, 1947, 5923, 0.87, 104.03, -0.70, 0.88, 104.51, -0.65, 0.01, 146.46, 3.30);
insert into SHOT values (1883, 1946, 1948, 5923, 1.26, 54.03, 7.90, 1.26, 54.14, 7.77, 0.00, 181.65, -46.38);
insert into SHOT values (1884, 1946, 1949, 5923, 1.94, 31.73, 9.90, 1.94, 31.94, 9.81, 0.01, 138.16, -25.85);
insert into SHOT values (1885, 1946, 1950, 5923, 2.77, 21.43, 14.30, 2.76, 21.48, 14.26, 0.01, 185.04, -25.93);
insert into SHOT values (1886, 1946, 1951, 5923, 6.30, 16.93, 14.50, 6.29, 16.98, 14.44, 0.01, 143.05, -50.03);
insert into SHOT values (1887, 1946, 1952, 5923, 1.05, 136.33, -0.20, 1.05, 136.15, -0.54, 0.01, 95.64, -51.62);
insert into SHOT values (1888, 1946, 1953, 5923, 1.75, 163.33, -4.00, 1.76, 163.43, -4.24, 0.01, 185.57, -45.99);
insert into SHOT values (1889, 1946, 1954, 5923, 2.70, 173.43, -5.30, 2.71, 173.40, -5.29, 0.01, 165.05, -3.61);
insert into SHOT values (1890, 1946, 1955, 5923, 5.03, 181.73, -10.30, 5.03, 181.74, -10.30, 0.00, 188.29, -10.56);
insert into SHOT values (1891, 1946, 1956, 5923, 4.28, 188.53, -4.60, 4.28, 188.49, -4.69, 0.01, 108.95, -65.64);
insert into SHOT values (1892, 1946, 1957, 5923, 1.46, 196.63, 0.80, 1.46, 196.70, 0.78, 0.00, 240.81, -8.79);
insert into SHOT values (1893, 1946, 1958, 5923, 1.62, 241.83, 70.40, 1.62, 241.56, 70.24, 0.01, 195.06, -59.69);
insert into SHOT values (1894, 1946, 1959, 5923, 0.94, 146.63, 70.00, 0.94, 146.31, 69.76, 0.00, 115.35, -43.37);
insert into SHOT values (1895, 1946, 1960, 5923, 0.60, 123.13, 41.30, 0.60, 123.34, 40.61, 0.01, 145.20, -53.59);
insert into SHOT values (1896, 1946, 1961, 5923, 0.75, 116.03, 8.80, 0.75, 116.22, 8.38, 0.01, 139.65, -37.38);
insert into SHOT values (1897, 1946, 1962, 5923, 0.58, 149.23, -82.70, 0.59, 150.26, -82.09, 0.01, 161.00, -33.66);
insert into SHOT values (1898, 1946, 1963, 5923, 0.75, 110.63, -47.80, 0.75, 110.96, -48.05, 0.01, 210.76, -56.63);
insert into SHOT values (1899, 1946, 1964, 5923, 3.10, 17.53, 24.80, 3.10, 17.60, 24.81, 0.00, 145.76, -4.19);
insert into SHOT values (1900, 1964, 1965, 5923, 0.74, 290.53, 12.40, 0.74, 290.19, 11.70, 0.01, 222.35, -62.14);
insert into SHOT values (1901, 1964, 1966, 5923, 1.43, 297.73, 47.60, 1.42, 297.90, 47.51, 0.01, 69.48, -58.06);
insert into SHOT values (1902, 1964, 1967, 5923, 0.59, 320.83, 69.90, 0.59, 320.91, 69.45, 0.01, 325.37, -50.04);
insert into SHOT values (1903, 1964, 1968, 5923, 0.56, 248.33, 79.40, 0.56, 248.20, 78.92, 0.00, 245.29, -5.40);
insert into SHOT values (1904, 1964, 1969, 5923, 1.20, 227.83, 3.50, 1.21, 227.69, 3.33, 0.01, 200.83, -27.21);
insert into SHOT values (1905, 1964, 1970, 5923, 3.07, 211.63, -0.00, 3.08, 211.57, 0.00, 0.01, 179.40, 0.00);
insert into SHOT values (1906, 1964, 1971, 5923, 1.13, 205.93, -4.50, 1.13, 205.88, -4.58, 0.00, 40.19, -18.30);
insert into SHOT values (1907, 1964, 1972, 5923, 0.45, 200.73, -2.30, 0.45, 200.85, -2.55, 0.00, 302.11, -63.07);
insert into SHOT values (1908, 1964, 1973, 5923, 0.65, 291.13, -10.80, 0.66, 290.97, -11.44, 0.01, 267.70, -61.51);
insert into SHOT values (1909, 1964, 1974, 5923, 0.80, 286.23, -46.00, 0.80, 285.80, -46.48, 0.01, 146.16, -35.19);
insert into SHOT values (1910, 1964, 1975, 5923, 1.01, 299.63, -70.70, 1.02, 298.89, -70.97, 0.01, 178.13, -53.25);
insert into SHOT values (1911, 1964, 1976, 5923, 1.00, 67.43, -79.00, 1.01, 68.75, -78.96, 0.01, 130.35, -59.20);
insert into SHOT values (1912, 1964, 1977, 5923, 1.20, 318.33, -83.20, 1.21, 315.00, -83.28, 0.01, 222.06, -45.60);
insert into SHOT values (1913, 1964, 1978, 5923, 1.11, 293.03, -73.20, 1.12, 291.80, -73.20, 0.01, 220.71, -45.38);
insert into SHOT values (1914, 1964, 1979, 5923, 1.00, 293.93, -60.80, 1.01, 293.96, -60.77, 0.01, 297.28, -57.03);
insert into SHOT values (1915, 1964, 1980, 5923, 3.17, 16.93, 6.60, 3.17, 17.00, 6.53, 0.01, 130.38, -48.45);
insert into SHOT values (1916, 1964, 1981, 5923, 3.50, 2.63, 5.80, 3.50, 2.63, 5.74, 0.00, 5.17, -66.66);
insert into SHOT values (1917, 1964, 1982, 5923, 1.86, 350.23, 8.90, 1.86, 350.28, 8.67, 0.01, 118.24, -75.33);
insert into SHOT values (1918, 1964, 1983, 5923, 1.04, 323.53, 11.90, 1.04, 323.35, 11.61, 0.01, 287.59, -39.63);
insert into SHOT values (1919, 1964, 1984, 5923, 0.79, 295.13, 11.70, 0.79, 295.24, 11.68, 0.00, 13.68, -7.64);
insert into SHOT values (1920, 1964, 1985, 5923, 0.81, 269.73, 9.90, 0.81, 270.00, 9.93, 0.00, 331.05, 9.78);
insert into SHOT values (1921, 1964, 1986, 5923, 4.49, 359.83, 14.20, 4.49, 359.87, 14.19, 0.00, 134.72, -19.83);
insert into SHOT values (1922, 1986, 1987, 5923, 6.37, 11.83, 6.90, 6.37, 11.77, 6.85, 0.01, 274.19, -38.61);
insert into SHOT values (1923, 1986, 1988, 5923, 5.13, 24.63, 4.60, 5.13, 24.61, 4.58, 0.00, 326.86, -33.37);
insert into SHOT values (1924, 1986, 1989, 5923, 3.39, 32.53, 4.90, 3.39, 32.42, 4.91, 0.01, 290.27, 3.69);
insert into SHOT values (1925, 1986, 1990, 5923, 2.04, 42.53, 7.20, 2.03, 42.39, 7.06, 0.01, 259.99, -34.46);
insert into SHOT values (1926, 1986, 1991, 5923, 1.25, 61.03, 12.50, 1.24, 60.90, 12.55, 0.01, 262.11, -4.05);
insert into SHOT values (1927, 1986, 1992, 5923, 0.96, 88.03, 4.20, 0.95, 88.19, 4.21, 0.01, 247.14, -2.38);
insert into SHOT values (1928, 1986, 1993, 5923, 1.03, 124.13, 6.60, 1.02, 124.16, 6.74, 0.01, 300.55, 11.34);
insert into SHOT values (1929, 1986, 1994, 5923, 1.13, 147.03, 0.30, 1.13, 147.30, 0.00, 0.01, 248.07, -48.15);
insert into SHOT values (1930, 1986, 1995, 5923, 2.02, 160.13, -10.80, 2.01, 160.19, -10.88, 0.01, 324.42, -11.22);
insert into SHOT values (1931, 1986, 1996, 5923, 3.37, 173.63, -16.90, 3.36, 173.76, -16.93, 0.01, 300.72, -2.14);
insert into SHOT values (1932, 1986, 1997, 5923, 1.88, 103.03, -53.00, 1.88, 102.80, -53.06, 0.01, 336.02, 14.38);
insert into SHOT values (1933, 1986, 1998, 5923, 0.31, 123.13, -10.80, 0.30, 122.62, -11.43, 0.01, 322.13, -13.20);
insert into SHOT values (1934, 1986, 1999, 5923, 1.40, 110.63, -32.40, 1.39, 110.44, -32.57, 0.01, 316.13, 1.00);
insert into SHOT values (1935, 1986, 2000, 5923, 0.88, 87.73, 77.80, 0.88, 86.82, 78.16, 0.01, 294.39, -1.13);
insert into SHOT values (1936, 1986, 2001, 5923, 1.17, 93.43, 43.40, 1.16, 93.41, 43.55, 0.01, 275.86, -24.32);
insert into SHOT values (1937, 1986, 2002, 5923, 0.98, 89.63, 30.40, 0.97, 89.32, 30.25, 0.01, 311.00, -40.39);
insert into SHOT values (1938, 1986, 2003, 5923, 6.94, 10.93, 32.00, 6.94, 10.87, 32.02, 0.01, 282.42, 20.80);
insert into SHOT values (1939, 2003, 2004, 5923, 4.49, 185.93, -13.80, 4.49, 185.92, -13.90, 0.01, 168.82, -71.49);
insert into SHOT values (1940, 2003, 2005, 5923, 5.19, 196.83, -11.10, 5.18, 196.80, -11.12, 0.01, 44.62, -6.95);
insert into SHOT values (1941, 2003, 2006, 5923, 3.86, 210.53, -12.30, 3.86, 210.44, -12.42, 0.01, 104.27, -51.67);
insert into SHOT values (1942, 2003, 2007, 5923, 2.35, 228.13, -10.60, 2.35, 228.16, -10.79, 0.01, 4.26, -77.64);
insert into SHOT values (1943, 2003, 2008, 5923, 1.20, 257.73, -1.80, 1.20, 257.94, -1.91, 0.01, 22.48, -23.64);
insert into SHOT values (1944, 2003, 2009, 5923, 0.94, 284.33, 0.60, 0.94, 284.18, 0.00, 0.01, 165.32, -74.37);
insert into SHOT values (1945, 2003, 2010, 5923, 0.94, 315.93, -1.30, 0.94, 316.29, -1.83, 0.01, 37.16, -55.35);
insert into SHOT values (1946, 2003, 2011, 5923, 1.06, 335.03, 1.60, 1.06, 334.89, 1.08, 0.01, 258.46, -73.85);
insert into SHOT values (1947, 2003, 2012, 5923, 1.18, 345.13, -1.70, 1.18, 345.26, -1.94, 0.01, 89.73, -61.95);
insert into SHOT values (1948, 2003, 2013, 5923, 4.95, 200.83, 13.90, 4.95, 200.85, 13.80, 0.01, 307.36, -80.28);
insert into SHOT values (1949, 2003, 2014, 5923, 7.72, 219.83, 55.90, 7.72, 219.84, 55.92, 0.01, 31.66, -30.99);
insert into SHOT values (1950, 2003, 2015, 5923, 5.75, 228.13, 55.80, 5.74, 228.01, 55.79, 0.01, 113.11, -37.79);
insert into SHOT values (1951, 2003, 2016, 5923, 4.02, 238.83, 52.60, 4.02, 238.92, 52.58, 0.01, 347.67, -43.11);
insert into SHOT values (1952, 2003, 2017, 5923, 3.38, 242.33, 48.10, 3.38, 242.30, 48.01, 0.01, 205.13, -70.85);
insert into SHOT values (1953, 2003, 2018, 5923, 11.45, 218.13, 59.80, 11.44, 218.08, 59.80, 0.01, 85.73, -43.09);
insert into SHOT values (1954, 2003, 2019, 5923, 13.36, 218.53, 61.10, 13.35, 218.52, 61.09, 0.01, 68.50, -69.85);
insert into SHOT values (1955, 2003, 2020, 5923, 9.24, 165.93, -79.40, 9.25, 165.72, -79.39, 0.01, 100.56, -47.88);
insert into SHOT values (1956, 2003, 2021, 5923, 10.85, 177.33, -68.80, 10.85, 177.37, -68.81, 0.01, 256.84, -57.21);
insert into SHOT values (1957, 2003, 2022, 5923, 9.88, 174.13, -76.30, 9.88, 174.12, -76.29, 0.00, 162.19, -24.35);
insert into SHOT values (1958, 2003, 2023, 5923, 8.89, 177.33, -85.90, 8.89, 177.27, -85.93, 0.01, 4.70, -29.12);
insert into SHOT values (1959, 2003, 2024, 5923, 1.56, 344.23, 39.40, 1.56, 344.12, 39.38, 0.00, 267.66, -4.26);
insert into SHOT values (1960, 2003, 2025, 5923, 1.56, 343.93, 39.40, 1.56, 344.12, 39.38, 0.00, 65.96, -2.57);
insert into SHOT values (1961, 2025, 2026, 5923, 1.57, 344.93, 40.80, 1.57, 344.91, 40.58, 0.01, 336.81, -66.16);
insert into SHOT values (1962, 2025, 2027, 5923, 0.44, 115.53, 6.20, 0.44, 115.97, 5.27, 0.01, 252.70, -56.72);
insert into SHOT values (1963, 2025, 2028, 5923, 0.61, 125.93, 50.40, 0.61, 126.57, 50.60, 0.01, 249.30, -0.14);
insert into SHOT values (1964, 2025, 2029, 5923, 3.52, 199.23, 83.60, 3.51, 199.36, 83.59, 0.01, 302.00, -83.66);
insert into SHOT values (1965, 2025, 2030, 5923, 1.89, 167.13, 77.90, 1.88, 167.01, 77.73, 0.01, 154.94, -62.53);
insert into SHOT values (1966, 2025, 2031, 5923, 1.25, 141.03, 62.70, 1.25, 141.34, 62.56, 0.00, 187.41, -10.19);
insert into SHOT values (1967, 2025, 2032, 5923, 0.50, 265.83, 67.50, 0.50, 263.99, 67.45, 0.01, 172.19, -17.51);
insert into SHOT values (1968, 2025, 2033, 5923, 1.89, 234.43, 82.30, 1.89, 234.46, 82.14, 0.01, 236.09, -31.44);
insert into SHOT values (1969, 2025, 2034, 5923, 5.20, 191.83, -8.60, 5.20, 191.90, -8.63, 0.01, 291.57, -21.08);
insert into SHOT values (1970, 2025, 2035, 5923, 1.06, 184.03, -2.80, 1.06, 184.32, -3.23, 0.01, 235.10, -50.44);
insert into SHOT values (1971, 2025, 2036, 5923, 0.92, 204.43, 19.60, 0.92, 204.50, 19.06, 0.01, 239.26, -78.29);
insert into SHOT values (1972, 2025, 2037, 5923, 7.80, 22.73, 50.60, 7.80, 22.68, 50.55, 0.01, 319.91, -56.90);
insert into SHOT values (1973, 2037, 2038, 5923, 0.46, 286.93, 0.40, 0.46, 286.46, 1.25, 0.01, 179.27, 59.74);
insert into SHOT values (1974, 2037, 2039, 5923, 13.95, 199.53, -51.50, 13.95, 199.50, -51.47, 0.01, 149.74, 48.66);
insert into SHOT values (1975, 2037, 2040, 5923, 5.63, 205.83, -49.60, 5.63, 205.79, -49.51, 0.01, 180.86, 52.71);
insert into SHOT values (1976, 2037, 2041, 5923, 3.23, 217.03, -32.70, 3.23, 217.08, -32.61, 0.01, 267.39, 58.60);
insert into SHOT values (1977, 2037, 2042, 5923, 1.55, 220.93, -30.60, 1.55, 220.74, -30.65, 0.00, 116.77, -12.19);
insert into SHOT values (1978, 2037, 2043, 5923, 1.11, 233.43, -28.10, 1.11, 232.90, -28.00, 0.01, 135.98, 17.03);
insert into SHOT values (1979, 2037, 2044, 5923, 0.52, 256.53, -21.30, 0.52, 255.68, -21.39, 0.01, 170.83, -8.70);
insert into SHOT values (1980, 2037, 2045, 5923, 1.04, 176.33, -41.10, 1.04, 176.38, -40.66, 0.01, 181.07, 24.91);
insert into SHOT values (1981, 2037, 2046, 5923, 1.50, 185.83, -44.90, 1.50, 185.92, -44.85, 0.00, 214.45, -18.22);
insert into SHOT values (1982, 2037, 2047, 5923, 2.84, 187.53, -49.90, 2.84, 187.51, -49.77, 0.01, 182.10, 20.16);
insert into SHOT values (1983, 2037, 2048, 5923, 0.87, 339.03, -7.50, 0.86, 338.82, -7.31, 0.01, 193.72, 32.45);
insert into SHOT values (1984, 2037, 2049, 5923, 2.36, 350.23, -10.50, 2.35, 350.29, -10.53, 0.01, 151.45, 0.56);
insert into SHOT values (1985, 2037, 2050, 5923, 3.00, 1.13, -2.60, 2.99, 1.15, -2.49, 0.01, 172.51, 43.65);
insert into SHOT values (1986, 2037, 2051, 5923, 4.32, 6.53, 9.40, 4.32, 6.61, 9.47, 0.01, 129.70, 33.17);
insert into SHOT values (1987, 2037, 2052, 5923, 5.30, 11.33, 9.20, 5.29, 11.37, 9.24, 0.01, 168.26, 14.66);
insert into SHOT values (1988, 2037, 2053, 5923, 2.98, 15.63, 11.30, 2.98, 15.70, 11.43, 0.01, 147.79, 51.08);
insert into SHOT values (1989, 2037, 2054, 5923, 1.84, 328.73, -43.90, 1.83, 328.59, -43.81, 0.01, 209.58, 57.64);
insert into SHOT values (1990, 2037, 2055, 5923, 4.14, 15.63, -40.10, 4.13, 15.62, -40.12, 0.01, 198.73, 33.21);
insert into SHOT values (1991, 2037, 2056, 5923, 4.66, 13.23, -47.80, 4.65, 13.32, -47.84, 0.01, 153.52, 15.11);
insert into SHOT values (1992, 2037, 2057, 5923, 6.23, 11.23, -55.90, 6.23, 11.25, -55.95, 0.01, 182.80, -11.35);
insert into SHOT values (1993, 2037, 2058, 5923, 7.71, 6.53, -62.10, 7.70, 6.53, -62.12, 0.01, 184.81, 41.45);
insert into SHOT values (1994, 2037, 2059, 5923, 7.98, 8.13, -67.50, 7.98, 8.10, -67.52, 0.00, 211.89, 34.91);
insert into SHOT values (1995, 2037, 2060, 5923, 0.66, 182.33, -76.60, 0.66, 180.00, -75.96, 0.01, 139.06, 12.08);
insert into SHOT values (1996, 2037, 2061, 5923, 0.75, 194.63, -62.30, 0.75, 194.83, -61.95, 0.01, 215.91, 50.78);
insert into SHOT values (1997, 2037, 2062, 5923, 5.64, 13.73, 9.40, 5.63, 13.74, 9.40, 0.01, 188.48, -12.34);
insert into SHOT values (1998, 2062, 2063, 5923, 0.57, 110.83, 0.70, 0.57, 110.67, 1.01, 0.00, 314.85, 38.56);
insert into SHOT values (1999, 2062, 2064, 5923, 1.90, 134.83, 74.20, 1.90, 134.22, 74.25, 0.01, 33.37, 17.50);
insert into SHOT values (2000, 2062, 2065, 5923, 0.93, 108.93, -70.80, 0.92, 109.03, -70.58, 0.01, 137.94, 82.82);
insert into SHOT values (2001, 2062, 2066, 5923, 2.73, 205.63, -12.30, 2.72, 205.60, -12.29, 0.01, 38.24, 14.26);
insert into SHOT values (2002, 2062, 2067, 5923, 3.38, 188.83, -7.60, 3.38, 188.76, -7.48, 0.01, 82.29, 57.97);
insert into SHOT values (2003, 2062, 2068, 5923, 3.28, 30.93, 2.90, 3.28, 31.02, 2.97, 0.01, 89.35, 33.15);
insert into SHOT values (2004, 2068, 2069, 5923, 3.28, 40.23, 9.40, 3.28, 40.24, 9.48, 0.00, 182.67, 83.74);
insert into SHOT values (2005, 2068, 2070, 5923, 0.59, 283.33, 8.30, 0.59, 282.85, 7.79, 0.01, 202.49, -45.97);
insert into SHOT values (2006, 2068, 2071, 5923, 1.18, 276.13, 64.50, 1.18, 275.60, 64.20, 0.01, 229.02, -37.87);
insert into SHOT values (2007, 2068, 2072, 5923, 0.65, 271.43, -52.40, 0.66, 271.43, -52.42, 0.01, 271.52, -54.84);
insert into SHOT values (2008, 2068, 2073, 5923, 0.47, 263.53, -62.80, 0.47, 264.81, -62.26, 0.01, 302.76, -14.26);
insert into SHOT values (2009, 2068, 2074, 5923, 1.41, 343.63, 32.20, 1.41, 343.39, 32.23, 0.01, 218.19, -12.58);
insert into SHOT values (2010, 2068, 2075, 5923, 1.70, 19.13, 34.90, 1.70, 18.82, 34.82, 0.01, 291.58, -19.52);
insert into SHOT values (2011, 2068, 2076, 5923, 3.97, 4.13, 25.20, 3.97, 3.99, 25.22, 0.01, 252.15, -2.13);
insert into SHOT values (2012, 2076, 2077, 5923, 3.95, 6.53, 25.80, 3.96, 6.61, 25.76, 0.01, 38.84, 5.46);
insert into SHOT values (2013, 2076, 2078, 5923, 0.46, 115.63, -0.90, 0.47, 115.46, -1.23, 0.01, 101.05, -27.12);
insert into SHOT values (2014, 2076, 2079, 5923, 0.86, 82.73, -79.50, 0.87, 82.87, -79.26, 0.01, 87.84, -44.11);
insert into SHOT values (2015, 2076, 2080, 5923, 0.47, 110.23, 81.60, 0.47, 105.95, 81.01, 0.01, 56.13, -36.43);
insert into SHOT values (2016, 2076, 2081, 5923, 4.10, 24.33, -7.60, 4.11, 24.36, -7.55, 0.01, 38.67, 14.12);
insert into SHOT values (2017, 2081, 2082, 5923, 0.78, 288.53, -2.50, 0.78, 287.97, -2.94, 0.01, 188.51, -37.64);
insert into SHOT values (2018, 2081, 2083, 5923, 0.90, 314.83, -86.80, 0.90, 306.87, -86.82, 0.01, 218.89, -11.40);
insert into SHOT values (2019, 2081, 2084, 5923, 1.64, 278.03, 75.50, 1.64, 276.95, 75.44, 0.01, 204.79, 15.41);
insert into SHOT values (2020, 2081, 2085, 5923, 0.78, 350.43, 13.90, 0.77, 350.04, 14.19, 0.01, 211.99, 18.56);
insert into SHOT values (2021, 2081, 2086, 5923, 1.38, 229.63, 4.90, 1.38, 229.71, 4.98, 0.00, 283.08, 40.40);
insert into SHOT values (2022, 2081, 2087, 5923, 0.72, 181.53, -4.50, 0.72, 181.59, -4.76, 0.00, 198.30, -53.38);
insert into SHOT values (2023, 2081, 2088, 5923, 5.43, 202.63, 8.70, 5.44, 202.65, 8.67, 0.01, 218.43, -10.35);
insert into SHOT values (2024, 2081, 2089, 5923, 3.02, 13.03, -2.90, 3.01, 13.07, -3.04, 0.01, 180.58, -40.44);
insert into SHOT values (2025, 2089, 2090, 5923, 3.01, 12.93, -1.40, 3.02, 12.84, -1.33, 0.01, 334.87, 23.97);
insert into SHOT values (2026, 2089, 2091, 5923, 0.49, 122.83, 1.80, 0.49, 122.38, 2.36, 0.01, 344.54, 38.77);
insert into SHOT values (2027, 2089, 2092, 5923, 0.89, 119.83, 70.60, 0.89, 118.30, 70.63, 0.01, 26.69, 3.85);
insert into SHOT values (2028, 2089, 2093, 5923, 0.97, 83.73, 79.20, 0.98, 83.66, 79.32, 0.01, 282.83, 84.51);
insert into SHOT values (2029, 2089, 2094, 5923, 1.57, 105.23, -70.00, 1.57, 105.07, -69.88, 0.01, 60.47, 67.77);
insert into SHOT values (2030, 2089, 2095, 5923, 1.91, 191.13, 0.40, 1.91, 191.19, 0.60, 0.01, 342.49, 57.68);
insert into SHOT values (2031, 2089, 2096, 5923, 1.57, 197.13, 3.50, 1.56, 197.16, 3.67, 0.01, 11.97, 28.31);
insert into SHOT values (2032, 2089, 2097, 5923, 0.80, 199.33, 5.90, 0.80, 199.12, 6.47, 0.01, 75.30, 65.52);
insert into SHOT values (2033, 2089, 2098, 5923, 1.07, 176.83, 60.30, 1.07, 176.70, 60.75, 0.01, 4.26, 3.45);
insert into SHOT values (2034, 2089, 2099, 5923, 6.53, 26.43, -29.50, 6.53, 26.43, -29.45, 0.01, 14.36, 82.85);
insert into SHOT values (2035, 2089, 2100, 5923, 6.53, 26.33, -29.50, 6.53, 26.29, -29.44, 0.01, 351.45, 41.10);
insert into SHOT values (2036, 2100, 2101, 5923, 2.64, 286.83, 52.50, 2.64, 286.63, 52.44, 0.01, 197.79, -38.39);
insert into SHOT values (2037, 2100, 2102, 5923, 3.38, 9.63, 53.20, 3.38, 9.70, 53.32, 0.01, 168.50, 29.30);
insert into SHOT values (2038, 2100, 2103, 5923, 4.99, 343.23, 75.50, 4.99, 343.17, 75.57, 0.01, 175.78, -9.54);
insert into SHOT values (2039, 2100, 2104, 5923, 3.78, 274.63, 82.60, 3.78, 274.76, 82.68, 0.01, 82.52, 15.62);
insert into SHOT values (2040, 2100, 2105, 5923, 3.85, 223.83, 77.40, 3.85, 223.56, 77.38, 0.01, 158.56, 31.41);
insert into SHOT values (2041, 2100, 2106, 5923, 0.21, 56.23, 41.70, 0.21, 55.30, 41.52, 0.00, 353.17, 6.00);
insert into SHOT values (2042, 2100, 2107, 5923, 0.82, 286.63, 38.40, 0.82, 286.19, 38.31, 0.01, 227.29, 6.49);
insert into SHOT values (2043, 2100, 2108, 5923, 3.13, 16.23, 3.90, 3.13, 16.17, 3.85, 0.00, 301.01, -40.91);
insert into SHOT values (2044, 2100, 2109, 5923, 3.04, 16.23, 4.00, 3.04, 16.28, 3.96, 0.00, 126.26, -35.32);
insert into SHOT values (2045, 2109, 2110, 5923, 0.45, 284.43, -1.70, 0.45, 284.04, -1.26, 0.01, 244.45, 34.54);
insert into SHOT values (2046, 2109, 2111, 5923, 0.60, 240.53, -66.70, 0.60, 240.26, -66.26, 0.00, 226.12, 12.84);
insert into SHOT values (2047, 2109, 2112, 5923, 0.37, 119.53, -4.60, 0.37, 119.36, -4.67, 0.00, 333.37, -9.28);
insert into SHOT values (2048, 2109, 2113, 5923, 1.35, 164.73, 4.40, 1.35, 164.93, 4.67, 0.01, 251.55, 53.76);
insert into SHOT values (2049, 2109, 2114, 5923, 1.49, 179.33, 7.40, 1.49, 179.23, 7.31, 0.00, 132.35, -27.08);
insert into SHOT values (2050, 2109, 2115, 5923, 2.70, 14.93, -21.40, 2.70, 14.98, -21.29, 0.01, 65.74, 64.17);
insert into SHOT values (2051, 2109, 2116, 5923, 2.61, 15.03, -21.50, 2.62, 15.01, -21.53, 0.01, 2.51, -36.12);
insert into SHOT values (2052, 2116, 2117, 5923, 0.47, 115.53, 15.20, 0.47, 116.00, 15.91, 0.01, 170.79, 55.96);
insert into SHOT values (2053, 2116, 2118, 5923, 2.58, 340.03, 83.30, 2.59, 338.55, 83.32, 0.01, 247.98, 44.44);
insert into SHOT values (2054, 2116, 2119, 5923, 0.70, 53.63, 66.10, 0.70, 55.18, 66.36, 0.01, 168.64, 0.15);
insert into SHOT values (2055, 2116, 2120, 5923, 0.88, 108.03, -32.60, 0.87, 108.19, -32.53, 0.01, 263.97, 39.61);
insert into SHOT values (2056, 2116, 2121, 5923, 0.63, 125.73, -65.80, 0.63, 127.30, -65.15, 0.01, 177.75, 26.76);
insert into SHOT values (2057, 2116, 2122, 5923, 4.05, 31.13, -15.20, 4.04, 31.17, -15.19, 0.01, 186.29, 18.76);
insert into SHOT values (2058, 2122, 2123, 5923, 1.11, 292.93, 8.30, 1.11, 293.06, 8.29, 0.00, 37.56, -5.21);
insert into SHOT values (2059, 2122, 2124, 5923, 2.52, 333.73, 2.90, 2.53, 333.64, 2.95, 0.01, 297.15, 20.01);
insert into SHOT values (2060, 2122, 2125, 5923, 5.46, 348.33, 0.40, 5.46, 348.28, 0.42, 0.01, 297.41, 16.27);
insert into SHOT values (2061, 2122, 2126, 5923, 7.12, 358.73, -0.10, 7.12, 358.71, -0.08, 0.00, 306.75, 39.58);
insert into SHOT values (2062, 2122, 2127, 5923, 12.48, 10.63, -1.60, 12.48, 10.63, -1.61, 0.00, 236.60, -40.36);
insert into SHOT values (2063, 2122, 2128, 5923, 12.19, 14.53, -3.90, 12.19, 14.53, -3.91, 0.00, 208.67, -16.04);
insert into SHOT values (2064, 2122, 2129, 5923, 5.54, 21.73, -6.50, 5.54, 21.76, -6.43, 0.01, 148.22, 62.26);
insert into SHOT values (2065, 2122, 2130, 5923, 2.44, 201.43, 6.30, 2.44, 201.49, 6.34, 0.01, 237.74, 26.31);
insert into SHOT values (2066, 2122, 2131, 5923, 3.35, 211.23, 8.50, 3.35, 211.29, 8.59, 0.01, 325.21, 52.42);
insert into SHOT values (2067, 2122, 2132, 5923, 1.61, 226.53, 15.40, 1.61, 226.56, 15.45, 0.00, 238.34, 30.87);
insert into SHOT values (2068, 2122, 2133, 5923, 1.28, 244.43, 25.10, 1.29, 244.54, 25.31, 0.01, 273.55, 57.96);
insert into SHOT values (2069, 2122, 2134, 5923, 7.61, 4.13, -1.80, 7.61, 4.14, -1.81, 0.00, 30.00, -13.35);
insert into SHOT values (2070, 2134, 2135, 5923, 3.86, 88.03, -75.10, 3.86, 88.26, -75.13, 0.00, 205.41, 2.67);
insert into SHOT values (2071, 2134, 2136, 5923, 2.96, 103.13, -58.20, 2.96, 103.32, -58.10, 0.01, 169.99, 44.76);
insert into SHOT values (2072, 2134, 2137, 5923, 1.34, 104.03, 4.70, 1.34, 104.35, 4.72, 0.01, 222.30, 1.38);
insert into SHOT values (2073, 2134, 2138, 5923, 1.61, 66.93, 4.30, 1.60, 66.80, 4.29, 0.01, 277.41, -5.72);
insert into SHOT values (2074, 2134, 2139, 5923, 2.21, 44.23, 4.30, 2.21, 44.08, 4.42, 0.01, 277.27, 30.42);
insert into SHOT values (2075, 2134, 2140, 5923, 3.78, 32.83, 0.40, 3.78, 32.89, 0.46, 0.01, 173.88, 30.29);
insert into SHOT values (2076, 2134, 2141, 5923, 4.91, 21.83, 0.30, 4.90, 21.80, 0.35, 0.01, 216.98, 23.71);
insert into SHOT values (2077, 2134, 2142, 5923, 3.86, 22.23, 3.10, 3.86, 22.11, 3.12, 0.01, 284.65, 8.35);
insert into SHOT values (2078, 2134, 2143, 5923, 7.89, 188.13, -2.40, 7.90, 188.16, -2.40, 0.01, 219.03, 2.87);
insert into SHOT values (2079, 2134, 2144, 5923, 6.50, 181.03, -2.00, 6.50, 181.06, -1.94, 0.01, 211.60, 49.32);
insert into SHOT values (2080, 2134, 2145, 5923, 4.23, 165.83, -2.70, 4.23, 165.90, -2.71, 0.01, 232.82, -7.87);
insert into SHOT values (2081, 2134, 2146, 5923, 3.22, 152.73, -5.20, 3.22, 152.72, -5.17, 0.00, 64.46, 64.74);
insert into SHOT values (2082, 2134, 2147, 5923, 2.20, 165.63, -2.80, 2.20, 165.77, -2.61, 0.01, 255.58, 53.76);
insert into SHOT values (2083, 2134, 2148, 5923, 10.73, 190.83, 3.60, 10.73, 190.87, 3.63, 0.01, 255.63, 38.49);
insert into SHOT values (2084, 2134, 2149, 5923, 16.39, 334.83, 86.00, 16.39, 334.56, 86.01, 0.01, 218.35, -0.71);
insert into SHOT values (2085, 2149, 2150, 5923, 2.38, 186.43, -5.40, 2.38, 186.55, -5.31, 0.01, 314.56, 31.66);
insert into SHOT values (2086, 2149, 2151, 5923, 1.87, 151.93, 2.20, 1.87, 151.93, 2.45, 0.01, 146.84, 80.44);
insert into SHOT values (2087, 2149, 2152, 5923, 1.68, 124.83, 4.80, 1.67, 124.74, 4.80, 0.01, 326.01, -4.44);
insert into SHOT values (2088, 2149, 2153, 5923, 2.83, 93.93, 4.10, 2.83, 93.85, 4.25, 0.01, 47.75, 55.60);
insert into SHOT values (2089, 2149, 2154, 5923, 5.76, 26.23, 2.20, 5.76, 26.21, 2.29, 0.01, 233.15, 60.53);
insert into SHOT values (2090, 2149, 2155, 5923, 4.91, 37.23, 3.50, 4.91, 37.29, 3.50, 0.01, 113.01, 2.75);
insert into SHOT values (2091, 2149, 2156, 5923, 3.44, 8.03, 3.10, 3.44, 8.04, 3.17, 0.00, 176.03, 72.14);
insert into SHOT values (2092, 2149, 2157, 5923, 3.94, 8.93, 4.60, 3.94, 8.93, 4.66, 0.00, 42.88, 84.01);
insert into SHOT values (2093, 2157, 2158, 5923, 3.95, 7.23, 10.20, 3.95, 7.23, 10.20, 0.00, 11.03, 8.59);
insert into SHOT values (2094, 2157, 2159, 5923, 2.45, 102.73, 3.40, 2.45, 102.73, 3.50, 0.01, 102.97, 45.88);
insert into SHOT values (2095, 2157, 2160, 5923, 4.30, 116.33, 2.10, 4.30, 116.27, 2.13, 0.01, 348.17, 21.55);
insert into SHOT values (2096, 2157, 2161, 5923, 4.09, 132.23, 3.80, 4.09, 132.22, 3.79, 0.00, 329.55, -17.23);
insert into SHOT values (2097, 2157, 2162, 5923, 4.59, 151.73, 6.50, 4.58, 151.69, 6.51, 0.01, 1.00, 3.45);
insert into SHOT values (2098, 2157, 2163, 5923, 4.82, 168.63, 0.60, 4.81, 168.62, 0.59, 0.01, 359.15, -5.24);
insert into SHOT values (2099, 2157, 2164, 5923, 3.04, 194.23, 5.10, 3.03, 194.17, 5.11, 0.01, 41.02, -2.05);
insert into SHOT values (2100, 2157, 2165, 5923, 2.49, 211.63, 10.90, 2.49, 211.61, 10.89, 0.00, 51.64, -15.97);
insert into SHOT values (2101, 2157, 2166, 5923, 2.62, 242.33, 12.70, 2.62, 242.23, 12.79, 0.01, 130.94, 39.82);
insert into SHOT values (2102, 2157, 2167, 5923, 1.88, 290.83, -0.70, 1.88, 290.84, -0.61, 0.00, 296.23, 41.37);
insert into SHOT values (2103, 2157, 2168, 5923, 2.12, 312.93, 5.10, 2.12, 312.89, 5.13, 0.00, 293.83, 19.71);
insert into SHOT values (2104, 2157, 2169, 5923, 2.75, 334.63, 5.20, 2.75, 334.74, 5.21, 0.01, 31.89, 6.80);
insert into SHOT values (2105, 2157, 2170, 5923, 6.03, 359.43, 8.00, 6.03, 359.42, 8.01, 0.00, 215.49, 32.05);
insert into SHOT values (2106, 2157, 2171, 5923, 11.20, 10.63, 6.90, 11.20, 10.62, 6.92, 0.01, 326.68, 62.11);
insert into SHOT values (2107, 2157, 2172, 5923, 24.20, 17.03, 4.50, 24.20, 17.04, 4.50, 0.00, 55.59, 15.55);
insert into SHOT values (2108, 2157, 2173, 5923, 23.09, 19.73, 3.60, 23.09, 19.73, 3.60, 0.00, 180.47, 6.73);
insert into SHOT values (2109, 2157, 2174, 5923, 7.97, 23.23, 3.40, 7.97, 23.25, 3.38, 0.00, 116.40, -52.77);
insert into SHOT values (2110, 2157, 2175, 5923, 4.02, 29.63, 2.80, 4.02, 29.57, 2.85, 0.01, 268.74, 34.96);
insert into SHOT values (2111, 2157, 2176, 5923, 3.29, 35.13, 2.80, 3.29, 35.09, 2.79, 0.00, 338.93, -14.77);
insert into SHOT values (2112, 2157, 2177, 5923, 2.33, 54.63, 2.90, 2.33, 54.61, 2.95, 0.00, 38.86, 28.49);
insert into SHOT values (2113, 2157, 2178, 5923, 2.34, 92.53, 6.80, 2.34, 92.47, 6.88, 0.00, 334.09, 45.23);
insert into SHOT values (2114, 2157, 2179, 5923, 3.99, 306.13, 57.70, 3.99, 306.22, 57.68, 0.00, 35.04, -36.66);
insert into SHOT values (2115, 2157, 2180, 5923, 3.15, 324.03, 83.30, 3.15, 323.75, 83.22, 0.01, 301.69, 17.25);
insert into SHOT values (2116, 2157, 2181, 5923, 13.99, 77.33, 73.00, 13.99, 77.29, 73.00, 0.00, 346.64, 23.18);
insert into SHOT values (2117, 2157, 2182, 5923, 6.63, 99.23, 60.40, 6.62, 99.15, 60.40, 0.01, 335.64, -38.98);
insert into SHOT values (2118, 2157, 2183, 5923, 5.14, 110.83, 42.00, 5.14, 110.85, 42.00, 0.00, 182.57, 22.33);
insert into SHOT values (2119, 2157, 2184, 5923, 4.36, 117.63, 23.60, 4.36, 117.59, 23.66, 0.01, 6.27, 56.39);
insert into SHOT values (2120, 2157, 2185, 5923, 4.05, 124.13, 1.80, 4.05, 124.12, 1.84, 0.00, 329.95, 61.73);
insert into SHOT values (2121, 2157, 2186, 5923, 4.15, 120.63, -21.20, 4.15, 120.61, -21.19, 0.00, 28.37, 25.45);
insert into SHOT values (2122, 2157, 2187, 5923, 3.49, 347.83, -11.20, 3.49, 347.87, -11.22, 0.00, 25.97, -29.37);
insert into SHOT values (2123, 2187, 2188, 5923, 4.19, 50.43, -2.70, 4.18, 50.44, -2.74, 0.01, 226.11, -16.65);
insert into SHOT values (2124, 2187, 2189, 5923, 17.67, 30.33, 1.50, 17.66, 30.34, 1.49, 0.01, 182.55, -22.62);
insert into SHOT values (2125, 2187, 2190, 5923, 2.74, 102.93, 8.90, 2.74, 103.01, 9.02, 0.01, 158.74, 53.39);
insert into SHOT values (2126, 2187, 2191, 5923, 3.77, 133.33, 10.70, 3.77, 133.36, 10.71, 0.01, 293.98, 0.42);
insert into SHOT values (2127, 2187, 2192, 5923, 7.11, 145.23, 5.60, 7.11, 145.25, 5.65, 0.01, 297.37, 46.38);
insert into SHOT values (2128, 2187, 2193, 5923, 12.88, 62.63, 74.30, 12.88, 62.62, 74.32, 0.01, 246.54, 5.34);
insert into SHOT values (2129, 2187, 2194, 5923, 14.01, 123.03, 65.70, 14.01, 123.03, 65.72, 0.00, 307.29, 15.80);
insert into SHOT values (2130, 2187, 2195, 5923, 4.28, 51.73, -28.10, 4.28, 51.67, -28.04, 0.01, 291.32, 52.74);
insert into SHOT values (2131, 2195, 2196, 5923, 2.21, 291.63, 6.80, 2.21, 291.66, 6.76, 0.00, 355.13, -57.69);
insert into SHOT values (2132, 2195, 2197, 5923, 3.07, 316.53, 4.70, 3.07, 316.59, 4.68, 0.01, 96.48, -17.36);
insert into SHOT values (2133, 2195, 2198, 5923, 5.54, 350.33, -1.10, 5.54, 350.33, -1.14, 0.00, 137.04, -83.60);
insert into SHOT values (2134, 2195, 2199, 5923, 9.59, 2.93, -0.90, 9.58, 2.93, -0.90, 0.01, 183.23, 5.76);
insert into SHOT values (2135, 2195, 2200, 5923, 10.32, 182.83, 15.20, 10.32, 182.82, 15.16, 0.01, 148.89, -57.28);
insert into SHOT values (2136, 2195, 2201, 5923, 4.08, 227.33, 17.90, 4.07, 227.30, 17.87, 0.01, 73.56, -39.05);
insert into SHOT values (2137, 2195, 2202, 5923, 3.13, 241.73, 12.40, 3.13, 241.67, 12.37, 0.00, 132.42, -33.17);
insert into SHOT values (2138, 2195, 2203, 5923, 2.33, 261.63, 12.90, 2.32, 261.62, 12.93, 0.01, 85.46, -1.41);
insert into SHOT values (2139, 2195, 2204, 5923, 2.17, 277.93, 10.80, 2.17, 277.83, 10.64, 0.01, 164.12, -57.06);
insert into SHOT values (2140, 2195, 2205, 5923, 3.09, 25.93, -5.50, 3.09, 26.06, -5.58, 0.01, 140.75, -25.96);
insert into SHOT values (2141, 2205, 2206, 5923, 10.09, 5.03, -1.50, 10.09, 5.00, -1.48, 0.01, 296.85, 38.76);
insert into SHOT values (2142, 2205, 2207, 5923, 7.36, 1.63, -1.30, 7.36, 1.63, -1.32, 0.01, 6.26, -31.63);
insert into SHOT values (2143, 2205, 2208, 5923, 6.24, 353.33, 1.20, 6.24, 353.28, 1.19, 0.01, 302.97, -5.91);
insert into SHOT values (2144, 2205, 2209, 5923, 3.41, 326.03, -3.50, 3.42, 326.12, -3.53, 0.01, 13.64, -13.80);
insert into SHOT values (2145, 2205, 2210, 5923, 2.71, 310.13, -15.40, 2.72, 310.20, -15.37, 0.01, 338.15, -3.03);
insert into SHOT values (2146, 2205, 2211, 5923, 9.66, 350.43, -63.60, 9.66, 350.36, -63.56, 0.01, 307.33, 18.82);
insert into SHOT values (2147, 2205, 2212, 5923, 10.14, 358.33, -54.50, 10.15, 358.35, -54.50, 0.01, 19.44, -47.76);
insert into SHOT values (2148, 2205, 2213, 5923, 11.99, 0.83, -45.40, 11.99, 0.82, -45.40, 0.00, 314.06, -43.32);
insert into SHOT values (2149, 2205, 2214, 5923, 8.80, 359.53, -45.40, 8.80, 359.54, -45.41, 0.00, 23.51, -71.77);
insert into SHOT values (2150, 2205, 2215, 5923, 6.49, 339.13, -52.00, 6.49, 339.08, -51.92, 0.01, 314.28, 24.31);
insert into SHOT values (2151, 2205, 2216, 5923, 12.16, 302.33, 83.40, 12.16, 302.44, 83.40, 0.00, 20.82, 12.26);
insert into SHOT values (2152, 2205, 2217, 5923, 1.50, 34.03, 87.20, 1.50, 33.69, 87.25, 0.00, 234.27, 55.27);
insert into SHOT values (2153, 2205, 2218, 5923, 15.41, 307.63, 83.90, 15.41, 307.57, 83.89, 0.00, 272.93, -41.08);
insert into SHOT values (2154, 2205, 2219, 5923, 5.19, 199.43, 7.80, 5.19, 199.42, 7.75, 0.00, 145.71, -75.99);
insert into SHOT values (2155, 2205, 2220, 5923, 3.65, 236.63, 9.00, 3.65, 236.66, 8.99, 0.00, 14.84, -18.34);
insert into SHOT values (2156, 2205, 2221, 5923, 3.14, 265.43, 11.10, 3.14, 265.53, 11.03, 0.01, 15.11, -38.74);
insert into SHOT values (2157, 2205, 2222, 5923, 5.41, 249.43, -87.40, 5.41, 250.82, -87.42, 0.01, 357.87, 35.44);
insert into SHOT values (2158, 2222, 2223, 5923, 2.16, 92.23, 14.70, 2.16, 92.19, 14.48, 0.01, 59.56, -71.91);
insert into SHOT values (2159, 2222, 2224, 5923, 2.34, 73.73, 21.10, 2.33, 73.73, 21.10, 0.01, 254.47, -22.03);
insert into SHOT values (2160, 2222, 2225, 5923, 2.79, 58.83, 22.10, 2.78, 58.96, 22.15, 0.01, 193.25, 2.36);
insert into SHOT values (2161, 2222, 2226, 5923, 3.72, 47.03, 10.20, 3.72, 47.10, 10.08, 0.01, 169.65, -57.55);
insert into SHOT values (2162, 2222, 2227, 5923, 2.74, 63.73, -4.20, 2.74, 63.72, -4.19, 0.00, 323.15, 42.73);
insert into SHOT values (2163, 2227, 2228, 5923, 0.48, 29.63, -3.10, 0.47, 29.29, -3.65, 0.01, 226.50, -22.81);
insert into SHOT values (2164, 2227, 2229, 5923, 9.51, 13.93, -4.40, 9.51, 13.92, -4.40, 0.00, 223.04, -5.48);
insert into SHOT values (2165, 2227, 2230, 5923, 2.13, 19.03, -4.90, 2.12, 19.03, -5.13, 0.01, 198.01, -50.96);
insert into SHOT values (2166, 2227, 2231, 5923, 3.58, 16.33, -4.80, 3.58, 16.30, -4.81, 0.00, 221.78, -5.27);
insert into SHOT values (2167, 2227, 2232, 5923, 3.56, 358.33, -4.40, 3.55, 358.22, -4.52, 0.01, 219.67, -33.50);
insert into SHOT values (2168, 2227, 2233, 5923, 1.87, 341.53, -3.50, 1.87, 341.57, -3.68, 0.01, 106.48, -77.06);
insert into SHOT values (2169, 2227, 2234, 5923, 1.44, 337.53, -1.00, 1.44, 337.53, -1.19, 0.00, 152.33, -83.59);
insert into SHOT values (2170, 2227, 2235, 5923, 7.08, 6.03, -35.80, 7.08, 6.00, -35.86, 0.01, 260.75, -68.21);
insert into SHOT values (2171, 2235, 2236, 5923, 0.44, 108.53, 7.80, 0.44, 108.85, 7.88, 0.00, 246.42, 4.49);
insert into SHOT values (2172, 2235, 2237, 5923, 1.37, 112.33, 66.30, 1.38, 112.38, 66.36, 0.01, 140.60, 79.84);
insert into SHOT values (2173, 2235, 2238, 5923, 6.85, 82.63, 83.00, 6.85, 83.13, 82.99, 0.01, 163.53, 8.18);
insert into SHOT values (2174, 2235, 2239, 5923, 2.03, 41.83, 86.40, 2.03, 45.00, 86.41, 0.01, 134.92, 29.62);
insert into SHOT values (2175, 2235, 2240, 5923, 0.49, 355.93, 8.00, 0.49, 356.42, 8.28, 0.01, 132.15, 16.82);
insert into SHOT values (2176, 2235, 2241, 5923, 0.19, 259.23, 6.80, 0.19, 257.47, 9.24, 0.01, 131.64, 46.39);
insert into SHOT values (2177, 2235, 2242, 5923, 1.17, 201.53, 1.70, 1.17, 201.53, 1.96, 0.01, 200.36, 66.81);
insert into SHOT values (2178, 2235, 2243, 5923, 4.31, 191.03, 1.70, 4.31, 190.97, 1.73, 0.01, 109.07, 25.01);
insert into SHOT values (2179, 2235, 2244, 5923, 2.30, 198.33, 1.30, 2.31, 198.20, 1.49, 0.01, 156.34, 44.54);
insert into SHOT values (2180, 2235, 2245, 5923, 3.06, 196.53, 2.20, 3.06, 196.54, 2.25, 0.00, 1.97, 61.91);
insert into SHOT values (2181, 2235, 2246, 5923, 0.66, 144.93, 15.40, 0.66, 144.57, 15.75, 0.01, 79.83, 46.59);
insert into SHOT values (2182, 2235, 2247, 5923, 5.61, 23.23, -2.90, 5.60, 23.27, -2.86, 0.01, 179.96, 24.13);
insert into SHOT values (2183, 2247, 2248, 5923, 2.91, 207.93, 11.70, 2.90, 207.92, 11.73, 0.01, 32.06, -0.71);
insert into SHOT values (2184, 2247, 2249, 5923, 3.71, 219.03, 9.40, 3.71, 219.00, 9.48, 0.01, 56.96, 34.36);
insert into SHOT values (2185, 2247, 2250, 5923, 4.50, 228.33, 11.60, 4.50, 228.31, 11.55, 0.01, 78.15, -59.04);
insert into SHOT values (2186, 2247, 2251, 5923, 3.28, 238.53, 14.40, 3.28, 238.66, 14.49, 0.01, 357.99, 26.87);
insert into SHOT values (2187, 2247, 2252, 5923, 1.77, 259.23, 20.20, 1.77, 259.23, 20.19, 0.00, 78.73, -31.58);
insert into SHOT values (2188, 2247, 2253, 5923, 1.86, 294.53, 19.40, 1.86, 294.66, 19.51, 0.01, 75.21, 19.26);
insert into SHOT values (2189, 2247, 2254, 5923, 2.44, 324.73, 7.70, 2.44, 324.93, 7.77, 0.01, 46.74, 19.90);
insert into SHOT values (2190, 2247, 2255, 5923, 2.00, 305.23, 2.00, 2.00, 305.44, 2.00, 0.01, 20.99, 1.55);
insert into SHOT values (2191, 2247, 2256, 5923, 7.38, 341.83, 1.90, 7.38, 341.84, 1.86, 0.01, 358.08, -68.93);
insert into SHOT values (2192, 2247, 2257, 5923, 8.24, 356.93, 4.40, 8.25, 356.93, 4.38, 0.01, 358.28, -19.63);
insert into SHOT values (2193, 2247, 2258, 5923, 4.24, 338.73, -57.30, 4.24, 338.80, -57.26, 0.01, 9.52, -20.02);
insert into SHOT values (2194, 2247, 2259, 5923, 5.78, 264.13, -80.40, 5.78, 264.64, -80.40, 0.01, 352.49, -6.23);
insert into SHOT values (2195, 2247, 2260, 5923, 7.51, 297.63, -85.10, 7.51, 297.76, -85.08, 0.00, 326.04, 40.34);
insert into SHOT values (2196, 2247, 2261, 5923, 2.31, 228.33, -57.40, 2.31, 228.60, -57.55, 0.01, 357.59, -27.94);
insert into SHOT values (2197, 2247, 2262, 5923, 2.34, 216.63, -37.70, 2.33, 216.62, -37.79, 0.01, 39.09, 7.44);
insert into SHOT values (2198, 2247, 2263, 5923, 3.43, 210.23, -14.40, 3.43, 210.19, -14.36, 0.00, 81.31, 47.53);
insert into SHOT values (2199, 2247, 2264, 5923, 2.98, 285.23, 77.70, 2.98, 285.57, 77.72, 0.00, 38.17, -21.29);
insert into SHOT values (2200, 2247, 2265, 5923, 4.93, 218.93, 64.20, 4.93, 219.12, 64.27, 0.01, 349.61, 8.75);
insert into SHOT values (2201, 2247, 2266, 5923, 2.82, 340.03, 33.70, 2.82, 340.10, 33.57, 0.01, 13.80, -42.50);
insert into SHOT values (2202, 2247, 2267, 5923, 6.50, 354.63, -2.40, 6.50, 354.61, -2.38, 0.01, 330.60, 24.49);
insert into SCRAPS values (5924, 5921, 'The_Aqueduct-1p', 1);
 insert into SCRAPS values (6045, 5921, 'the_aqueduct-p4', 1);
 insert into SCRAPS values (6135, 5921, 'the_aqueduct-p2', 1);
 insert into SCRAPS values (6174, 5921, 'the_aqueduct-p3', 1);
 insert into MAPS values (6264, 5921, 'm1p', NULL, 1, 183.190, 29.720);
 insert into MAPITEMS values (6264, 4, 5924);
 insert into MAPS values (6265, 5921, 'm2p', NULL, 1, 183.190, 29.720);
 insert into MAPITEMS values (6265, 4, 6135);
 insert into MAPS values (6266, 5921, 'm3p', NULL, 1, 183.190, 29.720);
 insert into MAPITEMS values (6266, 4, 6174);
 insert into MAPS values (6267, 5921, 'm4p', NULL, 1, 183.190, 29.720);
 insert into MAPITEMS values (6267, 4, 6045);
 insert into MAPS values (6268, 5921, 'mthe_aqueduct-p', NULL, 1, 183.190, 29.720);
 insert into MAPITEMS values (6268, 4, 6264);
 insert into MAPITEMS values (6268, 4, 6265);
 insert into MAPITEMS values (6268, 4, 6266);
 insert into MAPITEMS values (6268, 4, 6267);
 insert into SURVEY values (6273, 32, 'klic_globin', 'klic_globin.primadona.sistem_prima', 'Klic Globin');
 insert into CENTRELINE values (6274, 6273, NULL, NULL, NULL, 0.00, 0.00, 0.00);
 insert into CENTRELINE values (6275, 6273, NULL, '2018-07-27', NULL, 100.98, 0.00, 0.00);
 insert into TOPO values (32, 6275);
 insert into TOPO values (17, 6275);
 insert into TOPO values (29, 6275);
 insert into EXPLO values (32, 6275);
 insert into EXPLO values (17, 6275);
 insert into EXPLO values (29, 6275);
 insert into SHOT values (2203, 2268, 2269, 6275, 6.42, 104.33, -0.30, 6.42, 104.34, -0.27, 0.00, 190.06, 70.42);
insert into SHOT values (2204, 2268, 2270, 6275, 8.13, 68.53, 0.20, 8.13, 68.58, 0.21, 0.01, 144.17, 12.43);
insert into SHOT values (2205, 2268, 2271, 6275, 11.38, 31.53, 1.30, 11.37, 31.55, 1.31, 0.01, 174.15, 13.29);
insert into SHOT values (2206, 2268, 2272, 6275, 12.18, 353.13, -0.80, 12.18, 353.16, -0.80, 0.01, 100.28, 0.46);
insert into SHOT values (2207, 2268, 2273, 6275, 8.66, 325.63, -0.20, 8.65, 325.59, -0.20, 0.01, 186.48, 1.67);
insert into SHOT values (2208, 2268, 2274, 6275, 6.88, 141.23, 2.80, 6.89, 141.20, 2.83, 0.01, 110.16, 28.68);
insert into SHOT values (2209, 2268, 2275, 6275, 6.30, 176.33, 23.40, 6.30, 176.33, 23.38, 0.00, 266.92, -81.22);
insert into SHOT values (2210, 2268, 2276, 6275, 4.43, 212.43, 16.60, 4.43, 212.31, 16.65, 0.01, 135.43, 25.33);
insert into SHOT values (2211, 2268, 2277, 6275, 3.38, 221.23, 14.30, 3.38, 221.04, 14.39, 0.01, 127.90, 25.30);
insert into SHOT values (2212, 2268, 2278, 6275, 4.48, 240.23, 10.90, 4.48, 240.11, 10.95, 0.01, 123.24, 15.65);
insert into SHOT values (2213, 2268, 2279, 6275, 4.73, 245.53, 7.90, 4.73, 245.40, 7.90, 0.01, 155.37, -0.64);
insert into SHOT values (2214, 2268, 2280, 6275, 8.55, 268.83, 0.60, 8.54, 268.79, 0.60, 0.01, 123.40, 2.88);
insert into SHOT values (2215, 2268, 2281, 6275, 12.15, 286.53, -2.10, 12.15, 286.51, -2.08, 0.01, 177.79, 51.67);
insert into SHOT values (2216, 2268, 2282, 6275, 6.46, 105.43, 27.90, 6.46, 105.42, 27.85, 0.01, 100.59, -22.85);
insert into SHOT values (2217, 2268, 2283, 6275, 39.97, 73.63, 82.10, 39.97, 73.71, 82.10, 0.01, 186.00, -4.42);
insert into SHOT values (2218, 2268, 2284, 6275, 14.67, 210.03, 53.70, 14.67, 209.99, 53.70, 0.01, 97.73, -25.85);
insert into SHOT values (2219, 2268, 2285, 6275, 11.06, 144.63, 63.00, 11.07, 144.63, 62.98, 0.01, 149.72, 39.54);
insert into SHOT values (2220, 2268, 2286, 6275, 27.23, 82.63, 73.30, 27.23, 82.66, 73.30, 0.00, 182.04, -20.47);
insert into SHOT values (2221, 2268, 2287, 6275, 16.79, 39.63, 50.40, 16.79, 39.65, 50.41, 0.01, 126.33, 31.45);
insert into SHOT values (2222, 2268, 2288, 6275, 18.46, 20.53, 45.80, 18.46, 20.56, 45.79, 0.01, 109.20, -29.04);
insert into SHOT values (2223, 2268, 2289, 6275, 8.14, 267.13, 3.40, 8.13, 267.11, 3.38, 0.01, 117.47, -24.09);
insert into SHOT values (2224, 2268, 2290, 6275, 9.91, 277.23, -1.70, 9.90, 277.20, -1.68, 0.01, 132.20, 23.13);
insert into SHOT values (2225, 2268, 2291, 6275, 11.04, 286.03, -0.60, 11.04, 285.99, -0.62, 0.01, 178.09, -28.68);
insert into SHOT values (2226, 2268, 2292, 6275, 11.94, 293.83, 1.00, 11.94, 293.82, 1.01, 0.00, 168.08, 28.61);
insert into SHOT values (2227, 2268, 2293, 6275, 12.10, 300.63, -1.20, 12.10, 300.61, -1.18, 0.00, 185.49, 47.46);
insert into SHOT values (2228, 2268, 2294, 6275, 11.73, 307.83, -1.70, 11.73, 307.83, -1.71, 0.00, 127.85, -59.25);
insert into SHOT values (2229, 2268, 2295, 6275, 8.14, 310.13, -1.80, 8.14, 310.11, -1.83, 0.01, 166.86, -49.40);
insert into SHOT values (2230, 2268, 2296, 6275, 8.85, 324.23, -2.20, 8.85, 324.21, -2.20, 0.01, 184.74, -2.98);
insert into SHOT values (2231, 2268, 2297, 6275, 9.58, 340.03, 0.00, 9.58, 340.03, 0.00, 0.00, 150.47, 0.00);
insert into SHOT values (2232, 2268, 2298, 6275, 10.38, 351.43, -0.20, 10.38, 351.46, -0.22, 0.01, 119.01, -24.64);
insert into SHOT values (2233, 2268, 2299, 6275, 13.56, 4.93, 0.50, 13.55, 4.95, 0.51, 0.01, 150.83, 8.84);
insert into SHOT values (2234, 2268, 2300, 6275, 14.42, 7.43, 1.60, 14.42, 7.46, 1.59, 0.01, 117.58, -19.60);
insert into SHOT values (2235, 2268, 2301, 6275, 10.96, 298.93, -1.30, 10.96, 298.93, -1.31, 0.00, 146.26, -86.35);
insert into SHOT values (2236, 2301, 2302, 6275, 10.95, 295.23, 2.50, 10.94, 295.23, 2.51, 0.01, 113.30, 19.44);
insert into SHOT values (2237, 2301, 2303, 6275, 2.31, 248.33, -0.60, 2.31, 248.11, -0.50, 0.01, 136.61, 23.58);
insert into SHOT values (2238, 2301, 2304, 6275, 1.81, 252.03, 44.40, 1.81, 251.99, 44.48, 0.00, 174.39, 74.77);
insert into SHOT values (2239, 2301, 2305, 6275, 1.77, 7.73, 89.80, 1.77, 90.00, 90.00, 0.01, 187.73, 0.10);
insert into SHOT values (2240, 2301, 2306, 6275, 1.62, 67.73, 28.10, 1.62, 67.90, 27.90, 0.01, 102.06, -21.44);
insert into SHOT values (2241, 2301, 2307, 6275, 2.97, 70.33, -7.70, 2.98, 70.40, -7.72, 0.01, 95.33, -13.48);
insert into SHOT values (2242, 2301, 2308, 6275, 2.82, 203.23, 10.70, 2.82, 203.14, 10.82, 0.01, 142.03, 54.31);
insert into SHOT values (2243, 2301, 2309, 6275, 3.01, 173.63, 18.40, 3.01, 173.57, 18.39, 0.00, 116.92, -1.76);
insert into SHOT values (2244, 2301, 2310, 6275, 7.02, 166.33, 1.80, 7.02, 166.32, 1.80, 0.00, 146.21, -10.38);
insert into SHOT values (2245, 2301, 2311, 6275, 4.23, 182.53, -2.50, 4.24, 182.44, -2.43, 0.01, 141.88, 23.56);
insert into SHOT values (2246, 2301, 2312, 6275, 8.90, 135.43, -5.00, 8.91, 135.41, -4.96, 0.01, 117.84, 33.19);
insert into SHOT values (2247, 2301, 2313, 6275, 17.43, 110.13, -3.80, 17.43, 110.14, -3.78, 0.01, 174.78, 44.37);
insert into SHOT values (2248, 2301, 2314, 6275, 2.14, 133.03, 21.10, 2.15, 133.18, 21.04, 0.01, 176.28, -2.93);
insert into SHOT values (2249, 2301, 2315, 6275, 5.53, 325.43, 23.30, 5.53, 325.43, 23.34, 0.00, 135.90, 41.77);
insert into SHOT values (2250, 2315, 2316, 6275, 1.75, 189.73, -1.20, 1.75, 189.52, -1.31, 0.01, 134.54, -22.99);
insert into SHOT values (2251, 2315, 2317, 6275, 1.59, 230.83, 39.90, 1.59, 230.68, 40.01, 0.01, 85.09, 0.96);
insert into SHOT values (2252, 2315, 2318, 6275, 3.57, 295.23, 37.00, 3.57, 295.13, 37.03, 0.01, 188.86, 16.10);
insert into SHOT values (2253, 2315, 2319, 6275, 5.73, 312.23, 37.80, 5.73, 312.22, 37.81, 0.00, 138.37, -26.75);
insert into SHOT values (2254, 2315, 2320, 6275, 10.04, 314.93, 42.50, 10.04, 314.95, 42.48, 0.00, 17.96, -49.17);
insert into SHOT values (2255, 2315, 2321, 6275, 6.87, 324.83, 20.20, 6.87, 324.86, 20.19, 0.00, 94.39, -28.99);
insert into SHOT values (2256, 2315, 2322, 6275, 9.19, 342.33, 20.60, 9.18, 342.32, 20.59, 0.01, 167.48, -27.46);
insert into SHOT values (2257, 2315, 2323, 6275, 5.44, 342.63, 2.90, 5.43, 342.63, 2.85, 0.01, 157.29, -42.79);
insert into SHOT values (2258, 2315, 2324, 6275, 7.74, 6.73, 3.90, 7.74, 6.77, 3.93, 0.01, 78.36, 33.19);
insert into SHOT values (2259, 2315, 2325, 6275, 6.25, 19.83, 4.20, 6.25, 19.89, 4.22, 0.01, 122.78, 18.37);
insert into SHOT values (2260, 2315, 2326, 6275, 3.65, 44.63, -3.40, 3.65, 44.67, -3.46, 0.00, 172.73, -48.70);
insert into SHOT values (2261, 2315, 2327, 6275, 4.67, 39.93, -18.40, 4.67, 39.97, -18.33, 0.01, 72.39, 33.29);
insert into SHOT values (2262, 2315, 2328, 6275, 3.27, 68.63, -5.10, 3.27, 68.79, -5.08, 0.01, 135.11, 3.99);
insert into SHOT values (2263, 2315, 2329, 6275, 7.21, 346.43, 16.00, 7.20, 346.47, 16.04, 0.01, 138.09, 15.43);
insert into SHOT values (2264, 2329, 2330, 6275, 5.72, 305.43, 64.70, 5.72, 305.37, 64.62, 0.01, 290.20, -8.88);
insert into SHOT values (2265, 2329, 2331, 6275, 9.59, 221.83, 50.70, 9.59, 221.93, 50.69, 0.01, 303.74, -5.82);
insert into SHOT values (2266, 2329, 2332, 6275, 9.28, 213.13, 35.30, 9.28, 213.14, 35.29, 0.00, 341.85, -41.90);
insert into SHOT values (2267, 2329, 2333, 6275, 7.56, 199.53, 29.70, 7.55, 199.60, 29.69, 0.01, 331.61, -28.66);
insert into SHOT values (2268, 2329, 2334, 6275, 2.70, 187.13, 74.00, 2.69, 187.80, 74.12, 0.01, 317.89, -25.34);
insert into SHOT values (2269, 2329, 2335, 6275, 1.74, 130.13, 41.90, 1.74, 129.98, 41.92, 0.01, 357.00, -23.38);
insert into SHOT values (2270, 2329, 2336, 6275, 2.79, 55.43, -2.00, 2.79, 55.23, -2.05, 0.01, 322.79, -15.04);
insert into SHOT values (2271, 2268, 2337, 6275, 7.18, 24.63, -31.50, 7.18, 24.72, -31.49, 0.01, 119.80, 8.59);
insert into SHOT values (2272, 2337, 2338, 6275, 3.26, 328.43, -29.00, 3.26, 328.31, -28.96, 0.01, 276.21, 3.81);
insert into SHOT values (2273, 2338, 2339, 6275, 2.43, 186.73, -0.90, 2.43, 186.63, -0.94, 0.01, 57.43, -18.37);
insert into SHOT values (2274, 2268, 2340, 6275, 11.47, 80.73, 53.10, 11.47, 80.81, 53.09, 0.01, 161.83, -13.23);
insert into SHOT values (2275, 2340, 2341, 6275, 13.60, 219.93, 0.80, 13.60, 219.96, 0.80, 0.01, 345.83, 0.78);
insert into SHOT values (2276, 2340, 2342, 6275, 13.26, 247.13, 0.50, 13.26, 247.15, 0.52, 0.01, 320.21, 42.04);
insert into SHOT values (2277, 2340, 2343, 6275, 12.37, 271.23, 1.50, 12.37, 271.25, 1.53, 0.01, 30.18, 46.81);
insert into SHOT values (2278, 2340, 2344, 6275, 12.04, 299.03, 6.10, 12.04, 299.03, 6.10, 0.00, 292.92, 14.80);
insert into SHOT values (2279, 2340, 2345, 6275, 12.67, 324.33, 6.30, 12.68, 324.37, 6.30, 0.01, 22.12, -1.87);
insert into SHOT values (2280, 2340, 2346, 6275, 13.21, 339.03, 4.90, 13.21, 339.03, 4.91, 0.00, 76.51, 64.30);
insert into SHOT values (2281, 2340, 2347, 6275, 10.44, 356.03, 7.40, 10.44, 356.01, 7.43, 0.01, 302.83, 57.96);
insert into SHOT values (2282, 2340, 2348, 6275, 6.60, 353.83, 20.20, 6.60, 353.79, 20.20, 0.00, 294.63, 13.08);
insert into SHOT values (2283, 2340, 2349, 6275, 7.33, 157.33, 88.80, 7.33, 156.80, 88.81, 0.00, 26.74, 41.10);
insert into SHOT values (2284, 2349, 2350, 6275, 10.97, 207.73, -0.10, 10.97, 207.71, -0.10, 0.00, 86.10, -11.94);
insert into SHOT values (2285, 2349, 2351, 6275, 12.29, 238.63, 0.30, 12.28, 238.65, 0.33, 0.01, 21.16, 33.29);
insert into SHOT values (2286, 2349, 2352, 6275, 11.61, 269.43, -0.50, 11.61, 269.46, -0.49, 0.01, 350.24, 12.32);
insert into SHOT values (2287, 2349, 2353, 6275, 12.06, 294.13, -2.40, 12.06, 294.14, -2.38, 0.01, 324.08, 42.03);
insert into SHOT values (2288, 2349, 2354, 6275, 12.02, 280.73, -7.30, 12.02, 280.73, -7.32, 0.01, 80.72, -32.27);
insert into SHOT values (2289, 2349, 2355, 6275, 17.91, 253.63, -51.10, 17.91, 253.63, -51.11, 0.00, 75.40, -64.42);
insert into SHOT values (2290, 2349, 2356, 6275, 22.89, 267.73, -53.10, 22.88, 267.75, -53.10, 0.01, 29.94, 40.31);
insert into SHOT values (2291, 2349, 2357, 6275, 24.05, 287.03, -51.80, 24.05, 287.05, -51.80, 0.00, 8.90, -1.70);
insert into SHOT values (2292, 2349, 2358, 6275, 4.20, 15.23, -7.80, 4.20, 15.17, -7.79, 0.01, 329.20, 0.05);
insert into SHOT values (2293, 2349, 2359, 6275, 8.19, 352.83, -7.10, 8.20, 352.87, -7.08, 0.01, 36.27, 16.15);
insert into SHOT values (2294, 2349, 2360, 6275, 10.05, 347.73, -7.30, 10.05, 347.72, -7.32, 0.00, 236.52, -65.69);
insert into SHOT values (2295, 2349, 2361, 6275, 13.27, 329.83, -6.80, 13.27, 329.83, -6.80, 0.00, 119.58, 22.32);
insert into SHOT values (2296, 2349, 2362, 6275, 12.37, 342.03, -7.20, 12.38, 342.02, -7.19, 0.01, 332.76, 2.98);
insert into SHOT values (2297, 2349, 2363, 6275, 13.30, 329.63, 85.90, 13.30, 329.66, 85.90, 0.00, 117.32, 77.47);
insert into SHOT values (2298, 2363, 2364, 6275, 13.29, 0.73, 87.30, 13.28, 0.91, 87.28, 0.01, 27.07, -49.39);
insert into SHOT values (2299, 2363, 2365, 6275, 4.52, 354.43, -5.30, 4.52, 354.39, -5.33, 0.00, 281.20, -39.21);
insert into SHOT values (2300, 2363, 2366, 6275, 12.37, 331.03, -3.30, 12.37, 331.05, -3.29, 0.01, 17.63, 18.21);
insert into SHOT values (2301, 2363, 2367, 6275, 12.69, 310.63, -4.40, 12.69, 310.64, -4.43, 0.01, 63.92, -64.52);
insert into SHOT values (2302, 2363, 2368, 6275, 11.86, 282.93, -4.80, 11.86, 282.95, -4.84, 0.01, 348.95, -51.38);
insert into SHOT values (2303, 2363, 2369, 6275, 12.46, 197.23, -2.00, 12.46, 197.24, -2.02, 0.01, 332.46, -50.79);
insert into SHOT values (2304, 2363, 2370, 6275, 19.42, 208.13, -6.10, 19.42, 208.12, -6.12, 0.01, 98.26, -60.65);
insert into SHOT values (2305, 2363, 2371, 6275, 11.33, 226.03, -6.00, 11.33, 226.04, -6.03, 0.01, 348.04, -58.41);
insert into SHOT values (2306, 2363, 2372, 6275, 8.91, 242.73, -4.10, 8.91, 242.74, -4.12, 0.00, 342.79, -51.20);
insert into SHOT values (2307, 2363, 2373, 6275, 11.11, 258.03, -5.60, 11.11, 258.05, -5.63, 0.01, 315.72, -49.18);
insert into SHOT values (2308, 2363, 2374, 6275, 8.65, 271.83, 83.40, 8.65, 272.31, 83.42, 0.01, 24.06, -16.42);
insert into SHOT values (2309, 2374, 2375, 6275, 8.64, 253.33, 83.70, 8.64, 252.90, 83.68, 0.01, 192.36, 14.90);
insert into SHOT values (2310, 2374, 2376, 6275, 12.68, 338.43, 6.60, 12.68, 338.38, 6.61, 0.01, 247.29, 15.22);
insert into SHOT values (2311, 2374, 2377, 6275, 12.69, 324.93, 2.50, 12.69, 324.89, 2.48, 0.01, 220.84, -24.07);
insert into SHOT values (2312, 2374, 2378, 6275, 10.52, 307.13, 2.70, 10.52, 307.11, 2.72, 0.01, 213.15, 53.26);
insert into SHOT values (2313, 2374, 2379, 6275, 9.35, 289.73, 1.60, 9.35, 289.70, 1.59, 0.01, 204.38, -11.25);
insert into SHOT values (2314, 2374, 2380, 6275, 10.05, 248.73, 2.40, 10.06, 248.70, 2.39, 0.01, 202.61, -6.33);
insert into SHOT values (2315, 2374, 2381, 6275, 22.74, 198.43, -2.90, 22.74, 198.43, -2.90, 0.00, 193.23, 7.29);
insert into SHOT values (2316, 2374, 2382, 6275, 21.33, 212.43, -6.20, 21.34, 212.45, -6.19, 0.01, 261.46, 21.80);
insert into SHOT values (2317, 2374, 2383, 6275, 13.14, 227.53, -6.80, 13.14, 227.55, -6.82, 0.01, 271.27, -34.61);
insert into SHOT values (2318, 2374, 2384, 6275, 10.98, 245.23, -8.50, 10.98, 245.23, -8.48, 0.00, 31.35, 85.33);
insert into SHOT values (2319, 2374, 2385, 6275, 31.60, 219.73, -63.90, 31.61, 219.72, -63.89, 0.01, 209.73, -14.08);
insert into SHOT values (2320, 2374, 2386, 6275, 2.66, 168.33, 87.00, 2.66, 171.87, 86.96, 0.01, 245.82, 22.16);
insert into SHOT values (2321, 2386, 2387, 6275, 2.75, 118.23, 84.30, 2.74, 118.44, 84.29, 0.01, 218.43, -80.76);
insert into SHOT values (2322, 2386, 2388, 6275, 18.68, 195.73, -2.70, 18.68, 195.70, -2.70, 0.01, 85.22, -0.37);
insert into SHOT values (2323, 2386, 2389, 6275, 21.16, 211.83, -3.80, 21.16, 211.82, -3.82, 0.01, 104.85, -58.17);
insert into SHOT values (2324, 2386, 2390, 6275, 13.03, 230.23, -6.50, 13.03, 230.23, -6.52, 0.01, 10.62, -65.90);
insert into SHOT values (2325, 2386, 2391, 6275, 9.59, 256.73, -10.60, 9.59, 256.69, -10.64, 0.01, 142.33, -38.26);
insert into SHOT values (2326, 2386, 2392, 6275, 8.85, 353.93, -1.30, 8.85, 353.97, -1.29, 0.01, 72.05, 7.17);
insert into SHOT values (2327, 2386, 2393, 6275, 12.07, 331.23, -2.80, 12.07, 331.25, -2.80, 0.00, 44.02, -5.65);
insert into SHOT values (2328, 2386, 2394, 6275, 11.12, 310.93, -3.90, 11.12, 310.94, -3.92, 0.00, 45.38, -51.25);
insert into SHOT values (2329, 2386, 2395, 6275, 9.37, 295.23, -1.20, 9.36, 295.22, -1.22, 0.01, 122.24, -35.74);
insert into SHOT values (2330, 2386, 2396, 6275, 15.15, 218.03, 86.20, 15.14, 217.67, 86.22, 0.01, 83.97, -37.93);
insert into SHOT values (2331, 2386, 2397, 6275, 3.37, 252.43, 82.30, 3.37, 251.97, 82.29, 0.00, 172.82, 5.95);
insert into SHOT values (2332, 2397, 2398, 6275, 8.28, 80.33, 85.40, 8.28, 80.54, 85.36, 0.01, 106.20, -30.66);
insert into SHOT values (2333, 2397, 2399, 6275, 13.24, 209.23, 89.00, 13.23, 208.81, 89.01, 0.01, 59.72, -67.70);
insert into SHOT values (2334, 2399, 2400, 6275, 13.85, 249.73, 88.90, 13.85, 250.20, 88.90, 0.00, 344.60, 49.20);
insert into SHOT values (2335, 2399, 2401, 6275, 13.27, 248.53, 89.10, 13.27, 247.17, 89.11, 0.01, 133.00, 16.78);
insert into SHOT values (2336, 2399, 2402, 6275, 2.07, 16.83, 19.90, 2.07, 16.76, 20.08, 0.01, 228.73, 49.50);
insert into SHOT values (2337, 2402, 2403, 6275, 2.32, 170.13, 51.20, 2.32, 170.08, 51.27, 0.00, 19.07, 39.81);
insert into SCRAPS values (6276, 6273, 'klic_globin-p1', 1);
 insert into SCRAPS values (6508, 6273, 'klic_globin-p2', 1);
 insert into MAPS values (6519, 6273, 'mklic_globin-p', NULL, 1, 100.980, 65.480);
 insert into MAPITEMS values (6519, 4, 6276);
 insert into MAPITEMS values (6519, 4, 6508);
 insert into SURVEY values (6521, 32, 'deeper_than_most', 'deeper_than_most.primadona.sistem_prima', 'Tiger Tiger streamway');
 insert into CENTRELINE values (6522, 6521, NULL, NULL, NULL, 0.00, 0.00, 0.00);
 insert into SCRAPS values (6523, 6521, 'deeper_than_most-p1', 1);
 insert into MAPS values (6534, 6521, 'mdeeper_than_most-p', NULL, 1, 17.900, 16.440);
 insert into MAPITEMS values (6534, 4, 6523);
 insert into CENTRELINE values (6535, 6521, NULL, '2018-07-26', NULL, 17.90, 0.00, 0.00);
 insert into TOPO values (16, 6535);
 insert into PERSON values (35, 'Ben', 'Richards');
insert into TOPO values (35, 6535);
 insert into EXPLO values (16, 6535);
 insert into EXPLO values (35, 6535);
 insert into EXPLO values (34, 6535);
 insert into SHOT values (2338, 2404, 2405, 6535, 6.80, 318.53, -61.00, 6.80, 318.57, -61.03, 0.00, 92.35, -38.25);
insert into SHOT values (2339, 2405, 2406, 6535, 11.10, 240.53, -71.00, 11.10, 240.53, -70.97, 0.01, 242.71, 50.51);
insert into SURVEY values (6537, 32, 'tiger_tiger', 'tiger_tiger.primadona.sistem_prima', 'Tiger Tiger streamway');
 insert into CENTRELINE values (6538, 6537, NULL, NULL, NULL, 0.00, 0.00, 0.00);
 insert into SCRAPS values (6539, 6537, 'tiger_tiger-p1', 1);
 insert into MAPS values (6584, 6537, 'mtiger_tiger-p', NULL, 1, 60.520, 10.480);
 insert into MAPITEMS values (6584, 4, 6539);
 insert into CENTRELINE values (6585, 6537, NULL, '2018-07-22', NULL, 60.52, 0.00, 0.00);
 insert into TOPO values (2, 6585);
 insert into TOPO values (29, 6585);
 insert into EXPLO values (2, 6585);
 insert into EXPLO values (29, 6585);
 insert into SHOT values (2340, 2407, 2408, 6585, 3.73, 307.53, -17.00, 3.73, 307.48, -17.00, 0.00, 201.53, 10.47);
insert into SHOT values (2341, 2409, 2407, 6585, 9.52, 316.53, -6.00, 9.52, 316.50, -5.97, 0.01, 263.18, 40.73);
insert into SHOT values (2342, 2410, 2409, 6585, 5.27, 354.53, -13.00, 5.28, 354.53, -13.03, 0.01, 358.86, -27.97);
insert into SHOT values (2343, 2411, 2410, 6585, 5.69, 337.53, -9.00, 5.68, 337.59, -9.01, 0.01, 110.70, 0.72);
insert into SHOT values (2344, 2412, 2411, 6585, 2.30, 346.53, -2.00, 2.30, 346.39, -2.00, 0.01, 219.66, 2.22);
insert into SHOT values (2345, 2413, 2412, 6585, 5.05, 314.53, -8.00, 5.05, 314.59, -7.97, 0.01, 58.46, 24.58);
insert into SHOT values (2346, 2414, 2413, 6585, 5.62, 270.53, -16.00, 5.63, 270.53, -15.99, 0.01, 272.84, -6.59);
insert into SHOT values (2347, 2415, 2414, 6585, 6.00, 294.53, -5.00, 5.99, 294.55, -5.07, 0.01, 98.47, -41.64);
insert into SHOT values (2348, 2416, 2415, 6585, 4.10, 272.53, -9.00, 4.10, 272.54, -8.97, 0.00, 288.98, 16.49);
insert into SHOT values (2349, 2417, 2416, 6585, 2.92, 345.53, -8.00, 2.92, 345.58, -7.88, 0.01, 85.98, 66.89);
insert into SHOT values (2350, 2418, 2417, 6585, 4.37, 275.53, -9.00, 4.38, 275.58, -9.07, 0.01, 318.42, -47.64);
insert into SHOT values (2351, 2419, 2418, 6585, 2.45, 292.53, -45.00, 2.45, 292.42, -44.99, 0.00, 176.33, 33.08);
insert into SHOT values (2352, 2419, 2420, 6585, 3.50, 107.53, -21.00, 3.50, 107.44, -20.92, 0.01, 46.14, 36.70);
insert into SURVEY values (6587, 32, 'mouseleum', 'mouseleum.primadona.sistem_prima', 'mouseleum');
 insert into CENTRELINE values (6588, 6587, NULL, NULL, NULL, 0.00, 0.00, 0.00);
 insert into CENTRELINE values (6589, 6587, NULL, '2018-07-28', NULL, 109.13, 0.00, 0.00);
 insert into TOPO values (17, 6589);
 insert into TOPO values (25, 6589);
 insert into EXPLO values (33, 6589);
 insert into EXPLO values (17, 6589);
 insert into EXPLO values (25, 6589);
 insert into SHOT values (2353, 2421, 2422, 6589, 3.27, 173.53, 26.80, 3.27, 173.51, 26.73, 0.00, 81.27, -76.79);
insert into SHOT values (2354, 2422, 2423, 6589, 5.03, 131.63, 43.10, 5.03, 131.69, 43.16, 0.01, 267.42, 30.80);
insert into SHOT values (2355, 2423, 2424, 6589, 3.87, 359.33, 22.60, 3.87, 359.36, 22.65, 0.00, 143.72, 40.97);
insert into SHOT values (2356, 2424, 2425, 6589, 5.30, 155.53, 9.00, 5.30, 155.49, 8.91, 0.01, 18.82, -62.50);
insert into SHOT values (2357, 2425, 2426, 6589, 7.52, 130.93, 41.20, 7.52, 130.99, 41.25, 0.01, 236.39, 48.42);
insert into SHOT values (2358, 2426, 2427, 6589, 1.79, 192.43, -11.30, 1.78, 192.21, -11.31, 0.01, 61.79, 4.82);
insert into SHOT values (2359, 2427, 2428, 6589, 5.67, 164.33, -7.70, 5.67, 164.40, -7.71, 0.01, 269.94, -2.19);
insert into SHOT values (2360, 2428, 2429, 6589, 6.01, 325.43, 85.20, 6.01, 325.67, 85.26, 0.01, 127.37, 9.07);
insert into SHOT values (2361, 2429, 2430, 6589, 2.13, 210.83, 45.60, 2.13, 210.70, 45.60, 0.00, 94.34, -26.10);
insert into SHOT values (2362, 2430, 2431, 6589, 2.83, 176.63, 9.40, 2.83, 176.72, 9.35, 0.01, 236.07, -23.55);
insert into SHOT values (2363, 2431, 2432, 6589, 5.50, 185.33, 34.00, 5.50, 185.29, 34.04, 0.01, 89.92, 52.42);
insert into SHOT values (2364, 2432, 2433, 6589, 3.74, 354.03, 61.80, 3.74, 353.84, 61.72, 0.01, 290.17, -42.94);
insert into SHOT values (2365, 2433, 2434, 6589, 3.87, 195.43, 49.40, 3.87, 195.41, 49.39, 0.00, 180.10, 35.65);
insert into SHOT values (2366, 2434, 2435, 6589, 7.30, 159.13, 27.40, 7.30, 159.10, 27.42, 0.01, 9.27, 5.30);
insert into SHOT values (2367, 2435, 2436, 6589, 4.81, 260.73, -11.80, 4.81, 260.72, -11.75, 0.01, 246.15, 46.36);
insert into SHOT values (2368, 2436, 2437, 6589, 9.96, 265.73, 72.70, 9.96, 265.73, 72.72, 0.00, 80.24, 9.00);
insert into SHOT values (2369, 2437, 2438, 6589, 1.80, 226.13, -12.00, 1.80, 226.15, -12.18, 0.01, 286.68, -82.26);
insert into SHOT values (2370, 2438, 2439, 6589, 4.41, 239.13, 54.80, 4.41, 239.00, 54.76, 0.01, 161.31, -31.33);
insert into SHOT values (2371, 2439, 2440, 6589, 6.61, 0.23, 12.70, 6.61, 0.27, 12.75, 0.01, 67.74, 55.60);
insert into SHOT values (2372, 2440, 2441, 6589, 9.74, 190.43, 44.20, 9.74, 190.47, 44.18, 0.01, 246.73, -3.34);
insert into SHOT values (2373, 2440, 2442, 6589, 7.97, 10.93, -13.10, 7.97, 10.92, -13.13, 0.00, 221.68, -55.85);
insert into SCRAPS values (6590, 6587, 'mouseleum-p1', 1);
 insert into SCRAPS values (6692, 6587, 'mouseleum-p2', 1);
 insert into SCRAPS values (6761, 6587, 'mouseleum-p3', 1);
 insert into SCRAPS values (6805, 6587, 'mouseleum-p4', 1);
 insert into MAPS values (6839, 6587, 'm1p', NULL, 1, 109.130, 51.710);
 insert into MAPITEMS values (6839, 4, 6590);
 insert into MAPS values (6840, 6587, 'm2p', NULL, 1, 109.130, 51.710);
 insert into MAPITEMS values (6840, 4, 6692);
 insert into MAPS values (6841, 6587, 'm3p', NULL, 1, 109.130, 51.710);
 insert into MAPITEMS values (6841, 4, 6761);
 insert into MAPS values (6842, 6587, 'm4p', NULL, 1, 109.130, 51.710);
 insert into MAPITEMS values (6842, 4, 6805);
 insert into MAPS values (6843, 6587, 'mmouseleum-p', NULL, 1, 109.130, 51.710);
 insert into MAPITEMS values (6843, 4, 6839);
 insert into MAPITEMS values (6843, 4, 6840);
 insert into MAPITEMS values (6843, 4, 6841);
 insert into MAPITEMS values (6843, 4, 6842);
 insert into SURVEY values (6846, 32, 'mouseleum_2', 'mouseleum_2.primadona.sistem_prima', 'Mouseleum 2 (continuation)');
 insert into CENTRELINE values (6847, 6846, NULL, NULL, NULL, 0.00, 0.00, 0.00);
 insert into SCRAPS values (6848, 6846, 'mouseleum_2-p1', 1);
 insert into SCRAPS values (6861, 6846, 'mouseleum_2-p2', 1);
 insert into MAPS values (6871, 6846, 'm1-p', NULL, 1, 33.170, 21.130);
 insert into MAPITEMS values (6871, 4, 6848);
 insert into MAPS values (6872, 6846, 'm2-p', NULL, 1, 33.170, 21.130);
 insert into MAPITEMS values (6872, 4, 6861);
 insert into MAPS values (6873, 6846, 'mmouseleum_2-p', NULL, 1, 33.170, 21.130);
 insert into MAPITEMS values (6873, 4, 6871);
 insert into MAPITEMS values (6873, 4, 6872);
 insert into CENTRELINE values (6874, 6846, NULL, '2018-08-01', NULL, 33.17, 0.00, 0.00);
 insert into TOPO values (28, 6874);
 insert into TOPO values (29, 6874);
 insert into EXPLO values (28, 6874);
 insert into EXPLO values (29, 6874);
 insert into SHOT values (2374, 2443, 2444, 6874, 5.86, 341.53, -18.00, 5.85, 341.57, -18.02, 0.01, 137.08, 5.76);
insert into SHOT values (2375, 2445, 2443, 6874, 4.52, 18.53, -59.00, 4.52, 18.51, -58.94, 0.01, 3.90, 58.29);
insert into SHOT values (2376, 2446, 2445, 6874, 4.00, 294.53, -56.00, 4.01, 294.51, -55.97, 0.01, 285.09, -36.07);
insert into SHOT values (2377, 2447, 2446, 6874, 2.11, 12.53, 6.00, 2.11, 12.65, 5.98, 0.01, 72.12, -6.34);
insert into SHOT values (2378, 2448, 2447, 6874, 4.07, 252.53, -73.00, 4.07, 252.47, -72.92, 0.01, 240.80, 20.90);
insert into SHOT values (2379, 2449, 2448, 6874, 7.40, 140.53, -36.00, 7.40, 140.49, -35.99, 0.00, 71.38, -4.84);
insert into SHOT values (2380, 2450, 2449, 6874, 5.21, 239.53, -52.00, 5.22, 239.53, -51.97, 0.01, 237.45, -34.86);
insert into SURVEY values (6876, 32, 'chocolate_river', 'chocolate_river.primadona.sistem_prima', 'Chocolate River (continuation of Mouseleum 2');
 insert into CENTRELINE values (6877, 6876, NULL, NULL, NULL, 0.00, 0.00, 0.00);
 insert into SCRAPS values (6878, 6876, 'chocolate_river-p1', 1);
 insert into SCRAPS values (6890, 6876, 'chocolate_river-p2', 1);
 insert into MAPS values (6906, 6876, 'm1-p', NULL, 1, 67.710, 17.080);
 insert into MAPITEMS values (6906, 4, 6878);
 insert into MAPS values (6907, 6876, 'm2-p', NULL, 1, 67.710, 17.080);
 insert into MAPITEMS values (6907, 4, 6890);
 insert into MAPS values (6908, 6876, 'mchocolate_river-p', NULL, 1, 67.710, 17.080);
 insert into MAPITEMS values (6908, 4, 6907);
 insert into MAPITEMS values (6908, 4, 6906);
 insert into CENTRELINE values (6910, 6876, NULL, '2018-08-02', NULL, 67.71, 0.00, 0.00);
 insert into TOPO values (28, 6910);
 insert into TOPO values (29, 6910);
 insert into EXPLO values (28, 6910);
 insert into EXPLO values (29, 6910);
 insert into SHOT values (2381, 2451, 2452, 6910, 15.10, 58.53, -1.00, 15.10, 58.54, -1.02, 0.01, 121.25, -61.68);
insert into SHOT values (2382, 2453, 2451, 6910, 14.80, 3.53, 0.00, 14.80, 3.53, 0.00, 0.00, 212.56, 0.00);
insert into SHOT values (2383, 2454, 2453, 6910, 5.69, 325.53, -10.00, 5.69, 325.54, -10.02, 0.00, 78.27, -52.12);
insert into SHOT values (2384, 2455, 2454, 6910, 3.75, 247.53, -55.00, 3.75, 247.61, -54.97, 0.00, 311.08, 29.89);
insert into SHOT values (2385, 2456, 2455, 6910, 7.25, 232.53, -22.00, 7.25, 232.55, -21.94, 0.01, 262.54, 50.17);
insert into SHOT values (2386, 2457, 2456, 6910, 2.21, 25.53, -29.00, 2.21, 25.77, -29.20, 0.01, 121.03, -46.58);
insert into SHOT values (2387, 2458, 2457, 6910, 2.57, 4.53, -90.00, 2.57, 90.00, -90.00, 0.00, 4.53, -86.87);
insert into SHOT values (2388, 2459, 2458, 6910, 3.28, 328.53, -25.00, 3.28, 328.44, -24.84, 0.01, 299.36, 33.67);
insert into SHOT values (2389, 2460, 2459, 6910, 4.27, 333.53, -54.00, 4.27, 333.74, -54.05, 0.01, 69.42, -30.57);
insert into SHOT values (2390, 2461, 2460, 6910, 2.94, 14.53, -32.00, 2.93, 14.43, -31.92, 0.01, 237.49, 50.57);
insert into SHOT values (2391, 2462, 2461, 6910, 5.85, 339.53, 0.00, 5.85, 339.58, 0.00, 0.01, 95.86, 0.00);
insert into SURVEY values (6912, 32, 'snakebite', 'snakebite.primadona.sistem_prima', 'Snakebite');
 insert into CENTRELINE values (6913, 6912, NULL, NULL, NULL, 0.00, 0.00, 0.00);
 insert into SCRAPS values (6914, 6912, 'snakebite-p1', 1);
 insert into SCRAPS values (6954, 6912, 'snakebite-p2', 1);
 insert into MAPS values (6984, 6912, 'msnakebite-p', NULL, 1, 102.130, 23.520);
 insert into MAPITEMS values (6984, 4, 6986);
 insert into MAPITEMS values (6984, 4, 6985);
 insert into MAPS values (6985, 6912, 'msnakebite-p1', NULL, 1, 102.130, 23.520);
 insert into MAPITEMS values (6985, 4, 6914);
 insert into MAPS values (6986, 6912, 'msnakebite-p2', NULL, 1, 102.130, 23.520);
 insert into MAPITEMS values (6986, 4, 6954);
 insert into CENTRELINE values (6987, 6912, NULL, '2018-07-17', '2018-07-17', 102.13, 0.00, 0.00);
 insert into TOPO values (2, 6987);
 insert into TOPO values (28, 6987);
 insert into EXPLO values (2, 6987);
 insert into EXPLO values (28, 6987);
 insert into SHOT values (2392, 2463, 2464, 6987, 3.03, 17.52, 8.00, 2.77, 18.57, 9.35, 0.27, 187.04, 5.91);
insert into SHOT values (2393, 2464, 2465, 6987, 2.63, 36.52, 29.00, 2.50, 38.74, 31.07, 0.18, 189.24, 4.73);
insert into SHOT values (2394, 2465, 2466, 6987, 4.00, 329.52, 12.00, 3.75, 328.23, 13.72, 0.29, 166.69, 11.79);
insert into SHOT values (2395, 2466, 2467, 6987, 3.42, 28.52, 40.00, 3.31, 30.12, 42.17, 0.18, 186.61, 6.75);
insert into SHOT values (2396, 2468, 2467, 6987, 3.00, 116.52, -40.00, 2.96, 114.02, -41.70, 0.14, 343.99, -17.58);
insert into SHOT values (2397, 2469, 2468, 6987, 3.52, 206.52, -36.00, 3.39, 208.01, -38.27, 0.20, 6.27, -8.84);
insert into SHOT values (2398, 2470, 2469, 6987, 3.85, 286.52, -22.00, 4.01, 288.92, -22.60, 0.22, 337.17, -26.00);
insert into SHOT values (2399, 2470, 2471, 6987, 1.54, 54.52, 3.00, 1.40, 57.91, 4.52, 0.17, 205.39, 9.88);
insert into SHOT values (2400, 2471, 2472, 6987, 3.85, 76.52, 40.00, 3.86, 79.52, 39.75, 0.16, 160.58, -1.74);
insert into SHOT values (2401, 2473, 2472, 6987, 4.79, 256.52, 15.00, 4.83, 259.75, 15.00, 0.26, 339.95, 2.22);
insert into SHOT values (2402, 2473, 2474, 6987, 3.22, 4.52, 90.00, 3.20, 163.30, 88.13, 0.11, 163.30, -10.84);
insert into SHOT values (2403, 2475, 2474, 6987, 5.37, 189.52, -8.00, 5.06, 191.29, -8.30, 0.35, 343.34, 2.85);
insert into SHOT values (2404, 2476, 2475, 6987, 2.53, 167.52, -57.00, 2.33, 167.63, -59.98, 0.23, 346.93, 25.78);
insert into SHOT values (2405, 2476, 2477, 6987, 3.91, 92.52, -15.00, 4.04, 95.29, -14.91, 0.23, 148.88, -7.06);
insert into SHOT values (2406, 2477, 2478, 6987, 5.45, 286.52, -50.00, 5.34, 283.78, -51.58, 0.25, 146.13, -1.17);
insert into SHOT values (2407, 2479, 2471, 6987, 2.24, 23.52, -24.00, 2.30, 24.47, -25.27, 0.08, 72.38, -56.65);
insert into SHOT values (2408, 2480, 2479, 6987, 2.40, 346.52, -3.00, 2.35, 347.21, -4.14, 0.07, 136.60, -38.38);
insert into SHOT values (2409, 2481, 2480, 6987, 7.34, 59.52, 31.00, 7.32, 60.22, 29.29, 0.23, 100.09, -59.20);
insert into SHOT values (2410, 2482, 2481, 6987, 4.22, 357.52, 23.00, 4.13, 358.21, 22.02, 0.12, 136.81, -54.77);
insert into SHOT values (2411, 2483, 2482, 6987, 3.60, 69.52, 38.00, 3.57, 70.17, 36.68, 0.09, 124.61, -65.51);
insert into SHOT values (2412, 2483, 2463, 6987, 5.55, 92.52, -56.00, 5.39, 92.28, -55.88, 0.16, 281.71, 59.78);
insert into SHOT values (2413, 2484, 2485, 6987, 6.80, 124.52, 53.00, 6.81, 124.47, 53.00, 0.01, 94.34, 47.83);
insert into SHOT values (2414, 2484, 2486, 6987, 7.97, 240.52, -56.00, 7.96, 240.56, -55.98, 0.01, 358.21, 68.23);
insert into SHOT values (2415, 2486, 2481, 6987, 7.90, 255.52, -25.00, 7.90, 255.52, -25.02, 0.00, 96.15, -27.28);
insert into SURVEY values (6989, 32, 'snakebitetwo', 'snakebitetwo.primadona.sistem_prima', 'Snakebite 2');
 insert into CENTRELINE values (6990, 6989, NULL, NULL, NULL, 0.00, 0.00, 0.00);
 insert into SCRAPS values (6991, 6989, 'snakebitetwo-p1', 1);
 insert into MAPS values (7034, 6989, 'msnakebitetwo-p', NULL, 1, 78.460, 15.960);
 insert into MAPITEMS values (7034, 4, 7035);
 insert into MAPS values (7035, 6989, 'msnakebitetwo-p1', NULL, 1, 78.460, 15.960);
 insert into MAPITEMS values (7035, 4, 6991);
 insert into CENTRELINE values (7036, 6989, NULL, '2018-07-18', '2018-07-18', 78.46, 0.00, 0.00);
 insert into TOPO values (2, 7036);
 insert into TOPO values (28, 7036);
 insert into SHOT values (2416, 2487, 2488, 7036, 12.00, 169.52, -3.00, 12.01, 169.52, -3.01, 0.01, 168.47, -17.36);
insert into SHOT values (2417, 2489, 2487, 7036, 7.94, 172.52, -10.00, 7.94, 172.50, -10.01, 0.00, 42.94, -17.20);
insert into SHOT values (2418, 2489, 2490, 7036, 3.58, 4.52, -90.00, 3.57, 344.74, -88.17, 0.11, 344.74, 5.01);
insert into SHOT values (2419, 2491, 2490, 7036, 3.36, 195.52, 21.00, 3.63, 193.91, 19.98, 0.29, 176.10, 7.10);
insert into SHOT values (2420, 2487, 2492, 7036, 6.70, 199.52, -70.00, 6.70, 199.62, -70.00, 0.01, 266.75, -44.41);
insert into SHOT values (2421, 2493, 2489, 7036, 11.52, 156.52, -10.00, 11.17, 155.96, -10.78, 0.40, 352.72, -12.96);
insert into SHOT values (2422, 2494, 2493, 7036, 6.67, 160.52, -10.00, 6.32, 160.43, -10.58, 0.36, 342.21, -0.28);
insert into SHOT values (2423, 2494, 2495, 7036, 7.00, 344.52, 15.00, 7.00, 344.57, 14.98, 0.01, 48.40, -17.49);
insert into SHOT values (2424, 2496, 2494, 7036, 3.90, 71.52, -18.00, 3.90, 68.54, -17.75, 0.19, 342.57, 4.48);
insert into SHOT values (2425, 2496, 2497, 7036, 4.08, 316.52, 0.00, 3.75, 315.11, -0.15, 0.34, 152.40, -1.69);
insert into SHOT values (2426, 2497, 2498, 7036, 2.02, 4.52, 90.00, 2.01, 161.57, 87.30, 0.10, 161.57, -6.02);
insert into SHOT values (2427, 2499, 2498, 7036, 7.49, 163.52, -14.00, 7.14, 163.59, -14.93, 0.37, 342.35, -4.37);
insert into SHOT values (2428, 2500, 2499, 7036, 2.20, 159.52, 25.00, 1.89, 159.52, 26.75, 0.32, 339.53, -14.55);
insert into SURVEY values (7038, 32, 'ave_maria', 'ave_maria.primadona.sistem_prima', 'Ave Maria pitch series');
 insert into CENTRELINE values (7039, 7038, NULL, NULL, NULL, 0.00, 0.00, 0.00);
 insert into SCRAPS values (7040, 7038, 'ave_maria-p1', 1);
 insert into MAPS values (7055, 7038, 'mave_maria-p', NULL, 1, 34.250, 26.600);
 insert into MAPITEMS values (7055, 4, 7056);
 insert into MAPS values (7056, 7038, 'mave_maria-p1', NULL, 1, 34.250, 26.600);
 insert into MAPITEMS values (7056, 4, 7040);
 insert into CENTRELINE values (7057, 7038, NULL, '2018-07-19', '2018-07-19', 34.25, 0.00, 0.00);
 insert into TOPO values (2, 7057);
 insert into TOPO values (28, 7057);
 insert into SHOT values (2429, 2501, 2502, 7057, 3.30, 64.53, 55.00, 3.26, 68.26, 55.20, 0.13, 170.30, -10.44);
insert into SHOT values (2430, 2502, 2503, 7057, 5.77, 49.53, 24.00, 5.65, 52.82, 24.45, 0.32, 163.84, -1.21);
insert into SHOT values (2431, 2503, 2504, 7057, 5.05, 84.53, 51.00, 5.08, 87.35, 50.32, 0.17, 153.49, -4.87);
insert into SHOT values (2432, 2504, 2505, 7057, 9.45, 49.53, 80.00, 9.43, 54.07, 81.79, 0.32, 209.91, 4.25);
insert into SHOT values (2433, 2505, 2506, 7057, 6.91, 9.53, 72.00, 6.80, 11.38, 75.32, 0.42, 181.84, 1.13);
insert into SHOT values (2434, 2506, 2507, 7057, 1.15, 249.53, 61.00, 1.15, 240.26, 60.56, 0.09, 159.18, -3.66);
insert into SHOT values (2435, 2507, 2508, 7057, 2.62, 302.53, 18.00, 2.36, 300.13, 18.81, 0.28, 142.12, -10.11);
insert into SURVEY values (7083, 32, 'mud_moses', 'mud_moses.primadona.sistem_prima', 'Mud Moses');
 insert into CENTRELINE values (7084, 7083, NULL, NULL, NULL, 0.00, 0.00, 0.00);
 insert into SCRAPS values (7085, 7083, 'mud_moses-p1', 1);
 insert into SCRAPS values (7100, 7083, 'mud_moses-p2', 1);
 insert into MAPS values (7117, 7083, 'mmud_moses-p', NULL, 1, 38.570, 14.280);
 insert into MAPITEMS values (7117, 4, 7118);
 insert into MAPITEMS values (7117, 4, 7119);
 insert into MAPS values (7118, 7083, 'mmud_moses-p1', NULL, 1, 38.570, 14.280);
 insert into MAPITEMS values (7118, 4, 7085);
 insert into MAPS values (7119, 7083, 'mmud_moses-p2', NULL, 1, 38.570, 14.280);
 insert into MAPITEMS values (7119, 4, 7100);
 insert into CENTRELINE values (7120, 7083, NULL, '2018-07-12', '2018-07-12', 38.57, 0.00, 0.00);
 insert into TOPO values (16, 7120);
 insert into PERSON values (36, 'Nick', 'Koukoudelis');
insert into TOPO values (36, 7120);
 insert into SHOT values (2436, 2509, 2510, 7120, 3.21, 272.52, -42.00, 3.21, 272.65, -42.06, 0.01, 32.47, -19.42);
insert into SHOT values (2437, 2510, 2511, 7120, 4.29, 303.52, 6.00, 4.29, 303.43, 6.02, 0.01, 206.83, 12.66);
insert into SHOT values (2438, 2511, 2512, 7120, 5.07, 354.52, 10.00, 5.07, 354.60, 10.00, 0.01, 91.54, -3.44);
insert into SHOT values (2439, 2512, 2513, 7120, 6.99, 9.52, 35.00, 6.99, 9.54, 34.99, 0.00, 41.96, 9.76);
insert into SHOT values (2440, 2513, 2514, 7120, 5.00, 64.52, 31.00, 4.99, 64.51, 31.01, 0.01, 248.51, -28.05);
insert into SHOT values (2441, 2514, 2515, 7120, 9.46, 40.52, 35.00, 9.46, 40.55, 35.01, 0.01, 96.06, 38.39);
insert into SHOT values (2442, 2515, 2516, 7120, 4.55, 145.52, 12.00, 4.55, 145.52, 11.92, 0.01, 152.06, -77.55);
insert into SURVEY values (7122, 32, 'purgatory', 'purgatory.primadona.sistem_prima', 'purgatory');
 insert into CENTRELINE values (7123, 7122, NULL, NULL, NULL, 0.00, 0.00, 0.00);
 insert into CENTRELINE values (7124, 7122, NULL, '2018-07-24', NULL, 30.88, 0.00, 0.00);
 insert into SHOT values (2443, 2517, 2518, 7124, 3.40, 260.33, 16.40, 3.40, 260.28, 16.42, 0.01, 110.20, 0.40);
insert into SHOT values (2444, 2517, 2519, 7124, 3.08, 269.83, 14.70, 3.08, 269.81, 14.67, 0.00, 219.81, -50.57);
insert into SHOT values (2445, 2517, 2520, 7124, 7.56, 240.03, 57.20, 7.56, 240.00, 57.15, 0.01, 210.91, -45.11);
insert into SHOT values (2446, 2517, 2521, 7124, 6.51, 163.33, 34.20, 6.51, 163.28, 34.19, 0.01, 111.86, 8.53);
insert into SHOT values (2447, 2517, 2522, 7124, 5.35, 164.93, 13.70, 5.35, 164.95, 13.62, 0.01, 238.40, -74.27);
insert into SHOT values (2448, 2517, 2523, 7124, 3.69, 254.63, 7.10, 3.69, 254.48, 7.00, 0.01, 175.76, -33.25);
insert into SHOT values (2449, 2517, 2524, 7124, 6.05, 191.73, 10.90, 6.05, 191.74, 10.86, 0.01, 219.00, -44.83);
insert into SHOT values (2450, 2517, 2525, 7124, 5.63, 219.03, 14.70, 5.63, 219.04, 14.71, 0.00, 299.19, 51.89);
insert into SHOT values (2451, 2517, 2526, 7124, 5.00, 238.43, 14.00, 5.00, 238.41, 14.01, 0.00, 87.02, 6.69);
insert into SHOT values (2452, 2517, 2527, 7124, 4.42, 251.93, 15.10, 4.42, 251.86, 15.07, 0.01, 207.31, -11.73);
insert into SHOT values (2453, 2517, 2528, 7124, 5.62, 164.93, 12.80, 5.63, 164.90, 12.73, 0.01, 149.59, -28.18);
insert into SHOT values (2454, 2517, 2529, 7124, 2.49, 141.13, 17.80, 2.49, 141.15, 17.74, 0.00, 153.81, -14.03);
insert into SHOT values (2455, 2517, 2530, 7124, 5.84, 209.93, 12.40, 5.84, 209.84, 12.35, 0.01, 140.49, -24.85);
insert into SHOT values (2456, 2517, 2531, 7124, 6.69, 230.33, 17.60, 6.70, 230.27, 17.56, 0.01, 191.05, -17.34);
insert into SHOT values (2457, 2517, 2532, 7124, 6.56, 239.83, 24.90, 6.56, 239.81, 24.90, 0.00, 80.56, -26.11);
insert into SHOT values (2458, 2517, 2533, 7124, 7.08, 216.93, 28.90, 7.08, 216.87, 28.88, 0.01, 142.43, -14.39);
insert into SHOT values (2459, 2517, 2534, 7124, 7.86, 171.03, 43.20, 7.86, 170.97, 43.19, 0.01, 93.89, -4.87);
insert into SHOT values (2460, 2517, 2535, 7124, 9.50, 226.93, 56.90, 9.50, 226.87, 56.85, 0.01, 182.33, -50.05);
insert into SHOT values (2461, 2517, 2536, 7124, 14.37, 224.73, 76.20, 14.37, 224.65, 76.19, 0.01, 155.09, -45.08);
insert into SHOT values (2462, 2517, 2537, 7124, 5.36, 202.73, -11.80, 5.36, 202.75, -11.84, 0.00, 257.92, -51.90);
insert into SHOT values (2463, 2517, 2538, 7124, 2.90, 262.53, 5.50, 2.90, 262.43, 5.35, 0.01, 154.95, -57.69);
insert into SHOT values (2464, 2517, 2539, 7124, 2.97, 266.63, 7.50, 2.97, 266.50, 7.35, 0.01, 184.33, -48.58);
insert into SHOT values (2465, 2517, 2540, 7124, 3.66, 254.23, 8.00, 3.66, 254.16, 8.00, 0.01, 203.64, 6.84);
insert into SHOT values (2466, 2540, 2541, 7124, 3.61, 254.93, 8.30, 3.61, 254.91, 8.28, 0.00, 214.45, -41.69);
insert into SHOT values (2467, 2540, 2542, 7124, 3.69, 253.83, 8.00, 3.69, 253.80, 7.94, 0.00, 193.51, -57.68);
insert into SHOT values (2468, 2540, 2543, 7124, 3.72, 253.63, 7.80, 3.71, 253.58, 7.74, 0.01, 99.85, -38.07);
insert into SHOT values (2469, 2540, 2544, 7124, 1.68, 199.83, 13.20, 1.68, 199.65, 13.08, 0.01, 105.74, -36.25);
insert into SHOT values (2470, 2540, 2545, 7124, 2.60, 172.93, 5.20, 2.60, 172.90, 5.08, 0.01, 109.28, -77.71);
insert into SHOT values (2471, 2540, 2546, 7124, 4.91, 156.43, 5.40, 4.91, 156.37, 5.37, 0.01, 86.77, -22.05);
insert into SHOT values (2472, 2540, 2547, 7124, 6.63, 137.73, 5.30, 6.63, 137.70, 5.28, 0.01, 351.68, -26.17);
insert into SHOT values (2473, 2540, 2548, 7124, 5.45, 122.53, 4.50, 5.45, 122.52, 4.42, 0.01, 325.89, -77.47);
insert into SHOT values (2474, 2540, 2549, 7124, 5.08, 108.73, 4.40, 5.08, 108.76, 4.40, 0.00, 140.98, 3.09);
insert into SHOT values (2475, 2540, 2550, 7124, 4.96, 42.33, 7.90, 4.96, 42.36, 7.88, 0.00, 140.19, -30.99);
insert into SHOT values (2476, 2540, 2551, 7124, 4.79, 63.33, 8.70, 4.79, 63.27, 8.64, 0.01, 347.41, -44.52);
insert into SHOT values (2477, 2540, 2552, 7124, 5.26, 103.53, 8.00, 5.27, 103.53, 7.97, 0.01, 106.28, -19.12);
insert into SHOT values (2478, 2540, 2553, 7124, 5.39, 91.33, 35.80, 5.39, 91.31, 35.78, 0.00, 339.35, -65.86);
insert into SHOT values (2479, 2540, 2554, 7124, 9.59, 107.53, 56.90, 9.59, 107.54, 56.85, 0.01, 115.23, -29.26);
insert into SHOT values (2480, 2540, 2555, 7124, 13.19, 113.53, 75.30, 13.18, 113.58, 75.28, 0.01, 163.49, -63.65);
insert into SHOT values (2481, 2540, 2556, 7124, 0.83, 232.93, -0.00, 0.83, 232.85, 0.00, 0.00, 81.00, 0.00);
insert into SHOT values (2482, 2540, 2557, 7124, 2.27, 193.83, -4.60, 2.27, 193.79, -4.79, 0.01, 165.31, -69.47);
insert into SHOT values (2483, 2540, 2558, 7124, 3.16, 180.03, 6.60, 3.16, 180.00, 6.54, 0.00, 122.69, -61.41);
insert into SHOT values (2484, 2540, 2559, 7124, 4.46, 155.73, 0.40, 4.47, 155.67, 0.38, 0.01, 123.61, -8.17);
insert into SHOT values (2485, 2540, 2560, 7124, 5.03, 140.63, 1.20, 5.03, 140.65, 1.14, 0.01, 184.01, -64.78);
insert into SHOT values (2486, 2540, 2561, 7124, 5.05, 49.63, 6.00, 5.05, 49.68, 5.91, 0.01, 131.03, -57.54);
insert into SHOT values (2487, 2540, 2562, 7124, 5.02, 78.23, 8.40, 5.03, 78.28, 8.35, 0.01, 111.52, -20.45);
insert into SHOT values (2488, 2540, 2563, 7124, 5.19, 108.83, 9.40, 5.19, 108.79, 9.31, 0.01, 56.92, -60.48);
insert into SHOT values (2489, 2540, 2564, 7124, 6.36, 89.73, 45.30, 6.36, 89.74, 45.25, 0.01, 101.64, -5.93);
insert into SHOT values (2490, 2540, 2565, 7124, 12.16, 92.23, 70.80, 12.16, 92.15, 70.78, 0.01, 36.62, -28.33);
insert into SHOT values (2491, 2540, 2566, 7124, 2.47, 253.23, 73.50, 2.46, 253.38, 73.50, 0.01, 34.34, -70.32);
insert into SHOT values (2492, 2540, 2567, 7124, 6.94, 177.53, -59.30, 6.94, 177.41, -59.31, 0.01, 91.07, -20.27);
insert into SHOT values (2493, 2540, 2568, 7124, 6.75, 161.53, -62.10, 6.76, 161.57, -62.09, 0.01, 190.90, -46.79);
insert into SHOT values (2494, 2540, 2569, 7124, 6.71, 153.83, -65.90, 6.72, 153.81, -65.90, 0.01, 125.25, -69.77);
insert into SHOT values (2495, 2540, 2570, 7124, 6.68, 143.53, -69.60, 6.69, 143.38, -69.61, 0.01, 67.73, -54.77);
insert into SHOT values (2496, 2540, 2571, 7124, 6.55, 124.53, -73.00, 6.56, 124.35, -73.03, 0.01, 22.77, -46.51);
insert into SHOT values (2497, 2540, 2572, 7124, 6.42, 108.23, -75.10, 6.43, 108.33, -75.09, 0.01, 150.97, -54.44);
insert into SHOT values (2498, 2540, 2573, 7124, 6.46, 123.13, -76.30, 6.46, 123.27, -76.30, 0.01, 198.49, -42.84);
insert into SHOT values (2499, 2540, 2574, 7124, 6.38, 89.93, -78.70, 6.38, 90.00, -78.71, 0.00, 184.85, -66.46);
insert into SHOT values (2500, 2540, 2575, 7124, 6.27, 57.83, -78.30, 6.27, 57.80, -78.26, 0.00, 51.82, -3.26);
insert into SHOT values (2501, 2540, 2576, 7124, 7.04, 97.73, -55.80, 7.05, 97.70, -55.84, 0.01, 330.68, -72.46);
insert into SHOT values (2502, 2540, 2577, 7124, 6.40, 122.03, -40.10, 6.41, 122.07, -40.14, 0.01, 185.99, -63.10);
insert into SHOT values (2503, 2540, 2578, 7124, 6.24, 200.23, -58.40, 6.25, 200.21, -58.41, 0.01, 167.17, -68.91);
insert into SHOT values (2504, 2540, 2579, 7124, 5.58, 180.73, -42.10, 5.59, 180.69, -42.17, 0.01, 92.45, -74.39);
insert into SHOT values (2505, 2540, 2580, 7124, 5.24, 232.53, -79.20, 5.24, 232.43, -79.18, 0.00, 195.77, -45.79);
insert into SHOT values (2506, 2580, 2581, 7124, 3.98, 169.93, 0.40, 3.98, 169.88, 0.43, 0.00, 110.40, 28.08);
insert into SHOT values (2507, 2580, 2582, 7124, 4.38, 154.63, 2.10, 4.38, 154.55, 2.09, 0.01, 42.18, -4.38);
insert into SHOT values (2508, 2580, 2583, 7124, 4.91, 134.83, -1.70, 4.92, 134.75, -1.75, 0.01, 90.88, -25.34);
insert into SHOT values (2509, 2580, 2584, 7124, 5.17, 112.03, 6.80, 5.17, 111.97, 6.78, 0.01, 11.48, -21.60);
insert into SHOT values (2510, 2580, 2585, 7124, 4.52, 92.23, 5.80, 4.53, 92.16, 5.83, 0.01, 54.12, 21.80);
insert into SHOT values (2511, 2580, 2586, 7124, 4.66, 148.73, 17.20, 4.66, 148.59, 17.22, 0.01, 62.22, 11.02);
insert into SHOT values (2512, 2580, 2587, 7124, 3.61, 169.93, 26.70, 3.61, 169.81, 26.70, 0.01, 47.84, -14.35);
insert into SHOT values (2513, 2580, 2588, 7124, 5.39, 185.53, 24.50, 5.39, 185.50, 24.46, 0.01, 51.51, -59.69);
insert into SHOT values (2514, 2580, 2589, 7124, 4.86, 188.93, 36.30, 4.86, 188.81, 36.33, 0.01, 94.64, 19.83);
insert into SHOT values (2515, 2580, 2590, 7124, 3.91, 188.53, 47.20, 3.91, 188.47, 47.29, 0.01, 28.29, 7.72);
insert into SHOT values (2516, 2580, 2591, 7124, 4.28, 198.83, 34.40, 4.28, 198.85, 34.44, 0.00, 351.96, 37.06);
insert into SHOT values (2517, 2580, 2592, 7124, 2.47, 201.93, 35.30, 2.47, 201.85, 35.37, 0.00, 89.26, 44.22);
insert into SHOT values (2518, 2580, 2593, 7124, 4.91, 194.73, 19.10, 4.90, 194.76, 19.16, 0.01, 355.76, 24.72);
insert into SHOT values (2519, 2580, 2594, 7124, 6.52, 188.53, 6.70, 6.52, 188.53, 6.70, 0.00, 1.94, -10.08);
insert into SHOT values (2520, 2580, 2595, 7124, 9.33, 182.63, -4.60, 9.33, 182.59, -4.61, 0.01, 88.39, -15.66);
insert into SHOT values (2521, 2580, 2596, 7124, 7.58, 186.63, -4.70, 7.58, 186.62, -4.69, 0.00, 24.08, 13.89);
insert into SHOT values (2522, 2580, 2597, 7124, 2.40, 185.63, -9.70, 2.40, 185.59, -9.85, 0.01, 24.47, -50.04);
insert into SHOT values (2523, 2580, 2598, 7124, 8.58, 180.63, -9.90, 8.58, 180.61, -9.93, 0.01, 54.89, -58.15);
insert into SHOT values (2524, 2580, 2599, 7124, 4.23, 173.53, -15.00, 4.23, 173.54, -15.07, 0.01, 253.95, -82.76);
insert into SHOT values (2525, 2580, 2600, 7124, 4.56, 175.33, -19.20, 4.56, 175.20, -19.21, 0.01, 77.43, -2.25);
insert into SHOT values (2526, 2580, 2601, 7124, 2.80, 179.63, -22.10, 2.79, 179.56, -22.07, 0.01, 36.29, 33.18);
insert into SHOT values (2527, 2580, 2602, 7124, 2.99, 173.23, -24.90, 2.99, 173.22, -24.94, 0.00, 2.58, -19.37);
insert into SHOT values (2528, 2580, 2603, 7124, 4.21, 199.43, 9.40, 4.20, 199.44, 9.45, 0.01, 11.73, 18.54);
insert into SHOT values (2529, 2580, 2604, 7124, 5.44, 141.63, 16.00, 5.44, 141.60, 16.00, 0.00, 95.17, 8.01);
insert into SHOT values (2530, 2580, 2605, 7124, 7.46, 124.53, 27.20, 7.46, 124.50, 27.19, 0.00, 79.29, 0.76);
insert into SHOT values (2531, 2580, 2606, 7124, 7.60, 118.43, 27.40, 7.61, 118.39, 27.40, 0.01, 72.01, 20.95);
insert into SHOT values (2532, 2580, 2607, 7124, 10.10, 181.53, -5.30, 10.10, 181.48, -5.29, 0.01, 67.80, 18.90);
insert into SHOT values (2533, 2580, 2608, 7124, 2.92, 181.93, -5.20, 2.91, 181.78, -5.32, 0.01, 50.81, -28.09);
insert into SHOT values (2534, 2608, 2609, 7124, 1.25, 147.13, 11.10, 1.25, 147.35, 11.10, 0.01, 272.01, -6.43);
insert into SHOT values (2535, 2608, 2610, 7124, 1.38, 165.23, 8.10, 1.38, 165.56, 8.35, 0.01, 277.27, 33.33);
insert into SHOT values (2536, 2608, 2611, 7124, 5.44, 178.03, 2.20, 5.45, 178.10, 2.21, 0.01, 224.76, 6.55);
insert into SHOT values (2537, 2608, 2612, 7124, 4.30, 188.43, 3.00, 4.30, 188.43, 3.06, 0.01, 197.64, 64.50);
insert into SHOT values (2538, 2608, 2613, 7124, 3.20, 194.33, 3.40, 3.20, 194.30, 3.40, 0.01, 174.79, 2.52);
insert into SHOT values (2539, 2608, 2614, 7124, 1.82, 202.03, 6.60, 1.82, 202.04, 6.61, 0.00, 205.85, 10.32);
insert into SHOT values (2540, 2608, 2615, 7124, 1.74, 212.83, 10.20, 1.74, 212.86, 10.25, 0.00, 239.73, 44.41);
insert into SHOT values (2541, 2608, 2616, 7124, 0.81, 222.63, 14.70, 0.81, 222.42, 14.96, 0.01, 170.45, 51.26);
insert into SHOT values (2542, 2608, 2617, 7124, 1.86, 250.63, 35.30, 1.87, 250.50, 35.26, 0.01, 230.93, 26.89);
insert into SHOT values (2543, 2608, 2618, 7124, 2.40, 212.83, 40.00, 2.41, 212.83, 40.04, 0.01, 213.35, 50.25);
insert into SHOT values (2544, 2608, 2619, 7124, 3.44, 191.83, 49.60, 3.45, 191.86, 49.50, 0.01, 201.35, 2.11);
insert into SHOT values (2545, 2608, 2620, 7124, 3.05, 205.53, 67.20, 3.06, 205.48, 67.20, 0.01, 190.99, 67.08);
insert into SHOT values (2546, 2608, 2621, 7124, 3.22, 232.33, 73.70, 3.22, 232.13, 73.55, 0.01, 211.37, -3.65);
insert into SHOT values (2547, 2608, 2622, 7124, 1.68, 179.03, 70.80, 1.69, 178.98, 70.59, 0.01, 175.36, 24.38);
insert into SHOT values (2548, 2608, 2623, 7124, 2.55, 262.93, 86.60, 2.55, 262.41, 86.60, 0.00, 176.66, 72.91);
insert into SHOT values (2549, 2608, 2624, 7124, 3.86, 205.43, 12.80, 3.86, 205.48, 12.86, 0.01, 262.15, 51.03);
insert into SHOT values (2550, 2608, 2625, 7124, 0.81, 217.83, 17.80, 0.82, 218.20, 17.85, 0.01, 263.23, 18.64);
insert into SHOT values (2551, 2608, 2626, 7124, 4.09, 216.93, 17.10, 4.10, 216.90, 17.18, 0.01, 195.49, 55.00);
insert into SHOT values (2552, 2608, 2627, 7124, 1.92, 206.53, 9.10, 1.93, 206.57, 9.26, 0.01, 221.27, 51.80);
insert into SHOT values (2553, 2608, 2628, 7124, 3.62, 215.93, 18.40, 3.62, 216.00, 18.50, 0.01, 288.19, 56.91);
insert into SHOT values (2554, 2608, 2629, 7124, 3.65, 217.13, 17.20, 3.65, 217.20, 17.19, 0.01, 270.04, 6.96);
insert into SHOT values (2555, 2629, 2630, 7124, 2.06, 262.03, 2.80, 2.06, 261.91, 2.78, 0.01, 207.06, -6.96);
insert into SHOT values (2556, 2629, 2631, 7124, 2.44, 270.63, 3.90, 2.44, 270.47, 4.00, 0.01, 147.63, 27.24);
insert into SHOT values (2557, 2629, 2632, 7124, 2.94, 283.23, 5.10, 2.94, 283.23, 5.07, 0.00, 92.32, -63.33);
insert into SHOT values (2558, 2629, 2633, 7124, 3.22, 293.03, 5.10, 3.22, 292.96, 5.17, 0.01, 159.48, 37.71);
insert into SHOT values (2559, 2629, 2634, 7124, 3.53, 300.93, 4.30, 3.53, 300.94, 4.39, 0.01, 335.62, 79.61);
insert into SHOT values (2560, 2629, 2635, 7124, 4.64, 304.93, 5.00, 4.64, 304.86, 5.07, 0.01, 181.91, 41.03);
insert into SHOT values (2561, 2629, 2636, 7124, 4.94, 311.23, 5.20, 4.94, 311.21, 5.23, 0.00, 177.07, 45.08);
insert into SHOT values (2562, 2629, 2637, 7124, 2.48, 324.13, 3.50, 2.47, 324.06, 3.47, 0.01, 174.59, -13.44);
insert into SHOT values (2563, 2629, 2638, 7124, 2.13, 338.73, 7.50, 2.12, 338.81, 7.59, 0.01, 141.88, 11.17);
insert into SHOT values (2564, 2629, 2639, 7124, 1.79, 2.23, 6.20, 1.78, 2.26, 6.44, 0.01, 174.03, 39.07);
insert into SHOT values (2565, 2629, 2640, 7124, 1.76, 22.53, 2.90, 1.76, 22.77, 2.93, 0.01, 118.89, 7.25);
insert into SHOT values (2566, 2629, 2641, 7124, 9.04, 34.63, 1.70, 9.04, 34.68, 1.71, 0.01, 135.02, 13.21);
insert into SHOT values (2567, 2629, 2642, 7124, 3.40, 282.23, -4.60, 3.40, 282.11, -4.56, 0.01, 164.31, 18.41);
insert into SHOT values (2568, 2629, 2643, 7124, 2.67, 272.63, 10.50, 2.67, 272.62, 10.58, 0.00, 97.16, 53.36);
insert into SHOT values (2569, 2629, 2644, 7124, 4.78, 309.43, 11.10, 4.78, 309.46, 11.10, 0.00, 71.68, -4.36);
insert into SHOT values (2570, 2629, 2645, 7124, 4.72, 307.83, -2.60, 4.72, 307.84, -2.55, 0.01, 111.23, 41.46);
insert into SHOT values (2571, 2629, 2646, 7124, 1.79, 1.93, -0.20, 1.79, 1.92, 0.00, 0.01, 349.78, 80.55);
insert into SHOT values (2572, 2629, 2647, 7124, 4.86, 315.83, 8.00, 4.86, 315.84, 8.05, 0.01, 116.94, 41.60);
insert into SHOT values (2573, 2647, 2648, 7124, 1.71, 148.83, 2.60, 1.71, 148.92, 2.69, 0.01, 290.49, 28.28);
insert into SHOT values (2574, 2647, 2649, 7124, 1.78, 128.13, 6.70, 1.78, 128.10, 6.78, 0.00, 335.63, 55.18);
insert into SHOT values (2575, 2647, 2650, 7124, 2.13, 109.53, 6.80, 2.13, 109.64, 6.75, 0.01, 227.77, -25.79);
insert into SHOT values (2576, 2647, 2651, 7124, 1.80, 98.03, 8.60, 1.80, 98.08, 8.64, 0.00, 237.51, 16.88);
insert into SHOT values (2577, 2647, 2652, 7124, 4.15, 134.23, -3.80, 4.15, 134.22, -3.87, 0.01, 122.63, -57.01);
insert into SHOT values (2578, 2647, 2653, 7124, 4.51, 146.03, -6.80, 4.51, 146.10, -6.74, 0.01, 201.91, 31.03);
insert into SHOT values (2579, 2647, 2654, 7124, 1.37, 170.63, -6.60, 1.37, 170.68, -6.72, 0.00, 329.11, -38.35);
insert into SHOT values (2580, 2647, 2655, 7124, 1.08, 191.13, -6.60, 1.08, 191.31, -6.39, 0.01, 312.10, 45.99);
insert into SHOT values (2581, 2647, 2656, 7124, 1.40, 177.43, 21.40, 1.40, 177.36, 21.40, 0.00, 34.36, -17.52);
insert into SHOT values (2582, 2647, 2657, 7124, 3.18, 147.83, 36.90, 3.18, 147.88, 36.96, 0.00, 301.40, 7.87);
insert into SHOT values (2583, 2647, 2658, 7124, 3.40, 156.03, 42.00, 3.40, 156.18, 41.95, 0.01, 259.13, -36.81);
insert into SHOT values (2584, 2647, 2659, 7124, 2.94, 170.93, 39.90, 2.94, 171.08, 39.94, 0.01, 244.11, 33.25);
insert into SHOT values (2585, 2647, 2660, 7124, 3.36, 169.53, 48.30, 3.36, 169.70, 48.30, 0.01, 251.86, 11.06);
insert into SHOT values (2586, 2647, 2661, 7124, 3.25, 161.73, 35.80, 3.25, 161.84, 35.83, 0.01, 295.01, -8.82);
insert into SHOT values (2587, 2647, 2662, 7124, 1.50, 122.53, -5.60, 1.50, 122.41, -5.74, 0.00, 26.22, -50.39);
insert into SHOT values (2588, 2647, 2663, 7124, 1.27, 139.53, -20.40, 1.27, 139.76, -20.26, 0.01, 210.51, 27.27);
insert into SHOT values (2589, 2647, 2664, 7124, 2.24, 152.93, -27.10, 2.24, 152.92, -27.03, 0.01, 151.12, 4.76);
insert into SHOT values (2590, 2608, 2665, 7124, 4.87, 189.83, -29.00, 4.87, 189.86, -28.97, 0.00, 224.55, 13.25);
insert into SHOT values (2591, 2665, 2666, 7124, 3.16, 199.23, 14.70, 3.16, 199.26, 14.64, 0.01, 221.31, -19.75);
insert into SHOT values (2592, 2665, 2667, 7124, 2.48, 211.13, 17.50, 2.48, 211.13, 17.63, 0.01, 29.59, 38.26);
insert into SHOT values (2593, 2665, 2668, 7124, 1.92, 216.33, 18.20, 1.92, 216.30, 18.21, 0.00, 137.66, 23.63);
insert into SHOT values (2594, 2665, 2669, 7124, 1.08, 244.33, 21.70, 1.07, 244.46, 21.85, 0.01, 42.89, 5.95);
insert into SHOT values (2595, 2665, 2670, 7124, 1.16, 272.73, 29.80, 1.17, 272.83, 29.84, 0.01, 294.99, 35.07);
insert into SHOT values (2596, 2665, 2671, 7124, 1.42, 288.83, 18.60, 1.42, 288.71, 18.94, 0.01, 138.40, 50.84);
insert into SHOT values (2597, 2665, 2672, 7124, 1.74, 309.53, 13.40, 1.75, 309.50, 13.58, 0.01, 301.78, 52.37);
insert into SHOT values (2598, 2665, 2673, 7124, 2.34, 325.73, 14.20, 2.34, 325.61, 14.36, 0.01, 208.67, 48.74);
insert into SHOT values (2599, 2665, 2674, 7124, 2.87, 340.13, 13.10, 2.87, 340.14, 13.09, 0.00, 11.57, -22.50);
insert into SHOT values (2600, 2665, 2675, 7124, 3.31, 0.13, 11.40, 3.31, 0.18, 11.51, 0.01, 148.99, 46.44);
insert into SHOT values (2601, 2665, 2676, 7124, 4.34, 13.33, 12.50, 4.34, 13.38, 12.51, 0.00, 132.31, 8.26);
insert into SHOT values (2602, 2665, 2677, 7124, 2.52, 24.63, 14.20, 2.52, 24.68, 14.24, 0.00, 111.69, 40.50);
insert into SHOT values (2603, 2665, 2678, 7124, 2.13, 38.03, 16.60, 2.13, 38.05, 16.61, 0.00, 50.73, 24.31);
insert into SHOT values (2604, 2665, 2679, 7124, 1.91, 52.63, 18.50, 1.91, 52.62, 18.60, 0.00, 46.52, 78.87);
insert into SHOT values (2605, 2665, 2680, 7124, 1.86, 152.33, 16.10, 1.86, 152.29, 16.24, 0.00, 0.97, 57.91);
insert into SHOT values (2606, 2665, 2681, 7124, 2.04, 122.53, 13.80, 2.04, 122.65, 13.88, 0.01, 184.28, 35.36);
insert into SHOT values (2607, 2665, 2682, 7124, 2.21, 100.33, 15.20, 2.21, 100.26, 15.20, 0.00, 38.84, 10.73);
insert into SHOT values (2608, 2665, 2683, 7124, 2.07, 89.33, 10.20, 2.07, 89.44, 10.28, 0.01, 144.04, 35.23);
insert into SHOT values (2609, 2665, 2684, 7124, 4.34, 317.83, -16.20, 4.34, 317.82, -16.18, 0.00, 303.07, 19.61);
insert into SHOT values (2610, 2665, 2685, 7124, 3.84, 337.93, -12.50, 3.84, 337.89, -12.49, 0.00, 195.58, 14.53);
insert into SHOT values (2611, 2665, 2686, 7124, 3.92, 16.73, -8.90, 3.92, 16.66, -8.81, 0.01, 282.95, 53.71);
insert into SHOT values (2612, 2665, 2687, 7124, 3.29, 32.83, -2.60, 3.29, 32.82, -2.62, 0.00, 223.24, -17.15);
insert into SHOT values (2613, 2665, 2688, 7124, 2.36, 35.83, -0.30, 2.36, 35.85, -0.24, 0.00, 201.82, 32.47);
insert into SHOT values (2614, 2665, 2689, 7124, 2.05, 55.23, 10.10, 2.05, 55.29, 10.11, 0.00, 115.74, 11.57);
insert into SHOT values (2615, 2665, 2690, 7124, 1.89, 66.03, 12.90, 1.89, 65.94, 12.86, 0.00, 293.36, -27.86);
insert into SHOT values (2616, 2665, 2691, 7124, 1.82, 334.43, 32.60, 1.82, 334.44, 32.65, 0.00, 148.76, -8.95);
insert into SHOT values (2617, 2665, 2692, 7124, 3.61, 352.93, 34.80, 3.61, 352.83, 34.81, 0.01, 250.23, -2.99);
insert into SHOT values (2618, 2665, 2693, 7124, 3.17, 293.03, 80.20, 3.18, 292.78, 80.17, 0.01, 252.86, 60.18);
insert into SHOT values (2619, 2665, 2694, 7124, 3.69, 356.13, 76.20, 3.70, 356.10, 76.20, 0.01, 343.36, 73.73);
insert into SHOT values (2620, 2665, 2695, 7124, 3.18, 205.83, 13.40, 3.18, 205.90, 13.47, 0.01, 332.20, 31.21);
insert into SHOT values (2621, 2695, 2696, 7124, 3.05, 239.13, -8.10, 3.05, 239.10, -8.11, 0.00, 107.41, -7.96);
insert into SHOT values (2622, 2695, 2697, 7124, 2.35, 246.13, -7.50, 2.35, 245.96, -7.57, 0.01, 175.48, -24.74);
insert into SHOT values (2623, 2695, 2698, 7124, 2.53, 257.03, -9.50, 2.53, 257.02, -9.56, 0.00, 83.50, -56.29);
insert into SHOT values (2624, 2695, 2699, 7124, 2.39, 250.93, -17.90, 2.39, 250.77, -17.78, 0.01, 184.57, 33.85);
insert into SHOT values (2625, 2695, 2700, 7124, 3.19, 237.73, -14.90, 3.19, 237.60, -14.91, 0.01, 121.32, 1.91);
insert into SHOT values (2626, 2695, 2701, 7124, 1.59, 264.73, -12.20, 1.59, 264.47, -12.32, 0.01, 199.12, -27.75);
insert into SHOT values (2627, 2695, 2702, 7124, 1.23, 284.83, -8.40, 1.22, 284.84, -8.46, 0.01, 102.36, -2.83);
insert into SHOT values (2628, 2695, 2703, 7124, 0.86, 310.83, -3.40, 0.86, 310.75, -3.34, 0.00, 197.35, 37.32);
insert into SHOT values (2629, 2695, 2704, 7124, 0.75, 281.83, 13.80, 0.75, 281.15, 13.97, 0.01, 162.71, 6.46);
insert into SHOT values (2630, 2695, 2705, 7124, 1.12, 241.83, 11.10, 1.12, 241.81, 11.30, 0.00, 226.65, 69.93);
insert into SHOT values (2631, 2695, 2706, 7124, 1.50, 243.73, 3.50, 1.50, 243.43, 3.44, 0.01, 160.78, -11.56);
insert into SHOT values (2632, 2695, 2707, 7124, 1.08, 233.93, -5.10, 1.08, 233.66, -5.29, 0.01, 184.59, -31.12);
insert into SHOT values (2633, 2695, 2708, 7124, 1.08, 234.53, -13.00, 1.09, 234.21, -12.76, 0.01, 197.88, 16.76);
insert into SHOT values (2634, 2695, 2709, 7124, 1.90, 280.03, -23.90, 1.90, 279.95, -23.92, 0.00, 167.28, -5.27);
insert into SHOT values (2635, 2695, 2710, 7124, 1.09, 302.13, -25.70, 1.09, 302.07, -25.63, 0.00, 142.49, 42.65);
insert into SHOT values (2636, 2695, 2711, 7124, 1.20, 296.63, -39.70, 1.20, 296.57, -40.03, 0.01, 125.28, -27.91);
insert into SHOT values (2637, 2695, 2712, 7124, 1.76, 273.23, -29.80, 1.75, 273.01, -29.75, 0.01, 140.92, 31.30);
insert into SHOT values (2638, 2695, 2713, 7124, 7.17, 201.93, -46.60, 7.17, 201.93, -46.60, 0.00, 277.51, -51.06);
insert into SHOT values (2639, 2695, 2714, 7124, 5.39, 192.13, -41.80, 5.39, 192.06, -41.77, 0.01, 110.64, 30.72);
insert into SHOT values (2640, 2695, 2715, 7124, 1.77, 201.53, -40.40, 1.77, 201.25, -40.39, 0.01, 142.97, -20.31);
insert into SHOT values (2641, 2695, 2716, 7124, 1.59, 213.53, -42.20, 1.60, 213.29, -42.10, 0.01, 175.94, -13.62);
insert into SHOT values (2642, 2695, 2717, 7124, 1.59, 228.03, -44.80, 1.59, 227.86, -44.67, 0.01, 192.56, 3.76);
insert into SHOT values (2643, 2695, 2718, 7124, 1.07, 213.73, -61.20, 1.07, 213.07, -61.37, 0.01, 101.66, -20.35);
insert into SHOT values (2644, 2695, 2719, 7124, 0.72, 194.73, -62.70, 0.72, 194.04, -62.73, 0.00, 98.94, -2.80);
insert into SHOT values (2645, 2695, 2720, 7124, 0.76, 160.53, -47.50, 0.76, 160.87, -47.20, 0.01, 191.14, 3.14);
insert into SHOT values (2646, 2695, 2721, 7124, 0.63, 2.53, 14.90, 0.62, 2.86, 14.91, 0.01, 158.99, -12.75);
insert into SHOT values (2647, 2695, 2722, 7124, 1.94, 14.53, 17.90, 1.93, 14.49, 18.07, 0.01, 203.40, 25.81);
insert into SHOT values (2648, 2695, 2723, 7124, 1.57, 78.93, 15.30, 1.57, 78.99, 15.11, 0.01, 102.51, -47.44);
insert into SHOT values (2649, 2695, 2724, 7124, 1.77, 71.03, 6.70, 1.77, 71.05, 6.82, 0.00, 237.34, 50.71);
insert into SHOT values (2650, 2695, 2725, 7124, 2.70, 65.93, 8.10, 2.70, 65.93, 8.09, 0.00, 238.52, -32.75);
insert into SHOT values (2651, 2695, 2726, 7124, 3.14, 67.53, 12.80, 3.14, 67.54, 12.88, 0.00, 128.15, 80.65);
insert into SHOT values (2652, 2695, 2727, 7124, 4.34, 54.53, 11.60, 4.33, 54.59, 11.58, 0.01, 197.45, -19.65);
insert into SHOT values (2653, 2695, 2728, 7124, 1.89, 60.63, 3.90, 1.89, 60.86, 3.94, 0.01, 125.78, 9.84);
insert into SHOT values (2654, 2695, 2729, 7124, 1.57, 50.73, -8.20, 1.56, 50.76, -8.08, 0.01, 218.90, 39.72);
insert into SHOT values (2655, 2695, 2730, 7124, 2.50, 245.93, -13.90, 2.49, 245.87, -13.92, 0.01, 91.04, 5.69);
insert into SHOT values (2656, 2695, 2731, 7124, 4.03, 51.53, 2.30, 4.02, 51.56, 2.28, 0.01, 205.89, -16.56);
insert into SHOT values (2657, 2695, 2732, 7124, 4.36, 42.23, -0.10, 4.35, 42.30, -0.13, 0.01, 181.40, -15.65);
insert into SHOT values (2658, 2695, 2733, 7124, 4.40, 37.73, -0.10, 4.40, 37.70, -0.13, 0.00, 267.09, -44.68);
insert into SHOT values (2659, 2695, 2734, 7124, 4.82, 32.23, -1.50, 4.82, 32.27, -1.55, 0.01, 175.19, -32.22);
insert into SHOT values (2660, 2695, 2735, 7124, 6.81, 12.63, -7.50, 6.80, 12.68, -7.52, 0.01, 154.26, -6.79);
insert into SHOT values (2661, 2695, 2736, 7124, 6.25, 12.83, -1.00, 6.25, 12.86, -1.01, 0.00, 139.20, -12.67);
insert into SHOT values (2662, 2695, 2737, 7124, 5.82, 19.83, 0.70, 5.82, 19.90, 0.69, 0.01, 126.85, -8.19);
insert into SHOT values (2663, 2695, 2738, 7124, 4.69, 31.43, -10.10, 4.69, 31.45, -10.07, 0.00, 89.80, 44.79);
insert into SHOT values (2664, 2695, 2739, 7124, 4.41, 40.53, -11.80, 4.41, 40.59, -11.77, 0.01, 103.83, 19.82);
insert into SHOT values (2665, 2695, 2740, 7124, 6.82, 13.83, -7.20, 6.82, 13.85, -7.16, 0.01, 92.99, 58.20);
insert into SHOT values (2666, 2695, 2741, 7124, 2.32, 2.13, -3.80, 2.32, 2.23, -3.71, 0.01, 128.93, 35.53);
insert into SHOT values (2667, 2695, 2742, 7124, 6.25, 8.93, 0.40, 6.25, 8.93, 0.37, 0.01, 177.31, -41.20);
insert into SHOT values (2668, 2695, 2743, 7124, 12.39, 15.13, 4.00, 12.39, 15.15, 3.98, 0.01, 108.61, -41.24);
insert into SHOT values (2669, 2695, 2744, 7124, 5.85, 20.63, 4.90, 5.85, 20.71, 4.90, 0.01, 126.61, 2.13);
insert into SHOT values (2670, 2695, 2745, 7124, 4.56, 34.13, -13.70, 4.56, 34.23, -13.71, 0.01, 148.54, -0.12);
insert into SCRAPS values (7125, 7122, 'purgatory-1p', 1);
 insert into MAPS values (7164, 7122, 'mpurgatory-p', NULL, 1, 30.880, 7.780);
 insert into MAPITEMS values (7164, 4, 7125);
 insert into SURVEY values (7166, 32, 'bath', 'bath.primadona.sistem_prima', 'Bath');
 insert into CENTRELINE values (7167, 7166, NULL, NULL, NULL, 0.00, 0.00, 0.00);
 insert into CENTRELINE values (7168, 7166, NULL, '2018-07-24', NULL, 106.59, 0.00, 0.00);
 insert into PERSON values (37, 'Chris', 'Bradley');
insert into TOPO values (37, 7168);
 insert into PERSON values (38, 'Jennifer', 'Ryder');
insert into TOPO values (38, 7168);
 insert into EXPLO values (37, 7168);
 insert into EXPLO values (17, 7168);
 insert into EXPLO values (38, 7168);
 insert into SHOT values (2671, 2746, 2747, 7168, 3.56, 359.63, -0.10, 3.56, 359.68, 0.00, 0.01, 88.55, 62.83);
insert into SHOT values (2672, 2746, 2748, 7168, 3.01, 342.73, -1.70, 3.01, 342.77, -1.72, 0.00, 131.60, -8.91);
insert into SHOT values (2673, 2746, 2749, 7168, 4.17, 316.83, -5.60, 4.17, 316.85, -5.50, 0.01, 351.95, 63.75);
insert into SHOT values (2674, 2746, 2750, 7168, 2.79, 310.83, -4.50, 2.80, 310.78, -4.51, 0.01, 286.58, -11.15);
insert into SHOT values (2675, 2746, 2751, 7168, 2.02, 301.23, -7.40, 2.02, 301.31, -7.40, 0.00, 63.13, 2.88);
insert into SHOT values (2676, 2746, 2752, 7168, 3.77, 11.53, -3.60, 3.77, 11.49, -3.50, 0.01, 330.79, 60.45);
insert into SHOT values (2677, 2746, 2753, 7168, 1.43, 145.03, 0.50, 1.43, 144.98, 0.80, 0.01, 11.94, 76.80);
insert into SHOT values (2678, 2746, 2754, 7168, 1.43, 171.93, 6.90, 1.43, 171.93, 6.81, 0.00, 171.92, -21.88);
insert into SHOT values (2679, 2746, 2755, 7168, 2.92, 195.93, 7.10, 2.92, 196.00, 7.07, 0.01, 233.36, -8.59);
insert into SHOT values (2680, 2746, 2756, 7168, 2.68, 304.33, -17.20, 2.67, 304.31, -17.18, 0.01, 130.98, 23.89);
insert into SHOT values (2681, 2756, 2757, 7168, 1.38, 333.33, -8.00, 1.38, 333.06, -7.90, 0.01, 260.11, 17.22);
insert into SHOT values (2682, 2756, 2758, 7168, 2.23, 4.73, -4.10, 2.23, 4.64, -4.11, 0.00, 314.82, -6.89);
insert into SHOT values (2683, 2756, 2759, 7168, 2.07, 27.33, -2.00, 2.07, 27.31, -1.94, 0.00, 8.39, 46.20);
insert into SHOT values (2684, 2756, 2760, 7168, 2.56, 47.53, 1.30, 2.56, 47.38, 1.35, 0.01, 283.19, 13.56);
insert into SHOT values (2685, 2756, 2761, 7168, 3.85, 82.93, -5.80, 3.85, 82.80, -5.81, 0.01, 352.22, -6.32);
insert into SHOT values (2686, 2756, 2762, 7168, 3.36, 109.63, -3.50, 3.35, 109.57, -3.42, 0.01, 306.17, 24.97);
insert into SHOT values (2687, 2756, 2763, 7168, 2.70, 122.33, -2.10, 2.70, 122.28, -2.12, 0.00, 0.01, -20.44);
insert into SHOT values (2688, 2756, 2764, 7168, 1.64, 126.03, -1.50, 1.63, 126.03, -1.40, 0.01, 305.90, 21.98);
insert into SHOT values (2689, 2756, 2765, 7168, 5.40, 280.23, -88.30, 5.40, 280.62, -88.27, 0.00, 303.57, -40.15);
insert into SHOT values (2690, 2756, 2766, 7168, 5.64, 11.33, -70.50, 5.64, 11.31, -70.47, 0.01, 3.35, -41.17);
insert into SHOT values (2691, 2756, 2767, 7168, 7.16, 45.63, -59.70, 7.16, 45.56, -59.68, 0.00, 329.98, 23.93);
insert into SHOT values (2692, 2756, 2768, 7168, 7.72, 49.83, -55.80, 7.71, 49.77, -55.80, 0.01, 277.35, 41.69);
insert into SHOT values (2693, 2756, 2769, 7168, 3.68, 49.63, -53.50, 3.68, 49.46, -53.57, 0.01, 285.24, -12.87);
insert into SHOT values (2694, 2756, 2770, 7168, 3.07, 50.23, -41.10, 3.07, 50.10, -41.20, 0.01, 269.83, -12.97);
insert into SHOT values (2695, 2756, 2771, 7168, 2.44, 45.03, -30.30, 2.44, 45.00, -30.27, 0.00, 341.59, 43.54);
insert into SHOT values (2696, 2756, 2772, 7168, 1.98, 40.93, -29.60, 1.98, 40.75, -29.73, 0.01, 264.52, -14.27);
insert into SHOT values (2697, 2756, 2773, 7168, 5.96, 42.03, -56.60, 5.96, 41.91, -56.64, 0.01, 293.92, -31.33);
insert into SHOT values (2698, 2773, 2774, 7168, 1.83, 110.33, 42.10, 1.84, 110.16, 42.05, 0.01, 76.08, 24.19);
insert into SHOT values (2699, 2773, 2775, 7168, 3.72, 193.43, 30.80, 3.72, 193.38, 30.86, 0.01, 135.59, 61.63);
insert into SHOT values (2700, 2773, 2776, 7168, 3.86, 103.43, -4.60, 3.86, 103.39, -4.46, 0.01, 324.89, 66.42);
insert into SHOT values (2701, 2773, 2777, 7168, 1.20, 114.63, -75.80, 1.20, 113.96, -75.71, 0.00, 42.08, 42.88);
insert into SHOT values (2702, 2773, 2778, 7168, 0.55, 5.73, 50.20, 0.56, 6.52, 50.67, 0.01, 93.56, 56.76);
insert into SHOT values (2703, 2773, 2779, 7168, 3.18, 289.23, 20.40, 3.18, 289.23, 20.45, 0.00, 109.46, 18.63);
insert into SHOT values (2704, 2773, 2780, 7168, 4.39, 250.13, 15.20, 4.39, 250.11, 15.33, 0.01, 88.23, 65.30);
insert into SHOT values (2705, 2773, 2781, 7168, 5.65, 244.23, 63.60, 5.66, 244.25, 63.67, 0.01, 44.47, 70.56);
insert into SHOT values (2706, 2773, 2782, 7168, 5.85, 215.83, 50.60, 5.86, 215.79, 50.68, 0.01, 80.09, 69.74);
insert into SHOT values (2707, 2773, 2783, 7168, 4.23, 193.33, 47.90, 4.23, 193.25, 47.92, 0.00, 97.15, 21.20);
insert into SHOT values (2708, 2773, 2784, 7168, 5.19, 259.13, 61.20, 5.19, 259.14, 61.26, 0.01, 73.08, 19.18);
insert into SHOT values (2709, 2773, 2785, 7168, 3.37, 286.33, 40.70, 3.37, 286.38, 40.75, 0.00, 46.71, 43.19);
insert into SHOT values (2710, 2773, 2786, 7168, 4.23, 260.03, 22.40, 4.23, 259.98, 22.51, 0.01, 147.25, 68.36);
insert into SHOT values (2711, 2773, 2787, 7168, 2.58, 296.03, 25.20, 2.58, 296.13, 25.19, 0.01, 338.01, 13.71);
insert into SHOT values (2712, 2773, 2788, 7168, 3.63, 233.93, -1.10, 3.63, 233.86, -0.95, 0.01, 130.75, 64.74);
insert into SHOT values (2713, 2773, 2789, 7168, 1.28, 215.23, -62.90, 1.27, 214.51, -62.73, 0.01, 120.15, 52.26);
insert into SHOT values (2714, 2773, 2790, 7168, 2.87, 242.73, -8.70, 2.87, 242.71, -8.62, 0.00, 90.04, 68.82);
insert into SHOT values (2715, 2773, 2791, 7168, 0.86, 212.93, -21.10, 0.85, 212.69, -20.65, 0.01, 60.56, 53.76);
insert into SHOT values (2716, 2773, 2792, 7168, 1.24, 195.43, -42.30, 1.23, 195.26, -42.30, 0.01, 44.06, 38.49);
insert into SHOT values (2717, 2773, 2793, 7168, 0.49, 3.23, 40.50, 0.49, 3.09, 40.81, 0.00, 205.85, 38.43);
insert into SHOT values (2718, 2773, 2794, 7168, 1.23, 164.53, 15.50, 1.23, 164.32, 15.57, 0.00, 58.66, 16.31);
insert into SHOT values (2719, 2773, 2795, 7168, 1.91, 128.23, -8.80, 1.91, 128.33, -8.74, 0.00, 233.51, 32.58);
insert into SHOT values (2720, 2773, 2796, 7168, 2.15, 118.53, -24.70, 2.15, 118.40, -24.47, 0.01, 53.64, 60.40);
insert into SHOT values (2721, 2773, 2797, 7168, 2.45, 66.13, -25.60, 2.44, 66.22, -25.44, 0.01, 186.14, 63.81);
insert into SHOT values (2722, 2773, 2798, 7168, 4.60, 97.93, -7.40, 4.60, 97.93, -7.37, 0.00, 115.53, 49.45);
insert into SHOT values (2723, 2773, 2799, 7168, 5.11, 110.93, -5.60, 5.11, 110.96, -5.50, 0.01, 182.46, 67.68);
insert into SHOT values (2724, 2773, 2800, 7168, 3.97, 101.73, -8.00, 3.97, 101.74, -7.96, 0.00, 144.46, 64.70);
insert into SHOT values (2725, 2773, 2801, 7168, 4.32, 101.93, -7.80, 4.32, 101.86, -7.71, 0.01, 27.62, 50.97);
insert into SHOT values (2726, 2773, 2802, 7168, 3.97, 101.63, -7.80, 3.97, 101.60, -7.68, 0.01, 316.45, 67.07);
insert into SHOT values (2727, 2802, 2803, 7168, 2.48, 318.73, 3.30, 2.48, 318.77, 3.24, 0.00, 104.12, -39.73);
insert into SHOT values (2728, 2802, 2804, 7168, 7.03, 279.43, 5.70, 7.03, 279.38, 5.63, 0.01, 172.31, -54.86);
insert into SHOT values (2729, 2802, 2805, 7168, 4.25, 278.63, -2.40, 4.24, 278.55, -2.43, 0.01, 130.10, -10.68);
insert into SHOT values (2730, 2802, 2806, 7168, 0.61, 316.63, 72.90, 0.61, 317.29, 73.04, 0.00, 96.81, -43.47);
insert into SHOT values (2731, 2802, 2807, 7168, 0.63, 191.23, -81.30, 0.64, 185.71, -80.94, 0.01, 127.36, -33.97);
insert into SHOT values (2732, 2802, 2808, 7168, 1.98, 225.83, 3.70, 1.98, 225.62, 3.48, 0.01, 113.74, -44.79);
insert into SHOT values (2733, 2802, 2809, 7168, 0.30, 36.83, 7.90, 0.30, 36.87, 7.59, 0.00, 41.36, -23.36);
insert into SHOT values (2734, 2802, 2810, 7168, 1.12, 130.63, 11.70, 1.13, 130.60, 11.25, 0.01, 127.69, -36.49);
insert into SHOT values (2735, 2802, 2811, 7168, 1.39, 242.93, -34.60, 1.38, 242.76, -34.82, 0.01, 85.19, -4.52);
insert into SHOT values (2736, 2802, 2812, 7168, 1.60, 179.33, -7.70, 1.61, 179.28, -7.88, 0.01, 163.19, -49.87);
insert into SHOT values (2737, 2802, 2813, 7168, 1.67, 144.53, 4.40, 1.67, 144.50, 4.11, 0.01, 136.96, -56.14);
insert into SHOT values (2738, 2802, 2814, 7168, 0.68, 138.63, 65.50, 0.67, 137.86, 65.10, 0.01, 65.96, -65.72);
insert into SHOT values (2739, 2802, 2815, 7168, 3.79, 157.33, 5.00, 3.80, 157.30, 4.99, 0.01, 143.38, -2.37);
insert into SHOT values (2740, 2802, 2816, 7168, 3.56, 157.93, -8.20, 3.57, 157.87, -8.22, 0.01, 128.49, -16.66);
insert into SHOT values (2741, 2802, 2817, 7168, 1.69, 181.53, 20.30, 1.69, 181.44, 20.04, 0.01, 158.02, -46.67);
insert into SHOT values (2742, 2802, 2818, 7168, 3.77, 158.53, 1.40, 3.77, 158.54, 1.37, 0.00, 172.82, -37.50);
insert into SHOT values (2743, 2818, 2819, 7168, 2.29, 80.93, -8.70, 2.30, 80.87, -8.77, 0.01, 57.03, -32.97);
insert into SHOT values (2744, 2818, 2820, 7168, 2.03, 83.13, 36.00, 2.03, 83.00, 35.93, 0.00, 351.75, -42.49);
insert into SHOT values (2745, 2818, 2821, 7168, 1.54, 66.83, 68.50, 1.54, 67.07, 68.45, 0.00, 151.85, -50.01);
insert into SHOT values (2746, 2818, 2822, 7168, 1.67, 60.63, -11.60, 1.67, 60.78, -11.72, 0.01, 118.51, -39.90);
insert into SHOT values (2747, 2818, 2823, 7168, 4.49, 57.13, -52.00, 4.50, 57.23, -51.95, 0.01, 92.90, -12.40);
insert into SHOT values (2748, 2818, 2824, 7168, 3.77, 27.23, -70.00, 3.77, 27.16, -69.94, 0.00, 1.23, 37.44);
insert into SHOT values (2749, 2818, 2825, 7168, 5.09, 76.53, -46.30, 5.09, 76.52, -46.30, 0.00, 15.77, -7.98);
insert into SHOT values (2750, 2818, 2826, 7168, 0.85, 10.33, -14.30, 0.85, 10.49, -14.30, 0.00, 97.79, -1.23);
insert into SHOT values (2751, 2818, 2827, 7168, 3.61, 78.63, -42.00, 3.61, 78.61, -42.05, 0.00, 355.67, -77.70);
insert into SHOT values (2752, 2827, 2828, 7168, 3.62, 256.53, -6.50, 3.61, 256.47, -6.52, 0.01, 104.45, -1.46);
insert into SHOT values (2753, 2827, 2829, 7168, 2.66, 215.43, -17.90, 2.65, 215.33, -17.79, 0.01, 70.32, 44.45);
insert into SHOT values (2754, 2827, 2830, 7168, 1.43, 104.93, -78.20, 1.43, 105.42, -77.87, 0.01, 122.15, -1.43);
insert into SHOT values (2755, 2827, 2831, 7168, 5.21, 186.23, -11.90, 5.21, 186.19, -11.85, 0.01, 124.68, 50.27);
insert into SHOT values (2756, 2827, 2832, 7168, 2.51, 198.53, -16.90, 2.51, 198.43, -16.90, 0.00, 132.66, -4.57);
insert into SHOT values (2757, 2827, 2833, 7168, 3.50, 180.43, -12.60, 3.50, 180.34, -12.53, 0.01, 128.86, 26.60);
insert into SHOT values (2758, 2827, 2834, 7168, 2.81, 271.23, 17.90, 2.81, 271.29, 18.04, 0.01, 50.77, 55.51);
insert into SHOT values (2759, 2827, 2835, 7168, 2.35, 296.03, 2.30, 2.35, 296.02, 2.44, 0.01, 183.02, 86.68);
insert into SHOT values (2760, 2827, 2836, 7168, 3.50, 282.43, -10.40, 3.50, 282.42, -10.38, 0.00, 113.39, 42.06);
insert into SHOT values (2761, 2827, 2837, 7168, 3.68, 261.23, -12.00, 3.67, 261.19, -11.95, 0.01, 97.47, 34.18);
insert into SHOT values (2762, 2827, 2838, 7168, 2.77, 305.83, -13.90, 2.77, 305.76, -13.80, 0.01, 178.23, 54.28);
insert into SHOT values (2763, 2827, 2839, 7168, 2.34, 284.23, 41.70, 2.34, 284.28, 41.81, 0.00, 80.05, 43.00);
insert into SHOT values (2764, 2827, 2840, 7168, 4.21, 274.43, 60.10, 4.21, 274.38, 60.13, 0.00, 129.90, 6.72);
insert into SHOT values (2765, 2827, 2841, 7168, 4.46, 266.53, 51.30, 4.46, 266.50, 51.33, 0.00, 107.08, -11.24);
insert into SHOT values (2766, 2827, 2842, 7168, 4.32, 268.53, 40.40, 4.31, 268.60, 40.48, 0.01, 62.40, 0.71);
insert into SHOT values (2767, 2827, 2843, 7168, 2.05, 297.63, -3.10, 2.05, 297.69, -3.08, 0.00, 77.76, 13.11);
insert into SHOT values (2768, 2827, 2844, 7168, 3.67, 255.13, -12.50, 3.67, 255.11, -12.44, 0.01, 96.00, 55.50);
insert into SHOT values (2769, 2827, 2845, 7168, 2.33, 267.33, -30.90, 2.32, 267.41, -30.85, 0.01, 65.48, 39.95);
insert into SHOT values (2770, 2827, 2846, 7168, 1.76, 37.03, -39.20, 1.76, 37.29, -39.01, 0.01, 82.62, 15.17);
insert into SHOT values (2771, 2827, 2847, 7168, 1.52, 127.53, -34.00, 1.52, 127.60, -33.96, 0.00, 165.46, -0.62);
insert into SHOT values (2772, 2827, 2848, 7168, 1.77, 101.73, -26.20, 1.77, 101.59, -26.10, 0.01, 60.90, 14.36);
insert into SHOT values (2773, 2827, 2849, 7168, 4.78, 190.03, -7.70, 4.77, 189.98, -7.70, 0.01, 46.15, 3.95);
insert into SHOT values (2774, 2849, 2850, 7168, 0.63, 231.13, 80.50, 0.63, 228.81, 80.27, 0.01, 168.65, -15.70);
insert into SHOT values (2775, 2849, 2851, 7168, 3.63, 113.93, 2.10, 3.64, 114.03, 2.21, 0.01, 154.55, 35.71);
insert into SHOT values (2776, 2849, 2852, 7168, 1.17, 89.83, 6.60, 1.17, 90.00, 6.88, 0.01, 212.53, 52.97);
insert into SHOT values (2777, 2849, 2853, 7168, 0.49, 314.53, 0.10, 0.49, 314.17, 0.00, 0.00, 190.50, -13.12);
insert into SHOT values (2778, 2849, 2854, 7168, 1.70, 354.13, 4.50, 1.69, 354.22, 4.74, 0.01, 149.75, 44.28);
insert into SHOT values (2779, 2849, 2855, 7168, 6.85, 7.43, -0.10, 6.85, 7.38, -0.08, 0.01, 245.06, 18.10);
insert into SHOT values (2780, 2849, 2856, 7168, 1.17, 18.63, 23.20, 1.16, 18.60, 23.35, 0.01, 201.03, -5.37);
insert into SHOT values (2781, 2849, 2857, 7168, 0.98, 59.83, 8.40, 0.98, 60.26, 8.81, 0.01, 165.60, 42.30);
insert into SHOT values (2782, 2849, 2858, 7168, 2.28, 32.73, 7.00, 2.28, 32.70, 7.07, 0.01, 222.52, 22.68);
insert into SHOT values (2783, 2849, 2859, 7168, 1.44, 31.93, -18.20, 1.44, 31.83, -18.24, 0.00, 253.41, -3.80);
insert into SHOT values (2784, 2849, 2860, 7168, 1.86, 19.03, -21.10, 1.86, 19.17, -21.10, 0.00, 96.51, -5.39);
insert into SHOT values (2785, 2849, 2861, 7168, 1.04, 31.63, -41.00, 1.03, 31.85, -41.19, 0.01, 190.80, 15.19);
insert into SHOT values (2786, 2849, 2862, 7168, 0.55, 281.13, 18.90, 0.55, 281.09, 19.10, 0.00, 126.40, 69.15);
insert into SHOT values (2787, 2849, 2863, 7168, 0.65, 204.53, 12.90, 0.65, 204.15, 13.28, 0.01, 139.85, 46.25);
insert into SHOT values (2788, 2849, 2864, 7168, 0.71, 201.13, 77.30, 0.71, 201.80, 76.82, 0.01, 220.36, -24.48);
insert into SHOT values (2789, 2849, 2865, 7168, 1.62, 166.83, 34.70, 1.62, 167.01, 34.59, 0.01, 228.02, -25.20);
insert into SHOT values (2790, 2849, 2866, 7168, 2.18, 119.73, -5.80, 2.18, 119.88, -5.79, 0.01, 216.94, 3.05);
insert into SHOT values (2791, 2849, 2867, 7168, 1.17, 118.33, -31.70, 1.17, 118.61, -31.32, 0.01, 153.91, 29.38);
insert into SHOT values (2792, 2849, 2868, 7168, 2.26, 144.23, 25.00, 2.27, 144.30, 25.02, 0.01, 162.14, 29.62);
insert into SHOT values (2793, 2849, 2869, 7168, 2.98, 138.43, 15.30, 2.99, 138.51, 15.32, 0.01, 164.76, 20.09);
insert into SHOT values (2794, 2849, 2870, 7168, 3.66, 121.73, 9.30, 3.66, 121.75, 9.28, 0.00, 254.02, -33.32);
insert into SHOT values (2795, 2849, 2871, 7168, 4.46, 132.43, 12.00, 4.46, 132.49, 12.02, 0.01, 181.37, 21.68);
insert into SHOT values (2796, 2849, 2872, 7168, 2.83, 127.63, 18.60, 2.83, 127.72, 18.56, 0.01, 239.99, -28.12);
insert into SHOT values (2797, 2849, 2873, 7168, 3.48, 116.33, 9.60, 3.48, 116.49, 9.60, 0.01, 213.02, -2.06);
insert into SHOT values (2798, 2849, 2874, 7168, 1.26, 98.53, 8.20, 1.26, 98.78, 8.23, 0.01, 213.23, 2.71);
insert into SHOT values (2799, 2849, 2875, 7168, 2.27, 115.53, 17.30, 2.28, 115.62, 17.37, 0.01, 144.80, 33.88);
insert into SHOT values (2800, 2849, 2876, 7168, 4.74, 107.93, 0.90, 4.74, 107.94, 0.97, 0.01, 150.42, 76.04);
insert into SHOT values (2801, 2849, 2877, 7168, 3.70, 111.23, 2.30, 3.70, 111.23, 2.32, 0.00, 110.91, 20.36);
insert into SHOT values (2802, 2849, 2878, 7168, 2.79, 133.93, 4.90, 2.79, 133.98, 4.94, 0.00, 233.55, 33.01);
insert into SHOT values (2803, 2849, 2879, 7168, 4.71, 136.33, 12.00, 4.71, 136.41, 12.00, 0.01, 190.16, 5.34);
insert into SHOT values (2804, 2849, 2880, 7168, 4.12, 128.43, 11.40, 4.12, 128.46, 11.49, 0.01, 271.75, 55.09);
insert into SHOT values (2805, 2849, 2881, 7168, 3.89, 132.63, 16.30, 3.89, 132.61, 16.26, 0.00, 117.71, -29.05);
insert into SHOT values (2806, 2849, 2882, 7168, 2.12, 135.73, 10.60, 2.12, 135.97, 10.59, 0.01, 210.49, 0.14);
insert into SHOT values (2807, 2882, 2883, 7168, 3.31, 79.93, -9.10, 3.31, 79.96, -9.04, 0.00, 128.99, 53.14);
insert into SHOT values (2808, 2882, 2884, 7168, 0.82, 88.03, 82.00, 0.82, 85.24, 81.54, 0.01, 44.40, -13.37);
insert into SHOT values (2809, 2882, 2885, 7168, 0.79, 164.23, 21.20, 0.79, 164.27, 21.46, 0.00, 190.06, 74.26);
insert into SHOT values (2810, 2882, 2886, 7168, 2.33, 134.73, 14.30, 2.34, 134.64, 14.38, 0.01, 100.76, 36.82);
insert into SHOT values (2811, 2882, 2887, 7168, 1.58, 91.63, 3.40, 1.58, 91.45, 3.62, 0.01, 35.58, 46.99);
insert into SHOT values (2812, 2882, 2888, 7168, 0.88, 39.43, -0.00, 0.88, 39.47, 0.00, 0.00, 77.12, 0.00);
insert into SHOT values (2813, 2882, 2889, 7168, 1.15, 357.03, -2.10, 1.15, 357.01, -1.99, 0.00, 350.43, 42.30);
insert into SHOT values (2814, 2882, 2890, 7168, 5.29, 65.13, -27.50, 5.29, 65.07, -27.45, 0.01, 24.96, 20.66);
insert into SHOT values (2815, 2882, 2891, 7168, 3.96, 30.33, -51.50, 3.96, 30.41, -51.46, 0.01, 67.54, -8.70);
insert into SHOT values (2816, 2882, 2892, 7168, 0.87, 80.83, -26.90, 0.87, 80.42, -26.54, 0.01, 32.74, 25.74);
insert into SHOT values (2817, 2882, 2893, 7168, 3.33, 80.23, -8.90, 3.34, 80.22, -8.79, 0.01, 78.86, 32.99);
insert into SHOT values (2818, 2882, 2894, 7168, 1.43, 83.33, 12.90, 1.44, 83.03, 12.87, 0.01, 34.61, 4.42);
insert into SHOT values (2819, 2882, 2895, 7168, 3.13, 74.93, -12.70, 3.13, 74.83, -12.72, 0.01, 15.34, -16.96);
insert into SHOT values (2820, 2895, 2896, 7168, 0.51, 2.23, 80.60, 0.52, 7.13, 81.02, 0.01, 115.55, 42.41);
insert into SHOT values (2821, 2895, 2897, 7168, 1.11, 329.43, 17.40, 1.11, 329.31, 17.81, 0.01, 212.51, 73.96);
insert into SHOT values (2822, 2895, 2898, 7168, 0.94, 275.13, 77.90, 0.94, 273.01, 78.32, 0.01, 140.58, 5.13);
insert into SHOT values (2823, 2895, 2899, 7168, 1.30, 269.73, 45.90, 1.30, 269.36, 46.24, 0.01, 140.57, 41.16);
insert into SHOT values (2824, 2895, 2900, 7168, 1.42, 296.43, -17.70, 1.42, 296.38, -17.66, 0.00, 145.44, 34.62);
insert into SHOT values (2825, 2895, 2901, 7168, 3.45, 275.83, -22.80, 3.44, 275.78, -22.72, 0.01, 125.81, 54.58);
insert into SHOT values (2826, 2895, 2902, 7168, 3.80, 273.53, 0.10, 3.80, 273.47, 0.15, 0.01, 143.34, 35.71);
insert into SHOT values (2827, 2895, 2903, 7168, 3.51, 280.03, -37.60, 3.51, 279.94, -37.57, 0.00, 200.18, 19.85);
insert into SHOT values (2828, 2895, 2904, 7168, 3.28, 320.33, -46.70, 3.27, 320.42, -46.68, 0.01, 103.17, 48.61);
insert into SHOT values (2829, 2895, 2905, 7168, 1.86, 336.93, -40.70, 1.85, 336.91, -40.79, 0.01, 160.19, 20.44);
insert into SHOT values (2830, 2895, 2906, 7168, 0.90, 311.93, 30.40, 0.90, 311.88, 30.56, 0.01, 298.14, 58.58);
insert into SHOT values (2831, 2895, 2907, 7168, 0.87, 148.63, 10.20, 0.87, 148.35, 10.57, 0.01, 75.90, 53.71);
insert into SHOT values (2832, 2895, 2908, 7168, 3.10, 174.43, -47.50, 3.10, 174.26, -47.35, 0.01, 130.15, 32.76);
insert into SHOT values (2833, 2895, 2909, 7168, 0.91, 176.63, 28.90, 0.91, 176.42, 28.76, 0.01, 146.43, 2.16);
insert into SHOT values (2834, 2895, 2910, 7168, 0.90, 255.03, 67.10, 0.90, 255.17, 67.04, 0.00, 286.05, 28.10);
insert into SHOT values (2835, 2895, 2911, 7168, 3.34, 316.23, -39.60, 3.34, 316.26, -39.47, 0.01, 12.27, 79.01);
insert into SHOT values (2836, 2895, 2912, 7168, 3.18, 257.83, -42.00, 3.17, 257.79, -41.89, 0.01, 177.84, 77.91);
insert into SHOT values (2837, 2895, 2913, 7168, 0.44, 190.43, -67.80, 0.44, 190.01, -66.66, 0.01, 179.23, 48.66);
insert into SHOT values (2838, 2895, 2914, 7168, 0.84, 169.53, 25.10, 0.84, 169.43, 25.26, 0.00, 139.11, 54.30);
insert into SHOT values (2839, 2895, 2915, 7168, 0.89, 157.73, -2.60, 0.90, 157.72, -2.55, 0.01, 157.42, 2.72);
insert into SHOT values (2840, 2895, 2916, 7168, 2.57, 163.83, -42.50, 2.57, 163.76, -42.38, 0.01, 94.79, 70.45);
insert into SHOT values (2841, 2916, 2917, 7168, 1.98, 38.23, 3.10, 1.98, 38.21, 2.90, 0.01, 227.07, -56.85);
insert into SHOT values (2842, 2916, 2918, 7168, 3.40, 5.13, 0.60, 3.39, 5.07, 0.51, 0.01, 211.51, -37.56);
insert into SHOT values (2843, 2916, 2919, 7168, 4.12, 337.13, -0.30, 4.11, 337.11, -0.28, 0.01, 166.89, 14.36);
insert into SHOT values (2844, 2916, 2920, 7168, 4.25, 319.63, -0.80, 4.24, 319.59, -0.81, 0.01, 160.05, -4.73);
insert into SHOT values (2845, 2916, 2921, 7168, 4.36, 308.43, -3.00, 4.36, 308.37, -3.03, 0.01, 171.09, -16.41);
insert into SHOT values (2846, 2916, 2922, 7168, 1.36, 286.03, -7.70, 1.36, 285.89, -7.59, 0.01, 245.75, 23.55);
insert into SHOT values (2847, 2916, 2923, 7168, 1.40, 249.43, 0.10, 1.40, 249.49, 0.00, 0.00, 19.91, -49.47);
insert into SHOT values (2848, 2916, 2924, 7168, 2.03, 183.83, 0.70, 2.03, 183.95, 0.56, 0.01, 224.06, -36.41);
insert into SHOT values (2849, 2916, 2925, 7168, 0.93, 213.33, 62.50, 0.93, 213.69, 62.18, 0.01, 253.66, -49.26);
insert into SHOT values (2850, 2916, 2926, 7168, 1.42, 194.23, 31.70, 1.42, 194.38, 31.49, 0.01, 289.61, -62.05);
insert into SHOT values (2851, 2916, 2927, 7168, 1.66, 216.33, 16.10, 1.66, 216.08, 16.08, 0.01, 136.58, -2.81);
insert into SHOT values (2852, 2916, 2928, 7168, 2.28, 350.83, 44.50, 2.28, 350.77, 44.63, 0.01, 187.89, 19.42);
insert into SHOT values (2853, 2916, 2929, 7168, 3.00, 339.23, 47.50, 3.00, 339.15, 47.54, 0.01, 193.09, -19.59);
insert into SHOT values (2854, 2916, 2930, 7168, 3.31, 6.73, 13.80, 3.31, 6.79, 13.82, 0.00, 123.81, 6.20);
insert into SHOT values (2855, 2916, 2931, 7168, 1.83, 349.73, 24.00, 1.82, 349.63, 23.93, 0.01, 200.35, -39.13);
insert into SHOT values (2856, 2916, 2932, 7168, 1.87, 335.53, 34.20, 1.87, 335.59, 34.14, 0.00, 17.33, -24.30);
insert into SHOT values (2857, 2916, 2933, 7168, 1.61, 318.83, 34.60, 1.60, 318.69, 34.62, 0.01, 161.93, -28.05);
insert into SHOT values (2858, 2916, 2934, 7168, 2.95, 300.03, -12.40, 2.95, 300.04, -12.54, 0.01, 111.33, -53.49);
insert into SHOT values (2859, 2916, 2935, 7168, 1.09, 37.73, -16.30, 1.09, 37.97, -16.60, 0.01, 181.22, -28.60);
insert into SHOT values (2860, 2916, 2936, 7168, 0.66, 327.93, -44.40, 0.66, 327.99, -44.28, 0.00, 43.20, 72.01);
insert into SHOT values (2861, 2916, 2937, 7168, 0.80, 278.93, -49.30, 0.81, 278.75, -49.22, 0.01, 258.43, -36.40);
insert into SHOT values (2862, 2916, 2938, 7168, 4.02, 306.93, -3.30, 4.02, 306.90, -3.28, 0.00, 235.46, 33.89);
insert into SHOT values (2863, 2938, 2939, 7168, 4.32, 89.43, 6.10, 4.32, 89.47, 6.11, 0.01, 122.45, 9.62);
insert into SHOT values (2864, 2938, 2940, 7168, 4.15, 74.73, 6.50, 4.15, 74.82, 6.50, 0.01, 159.49, 1.80);
insert into SHOT values (2865, 2938, 2941, 7168, 2.55, 60.83, 5.60, 2.56, 60.81, 5.62, 0.01, 54.39, 13.01);
insert into SHOT values (2866, 2938, 2942, 7168, 2.42, 43.23, 0.90, 2.42, 43.33, 0.71, 0.01, 138.27, -62.51);
insert into SHOT values (2867, 2938, 2943, 7168, 1.65, 81.93, 53.40, 1.65, 81.87, 53.13, 0.01, 72.88, -36.62);
insert into SHOT values (2868, 2938, 2944, 7168, 2.87, 119.43, 70.40, 2.87, 119.23, 70.38, 0.00, 25.95, -47.92);
insert into SHOT values (2869, 2938, 2945, 7168, 3.75, 114.63, 52.90, 3.75, 114.53, 52.86, 0.00, 55.04, -11.69);
insert into SHOT values (2870, 2938, 2946, 7168, 3.41, 97.33, 39.90, 3.41, 97.45, 39.74, 0.01, 140.14, -41.46);
insert into SHOT values (2871, 2938, 2947, 7168, 1.50, 169.83, 12.90, 1.50, 169.77, 12.71, 0.01, 115.78, -68.26);
insert into SHOT values (2872, 2938, 2948, 7168, 1.76, 171.73, 35.90, 1.76, 171.53, 35.85, 0.01, 80.22, -22.25);
insert into SHOT values (2873, 2938, 2949, 7168, 4.53, 122.23, 3.90, 4.54, 122.18, 3.79, 0.01, 88.91, -50.23);
insert into SHOT values (2874, 2938, 2950, 7168, 4.49, 108.33, 8.00, 4.49, 108.35, 7.94, 0.01, 202.12, -67.03);
insert into SHOT values (2875, 2938, 2951, 7168, 3.47, 100.43, 56.90, 3.47, 100.30, 56.76, 0.01, 64.96, -44.63);
insert into SHOT values (2876, 2938, 2952, 7168, 2.63, 138.23, 77.20, 2.63, 138.45, 77.07, 0.01, 161.41, -38.92);
insert into SHOT values (2877, 2938, 2953, 7168, 1.42, 82.43, 81.40, 1.42, 81.87, 81.38, 0.00, 346.39, -62.80);
insert into SHOT values (2878, 2938, 2954, 7168, 0.63, 14.33, 7.80, 0.63, 14.93, 7.34, 0.01, 130.63, -36.96);
insert into SHOT values (2879, 2938, 2955, 7168, 0.48, 269.73, 10.10, 0.48, 270.00, 9.66, 0.01, 48.60, -50.79);
insert into SHOT values (2880, 2938, 2956, 7168, 0.96, 208.83, 9.60, 0.96, 208.47, 9.62, 0.01, 96.60, -0.87);
insert into SHOT values (2881, 2938, 2957, 7168, 1.37, 174.73, 8.20, 1.37, 174.50, 7.97, 0.01, 87.29, -45.09);
insert into SHOT values (2882, 2938, 2958, 7168, 1.55, 161.63, 8.00, 1.55, 161.45, 7.77, 0.01, 118.28, -39.14);
insert into SHOT values (2883, 2938, 2959, 7168, 1.72, 143.93, 6.20, 1.72, 143.80, 6.01, 0.01, 56.55, -56.70);
insert into SHOT values (2884, 2938, 2960, 7168, 2.28, 133.13, 7.90, 2.28, 133.21, 7.80, 0.01, 164.10, -27.82);
insert into SHOT values (2885, 2938, 2961, 7168, 4.65, 123.43, 4.00, 4.65, 123.48, 3.95, 0.01, 196.53, -41.77);
insert into SHOT values (2886, 2938, 2962, 7168, 4.49, 114.63, 3.20, 4.50, 114.62, 3.19, 0.01, 111.79, -7.09);
insert into SHOT values (2887, 2938, 2963, 7168, 1.69, 107.43, 3.90, 1.69, 107.58, 3.73, 0.01, 165.49, -43.54);
insert into SHOT values (2888, 2938, 2964, 7168, 4.47, 90.63, 5.40, 4.47, 90.64, 5.39, 0.00, 175.47, -26.69);
insert into SHOT values (2889, 2938, 2965, 7168, 2.60, 103.33, -14.80, 2.61, 103.32, -14.90, 0.01, 98.21, -55.65);
insert into SHOT values (2890, 2938, 2966, 7168, 2.42, 117.43, -17.60, 2.42, 117.34, -17.78, 0.01, 45.49, -66.57);
insert into SHOT values (2891, 2938, 2967, 7168, 2.18, 70.73, -16.60, 2.18, 70.70, -16.79, 0.01, 281.82, -73.72);
insert into SHOT values (2892, 2938, 2968, 7168, 2.50, 92.73, -14.90, 2.51, 92.84, -15.02, 0.01, 126.70, -40.22);
insert into SHOT values (2893, 2916, 2969, 7168, 3.79, 202.23, 0.90, 3.79, 202.17, 0.91, 0.00, 120.54, 6.62);
insert into SHOT values (2894, 2969, 2970, 7168, 0.85, 197.43, 64.40, 0.84, 197.45, 64.23, 0.01, 359.11, -86.38);
insert into SHOT values (2895, 2969, 2971, 7168, 3.35, 178.33, 2.10, 3.35, 178.46, 2.05, 0.01, 244.62, -17.81);
insert into SHOT values (2896, 2969, 2972, 7168, 1.51, 199.13, 2.60, 1.52, 199.27, 2.65, 0.01, 229.95, 11.32);
insert into SHOT values (2897, 2969, 2973, 7168, 7.01, 16.13, 3.50, 7.01, 16.10, 3.52, 0.00, 245.52, 28.09);
insert into SHOT values (2898, 2969, 2974, 7168, 0.32, 88.53, 3.70, 0.32, 88.21, 3.57, 0.00, 23.34, -18.45);
insert into SHOT values (2899, 2969, 2975, 7168, 10.06, 178.53, -46.60, 10.06, 178.59, -46.60, 0.01, 268.63, -4.89);
insert into SHOT values (2900, 2969, 2976, 7168, 4.51, 200.13, -54.40, 4.52, 200.22, -54.35, 0.01, 233.19, -19.45);
insert into SHOT values (2901, 2969, 2977, 7168, 1.24, 261.13, -80.30, 1.24, 261.87, -80.14, 0.00, 301.93, 28.35);
insert into SHOT values (2902, 2969, 2978, 7168, 9.43, 150.93, -59.20, 9.43, 150.99, -59.22, 0.01, 271.48, -0.07);
insert into SHOT values (2903, 2969, 2979, 7168, 13.94, 155.93, -65.90, 13.95, 155.96, -65.90, 0.01, 211.96, -55.71);
insert into SHOT values (2904, 2969, 2980, 7168, 10.97, 188.03, -65.00, 10.97, 188.06, -65.00, 0.00, 284.94, 38.91);
insert into SHOT values (2905, 2969, 2981, 7168, 14.04, 163.43, -67.20, 14.05, 163.46, -67.19, 0.01, 199.79, -51.29);
insert into SHOT values (2906, 2969, 2982, 7168, 7.34, 149.93, -54.70, 7.34, 149.99, -54.72, 0.01, 275.40, 4.72);
insert into SHOT values (2907, 2969, 2983, 7168, 6.32, 192.93, -60.50, 6.32, 193.01, -60.52, 0.01, 310.50, 7.39);
insert into SHOT values (2908, 2969, 2984, 7168, 10.78, 192.03, -68.20, 10.78, 192.09, -68.17, 0.01, 232.15, -7.13);
insert into SHOT values (2909, 2969, 2985, 7168, 9.27, 144.53, -63.30, 9.27, 144.59, -63.33, 0.01, 286.18, 11.78);
insert into SHOT values (2910, 2969, 2986, 7168, 0.75, 169.63, -18.90, 0.75, 170.27, -19.39, 0.01, 255.32, -41.35);
insert into SHOT values (2911, 2969, 2987, 7168, 4.70, 168.03, -16.30, 4.70, 168.09, -16.32, 0.01, 296.75, -7.54);
insert into SHOT values (2912, 2969, 2988, 7168, 1.71, 182.03, 17.80, 1.71, 182.11, 17.68, 0.00, 220.04, -36.09);
insert into SHOT values (2913, 2969, 2989, 7168, 0.81, 236.43, 1.10, 0.82, 236.50, 0.70, 0.01, 247.71, -44.38);
insert into SHOT values (2914, 2969, 2990, 7168, 10.68, 185.13, -58.50, 10.68, 185.14, -58.50, 0.00, 213.38, -57.28);
insert into SHOT values (2915, 2969, 2991, 7168, 14.02, 160.33, -65.20, 14.02, 160.33, -65.20, 0.00, 174.89, -49.14);
insert into SHOT values (2916, 2969, 2992, 7168, 0.22, 171.53, -62.40, 0.22, 174.29, -63.32, 0.01, 279.20, -44.73);
insert into SHOT values (2917, 2969, 2993, 7168, 14.23, 171.43, -62.50, 14.23, 171.43, -62.49, 0.00, 169.84, 37.90);
insert into SHOT values (2918, 2969, 2994, 7168, 14.29, 171.43, -62.40, 14.30, 171.49, -62.40, 0.01, 243.39, -38.41);
insert into SHOT values (2919, 2994, 2995, 7168, 0.21, 171.53, -62.40, 0.20, 167.47, -62.88, 0.01, 42.28, 35.93);
insert into SHOT values (2920, 2994, 2996, 7168, 2.73, 38.43, 0.90, 2.73, 38.46, 1.05, 0.01, 65.63, 61.81);
insert into SHOT values (2921, 2994, 2997, 7168, 3.67, 5.83, 1.60, 3.67, 5.94, 1.72, 0.01, 87.08, 44.84);
insert into SHOT values (2922, 2994, 2998, 7168, 3.07, 339.33, 3.10, 3.07, 339.38, 3.17, 0.00, 49.93, 53.68);
insert into SHOT values (2923, 2994, 2999, 7168, 3.75, 14.43, 33.30, 3.75, 14.39, 33.28, 0.00, 349.03, 14.08);
insert into SHOT values (2924, 2994, 3000, 7168, 9.52, 8.13, 48.70, 9.53, 8.14, 48.73, 0.01, 93.78, 77.40);
insert into SHOT values (2925, 2994, 3001, 7168, 13.43, 352.73, 63.10, 13.43, 352.72, 63.10, 0.00, 344.43, 48.50);
insert into SHOT values (2926, 2994, 3002, 7168, 7.76, 327.33, 64.80, 7.76, 327.37, 64.82, 0.00, 108.43, -20.61);
insert into SHOT values (2927, 2994, 3003, 7168, 8.15, 5.23, 46.60, 8.16, 5.22, 46.62, 0.01, 357.89, 67.28);
insert into SHOT values (2928, 2994, 3004, 7168, 4.24, 32.63, 72.50, 4.25, 32.57, 72.44, 0.01, 22.50, 42.91);
insert into SHOT values (2929, 2994, 3005, 7168, 4.24, 77.83, 69.60, 4.25, 77.93, 69.57, 0.01, 107.34, 46.93);
insert into SHOT values (2930, 2994, 3006, 7168, 3.63, 30.23, 45.20, 3.63, 30.27, 45.23, 0.00, 91.45, 61.30);
insert into SHOT values (2931, 2994, 3007, 7168, 3.72, 8.73, 26.90, 3.72, 8.84, 26.98, 0.01, 82.14, 45.92);
insert into SHOT values (2932, 2994, 3008, 7168, 2.57, 309.23, 16.00, 2.57, 309.42, 16.02, 0.01, 25.78, 10.66);
insert into SHOT values (2933, 2994, 3009, 7168, 1.46, 281.53, 62.10, 1.46, 281.80, 62.05, 0.00, 350.21, -4.82);
insert into SHOT values (2934, 2994, 3010, 7168, 3.07, 96.13, 10.80, 3.07, 96.09, 10.88, 0.01, 40.83, 62.65);
insert into SHOT values (2935, 2994, 3011, 7168, 2.43, 122.63, 14.30, 2.44, 122.55, 14.26, 0.01, 93.54, -1.73);
insert into SHOT values (2936, 2994, 3012, 7168, 1.98, 141.53, 13.30, 1.98, 141.53, 13.41, 0.00, 140.45, 67.53);
insert into SHOT values (2937, 2994, 3013, 7168, 3.52, 163.93, 6.40, 3.52, 163.90, 6.52, 0.01, 48.82, 75.28);
insert into SHOT values (2938, 2994, 3014, 7168, 1.66, 188.03, 7.30, 1.66, 188.03, 7.27, 0.00, 348.72, -65.56);
insert into SHOT values (2939, 2994, 3015, 7168, 0.86, 235.03, 11.90, 0.86, 235.18, 12.09, 0.00, 349.33, 48.06);
insert into SHOT values (2940, 2994, 3016, 7168, 4.27, 46.63, 69.80, 4.28, 46.64, 69.67, 0.01, 47.93, 13.34);
insert into SHOT values (2941, 2994, 3017, 7168, 11.46, 1.53, 62.30, 11.47, 1.61, 62.29, 0.01, 59.22, 19.86);
insert into SHOT values (2942, 2994, 3018, 7168, 13.06, 353.43, 66.00, 13.06, 353.52, 65.99, 0.01, 70.01, -6.00);
insert into SHOT values (2943, 2994, 3019, 7168, 14.35, 346.43, 69.30, 14.36, 346.43, 69.31, 0.01, 148.96, 82.73);
insert into SHOT values (2944, 2994, 3020, 7168, 7.65, 332.83, 49.70, 7.65, 332.81, 49.74, 0.01, 191.24, 71.46);
insert into SHOT values (2945, 2994, 3021, 7168, 2.69, 177.73, 14.90, 2.69, 177.57, 15.11, 0.01, 42.55, 39.21);
insert into SHOT values (2946, 2994, 3022, 7168, 3.38, 162.63, 12.00, 3.38, 162.55, 12.14, 0.01, 27.84, 50.38);
insert into SHOT values (2947, 2994, 3023, 7168, 2.11, 143.93, 19.00, 2.11, 143.76, 19.07, 0.01, 64.45, 27.53);
insert into SHOT values (2948, 2994, 3024, 7168, 2.05, 130.83, 20.00, 2.05, 130.79, 19.95, 0.00, 104.13, -25.35);
insert into SHOT values (2949, 2994, 3025, 7168, 3.06, 106.93, 17.90, 3.06, 106.76, 17.88, 0.01, 28.73, -3.29);
insert into SHOT values (2950, 2994, 3026, 7168, 3.13, 92.23, 9.00, 3.13, 92.22, 9.00, 0.00, 82.16, 22.30);
insert into SHOT values (2951, 2994, 3027, 7168, 2.84, 173.53, 7.30, 2.84, 173.48, 7.28, 0.00, 112.04, -18.31);
insert into SHOT values (2952, 3027, 3028, 7168, 2.90, 118.73, -7.20, 2.90, 118.71, -7.14, 0.01, 313.32, 39.87);
insert into SHOT values (2953, 3027, 3029, 7168, 4.10, 113.33, -30.70, 4.10, 113.22, -30.66, 0.01, 24.87, 26.12);
insert into SHOT values (2954, 3027, 3030, 7168, 10.45, 103.43, -41.30, 10.45, 103.40, -41.26, 0.01, 52.61, 55.23);
insert into SHOT values (2955, 3027, 3031, 7168, 11.26, 95.63, -50.00, 11.25, 95.63, -49.99, 0.01, 263.23, 62.60);
insert into SHOT values (2956, 3027, 3032, 7168, 9.59, 82.33, -51.20, 9.59, 82.26, -51.16, 0.01, 31.45, 23.25);
insert into SHOT values (2957, 3027, 3033, 7168, 3.10, 132.03, -34.70, 3.09, 131.97, -34.70, 0.01, 332.83, 34.10);
insert into SHOT values (2958, 3027, 3034, 7168, 4.69, 131.63, -58.40, 4.69, 131.54, -58.36, 0.01, 51.22, 49.57);
insert into SHOT values (2959, 3027, 3035, 7168, 0.96, 56.73, -6.30, 0.96, 56.48, -5.95, 0.01, 18.92, 37.90);
insert into SHOT values (2960, 3027, 3036, 7168, 0.61, 108.03, 77.20, 0.62, 107.10, 77.23, 0.01, 39.26, 65.48);
insert into SHOT values (2961, 3027, 3037, 7168, 1.52, 326.93, 7.70, 1.53, 327.15, 7.91, 0.01, 14.44, 38.34);
insert into SHOT values (2962, 3027, 3038, 7168, 6.46, 343.63, 7.50, 6.46, 343.69, 7.56, 0.01, 47.43, 42.60);
insert into SHOT values (2963, 3027, 3039, 7168, 5.37, 11.63, 1.80, 5.37, 11.60, 1.81, 0.00, 328.34, 22.06);
insert into SHOT values (2964, 3027, 3040, 7168, 4.81, 54.93, -76.30, 4.81, 54.64, -76.28, 0.01, 336.59, 28.19);
insert into SHOT values (2965, 3027, 3041, 7168, 9.04, 79.43, -48.30, 9.04, 79.36, -48.30, 0.01, 346.44, -3.32);
insert into SHOT values (2966, 3027, 3042, 7168, 9.33, 73.53, -56.10, 9.33, 73.48, -56.08, 0.01, 357.90, 42.45);
insert into SHOT values (2967, 3027, 3043, 7168, 9.17, 63.43, -57.50, 9.17, 63.38, -57.46, 0.01, 30.07, 29.62);
insert into SHOT values (2968, 3027, 3044, 7168, 3.12, 128.83, -35.80, 3.11, 128.73, -35.78, 0.01, 348.05, 37.10);
insert into SHOT values (2969, 3027, 3045, 7168, 4.68, 127.33, -53.60, 4.67, 127.24, -53.56, 0.01, 21.86, 58.12);
insert into SHOT values (2970, 3027, 3046, 7168, 4.86, 125.63, -66.40, 4.86, 125.57, -66.42, 0.01, 335.79, 43.60);
insert into SHOT values (2971, 3027, 3047, 7168, 9.23, 75.53, -57.30, 9.23, 75.49, -57.26, 0.01, 25.93, 59.67);
insert into SHOT values (2972, 3027, 3048, 7168, 9.16, 66.23, -57.10, 9.16, 66.17, -57.10, 0.01, 322.49, 9.61);
insert into SHOT values (2973, 3027, 3049, 7168, 9.82, 86.23, -50.00, 9.82, 86.19, -49.98, 0.01, 18.10, 27.77);
insert into SHOT values (2974, 3027, 3050, 7168, 10.57, 105.03, -41.50, 10.57, 105.00, -41.47, 0.01, 59.42, 38.30);
insert into SHOT values (2975, 3027, 3051, 7168, 6.54, 96.73, -38.40, 6.54, 96.72, -38.38, 0.00, 348.69, 80.95);
insert into SHOT values (2976, 3027, 3052, 7168, 6.94, 89.13, -37.80, 6.94, 89.06, -37.79, 0.01, 334.71, 26.68);
insert into SHOT values (2977, 3027, 3053, 7168, 1.14, 85.43, -15.90, 1.14, 85.28, -15.82, 0.00, 311.74, 30.81);
insert into SHOT values (2978, 3027, 3054, 7168, 2.08, 103.03, -12.20, 2.08, 102.80, -12.23, 0.01, 355.12, -3.07);
insert into SHOT values (2979, 3027, 3055, 7168, 5.66, 85.83, -55.50, 5.66, 85.71, -55.45, 0.01, 21.50, 32.29);
insert into SHOT values (2980, 3055, 3056, 7168, 5.67, 82.53, -52.70, 5.67, 82.65, -52.68, 0.01, 154.87, 2.52);
insert into SHOT values (2981, 3055, 3057, 7168, 3.17, 241.33, 22.90, 3.17, 241.33, 22.86, 0.00, 61.27, -56.29);
insert into SHOT values (2982, 3055, 3058, 7168, 3.51, 266.23, 37.60, 3.51, 266.09, 37.52, 0.01, 216.05, -10.54);
insert into SHOT values (2983, 3055, 3059, 7168, 5.12, 239.73, 60.50, 5.12, 239.78, 60.50, 0.00, 291.02, 53.56);
insert into SHOT values (2984, 3055, 3060, 7168, 4.40, 194.23, 87.10, 4.40, 195.26, 87.03, 0.01, 231.44, -32.82);
insert into SHOT values (2985, 3055, 3061, 7168, 3.46, 126.13, 25.40, 3.46, 126.28, 25.33, 0.01, 212.03, -25.66);
insert into SHOT values (2986, 3055, 3062, 7168, 2.15, 83.73, 19.70, 2.15, 83.75, 19.60, 0.01, 240.00, -63.63);
insert into SHOT values (2987, 3055, 3063, 7168, 3.85, 58.23, -41.70, 3.85, 58.25, -41.74, 0.01, 226.18, 12.26);
insert into SHOT values (2988, 3055, 3064, 7168, 2.80, 70.53, -13.70, 2.79, 70.63, -13.67, 0.01, 214.54, 20.68);
insert into SHOT values (2989, 3055, 3065, 7168, 5.19, 120.83, -7.60, 5.19, 120.85, -7.63, 0.01, 147.64, -38.77);
insert into SHOT values (2990, 3055, 3066, 7168, 5.00, 134.63, -4.70, 5.00, 134.59, -4.70, 0.00, 79.90, -4.97);
insert into SHOT values (2991, 3055, 3067, 7168, 5.45, 139.93, -25.80, 5.45, 139.96, -25.76, 0.01, 167.02, 20.44);
insert into SHOT values (2992, 3055, 3068, 7168, 5.81, 134.83, -38.50, 5.81, 134.91, -38.53, 0.01, 227.03, -25.53);
insert into SHOT values (2993, 3055, 3069, 7168, 5.65, 107.63, -48.90, 5.65, 107.70, -48.90, 0.01, 177.69, -24.08);
insert into SHOT values (2994, 3055, 3070, 7168, 11.48, 162.33, -51.00, 11.48, 162.37, -50.98, 0.01, 207.34, 12.84);
insert into SHOT values (2995, 3055, 3071, 7168, 11.31, 162.63, -49.70, 11.31, 162.66, -49.72, 0.01, 289.03, -43.03);
insert into SHOT values (2996, 3055, 3072, 7168, 12.06, 157.33, -56.70, 12.06, 157.35, -56.70, 0.00, 258.21, -3.96);
insert into SHOT values (2997, 3055, 3073, 7168, 2.84, 187.53, 32.50, 2.85, 187.66, 32.50, 0.01, 229.13, 26.22);
insert into SHOT values (2998, 3055, 3074, 7168, 1.83, 154.43, 11.30, 1.83, 154.58, 11.35, 0.01, 254.59, 16.45);
insert into SHOT values (2999, 3055, 3075, 7168, 12.79, 160.93, -53.10, 12.79, 160.93, -53.10, 0.00, 165.62, -41.73);
insert into SHOT values (3000, 3075, 3076, 7168, 12.79, 168.73, -51.00, 12.79, 168.75, -51.02, 0.01, 316.85, -3.41);
insert into SHOT values (3001, 3075, 3077, 7168, 6.93, 353.83, 78.20, 6.94, 353.93, 78.20, 0.01, 66.11, 67.91);
insert into SHOT values (3002, 3075, 3078, 7168, 14.98, 347.73, 56.60, 14.98, 347.75, 56.60, 0.01, 52.23, 47.11);
insert into SHOT values (3003, 3075, 3079, 7168, 14.26, 352.23, 49.10, 14.26, 352.24, 49.11, 0.00, 106.20, 27.72);
insert into SHOT values (3004, 3075, 3080, 7168, 6.05, 345.73, 9.80, 6.05, 345.73, 9.80, 0.00, 355.93, 5.73);
insert into SHOT values (3005, 3075, 3081, 7168, 6.78, 345.93, 30.00, 6.78, 345.89, 30.02, 0.01, 202.47, 0.00);
insert into SHOT values (3006, 3075, 3082, 7168, 7.23, 341.33, 48.50, 7.24, 341.26, 48.51, 0.01, 283.19, 38.65);
insert into SHOT values (3007, 3075, 3083, 7168, 6.54, 347.73, -5.70, 6.54, 347.67, -5.70, 0.01, 279.13, -3.82);
insert into SHOT values (3008, 3075, 3084, 7168, 7.32, 316.53, 1.80, 7.32, 316.49, 1.80, 0.01, 274.82, 0.67);
insert into SHOT values (3009, 3075, 3085, 7168, 6.04, 312.83, 34.60, 6.04, 312.80, 34.59, 0.00, 274.46, 3.48);
insert into SHOT values (3010, 3075, 3086, 7168, 6.34, 317.33, 61.20, 6.35, 317.39, 61.19, 0.01, 3.47, 43.93);
insert into SHOT values (3011, 3075, 3087, 7168, 3.34, 287.33, -10.80, 3.34, 287.39, -10.70, 0.01, 34.10, 59.15);
insert into SHOT values (3012, 3075, 3088, 7168, 3.15, 285.53, 26.40, 3.15, 285.42, 26.39, 0.01, 195.62, -6.25);
insert into SHOT values (3013, 3075, 3089, 7168, 5.29, 289.13, 69.00, 5.29, 289.10, 69.02, 0.00, 136.37, 40.15);
insert into SHOT values (3014, 3075, 3090, 7168, 1.59, 35.03, 33.10, 1.59, 34.89, 33.21, 0.00, 260.77, 20.43);
insert into SHOT values (3015, 3075, 3091, 7168, 6.73, 18.83, 86.90, 6.73, 19.44, 86.93, 0.01, 150.34, -1.69);
insert into SHOT values (3016, 3075, 3092, 7168, 2.20, 29.13, 39.60, 2.20, 28.99, 39.61, 0.01, 261.39, -24.36);
insert into SHOT values (3017, 3075, 3093, 7168, 2.72, 274.33, 0.40, 2.72, 274.22, 0.42, 0.01, 157.26, 10.15);
insert into SHOT values (3018, 3075, 3094, 7168, 4.38, 284.83, 61.60, 4.38, 284.70, 61.52, 0.01, 243.21, -22.62);
insert into SHOT values (3019, 3075, 3095, 7168, 5.60, 302.43, 74.40, 5.61, 302.53, 74.41, 0.01, 24.70, 66.57);
insert into SHOT values (3020, 3075, 3096, 7168, 8.41, 317.63, -3.40, 8.41, 317.61, -3.41, 0.00, 223.25, -22.91);
insert into SHOT values (3021, 3075, 3097, 7168, 8.06, 335.43, -0.20, 8.06, 335.44, -0.21, 0.00, 88.94, -46.43);
insert into SHOT values (3022, 3075, 3098, 7168, 5.34, 6.83, 10.40, 5.34, 6.79, 10.47, 0.01, 220.70, 42.24);
insert into SHOT values (3023, 3075, 3099, 7168, 6.52, 307.33, 1.70, 6.52, 307.33, 1.76, 0.01, 126.29, 66.03);
insert into SHOT values (3024, 3099, 3100, 7168, 2.54, 206.63, 44.90, 2.54, 206.71, 44.80, 0.00, 245.92, -36.11);
insert into SHOT values (3025, 3099, 3101, 7168, 2.69, 210.73, 21.90, 2.69, 210.88, 21.85, 0.01, 319.18, -24.70);
insert into SHOT values (3026, 3099, 3102, 7168, 6.86, 137.23, 15.30, 6.86, 137.27, 15.30, 0.00, 230.28, -2.13);
insert into SHOT values (3027, 3099, 3103, 7168, 6.83, 114.83, 15.30, 6.82, 114.81, 15.31, 0.01, 303.97, -11.63);
insert into SHOT values (3028, 3099, 3104, 7168, 5.66, 97.63, 12.20, 5.66, 97.59, 12.15, 0.01, 322.61, -48.87);
insert into SHOT values (3029, 3099, 3105, 7168, 3.82, 69.53, 6.10, 3.81, 69.46, 6.02, 0.01, 279.72, -34.67);
insert into SHOT values (3030, 3099, 3106, 7168, 2.82, 32.73, 6.60, 2.82, 32.61, 6.52, 0.01, 306.97, -36.30);
insert into SHOT values (3031, 3099, 3107, 7168, 5.50, 93.73, 7.50, 5.50, 93.68, 7.42, 0.01, 342.31, -59.46);
insert into SHOT values (3032, 3099, 3108, 7168, 8.35, 121.03, 31.40, 8.34, 121.03, 31.43, 0.01, 295.89, -2.98);
insert into SHOT values (3033, 3099, 3109, 7168, 6.69, 95.53, 39.10, 6.68, 95.53, 39.08, 0.01, 270.19, -50.45);
insert into SHOT values (3034, 3099, 3110, 7168, 6.53, 83.03, 38.90, 6.53, 82.99, 38.92, 0.01, 304.93, -6.46);
insert into SHOT values (3035, 3099, 3111, 7168, 3.03, 47.53, 46.60, 3.03, 47.34, 46.60, 0.01, 307.14, -12.27);
insert into SHOT values (3036, 3099, 3112, 7168, 8.21, 115.73, 48.90, 8.20, 115.71, 48.89, 0.01, 323.17, -63.00);
insert into SHOT values (3037, 3099, 3113, 7168, 7.05, 126.33, 45.40, 7.04, 126.36, 45.39, 0.01, 286.71, -49.10);
insert into SHOT values (3038, 3099, 3114, 7168, 1.30, 185.83, -25.20, 1.30, 185.86, -25.46, 0.01, 288.75, -84.58);
insert into SHOT values (3039, 3099, 3115, 7168, 1.40, 237.63, -79.80, 1.40, 238.24, -79.85, 0.00, 347.40, -37.10);
insert into SHOT values (3040, 3099, 3116, 7168, 1.27, 189.23, -10.30, 1.27, 189.24, -10.46, 0.00, 6.00, -40.79);
insert into SHOT values (3041, 3099, 3117, 7168, 1.75, 164.53, 51.10, 1.75, 164.70, 51.06, 0.00, 254.29, -30.22);
insert into SHOT values (3042, 3099, 3118, 7168, 2.29, 228.13, -4.20, 2.29, 228.20, -4.26, 0.01, 7.83, -27.04);
insert into SHOT values (3043, 3099, 3119, 7168, 2.62, 208.73, 22.60, 2.62, 208.89, 22.44, 0.01, 278.46, -42.35);
insert into SHOT values (3044, 3099, 3120, 7168, 4.85, 222.83, -14.90, 4.86, 222.84, -14.92, 0.01, 236.79, -31.93);
insert into SHOT values (3045, 3099, 3121, 7168, 2.86, 237.03, -19.10, 2.86, 237.07, -19.17, 0.01, 287.23, -55.20);
insert into SHOT values (3046, 3121, 3122, 7168, 2.86, 235.03, -18.30, 2.87, 235.03, -18.30, 0.01, 234.33, -17.91);
insert into SHOT values (3047, 3121, 3123, 7168, 0.55, 172.03, 46.50, 0.55, 172.30, 46.97, 0.01, 333.00, 10.67);
insert into SHOT values (3048, 3121, 3124, 7168, 0.22, 101.73, -67.30, 0.22, 104.04, -67.59, 0.01, 228.73, 35.41);
insert into SHOT values (3049, 3121, 3125, 7168, 0.97, 201.33, 1.90, 0.97, 201.25, 1.78, 0.00, 39.99, -28.26);
insert into SHOT values (3050, 3121, 3126, 7168, 2.06, 161.73, -1.20, 2.06, 161.92, -1.11, 0.01, 233.23, 23.57);
insert into SHOT values (3051, 3121, 3127, 7168, 6.25, 148.43, -0.80, 6.25, 148.42, -0.83, 0.01, 333.98, -29.73);
insert into SHOT values (3052, 3121, 3128, 7168, 1.26, 125.43, 4.40, 1.26, 125.59, 4.56, 0.01, 244.30, 39.12);
insert into SHOT values (3053, 3121, 3129, 7168, 1.32, 78.73, 10.00, 1.31, 78.86, 10.08, 0.01, 229.72, 7.01);
insert into SHOT values (3054, 3121, 3130, 7168, 2.49, 88.13, 29.50, 2.49, 88.14, 29.65, 0.01, 262.07, 32.42);
insert into SHOT values (3055, 3121, 3131, 7168, 2.91, 113.83, 22.30, 2.91, 113.90, 22.24, 0.01, 230.81, -48.49);
insert into SHOT values (3056, 3121, 3132, 7168, 1.83, 186.03, -5.30, 1.83, 185.99, -5.34, 0.00, 32.04, -21.18);
insert into SHOT values (3057, 3121, 3133, 7168, 5.30, 140.13, 10.20, 5.30, 140.14, 10.23, 0.01, 308.79, 15.49);
insert into SHOT values (3058, 3121, 3134, 7168, 6.33, 145.73, 6.90, 6.33, 145.70, 6.90, 0.00, 20.98, -8.30);
insert into SHOT values (3059, 3121, 3135, 7168, 3.05, 143.33, 2.60, 3.05, 143.28, 2.63, 0.00, 4.01, 23.61);
insert into SHOT values (3060, 3121, 3136, 7168, 6.94, 150.43, 3.90, 6.94, 150.40, 3.88, 0.00, 55.54, -30.84);
insert into SHOT values (3061, 3121, 3137, 7168, 7.00, 151.13, 4.20, 7.00, 151.12, 4.18, 0.00, 342.98, -37.11);
insert into SHOT values (3062, 3137, 3138, 7168, 5.82, 150.63, 1.00, 5.82, 150.66, 0.99, 0.00, 283.59, -19.78);
insert into SHOT values (3063, 3138, 3139, 7168, 3.54, 182.43, 4.70, 3.55, 182.43, 4.69, 0.01, 186.86, -0.70);
insert into SHOT values (3064, 3138, 3140, 7168, 2.76, 172.43, 16.70, 2.76, 172.39, 16.84, 0.01, 71.58, 76.28);
insert into SHOT values (3065, 3138, 3141, 7168, 1.44, 150.23, 19.50, 1.44, 150.05, 19.41, 0.01, 106.61, -6.26);
insert into SHOT values (3066, 3138, 3142, 7168, 1.20, 86.43, 57.20, 1.20, 86.48, 57.19, 0.00, 112.93, 45.05);
insert into SHOT values (3067, 3138, 3143, 7168, 1.10, 43.03, -79.50, 1.10, 45.00, -79.61, 0.01, 153.80, 12.23);
insert into SHOT values (3068, 3138, 3144, 7168, 1.43, 46.53, -10.50, 1.42, 46.74, -10.52, 0.01, 182.86, 4.61);
insert into SHOT values (3069, 3138, 3145, 7168, 1.50, 3.63, -5.40, 1.50, 3.84, -5.36, 0.01, 93.64, 11.84);
insert into SHOT values (3070, 3138, 3146, 7168, 0.39, 253.83, 12.20, 0.39, 253.01, 13.45, 0.01, 122.04, 46.47);
insert into SHOT values (3071, 3138, 3147, 7168, 2.33, 285.03, -0.20, 2.33, 284.93, 0.00, 0.01, 175.66, 63.19);
insert into SHOT values (3072, 3138, 3148, 7168, 3.98, 298.83, -4.90, 3.98, 298.83, -4.91, 0.00, 116.20, -0.51);
insert into SHOT values (3073, 3138, 3149, 7168, 1.91, 285.63, -14.50, 1.91, 285.39, -14.28, 0.01, 174.29, 45.27);
insert into SHOT values (3074, 3138, 3150, 7168, 3.08, 294.83, -15.40, 3.07, 294.75, -15.29, 0.01, 143.71, 43.22);
insert into SHOT values (3075, 3138, 3151, 7168, 2.55, 287.93, -21.40, 2.55, 287.90, -21.38, 0.00, 233.98, 18.18);
insert into SHOT values (3076, 3138, 3152, 7168, 3.30, 307.33, -5.80, 3.30, 307.32, -5.74, 0.00, 137.11, 73.72);
insert into SHOT values (3077, 3138, 3153, 7168, 4.52, 297.63, -0.50, 4.51, 297.59, -0.51, 0.01, 142.58, -4.29);
insert into SHOT values (3078, 3138, 3154, 7168, 1.21, 0.13, 77.60, 1.22, 0.00, 77.68, 0.01, 286.55, 85.83);
insert into SHOT values (3079, 3138, 3155, 7168, 1.36, 86.33, 65.30, 1.37, 86.99, 65.28, 0.01, 155.89, 32.24);
insert into SHOT values (3080, 3138, 3156, 7168, 3.40, 305.33, -1.60, 3.39, 305.28, -1.52, 0.01, 151.35, 39.53);
insert into SHOT values (3081, 3138, 3157, 7168, 1.86, 287.33, -7.90, 1.86, 287.06, -7.73, 0.01, 188.22, 32.74);
insert into SHOT values (3082, 3138, 3158, 7168, 3.22, 307.93, -5.70, 3.21, 308.02, -5.71, 0.01, 85.35, -1.48);
insert into SHOT values (3083, 3158, 3159, 7168, 1.98, 254.43, 12.30, 1.99, 254.46, 12.49, 0.01, 264.41, 51.59);
insert into SHOT values (3084, 3158, 3160, 7168, 1.34, 255.33, 53.40, 1.35, 254.93, 53.21, 0.01, 223.02, 22.05);
insert into SHOT values (3085, 3158, 3161, 7168, 1.63, 257.13, -31.60, 1.63, 257.16, -31.36, 0.01, 264.00, 31.77);
insert into SHOT values (3086, 3158, 3162, 7168, 1.39, 259.73, -51.50, 1.39, 259.46, -50.99, 0.01, 236.48, 37.26);
insert into SHOT values (3087, 3158, 3163, 7168, 1.96, 267.43, -65.40, 1.96, 267.21, -65.24, 0.01, 235.56, 19.44);
insert into SHOT values (3088, 3158, 3164, 7168, 11.11, 289.13, -40.00, 11.11, 289.07, -40.01, 0.01, 173.89, 8.97);
insert into SHOT values (3089, 3158, 3165, 7168, 11.65, 289.93, -42.10, 11.65, 289.88, -42.09, 0.01, 210.12, 3.85);
insert into SHOT values (3090, 3158, 3166, 7168, 4.44, 285.03, -19.40, 4.44, 284.93, -19.33, 0.01, 222.40, 31.39);
insert into SHOT values (3091, 3158, 3167, 7168, 2.41, 276.23, 19.30, 2.41, 276.06, 19.39, 0.01, 170.35, 26.95);
insert into SHOT values (3092, 3158, 3168, 7168, 0.71, 288.73, 76.20, 0.71, 287.35, 76.34, 0.00, 174.87, 6.43);
insert into SHOT values (3093, 3158, 3169, 7168, 0.56, 20.43, 42.70, 0.56, 20.22, 43.18, 0.01, 212.66, 1.96);
insert into SHOT values (3094, 3158, 3170, 7168, 1.06, 221.73, 0.40, 1.07, 221.59, 0.54, 0.01, 206.80, 14.59);
insert into SHOT values (3095, 3158, 3171, 7168, 2.48, 143.73, 1.10, 2.48, 143.87, 1.16, 0.01, 262.02, 18.72);
insert into SHOT values (3096, 3158, 3172, 7168, 5.65, 156.43, 11.30, 5.65, 156.49, 11.33, 0.01, 251.89, 25.65);
insert into SHOT values (3097, 3158, 3173, 7168, 3.75, 151.53, 9.70, 3.75, 151.56, 9.82, 0.01, 252.07, 73.89);
insert into SHOT values (3098, 3158, 3174, 7168, 3.51, 143.53, 10.80, 3.52, 143.59, 10.82, 0.01, 176.56, 17.00);
insert into SHOT values (3099, 3158, 3175, 7168, 2.35, 144.43, -0.10, 2.35, 144.69, 0.00, 0.01, 219.59, 20.23);
insert into SHOT values (3100, 3158, 3176, 7168, 2.74, 147.83, -11.80, 2.74, 147.97, -11.81, 0.01, 271.69, 2.24);
insert into SHOT values (3101, 3158, 3177, 7168, 1.63, 148.43, -23.80, 1.63, 148.64, -23.44, 0.01, 185.30, 39.54);
insert into SHOT values (3102, 3158, 3178, 7168, 1.44, 152.43, -30.50, 1.44, 152.61, -30.51, 0.00, 267.64, 11.19);
insert into SHOT values (3103, 3158, 3179, 7168, 1.60, 144.83, -52.40, 1.59, 145.01, -52.22, 0.01, 229.51, 67.97);
insert into SHOT values (3104, 3158, 3180, 7168, 2.07, 235.63, 38.80, 2.08, 235.53, 38.65, 0.01, 222.65, 13.18);
insert into SHOT values (3105, 3158, 3181, 7168, 2.02, 255.73, -8.60, 2.03, 255.55, -8.52, 0.01, 209.95, 13.26);
insert into SHOT values (3106, 3158, 3182, 7168, 3.73, 294.23, -38.50, 3.73, 294.02, -38.44, 0.01, 225.37, 10.03);
insert into SHOT values (3107, 3182, 3183, 7168, 3.99, 306.83, 0.40, 3.99, 306.84, 0.43, 0.00, 112.48, 28.03);
insert into SHOT values (3108, 3182, 3184, 7168, 1.29, 257.73, -0.00, 1.29, 257.91, 0.00, 0.00, 6.99, 0.00);
insert into SHOT values (3109, 3182, 3185, 7168, 1.48, 212.23, -3.50, 1.48, 211.96, -3.50, 0.01, 92.49, 2.59);
insert into SHOT values (3110, 3182, 3186, 7168, 1.35, 174.73, -1.20, 1.35, 174.46, -1.28, 0.01, 56.17, -13.55);
insert into SHOT values (3111, 3182, 3187, 7168, 1.72, 118.83, 6.40, 1.72, 118.66, 6.34, 0.01, 31.36, -19.54);
insert into SHOT values (3112, 3182, 3188, 7168, 1.76, 158.53, 43.70, 1.76, 158.28, 43.85, 0.01, 45.74, 34.55);
insert into SHOT values (3113, 3182, 3189, 7168, 2.59, 194.33, 50.90, 2.59, 194.21, 50.96, 0.00, 57.76, 0.46);
insert into SHOT values (3114, 3182, 3190, 7168, 2.34, 243.63, 57.90, 2.34, 243.64, 57.97, 0.01, 59.67, -25.76);
insert into SHOT values (3115, 3182, 3191, 7168, 2.65, 285.43, 54.50, 2.65, 285.48, 54.59, 0.00, 79.21, 36.69);
insert into SHOT values (3116, 3182, 3192, 7168, 0.48, 8.23, 17.80, 0.49, 8.65, 17.87, 0.01, 30.94, 20.04);
insert into SHOT values (3117, 3182, 3193, 7168, 0.41, 60.93, 16.00, 0.41, 61.50, 15.44, 0.01, 105.26, -27.67);
insert into SHOT values (3118, 3182, 3194, 7168, 0.61, 317.73, 27.70, 0.61, 318.01, 28.32, 0.01, 83.73, 62.75);
insert into SHOT values (3119, 3182, 3195, 7168, 2.21, 247.43, -47.90, 2.21, 247.26, -48.04, 0.01, 98.75, -1.62);
insert into SHOT values (3120, 3182, 3196, 7168, 2.00, 215.03, -43.60, 2.00, 215.12, -43.73, 0.01, 12.09, -7.04);
insert into SHOT values (3121, 3182, 3197, 7168, 2.02, 176.63, -62.90, 2.02, 176.27, -62.88, 0.01, 103.39, -16.39);
insert into SHOT values (3122, 3182, 3198, 7168, 1.46, 288.33, -75.50, 1.46, 289.44, -75.66, 0.01, 54.21, 22.01);
insert into SHOT values (3123, 3198, 3199, 7168, 1.46, 279.43, -74.40, 1.46, 278.75, -74.37, 0.01, 211.89, -36.71);
insert into SHOT values (3124, 3198, 3200, 7168, 3.84, 333.63, -4.80, 3.84, 333.64, -4.78, 0.00, 353.66, 37.17);
insert into SHOT values (3125, 3198, 3201, 7168, 4.62, 295.13, -4.80, 4.62, 295.06, -4.84, 0.01, 200.86, -33.14);
insert into SHOT values (3126, 3198, 3202, 7168, 4.81, 277.73, -4.90, 4.81, 277.67, -4.89, 0.00, 194.13, 10.82);
insert into SHOT values (3127, 3198, 3203, 7168, 3.65, 326.13, 35.80, 3.65, 326.15, 35.72, 0.01, 359.71, -67.86);
insert into SHOT values (3128, 3198, 3204, 7168, 1.92, 326.53, 76.70, 1.92, 325.95, 76.57, 0.01, 283.75, 12.83);
insert into SHOT values (3129, 3198, 3205, 7168, 3.75, 266.03, 77.90, 3.74, 265.66, 77.79, 0.01, 226.44, -39.79);
insert into SHOT values (3130, 3198, 3206, 7168, 0.68, 52.53, 2.30, 0.68, 52.79, 2.53, 0.00, 167.28, 38.10);
insert into SHOT values (3131, 3198, 3207, 7168, 1.09, 30.93, -0.80, 1.09, 31.05, -1.06, 0.01, 181.66, -44.07);
insert into SHOT values (3132, 3198, 3208, 7168, 2.53, 4.23, -2.40, 2.53, 4.09, -2.49, 0.01, 261.83, -32.46);
insert into SHOT values (3133, 3198, 3209, 7168, 3.54, 352.33, 0.90, 3.54, 352.21, 0.81, 0.01, 286.09, -36.08);
insert into SHOT values (3134, 3198, 3210, 7168, 1.29, 131.23, 5.10, 1.29, 131.52, 4.90, 0.01, 243.33, -33.22);
insert into SHOT values (3135, 3198, 3211, 7168, 1.62, 189.33, 16.50, 1.62, 189.28, 16.53, 0.00, 32.21, -1.85);
insert into SHOT values (3136, 3198, 3212, 7168, 1.79, 217.43, 25.80, 1.79, 217.44, 25.82, 0.00, 250.48, 57.05);
insert into SHOT values (3137, 3198, 3213, 7168, 2.40, 226.73, 57.20, 2.40, 226.87, 57.20, 0.00, 289.25, 36.20);
insert into SHOT values (3138, 3198, 3214, 7168, 3.33, 219.53, 72.70, 3.33, 219.29, 72.63, 0.01, 177.79, 5.96);
insert into SHOT values (3139, 3198, 3215, 7168, 4.42, 163.43, 72.10, 4.41, 163.71, 72.13, 0.01, 285.48, -37.84);
insert into SHOT values (3140, 3198, 3216, 7168, 3.63, 329.93, 32.30, 3.63, 329.84, 32.33, 0.01, 205.02, 2.97);
insert into SHOT values (3141, 3198, 3217, 7168, 5.16, 306.93, 34.00, 5.16, 306.92, 33.95, 0.01, 250.93, -86.84);
insert into SHOT values (3142, 3198, 3218, 7168, 4.58, 282.33, 7.80, 4.59, 282.32, 7.77, 0.01, 280.33, -12.52);
insert into SHOT values (3143, 3198, 3219, 7168, 1.73, 262.13, 20.50, 1.73, 262.22, 20.27, 0.01, 292.18, -48.31);
insert into SHOT values (3144, 3198, 3220, 7168, 1.69, 265.53, 51.00, 1.69, 265.68, 50.94, 0.00, 6.04, -48.71);
insert into SHOT values (3145, 3198, 3221, 7168, 3.81, 285.43, 72.30, 3.81, 285.47, 72.25, 0.00, 298.99, 5.34);
insert into SHOT values (3146, 3198, 3222, 7168, 2.58, 301.23, 50.00, 2.58, 301.20, 49.88, 0.01, 277.44, -73.55);
insert into SHOT values (3147, 3198, 3223, 7168, 2.33, 292.83, 31.80, 2.34, 292.82, 31.78, 0.01, 290.07, 23.05);
insert into SHOT values (3148, 3198, 3224, 7168, 4.55, 291.63, 7.60, 4.56, 291.57, 7.57, 0.01, 253.46, -12.80);
insert into SHOT values (3149, 3198, 3225, 7168, 5.58, 294.03, -23.60, 5.58, 294.01, -23.66, 0.01, 172.36, -71.96);
insert into SHOT values (3150, 3198, 3226, 7168, 5.00, 317.63, -28.40, 5.00, 317.58, -28.39, 0.01, 276.98, -17.90);
insert into SHOT values (3151, 3198, 3227, 7168, 0.79, 298.03, -46.00, 0.80, 297.95, -45.78, 0.01, 290.96, -16.08);
insert into SHOT values (3152, 3198, 3228, 7168, 0.83, 263.23, -41.60, 0.83, 262.65, -41.34, 0.01, 208.29, 7.81);
insert into SHOT values (3153, 3198, 3229, 7168, 0.87, 337.63, -35.80, 0.87, 337.44, -35.93, 0.00, 209.37, -20.68);
insert into SHOT values (3154, 3198, 3230, 7168, 19.71, 302.93, -85.00, 19.71, 302.86, -85.01, 0.01, 153.25, -49.90);
insert into SCRAPS values (7169, 7166, 'bath-1p', 1);
 insert into SCRAPS values (7220, 7166, 'bath-2p', 1);
 insert into SCRAPS values (7261, 7166, 'bath-3p', 1);
 insert into MAPS values (7290, 7166, 'm1p', NULL, 1, 106.590, 42.620);
 insert into MAPITEMS values (7290, 4, 7169);
 insert into MAPS values (7291, 7166, 'm2p', NULL, 1, 106.590, 42.620);
 insert into MAPITEMS values (7291, 4, 7220);
 insert into MAPS values (7292, 7166, 'm3p', NULL, 1, 106.590, 42.620);
 insert into MAPITEMS values (7292, 4, 7261);
 insert into MAPS values (7293, 7166, 'mbath-p', NULL, 1, 106.590, 42.620);
 insert into MAPITEMS values (7293, 4, 7290);
 insert into MAPITEMS values (7293, 4, 7291);
 insert into MAPITEMS values (7293, 4, 7292);
 insert into SURVEY values (7298, 32, 'holy_moley', 'holy_moley.primadona.sistem_prima', 'holy_moley');
 insert into CENTRELINE values (7299, 7298, NULL, NULL, NULL, 0.00, 0.00, 0.00);
 insert into CENTRELINE values (7300, 7298, NULL, '2018-07-12', NULL, 47.75, 0.00, 0.00);
 insert into EXPLO values (37, 7300);
 insert into EXPLO values (18, 7300);
 insert into EXPLO values (28, 7300);
 insert into SHOT values (3155, 3231, 3232, 7300, 5.76, 357.52, 16.00, 5.82, 356.93, 15.45, 0.10, 318.39, -22.41);
insert into SHOT values (3156, 3232, 3233, 7300, 4.56, 303.52, 0.00, 4.65, 303.69, -0.25, 0.09, 312.00, -12.25);
insert into SHOT values (3157, 3233, 3234, 7300, 4.01, 26.52, 10.00, 4.03, 25.79, 9.56, 0.06, 324.27, -24.67);
insert into SHOT values (3158, 3234, 3235, 7300, 5.88, 321.52, 3.00, 5.97, 321.40, 2.59, 0.10, 313.53, -22.38);
insert into SHOT values (3159, 3235, 3236, 7300, 10.10, 6.52, 8.00, 10.15, 5.42, 7.42, 0.23, 294.04, -25.14);
insert into SHOT values (3160, 3236, 3237, 7300, 6.97, 150.52, 44.00, 6.88, 150.78, 44.38, 0.11, 318.06, -17.54);
insert into SHOT values (3161, 3237, 3238, 7300, 6.04, 151.52, -4.00, 5.95, 151.75, -4.43, 0.10, 316.48, -22.94);
insert into SHOT values (3162, 3238, 3239, 7300, 2.78, 42.52, 44.00, 2.76, 41.54, 43.82, 0.04, 297.07, -30.79);
insert into SHOT values (3163, 3239, 3240, 7300, 1.65, 134.52, 0.00, 1.56, 134.48, -0.37, 0.09, 315.24, -6.05);
insert into SCRAPS values (7301, 7298, 'holy_moley-p1', 1);
 insert into SCRAPS values (7338, 7298, 'holy_moley-p2', 1);
 insert into MAPS values (7348, 7298, 'm1p', NULL, 1, 47.750, 10.040);
 insert into MAPITEMS values (7348, 4, 7301);
 insert into MAPS values (7349, 7298, 'm2p', NULL, 1, 47.750, 10.040);
 insert into MAPITEMS values (7349, 4, 7338);
 insert into MAPS values (7350, 7298, 'mholy_moley-p', NULL, 1, 47.750, 10.040);
 insert into MAPITEMS values (7350, 4, 7348);
 insert into MAPITEMS values (7350, 4, 7349);
 insert into SURVEY values (7353, 32, 'adequately_hammered', 'adequately_hammered.primadona.sistem_prima', 'Adequately Hammered');
 insert into CENTRELINE values (7354, 7353, NULL, NULL, NULL, 0.00, 0.00, 0.00);
 insert into CENTRELINE values (7355, 7353, NULL, '2018-07-16', NULL, 16.73, 0.00, 0.00);
 insert into TOPO values (27, 7355);
 insert into PERSON values (39, 'David', 'Kirkpatrick');
insert into TOPO values (39, 7355);
 insert into EXPLO values (27, 7355);
 insert into EXPLO values (39, 7355);
 insert into EXPLO values (38, 7355);
 insert into SHOT values (3164, 3241, 3242, 7355, 3.00, 49.52, 0.00, 2.99, 48.80, -0.19, 0.04, 305.22, -14.31);
insert into SHOT values (3165, 3242, 3243, 7355, 13.73, 4.52, 90.00, 13.69, 0.00, 88.87, 0.27, 0.00, -8.43);
insert into SURVEY values (7357, 32, 'canticle_for_migovec', 'canticle_for_migovec.primadona.sistem_prima', NULL);
 insert into CENTRELINE values (7358, 7357, NULL, NULL, NULL, 0.00, 0.00, 0.00);
 insert into SCRAPS values (7359, 7357, 'canticle_for_migovec-p1', 1);
 insert into SCRAPS values (7373, 7357, 'canticle_for_migovec-p3', 1);
 insert into SCRAPS values (7394, 7357, 'canticle_for_migovec-p2', 1);
 insert into MAPS values (7410, 7357, 'mcanticle_for_migovec-p1', NULL, 1, 189.340, 58.980);
 insert into MAPITEMS values (7410, 4, 7359);
 insert into MAPS values (7411, 7357, 'mcanticle_for_migovec-p2', NULL, 1, 189.340, 58.980);
 insert into MAPITEMS values (7411, 4, 7394);
 insert into MAPS values (7412, 7357, 'mcanticle_for_migovec-p3', NULL, 1, 189.340, 58.980);
 insert into MAPITEMS values (7412, 4, 7373);
 insert into MAPS values (7413, 7357, 'mcanticle_for_migovec-p', NULL, 1, 189.340, 58.980);
 insert into MAPITEMS values (7413, 4, 7410);
 insert into MAPITEMS values (7413, 4, 7411);
 insert into MAPITEMS values (7413, 4, 7412);
 insert into CENTRELINE values (7414, 7357, NULL, '2018-07-28', NULL, 189.34, 0.00, 0.00);
 insert into TOPO values (25, 7414);
 insert into TOPO values (18, 7414);
 insert into SHOT values (3166, 3244, 3245, 7414, 5.11, 15.13, 39.50, 5.11, 15.17, 39.54, 0.01, 171.43, -3.20);
insert into SHOT values (3167, 3245, 3246, 7414, 3.08, 26.43, 14.60, 3.08, 26.48, 14.65, 0.01, 74.63, 45.53);
insert into SHOT values (3168, 3246, 3247, 7414, 2.00, 97.53, 0.70, 2.00, 97.48, 0.57, 0.01, 307.54, -53.38);
insert into SHOT values (3169, 3247, 3248, 7414, 2.04, 16.33, 0.40, 2.04, 16.22, 0.56, 0.01, 303.55, 53.83);
insert into SHOT values (3170, 3248, 3249, 7414, 5.57, 71.23, -15.40, 5.58, 71.23, -15.39, 0.01, 71.08, -8.15);
insert into SHOT values (3171, 3249, 3250, 7414, 4.41, 27.23, 8.00, 4.40, 27.15, 7.96, 0.01, 248.60, -23.35);
insert into SHOT values (3172, 3250, 3251, 7414, 3.52, 59.23, 20.10, 3.52, 59.24, 20.11, 0.00, 190.24, 14.40);
insert into SHOT values (3173, 3251, 3252, 7414, 4.15, 60.23, -5.70, 4.15, 60.27, -5.66, 0.01, 94.94, 21.27);
insert into SHOT values (3174, 3252, 3253, 7414, 5.37, 28.23, 10.90, 5.37, 28.17, 10.94, 0.01, 314.35, 38.47);
insert into SHOT values (3175, 3253, 3254, 7414, 3.56, 73.63, 24.40, 3.56, 73.69, 24.40, 0.00, 188.58, -9.55);
insert into SHOT values (3176, 3254, 3255, 7414, 7.28, 26.63, 3.10, 7.28, 26.64, 3.07, 0.00, 48.25, -55.60);
insert into SHOT values (3177, 3255, 3256, 7414, 3.47, 339.73, -2.90, 3.47, 339.73, -2.97, 0.00, 141.03, -75.43);
insert into SHOT values (3178, 3256, 3257, 7414, 2.00, 353.53, -22.90, 2.00, 353.45, -22.69, 0.01, 254.92, 73.64);
insert into SHOT values (3179, 3257, 3258, 7414, 8.17, 345.43, 6.20, 8.17, 345.45, 6.18, 0.00, 105.15, -33.04);
insert into SHOT values (3180, 3258, 3259, 7414, 4.13, 324.93, 2.90, 4.13, 324.96, 2.91, 0.00, 0.96, 14.04);
insert into SHOT values (3181, 3259, 3260, 7414, 3.36, 18.53, 6.20, 3.36, 18.49, 6.15, 0.00, 332.30, -42.39);
insert into SHOT values (3182, 3260, 3261, 7414, 8.58, 312.43, 5.30, 8.57, 312.44, 5.29, 0.01, 122.80, -19.51);
insert into SHOT values (3183, 3261, 3262, 7414, 1.74, 7.73, -0.90, 1.74, 7.62, -0.66, 0.01, 224.80, 52.56);
insert into SHOT values (3184, 3262, 3263, 7414, 2.79, 56.03, -19.70, 2.79, 56.01, -19.67, 0.00, 36.28, 10.13);
insert into SHOT values (3185, 3263, 3264, 7414, 7.90, 354.23, 2.60, 7.90, 354.18, 2.54, 0.01, 253.66, -51.71);
insert into SHOT values (3186, 3264, 3265, 7414, 4.77, 56.63, 1.50, 4.78, 56.61, 1.56, 0.01, 48.01, 25.93);
insert into SHOT values (3187, 3265, 3266, 7414, 3.98, 341.63, -6.90, 3.98, 341.57, -6.92, 0.01, 272.61, -21.69);
insert into SHOT values (3188, 3266, 3267, 7414, 14.19, 90.83, 54.20, 14.19, 90.83, 54.20, 0.00, 94.34, 72.40);
insert into SHOT values (3189, 3267, 3268, 7414, 2.14, 186.03, 15.00, 2.14, 186.10, 14.87, 0.01, 213.88, -36.48);
insert into SHOT values (3190, 3268, 3269, 7414, 6.81, 105.83, 51.10, 6.81, 105.85, 51.06, 0.01, 122.12, 1.39);
insert into SHOT values (3191, 3269, 3270, 7414, 9.27, 137.23, 40.50, 9.26, 137.24, 40.53, 0.01, 302.80, -2.71);
insert into SHOT values (3192, 3270, 3271, 7414, 1.67, 21.03, -7.70, 1.67, 21.29, -7.58, 0.01, 127.51, 25.81);
insert into SHOT values (3193, 3271, 3272, 7414, 5.00, 279.93, 60.40, 5.00, 280.03, 60.43, 0.01, 33.04, 26.81);
insert into SHOT values (3194, 3272, 3273, 7414, 2.06, 84.93, -12.90, 2.06, 84.86, -12.90, 0.00, 356.63, -2.41);
insert into SHOT values (3195, 3273, 3274, 7414, 10.23, 129.83, 11.40, 10.23, 129.86, 11.38, 0.01, 190.58, -15.77);
insert into SHOT values (3196, 3274, 3275, 7414, 3.17, 224.13, 12.20, 3.17, 224.22, 12.21, 0.00, 326.06, 1.20);
insert into SHOT values (3197, 3275, 3276, 7414, 3.08, 171.63, 5.00, 3.08, 171.58, 5.02, 0.01, 143.48, 15.85);
insert into SHOT values (3198, 3276, 3277, 7414, 3.00, 83.33, 62.60, 3.00, 82.93, 62.57, 0.01, 352.58, -19.60);
insert into SHOT values (3199, 3277, 3278, 7414, 6.34, 128.33, -0.50, 6.34, 128.41, -0.45, 0.01, 202.03, 30.74);
insert into SHOT values (3200, 3278, 3279, 7414, 4.15, 227.73, -10.00, 4.15, 227.68, -10.00, 0.00, 102.35, 8.49);
insert into SHOT values (3201, 3279, 3280, 7414, 19.61, 165.93, 88.40, 19.61, 166.22, 88.41, 0.00, 289.58, -35.34);
insert into SHOT values (3202, 3280, 3281, 7414, 1.64, 89.83, 9.50, 1.64, 89.65, 9.46, 0.01, 25.89, -6.76);
insert into SURVEY values (7416, 32, 'testify', 'testify.primadona.sistem_prima', NULL);
 insert into CENTRELINE values (7417, 7416, NULL, NULL, NULL, 0.00, 0.00, 0.00);
 insert into SCRAPS values (7418, 7416, 'testify-p1', 1);
 insert into SCRAPS values (7435, 7416, 'testify-p2', 1);
 insert into SCRAPS values (7454, 7416, 'testify-p3', 1);
 insert into SCRAPS values (7469, 7416, 'testify-p4', 1);
 insert into SCRAPS values (7489, 7416, 'testify-p5', 1);
 insert into SCRAPS values (7498, 7416, 'testify-p6', 1);
 insert into MAPS values (7518, 7416, 'mtestify-p1', NULL, 1, 311.030, 61.730);
 insert into MAPITEMS values (7518, 4, 7418);
 insert into MAPS values (7519, 7416, 'mtestify-p2', NULL, 1, 311.030, 61.730);
 insert into MAPITEMS values (7519, 4, 7435);
 insert into MAPS values (7520, 7416, 'mtestify-p3', NULL, 1, 311.030, 61.730);
 insert into MAPITEMS values (7520, 4, 7454);
 insert into MAPS values (7521, 7416, 'mtestify-p4', NULL, 1, 311.030, 61.730);
 insert into MAPITEMS values (7521, 4, 7469);
 insert into MAPS values (7522, 7416, 'mtestify-p5', NULL, 1, 311.030, 61.730);
 insert into MAPITEMS values (7522, 4, 7489);
 insert into MAPS values (7523, 7416, 'mtestify-p6', NULL, 1, 311.030, 61.730);
 insert into MAPITEMS values (7523, 4, 7498);
 insert into MAPS values (7524, 7416, 'mtestify-p', NULL, 1, 311.030, 61.730);
 insert into MAPITEMS values (7524, 4, 7518);
 insert into MAPITEMS values (7524, 4, 7519);
 insert into MAPITEMS values (7524, 4, 7520);
 insert into MAPITEMS values (7524, 4, 7521);
 insert into MAPITEMS values (7524, 4, 7522);
 insert into MAPITEMS values (7524, 4, 7523);
 insert into CENTRELINE values (7530, 7416, NULL, '2018-08-05', '2018-08-05', 311.03, 0.00, 0.00);
 insert into PERSON values (40, 'Andy', 'Jurd');
insert into TOPO values (40, 7530);
 insert into TOPO values (25, 7530);
 insert into SHOT values (3203, 3282, 3283, 7530, 4.68, 79.53, -23.00, 4.67, 79.55, -22.93, 0.01, 246.04, 51.58);
insert into SHOT values (3204, 3282, 3284, 7530, 3.36, 163.53, 39.00, 3.36, 163.51, 39.12, 0.01, 356.18, 53.29);
insert into SHOT values (3205, 3284, 3285, 7530, 2.14, 282.53, 26.00, 2.14, 282.30, 26.04, 0.01, 198.15, 13.76);
insert into SHOT values (3206, 3285, 3286, 7530, 5.00, 166.53, 26.00, 5.00, 166.61, 25.99, 0.01, 273.12, -15.38);
insert into SHOT values (3207, 3287, 3286, 7530, 7.05, 297.53, -16.00, 7.05, 297.51, -15.98, 0.00, 191.70, 52.17);
insert into SHOT values (3208, 3287, 3288, 7530, 5.72, 160.53, 16.00, 5.72, 160.44, 16.04, 0.01, 61.42, 21.73);
insert into SHOT values (3209, 3288, 3289, 7530, 5.97, 98.53, 19.00, 5.97, 98.56, 18.97, 0.01, 220.97, -46.17);
insert into SHOT values (3210, 3289, 3290, 7530, 8.30, 200.53, 4.00, 8.30, 200.52, 4.01, 0.01, 44.64, 10.62);
insert into SHOT values (3211, 3290, 3291, 7530, 4.20, 158.53, 12.00, 4.20, 158.61, 11.94, 0.01, 207.83, -22.70);
insert into SHOT values (3212, 3291, 3292, 7530, 6.94, 85.53, 13.00, 6.94, 85.50, 13.07, 0.01, 333.08, 68.60);
insert into SHOT values (3213, 3292, 3293, 7530, 2.50, 78.53, 39.00, 2.50, 78.40, 38.99, 0.01, 312.14, -31.02);
insert into SHOT values (3214, 3293, 3294, 7530, 3.25, 25.53, 4.00, 3.25, 25.62, 4.06, 0.01, 154.14, 28.29);
insert into SHOT values (3215, 3294, 3295, 7530, 5.89, 70.53, -1.00, 5.89, 70.55, -1.07, 0.01, 220.02, -62.88);
insert into SHOT values (3216, 3295, 3296, 7530, 5.04, 35.53, 4.00, 5.05, 35.55, 3.97, 0.01, 44.13, -7.63);
insert into SHOT values (3217, 3296, 3297, 7530, 4.20, 66.53, -4.00, 4.19, 66.62, -3.97, 0.01, 200.26, 18.01);
insert into SHOT values (3218, 3297, 3298, 7530, 5.10, 22.53, -1.00, 5.10, 22.49, -1.01, 0.00, 269.80, -14.17);
insert into SHOT values (3219, 3298, 3299, 7530, 3.74, 56.53, -10.00, 3.75, 56.48, -9.98, 0.01, 40.71, -2.75);
insert into SHOT values (3220, 3299, 3300, 7530, 3.93, 334.53, 1.00, 3.92, 334.48, 1.02, 0.01, 182.01, 10.61);
insert into SHOT values (3221, 3300, 3301, 7530, 5.47, 22.53, -5.00, 5.47, 22.43, -4.93, 0.01, 309.99, 32.75);
insert into SHOT values (3222, 3301, 3302, 7530, 6.02, 263.53, 3.00, 6.02, 263.50, 2.95, 0.01, 127.62, -49.11);
insert into SHOT values (3223, 3303, 3302, 7530, 3.66, 167.53, -3.00, 3.66, 167.52, -2.97, 0.00, 145.51, 46.15);
insert into SHOT values (3224, 3303, 3304, 7530, 4.40, 37.53, 12.00, 4.40, 37.54, 12.08, 0.01, 211.31, 55.40);
insert into SHOT values (3225, 3304, 3305, 7530, 5.36, 84.53, -15.00, 5.37, 84.58, -15.01, 0.01, 119.04, -21.04);
insert into SHOT values (3226, 3305, 3306, 7530, 3.70, 64.53, 2.00, 3.70, 64.54, 2.01, 0.00, 94.22, 28.37);
insert into SHOT values (3227, 3306, 3307, 7530, 5.61, 42.53, 20.00, 5.61, 42.46, 20.01, 0.01, 325.56, 11.29);
insert into SHOT values (3228, 3307, 3308, 7530, 7.04, 84.53, -3.00, 7.04, 84.53, -3.01, 0.00, 91.78, -43.26);
insert into SHOT values (3229, 3308, 3309, 7530, 3.12, 9.53, 11.00, 3.12, 9.40, 10.91, 0.01, 266.78, -36.75);
insert into SHOT values (3230, 3309, 3310, 7530, 4.62, 40.53, -1.00, 4.62, 40.61, -0.99, 0.01, 96.47, 4.41);
insert into SHOT values (3231, 3310, 3311, 7530, 3.76, 333.53, -4.00, 3.77, 333.43, -3.96, 0.01, 285.94, 15.00);
insert into SHOT values (3232, 3311, 3312, 7530, 4.17, 14.53, 3.00, 4.17, 14.60, 3.02, 0.01, 101.79, 18.42);
insert into SHOT values (3233, 3312, 3313, 7530, 4.44, 83.53, 22.00, 4.44, 83.58, 21.97, 0.01, 187.24, -40.23);
insert into SHOT values (3234, 3313, 3314, 7530, 6.68, 47.53, -1.00, 6.68, 47.55, -0.94, 0.01, 83.03, 63.19);
insert into SHOT values (3235, 3314, 3315, 7530, 7.14, 88.53, 9.00, 7.14, 88.54, 8.94, 0.01, 164.35, -83.20);
insert into SHOT values (3236, 3315, 3316, 7530, 4.36, 350.53, 12.00, 4.37, 350.43, 12.03, 0.01, 291.98, 21.18);
insert into SHOT values (3237, 3317, 3318, 7530, 3.14, 253.53, -5.00, 3.14, 253.48, -5.11, 0.01, 185.05, -63.06);
insert into SHOT values (3238, 3318, 3319, 7530, 3.52, 210.53, -12.00, 3.52, 210.59, -11.99, 0.01, 351.01, 17.73);
insert into SHOT values (3239, 3319, 3320, 7530, 2.62, 260.53, -3.00, 2.62, 260.54, -3.06, 0.00, 59.98, -73.06);
insert into SHOT values (3240, 3320, 3316, 7530, 2.42, 231.53, -6.00, 2.43, 231.56, -5.92, 0.01, 243.79, 25.15);
insert into SHOT values (3241, 3315, 3321, 7530, 2.30, 46.53, 35.00, 2.30, 46.29, 35.05, 0.01, 297.64, 5.34);
insert into SHOT values (3242, 3321, 3322, 7530, 3.85, 138.53, 31.00, 3.85, 138.44, 31.08, 0.01, 58.77, 52.71);
insert into SHOT values (3243, 3322, 3323, 7530, 3.90, 55.53, 24.00, 3.90, 55.64, 23.92, 0.01, 157.26, -42.01);
insert into SHOT values (3244, 3323, 3324, 7530, 4.05, 3.53, -6.00, 4.05, 3.42, -5.95, 0.01, 268.81, 22.50);
insert into SHOT values (3245, 3324, 3325, 7530, 3.62, 345.53, 15.00, 3.62, 345.61, 15.03, 0.01, 40.75, 28.71);
insert into SHOT values (3246, 3325, 3326, 7530, 4.92, 16.53, -1.00, 4.94, 16.23, -0.81, 0.03, 320.73, 27.03);
insert into SHOT values (3247, 3326, 3327, 7530, 2.90, 55.53, 7.00, 2.89, 55.09, 7.36, 0.03, 295.42, 33.03);
insert into SHOT values (3248, 3327, 3328, 7530, 4.80, 84.53, 0.00, 4.77, 84.23, 0.24, 0.04, 308.66, 29.02);
insert into SHOT values (3249, 3328, 3329, 7530, 5.12, 116.53, 30.00, 5.11, 116.45, 30.48, 0.05, 307.23, 41.38);
insert into SHOT values (3250, 3329, 3330, 7530, 3.01, 148.53, 8.00, 2.98, 148.74, 8.30, 0.04, 310.59, 17.92);
insert into SHOT values (3251, 3330, 3331, 7530, 4.65, 124.53, 4.00, 4.61, 124.45, 4.23, 0.05, 313.12, 19.95);
insert into SHOT values (3252, 3331, 3332, 7530, 2.49, 86.53, 16.00, 2.47, 86.36, 16.49, 0.03, 280.05, 24.77);
insert into SHOT values (3253, 3332, 3333, 7530, 4.44, 116.53, 9.00, 4.40, 116.39, 9.29, 0.05, 310.70, 19.23);
insert into SHOT values (3254, 3333, 3334, 7530, 6.16, 91.53, 13.00, 6.14, 91.25, 13.38, 0.05, 315.36, 38.80);
insert into SHOT values (3255, 3334, 3335, 7530, 3.84, 218.53, 8.00, 3.85, 218.92, 8.37, 0.04, 304.72, 44.76);
insert into SHOT values (3256, 3335, 3336, 7530, 7.47, 237.53, -11.00, 7.48, 237.95, -10.63, 0.07, 310.04, 38.60);
insert into SHOT values (3257, 3336, 3337, 7530, 2.53, 204.53, 8.00, 2.53, 204.82, 8.19, 0.02, 313.29, 30.36);
insert into SHOT values (3258, 3337, 3338, 7530, 3.85, 254.53, -16.00, 3.86, 254.88, -15.62, 0.04, 306.36, 36.34);
insert into SHOT values (3259, 3338, 3339, 7530, 2.93, 281.53, -22.00, 2.96, 281.76, -21.64, 0.03, 301.03, 13.01);
insert into SHOT values (3260, 3339, 3340, 7530, 4.19, 331.53, -14.00, 4.22, 331.43, -13.71, 0.04, 319.83, 21.80);
insert into SHOT values (3261, 3340, 3341, 7530, 1.84, 269.53, -9.00, 1.87, 269.69, -8.61, 0.03, 278.48, 13.33);
insert into SHOT values (3262, 3341, 3342, 7530, 6.21, 338.53, -12.00, 6.24, 338.39, -11.65, 0.05, 315.37, 39.20);
insert into SHOT values (3263, 3342, 3343, 7530, 3.85, 264.53, -13.00, 3.87, 264.83, -12.69, 0.04, 304.25, 27.27);
insert into SHOT values (3264, 3343, 3344, 7530, 2.20, 301.53, -2.00, 2.24, 301.49, -1.53, 0.04, 299.32, 22.14);
insert into SHOT values (3265, 3344, 3325, 7530, 2.77, 304.53, -10.00, 2.81, 304.55, -9.64, 0.04, 305.92, 15.25);
insert into SHOT values (3266, 3335, 3345, 7530, 4.20, 49.53, -9.00, 4.20, 49.59, -9.04, 0.01, 119.94, -31.78);
insert into SHOT values (3267, 3345, 3346, 7530, 28.91, 4.53, 90.00, 28.91, 90.00, 90.00, 0.00, 4.53, 38.99);
insert into SHOT values (3268, 3346, 3347, 7530, 1.77, 30.53, -48.00, 1.77, 30.47, -48.12, 0.00, 264.65, -70.22);
insert into SURVEY values (7539, 32, 'dysentry', 'dysentry.primadona.sistem_prima', 'Dysentry');
 insert into CENTRELINE values (7540, 7539, NULL, NULL, NULL, 0.00, 0.00, 0.00);
 insert into CENTRELINE values (7541, 7539, NULL, '2018-07-22', NULL, 193.48, 0.00, 0.00);
 insert into TOPO values (17, 7541);
 insert into TOPO values (28, 7541);
 insert into SHOT values (3269, 3348, 3349, 7541, 1.69, 288.93, 14.00, 1.69, 289.21, 14.02, 0.01, 8.04, 7.98);
insert into SHOT values (3270, 3349, 3350, 7541, 1.69, 285.93, 15.70, 1.69, 285.66, 15.76, 0.01, 220.53, 17.61);
insert into SHOT values (3271, 3349, 3351, 7541, 3.86, 26.73, 25.00, 3.85, 26.71, 25.02, 0.01, 215.60, -12.98);
insert into SHOT values (3272, 3351, 3352, 7541, 8.32, 350.03, 2.80, 8.32, 350.02, 2.83, 0.01, 188.92, 38.24);
insert into SHOT values (3273, 3352, 3353, 7541, 2.96, 23.63, -0.70, 2.97, 23.63, -0.77, 0.01, 24.68, -22.77);
insert into SHOT values (3274, 3352, 3354, 7541, 2.78, 62.33, 1.20, 2.78, 62.15, 1.24, 0.01, 351.03, 10.88);
insert into SHOT values (3275, 3352, 3355, 7541, 2.53, 79.43, 1.90, 2.54, 79.31, 1.81, 0.01, 35.85, -27.71);
insert into SHOT values (3276, 3352, 3356, 7541, 3.26, 97.23, 2.20, 3.26, 97.23, 2.11, 0.01, 262.02, -71.31);
insert into SHOT values (3277, 3352, 3357, 7541, 3.62, 122.73, 2.40, 3.61, 122.68, 2.38, 0.01, 333.13, -14.87);
insert into SHOT values (3278, 3352, 3358, 7541, 4.38, 132.63, 4.40, 4.38, 132.49, 4.32, 0.01, 42.18, -30.97);
insert into SHOT values (3279, 3352, 3359, 7541, 4.96, 145.43, 3.90, 4.96, 145.38, 3.82, 0.01, 22.25, -56.06);
insert into SHOT values (3280, 3352, 3360, 7541, 6.79, 157.43, 2.60, 6.79, 157.37, 2.62, 0.01, 61.65, 15.80);
insert into SHOT values (3281, 3352, 3361, 7541, 11.11, 162.93, 1.20, 11.10, 162.92, 1.19, 0.01, 351.27, -18.22);
insert into SHOT values (3282, 3352, 3362, 7541, 14.67, 171.33, 1.40, 14.66, 171.33, 1.41, 0.01, 347.66, 11.07);
insert into SHOT values (3283, 3352, 3363, 7541, 15.63, 176.03, -0.60, 15.63, 176.04, -0.62, 0.01, 296.61, -61.06);
insert into SHOT values (3284, 3352, 3364, 7541, 3.43, 179.13, -1.00, 3.42, 179.16, -1.00, 0.01, 345.76, -0.85);
insert into SHOT values (3285, 3352, 3365, 7541, 3.27, 184.53, 0.30, 3.27, 184.56, 0.18, 0.01, 262.94, -74.53);
insert into SHOT values (3286, 3352, 3366, 7541, 1.34, 197.03, -2.30, 1.34, 196.95, -2.57, 0.01, 83.38, -71.69);
insert into SHOT values (3287, 3352, 3367, 7541, 1.70, 205.63, -84.60, 1.71, 206.57, -84.74, 0.01, 349.24, -60.19);
insert into SHOT values (3288, 3352, 3368, 7541, 1.13, 273.23, -61.70, 1.13, 273.24, -62.04, 0.01, 91.75, -46.08);
insert into SHOT values (3289, 3352, 3369, 7541, 0.87, 273.83, -47.70, 0.87, 273.95, -48.19, 0.01, 77.57, -56.49);
insert into SHOT values (3290, 3352, 3370, 7541, 1.30, 274.93, -26.10, 1.30, 274.93, -26.08, 0.00, 94.56, 31.51);
insert into SHOT values (3291, 3352, 3371, 7541, 2.44, 275.73, -16.90, 2.44, 275.91, -16.93, 0.01, 22.84, -5.12);
insert into SHOT values (3292, 3352, 3372, 7541, 2.81, 279.03, -11.10, 2.81, 279.19, -11.09, 0.01, 23.95, 6.95);
insert into SHOT values (3293, 3352, 3373, 7541, 0.95, 214.83, -10.80, 0.94, 214.89, -10.99, 0.01, 25.86, -16.52);
insert into SHOT values (3294, 3352, 3374, 7541, 1.12, 238.13, -9.50, 1.12, 238.32, -9.76, 0.01, 329.78, -53.37);
insert into SHOT values (3295, 3352, 3375, 7541, 1.34, 250.63, -9.20, 1.34, 251.02, -9.45, 0.01, 346.33, -32.45);
insert into SHOT values (3296, 3352, 3376, 7541, 1.88, 267.43, -10.40, 1.88, 267.52, -10.40, 0.00, 317.85, -8.65);
insert into SHOT values (3297, 3352, 3377, 7541, 1.35, 336.63, -29.00, 1.36, 336.67, -29.07, 0.01, 345.73, -40.91);
insert into SHOT values (3298, 3352, 3378, 7541, 1.37, 326.33, -27.40, 1.37, 326.70, -27.30, 0.01, 29.49, 3.03);
insert into SHOT values (3299, 3352, 3379, 7541, 2.23, 287.33, -13.30, 2.23, 287.43, -13.48, 0.01, 24.92, -59.75);
insert into SHOT values (3300, 3379, 3380, 7541, 0.56, 274.53, 18.30, 0.56, 274.32, 18.71, 0.00, 179.41, 64.83);
insert into SHOT values (3301, 3379, 3381, 7541, 0.45, 280.73, 62.00, 0.45, 280.78, 61.88, 0.00, 285.66, 46.66);
insert into SHOT values (3302, 3379, 3382, 7541, 0.46, 72.73, 77.30, 0.46, 73.30, 76.94, 0.00, 90.49, 20.07);
insert into SHOT values (3303, 3379, 3383, 7541, 0.52, 92.13, 62.10, 0.52, 92.39, 62.43, 0.00, 252.87, 7.62);
insert into SHOT values (3304, 3379, 3384, 7541, 0.70, 95.73, 28.80, 0.70, 95.62, 29.02, 0.00, 343.60, 65.67);
insert into SHOT values (3305, 3379, 3385, 7541, 0.98, 166.93, 8.90, 0.98, 166.83, 9.41, 0.01, 17.62, 68.77);
insert into SHOT values (3306, 3379, 3386, 7541, 0.83, 184.83, 6.70, 0.83, 184.88, 6.93, 0.00, 335.33, 63.89);
insert into SHOT values (3307, 3379, 3387, 7541, 0.92, 199.53, 11.10, 0.92, 199.44, 11.29, 0.00, 63.52, 55.90);
insert into SHOT values (3308, 3379, 3388, 7541, 0.87, 228.83, 6.30, 0.87, 228.75, 6.60, 0.00, 127.55, 75.82);
insert into SHOT values (3309, 3379, 3389, 7541, 0.54, 29.23, 16.00, 0.54, 29.05, 16.25, 0.00, 228.93, 14.19);
insert into SHOT values (3310, 3379, 3390, 7541, 2.02, 10.43, 7.10, 2.02, 10.36, 7.12, 0.00, 242.80, 6.00);
insert into SHOT values (3311, 3379, 3391, 7541, 1.93, 8.73, 4.40, 1.93, 8.68, 4.46, 0.00, 223.60, 34.48);
insert into SHOT values (3312, 3379, 3392, 7541, 2.19, 356.23, 5.10, 2.19, 356.33, 5.23, 0.01, 46.42, 47.17);
insert into SHOT values (3313, 3379, 3393, 7541, 2.18, 350.73, 2.60, 2.18, 350.75, 2.63, 0.00, 53.38, 43.01);
insert into SHOT values (3314, 3379, 3394, 7541, 2.09, 0.23, 1.00, 2.09, 0.27, 1.10, 0.00, 79.19, 63.14);
insert into SHOT values (3315, 3394, 3395, 7541, 0.60, 205.43, 9.00, 0.60, 206.13, 8.67, 0.01, 313.13, -26.86);
insert into SHOT values (3316, 3394, 3396, 7541, 0.45, 209.03, 38.90, 0.45, 208.74, 38.38, 0.00, 181.15, -34.36);
insert into SHOT values (3317, 3394, 3397, 7541, 0.32, 218.33, 40.40, 0.32, 218.29, 40.94, 0.00, 43.69, 58.01);
insert into SHOT values (3318, 3394, 3398, 7541, 0.53, 198.83, -15.80, 0.53, 199.50, -15.37, 0.01, 296.37, 35.40);
insert into SHOT values (3319, 3394, 3399, 7541, 0.96, 242.83, 6.10, 0.96, 242.63, 5.96, 0.00, 191.10, -25.96);
insert into SHOT values (3320, 3394, 3400, 7541, 1.34, 264.43, 3.00, 1.34, 264.42, 3.00, 0.00, 90.79, -4.05);
insert into SHOT values (3321, 3394, 3401, 7541, 1.31, 274.33, 5.20, 1.31, 274.40, 5.26, 0.00, 29.29, 34.90);
insert into SHOT values (3322, 3394, 3402, 7541, 1.22, 290.83, 2.20, 1.22, 290.67, 2.35, 0.00, 189.12, 42.35);
insert into SHOT values (3323, 3394, 3403, 7541, 1.12, 281.73, -4.10, 1.13, 281.81, -4.07, 0.01, 295.60, 0.64);
insert into SHOT values (3324, 3403, 3404, 7541, 1.72, 104.03, 9.00, 1.72, 103.95, 9.02, 0.00, 46.48, 20.32);
insert into SHOT values (3325, 3403, 3405, 7541, 1.83, 105.83, 5.60, 1.84, 105.86, 5.62, 0.01, 113.05, 9.57);
insert into SHOT values (3326, 3403, 3406, 7541, 0.82, 87.93, 6.00, 0.83, 87.90, 6.26, 0.01, 84.45, 40.33);
insert into SHOT values (3327, 3403, 3407, 7541, 1.09, 86.83, 4.90, 1.10, 86.85, 4.71, 0.01, 91.31, -28.78);
insert into SHOT values (3328, 3403, 3408, 7541, 0.71, 71.63, 9.60, 0.72, 71.82, 9.66, 0.01, 96.78, 15.70);
insert into SHOT values (3329, 3403, 3409, 7541, 0.86, 54.13, 10.40, 0.86, 54.62, 10.71, 0.01, 141.12, 33.07);
insert into SHOT values (3330, 3403, 3410, 7541, 1.37, 34.23, 7.60, 1.37, 34.51, 7.54, 0.01, 114.30, -9.94);
insert into SHOT values (3331, 3403, 3411, 7541, 1.50, 30.83, 11.30, 1.50, 31.10, 11.15, 0.01, 116.53, -29.30);
insert into SHOT values (3332, 3403, 3412, 7541, 0.24, 106.73, 69.80, 0.25, 110.56, 69.62, 0.01, 174.11, 37.60);
insert into SHOT values (3333, 3403, 3413, 7541, 0.32, 104.63, 50.10, 0.32, 104.04, 50.49, 0.01, 37.16, 62.99);
insert into SHOT values (3334, 3403, 3414, 7541, 0.48, 106.83, 33.60, 0.49, 107.10, 33.49, 0.01, 120.28, 27.30);
insert into SHOT values (3335, 3403, 3415, 7541, 0.41, 200.03, 7.10, 0.40, 198.89, 7.10, 0.01, 76.40, -4.03);
insert into SHOT values (3336, 3403, 3416, 7541, 1.58, 20.73, 3.40, 1.58, 20.85, 3.27, 0.01, 160.52, -34.16);
insert into SHOT values (3337, 3416, 3417, 7541, 1.58, 15.23, 8.60, 1.58, 15.19, 8.72, 0.00, 353.68, 54.94);
insert into SHOT values (3338, 3416, 3418, 7541, 0.81, 223.23, -9.30, 0.80, 222.95, -9.32, 0.01, 71.79, 6.53);
insert into SHOT values (3339, 3416, 3419, 7541, 0.80, 241.13, 0.60, 0.80, 241.50, 0.72, 0.01, 4.63, 14.43);
insert into SHOT values (3340, 3416, 3420, 7541, 0.99, 256.53, 0.90, 0.99, 256.53, 1.16, 0.01, 76.26, 58.66);
insert into SHOT values (3341, 3416, 3421, 7541, 2.06, 271.23, 0.40, 2.06, 271.39, 0.56, 0.01, 354.96, 43.39);
insert into SHOT values (3342, 3416, 3422, 7541, 2.26, 285.23, 1.00, 2.26, 285.39, 1.01, 0.01, 2.93, 4.86);
insert into SHOT values (3343, 3416, 3423, 7541, 2.33, 287.23, -0.00, 2.32, 287.27, 0.00, 0.01, 90.15, 0.00);
insert into SHOT values (3344, 3416, 3424, 7541, 0.26, 234.73, 33.60, 0.26, 234.78, 35.79, 0.01, 53.34, 35.82);
insert into SHOT values (3345, 3416, 3425, 7541, 0.43, 226.43, 5.50, 0.43, 226.91, 6.72, 0.01, 1.08, 60.21);
insert into SHOT values (3346, 3416, 3426, 7541, 0.79, 230.73, -23.40, 0.79, 230.60, -23.16, 0.00, 129.40, 66.42);
insert into SHOT values (3347, 3416, 3427, 7541, 0.61, 235.13, -39.00, 0.61, 235.30, -38.70, 0.00, 314.40, 68.81);
insert into SHOT values (3348, 3416, 3428, 7541, 0.38, 224.63, -70.10, 0.37, 225.00, -70.02, 0.01, 22.74, 73.05);
insert into SHOT values (3349, 3416, 3429, 7541, 0.66, 163.43, -9.00, 0.66, 162.96, -8.77, 0.01, 40.22, 27.36);
insert into SHOT values (3350, 3416, 3430, 7541, 1.05, 175.63, -5.80, 1.05, 175.60, -5.48, 0.01, 11.86, 75.18);
insert into SHOT values (3351, 3416, 3431, 7541, 1.31, 181.23, -3.90, 1.30, 181.32, -3.52, 0.01, 343.04, 52.55);
insert into SHOT values (3352, 3416, 3432, 7541, 2.22, 198.63, -7.10, 2.22, 198.52, -6.98, 0.01, 123.70, 45.36);
insert into SHOT values (3353, 3416, 3433, 7541, 1.94, 285.13, 4.20, 1.94, 285.26, 4.43, 0.01, 336.37, 54.75);
insert into SHOT values (3354, 3433, 3434, 7541, 1.96, 330.53, -4.10, 1.96, 330.55, -4.10, 0.00, 135.97, 2.82);
insert into SHOT values (3355, 3434, 3435, 7541, 1.97, 331.13, -2.60, 1.97, 331.09, -2.62, 0.00, 174.83, -10.77);
insert into SHOT values (3356, 3436, 3434, 7541, 2.15, 134.93, -2.30, 2.15, 135.00, -2.13, 0.01, 199.21, 63.91);
insert into SHOT values (3357, 3436, 3437, 7541, 2.17, 142.73, -5.50, 2.17, 142.71, -5.55, 0.00, 122.48, -42.69);
insert into SHOT values (3358, 3436, 3438, 7541, 1.11, 312.53, 5.30, 1.10, 312.41, 5.73, 0.01, 147.30, 41.64);
insert into SHOT values (3359, 3436, 3439, 7541, 2.90, 310.33, 2.60, 2.90, 310.24, 2.57, 0.01, 196.29, -17.36);
insert into SHOT values (3360, 3439, 3440, 7541, 3.03, 115.63, -0.80, 3.04, 115.55, -0.75, 0.01, 87.67, 15.49);
insert into SHOT values (3361, 3441, 3439, 7541, 4.03, 112.33, 0.70, 4.02, 112.36, 0.57, 0.01, 275.95, -50.32);
insert into SHOT values (3362, 3441, 3442, 7541, 0.57, 205.93, 2.70, 0.57, 206.11, 2.02, 0.01, 332.70, -71.26);
insert into SHOT values (3363, 3441, 3443, 7541, 0.85, 147.63, 1.40, 0.85, 147.99, 1.35, 0.01, 244.99, -7.93);
insert into SHOT values (3364, 3441, 3444, 7541, 1.16, 125.83, 4.00, 1.15, 126.17, 3.97, 0.01, 252.01, -6.05);
insert into SHOT values (3365, 3441, 3445, 7541, 1.55, 115.83, 5.30, 1.55, 115.73, 5.18, 0.00, 18.27, -51.97);
insert into SHOT values (3366, 3441, 3446, 7541, 2.47, 95.83, 6.30, 2.47, 95.85, 6.28, 0.00, 251.90, -22.44);
insert into SHOT values (3367, 3441, 3447, 7541, 2.50, 103.93, 6.50, 2.50, 103.98, 6.43, 0.00, 202.76, -51.69);
insert into SHOT values (3368, 3441, 3448, 7541, 2.65, 104.73, 6.20, 2.64, 104.78, 6.08, 0.01, 267.75, -37.88);
insert into SHOT values (3369, 3441, 3449, 7541, 0.28, 69.93, 55.00, 0.27, 68.20, 53.71, 0.01, 350.17, -62.14);
insert into SHOT values (3370, 3441, 3450, 7541, 0.32, 92.23, 82.30, 0.31, 90.00, 82.65, 0.01, 300.36, -65.15);
insert into SHOT values (3371, 3441, 3451, 7541, 0.38, 254.23, 76.80, 0.37, 257.47, 75.64, 0.01, 298.92, -53.31);
insert into SHOT values (3372, 3441, 3452, 7541, 0.40, 258.03, 60.40, 0.40, 258.69, 59.04, 0.01, 278.38, -48.93);
insert into SHOT values (3373, 3441, 3453, 7541, 0.45, 263.73, 42.10, 0.45, 264.96, 41.31, 0.01, 308.66, -9.25);
insert into SHOT values (3374, 3441, 3454, 7541, 0.55, 263.63, 30.90, 0.55, 263.93, 30.64, 0.00, 337.69, -43.43);
insert into SHOT values (3375, 3441, 3455, 7541, 0.65, 262.93, 20.60, 0.65, 263.45, 19.71, 0.01, 308.52, -47.70);
insert into SHOT values (3376, 3441, 3456, 7541, 0.64, 256.33, 6.90, 0.64, 256.40, 6.26, 0.01, 274.27, -68.95);
insert into SHOT values (3377, 3441, 3457, 7541, 0.50, 253.93, -12.20, 0.50, 254.54, -12.71, 0.01, 355.72, -39.16);
insert into SHOT values (3378, 3441, 3458, 7541, 0.45, 250.53, -30.30, 0.45, 250.64, -30.39, 0.00, 262.70, -38.47);
insert into SHOT values (3379, 3441, 3459, 7541, 0.35, 248.63, -50.40, 0.35, 249.15, -50.23, 0.00, 300.23, -7.03);
insert into SHOT values (3380, 3441, 3460, 7541, 0.49, 250.53, -68.60, 0.49, 250.56, -68.60, 0.00, 254.62, -68.48);
insert into SHOT values (3381, 3441, 3461, 7541, 2.30, 18.13, -5.80, 2.31, 18.04, -5.98, 0.01, 340.48, -53.24);
insert into SHOT values (3382, 3461, 3462, 7541, 2.31, 19.03, -1.90, 2.31, 18.99, -1.74, 0.01, 225.43, 60.61);
insert into SHOT values (3383, 3461, 3463, 7541, 0.24, 18.73, 65.20, 0.24, 18.43, 66.67, 0.01, 203.48, 20.13);
insert into SHOT values (3384, 3461, 3464, 7541, 0.48, 250.33, 82.60, 0.48, 251.57, 82.49, 0.00, 294.47, 63.84);
insert into SHOT values (3385, 3461, 3465, 7541, 0.52, 220.33, 63.50, 0.53, 219.81, 63.50, 0.01, 177.23, 56.09);
insert into SHOT values (3386, 3461, 3466, 7541, 0.66, 227.43, 47.80, 0.66, 227.73, 47.69, 0.00, 268.93, 16.87);
insert into SHOT values (3387, 3461, 3467, 7541, 0.38, 81.93, 9.50, 0.38, 82.30, 10.62, 0.01, 202.14, 68.63);
insert into SHOT values (3388, 3461, 3468, 7541, 0.34, 39.73, 17.00, 0.34, 40.03, 17.03, 0.00, 91.84, 15.13);
insert into SHOT values (3389, 3461, 3469, 7541, 0.15, 357.93, 21.60, 0.15, 355.91, 23.15, 0.01, 277.19, 43.76);
insert into SHOT values (3390, 3461, 3470, 7541, 0.50, 322.03, 10.20, 0.50, 320.79, 10.40, 0.01, 222.33, 7.75);
insert into SHOT values (3391, 3461, 3471, 7541, 0.66, 304.03, 9.80, 0.66, 303.69, 9.62, 0.00, 194.08, -30.00);
insert into SHOT values (3392, 3461, 3472, 7541, 2.22, 288.23, 7.30, 2.22, 288.27, 7.25, 0.00, 50.01, -46.21);
insert into SHOT values (3393, 3461, 3473, 7541, 2.21, 278.33, 5.60, 2.21, 278.35, 5.70, 0.01, 291.95, 47.19);
insert into SHOT values (3394, 3461, 3474, 7541, 0.78, 268.93, 8.00, 0.78, 268.51, 8.13, 0.01, 157.63, 13.60);
insert into SHOT values (3395, 3461, 3475, 7541, 2.22, 280.43, 2.60, 2.22, 280.40, 2.58, 0.00, 140.54, -22.22);
insert into SHOT values (3396, 3461, 3476, 7541, 1.89, 279.13, 0.90, 1.89, 279.11, 0.91, 0.00, 273.69, 4.30);
insert into SHOT values (3397, 3476, 3477, 7541, 0.39, 318.33, 12.30, 0.39, 318.24, 13.48, 0.01, 144.02, 50.47);
insert into SHOT values (3398, 3476, 3478, 7541, 0.68, 355.93, 7.20, 0.68, 355.73, 7.63, 0.01, 215.23, 53.04);
insert into SHOT values (3399, 3476, 3479, 7541, 0.91, 13.53, 4.00, 0.91, 13.42, 4.42, 0.01, 221.70, 61.86);
insert into SHOT values (3400, 3476, 3480, 7541, 3.31, 27.63, -1.20, 3.31, 27.73, -1.21, 0.01, 109.94, -6.65);
insert into SHOT values (3401, 3476, 3481, 7541, 0.60, 53.53, 5.10, 0.60, 53.90, 5.77, 0.01, 186.15, 51.54);
insert into SHOT values (3402, 3476, 3482, 7541, 0.82, 66.13, 3.90, 0.82, 66.25, 4.19, 0.00, 120.24, 62.55);
insert into SHOT values (3403, 3476, 3483, 7541, 0.85, 56.83, 7.30, 0.85, 57.06, 7.41, 0.00, 107.22, 23.88);
insert into SHOT values (3404, 3476, 3484, 7541, 0.27, 272.73, -2.20, 0.27, 272.12, -2.12, 0.00, 190.10, 7.23);
insert into SHOT values (3405, 3476, 3485, 7541, 1.06, 33.13, 51.50, 1.06, 33.21, 51.62, 0.00, 193.03, 9.20);
insert into SHOT values (3406, 3476, 3486, 7541, 1.30, 32.33, 34.50, 1.30, 32.35, 34.78, 0.01, 208.57, 31.21);
insert into SHOT values (3407, 3476, 3487, 7541, 1.61, 31.33, 19.90, 1.61, 31.48, 19.98, 0.00, 137.31, 24.72);
insert into SHOT values (3408, 3476, 3488, 7541, 1.62, 29.33, 14.20, 1.62, 29.34, 14.28, 0.00, 46.30, 66.96);
insert into SHOT values (3409, 3476, 3489, 7541, 3.63, 27.73, 5.90, 3.63, 27.77, 6.02, 0.01, 179.03, 47.96);
insert into SHOT values (3410, 3476, 3490, 7541, 3.31, 27.03, -2.00, 3.30, 27.03, -1.91, 0.01, 204.92, 36.55);
insert into SHOT values (3411, 3476, 3491, 7541, 3.72, 24.93, -11.80, 3.72, 25.02, -11.79, 0.01, 112.38, 7.16);
insert into SHOT values (3412, 3476, 3492, 7541, 3.20, 20.83, -16.00, 3.20, 20.97, -15.98, 0.01, 128.48, 14.08);
insert into SHOT values (3413, 3476, 3493, 7541, 1.71, 33.03, 9.20, 1.71, 33.12, 9.44, 0.01, 179.97, 51.46);
insert into SHOT values (3414, 3493, 3494, 7541, 4.34, 325.73, -72.30, 4.34, 325.83, -72.35, 0.01, 97.01, -60.36);
insert into SHOT values (3415, 3493, 3495, 7541, 4.20, 349.03, -63.90, 4.21, 349.11, -63.88, 0.01, 16.06, -52.80);
insert into SHOT values (3416, 3493, 3496, 7541, 0.19, 353.33, -56.20, 0.19, 354.81, -55.38, 0.01, 24.46, -20.96);
insert into SHOT values (3417, 3493, 3497, 7541, 2.35, 357.83, -48.90, 2.36, 357.78, -48.93, 0.01, 347.42, -54.81);
insert into SHOT values (3418, 3493, 3498, 7541, 1.23, 286.23, 1.80, 1.23, 286.52, 1.40, 0.01, 3.73, -53.09);
insert into SHOT values (3419, 3493, 3499, 7541, 1.08, 306.33, 2.90, 1.08, 306.34, 2.65, 0.00, 316.26, -72.63);
insert into SHOT values (3420, 3493, 3500, 7541, 0.82, 326.43, -2.00, 0.82, 326.50, -2.11, 0.00, 131.10, -18.07);
insert into SHOT values (3421, 3493, 3501, 7541, 0.62, 325.73, -3.30, 0.62, 325.54, -3.70, 0.00, 223.74, -64.42);
insert into SHOT values (3422, 3493, 3502, 7541, 1.28, 271.43, 4.10, 1.27, 271.35, 4.05, 0.01, 105.67, -12.99);
insert into SHOT values (3423, 3493, 3503, 7541, 0.73, 270.73, 1.20, 0.73, 270.78, 0.78, 0.01, 343.76, -81.59);
insert into SHOT values (3424, 3493, 3504, 7541, 0.77, 199.53, 7.90, 0.77, 199.15, 7.47, 0.01, 103.39, -49.07);
insert into SHOT values (3425, 3493, 3505, 7541, 1.78, 213.43, -1.50, 1.78, 213.51, -1.61, 0.01, 2.22, -33.85);
insert into SHOT values (3426, 3493, 3506, 7541, 0.75, 203.63, -7.40, 0.75, 203.81, -7.66, 0.00, 306.21, -54.92);
insert into SHOT values (3427, 3493, 3507, 7541, 1.08, 302.03, 1.90, 1.07, 302.06, 1.60, 0.01, 115.22, -45.70);
insert into SHOT values (3428, 3507, 3508, 7541, 1.08, 307.43, 13.00, 1.08, 307.30, 12.80, 0.01, 276.16, -34.19);
insert into SHOT values (3429, 3507, 3509, 7541, 1.50, 226.43, -25.00, 1.50, 226.79, -24.88, 0.01, 324.23, 24.28);
insert into SHOT values (3430, 3507, 3510, 7541, 1.15, 196.03, -32.00, 1.14, 196.19, -32.21, 0.01, 354.13, -4.59);
insert into SHOT values (3431, 3507, 3511, 7541, 0.54, 182.03, -7.90, 0.53, 182.16, -7.52, 0.01, 346.51, 42.11);
insert into SHOT values (3432, 3507, 3512, 7541, 0.55, 214.03, -9.20, 0.55, 214.56, -9.35, 0.01, 269.69, -18.44);
insert into SHOT values (3433, 3507, 3513, 7541, 0.67, 227.23, -0.70, 0.67, 228.01, -0.85, 0.01, 301.11, -10.69);
insert into SHOT values (3434, 3507, 3514, 7541, 0.44, 210.23, 64.60, 0.44, 212.01, 64.75, 0.01, 301.62, 23.37);
insert into SHOT values (3435, 3507, 3515, 7541, 0.63, 352.83, -80.90, 0.63, 348.69, -80.66, 0.01, 278.58, 15.16);
insert into SHOT values (3436, 3507, 3516, 7541, 0.84, 240.03, -67.40, 0.83, 240.26, -67.28, 0.01, 343.98, 76.42);
insert into SHOT values (3437, 3507, 3517, 7541, 0.96, 232.73, -58.50, 0.96, 233.13, -58.63, 0.00, 347.29, -20.71);
insert into SHOT values (3438, 3507, 3518, 7541, 3.72, 226.43, -45.30, 3.72, 226.55, -45.25, 0.01, 310.12, 36.66);
insert into SHOT values (3439, 3507, 3519, 7541, 3.30, 222.53, -37.90, 3.30, 222.66, -38.01, 0.01, 0.61, -17.53);
insert into SHOT values (3440, 3507, 3520, 7541, 2.82, 219.43, -33.80, 2.82, 219.46, -33.81, 0.00, 274.13, -35.20);
insert into SHOT values (3441, 3507, 3521, 7541, 2.43, 203.23, -55.80, 2.43, 203.36, -55.88, 0.01, 345.28, -2.08);
insert into SHOT values (3442, 3507, 3522, 7541, 1.50, 226.23, -27.00, 1.50, 226.52, -26.96, 0.01, 313.07, 8.30);
insert into SHOT values (3443, 3522, 3523, 7541, 1.51, 217.23, -14.50, 1.50, 217.18, -14.63, 0.01, 47.37, -17.87);
insert into SHOT values (3444, 3522, 3524, 7541, 1.97, 214.73, -55.50, 1.97, 214.40, -55.46, 0.01, 117.44, 29.08);
insert into SHOT values (3445, 3524, 3525, 7541, 1.99, 212.03, -55.30, 1.99, 212.01, -55.38, 0.00, 59.48, -77.27);
insert into SHOT values (3446, 3524, 3526, 7541, 2.32, 291.13, -4.30, 2.32, 291.25, -4.44, 0.01, 341.88, -42.96);
insert into SHOT values (3447, 3524, 3527, 7541, 2.18, 310.63, -2.00, 2.19, 310.54, -2.10, 0.01, 282.45, -30.71);
insert into SHOT values (3448, 3524, 3528, 7541, 1.03, 333.73, 1.00, 1.04, 333.68, 0.55, 0.01, 327.79, -45.85);
insert into SHOT values (3449, 3524, 3529, 7541, 0.93, 356.23, 0.50, 0.93, 355.70, 0.61, 0.01, 283.14, 11.79);
insert into SHOT values (3450, 3524, 3530, 7541, 1.18, 5.53, 3.10, 1.19, 5.33, 2.90, 0.01, 334.30, -25.50);
insert into SHOT values (3451, 3524, 3531, 7541, 1.30, 50.73, 4.40, 1.30, 50.65, 4.42, 0.00, 261.46, 4.41);
insert into SHOT values (3452, 3524, 3532, 7541, 1.00, 65.23, 0.80, 0.99, 64.98, 0.58, 0.01, 277.25, -26.51);
insert into SHOT values (3453, 3524, 3533, 7541, 0.56, 74.63, 11.70, 0.55, 73.91, 11.49, 0.01, 297.85, -19.81);
insert into SHOT values (3454, 3524, 3534, 7541, 1.86, 311.53, -41.70, 1.86, 311.50, -41.77, 0.00, 204.30, -74.27);
insert into SHOT values (3455, 3524, 3535, 7541, 2.12, 305.43, -29.30, 2.12, 305.32, -29.33, 0.00, 244.64, -33.01);
insert into SHOT values (3456, 3524, 3536, 7541, 3.46, 304.03, -29.20, 3.47, 303.95, -29.18, 0.01, 269.35, -16.39);
insert into SHOT values (3457, 3524, 3537, 7541, 2.92, 303.23, -18.80, 2.93, 303.23, -18.72, 0.01, 304.88, 6.18);
insert into SHOT values (3458, 3524, 3538, 7541, 2.33, 300.83, -0.30, 2.33, 300.96, -0.49, 0.01, 7.59, -51.98);
insert into SHOT values (3459, 3524, 3539, 7541, 2.27, 303.33, 11.20, 2.27, 303.48, 11.16, 0.01, 5.12, -7.83);
insert into SHOT values (3460, 3524, 3540, 7541, 2.37, 305.53, 22.00, 2.37, 305.57, 21.80, 0.01, 332.61, -65.71);
insert into SHOT values (3461, 3524, 3541, 7541, 2.28, 309.33, 38.10, 2.28, 309.36, 37.91, 0.01, 324.73, -62.18);
insert into SHOT values (3462, 3524, 3542, 7541, 2.52, 314.13, 47.20, 2.52, 314.05, 47.23, 0.00, 204.90, 23.41);
insert into SHOT values (3463, 3524, 3543, 7541, 2.85, 319.83, 52.90, 2.85, 319.94, 52.77, 0.01, 351.45, -25.63);
insert into SHOT values (3464, 3524, 3544, 7541, 2.34, 300.13, -14.60, 2.34, 300.18, -14.59, 0.00, 337.51, -2.41);
insert into SHOT values (3465, 3544, 3545, 7541, 2.35, 300.63, -9.20, 2.35, 300.54, -9.29, 0.01, 245.12, -45.50);
insert into SHOT values (3466, 3544, 3546, 7541, 0.76, 160.73, -8.70, 0.76, 160.60, -9.06, 0.01, 112.83, -66.48);
insert into SHOT values (3467, 3544, 3547, 7541, 0.68, 181.33, -8.10, 0.68, 181.71, -8.49, 0.01, 304.48, -37.99);
insert into SHOT values (3468, 3544, 3548, 7541, 0.87, 57.33, -3.30, 0.87, 57.23, -3.30, 0.00, 314.72, 2.95);
insert into SHOT values (3469, 3544, 3549, 7541, 1.12, 36.13, -4.60, 1.12, 36.25, -4.61, 0.00, 133.70, -4.04);
insert into SHOT values (3470, 3544, 3550, 7541, 1.31, 27.73, -3.90, 1.31, 27.74, -3.93, 0.00, 32.06, -13.83);
insert into SHOT values (3471, 3544, 3551, 7541, 3.90, 221.83, -84.20, 3.90, 222.95, -84.17, 0.01, 297.20, 0.25);
insert into SHOT values (3472, 3544, 3552, 7541, 3.53, 159.73, -82.60, 3.53, 160.77, -82.59, 0.01, 244.98, 4.12);
insert into SHOT values (3473, 3544, 3553, 7541, 2.39, 141.13, -75.40, 2.40, 141.04, -75.40, 0.01, 117.24, -73.41);
insert into SHOT values (3474, 3544, 3554, 7541, 1.70, 132.33, -65.70, 1.70, 132.66, -65.89, 0.01, 278.35, -4.82);
insert into SHOT values (3475, 3544, 3555, 7541, 1.24, 131.73, -52.90, 1.24, 131.76, -52.83, 0.00, 140.96, -19.64);
insert into SHOT values (3476, 3544, 3556, 7541, 1.30, 120.93, -41.50, 1.30, 121.07, -41.59, 0.01, 274.23, 15.04);
insert into SHOT values (3477, 3544, 3557, 7541, 1.39, 117.93, -33.30, 1.39, 118.33, -33.60, 0.01, 227.69, -38.02);
insert into SHOT values (3478, 3544, 3558, 7541, 1.63, 117.73, -21.40, 1.63, 117.92, -21.59, 0.01, 220.59, -45.39);
insert into SHOT values (3479, 3544, 3559, 7541, 2.59, 182.93, -65.10, 2.59, 183.15, -65.08, 0.00, 257.77, -9.68);
insert into SHOT values (3480, 3559, 3560, 7541, 0.49, 51.83, -12.10, 0.49, 51.71, -11.67, 0.01, 40.78, 27.88);
insert into SHOT values (3481, 3559, 3561, 7541, 0.75, 17.03, -8.90, 0.75, 17.22, -9.17, 0.01, 63.64, -49.48);
insert into SHOT values (3482, 3559, 3562, 7541, 1.72, 6.93, -3.70, 1.72, 7.04, -3.67, 0.01, 142.18, 11.43);
insert into SHOT values (3483, 3559, 3563, 7541, 4.75, 3.33, 8.20, 4.75, 3.29, 8.24, 0.01, 218.25, 29.29);
insert into SHOT values (3484, 3559, 3564, 7541, 3.03, 354.23, 9.60, 3.03, 354.23, 9.51, 0.01, 166.98, -65.01);
insert into SHOT values (3485, 3559, 3565, 7541, 1.96, 329.03, 11.70, 1.97, 329.04, 11.74, 0.01, 332.97, 27.14);
insert into SHOT values (3486, 3559, 3566, 7541, 1.37, 299.33, 14.60, 1.36, 299.48, 14.43, 0.01, 83.49, -42.13);
insert into SHOT values (3487, 3559, 3567, 7541, 1.05, 286.03, 14.20, 1.05, 285.95, 14.31, 0.00, 238.11, 51.44);
insert into SHOT values (3488, 3559, 3568, 7541, 1.07, 283.73, 8.00, 1.07, 283.64, 8.06, 0.00, 205.39, 34.62);
insert into SHOT values (3489, 3559, 3569, 7541, 1.13, 264.43, 5.40, 1.13, 264.39, 5.08, 0.01, 204.56, -82.78);
insert into SHOT values (3490, 3559, 3570, 7541, 1.27, 238.53, 3.20, 1.27, 238.57, 3.17, 0.00, 35.64, -19.54);
insert into SHOT values (3491, 3559, 3571, 7541, 1.75, 219.13, 0.10, 1.75, 218.97, 0.00, 0.01, 119.41, -31.75);
insert into SHOT values (3492, 3559, 3572, 7541, 2.35, 209.33, -1.20, 2.35, 209.29, -1.22, 0.00, 155.61, -23.94);
insert into SHOT values (3493, 3559, 3573, 7541, 0.92, 203.53, 7.40, 0.92, 203.20, 7.48, 0.01, 129.95, 15.48);
insert into SHOT values (3494, 3559, 3574, 7541, 4.66, 29.23, 75.20, 4.65, 29.15, 75.18, 0.01, 313.73, -72.75);
insert into SHOT values (3495, 3559, 3575, 7541, 2.07, 322.23, 78.20, 2.06, 321.77, 78.25, 0.01, 188.72, -53.38);
insert into SHOT values (3496, 3559, 3576, 7541, 1.67, 285.23, 73.30, 1.67, 285.78, 73.37, 0.01, 37.53, 4.99);
insert into SHOT values (3497, 3559, 3577, 7541, 0.93, 266.23, 51.40, 0.93, 266.05, 51.08, 0.01, 210.10, -72.92);
insert into SHOT values (3498, 3559, 3578, 7541, 0.87, 264.83, 12.30, 0.86, 264.56, 12.04, 0.01, 117.00, -35.91);
insert into SHOT values (3499, 3559, 3579, 7541, 1.11, 266.73, -7.90, 1.11, 266.88, -7.75, 0.00, 320.14, 35.20);
insert into SHOT values (3500, 3559, 3580, 7541, 1.49, 267.63, -75.00, 1.49, 266.99, -75.20, 0.01, 127.18, -6.60);
insert into SHOT values (3501, 3559, 3581, 7541, 1.68, 285.03, -59.50, 1.68, 285.02, -59.65, 0.00, 106.82, -33.89);
insert into SHOT values (3502, 3559, 3582, 7541, 1.59, 286.03, -45.60, 1.59, 286.16, -45.66, 0.00, 345.01, -53.26);
insert into SHOT values (3503, 3559, 3583, 7541, 2.80, 206.23, -16.00, 2.80, 206.28, -15.99, 0.00, 352.69, 21.65);
insert into SHOT values (3504, 3584, 3585, 7541, 0.43, 110.83, -0.20, 0.43, 110.56, 0.00, 0.00, 326.53, 23.51);
insert into SHOT values (3505, 3584, 3586, 7541, 0.58, 111.53, 31.90, 0.57, 111.80, 31.76, 0.01, 274.79, -38.77);
insert into SHOT values (3506, 3584, 3587, 7541, 0.94, 94.03, 52.70, 0.93, 94.09, 52.81, 0.01, 269.96, -43.28);
insert into SHOT values (3507, 3584, 3588, 7541, 1.20, 104.03, 74.70, 1.19, 104.93, 74.89, 0.01, 245.69, -43.36);
insert into SHOT values (3508, 3584, 3589, 7541, 5.25, 14.03, 7.90, 5.24, 14.04, 7.89, 0.01, 183.74, -17.11);
insert into SHOT values (3509, 3584, 3590, 7541, 4.60, 7.73, 14.40, 4.59, 7.62, 14.37, 0.01, 240.73, -21.09);
insert into SHOT values (3510, 3584, 3591, 7541, 0.70, 351.93, 20.20, 0.70, 351.25, 20.05, 0.01, 266.79, -12.44);
insert into SHOT values (3511, 3584, 3592, 7541, 0.81, 184.13, 0.80, 0.81, 184.24, 0.71, 0.00, 218.37, -25.23);
insert into SHOT values (3512, 3584, 3593, 7541, 2.16, 202.53, -3.70, 2.16, 202.64, -3.72, 0.00, 283.90, -7.99);
insert into SHOT values (3513, 3584, 3594, 7541, 1.70, 227.33, -3.80, 1.70, 227.39, -4.04, 0.01, 265.38, -68.58);
insert into SHOT values (3514, 3584, 3595, 7541, 0.87, 261.03, 2.60, 0.87, 260.75, 2.63, 0.00, 199.08, 6.50);
insert into SHOT values (3515, 3584, 3596, 7541, 1.09, 257.83, 3.50, 1.10, 257.87, 3.14, 0.01, 264.98, -45.08);
insert into SHOT values (3516, 3584, 3597, 7541, 0.48, 82.83, -6.20, 0.48, 82.72, -7.22, 0.01, 276.73, -66.90);
insert into SHOT values (3517, 3584, 3598, 7541, 1.16, 59.63, -2.90, 1.16, 59.89, -2.97, 0.01, 175.08, -12.72);
insert into SHOT values (3518, 3584, 3599, 7541, 1.31, 7.23, -3.00, 1.31, 7.02, -3.06, 0.01, 295.64, -15.91);
insert into SHOT values (3519, 3584, 3600, 7541, 0.74, 100.13, 45.60, 0.74, 100.01, 45.66, 0.00, 16.98, 50.19);
insert into SHOT values (3520, 3584, 3601, 7541, 0.79, 100.53, 73.90, 0.79, 100.78, 74.29, 0.01, 270.23, 10.35);
insert into SHOT values (3521, 3584, 3602, 7541, 1.20, 216.43, 88.20, 1.20, 225.00, 87.98, 0.01, 272.47, 4.44);
insert into SHOT values (3522, 3584, 3603, 7541, 1.04, 276.23, 55.60, 1.04, 275.81, 55.10, 0.01, 237.75, -49.33);
insert into SHOT values (3523, 3584, 3604, 7541, 0.87, 284.23, 36.30, 0.87, 284.04, 36.04, 0.01, 188.49, -65.20);
insert into SHOT values (3524, 3584, 3605, 7541, 1.16, 286.73, 9.00, 1.16, 286.70, 8.91, 0.00, 275.51, -27.87);
insert into SHOT values (3525, 3584, 3606, 7541, 4.19, 348.13, 32.70, 4.19, 348.05, 32.66, 0.01, 263.86, -38.48);
insert into SHOT values (3526, 3584, 3607, 7541, 4.56, 348.23, 32.60, 4.56, 348.13, 32.52, 0.01, 262.95, -47.75);
insert into SHOT values (3527, 3584, 3608, 7541, 4.61, 348.23, 32.60, 4.61, 348.11, 32.56, 0.01, 255.17, -25.61);
insert into SHOT values (3528, 3584, 3609, 7541, 4.20, 347.93, 32.20, 4.19, 347.80, 32.13, 0.01, 230.74, -43.48);
insert into SHOT values (3529, 3608, 3610, 7541, 4.18, 348.23, 32.60, 4.18, 348.21, 32.55, 0.00, 331.23, -34.41);
insert into SHOT values (3530, 3584, 3611, 7541, 0.41, 90.63, 1.70, 0.41, 91.40, 1.40, 0.01, 177.87, -21.38);
insert into SHOT values (3531, 3584, 3612, 7541, 0.28, 77.53, 47.80, 0.27, 77.47, 47.33, 0.01, 260.27, -63.54);
insert into SHOT values (3532, 3584, 3613, 7541, 0.81, 8.03, -74.70, 0.81, 8.13, -74.79, 0.00, 174.54, 38.03);
insert into SHOT values (3533, 3584, 3614, 7541, 1.81, 2.03, 4.40, 1.81, 1.91, 4.44, 0.01, 227.08, 12.36);
insert into SHOT values (3534, 3584, 3615, 7541, 4.41, 350.13, 4.20, 4.41, 350.04, 4.16, 0.01, 242.59, -24.51);
insert into SHOT values (3535, 3584, 3616, 7541, 2.21, 172.83, -1.40, 2.21, 172.97, -1.56, 0.01, 289.10, -43.86);
insert into SHOT values (3536, 3584, 3617, 7541, 1.90, 172.63, -14.70, 1.90, 172.80, -14.95, 0.01, 293.97, -50.74);
insert into SHOT values (3537, 3610, 3618, 7541, 3.30, 356.13, 1.90, 3.30, 356.17, 1.91, 0.00, 102.95, 11.46);
insert into SHOT values (3538, 3618, 3619, 7541, 1.18, 202.73, -5.60, 1.18, 202.43, -5.33, 0.01, 151.54, 33.62);
insert into SHOT values (3539, 3618, 3620, 7541, 0.79, 222.03, -5.80, 0.79, 221.39, -5.81, 0.01, 134.94, -1.09);
insert into SHOT values (3540, 3618, 3621, 7541, 3.68, 244.33, -0.20, 3.68, 244.20, -0.16, 0.01, 130.30, 18.02);
insert into SHOT values (3541, 3618, 3622, 7541, 1.34, 268.53, 16.90, 1.34, 268.66, 16.94, 0.00, 29.81, 7.62);
insert into SHOT values (3542, 3618, 3623, 7541, 1.07, 294.03, 16.70, 1.07, 294.30, 16.90, 0.01, 65.87, 20.77);
insert into SHOT values (3543, 3618, 3624, 7541, 1.17, 325.13, 5.30, 1.16, 325.21, 5.43, 0.01, 133.39, 12.90);
insert into SHOT values (3544, 3618, 3625, 7541, 1.33, 343.63, 4.10, 1.33, 343.76, 4.32, 0.01, 125.11, 45.30);
insert into SHOT values (3545, 3618, 3626, 7541, 0.44, 144.93, 6.60, 0.44, 145.22, 6.51, 0.00, 206.96, -12.58);
insert into SHOT values (3546, 3618, 3627, 7541, 0.68, 172.13, 5.90, 0.68, 172.35, 5.91, 0.00, 270.45, 2.17);
insert into SHOT values (3547, 3618, 3628, 7541, 0.18, 221.43, 65.80, 0.19, 219.81, 65.32, 0.01, 194.16, 50.36);
insert into SHOT values (3548, 3618, 3629, 7541, 4.44, 251.13, 4.00, 4.44, 251.16, 4.01, 0.00, 20.51, 5.41);
insert into SHOT values (3549, 3618, 3630, 7541, 4.64, 251.23, 3.80, 4.64, 251.21, 3.83, 0.00, 89.55, 35.61);
insert into SHOT values (3550, 3618, 3631, 7541, 4.44, 251.13, 4.10, 4.44, 251.16, 4.13, 0.00, 11.34, 43.86);
insert into SHOT values (3551, 3631, 3632, 7541, 0.41, 132.93, 3.40, 0.41, 133.03, 2.79, 0.00, 166.04, -73.27);
insert into SHOT values (3552, 3631, 3633, 7541, 0.62, 138.93, 14.30, 0.63, 138.99, 13.82, 0.01, 143.41, -19.58);
insert into SHOT values (3553, 3631, 3634, 7541, 0.46, 150.83, -55.10, 0.46, 150.52, -55.19, 0.00, 96.67, -57.82);
insert into SHOT values (3554, 3631, 3635, 7541, 0.85, 180.73, -83.10, 0.85, 180.00, -82.54, 0.01, 170.69, 25.67);
insert into SHOT values (3555, 3631, 3636, 7541, 0.84, 197.63, -74.50, 0.84, 197.65, -74.09, 0.01, 198.49, -4.92);
insert into SHOT values (3556, 3631, 3637, 7541, 9.63, 202.13, -5.40, 9.64, 202.10, -5.42, 0.01, 173.44, -22.94);
insert into SHOT values (3557, 3637, 3638, 7541, 1.01, 105.03, 81.70, 1.01, 102.09, 81.85, 0.01, 354.04, 4.22);
insert into SHOT values (3558, 3637, 3639, 7541, 1.22, 57.03, 64.40, 1.22, 56.61, 64.40, 0.00, 324.23, -3.53);
insert into SHOT values (3559, 3637, 3640, 7541, 0.59, 316.63, 58.40, 0.60, 317.60, 58.59, 0.01, 23.64, 52.38);
insert into SHOT values (3560, 3637, 3641, 7541, 0.53, 311.73, 27.00, 0.53, 312.44, 26.84, 0.01, 23.23, -5.67);
insert into SHOT values (3561, 3637, 3642, 7541, 0.54, 329.43, 5.10, 0.54, 330.12, 5.27, 0.01, 27.39, 14.38);
insert into SHOT values (3562, 3637, 3643, 7541, 2.72, 16.13, 5.70, 2.72, 16.09, 5.70, 0.00, 268.18, -4.88);
insert into SHOT values (3563, 3637, 3644, 7541, 10.15, 23.13, 5.50, 10.16, 23.12, 5.54, 0.01, 12.30, 39.14);
insert into SHOT values (3564, 3637, 3645, 7541, 2.20, 266.83, -17.50, 2.19, 266.99, -17.50, 0.01, 38.80, 11.10);
insert into SHOT values (3565, 3645, 3646, 7541, 2.20, 271.83, -13.20, 2.21, 271.86, -13.09, 0.01, 280.73, 14.19);
insert into SHOT values (3566, 3645, 3647, 7541, 2.03, 151.23, 0.70, 2.03, 151.41, 0.85, 0.01, 263.67, 36.14);
insert into SHOT values (3567, 3645, 3648, 7541, 2.34, 183.63, -0.90, 2.35, 183.67, -0.98, 0.01, 202.15, -31.15);
insert into SHOT values (3568, 3645, 3649, 7541, 1.99, 195.93, -1.40, 2.00, 195.98, -1.43, 0.01, 210.59, -9.69);
insert into SHOT values (3569, 3645, 3650, 7541, 2.46, 212.33, -0.50, 2.46, 212.40, -0.47, 0.01, 253.81, 17.05);
insert into SHOT values (3570, 3645, 3651, 7541, 2.76, 227.23, -0.70, 2.77, 227.20, -0.62, 0.01, 215.90, 27.43);
insert into SHOT values (3571, 3645, 3652, 7541, 2.79, 237.13, -1.10, 2.80, 237.10, -1.02, 0.01, 230.72, 20.94);
insert into SHOT values (3572, 3645, 3653, 7541, 2.18, 240.33, -0.20, 2.19, 240.39, -0.26, 0.01, 262.57, -21.88);
insert into SHOT values (3573, 3645, 3654, 7541, 0.57, 257.03, -1.80, 0.58, 256.93, -1.99, 0.01, 246.54, -21.73);
insert into SHOT values (3574, 3645, 3655, 7541, 0.43, 302.43, 14.20, 0.44, 301.43, 14.61, 0.01, 246.56, 27.00);
insert into SHOT values (3575, 3645, 3656, 7541, 1.34, 52.63, 9.80, 1.33, 52.43, 9.94, 0.01, 260.71, 11.45);
insert into SHOT values (3576, 3645, 3657, 7541, 1.45, 81.03, 9.50, 1.45, 81.13, 9.55, 0.00, 220.31, 9.58);
insert into SHOT values (3577, 3645, 3658, 7541, 1.97, 88.23, 6.20, 1.96, 88.24, 6.14, 0.01, 265.26, -20.04);
insert into SHOT values (3578, 3645, 3659, 7541, 1.65, 112.83, 3.40, 1.64, 112.97, 3.49, 0.01, 262.74, 14.71);
insert into SHOT values (3579, 3645, 3660, 7541, 1.78, 124.53, 7.00, 1.78, 124.59, 7.12, 0.01, 283.68, 28.26);
insert into SHOT values (3580, 3645, 3661, 7541, 2.03, 152.13, 0.80, 2.03, 152.43, 0.85, 0.01, 237.63, 8.85);
insert into SHOT values (3581, 3645, 3662, 7541, 2.02, 189.23, -1.00, 2.03, 189.37, -0.85, 0.01, 223.84, 30.49);
insert into SHOT values (3582, 3645, 3663, 7541, 2.52, 224.83, -5.10, 2.52, 224.84, -5.01, 0.00, 293.33, 81.67);
insert into SHOT values (3583, 3663, 3664, 7541, 0.59, 347.73, 2.90, 0.59, 347.15, 2.94, 0.01, 219.35, 1.15);
insert into SHOT values (3584, 3663, 3665, 7541, 1.20, 313.53, -6.40, 1.20, 313.31, -6.68, 0.01, 256.63, -48.60);
insert into SHOT values (3585, 3663, 3666, 7541, 1.84, 280.83, -7.90, 1.84, 280.75, -8.12, 0.01, 177.55, -71.85);
insert into SHOT values (3586, 3663, 3667, 7541, 0.44, 269.83, -6.70, 0.44, 270.00, -6.48, 0.00, 293.80, 22.11);
insert into SHOT values (3587, 3663, 3668, 7541, 0.81, 282.63, -4.00, 0.81, 282.14, -4.25, 0.01, 192.87, -27.23);
insert into SHOT values (3588, 3663, 3669, 7541, 2.34, 292.63, -2.50, 2.34, 292.62, -2.45, 0.00, 286.09, 42.71);
insert into SHOT values (3589, 3663, 3670, 7541, 2.58, 289.93, -5.60, 2.58, 289.77, -5.55, 0.01, 229.86, 12.60);
insert into SHOT values (3590, 3670, 3671, 7541, 0.42, 336.73, 83.20, 0.41, 338.20, 82.52, 0.01, 355.36, -58.42);
insert into SHOT values (3591, 3670, 3672, 7541, 0.31, 170.13, 72.40, 0.30, 167.47, 72.36, 0.01, 59.14, -50.20);
insert into SHOT values (3592, 3670, 3673, 7541, 0.71, 167.33, 2.50, 0.71, 166.94, 2.43, 0.00, 64.98, -11.36);
insert into SHOT values (3593, 3670, 3674, 7541, 1.54, 181.83, 5.60, 1.54, 181.87, 5.60, 0.00, 328.21, -7.19);
insert into SHOT values (3594, 3670, 3675, 7541, 1.48, 199.63, 5.10, 1.48, 199.42, 5.04, 0.01, 106.28, -16.29);
insert into SHOT values (3595, 3670, 3676, 7541, 0.85, 220.13, 2.50, 0.85, 220.24, 2.02, 0.01, 255.86, -68.38);
insert into SHOT values (3596, 3670, 3677, 7541, 0.63, 224.03, -0.90, 0.63, 224.36, -0.91, 0.00, 322.93, -1.63);
insert into SHOT values (3597, 3670, 3678, 7541, 0.71, 137.03, -2.10, 0.72, 136.70, -2.40, 0.01, 97.78, -31.89);
insert into SHOT values (3598, 3670, 3679, 7541, 0.73, 140.83, -0.50, 0.72, 140.60, -0.79, 0.01, 349.38, -31.17);
insert into SHOT values (3599, 3670, 3680, 7541, 3.53, 197.93, -10.30, 3.53, 197.96, -10.45, 0.01, 347.39, -62.37);
insert into SHOT values (3600, 3670, 3681, 7541, 3.42, 196.13, -6.50, 3.42, 196.08, -6.56, 0.01, 41.44, -26.31);
insert into SHOT values (3601, 3681, 3682, 7541, 3.44, 196.13, -3.80, 3.44, 196.22, -3.83, 0.01, 248.44, -15.80);
insert into SHOT values (3602, 3681, 3683, 7541, 1.90, 172.83, 3.60, 1.90, 172.72, 3.62, 0.00, 66.24, 11.31);
insert into SHOT values (3603, 3681, 3684, 7541, 2.54, 185.93, 1.90, 2.54, 185.87, 1.80, 0.01, 157.06, -38.02);
insert into SHOT values (3604, 3681, 3685, 7541, 2.98, 202.43, 0.90, 2.99, 202.44, 0.96, 0.01, 209.98, 25.84);
insert into SHOT values (3605, 3681, 3686, 7541, 1.31, 214.83, 3.90, 1.31, 215.03, 3.94, 0.00, 308.55, 11.04);
insert into SHOT values (3606, 3681, 3687, 7541, 0.94, 257.03, 2.40, 0.94, 257.14, 2.43, 0.00, 280.06, 7.44);
insert into SHOT values (3607, 3681, 3688, 7541, 1.42, 296.23, 7.50, 1.42, 296.20, 7.30, 0.01, 126.34, -55.84);
insert into SHOT values (3608, 3681, 3689, 7541, 1.57, 317.63, 8.50, 1.57, 317.60, 8.40, 0.00, 309.50, -24.45);
insert into SHOT values (3609, 3681, 3690, 7541, 0.98, 343.33, 6.10, 0.98, 343.24, 5.88, 0.01, 186.67, -49.76);
insert into SHOT values (3610, 3681, 3691, 7541, 1.08, 2.53, 11.10, 1.08, 2.16, 11.20, 0.01, 280.42, 16.93);
insert into SHOT values (3611, 3681, 3692, 7541, 1.22, 23.83, 6.30, 1.22, 23.82, 6.12, 0.00, 11.27, -79.37);
insert into SHOT values (3612, 3681, 3693, 7541, 0.74, 56.03, 6.10, 0.74, 56.09, 6.21, 0.00, 189.69, 48.70);
insert into SHOT values (3613, 3681, 3694, 7541, 0.67, 64.33, 22.50, 0.67, 64.26, 22.70, 0.00, 49.25, 52.27);
insert into SHOT values (3614, 3681, 3695, 7541, 0.65, 105.93, 68.70, 0.65, 106.93, 68.16, 0.01, 150.49, -43.08);
insert into SHOT values (3615, 3681, 3696, 7541, 0.58, 98.03, 46.40, 0.58, 98.75, 46.79, 0.01, 235.58, -0.15);
insert into SHOT values (3616, 3681, 3697, 7541, 1.22, 295.93, -1.20, 1.22, 295.73, -1.41, 0.01, 222.65, -44.93);
insert into SHOT values (3617, 3681, 3698, 7541, 1.29, 300.03, 18.70, 1.29, 299.92, 18.53, 0.00, 235.45, -54.87);
insert into SHOT values (3618, 3681, 3699, 7541, 1.13, 300.83, 28.90, 1.13, 300.96, 28.58, 0.01, 351.03, -63.10);
insert into SHOT values (3619, 3681, 3700, 7541, 0.84, 307.93, 49.10, 0.84, 307.69, 48.57, 0.01, 287.59, -37.21);
insert into SHOT values (3620, 3681, 3701, 7541, 0.72, 312.83, 69.70, 0.71, 313.36, 69.72, 0.01, 86.49, -58.70);
insert into SHOT values (3621, 3681, 3702, 7541, 0.61, 272.43, 82.50, 0.61, 270.00, 82.41, 0.01, 187.61, -54.58);
insert into SHOT values (3622, 3681, 3703, 7541, 2.66, 221.93, -6.80, 2.67, 221.94, -6.89, 0.01, 226.73, -35.42);
insert into SHOT values (3623, 3703, 3704, 7541, 2.66, 228.93, -5.60, 2.66, 228.83, -5.62, 0.01, 96.37, -4.28);
insert into SHOT values (3624, 3703, 3705, 7541, 1.56, 11.93, 3.60, 1.57, 12.17, 3.66, 0.01, 51.02, 10.90);
insert into SHOT values (3625, 3703, 3706, 7541, 1.74, 355.83, 0.80, 1.74, 356.05, 0.99, 0.01, 54.19, 34.91);
insert into SHOT values (3626, 3703, 3707, 7541, 2.14, 346.53, 0.40, 2.14, 346.48, 0.54, 0.01, 232.93, 71.03);
insert into SHOT values (3627, 3703, 3708, 7541, 2.08, 347.43, 6.30, 2.08, 347.44, 6.34, 0.00, 2.08, 39.21);
insert into SHOT values (3628, 3703, 3709, 7541, 0.28, 308.13, -8.10, 0.27, 308.99, -8.42, 0.01, 98.09, -3.85);
insert into SHOT values (3629, 3703, 3710, 7541, 0.57, 340.83, -3.70, 0.57, 341.57, -3.02, 0.01, 68.09, 42.71);
insert into SHOT values (3630, 3703, 3711, 7541, 2.28, 344.23, -5.20, 2.28, 344.44, -5.03, 0.01, 55.99, 37.22);
insert into SHOT values (3631, 3703, 3712, 7541, 1.78, 356.23, 8.00, 1.78, 356.42, 8.07, 0.01, 79.23, 20.35);
insert into SHOT values (3632, 3712, 3713, 7541, 0.72, 221.13, 1.00, 0.72, 221.63, 0.79, 0.01, 289.19, -20.40);
insert into SHOT values (3633, 3712, 3714, 7541, 0.95, 245.23, -3.30, 0.95, 245.06, -3.02, 0.01, 156.11, 59.01);
insert into SHOT values (3634, 3712, 3715, 7541, 1.50, 264.53, -3.20, 1.50, 264.63, -3.06, 0.00, 16.18, 51.37);
insert into SHOT values (3635, 3712, 3716, 7541, 1.81, 287.63, -1.80, 1.82, 287.64, -1.89, 0.01, 290.64, -26.81);
insert into SHOT values (3636, 3712, 3717, 7541, 1.99, 281.93, -2.40, 1.99, 281.87, -2.30, 0.01, 259.39, 35.09);
insert into SHOT values (3637, 3712, 3718, 7541, 1.53, 150.33, 0.30, 1.53, 150.58, 0.38, 0.01, 264.88, 14.92);
insert into SHOT values (3638, 3712, 3719, 7541, 1.85, 162.13, -2.60, 1.85, 162.35, -2.48, 0.01, 261.31, 28.22);
insert into SHOT values (3639, 3712, 3720, 7541, 1.90, 167.83, -1.00, 1.89, 167.80, -0.91, 0.01, 355.02, 24.24);
insert into SHOT values (3640, 3712, 3721, 7541, 1.86, 282.23, -3.90, 1.87, 282.40, -3.99, 0.01, 317.66, -20.19);
insert into SHOT values (3641, 3712, 3722, 7541, 1.86, 283.83, -4.40, 1.86, 284.04, -4.32, 0.01, 6.57, 21.47);
insert into SHOT values (3642, 3722, 3723, 7541, 1.87, 285.23, -3.80, 1.87, 285.23, -3.99, 0.01, 95.35, -86.30);
insert into SHOT values (3643, 3722, 3724, 7541, 3.66, 28.43, 5.80, 3.66, 28.40, 5.81, 0.00, 236.07, 1.91);
insert into SHOT values (3644, 3722, 3725, 7541, 3.76, 30.73, 8.70, 3.76, 30.78, 8.73, 0.01, 168.76, 13.93);
insert into SHOT values (3645, 3722, 3726, 7541, 5.07, 31.83, 4.80, 5.07, 31.80, 4.76, 0.01, 238.27, -40.34);
insert into SHOT values (3646, 3722, 3727, 7541, 2.96, 22.83, -2.70, 2.95, 22.74, -2.72, 0.01, 233.65, -3.71);
insert into SHOT values (3647, 3722, 3728, 7541, 3.62, 16.13, -7.80, 3.61, 16.06, -7.79, 0.01, 228.83, 8.96);
insert into SHOT values (3648, 3722, 3729, 7541, 2.28, 13.23, -11.80, 2.28, 13.23, -11.91, 0.00, 193.49, -54.32);
insert into SHOT values (3649, 3722, 3730, 7541, 5.77, 25.13, 7.10, 5.77, 25.13, 7.07, 0.01, 197.20, -37.51);
insert into SHOT values (3650, 3722, 3731, 7541, 5.36, 25.73, 6.20, 5.36, 25.70, 6.21, 0.00, 261.12, 20.27);
insert into SHOT values (3651, 3731, 3732, 7541, 0.94, 305.63, -5.00, 0.94, 305.39, -4.90, 0.01, 168.03, 19.04);
insert into SHOT values (3652, 3731, 3733, 7541, 0.77, 346.13, -0.60, 0.76, 345.60, -0.75, 0.01, 215.65, -11.86);
insert into SHOT values (3653, 3731, 3734, 7541, 0.89, 329.43, 2.60, 0.88, 329.37, 2.59, 0.01, 157.84, -3.61);
insert into SHOT values (3654, 3731, 3735, 7541, 0.52, 259.03, 4.90, 0.52, 258.91, 4.40, 0.00, 225.01, -66.25);
insert into SHOT values (3655, 3731, 3736, 7541, 0.74, 243.53, -2.20, 0.74, 243.43, -2.33, 0.00, 100.62, -39.29);
insert into SHOT values (3656, 3731, 3737, 7541, 1.27, 229.33, -3.20, 1.27, 229.15, -3.16, 0.00, 154.42, 12.74);
insert into SHOT values (3657, 3731, 3738, 7541, 1.93, 225.43, -6.70, 1.94, 225.42, -6.82, 0.01, 224.01, -36.32);
insert into SHOT values (3658, 3731, 3739, 7541, 2.36, 306.73, -2.90, 2.36, 306.72, -2.91, 0.00, 302.13, -30.17);
insert into SHOT values (3659, 3731, 3740, 7541, 2.03, 305.83, -0.70, 2.03, 305.57, -0.85, 0.01, 207.36, -29.61);
insert into SHOT values (3660, 3740, 3741, 7541, 2.03, 312.33, 0.70, 2.03, 312.41, 0.85, 0.01, 12.61, 57.74);
insert into SHOT values (3661, 3740, 3742, 7541, 5.26, 344.53, -4.90, 5.26, 344.61, -4.91, 0.01, 95.61, -4.88);
insert into SHOT values (3662, 3740, 3743, 7541, 4.04, 344.43, -5.30, 4.04, 344.45, -5.25, 0.01, 0.29, 32.61);
insert into SHOT values (3663, 3743, 3744, 7541, 4.04, 339.83, -2.00, 4.04, 339.86, -1.99, 0.00, 86.16, 22.22);
insert into SHOT values (3664, 3743, 3745, 7541, 1.25, 312.13, -0.70, 1.25, 312.40, -0.92, 0.01, 77.11, -33.30);
insert into SHOT values (3665, 3743, 3746, 7541, 1.73, 278.53, 2.70, 1.73, 278.65, 2.65, 0.00, 344.97, -20.82);
insert into SHOT values (3666, 3743, 3747, 7541, 2.09, 262.43, 7.90, 2.09, 262.50, 7.98, 0.00, 36.37, 37.68);
insert into SHOT values (3667, 3743, 3748, 7541, 1.92, 244.13, 9.10, 1.92, 243.98, 9.01, 0.01, 114.79, -29.87);
insert into SHOT values (3668, 3743, 3749, 7541, 1.44, 226.23, 2.30, 1.44, 226.12, 2.38, 0.01, 192.87, 25.15);
insert into SHOT values (3669, 3743, 3750, 7541, 1.06, 87.53, -0.40, 1.06, 87.84, -0.54, 0.01, 170.01, -23.99);
insert into SHOT values (3670, 3743, 3751, 7541, 4.44, 165.43, 6.10, 4.44, 165.43, 6.08, 0.00, 342.16, -31.57);
insert into SHOT values (3671, 3743, 3752, 7541, 3.56, 160.63, 9.60, 3.56, 160.53, 9.54, 0.01, 76.09, -32.77);
insert into SHOT values (3672, 3743, 3753, 7541, 7.80, 185.53, 62.60, 7.79, 185.44, 62.61, 0.01, 63.12, -37.95);
insert into SHOT values (3673, 3743, 3754, 7541, 5.42, 189.33, 55.80, 5.42, 189.25, 55.76, 0.01, 135.63, -27.72);
insert into SHOT values (3674, 3743, 3755, 7541, 4.38, 199.83, 44.80, 4.38, 199.78, 44.88, 0.01, 47.94, 33.82);
insert into SHOT values (3675, 3743, 3756, 7541, 0.92, 204.93, 41.60, 0.92, 205.07, 41.71, 0.00, 359.21, -11.79);
insert into SHOT values (3676, 3743, 3757, 7541, 3.81, 210.83, 41.00, 3.81, 210.76, 41.02, 0.00, 102.66, 6.65);
insert into SHOT values (3677, 3743, 3758, 7541, 2.39, 256.43, 40.80, 2.38, 256.20, 40.88, 0.01, 121.77, -9.31);
insert into SHOT values (3678, 3743, 3759, 7541, 1.88, 280.93, 31.20, 1.88, 280.75, 31.10, 0.01, 192.52, -38.35);
insert into SHOT values (3679, 3743, 3760, 7541, 1.57, 256.63, 19.40, 1.57, 256.72, 19.36, 0.00, 15.49, -29.63);
insert into SHOT values (3680, 3743, 3761, 7541, 0.93, 190.63, 18.70, 0.93, 190.42, 18.73, 0.01, 149.87, 20.64);
insert into SHOT values (3681, 3743, 3762, 7541, 1.66, 179.23, 3.90, 1.66, 178.96, 3.79, 0.01, 117.63, -18.64);
insert into SHOT values (3682, 3763, 3743, 7541, 6.75, 10.73, -60.10, 6.78, 9.35, -59.46, 0.12, 324.83, 5.74);
insert into SHOT values (3683, 3764, 3765, 7541, 6.77, 17.73, -51.10, 6.77, 17.80, -51.09, 0.01, 84.60, -12.92);
insert into SHOT values (3684, 3764, 3766, 7541, 3.33, 23.93, -50.90, 3.34, 24.13, -50.91, 0.01, 87.80, -34.87);
insert into SHOT values (3685, 3764, 3767, 7541, 6.76, 10.53, -59.90, 6.76, 10.55, -59.93, 0.00, 168.15, -26.01);
insert into SHOT values (3686, 3764, 3768, 7541, 3.71, 319.73, 87.40, 3.71, 322.43, 87.47, 0.01, 79.71, 23.14);
insert into SHOT values (3687, 3764, 3769, 7541, 1.32, 312.13, 51.30, 1.32, 312.04, 51.43, 0.00, 149.53, -2.31);
insert into SHOT values (3688, 3764, 3770, 7541, 1.05, 303.93, 14.00, 1.05, 304.16, 13.84, 0.01, 75.60, -35.95);
insert into SHOT values (3689, 3764, 3771, 7541, 0.44, 118.93, 42.00, 0.44, 118.89, 41.20, 0.01, 115.83, -46.23);
insert into SHOT values (3690, 3764, 3772, 7541, 1.18, 121.43, 69.90, 1.18, 120.96, 69.81, 0.00, 70.08, 23.90);
insert into SHOT values (3691, 3764, 3773, 7541, 2.42, 89.33, 84.60, 2.42, 90.00, 84.55, 0.00, 139.67, 11.89);
insert into SHOT values (3692, 3764, 3774, 7541, 14.56, 169.23, 82.70, 14.56, 169.11, 82.69, 0.01, 121.51, -22.11);
insert into SHOT values (3693, 3764, 3775, 7541, 6.58, 207.93, 68.20, 6.58, 207.82, 68.21, 0.00, 102.15, 7.10);
insert into SHOT values (3694, 3764, 3776, 7541, 6.12, 209.13, 63.70, 6.12, 209.12, 63.70, 0.00, 187.77, 69.69);
insert into SHOT values (3695, 3764, 3777, 7541, 4.22, 229.03, 2.50, 4.21, 229.04, 2.45, 0.01, 34.69, -36.76);
insert into SHOT values (3696, 3764, 3778, 7541, 2.88, 245.13, -0.80, 2.88, 245.13, -0.80, 0.00, 63.76, 4.19);
insert into SHOT values (3697, 3764, 3779, 7541, 1.55, 256.33, 9.20, 1.54, 256.33, 9.32, 0.01, 75.76, 17.55);
insert into SHOT values (3698, 3764, 3780, 7541, 1.35, 275.93, 6.00, 1.34, 276.01, 5.98, 0.01, 75.72, -11.24);
insert into SHOT values (3699, 3764, 3781, 7541, 1.08, 278.93, 8.20, 1.07, 279.20, 8.03, 0.01, 55.45, -28.96);
insert into SHOT values (3700, 3763, 3782, 7541, 1.05, 186.63, 5.00, 1.05, 186.58, 5.46, 0.01, 144.60, 81.92);
insert into SHOT values (3701, 3763, 3783, 7541, 1.53, 204.83, 5.40, 1.53, 204.88, 5.63, 0.01, 349.43, 67.54);
insert into SHOT values (3702, 3763, 3784, 7541, 3.71, 219.13, 0.20, 3.71, 219.09, 0.31, 0.01, 150.49, 72.35);
insert into SHOT values (3703, 3764, 3785, 7541, 4.11, 222.53, 7.10, 4.11, 222.42, 7.13, 0.01, 122.37, 14.03);
insert into SHOT values (3704, 3785, 3786, 7541, 0.62, 290.73, -1.40, 0.62, 290.77, -1.85, 0.00, 335.28, -81.65);
insert into SHOT values (3705, 3785, 3787, 7541, 0.85, 231.03, 2.50, 0.85, 231.23, 2.03, 0.01, 2.63, -59.81);
insert into SHOT values (3706, 3785, 3788, 7541, 0.67, 187.13, 3.60, 0.67, 186.91, 3.44, 0.01, 40.04, -24.28);
insert into SHOT values (3707, 3785, 3789, 7541, 0.55, 143.93, 19.70, 0.54, 143.81, 19.51, 0.01, 330.10, -28.79);
insert into SHOT values (3708, 3785, 3790, 7541, 0.72, 94.63, 21.90, 0.71, 94.33, 22.19, 0.01, 303.48, 11.64);
insert into SHOT values (3709, 3785, 3791, 7541, 0.88, 71.43, 11.40, 0.88, 71.15, 11.10, 0.01, 23.69, -34.61);
insert into SHOT values (3710, 3785, 3792, 7541, 1.84, 67.23, 6.10, 1.83, 67.09, 5.95, 0.01, 284.35, -37.62);
insert into SHOT values (3711, 3785, 3793, 7541, 1.29, 125.13, 65.70, 1.28, 124.90, 65.86, 0.01, 322.48, -39.77);
insert into SHOT values (3712, 3785, 3794, 7541, 1.41, 167.13, 83.10, 1.41, 165.96, 83.28, 0.01, 23.74, 2.17);
insert into SHOT values (3713, 3785, 3795, 7541, 1.42, 290.63, 75.90, 1.42, 291.50, 75.49, 0.01, 322.52, -35.14);
insert into SHOT values (3714, 3785, 3796, 7541, 0.89, 328.63, 69.90, 0.89, 329.35, 69.29, 0.01, 355.07, -33.08);
insert into SHOT values (3715, 3785, 3797, 7541, 0.64, 316.03, 8.80, 0.64, 316.27, 8.93, 0.01, 349.93, 23.02);
insert into SHOT values (3716, 3785, 3798, 7541, 2.69, 227.53, 5.30, 2.69, 227.73, 5.34, 0.01, 333.20, 8.91);
insert into SHOT values (3717, 3798, 3799, 7541, 3.23, 191.93, 30.10, 3.24, 191.95, 30.05, 0.01, 203.27, 1.08);
insert into SHOT values (3718, 3798, 3800, 7541, 3.49, 192.73, 29.70, 3.49, 192.75, 29.54, 0.01, 216.52, -68.16);
insert into SHOT values (3719, 3798, 3801, 7541, 5.59, 191.63, 31.00, 5.59, 191.54, 30.89, 0.01, 140.19, -45.93);
insert into SHOT values (3720, 3801, 3802, 7541, 1.23, 301.63, 3.90, 1.24, 301.76, 4.17, 0.01, 321.97, 37.48);
insert into SHOT values (3721, 3801, 3803, 7541, 1.24, 279.83, 6.50, 1.25, 279.77, 6.91, 0.01, 267.57, 57.86);
insert into SHOT values (3722, 3801, 3804, 7541, 1.50, 255.23, 7.50, 1.50, 255.22, 7.65, 0.00, 249.06, 63.06);
insert into SHOT values (3723, 3801, 3805, 7541, 1.98, 230.03, 7.10, 1.98, 230.16, 7.24, 0.01, 297.94, 47.35);
insert into SHOT values (3724, 3801, 3806, 7541, 3.39, 239.33, 2.90, 3.40, 239.35, 3.04, 0.01, 250.79, 44.90);
insert into SHOT values (3725, 3801, 3807, 7541, 4.28, 244.83, 2.30, 4.28, 244.81, 2.41, 0.01, 157.60, 83.28);
insert into SHOT values (3726, 3801, 3763, 7541, 4.55, 237.33, 21.80, 4.55, 237.36, 21.79, 0.00, 279.94, 3.99);
insert into SHOT values (3727, 3763, 3808, 7541, 2.48, 221.23, 10.60, 2.46, 219.62, 10.79, 0.07, 111.79, 3.04);
insert into SHOT values (3728, 3763, 3809, 7541, 2.48, 224.13, 13.70, 2.48, 224.16, 13.75, 0.00, 258.89, 46.61);
insert into SHOT values (3729, 3763, 3810, 7541, 0.58, 119.23, 11.90, 0.59, 119.25, 11.83, 0.01, 121.58, 4.15);
insert into SHOT values (3730, 3808, 3811, 7541, 0.63, 127.73, 45.30, 0.63, 127.65, 45.51, 0.00, 336.60, 60.27);
insert into SHOT values (3731, 3808, 3812, 7541, 0.29, 133.13, 63.90, 0.29, 131.63, 65.15, 0.01, 336.64, -3.12);
insert into SHOT values (3732, 3808, 3813, 7541, 2.46, 201.03, 2.00, 2.45, 201.02, 1.87, 0.01, 23.54, -48.14);
insert into SHOT values (3733, 3808, 3814, 7541, 2.13, 62.03, 1.60, 2.13, 61.99, 1.61, 0.00, 342.53, 21.55);
insert into SHOT values (3734, 3808, 3815, 7541, 2.64, 244.83, -48.50, 2.58, 243.28, -49.08, 0.08, 102.26, 19.99);
insert into SHOT values (3735, 3815, 3816, 7541, 1.29, 277.73, -23.60, 1.29, 277.79, -23.77, 0.00, 51.89, -63.76);
insert into SHOT values (3736, 3815, 3817, 7541, 5.29, 264.03, -27.90, 5.18, 263.06, -28.48, 0.14, 116.06, 2.12);
insert into SHOT values (3737, 3817, 3818, 7541, 5.29, 266.73, -22.10, 5.29, 266.72, -22.11, 0.00, 91.54, 3.88);
insert into SHOT values (3738, 3817, 3819, 7541, 0.78, 240.63, 0.30, 0.78, 240.80, 0.00, 0.00, 353.65, -57.46);
insert into SHOT values (3739, 3817, 3820, 7541, 0.79, 295.33, 3.10, 0.79, 295.59, 2.91, 0.00, 49.81, -34.50);
insert into SHOT values (3740, 3817, 3821, 7541, 2.56, 321.43, 7.30, 2.55, 321.41, 7.42, 0.01, 147.73, 37.49);
insert into SHOT values (3741, 3817, 3822, 7541, 3.26, 301.03, 10.80, 3.26, 301.06, 10.80, 0.00, 97.40, -11.74);
insert into SHOT values (3742, 3817, 3823, 7541, 3.54, 288.83, 10.40, 3.53, 288.80, 10.43, 0.01, 122.73, 8.27);
insert into SHOT values (3743, 3817, 3824, 7541, 1.04, 7.13, 4.50, 1.04, 7.19, 4.41, 0.00, 48.68, -40.97);
insert into SHOT values (3744, 3817, 3825, 7541, 1.89, 19.73, -5.70, 1.89, 19.88, -5.76, 0.01, 93.20, -23.56);
insert into SHOT values (3745, 3817, 3826, 7541, 3.34, 29.93, -7.30, 3.34, 30.04, -7.22, 0.01, 99.51, 30.92);
insert into SHOT values (3746, 3817, 3827, 7541, 3.12, 296.53, 12.20, 3.12, 296.48, 12.21, 0.00, 217.41, 15.26);
insert into SHOT values (3747, 3827, 3828, 7541, 1.72, 243.43, 6.80, 1.71, 243.43, 6.71, 0.01, 61.66, -23.28);
insert into SHOT values (3748, 3827, 3829, 7541, 6.52, 220.93, 11.20, 6.52, 220.94, 11.23, 0.00, 355.53, 56.18);
insert into SHOT values (3749, 3827, 3830, 7541, 3.14, 211.83, 14.60, 3.14, 211.81, 14.59, 0.00, 53.62, -26.79);
insert into SHOT values (3750, 3827, 3831, 7541, 2.44, 198.83, 16.00, 2.44, 198.67, 15.96, 0.01, 89.99, -20.38);
insert into SHOT values (3751, 3827, 3832, 7541, 1.86, 184.03, 13.50, 1.85, 183.81, 13.41, 0.01, 59.31, -27.39);
insert into SHOT values (3752, 3827, 3833, 7541, 1.59, 173.63, 12.70, 1.59, 173.33, 12.72, 0.01, 79.03, 3.20);
insert into SHOT values (3753, 3827, 3834, 7541, 9.56, 230.53, 11.80, 9.56, 230.51, 11.77, 0.01, 104.06, -53.67);
insert into SHOT values (3754, 3834, 3835, 7541, 1.68, 328.53, -4.50, 1.68, 328.68, -4.44, 0.01, 70.40, 21.02);
insert into SHOT values (3755, 3834, 3836, 7541, 0.88, 338.53, 58.30, 0.88, 338.43, 58.35, 0.00, 246.30, 58.54);
insert into SHOT values (3756, 3834, 3837, 7541, 1.04, 345.23, 28.90, 1.04, 345.35, 29.28, 0.01, 99.96, 73.34);
insert into SHOT values (3757, 3834, 3838, 7541, 1.48, 343.53, -63.30, 1.48, 343.47, -63.17, 0.00, 328.33, 38.94);
insert into SHOT values (3758, 3834, 3839, 7541, 1.52, 38.43, 3.10, 1.52, 38.31, 3.40, 0.01, 286.18, 66.19);
insert into SHOT values (3759, 3834, 3840, 7541, 2.96, 48.03, -5.10, 2.96, 48.03, -5.04, 0.00, 226.75, 50.18);
insert into SHOT values (3760, 3834, 3841, 7541, 5.05, 58.93, -10.80, 5.05, 58.94, -10.73, 0.01, 105.47, 78.08);
insert into SHOT values (3761, 3834, 3842, 7541, 10.22, 56.13, -10.70, 10.22, 56.12, -10.66, 0.01, 38.78, 64.81);
insert into SHOT values (3762, 3834, 3843, 7541, 1.74, 277.83, -13.90, 1.73, 277.84, -13.67, 0.01, 89.87, 67.49);
insert into SHOT values (3763, 3834, 3844, 7541, 1.74, 283.73, -13.10, 1.74, 283.63, -12.94, 0.01, 240.01, 45.82);
insert into SHOT values (3764, 3834, 3845, 7541, 2.51, 256.53, 26.90, 2.51, 256.58, 26.96, 0.01, 295.93, 50.99);
insert into SHOT values (3765, 3845, 3846, 7541, 0.89, 200.33, -0.80, 0.89, 200.48, -0.65, 0.01, 348.97, 27.89);
insert into SHOT values (3766, 3845, 3847, 7541, 1.14, 235.63, -6.00, 1.14, 235.47, -6.07, 0.01, 88.93, -8.26);
insert into SHOT values (3767, 3845, 3848, 7541, 2.44, 255.33, -2.20, 2.43, 255.22, -2.12, 0.01, 105.23, 22.18);
insert into SHOT values (3768, 3845, 3849, 7541, 2.80, 301.43, -8.40, 2.80, 301.57, -8.42, 0.01, 32.40, -8.09);
insert into SHOT values (3769, 3845, 3850, 7541, 2.38, 328.73, -9.30, 2.38, 328.74, -9.18, 0.01, 344.48, 60.06);
insert into SHOT values (3770, 3845, 3851, 7541, 1.51, 44.83, -9.50, 1.51, 44.73, -9.51, 0.00, 1.74, -11.81);
insert into SHOT values (3771, 3845, 3852, 7541, 4.51, 81.03, -20.80, 4.51, 81.01, -20.76, 0.01, 66.93, 14.27);
insert into SHOT values (3772, 3845, 3853, 7541, 2.53, 298.23, -6.60, 2.53, 298.30, -6.59, 0.00, 72.74, 9.79);
insert into SHOT values (3773, 3853, 3854, 7541, 2.54, 307.83, -17.10, 2.54, 307.81, -17.15, 0.00, 295.77, -49.56);
insert into SHOT values (3774, 3853, 3855, 7541, 1.34, 12.03, 22.20, 1.34, 12.13, 22.40, 0.01, 156.46, 44.57);
insert into SHOT values (3775, 3853, 3856, 7541, 0.73, 90.63, 19.70, 0.73, 90.83, 19.91, 0.01, 131.98, 46.48);
insert into SHOT values (3776, 3853, 3857, 7541, 2.28, 178.33, 4.80, 2.28, 178.23, 4.78, 0.00, 74.11, -11.75);
insert into SHOT values (3777, 3853, 3858, 7541, 2.70, 199.63, 25.00, 2.70, 199.54, 24.94, 0.01, 159.57, -11.05);
insert into SHOT values (3778, 3853, 3859, 7541, 1.15, 217.33, 31.00, 1.15, 217.57, 30.94, 0.01, 329.27, -27.06);
insert into SHOT values (3779, 3853, 3860, 7541, 2.37, 273.63, 25.10, 2.37, 273.74, 25.00, 0.01, 24.04, -48.91);
insert into SHOT values (3780, 3860, 3861, 7541, 2.37, 273.23, 26.70, 2.38, 272.97, 26.75, 0.01, 213.53, 24.97);
insert into SHOT values (3781, 3860, 3862, 7541, 2.83, 224.03, -8.00, 2.83, 223.99, -7.91, 0.01, 205.13, 35.13);
insert into SHOT values (3782, 3860, 3863, 7541, 4.08, 248.23, -11.20, 4.08, 248.17, -11.15, 0.01, 211.16, 21.53);
insert into SHOT values (3783, 3860, 3864, 7541, 2.00, 121.03, -1.80, 2.00, 121.06, -1.72, 0.00, 276.59, 42.87);
insert into SHOT values (3784, 3860, 3865, 7541, 2.61, 133.93, -0.90, 2.62, 134.07, -0.88, 0.01, 177.50, 5.93);
insert into SHOT values (3785, 3860, 3866, 7541, 0.63, 146.03, -81.60, 0.63, 147.99, -81.35, 0.01, 201.23, 39.40);
insert into SHOT values (3786, 3860, 3867, 7541, 4.57, 267.93, -27.50, 4.57, 267.88, -27.50, 0.00, 163.42, 3.17);
insert into SHOT values (3787, 3867, 3868, 7541, 5.13, 295.83, -17.40, 5.13, 295.78, -17.35, 0.01, 235.04, 42.23);
insert into SHOT values (3788, 3867, 3869, 7541, 1.53, 300.43, -4.20, 1.53, 300.26, -4.12, 0.01, 237.07, 22.08);
insert into SHOT values (3789, 3867, 3870, 7541, 1.69, 300.53, 5.70, 1.69, 300.38, 5.78, 0.00, 199.04, 26.04);
insert into SHOT values (3790, 3867, 3871, 7541, 2.48, 297.93, 10.60, 2.49, 297.82, 10.67, 0.01, 255.10, 30.71);
insert into SHOT values (3791, 3817, 3872, 7541, 1.35, 321.23, 14.10, 1.19, 322.04, 14.57, 0.16, 135.21, -10.48);
insert into SHOT values (3792, 3872, 3873, 7541, 1.35, 323.93, 11.80, 1.35, 323.91, 11.94, 0.00, 315.44, 55.70);
insert into SHOT values (3793, 3872, 3874, 7541, 1.52, 192.73, 79.20, 1.53, 192.09, 79.19, 0.01, 128.44, 63.17);
insert into SHOT values (3794, 3872, 3875, 7541, 1.24, 323.43, 72.30, 1.24, 323.75, 72.50, 0.01, 120.80, -13.54);
insert into SHOT values (3795, 3872, 3876, 7541, 0.44, 15.63, 66.30, 0.45, 16.39, 66.63, 0.01, 97.72, 71.46);
insert into SHOT values (3796, 3872, 3877, 7541, 0.38, 147.33, 2.20, 0.38, 146.73, 2.99, 0.01, 94.21, 47.16);
insert into SHOT values (3797, 3872, 3878, 7541, 0.44, 159.73, 16.50, 0.45, 159.44, 16.93, 0.01, 138.13, 41.37);
insert into SHOT values (3798, 3872, 3879, 7541, 1.46, 266.03, 5.80, 1.46, 266.05, 5.89, 0.00, 304.43, 64.51);
insert into SHOT values (3799, 3872, 3880, 7541, 2.41, 225.83, 8.50, 2.41, 225.85, 8.59, 0.00, 333.47, 74.57);
insert into SHOT values (3800, 3872, 3881, 7541, 1.17, 211.33, 7.70, 1.17, 211.22, 7.87, 0.00, 81.34, 48.72);
insert into SHOT values (3801, 3872, 3882, 7541, 1.25, 191.73, 4.70, 1.25, 191.58, 4.59, 0.00, 93.64, -37.18);
insert into SHOT values (3802, 3872, 3883, 7541, 0.93, 211.43, 5.80, 0.93, 211.28, 6.17, 0.01, 101.26, 67.72);
insert into SHOT values (3803, 3872, 3884, 7541, 6.56, 32.73, -14.30, 6.56, 32.74, -14.29, 0.00, 55.89, 4.38);
insert into SHOT values (3804, 3872, 3885, 7541, 2.18, 33.43, -9.80, 2.18, 33.39, -9.79, 0.00, 229.43, 13.46);
insert into SHOT values (3805, 3872, 3886, 7541, 4.47, 45.13, -7.80, 4.47, 45.09, -7.71, 0.01, 16.48, 49.85);
insert into SHOT values (3806, 3872, 3887, 7541, 3.76, 37.93, -13.20, 3.77, 39.37, -13.18, 0.09, 120.72, -0.86);
insert into SHOT values (3807, 3887, 3888, 7541, 3.75, 35.93, -13.50, 3.75, 35.96, -13.43, 0.01, 169.43, 62.70);
insert into SHOT values (3808, 3887, 3889, 7541, 0.84, 319.03, 1.90, 0.84, 319.33, 2.04, 0.01, 4.63, 19.23);
insert into SHOT values (3809, 3887, 3890, 7541, 1.05, 27.33, -8.00, 1.05, 27.55, -7.68, 0.01, 144.41, 53.05);
insert into SHOT values (3810, 3887, 3891, 7541, 1.02, 92.73, 7.60, 1.02, 92.83, 7.88, 0.01, 176.88, 69.40);
insert into SHOT values (3811, 3887, 3892, 7541, 1.01, 124.53, 20.10, 1.01, 124.70, 20.25, 0.00, 210.56, 45.98);
insert into SHOT values (3812, 3887, 3893, 7541, 1.03, 124.63, 12.30, 1.03, 124.48, 12.33, 0.00, 45.93, 12.40);
insert into SHOT values (3813, 3887, 3894, 7541, 2.57, 18.23, -15.70, 2.53, 19.70, -15.62, 0.08, 142.41, 11.53);
insert into SHOT values (3814, 3894, 3895, 7541, 2.58, 29.93, 8.80, 2.58, 30.08, 8.68, 0.01, 87.76, -30.33);
insert into SHOT values (3815, 3894, 3896, 7541, 0.63, 161.63, 10.70, 0.63, 161.27, 10.01, 0.01, 117.31, -51.84);
insert into SHOT values (3816, 3894, 3897, 7541, 1.65, 165.23, 34.30, 1.65, 165.15, 34.26, 0.00, 129.68, 3.32);
insert into SHOT values (3817, 3894, 3898, 7541, 1.44, 166.03, 53.00, 1.44, 165.96, 53.02, 0.00, 37.07, -1.66);
insert into SHOT values (3818, 3894, 3899, 7541, 1.04, 172.73, 54.80, 1.04, 172.28, 54.99, 0.01, 41.29, 1.56);
insert into SHOT values (3819, 3894, 3900, 7541, 1.51, 104.63, 27.30, 1.65, 105.26, 26.22, 0.15, 111.24, 14.84);
insert into SHOT values (3820, 3900, 3901, 7541, 2.48, 62.03, -16.30, 2.56, 63.23, -16.07, 0.10, 93.82, -8.10);
insert into SHOT values (3821, 3901, 3902, 7541, 2.48, 66.33, -16.00, 2.47, 66.45, -15.96, 0.01, 204.64, 24.27);
insert into SHOT values (3822, 3901, 3743, 7541, 2.04, 94.43, -18.20, 2.17, 95.27, -17.69, 0.14, 107.56, -9.67);
insert into SHOT values (3823, 3618, 3903, 7541, 3.33, 353.43, 1.40, 3.33, 353.45, 1.38, 0.00, 21.22, -23.73);
insert into SHOT values (3824, 3903, 3904, 7541, 1.46, 353.63, -9.30, 1.46, 353.62, -9.08, 0.01, 181.42, 72.23);
insert into SHOT values (3825, 3904, 3905, 7541, 2.38, 68.83, -2.30, 2.38, 68.82, -2.41, 0.01, 67.17, -59.20);
insert into SHOT values (3826, 3905, 3906, 7541, 2.38, 60.93, -0.70, 2.38, 61.06, -0.72, 0.01, 179.56, -8.16);
insert into SHOT values (3827, 3905, 3907, 7541, 1.87, 70.03, 2.90, 1.86, 70.20, 3.08, 0.01, 213.49, 29.46);
insert into SHOT values (3828, 3907, 3908, 7541, 1.87, 85.23, -5.60, 1.88, 85.08, -5.81, 0.01, 46.45, -45.37);
insert into SHOT values (3829, 3907, 3909, 7541, 1.67, 14.23, 51.20, 1.67, 14.30, 51.00, 0.01, 26.65, -13.27);
insert into SHOT values (3830, 3907, 3910, 7541, 1.78, 13.53, 50.60, 1.78, 13.79, 50.42, 0.01, 75.22, -42.60);
insert into SHOT values (3831, 3907, 3911, 7541, 1.78, 13.03, 45.30, 1.78, 13.37, 45.14, 0.01, 88.71, -33.82);
insert into SHOT values (3832, 3907, 3912, 7541, 1.39, 17.03, -24.30, 1.40, 16.87, -24.46, 0.01, 353.79, -42.50);
insert into SHOT values (3833, 3907, 3913, 7541, 1.99, 355.63, -19.80, 1.99, 355.72, -19.93, 0.01, 42.03, -54.78);
insert into SHOT values (3834, 3913, 3583, 7541, 3.32, 7.83, 3.00, 3.33, 7.79, 3.10, 0.01, 345.00, 48.00);
insert into SHOT values (3835, 3584, 3914, 7541, 1.37, 0.73, 18.70, 1.37, 0.44, 18.70, 0.01, 290.63, 6.30);
insert into SHOT values (3836, 3583, 3915, 7541, 1.39, 1.73, 19.60, 1.38, 1.76, 19.48, 0.01, 176.41, -35.25);
insert into SHOT values (3837, 3584, 3916, 7541, 1.57, 1.53, 19.80, 1.56, 1.56, 19.82, 0.01, 174.35, -15.20);
insert into SCRAPS values (7542, 7539, 'dysentry-1p', 1);
 insert into SCRAPS values (7602, 7539, 'dysentry-p5', 1);
 insert into SCRAPS values (7680, 7539, 'dysentry-p4', 1);
 insert into SCRAPS values (7750, 7539, 'dysentry-p2', 1);
 insert into SCRAPS values (7803, 7539, 'dysentry-p3', 1);
 insert into SCRAPS values (7855, 7539, 'dysentry-p6', 1);
 insert into MAPS values (7932, 7539, 'm1p', NULL, 1, 193.480, 10.390);
 insert into MAPITEMS values (7932, 4, 7542);
 insert into MAPS values (7933, 7539, 'm2p', NULL, 1, 193.480, 10.390);
 insert into MAPITEMS values (7933, 4, 7750);
 insert into MAPS values (7934, 7539, 'm3p', NULL, 1, 193.480, 10.390);
 insert into MAPITEMS values (7934, 4, 7803);
 insert into MAPS values (7935, 7539, 'm4p', NULL, 1, 193.480, 10.390);
 insert into MAPITEMS values (7935, 4, 7680);
 insert into MAPS values (7936, 7539, 'm5p', NULL, 1, 193.480, 10.390);
 insert into MAPITEMS values (7936, 4, 7602);
 insert into MAPS values (7937, 7539, 'm6p', NULL, 1, 193.480, 10.390);
 insert into MAPITEMS values (7937, 4, 7855);
 insert into MAPS values (7938, 7539, 'mdysentry-p', NULL, 1, 193.480, 10.390);
 insert into MAPITEMS values (7938, 4, 7932);
 insert into MAPITEMS values (7938, 4, 7933);
 insert into MAPITEMS values (7938, 4, 7934);
 insert into MAPITEMS values (7938, 4, 7935);
 insert into MAPITEMS values (7938, 4, 7936);
 insert into MAPITEMS values (7938, 4, 7937);
 insert into SURVEY values (7949, 32, 'lumos', 'lumos.primadona.sistem_prima', 'Lumos');
 insert into CENTRELINE values (7950, 7949, NULL, NULL, NULL, 0.00, 0.00, 0.00);
 insert into SCRAPS values (7951, 7949, 'lumos-p2', 1);
 insert into SCRAPS values (7968, 7949, 'lumos-p3', 1);
 insert into SCRAPS values (7977, 7949, 'lumos-p1', 1);
 insert into MAPS values (7997, 7949, 'mlumos-p', NULL, 1, 114.390, 21.640);
 insert into MAPITEMS values (7997, 4, 8000);
 insert into MAPITEMS values (7997, 4, 7999);
 insert into MAPITEMS values (7997, 4, 7998);
 insert into MAPS values (7998, 7949, 'mlumos-p1', NULL, 1, 114.390, 21.640);
 insert into MAPITEMS values (7998, 4, 7977);
 insert into MAPS values (7999, 7949, 'mlumos-p2', NULL, 1, 114.390, 21.640);
 insert into MAPITEMS values (7999, 4, 7951);
 insert into MAPS values (8000, 7949, 'mlumos-p3', NULL, 1, 114.390, 21.640);
 insert into MAPITEMS values (8000, 4, 7968);
 insert into CENTRELINE values (8002, 7949, NULL, '2018-07-30', '2018-07-30', 114.39, 0.00, 0.00);
 insert into TOPO values (27, 8002);
 insert into PERSON values (41, 'David', 'Kirkpatrik');
insert into TOPO values (41, 8002);
 insert into TOPO values (38, 8002);
 insert into EXPLO values (27, 8002);
 insert into EXPLO values (41, 8002);
 insert into EXPLO values (38, 8002);
 insert into SHOT values (3838, 3917, 3918, 8002, 9.90, 76.53, -41.00, 9.24, 77.78, -38.08, 0.83, 217.89, 72.27);
insert into SHOT values (3839, 3919, 3920, 8002, 9.50, 170.53, 24.00, 9.24, 165.71, 17.00, 1.39, 89.97, -57.14);
insert into SHOT values (3840, 3920, 3921, 8002, 3.42, 312.53, 7.00, 3.24, 316.00, 1.95, 0.40, 81.98, -50.38);
insert into SHOT values (3841, 3921, 3922, 8002, 6.20, 171.53, 9.00, 6.02, 167.61, 3.05, 0.78, 64.28, -56.47);
insert into SHOT values (3842, 3922, 3923, 8002, 5.75, 268.53, 26.00, 5.18, 270.36, 21.86, 0.71, 65.46, -56.45);
insert into SHOT values (3843, 3923, 3924, 8002, 4.58, 286.53, 9.00, 4.24, 289.33, 3.79, 0.57, 71.94, -50.12);
insert into SHOT values (3844, 3924, 3925, 8002, 1.95, 276.53, 1.00, 1.63, 279.23, -5.99, 0.40, 83.52, -31.03);
insert into SHOT values (3845, 3925, 3926, 8002, 2.29, 280.53, -10.00, 2.10, 283.21, -16.33, 0.32, 79.45, -36.32);
insert into SHOT values (3846, 3926, 3927, 8002, 4.99, 238.53, -8.00, 4.71, 238.26, -14.27, 0.60, 61.75, -50.79);
insert into SHOT values (3847, 3927, 3928, 8002, 2.71, 215.53, -60.00, 3.05, 213.69, -64.81, 0.42, 71.37, -80.23);
insert into SHOT values (3848, 3928, 3929, 8002, 3.02, 265.53, -21.00, 2.90, 266.89, -27.06, 0.34, 70.93, -44.23);
insert into SHOT values (3849, 3929, 3930, 8002, 6.63, 4.53, 90.00, 6.05, 59.53, 88.13, 0.61, 59.53, -71.22);
insert into SHOT values (3850, 3930, 3918, 8002, 1.00, 279.53, -40.00, 1.15, 284.59, -49.07, 0.24, 21.96, -73.31);
insert into SHOT values (3851, 3931, 3932, 8002, 4.54, 216.53, -17.00, 4.55, 216.58, -17.02, 0.01, 257.65, -24.11);
insert into SHOT values (3852, 3932, 3933, 8002, 4.90, 200.53, -4.00, 3.84, 191.76, -22.86, 1.89, 41.65, -37.51);
insert into SHOT values (3853, 3933, 3934, 8002, 8.50, 4.53, -90.00, 8.50, 90.00, -90.00, 0.00, 4.53, 0.00);
insert into SHOT values (3854, 3934, 3935, 8002, 4.50, 304.53, -7.00, 4.50, 304.51, -6.89, 0.01, 191.75, 78.45);
insert into SHOT values (3855, 3936, 3933, 8002, 6.50, 144.53, -37.00, 6.16, 158.12, -21.22, 2.19, 218.36, 50.11);
insert into SHOT values (3856, 3937, 3936, 8002, 3.35, 244.53, 30.00, 3.35, 244.49, 29.91, 0.01, 199.06, -63.78);
insert into SHOT values (3857, 3936, 3938, 8002, 1.66, 214.53, 0.00, 0.49, 176.42, -70.79, 1.60, 38.22, -16.66);
insert into SHOT values (3858, 3938, 3939, 8002, 1.60, 4.53, 90.00, 0.44, 45.97, 18.55, 1.52, 45.97, -74.05);
insert into SHOT values (3859, 3939, 3940, 8002, 2.15, 203.53, -25.00, 1.61, 192.17, -49.69, 1.00, 36.05, -18.73);
insert into SHOT values (3860, 3932, 3940, 8002, 3.30, 302.53, -30.00, 3.05, 289.48, -15.41, 1.07, 212.92, 51.71);
insert into SHOT values (3861, 3931, 3941, 8002, 2.80, 106.53, 5.00, 2.80, 106.48, 5.13, 0.01, 311.14, 47.75);
insert into SHOT values (3862, 3941, 3942, 8002, 2.60, 89.53, 35.00, 2.60, 89.73, 34.97, 0.01, 177.89, -9.80);
insert into SHOT values (3863, 3942, 3943, 8002, 2.05, 49.53, 4.00, 2.05, 49.55, 3.91, 0.01, 58.25, -30.71);
insert into SHOT values (3864, 3943, 3921, 8002, 4.00, 0.53, 7.00, 4.00, 0.43, 7.04, 0.01, 269.87, 20.78);
insert into SURVEY values (8004, 32, 'diagonalley', 'diagonalley.primadona.sistem_prima', 'Diagonalley');
 insert into CENTRELINE values (8005, 8004, NULL, NULL, NULL, 0.00, 0.00, 0.00);
 insert into SCRAPS values (8006, 8004, 'diagonalley-p1', 1);
 insert into MAPS values (8025, 8004, 'mdiagonalley-p', NULL, 1, 16.150, 14.230);
 insert into MAPITEMS values (8025, 4, 8006);
 insert into CENTRELINE values (8026, 8004, NULL, '2018-07-30', '2018-07-30', 16.15, 0.00, 0.00);
 insert into TOPO values (27, 8026);
 insert into TOPO values (39, 8026);
 insert into TOPO values (38, 8026);
 insert into EXPLO values (27, 8026);
 insert into EXPLO values (39, 8026);
 insert into EXPLO values (38, 8026);
 insert into SHOT values (3865, 3944, 3945, 8026, 9.70, 4.53, -90.00, 9.70, 90.00, -90.00, 0.00, 4.53, -53.75);
insert into SHOT values (3866, 3945, 3946, 8026, 1.55, 153.53, 14.00, 1.55, 153.60, 13.79, 0.01, 185.91, -53.10);
insert into SHOT values (3867, 3946, 3947, 8026, 4.90, 4.53, -90.00, 4.90, 90.00, -90.00, 0.00, 4.53, 82.87);
insert into SURVEY values (8028, 32, 'damp_squib', 'damp_squib.primadona.sistem_prima', 'Damp Squib');
 insert into CENTRELINE values (8029, 8028, NULL, NULL, NULL, 0.00, 0.00, 0.00);
 insert into SCRAPS values (8030, 8028, 'damp_squib-p1', 1);
 insert into SCRAPS values (8039, 8028, 'damp_squib-p2', 1);
 insert into SCRAPS values (8049, 8028, 'damp_squib-p3', 1);
 insert into SCRAPS values (8057, 8028, 'damp_squib-p4', 1);
 insert into MAPS values (8066, 8028, 'mdamp_squib-p', NULL, 1, 94.180, 55.210);
 insert into MAPITEMS values (8066, 4, 8070);
 insert into MAPITEMS values (8066, 4, 8069);
 insert into MAPITEMS values (8066, 4, 8068);
 insert into MAPITEMS values (8066, 4, 8067);
 insert into MAPS values (8067, 8028, 'mdamp_squib-p1', NULL, 1, 94.180, 55.210);
 insert into MAPITEMS values (8067, 4, 8030);
 insert into MAPS values (8068, 8028, 'mdamp_squib-p2', NULL, 1, 94.180, 55.210);
 insert into MAPITEMS values (8068, 4, 8039);
 insert into MAPS values (8069, 8028, 'mdamp_squib-p3', NULL, 1, 94.180, 55.210);
 insert into MAPITEMS values (8069, 4, 8049);
 insert into MAPS values (8070, 8028, 'mdamp_squib-p4', NULL, 1, 94.180, 55.210);
 insert into MAPITEMS values (8070, 4, 8057);
 insert into CENTRELINE values (8071, 8028, NULL, '2018-08-01', '2018-08-01', 94.18, 0.00, 0.00);
 insert into TOPO values (22, 8071);
 insert into TOPO values (25, 8071);
 insert into EXPLO values (22, 8071);
 insert into EXPLO values (25, 8071);
 insert into SHOT values (3868, 3948, 3949, 8071, 1.93, 99.53, -51.00, 1.93, 99.93, -50.92, 0.01, 166.31, -0.68);
insert into SHOT values (3869, 3949, 3950, 8071, 6.23, 58.53, -37.00, 6.23, 58.48, -37.02, 0.00, 304.37, -8.90);
insert into SHOT values (3870, 3950, 3951, 8071, 4.02, 9.53, 1.00, 4.03, 9.58, 1.00, 0.01, 36.91, -1.20);
insert into SHOT values (3871, 3951, 3952, 8071, 1.83, 91.53, 5.00, 1.83, 91.57, 5.02, 0.00, 240.72, 10.46);
insert into SHOT values (3872, 3952, 3953, 8071, 4.30, 297.53, 16.00, 4.31, 297.49, 16.05, 0.01, 263.85, 45.86);
insert into SHOT values (3873, 3953, 3954, 8071, 8.35, 345.53, 22.00, 8.34, 345.55, 22.03, 0.01, 144.39, 14.53);
insert into SHOT values (3874, 3954, 3955, 8071, 1.28, 329.53, 55.00, 1.28, 329.97, 54.85, 0.01, 17.65, 11.09);
insert into SHOT values (3875, 3955, 3956, 8071, 7.85, 25.53, -8.00, 7.85, 25.54, -8.06, 0.01, 183.00, -58.34);
insert into SHOT values (3876, 3956, 3957, 8071, 4.12, 30.53, 83.00, 4.12, 30.17, 83.07, 0.01, 243.76, 7.17);
insert into SHOT values (3877, 3957, 3958, 8071, 1.58, 151.53, 62.00, 1.58, 151.02, 62.04, 0.01, 72.16, 36.34);
insert into SHOT values (3878, 3958, 3959, 8071, 1.85, 313.53, 71.00, 1.85, 313.67, 70.83, 0.01, 327.33, 7.32);
insert into SHOT values (3879, 3959, 3960, 8071, 2.42, 28.53, 12.00, 2.42, 28.51, 11.93, 0.00, 299.57, -78.36);
insert into SHOT values (3880, 3960, 3961, 8071, 1.95, 331.53, 26.00, 1.95, 331.39, 25.85, 0.01, 261.31, -46.64);
insert into SHOT values (3881, 3961, 3962, 8071, 7.59, 4.53, 90.00, 7.59, 90.00, 90.00, 0.00, 4.53, 79.69);
insert into SHOT values (3882, 3963, 3962, 8071, 5.20, 309.53, -23.00, 5.21, 309.50, -23.05, 0.01, 292.95, -43.01);
insert into SHOT values (3883, 3963, 3964, 8071, 0.76, 349.53, 8.00, 0.76, 349.29, 7.56, 0.01, 268.72, -60.76);
insert into SHOT values (3884, 3964, 3965, 8071, 29.43, 4.53, 90.00, 29.43, 90.00, 90.00, 0.00, 4.53, 31.90);
insert into SHOT values (3885, 3965, 3966, 8071, 3.49, 116.53, 58.00, 3.49, 116.70, 58.04, 0.01, 229.92, 2.92);
insert into SURVEY values (8074, 24, 's_ubend', 's_ubend.sistem_prima', 'U-bend 571');
 insert into CENTRELINE values (8075, 8074, NULL, NULL, NULL, 0.00, 0.00, 0.00);
 insert into SURVEY values (8076, 8074, 'ubend', 'ubend.s_ubend.sistem_prima', NULL);
 insert into CENTRELINE values (8077, 8076, NULL, NULL, NULL, 0.00, 0.00, 0.00);
 insert into SCRAPS values (8078, 8076, 'ubendp_1', 1);
 insert into MAPS values (8093, 8076, 'mubend1-p', NULL, 1, 16.160, 9.080);
 insert into MAPITEMS values (8093, 4, 8078);
 insert into CENTRELINE values (8094, 8076, NULL, '2000-07-27', '2000-07-27', 16.16, 0.00, 0.00);
 insert into TOPO values (40, 8094);
 insert into PERSON values (42, 'Hugh', 'Penney');
insert into TOPO values (42, 8094);
 insert into EXPLO values (40, 8094);
 insert into SHOT values (3886, 3967, 3968, 8094, 7.15, 2.53, 90.00, 7.81, 128.66, 89.06, 0.67, 128.66, 79.02);
insert into SHOT values (3887, 3968, 3969, 8094, 2.71, 292.53, -7.00, 2.41, 291.89, -0.71, 0.41, 118.16, 47.28);
insert into SHOT values (3888, 3969, 3970, 8094, 2.02, 350.53, -23.00, 1.62, 352.60, -16.16, 0.46, 160.22, 47.35);
insert into SHOT values (3889, 3970, 3971, 8094, 2.43, 352.53, 23.00, 2.55, 354.09, 28.86, 0.29, 87.99, 77.80);
insert into SHOT values (3890, 3971, 3972, 8094, 1.85, 317.53, 10.00, 1.74, 318.17, 17.35, 0.25, 130.90, 51.37);
insert into SURVEY values (8096, 8074, 'ubend2', 'ubend2.s_ubend.sistem_prima', 'Ubend 2');
 insert into CENTRELINE values (8097, 8096, NULL, NULL, NULL, 0.00, 0.00, 0.00);
 insert into SCRAPS values (8098, 8096, 'ubend2p_1', 1);
 insert into MAPS values (8111, 8096, 'mubend2-p', NULL, 1, 20.690, 11.700);
 insert into MAPITEMS values (8111, 4, 8098);
 insert into CENTRELINE values (8112, 8096, NULL, '2000-07-28', '2000-07-28', 20.69, 0.00, 0.00);
 insert into TOPO values (40, 8112);
 insert into TOPO values (42, 8112);
 insert into EXPLO values (40, 8112);
 insert into SHOT values (3891, 3973, 3974, 8112, 3.90, 330.54, -7.00, 3.90, 330.46, -7.06, 0.01, 267.56, -38.45);
insert into SHOT values (3892, 3974, 3975, 8112, 1.58, 337.54, -1.00, 1.58, 337.66, -0.73, 0.01, 88.07, 64.23);
insert into SHOT values (3893, 3975, 3976, 8112, 4.25, 325.54, 10.00, 4.25, 325.51, 10.03, 0.00, 241.97, 50.40);
insert into SHOT values (3894, 3976, 3977, 8112, 10.96, 2.54, 90.00, 10.96, 90.00, 90.00, 0.00, 2.54, 42.87);
insert into SURVEY values (8114, 8074, 'ubend3', 'ubend3.s_ubend.sistem_prima', NULL);
 insert into CENTRELINE values (8115, 8114, NULL, NULL, NULL, 0.00, 0.00, 0.00);
 insert into SCRAPS values (8116, 8114, 'ubend3p_1', 1);
 insert into SCRAPS values (8133, 8114, 'ubend3p_2', 1);
 insert into SCRAPS values (8153, 8114, 'ubend3p_3', 1);
 insert into MAPS values (8173, 8114, 'mubend3-p', NULL, 1, 93.110, 68.440);
 insert into MAPITEMS values (8173, 4, 8174);
 insert into MAPITEMS values (8173, 4, 8176);
 insert into MAPITEMS values (8173, 4, 8175);
 insert into MAPS values (8174, 8114, 'mubend3p_1', NULL, 1, 93.110, 68.440);
 insert into MAPITEMS values (8174, 4, 8116);
 insert into MAPS values (8175, 8114, 'mubend3p_2', NULL, 1, 93.110, 68.440);
 insert into MAPITEMS values (8175, 4, 8133);
 insert into MAPS values (8176, 8114, 'mubend3p_3', NULL, 1, 93.110, 68.440);
 insert into MAPITEMS values (8176, 4, 8153);
 insert into CENTRELINE values (8178, 8114, NULL, '2000-08-20', NULL, 93.11, 0.00, 0.00);
 insert into PERSON values (43, 'Bruce', 'Drinkwater');
insert into TOPO values (43, 8178);
 insert into TOPO values (1, 8178);
 insert into SHOT values (3895, 3978, 3979, 8178, 2.40, 112.54, 38.00, 1.82, 111.66, 33.39, 0.61, 296.10, -51.86);
insert into SHOT values (3896, 3979, 3980, 8178, 3.45, 186.54, 14.00, 3.20, 188.36, 8.27, 0.43, 338.10, -60.62);
insert into SHOT values (3897, 3980, 3981, 8178, 3.40, 136.54, 13.00, 3.03, 137.02, 7.20, 0.49, 311.83, -51.43);
insert into SHOT values (3898, 3981, 3982, 8178, 3.30, 179.54, -29.00, 3.51, 181.19, -34.18, 0.38, 260.54, -77.17);
insert into SHOT values (3899, 3982, 3983, 8178, 3.60, 2.54, -90.00, 4.27, 309.81, -88.95, 0.67, 309.81, -83.35);
insert into SHOT values (3900, 3983, 3984, 8178, 2.50, 173.54, -4.00, 2.40, 175.14, -10.10, 0.29, 327.83, -58.36);
insert into SHOT values (3901, 3984, 3985, 8178, 2.90, 150.54, -17.00, 2.90, 151.32, -23.14, 0.31, 311.68, -68.96);
insert into SHOT values (3902, 3985, 3986, 8178, 30.00, 2.54, -90.00, 30.00, 90.00, -90.00, 0.00, 2.54, 0.00);
insert into SHOT values (3903, 3986, 3987, 8178, 5.00, 211.54, -60.00, 5.00, 211.59, -59.99, 0.00, 286.69, 3.11);
insert into SHOT values (3904, 3987, 3988, 8178, 1.30, 214.54, 0.00, 1.30, 214.67, 0.00, 0.00, 286.10, 0.00);
insert into SHOT values (3905, 3988, 3989, 8178, 7.36, 2.54, -90.00, 7.36, 90.00, -90.00, 0.00, 2.54, -78.56);
insert into SHOT values (3906, 3989, 3990, 8178, 5.70, 232.54, 2.00, 5.70, 232.49, 2.01, 0.01, 161.30, 10.68);
insert into SHOT values (3907, 3990, 3991, 8178, 3.10, 2.54, -90.00, 3.10, 90.00, -90.00, 0.00, 2.54, 83.22);
insert into SHOT values (3908, 3991, 3992, 8178, 3.05, 102.54, 0.00, 3.05, 102.49, 0.00, 0.00, 50.79, 0.00);
insert into SHOT values (3909, 3992, 3993, 8178, 16.05, 2.54, -90.00, 16.05, 90.00, -90.00, 0.00, 2.54, -72.81);
insert into SURVEY values (8180, 8074, 'det', 'det.s_ubend.sistem_prima', NULL);
 insert into CENTRELINE values (8181, 8180, NULL, NULL, NULL, 0.00, 0.00, 0.00);
 insert into SCRAPS values (8182, 8180, 'detp_1', 1);
 insert into MAPS values (8194, 8180, 'mdet-p', NULL, 1, 22.790, 15.860);
 insert into MAPITEMS values (8194, 4, 8182);
 insert into CENTRELINE values (8195, 8180, NULL, '2007-08-03', NULL, 22.79, 0.00, 0.00);
 insert into PERSON values (44, 'Alvin', 'Chow');
insert into TOPO values (44, 8195);
 insert into PERSON values (45, 'Sandeep', 'Mavadia');
insert into TOPO values (45, 8195);
 insert into SHOT values (3910, 3994, 3995, 8195, 1.57, 89.20, 6.00, 1.83, 90.64, 11.98, 0.32, 100.33, 42.88);
insert into SHOT values (3911, 3994, 3996, 8195, 1.26, 197.20, -11.00, 1.32, 200.18, -19.44, 0.21, 280.17, -71.91);
insert into SHOT values (3912, 3995, 3997, 8195, 0.66, 65.20, 0.00, 0.80, 69.70, 13.02, 0.22, 92.97, 53.95);
insert into SHOT values (3913, 3997, 3998, 8195, 2.19, 68.20, 9.00, 2.43, 69.87, 14.30, 0.33, 88.05, 51.92);
insert into SHOT values (3914, 3998, 3999, 8195, 3.91, 55.20, 0.00, 4.00, 57.11, 5.74, 0.43, 118.89, 69.76);
insert into SHOT values (3915, 3999, 4000, 8195, 13.20, 3.20, 90.00, 13.86, 126.87, 88.76, 0.72, 126.87, 65.56);
insert into SURVEY values (8197, 8074, 'drainpipe', 'drainpipe.s_ubend.sistem_prima', NULL);
 insert into CENTRELINE values (8198, 8197, NULL, NULL, NULL, 0.00, 0.00, 0.00);
 insert into SCRAPS values (8199, 8197, 'drainpipep_1', 1);
 insert into CENTRELINE values (8212, 8197, NULL, '2007-08-05', NULL, 46.19, 0.00, 0.00);
 insert into TOPO values (44, 8212);
 insert into TOPO values (45, 8212);
 insert into SHOT values (3916, 4001, 4002, 8212, 6.20, 225.20, -36.00, 6.20, 225.24, -36.06, 0.01, 352.19, -54.34);
insert into SHOT values (3917, 4001, 4003, 8212, 5.86, 63.20, 32.00, 5.85, 63.18, 31.98, 0.01, 267.25, -41.80);
insert into SHOT values (3918, 4003, 4004, 8212, 11.24, 27.20, 46.00, 11.24, 27.22, 46.03, 0.01, 174.52, 47.44);
insert into SHOT values (3919, 4004, 4005, 8212, 20.94, 3.20, 90.00, 20.94, 90.00, 90.00, 0.00, 3.20, 36.09);
insert into SHOT values (3920, 4006, 4005, 8212, 1.95, 271.20, -52.00, 2.59, 272.62, -53.77, 0.65, 277.73, -58.98);
insert into SURVEY values (8214, 8074, 'bathtub', 'bathtub.s_ubend.sistem_prima', NULL);
 insert into CENTRELINE values (8215, 8214, NULL, NULL, NULL, 0.00, 0.00, 0.00);
 insert into SCRAPS values (8216, 8214, 'bathtubp_1', 1);
 insert into MAPS values (8227, 8214, 'mbathtub-p', NULL, 1, 23.860, 23.260);
 insert into MAPITEMS values (8227, 4, 8216);
 insert into CENTRELINE values (8228, 8214, NULL, '2007-08-04', NULL, 23.86, 0.00, 0.00);
 insert into TOPO values (44, 8228);
 insert into TOPO values (45, 8228);
 insert into SHOT values (3921, 4007, 4008, 8228, 4.44, 50.20, 30.00, 4.83, 52.04, 34.53, 0.55, 93.42, 70.32);
insert into SHOT values (3922, 4008, 4009, 8228, 13.14, 3.20, 90.00, 13.80, 126.87, 88.75, 0.72, 126.87, 65.56);
insert into SHOT values (3923, 4010, 4009, 8228, 3.02, 237.20, -60.00, 3.64, 239.38, -61.98, 0.63, 255.44, -70.78);
insert into SHOT values (3924, 4010, 4011, 8228, 3.26, 334.20, 65.00, 3.77, 335.66, 68.50, 0.56, 56.50, 86.35);
insert into SURVEY values (8235, 24, 'monatip', 'monatip.sistem_prima', NULL);
 insert into CENTRELINE values (8236, 8235, NULL, NULL, NULL, 0.00, 0.00, 0.00);
 insert into MAPS values (8237, 8235, 'mmonatip-p', NULL, 1, 634.610, 161.890);
 insert into MAPITEMS values (8237, 4, 8238);
 insert into MAPITEMS values (8237, 4, 8380);
 insert into MAPS values (8238, 8235, 'm../2007', NULL, 1, 193.920, 29.330);
 insert into MAPITEMS values (8238, 4, 8371);
 insert into SURVEY values (8239, 8235, 'monatip1', 'monatip1.monatip.sistem_prima', NULL);
 insert into CENTRELINE values (8240, 8239, NULL, NULL, NULL, 0.00, 0.00, 0.00);
 insert into SCRAPS values (8241, 8239, 'monatip1p_1', 1);
 insert into SCRAPS values (8275, 8239, 'monatip1p_2', 1);
 insert into SCRAPS values (8299, 8239, 'monatip1p_3', 1);
 insert into SCRAPS values (8329, 8239, 'monatip1p_4', 1);
 insert into SCRAPS values (8358, 8239, 'monatip1p_5', 1);
 insert into SCRAPS values (8369, 8239, 'monatip', 1);
 insert into MAPS values (8371, 8239, 'mmonatip1-p', NULL, 1, 193.920, 29.330);
 insert into MAPITEMS values (8371, 4, 8372);
 insert into MAPITEMS values (8371, 4, 8373);
 insert into MAPITEMS values (8371, 4, 8376);
 insert into MAPITEMS values (8371, 4, 8374);
 insert into MAPITEMS values (8371, 4, 8375);
 insert into MAPS values (8372, 8239, 'mmonatip1p_1', NULL, 1, 193.920, 29.330);
 insert into MAPITEMS values (8372, 4, 8241);
 insert into MAPS values (8373, 8239, 'mmonatip1p_2', NULL, 1, 193.920, 29.330);
 insert into MAPITEMS values (8373, 4, 8275);
 insert into MAPS values (8374, 8239, 'mmonatip1p_3', NULL, 1, 193.920, 29.330);
 insert into MAPITEMS values (8374, 4, 8299);
 insert into MAPS values (8375, 8239, 'mmonatip1p_4', NULL, 1, 193.920, 29.330);
 insert into MAPITEMS values (8375, 4, 8329);
 insert into MAPS values (8376, 8239, 'mmonatip1p_5', NULL, 1, 193.920, 29.330);
 insert into MAPITEMS values (8376, 4, 8358);
 insert into CENTRELINE values (8378, 8239, NULL, '2007-08-06', NULL, 193.92, 0.00, 0.00);
 insert into TOPO values (2, 8378);
 insert into TOPO values (33, 8378);
 insert into SHOT values (3925, 4012, 4013, 8378, 15.90, 84.21, 5.00, 16.11, 83.11, 3.20, 0.62, 32.59, -51.06);
insert into SHOT values (3926, 4014, 4013, 8378, 5.29, 213.21, -9.00, 5.45, 214.43, -8.12, 0.21, 247.47, 15.73);
insert into SHOT values (3927, 4014, 4015, 8378, 7.52, 136.21, 7.00, 7.61, 133.93, 6.11, 0.33, 64.17, -18.62);
insert into SHOT values (3928, 4016, 4015, 8378, 6.95, 314.21, -9.00, 7.04, 312.15, -8.08, 0.29, 246.94, 19.74);
insert into SHOT values (3929, 4016, 4017, 8378, 5.00, 43.21, 15.00, 5.17, 43.95, 14.00, 0.20, 62.68, -12.72);
insert into SHOT values (3930, 4017, 4018, 8378, 1.50, 3.21, -90.00, 1.57, 71.57, -87.69, 0.09, 71.57, -47.90);
insert into SHOT values (3931, 4019, 4018, 8378, 4.08, 264.21, -17.00, 4.26, 263.83, -15.95, 0.20, 256.25, 6.73);
insert into SHOT values (3932, 4019, 4020, 8378, 3.84, 124.21, 4.00, 3.97, 122.73, 3.33, 0.17, 85.26, -13.12);
insert into SHOT values (3933, 4021, 4020, 8378, 3.33, 233.21, 2.00, 3.54, 233.75, 2.43, 0.21, 242.40, 9.19);
insert into SHOT values (3934, 4021, 4022, 8378, 2.78, 106.21, -40.00, 2.95, 105.01, -39.54, 0.18, 88.40, -30.97);
insert into SHOT values (3935, 4022, 4023, 8378, 3.60, 171.21, -28.00, 3.61, 169.44, -28.67, 0.11, 71.62, -21.94);
insert into SHOT values (3936, 4023, 4024, 8378, 10.00, 3.21, -90.00, 10.06, 70.56, -88.97, 0.19, 70.56, -18.41);
insert into SHOT values (3937, 4025, 4024, 8378, 11.55, 325.21, -23.00, 11.59, 322.09, -21.62, 0.65, 247.34, 22.07);
insert into SHOT values (3938, 4026, 4025, 8378, 4.98, 313.21, 3.00, 5.09, 311.41, 3.60, 0.20, 256.42, 17.32);
insert into SHOT values (3939, 4026, 4027, 8378, 14.10, 3.21, -90.00, 14.17, 72.18, -88.81, 0.30, 72.18, -13.39);
insert into SHOT values (3940, 4028, 4027, 8378, 9.45, 310.21, -34.00, 9.51, 308.01, -32.45, 0.40, 250.78, 27.35);
insert into SHOT values (3941, 4029, 4028, 8378, 8.28, 298.21, 46.00, 8.43, 296.74, 45.27, 0.24, 258.16, 8.16);
insert into SHOT values (3942, 4029, 4030, 8378, 8.72, 105.21, 33.00, 8.85, 103.82, 31.03, 0.37, 70.36, -30.48);
insert into SHOT values (3943, 4030, 4031, 8378, 3.21, 156.21, 11.00, 3.21, 154.33, 10.39, 0.11, 71.42, -17.34);
insert into SHOT values (3944, 4031, 4032, 8378, 9.30, 3.21, -90.00, 9.37, 71.57, -89.03, 0.17, 71.57, -23.88);
insert into SHOT values (3945, 4033, 4032, 8378, 11.90, 287.21, -70.00, 11.91, 286.18, -66.94, 0.64, 279.22, 20.34);
insert into SHOT values (3946, 4033, 4034, 8378, 10.50, 107.21, 50.00, 10.58, 105.88, 47.36, 0.52, 85.30, -30.67);
insert into SHOT values (3947, 4034, 4035, 8378, 5.51, 144.21, -7.00, 5.59, 142.26, -7.61, 0.21, 73.70, -18.97);
insert into SHOT values (3948, 4035, 4036, 8378, 10.00, 3.21, -90.00, 10.00, 90.00, -90.00, 0.00, 3.21, 0.00);
insert into SHOT values (3949, 4035, 4037, 8378, 9.10, 132.21, -14.00, 9.21, 129.72, -14.52, 0.41, 54.05, -15.37);
insert into SHOT values (3950, 4038, 4037, 8378, 7.53, 288.21, 1.00, 7.71, 286.74, 1.71, 0.28, 239.90, 20.51);
insert into MAPS values (8380, 8235, 'm../2008', NULL, 1, 440.690, 148.780);
 insert into MAPITEMS values (8380, 4, 8444);
 insert into MAPITEMS values (8380, 4, 8482);
 insert into MAPITEMS values (8380, 4, 8619);
 insert into MAPITEMS values (8380, 4, 8521);
 insert into MAPITEMS values (8380, 4, 8690);
 insert into SURVEY values (8381, 8235, 'monatip2', 'monatip2.monatip.sistem_prima', NULL);
 insert into CENTRELINE values (8382, 8381, NULL, NULL, NULL, 0.00, 0.00, 0.00);
 insert into SCRAPS values (8383, 8381, 'monatip2p_1', 1);
 insert into SCRAPS values (8418, 8381, 'monatip2p_2', 1);
 insert into SCRAPS values (8432, 8381, 'monatip2p_3', 1);
 insert into MAPS values (8444, 8381, 'mmonatip2-p', NULL, 1, 60.100, 29.090);
 insert into MAPITEMS values (8444, 4, 8446);
 insert into MAPITEMS values (8444, 4, 8445);
 insert into MAPITEMS values (8444, 4, 8447);
 insert into MAPS values (8445, 8381, 'mmonatip2-p2', NULL, 1, 60.100, 29.090);
 insert into MAPITEMS values (8445, 4, 8418);
 insert into MAPS values (8446, 8381, 'mmonatip2-p1', NULL, 1, 60.100, 29.090);
 insert into MAPITEMS values (8446, 4, 8383);
 insert into MAPS values (8447, 8381, 'mmonatip2-p3', NULL, 1, 60.100, 29.090);
 insert into MAPITEMS values (8447, 4, 8432);
 insert into CENTRELINE values (8449, 8381, NULL, '2008-07-13', NULL, 60.10, 0.00, 0.00);
 insert into TOPO values (33, 8449);
 insert into PERSON values (46, 'Samo', 'Rutar');
insert into TOPO values (46, 8449);
 insert into SHOT values (3951, 4039, 4040, 8449, 5.40, 185.30, 8.00, 5.43, 189.74, 8.04, 0.42, 273.38, 1.16);
insert into SHOT values (3952, 4040, 4041, 8449, 11.30, 124.30, -51.00, 11.09, 127.31, -55.78, 1.02, 283.98, -22.39);
insert into SHOT values (3953, 4041, 4042, 8449, 4.90, 126.30, -14.00, 4.53, 128.78, -14.85, 0.43, 280.07, 3.40);
insert into SHOT values (3954, 4042, 4043, 8449, 5.70, 142.30, 1.00, 5.41, 145.93, 1.27, 0.46, 273.71, 2.58);
insert into SHOT values (3955, 4043, 4044, 8449, 1.80, 95.30, 20.00, 1.38, 95.84, 22.16, 0.43, 273.64, -12.98);
insert into SHOT values (3956, 4044, 4045, 8449, 4.40, 161.30, -7.00, 4.23, 165.24, -7.06, 0.34, 283.09, 2.74);
insert into SHOT values (3957, 4045, 4046, 8449, 4.00, 176.30, -47.00, 3.96, 180.43, -47.25, 0.20, 279.37, 4.44);
insert into SHOT values (3958, 4046, 4047, 8449, 8.60, 169.30, -18.00, 8.53, 174.83, -18.17, 0.79, 267.60, -0.18);
insert into SHOT values (3959, 4047, 4048, 8449, 8.00, 201.30, -64.00, 8.02, 200.64, -65.12, 0.16, 38.07, -33.32);
insert into SHOT values (3960, 4048, 4049, 8449, 6.00, 155.30, -85.00, 6.05, 152.45, -85.08, 0.06, 54.93, -63.55);
insert into SURVEY values (8451, 8235, 'monatip3', 'monatip3.monatip.sistem_prima', NULL);
 insert into CENTRELINE values (8452, 8451, NULL, NULL, NULL, 0.00, 0.00, 0.00);
 insert into SCRAPS values (8453, 8451, 'monatip3p_1', 1);
 insert into SCRAPS values (8466, 8451, 'monatip3p_2', 1);
 insert into MAPS values (8482, 8451, 'mmonatip3-p', NULL, 1, 41.850, 14.330);
 insert into MAPITEMS values (8482, 4, 8483);
 insert into MAPITEMS values (8482, 4, 8484);
 insert into MAPS values (8483, 8451, 'mmonatip3-p1', NULL, 1, 41.850, 14.330);
 insert into MAPITEMS values (8483, 4, 8453);
 insert into MAPS values (8484, 8451, 'mmonatip3-p2', NULL, 1, 41.850, 14.330);
 insert into MAPITEMS values (8484, 4, 8466);
 insert into CENTRELINE values (8486, 8451, NULL, '2008-08-03', NULL, 41.85, 0.00, 0.00);
 insert into PERSON values (47, 'Siljo', '(Silan)');
insert into TOPO values (47, 8486);
 insert into PERSON values (48, NULL, 'Aljosa');
insert into TOPO values (48, 8486);
 insert into PERSON values (49, NULL, 'Spela');
insert into TOPO values (49, 8486);
 insert into SHOT values (3961, 4050, 4051, 8486, 6.80, 173.31, 40.00, 6.74, 172.35, 39.66, 0.11, 67.96, -38.37);
insert into SHOT values (3962, 4051, 4052, 8486, 5.75, 188.31, 0.00, 5.70, 187.36, -0.50, 0.12, 68.56, -24.75);
insert into SHOT values (3963, 4052, 4053, 8486, 6.00, 163.31, -52.00, 6.04, 162.45, -52.46, 0.08, 59.99, -47.55);
insert into SHOT values (3964, 4053, 4054, 8486, 3.40, 178.31, 9.00, 3.35, 177.41, 8.58, 0.08, 47.48, -24.77);
insert into SHOT values (3965, 4054, 4055, 8486, 7.40, 178.31, -45.00, 7.42, 177.34, -45.84, 0.14, 50.60, -38.28);
insert into SHOT values (3966, 4055, 4056, 8486, 5.10, 283.31, -65.00, 5.12, 283.84, -65.88, 0.08, 86.75, -35.29);
insert into SHOT values (3967, 4056, 4057, 8486, 7.40, 198.31, 15.00, 7.32, 197.33, 14.56, 0.16, 79.14, -28.62);
insert into SURVEY values (8488, 8235, 'broken_hammer', 'broken_hammer.monatip.sistem_prima', NULL);
 insert into CENTRELINE values (8489, 8488, NULL, NULL, NULL, 0.00, 0.00, 0.00);
 insert into SCRAPS values (8490, 8488, 'broken_hammerp_1', 1);
 insert into SCRAPS values (8511, 8488, 'broken_hammerp_2', 1);
 insert into MAPS values (8521, 8488, 'mbroken_hammer-p', NULL, 1, 63.700, 24.380);
 insert into MAPITEMS values (8521, 4, 8522);
 insert into MAPITEMS values (8521, 4, 8523);
 insert into MAPS values (8522, 8488, 'mbroken_hammer-p1', NULL, 1, 63.700, 24.380);
 insert into MAPITEMS values (8522, 4, 8490);
 insert into MAPS values (8523, 8488, 'mbroken_hammer-p2', NULL, 1, 63.700, 24.380);
 insert into MAPITEMS values (8523, 4, 8511);
 insert into CENTRELINE values (8524, 8488, NULL, '2008-08-08', NULL, 63.70, 0.00, 0.00);
 insert into TOPO values (2, 8524);
 insert into TOPO values (33, 8524);
 insert into PERSON values (50, NULL, 'Samo');
insert into TOPO values (50, 8524);
 insert into SHOT values (3968, 4058, 4059, 8524, 3.20, 195.31, -11.00, 3.14, 194.67, -11.56, 0.07, 44.83, -15.47);
insert into SHOT values (3969, 4059, 4060, 8524, 2.00, 239.31, -30.00, 1.94, 239.27, -31.01, 0.07, 60.23, 0.00);
insert into SHOT values (3970, 4060, 4061, 8524, 3.40, 198.31, -6.00, 3.34, 197.56, -6.71, 0.09, 51.16, -23.39);
insert into SHOT values (3971, 4061, 4062, 8524, 2.80, 278.31, -5.00, 2.71, 278.73, -5.50, 0.09, 85.66, -10.02);
insert into SHOT values (3972, 4062, 4063, 8524, 3.40, 272.31, -15.00, 3.33, 272.68, -15.69, 0.09, 77.81, -13.50);
insert into SHOT values (3973, 4063, 4064, 8524, 2.60, 3.31, -90.00, 2.66, 71.57, -89.32, 0.07, 71.57, -62.21);
insert into SHOT values (3974, 4064, 4065, 8524, 2.90, 268.31, 44.00, 2.79, 268.85, 44.41, 0.12, 77.27, -33.47);
insert into SHOT values (3975, 4065, 4066, 8524, 5.30, 267.31, -3.00, 5.20, 267.68, -3.64, 0.12, 68.41, -26.79);
insert into SHOT values (3976, 4066, 4067, 8524, 3.65, 247.31, 0.00, 3.55, 247.33, -0.48, 0.10, 66.56, -17.46);
insert into SHOT values (3977, 4067, 4068, 8524, 2.00, 185.31, -5.00, 1.95, 184.13, -5.58, 0.06, 45.37, -14.11);
insert into SHOT values (3978, 4068, 4069, 8524, 3.10, 314.31, 23.00, 3.04, 315.14, 22.63, 0.07, 93.10, -33.65);
insert into SHOT values (3979, 4069, 4070, 8524, 2.50, 351.31, -10.00, 2.54, 352.16, -10.45, 0.05, 41.41, -28.17);
insert into SHOT values (3980, 4070, 4071, 8524, 4.75, 315.31, -2.00, 4.72, 316.20, -2.55, 0.09, 72.23, -28.22);
insert into SHOT values (3981, 4071, 4072, 8524, 4.10, 294.31, -35.00, 4.07, 295.09, -35.79, 0.08, 76.21, -21.26);
insert into SHOT values (3982, 4072, 4073, 8524, 18.00, 3.31, -90.00, 18.06, 65.77, -89.30, 0.23, 65.77, -15.30);
insert into SURVEY values (8526, 8235, 'monatip4', 'monatip4.monatip.sistem_prima', NULL);
 insert into CENTRELINE values (8527, 8526, NULL, NULL, NULL, 0.00, 0.00, 0.00);
 insert into SCRAPS values (8528, 8526, 'monatip4p_1', 1);
 insert into SCRAPS values (8549, 8526, 'monatip4p_2', 1);
 insert into SCRAPS values (8565, 8526, 'monatip4p_3', 1);
 insert into SCRAPS values (8582, 8526, 'monatip4p_5', 1);
 insert into SCRAPS values (8598, 8526, 'monatip4p_4', 1);
 insert into MAPS values (8619, 8526, 'mmonatip4-p', NULL, 1, 181.290, 34.180);
 insert into MAPITEMS values (8619, 4, 8620);
 insert into MAPITEMS values (8619, 4, 8621);
 insert into MAPITEMS values (8619, 4, 8622);
 insert into MAPITEMS values (8619, 4, 8623);
 insert into MAPITEMS values (8619, 4, 8624);
 insert into MAPS values (8620, 8526, 'mmonatip4-p1', NULL, 1, 181.290, 34.180);
 insert into MAPITEMS values (8620, 4, 8528);
 insert into MAPS values (8621, 8526, 'mmonatip4-p2', NULL, 1, 181.290, 34.180);
 insert into MAPITEMS values (8621, 4, 8549);
 insert into MAPS values (8622, 8526, 'mmonatip4-p3', NULL, 1, 181.290, 34.180);
 insert into MAPITEMS values (8622, 4, 8565);
 insert into MAPS values (8623, 8526, 'mmonatip4-p4', NULL, 1, 181.290, 34.180);
 insert into MAPITEMS values (8623, 4, 8598);
 insert into MAPS values (8624, 8526, 'mmonatip4-p5', NULL, 1, 181.290, 34.180);
 insert into MAPITEMS values (8624, 4, 8582);
 insert into CENTRELINE values (8629, 8526, NULL, '2008-08-07', NULL, 181.29, 0.00, 0.00);
 insert into TOPO values (48, 8629);
 insert into PERSON values (51, 'Dan', 'Greenwald');
insert into TOPO values (51, 8629);
 insert into TOPO values (33, 8629);
 insert into SHOT values (3983, 4074, 4075, 8629, 5.97, 252.31, 3.00, 5.86, 252.40, 2.45, 0.12, 67.41, -29.99);
insert into SHOT values (3984, 4075, 4076, 8629, 2.97, 233.31, -40.00, 2.93, 233.08, -40.93, 0.06, 61.64, -10.02);
insert into SHOT values (3985, 4076, 4077, 8629, 3.45, 259.31, 14.00, 3.34, 259.52, 13.69, 0.11, 72.72, -23.20);
insert into SHOT values (3986, 4077, 4078, 8629, 3.51, 188.31, -1.00, 3.45, 187.50, -1.49, 0.08, 47.41, -20.29);
insert into SHOT values (3987, 4078, 4079, 8629, 2.65, 243.31, -3.00, 2.55, 243.13, -3.60, 0.10, 67.74, -11.80);
insert into SHOT values (3988, 4079, 4080, 8629, 2.65, 3.31, -90.00, 2.71, 56.31, -89.24, 0.07, 56.31, -59.00);
insert into SHOT values (3989, 4080, 4081, 8629, 5.38, 188.31, -45.00, 5.39, 187.48, -45.74, 0.09, 60.18, -38.96);
insert into SHOT values (3990, 4081, 4082, 8629, 12.50, 158.31, 12.00, 12.49, 156.49, 11.03, 0.44, 71.92, -28.15);
insert into SHOT values (3991, 4082, 4083, 8629, 4.04, 163.31, -15.00, 4.05, 162.40, -15.47, 0.07, 73.16, -29.02);
insert into SHOT values (3992, 4083, 4084, 8629, 4.59, 150.31, -6.00, 4.60, 149.34, -6.49, 0.09, 62.72, -27.38);
insert into SHOT values (3993, 4084, 4085, 8629, 3.70, 115.31, -3.00, 3.77, 114.66, -3.50, 0.09, 83.10, -24.35);
insert into SHOT values (3994, 4085, 4086, 8629, 3.32, 128.31, 14.00, 3.36, 127.54, 13.43, 0.07, 83.59, -20.29);
insert into SHOT values (3995, 4086, 4087, 8629, 4.54, 136.31, -14.00, 4.59, 135.46, -14.50, 0.09, 78.77, -33.31);
insert into SHOT values (3996, 4087, 4088, 8629, 4.16, 167.31, 3.00, 4.14, 166.30, 2.49, 0.08, 64.04, -26.70);
insert into SHOT values (3997, 4088, 4089, 8629, 2.65, 129.31, -12.00, 2.70, 128.39, -12.39, 0.07, 88.10, -24.25);
insert into SHOT values (3998, 4089, 4090, 8629, 4.18, 71.31, -69.00, 4.27, 71.45, -68.40, 0.10, 74.28, -42.51);
insert into SHOT values (3999, 4090, 4091, 8629, 5.16, 26.31, -6.00, 5.25, 26.91, -6.46, 0.11, 59.73, -27.10);
insert into SHOT values (4000, 4091, 4092, 8629, 4.26, 132.31, -9.00, 4.31, 131.38, -9.48, 0.09, 74.14, -28.12);
insert into SHOT values (4001, 4092, 4093, 8629, 4.30, 185.31, -2.00, 4.26, 184.45, -2.42, 0.08, 60.10, -20.97);
insert into SHOT values (4002, 4093, 4094, 8629, 3.50, 126.31, -10.00, 3.56, 125.59, -10.51, 0.08, 89.16, -30.23);
insert into SHOT values (4003, 4094, 4095, 8629, 2.85, 150.31, 12.00, 2.85, 149.21, 11.53, 0.06, 66.17, -22.73);
insert into SHOT values (4004, 4095, 4096, 8629, 2.46, 186.31, -4.00, 2.41, 185.50, -4.52, 0.07, 38.95, -16.23);
insert into SHOT values (4005, 4096, 4097, 8629, 2.42, 256.31, -21.00, 2.35, 256.47, -21.75, 0.08, 71.80, -1.99);
insert into SHOT values (4006, 4097, 4098, 8629, 5.26, 149.31, -24.00, 5.30, 148.38, -24.51, 0.10, 73.98, -36.93);
insert into SHOT values (4007, 4098, 4099, 8629, 2.38, 136.31, -8.00, 2.42, 135.17, -8.31, 0.06, 86.12, -16.80);
insert into SHOT values (4008, 4099, 4100, 8629, 2.34, 172.31, -17.00, 2.34, 171.47, -17.70, 0.04, 60.03, -36.23);
insert into SHOT values (4009, 4100, 4101, 8629, 5.39, 148.31, -25.00, 5.43, 147.31, -25.40, 0.10, 72.35, -30.63);
insert into SHOT values (4010, 4101, 4102, 8629, 4.45, 145.31, -26.00, 4.49, 144.41, -26.45, 0.08, 73.65, -36.58);
insert into SHOT values (4011, 4102, 4103, 8629, 3.85, 265.31, -2.00, 3.75, 265.57, -2.44, 0.10, 75.46, -14.67);
insert into SHOT values (4012, 4103, 4104, 8629, 3.04, 285.31, -13.00, 2.98, 285.86, -13.80, 0.08, 84.16, -18.68);
insert into SHOT values (4013, 4104, 4105, 8629, 2.80, 268.31, -43.00, 2.77, 268.85, -43.97, 0.06, 70.29, -9.77);
insert into SHOT values (4014, 4105, 4106, 8629, 2.45, 296.31, 14.00, 2.37, 297.12, 13.67, 0.09, 92.59, -21.98);
insert into SHOT values (4015, 4106, 4107, 8629, 2.04, 226.31, -16.00, 1.97, 225.86, -16.86, 0.08, 56.75, -5.41);
insert into SHOT values (4016, 4107, 4108, 8629, 2.02, 120.31, 7.00, 2.08, 119.30, 6.36, 0.07, 88.46, -13.17);
insert into SHOT values (4017, 4108, 4109, 8629, 3.67, 248.31, -36.00, 3.62, 248.31, -36.85, 0.08, 68.36, -9.82);
insert into SHOT values (4018, 4109, 4110, 8629, 2.35, 175.31, -23.00, 2.35, 174.40, -23.61, 0.04, 64.30, -30.64);
insert into SHOT values (4019, 4110, 4111, 8629, 3.01, 125.31, 2.00, 3.06, 124.47, 1.50, 0.07, 82.38, -20.84);
insert into SHOT values (4020, 4111, 4112, 8629, 3.43, 118.31, 9.00, 3.49, 117.60, 8.40, 0.08, 85.10, -18.88);
insert into SHOT values (4021, 4112, 4113, 8629, 2.03, 226.31, -24.00, 1.97, 225.91, -24.97, 0.07, 56.08, -3.37);
insert into SHOT values (4022, 4113, 4114, 8629, 1.40, 158.31, 13.00, 1.39, 157.02, 12.46, 0.03, 55.85, -25.55);
insert into SHOT values (4023, 4114, 4115, 8629, 4.33, 216.31, -11.00, 4.25, 215.91, -11.68, 0.10, 54.39, -19.65);
insert into SHOT values (4024, 4115, 4116, 8629, 4.87, 215.31, -8.00, 4.79, 214.76, -8.65, 0.11, 62.57, -23.19);
insert into SHOT values (4025, 4116, 4117, 8629, 2.38, 203.31, 8.00, 2.29, 202.50, 7.52, 0.10, 44.17, -19.16);
insert into SHOT values (4026, 4117, 4118, 8629, 1.68, 204.31, 19.00, 1.59, 203.50, 18.72, 0.09, 38.58, -23.13);
insert into SHOT values (4027, 4118, 4119, 8629, 3.02, 275.31, 4.00, 2.93, 275.69, 3.52, 0.10, 82.89, -18.74);
insert into SHOT values (4028, 4119, 4120, 8629, 2.55, 242.31, -27.00, 2.48, 242.27, -27.89, 0.08, 63.52, -1.66);
insert into SHOT values (4029, 4120, 4121, 8629, 2.26, 288.31, -29.00, 2.22, 289.09, -29.96, 0.06, 80.94, -14.05);
insert into SHOT values (4030, 4121, 4122, 8629, 4.87, 210.31, -43.00, 4.84, 209.72, -43.92, 0.09, 56.42, -25.51);
insert into SHOT values (4031, 4122, 4123, 8629, 8.21, 291.31, 11.00, 8.13, 292.20, 10.42, 0.17, 49.87, -34.32);
insert into SURVEY values (8631, 8235, 'alkatraz', 'alkatraz.monatip.sistem_prima', NULL);
 insert into CENTRELINE values (8632, 8631, NULL, NULL, NULL, 0.00, 0.00, 0.00);
 insert into CENTRELINE values (8633, 8631, NULL, '2008-07-18', NULL, 94.50, 0.00, 0.00);
 insert into TOPO values (2, 8633);
 insert into TOPO values (33, 8633);
 insert into SHOT values (4032, 4124, 4125, 8633, 5.00, 135.30, -10.00, 4.85, 137.54, -9.26, 0.25, 262.74, 20.57);
insert into SHOT values (4033, 4124, 4126, 8633, 6.45, 272.30, -3.00, 6.20, 273.15, -4.35, 0.31, 73.06, -25.47);
insert into SHOT values (4034, 4127, 4126, 8633, 10.90, 79.30, 48.00, 10.83, 79.37, 52.34, 0.83, 258.67, 34.63);
insert into SHOT values (4035, 4127, 4128, 8633, 13.65, 219.30, -27.00, 13.55, 216.38, -30.71, 1.07, 87.76, -42.30);
insert into SHOT values (4036, 4129, 4128, 8633, 8.30, 317.30, 5.00, 8.30, 317.30, 4.97, 0.01, 313.21, -37.94);
insert into SHOT values (4037, 4130, 4128, 8633, 26.20, 6.30, 18.00, 26.49, 357.61, 22.36, 4.26, 265.63, 27.77);
insert into SHOT values (4038, 4130, 4131, 8633, 24.00, 281.30, 6.00, 22.34, 277.54, 8.34, 2.44, 139.95, 17.47);
insert into SURVEY values (8635, 8235, 'doubletime', 'doubletime.monatip.sistem_prima', NULL);
 insert into CENTRELINE values (8636, 8635, NULL, NULL, NULL, 0.00, 0.00, 0.00);
 insert into SCRAPS values (8637, 8635, 'doubletimep_1', 1);
 insert into SCRAPS values (8648, 8635, 'doubletimep_2', 1);
 insert into SCRAPS values (8663, 8635, 'doubletimep_3', 1);
 insert into SCRAPS values (8673, 8635, 'doubletimep_4', 1);
 insert into MAPS values (8690, 8635, 'mdoubletime-p', NULL, 1, 93.750, 54.660);
 insert into MAPITEMS values (8690, 4, 8691);
 insert into MAPITEMS values (8690, 4, 8692);
 insert into MAPITEMS values (8690, 4, 8693);
 insert into MAPITEMS values (8690, 4, 8694);
 insert into MAPS values (8691, 8635, 'mdoubletime-p1', NULL, 1, 93.750, 54.660);
 insert into MAPITEMS values (8691, 4, 8637);
 insert into MAPS values (8692, 8635, 'mdoubletime-p2', NULL, 1, 93.750, 54.660);
 insert into MAPITEMS values (8692, 4, 8648);
 insert into MAPS values (8693, 8635, 'mdoubletime-p3', NULL, 1, 93.750, 54.660);
 insert into MAPITEMS values (8693, 4, 8663);
 insert into MAPS values (8694, 8635, 'mdoubletime-p4', NULL, 1, 93.750, 54.660);
 insert into MAPITEMS values (8694, 4, 8673);
 insert into CENTRELINE values (8697, 8635, NULL, '2008-08-07', NULL, 93.75, 0.00, 0.00);
 insert into TOPO values (51, 8697);
 insert into TOPO values (33, 8697);
 insert into SHOT values (4039, 4132, 4133, 8697, 11.80, 3.31, -44.00, 11.80, 3.31, -44.02, 0.01, 181.81, -36.82);
insert into SHOT values (4040, 4133, 4134, 8697, 22.50, 3.31, 90.00, 22.46, 98.53, 89.48, 0.21, 98.53, -11.19);
insert into SHOT values (4041, 4134, 4135, 8697, 3.76, 341.31, 42.00, 3.72, 341.89, 41.87, 0.05, 115.50, -42.50);
insert into SHOT values (4042, 4135, 4136, 8697, 3.84, 304.31, 9.00, 3.78, 304.54, 8.67, 0.06, 108.69, -28.86);
insert into SHOT values (4043, 4136, 4137, 8697, 4.53, 261.31, 45.00, 4.45, 261.02, 45.20, 0.08, 95.20, -32.93);
insert into SHOT values (4044, 4137, 4138, 8697, 3.86, 59.31, 59.00, 3.85, 59.62, 58.41, 0.04, 80.07, -42.89);
insert into SHOT values (4045, 4138, 4139, 8697, 4.43, 277.31, -5.00, 4.38, 277.26, -5.51, 0.07, 101.39, -30.13);
insert into SHOT values (4046, 4139, 4140, 8697, 6.55, 27.31, 73.00, 6.52, 27.88, 72.63, 0.06, 59.57, -50.29);
insert into SHOT values (4047, 4140, 4141, 8697, 1.58, 54.31, 44.00, 1.58, 54.93, 43.50, 0.02, 100.27, -23.76);
insert into SHOT values (4048, 4141, 4142, 8697, 2.46, 151.31, 58.00, 2.44, 150.31, 57.50, 0.04, 81.62, -46.98);
insert into SHOT values (4049, 4142, 4143, 8697, 1.54, 336.31, 61.00, 1.48, 337.01, 61.12, 0.06, 139.87, -56.55);
insert into SHOT values (4050, 4143, 4144, 8697, 2.77, 357.31, -3.00, 2.76, 357.92, -3.33, 0.04, 113.81, -24.76);
insert into SHOT values (4051, 4144, 4145, 8697, 0.95, 334.31, 42.00, 0.90, 335.34, 41.79, 0.05, 135.17, -44.00);
insert into SHOT values (4052, 4145, 4146, 8697, 2.28, 49.31, 63.00, 2.26, 50.05, 62.45, 0.04, 107.75, -63.22);
insert into SHOT values (4053, 4146, 4147, 8697, 5.11, 19.31, 34.00, 5.09, 19.84, 33.62, 0.05, 101.64, -43.19);
insert into SHOT values (4054, 4147, 4148, 8697, 2.28, 16.31, -10.00, 2.30, 16.99, -10.29, 0.03, 80.35, -25.26);
insert into SHOT values (4055, 4148, 4149, 8697, 3.76, 72.31, 8.00, 3.81, 72.43, 7.54, 0.06, 80.73, -23.59);
insert into SHOT values (4056, 4149, 4150, 8697, 5.85, 37.31, 57.00, 5.83, 37.94, 56.47, 0.07, 83.16, -43.25);
insert into SHOT values (4057, 4150, 4151, 8697, 3.90, 295.31, 36.00, 3.83, 295.41, 35.97, 0.07, 109.87, -37.30);
insert into SURVEY values (8706, 8235, 'monatip5', 'monatip5.monatip.sistem_prima', 'Hallowine');
 insert into CENTRELINE values (8707, 8706, NULL, NULL, NULL, 0.00, 0.00, 0.00);
 insert into SCRAPS values (8708, 8706, 'monatip5-p1', 1);
 insert into SCRAPS values (8733, 8706, 'monatip5-p2', 1);
 insert into MAPS values (8758, 8706, 'mmonatip5-p', NULL, 1, 216.800, 51.870);
 insert into MAPITEMS values (8758, 4, 8760);
 insert into MAPITEMS values (8758, 4, 8759);
 insert into MAPS values (8759, 8706, 'mmonatip5-p1', NULL, 1, 216.800, 51.870);
 insert into MAPITEMS values (8759, 4, 8708);
 insert into MAPS values (8760, 8706, 'mmonatip5-p2', NULL, 1, 216.800, 51.870);
 insert into MAPITEMS values (8760, 4, 8733);
 insert into CENTRELINE values (8761, 8706, NULL, '2012-10-31', '2012-10-31', 216.80, 0.00, 0.00);
 insert into PERSON values (52, 'Nejc', 'Mavr');
insert into TOPO values (52, 8761);
 insert into TOPO values (7, 8761);
 insert into PERSON values (53, 'Tjasa', 'Rutar');
insert into TOPO values (53, 8761);
 insert into EXPLO values (52, 8761);
 insert into EXPLO values (7, 8761);
 insert into EXPLO values (53, 8761);
 insert into SHOT values (4058, 4152, 4153, 8761, 9.80, 143.81, -43.00, 9.80, 143.85, -42.97, 0.01, 200.30, 30.97);
insert into SHOT values (4059, 4153, 4154, 8761, 9.90, 133.81, -35.00, 9.90, 133.80, -35.02, 0.00, 330.36, -19.20);
insert into SHOT values (4060, 4154, 4155, 8761, 7.40, 185.81, 0.00, 7.40, 185.82, 0.00, 0.00, 334.14, 0.00);
insert into SHOT values (4061, 4155, 4156, 8761, 36.30, 3.81, 90.00, 36.30, 90.00, 90.00, 0.00, 3.81, -18.59);
insert into SHOT values (4062, 4156, 4157, 8761, 6.80, 253.81, 62.00, 6.79, 253.78, 62.03, 0.01, 88.55, -34.90);
insert into SHOT values (4063, 4157, 4158, 8761, 7.30, 298.81, 41.00, 7.30, 298.75, 41.01, 0.01, 207.04, 7.86);
insert into SHOT values (4064, 4158, 4159, 8761, 3.60, 253.81, 9.00, 3.59, 253.81, 8.96, 0.01, 72.85, -32.98);
insert into SHOT values (4065, 4159, 4160, 8761, 6.00, 293.81, 16.00, 6.01, 293.81, 16.05, 0.01, 296.65, 59.20);
insert into SHOT values (4066, 4160, 4161, 8761, 7.60, 278.81, 9.00, 7.60, 278.81, 9.01, 0.00, 280.57, 26.97);
insert into SHOT values (4067, 4161, 4162, 8761, 4.30, 258.81, -2.00, 4.30, 258.87, -2.00, 0.01, 312.78, 0.66);
insert into SHOT values (4068, 4162, 4163, 8761, 6.00, 171.81, -4.00, 6.01, 171.75, -4.01, 0.01, 127.86, -8.99);
insert into SHOT values (4069, 4163, 4164, 8761, 2.10, 159.81, -16.00, 2.09, 159.94, -16.08, 0.01, 304.40, -8.11);
insert into SHOT values (4070, 4164, 4165, 8761, 3.10, 267.81, -2.00, 3.09, 267.78, -2.04, 0.01, 105.14, -16.65);
insert into SHOT values (4071, 4165, 4166, 8761, 2.00, 255.81, 19.00, 2.00, 255.96, 18.92, 0.01, 298.25, -8.54);
insert into SHOT values (4072, 4166, 4167, 8761, 4.40, 264.81, 7.00, 4.39, 264.73, 7.06, 0.01, 117.84, 19.75);
insert into SHOT values (4073, 4167, 4168, 8761, 2.70, 152.81, 10.00, 2.69, 152.86, 10.05, 0.01, 315.67, 9.09);
insert into SHOT values (4074, 4168, 4169, 8761, 5.50, 250.81, -2.00, 5.50, 250.77, -1.98, 0.00, 159.33, 29.70);
insert into SHOT values (4075, 4169, 4170, 8761, 3.80, 291.81, 13.00, 3.80, 291.72, 12.93, 0.01, 203.29, -38.31);
insert into SHOT values (4076, 4170, 4171, 8761, 2.90, 264.81, -3.00, 2.90, 264.84, -2.97, 0.00, 64.30, 21.07);
insert into SHOT values (4077, 4171, 4172, 8761, 4.40, 182.81, -23.00, 4.40, 182.83, -23.04, 0.01, 344.56, -8.03);
insert into SHOT values (4078, 4172, 4173, 8761, 4.80, 231.81, -5.00, 4.80, 231.79, -5.02, 0.00, 206.23, -22.63);
insert into SHOT values (4079, 4173, 4174, 8761, 6.50, 275.81, 1.00, 6.49, 275.83, 0.97, 0.01, 68.97, -29.70);
insert into SHOT values (4080, 4174, 4175, 8761, 9.60, 335.81, 15.00, 9.60, 335.81, 15.03, 0.01, 350.64, 75.27);
insert into SHOT values (4081, 4175, 4176, 8761, 3.50, 281.81, -5.00, 3.51, 281.73, -5.07, 0.01, 243.32, -31.88);
insert into SHOT values (4082, 4176, 4177, 8761, 2.20, 312.81, 7.00, 2.20, 312.77, 7.06, 0.00, 153.65, 23.48);
insert into SHOT values (4083, 4177, 4178, 8761, 4.50, 282.81, -24.00, 4.50, 282.92, -23.98, 0.01, 351.00, 2.08);
insert into SHOT values (4084, 4178, 4179, 8761, 10.00, 224.81, -75.00, 10.00, 224.69, -75.00, 0.01, 133.29, -7.63);
insert into SHOT values (4085, 4179, 4180, 8761, 5.00, 318.81, 45.00, 5.00, 318.78, 45.03, 0.00, 250.52, 68.94);
insert into SHOT values (4086, 4180, 4181, 8761, 5.00, 323.81, 12.00, 5.00, 323.81, 12.00, 0.00, 323.30, 6.98);
insert into SHOT values (4087, 4181, 4182, 8761, 3.30, 292.81, -29.00, 3.30, 292.83, -29.00, 0.00, 26.16, -6.00);
insert into SHOT values (4088, 4182, 4183, 8761, 26.50, 298.81, -69.00, 26.50, 298.78, -69.01, 0.01, 168.56, -1.03);
insert into SURVEY values (8763, 8235, 'therock', 'therock.monatip.sistem_prima', NULL);
 insert into CENTRELINE values (8764, 8763, NULL, NULL, NULL, 0.00, 0.00, 0.00);
 insert into SCRAPS values (8765, 8763, 'therockp_1', 1);
 insert into SCRAPS values (8786, 8763, 'therockp_2', 1);
 insert into SCRAPS values (8833, 8763, 'therockp_3', 1);
 insert into MAPS values (8856, 8763, 'mtherock-p', NULL, 1, 129.350, 33.890);
 insert into MAPITEMS values (8856, 4, 8857);
 insert into MAPITEMS values (8856, 4, 8858);
 insert into MAPS values (8857, 8763, 'mtherock-p1', NULL, 1, 129.350, 33.890);
 insert into MAPITEMS values (8857, 4, 8765);
 insert into MAPS values (8858, 8763, 'mtherock-p2', NULL, 1, 129.350, 33.890);
 insert into MAPITEMS values (8858, 4, 8786);
 insert into MAPS values (8859, 8763, 'mtherock-p3', NULL, 1, 129.350, 33.890);
 insert into MAPITEMS values (8859, 4, 8833);
 insert into CENTRELINE values (8861, 8763, NULL, '2016-07-19', NULL, 129.35, 0.00, 0.00);
 insert into TOPO values (16, 8861);
 insert into TOPO values (20, 8861);
 insert into SHOT values (4089, 4184, 4185, 8861, 6.03, 38.27, -38.00, 6.03, 38.17, -37.95, 0.01, 341.04, 13.46);
insert into SHOT values (4090, 4185, 4186, 8861, 5.88, 219.27, -36.00, 5.88, 219.20, -35.92, 0.01, 169.88, 39.20);
insert into SHOT values (4091, 4184, 4187, 8861, 6.69, 101.27, 17.00, 6.95, 102.59, 18.02, 0.32, 137.11, 36.91);
insert into SHOT values (4092, 4187, 4188, 8861, 6.14, 148.27, 46.00, 6.43, 147.58, 45.42, 0.30, 135.80, 32.73);
insert into SHOT values (4093, 4188, 4189, 8861, 3.41, 197.27, 57.00, 3.60, 195.03, 56.92, 0.21, 161.85, 50.25);
insert into SHOT values (4094, 4189, 4190, 8861, 3.46, 131.27, 30.00, 3.76, 131.38, 30.16, 0.30, 132.68, 32.03);
insert into SHOT values (4095, 4190, 4191, 8861, 3.19, 10.27, 53.00, 3.25, 12.63, 54.71, 0.14, 131.12, 48.76);
insert into SHOT values (4096, 4191, 4192, 8861, 2.63, 95.27, 34.00, 2.88, 96.50, 34.18, 0.26, 109.29, 35.33);
insert into SHOT values (4097, 4192, 4193, 8861, 3.35, 153.27, 3.00, 3.60, 152.43, 4.30, 0.26, 141.00, 20.97);
insert into SHOT values (4098, 4193, 4194, 8861, 3.89, 206.27, -22.00, 3.89, 204.11, -20.45, 0.17, 131.97, 34.14);
insert into SHOT values (4099, 4194, 4195, 8861, 10.12, 174.27, -48.00, 10.15, 172.56, -44.32, 0.68, 150.23, 38.96);
insert into SHOT values (4100, 4195, 4196, 8861, 16.26, 146.27, -8.00, 16.54, 144.89, -3.68, 1.33, 101.12, 65.02);
insert into SHOT values (4101, 4196, 4197, 8861, 7.60, 105.27, -22.00, 7.76, 106.50, -19.27, 0.43, 135.18, 42.30);
insert into SHOT values (4102, 4197, 4198, 8861, 7.34, 48.27, -23.00, 6.79, 35.56, -23.82, 1.54, 291.11, 4.76);
insert into SHOT values (4103, 4198, 4199, 8861, 3.21, 19.27, -55.00, 3.06, 6.06, -53.92, 0.45, 277.10, 20.75);
insert into SHOT values (4104, 4199, 4200, 8861, 2.63, 232.27, -53.00, 2.98, 241.16, -47.01, 0.53, 268.75, -8.57);
insert into SHOT values (4105, 4200, 4201, 8861, 1.86, 270.27, -17.00, 2.98, 272.38, -13.79, 1.13, 275.73, -8.46);
insert into SHOT values (4106, 4201, 4202, 8861, 4.83, 234.27, -25.00, 5.53, 241.80, -20.89, 1.01, 276.64, 4.06);
insert into SHOT values (4107, 4202, 4203, 8861, 5.47, 219.27, -39.00, 5.83, 228.38, -34.49, 0.92, 276.40, 8.94);
insert into SHOT values (4108, 4203, 4204, 8861, 5.63, 215.27, -32.00, 5.98, 225.31, -28.13, 1.02, 280.72, 9.19);
insert into SHOT values (4109, 4204, 4205, 8861, 2.76, 4.27, -90.00, 2.62, 285.95, -82.00, 0.40, 285.95, 25.03);
insert into SHOT values (4110, 4205, 4206, 8861, 4.24, 232.27, -31.00, 4.85, 239.65, -26.60, 0.87, 272.24, 0.91);
insert into SHOT values (4111, 4206, 4207, 8861, 6.64, 144.27, -9.00, 5.72, 154.11, -8.74, 1.39, 279.77, 6.97);
insert into SHOT values (4112, 4207, 4208, 8861, 6.09, 252.27, 28.00, 7.14, 257.79, 24.85, 1.25, 282.47, 6.50);
insert into SURVEY values (8863, 8235, 'cloacamaxima', 'cloacamaxima.monatip.sistem_prima', NULL);
 insert into CENTRELINE values (8864, 8863, NULL, NULL, NULL, 0.00, 0.00, 0.00);
 insert into SCRAPS values (8865, 8863, 'cloacamaximap_1', 1);
 insert into SCRAPS values (8889, 8863, 'cloacamaximap_2', 1);
 insert into SCRAPS values (8929, 8863, 'cloacamaximap_3', 1);
 insert into SCRAPS values (8947, 8863, 'cloacamaximap_4', 1);
 insert into SCRAPS values (8983, 8863, 'cloacamaximap_5', 1);
 insert into SCRAPS values (9007, 8863, 'cloacamaximap_6', 1);
 insert into MAPS values (9024, 8863, 'mcloacamaxima-p', NULL, 1, 335.610, 87.070);
 insert into MAPITEMS values (9024, 4, 9025);
 insert into MAPITEMS values (9024, 4, 9026);
 insert into MAPITEMS values (9024, 4, 9027);
 insert into MAPS values (9025, 8863, 'mcloacamaxima-p1', NULL, 1, 335.610, 87.070);
 insert into MAPITEMS values (9025, 4, 8865);
 insert into MAPS values (9026, 8863, 'mcloacamaxima-p2', NULL, 1, 335.610, 87.070);
 insert into MAPITEMS values (9026, 4, 8889);
 insert into MAPS values (9027, 8863, 'mcloacamaxima-p3', NULL, 1, 335.610, 87.070);
 insert into MAPITEMS values (9027, 4, 8929);
 insert into MAPS values (9028, 8863, 'mcloacamaxima-p4', NULL, 1, 335.610, 87.070);
 insert into MAPITEMS values (9028, 4, 8947);
 insert into MAPS values (9029, 8863, 'mcloacamaxima-p5', NULL, 1, 335.610, 87.070);
 insert into MAPITEMS values (9029, 4, 8983);
 insert into MAPS values (9030, 8863, 'mcloacamaxima-p6', NULL, 1, 335.610, 87.070);
 insert into MAPITEMS values (9030, 4, 9007);
 insert into CENTRELINE values (9036, 8863, NULL, '2016-07-30', NULL, 335.61, 0.00, 30.71);
 insert into TOPO values (17, 9036);
 insert into TOPO values (25, 9036);
 insert into EXPLO values (17, 9036);
 insert into EXPLO values (25, 9036);
 insert into SHOT values (4113, 4209, 4210, 9036, 1.20, 292.28, 3.00, 1.19, 292.69, 2.88, 0.01, 57.35, -14.84);
insert into SHOT values (4114, 4210, 4211, 9036, 30.10, 4.28, -90.00, 30.10, 90.00, -90.00, 0.00, 4.28, 41.31);
insert into SHOT values (4115, 4212, 4209, 9036, 5.34, 224.28, -45.00, 5.34, 224.25, -44.90, 0.01, 210.56, 38.02);
insert into SHOT values (4116, 4212, 4213, 9036, 4.06, 89.28, 9.00, 4.06, 89.29, 9.07, 0.00, 151.04, 82.66);
insert into SHOT values (4117, 4214, 4213, 9036, 4.38, 218.28, -9.00, 4.37, 218.33, -8.94, 0.01, 358.96, 40.61);
insert into SHOT values (4118, 4214, 4215, 9036, 3.72, 341.28, 6.00, 3.73, 341.27, 6.01, 0.01, 337.93, 9.88);
insert into SHOT values (4119, 4216, 4215, 9036, 4.62, 277.28, -7.00, 4.62, 277.26, -7.08, 0.01, 237.04, -76.72);
insert into SHOT values (4120, 4216, 4217, 9036, 3.55, 54.28, 23.00, 3.54, 54.36, 22.94, 0.01, 200.60, -39.97);
insert into SHOT values (4121, 4218, 4217, 9036, 3.65, 166.28, -31.00, 3.65, 166.32, -31.00, 0.00, 253.53, -2.81);
insert into SHOT values (4122, 4218, 4219, 9036, 2.65, 114.28, 1.00, 2.65, 114.25, 1.08, 0.01, 97.14, 38.23);
insert into SHOT values (4123, 4220, 4219, 9036, 7.39, 237.28, -9.00, 7.39, 237.25, -8.95, 0.01, 171.35, 53.73);
insert into SHOT values (4124, 4220, 4221, 9036, 38.50, 4.28, 90.00, 38.50, 90.00, 90.00, 0.00, 4.28, 0.00);
insert into SHOT values (4125, 4222, 4223, 9036, 5.02, 315.28, -2.00, 5.02, 315.32, -2.05, 0.01, 2.97, -41.98);
insert into SHOT values (4126, 4223, 4224, 9036, 11.80, 326.28, -45.00, 11.80, 326.29, -44.99, 0.00, 87.66, 59.82);
insert into SHOT values (4127, 4220, 4224, 9036, 6.27, 202.28, -5.00, 6.27, 202.30, -4.94, 0.01, 267.59, 71.91);
insert into SHOT values (4128, 4220, 4225, 9036, 8.31, 21.28, 31.00, 8.26, 20.29, 31.55, 0.15, 255.49, 14.98);
insert into SHOT values (4129, 4226, 4225, 9036, 2.81, 210.28, -10.00, 2.74, 209.61, -10.32, 0.08, 52.64, -1.43);
insert into SHOT values (4130, 4226, 4227, 9036, 7.77, 30.28, 12.00, 7.70, 29.36, 12.29, 0.14, 268.60, 9.80);
insert into SHOT values (4131, 4228, 4227, 9036, 2.55, 223.28, -11.00, 2.54, 223.22, -10.88, 0.01, 68.26, 45.47);
insert into SHOT values (4132, 4228, 4229, 9036, 5.60, 143.28, 4.00, 5.60, 143.29, 3.99, 0.00, 187.20, -15.40);
insert into SHOT values (4133, 4227, 4230, 9036, 21.48, 340.28, 8.00, 21.52, 337.15, 8.20, 1.16, 250.20, 3.97);
insert into SHOT values (4134, 4231, 4230, 9036, 5.77, 185.28, -13.00, 5.74, 184.31, -13.10, 0.10, 73.77, -1.15);
insert into SHOT values (4135, 4231, 4232, 9036, 10.33, 324.28, 9.00, 10.33, 324.25, 9.02, 0.01, 223.03, 42.41);
insert into SHOT values (4136, 4233, 4232, 9036, 4.72, 127.28, -10.00, 4.72, 127.31, -10.00, 0.00, 164.17, -4.53);
insert into SHOT values (4137, 4233, 4234, 9036, 16.75, 4.28, -90.00, 16.75, 90.00, -90.00, 0.00, 4.28, 0.00);
insert into SHOT values (4138, 4235, 4231, 9036, 2.84, 279.28, -7.00, 2.74, 279.74, -7.33, 0.10, 86.89, -2.18);
insert into SHOT values (4139, 4235, 4236, 9036, 3.00, 1.28, 8.00, 2.97, 0.39, 8.13, 0.06, 236.97, 2.58);
insert into SHOT values (4140, 4237, 4236, 9036, 5.38, 233.28, -20.00, 5.28, 232.88, -20.38, 0.11, 72.16, 0.04);
insert into SHOT values (4141, 4237, 4238, 9036, 4.41, 18.28, 17.00, 4.36, 17.48, 17.22, 0.08, 244.58, 0.46);
insert into SHOT values (4142, 4239, 4238, 9036, 6.53, 256.28, -14.00, 6.43, 256.34, -14.41, 0.11, 72.58, -10.41);
insert into SHOT values (4143, 4239, 4240, 9036, 2.29, 333.28, 6.00, 2.32, 332.32, 5.95, 0.05, 277.18, 0.78);
insert into SHOT values (4144, 4241, 4240, 9036, 4.18, 123.28, 64.00, 4.21, 122.42, 63.39, 0.06, 94.50, 2.99);
insert into SHOT values (4145, 4241, 4242, 9036, 5.70, 27.28, 7.00, 5.63, 26.47, 7.24, 0.11, 254.58, 8.18);
insert into SHOT values (4146, 4243, 4242, 9036, 5.07, 146.28, -33.00, 5.10, 145.27, -32.89, 0.08, 78.19, -6.11);
insert into SHOT values (4147, 4243, 4244, 9036, 6.00, 19.28, 17.00, 5.95, 18.37, 17.22, 0.11, 255.95, 3.07);
insert into SHOT values (4148, 4245, 4244, 9036, 3.54, 208.28, -22.00, 3.48, 207.60, -22.32, 0.08, 58.03, 4.56);
insert into SHOT values (4149, 4245, 4246, 9036, 1.96, 309.28, 14.00, 2.02, 308.39, 14.00, 0.07, 283.28, 12.79);
insert into SHOT values (4150, 4247, 4246, 9036, 27.22, 192.28, -14.00, 27.22, 188.89, -14.73, 1.60, 97.46, -12.12);
insert into SHOT values (4151, 4247, 4248, 9036, 8.58, 17.28, 12.00, 8.52, 16.11, 12.26, 0.18, 265.68, 8.12);
insert into SHOT values (4152, 4249, 4248, 9036, 2.19, 240.28, -16.00, 2.08, 239.97, -16.45, 0.11, 66.00, 7.23);
insert into SHOT values (4153, 4249, 4250, 9036, 9.08, 24.28, 10.00, 9.02, 23.16, 10.28, 0.19, 272.69, 10.10);
insert into SHOT values (4154, 4251, 4250, 9036, 2.97, 295.28, 31.00, 2.90, 295.84, 31.19, 0.08, 95.60, -22.29);
insert into SHOT values (4155, 4251, 4252, 9036, 1.61, 74.28, -27.00, 1.51, 74.41, -27.59, 0.10, 252.46, 17.98);
insert into SHOT values (4156, 4252, 4253, 9036, 6.54, 6.28, 16.00, 6.50, 359.35, 17.10, 0.77, 267.06, 8.05);
insert into SHOT values (4157, 4254, 4253, 9036, 4.04, 192.28, -40.00, 3.96, 186.38, -41.43, 0.34, 77.28, -3.94);
insert into SHOT values (4158, 4254, 4255, 9036, 4.14, 0.28, 17.00, 4.14, 354.46, 17.74, 0.40, 264.41, 7.05);
insert into SHOT values (4159, 4256, 4255, 9036, 2.50, 121.28, 18.00, 2.99, 118.44, 16.09, 0.52, 105.23, 6.35);
insert into SHOT_FLAG values(4159, 'dpl');
insert into SHOT values (4160, 4256, 4257, 9036, 1.92, 308.28, 6.00, 2.41, 304.82, 6.18, 0.51, 291.67, 6.67);
insert into SHOT_FLAG values(4160, 'dpl');
insert into SHOT values (4161, 4258, 4257, 9036, 3.82, 158.28, -6.00, 4.05, 153.12, -6.38, 0.42, 98.34, -6.91);
insert into SHOT_FLAG values(4161, 'dpl');
insert into SHOT values (4162, 4258, 4259, 9036, 3.95, 315.28, 7.00, 4.40, 311.28, 7.18, 0.53, 280.26, 7.38);
insert into SHOT_FLAG values(4162, 'dpl');
insert into SHOT values (4163, 4260, 4259, 9036, 12.48, 179.28, -68.00, 12.55, 172.97, -69.02, 0.56, 66.38, -15.51);
insert into SHOT_FLAG values(4163, 'dpl');
insert into SHOT values (4164, 4260, 4261, 9036, 6.04, 329.28, -30.00, 6.28, 324.00, -27.70, 0.61, 270.32, 9.50);
insert into SHOT_FLAG values(4164, 'dpl');
insert into SURVEY values (9040, 8235, 'aleksandrija', 'aleksandrija.monatip.sistem_prima', 'temp_cave_mona');
 insert into CENTRELINE values (9041, 9040, NULL, NULL, NULL, 0.00, 0.00, 0.00);
 insert into SCRAPS values (9042, 9040, 'aleksandrija-1p', 1);
 insert into SCRAPS values (9075, 9040, 'aleksandrija-2p', 1);
 insert into MAPS values (9108, 9040, 'maleksandrija-p', NULL, 1, 98.440, 31.270);
 insert into MAPITEMS values (9108, 4, 9110);
 insert into MAPITEMS values (9108, 4, 9109);
 insert into MAPS values (9109, 9040, 'm1p', NULL, 1, 98.440, 31.270);
 insert into MAPITEMS values (9109, 4, 9042);
 insert into MAPS values (9110, 9040, 'm2p', NULL, 1, 98.440, 31.270);
 insert into MAPITEMS values (9110, 4, 9075);
 insert into CENTRELINE values (9111, 9040, NULL, '2018-07-21', NULL, 98.44, 0.00, 0.00);
 insert into TOPO values (37, 9111);
 insert into PERSON values (54, 'Zdenko', 'Rejec');
insert into TOPO values (54, 9111);
 insert into SHOT values (4165, 4262, 4263, 9111, 1.93, 83.13, -3.50, 1.93, 83.13, -3.57, 0.00, 257.38, -39.77);
insert into SHOT values (4166, 4262, 4264, 9111, 2.04, 72.43, 0.60, 2.04, 72.28, 0.56, 0.01, 311.04, -12.38);
insert into SHOT values (4167, 4262, 4265, 9111, 2.32, 2.43, 0.20, 2.32, 2.47, 0.25, 0.00, 40.80, 34.52);
insert into SHOT values (4168, 4262, 4266, 9111, 2.16, 27.63, 20.70, 2.16, 27.45, 20.64, 0.01, 268.30, -26.85);
insert into SHOT values (4169, 4262, 4267, 9111, 4.49, 31.73, 61.10, 4.49, 31.64, 61.06, 0.00, 346.03, -10.67);
insert into SHOT values (4170, 4262, 4268, 9111, 2.27, 86.03, 42.50, 2.27, 85.89, 42.42, 0.01, 5.77, -41.72);
insert into SHOT values (4171, 4262, 4269, 9111, 2.53, 23.53, 7.30, 2.53, 23.50, 7.27, 0.00, 241.86, -37.50);
insert into SHOT values (4172, 4269, 4270, 9111, 2.35, 24.23, 10.90, 2.36, 24.24, 10.77, 0.01, 29.01, -34.27);
insert into SHOT values (4173, 4269, 4271, 9111, 0.74, 314.23, -7.90, 0.74, 313.90, -7.74, 0.01, 255.35, 19.19);
insert into SHOT values (4174, 4269, 4272, 9111, 1.59, 246.53, 9.30, 1.59, 246.71, 9.42, 0.01, 351.42, 30.94);
insert into SHOT values (4175, 4269, 4273, 9111, 0.91, 141.83, 4.70, 0.91, 141.74, 4.43, 0.01, 349.74, -56.46);
insert into SHOT values (4176, 4269, 4274, 9111, 2.92, 199.53, 4.40, 2.91, 199.49, 4.33, 0.01, 37.83, -38.70);
insert into SHOT values (4177, 4269, 4275, 9111, 2.30, 174.33, 1.50, 2.30, 174.26, 1.49, 0.00, 127.55, -3.51);
insert into SHOT values (4178, 4269, 4276, 9111, 2.27, 25.53, 15.20, 2.27, 25.40, 15.31, 0.01, 309.21, 43.37);
insert into SHOT values (4179, 4276, 4277, 9111, 0.52, 313.53, 0.80, 0.52, 314.22, 0.00, 0.01, 74.65, -45.02);
insert into SHOT values (4180, 4276, 4278, 9111, 2.63, 294.23, 1.90, 2.62, 294.32, 1.75, 0.01, 78.67, -44.94);
insert into SHOT values (4181, 4276, 4279, 9111, 1.14, 267.53, 1.60, 1.14, 267.49, 1.51, 0.00, 241.88, -46.98);
insert into SHOT values (4182, 4276, 4280, 9111, 0.65, 267.23, 24.20, 0.65, 267.09, 23.75, 0.01, 120.86, -68.48);
insert into SHOT values (4183, 4276, 4281, 9111, 0.99, 270.03, -20.50, 0.98, 270.00, -20.83, 0.01, 93.27, -24.24);
insert into SHOT values (4184, 4276, 4282, 9111, 1.48, 216.93, -2.70, 1.47, 216.71, -2.72, 0.01, 77.44, -1.93);
insert into SHOT values (4185, 4276, 4283, 9111, 0.88, 199.43, 16.30, 0.88, 199.29, 15.81, 0.01, 165.22, -62.92);
insert into SHOT values (4186, 4276, 4284, 9111, 3.51, 207.33, -26.20, 3.51, 207.22, -26.21, 0.01, 109.80, -2.96);
insert into SHOT values (4187, 4276, 4285, 9111, 0.96, 157.53, 17.40, 0.96, 157.62, 16.94, 0.01, 183.01, -63.64);
insert into SHOT values (4188, 4276, 4286, 9111, 1.12, 159.13, 30.80, 1.12, 158.75, 30.55, 0.01, 98.74, -25.56);
insert into SHOT values (4189, 4276, 4287, 9111, 2.62, 298.43, 4.00, 2.62, 298.33, 3.94, 0.01, 199.87, -32.14);
insert into SHOT values (4190, 4287, 4288, 9111, 0.75, 57.23, -30.90, 0.76, 57.53, -30.89, 0.01, 79.63, -28.17);
insert into SHOT values (4191, 4287, 4289, 9111, 1.43, 71.23, 5.60, 1.43, 71.18, 5.61, 0.00, 52.33, 8.08);
insert into SHOT values (4192, 4287, 4290, 9111, 0.88, 61.33, 39.90, 0.88, 61.19, 39.28, 0.01, 51.73, -24.56);
insert into SHOT values (4193, 4287, 4291, 9111, 0.21, 12.93, 67.00, 0.21, 14.04, 66.54, 0.00, 89.11, -63.54);
insert into SHOT values (4194, 4287, 4292, 9111, 0.50, 134.23, 57.30, 0.50, 133.53, 56.70, 0.01, 103.92, -6.50);
insert into SHOT values (4195, 4287, 4293, 9111, 6.75, 33.23, 11.20, 6.75, 33.23, 11.19, 0.00, 60.60, -27.04);
insert into SHOT values (4196, 4293, 4294, 9111, 6.64, 33.43, 11.70, 6.64, 33.40, 11.73, 0.01, 333.56, 42.63);
insert into SHOT values (4197, 4293, 4295, 9111, 6.64, 33.13, 12.20, 6.65, 33.13, 12.16, 0.01, 34.95, -28.80);
insert into SHOT values (4198, 4293, 4296, 9111, 1.66, 358.43, 14.70, 1.66, 358.58, 14.62, 0.01, 39.76, -10.90);
insert into SHOT values (4199, 4293, 4297, 9111, 0.87, 318.73, 8.20, 0.87, 319.25, 7.96, 0.01, 70.63, -25.62);
insert into SHOT values (4200, 4293, 4298, 9111, 1.25, 270.53, -3.30, 1.24, 270.46, -3.23, 0.01, 100.44, 13.72);
insert into SHOT values (4201, 4293, 4299, 9111, 0.82, 273.83, 25.30, 0.82, 273.87, 25.26, 0.00, 330.38, -35.14);
insert into SHOT values (4202, 4293, 4300, 9111, 1.35, 229.93, -3.60, 1.35, 229.81, -3.82, 0.01, 159.12, -61.88);
insert into SHOT values (4203, 4293, 4301, 9111, 1.18, 212.03, 6.80, 1.18, 212.06, 6.83, 0.00, 21.83, 4.45);
insert into SHOT values (4204, 4293, 4302, 9111, 1.29, 305.73, 72.40, 1.29, 306.57, 72.58, 0.01, 71.38, 3.13);
insert into SHOT values (4205, 4293, 4303, 9111, 1.80, 134.93, 55.80, 1.80, 134.60, 55.84, 0.01, 39.19, 12.23);
insert into SHOT values (4206, 4293, 4304, 9111, 1.22, 187.83, 45.30, 1.22, 187.37, 45.43, 0.01, 88.75, 22.42);
insert into SHOT values (4207, 4293, 4305, 9111, 1.59, 116.93, 61.90, 1.59, 116.91, 61.78, 0.00, 110.85, -46.65);
insert into SHOT values (4208, 4293, 4306, 9111, 1.68, 79.33, 75.40, 1.68, 79.22, 75.22, 0.01, 67.93, -54.15);
insert into SHOT values (4209, 4295, 4307, 9111, 1.75, 81.13, 74.80, 1.75, 81.16, 74.92, 0.00, 256.82, 19.60);
insert into SHOT values (4210, 4307, 4308, 9111, 1.75, 81.53, 73.40, 1.75, 82.03, 73.27, 0.01, 123.74, 23.92);
insert into SHOT values (4211, 4307, 4309, 9111, 0.29, 244.33, -1.60, 0.29, 243.43, -1.97, 0.00, 163.95, -22.54);
insert into SHOT values (4212, 4307, 4310, 9111, 1.33, 255.63, -45.60, 1.33, 255.66, -45.64, 0.00, 54.51, 8.11);
insert into SHOT values (4213, 4307, 4311, 9111, 1.56, 279.63, -82.40, 1.56, 278.53, -82.57, 0.01, 142.80, -33.25);
insert into SHOT values (4214, 4307, 4312, 9111, 0.96, 28.83, -0.50, 0.96, 29.23, -0.60, 0.01, 98.07, -12.65);
insert into SHOT values (4215, 4307, 4313, 9111, 0.83, 192.83, -49.80, 0.83, 192.99, -49.73, 0.00, 335.54, 56.69);
insert into SHOT values (4216, 4307, 4314, 9111, 3.55, 349.33, 11.10, 3.55, 349.40, 11.06, 0.01, 122.25, -29.10);
insert into SHOT values (4217, 4307, 4315, 9111, 3.52, 5.83, 10.60, 3.52, 5.81, 10.65, 0.00, 210.12, 46.26);
insert into SHOT values (4218, 4307, 4316, 9111, 2.25, 349.73, 11.10, 2.25, 349.81, 11.04, 0.01, 123.39, -34.88);
insert into SHOT values (4219, 4316, 4317, 9111, 0.90, 69.33, -1.70, 0.90, 69.15, -1.27, 0.01, 325.04, 66.47);
insert into SHOT values (4220, 4316, 4318, 9111, 2.51, 47.13, 7.00, 2.52, 47.11, 7.07, 0.01, 40.73, 32.18);
insert into SHOT values (4221, 4316, 4319, 9111, 1.28, 20.23, 10.10, 1.28, 20.02, 10.38, 0.01, 246.53, 41.85);
insert into SHOT values (4222, 4316, 4320, 9111, 1.24, 23.03, 27.90, 1.24, 23.06, 27.85, 0.00, 43.29, -6.72);
insert into SHOT values (4223, 4316, 4321, 9111, 1.31, 27.13, -19.00, 1.30, 26.98, -18.79, 0.01, 243.28, 50.70);
insert into SHOT values (4224, 4316, 4322, 9111, 0.85, 318.53, 4.90, 0.85, 318.37, 5.42, 0.01, 168.99, 57.99);
insert into SHOT values (4225, 4316, 4323, 9111, 1.70, 357.23, 16.90, 1.70, 357.17, 17.13, 0.01, 195.22, 50.15);
insert into SHOT values (4226, 4316, 4324, 9111, 5.28, 31.23, 2.00, 5.28, 31.19, 2.06, 0.01, 247.11, 43.59);
insert into SHOT values (4227, 4316, 4325, 9111, 4.92, 37.33, 3.00, 4.92, 37.31, 3.03, 0.00, 16.22, 38.99);
insert into SHOT values (4228, 4325, 4326, 9111, 1.18, 107.83, 30.20, 1.18, 108.26, 30.43, 0.01, 186.46, 39.34);
insert into SHOT values (4229, 4325, 4327, 9111, 0.37, 189.03, 38.50, 0.37, 189.78, 38.01, 0.01, 228.68, -3.11);
insert into SHOT values (4230, 4325, 4328, 9111, 0.81, 30.33, 38.00, 0.81, 30.19, 38.16, 0.00, 247.38, 27.99);
insert into SHOT values (4231, 4325, 4329, 9111, 0.69, 117.53, 83.20, 0.69, 119.74, 83.34, 0.01, 227.53, 55.61);
insert into SHOT values (4232, 4329, 4330, 9111, 0.69, 119.93, 81.60, 0.69, 119.05, 81.39, 0.00, 83.83, -44.35);
insert into SHOT values (4233, 4329, 4331, 9111, 1.19, 27.63, 42.90, 1.19, 28.03, 42.88, 0.01, 112.06, -0.53);
insert into SHOT values (4234, 4329, 4332, 9111, 1.85, 29.43, 4.20, 1.85, 29.48, 4.02, 0.01, 49.84, -49.82);
insert into SHOT values (4235, 4329, 4333, 9111, 1.01, 0.33, 12.70, 1.00, 0.58, 12.65, 0.01, 140.18, -16.58);
insert into SHOT values (4236, 4329, 4334, 9111, 1.76, 57.23, 13.50, 1.76, 57.14, 13.45, 0.00, 16.50, -13.01);
insert into SHOT values (4237, 4329, 4335, 9111, 1.00, 92.43, 10.90, 1.00, 92.34, 10.96, 0.00, 325.36, 25.48);
insert into SHOT values (4238, 4329, 4336, 9111, 0.48, 289.83, 11.60, 0.48, 289.98, 10.88, 0.01, 77.22, -69.89);
insert into SHOT values (4239, 4329, 4337, 9111, 7.52, 21.63, 13.50, 7.52, 21.66, 13.45, 0.01, 64.22, -44.02);
insert into SHOT values (4240, 4337, 4338, 9111, 1.88, 348.83, 52.90, 1.88, 348.79, 52.97, 0.00, 185.25, 12.04);
insert into SHOT values (4241, 4337, 4339, 9111, 2.11, 305.13, 30.90, 2.12, 304.91, 30.96, 0.01, 259.39, 34.49);
insert into SHOT values (4242, 4337, 4340, 9111, 1.73, 53.93, 61.50, 1.73, 53.97, 61.77, 0.01, 229.86, -2.15);
insert into SHOT values (4243, 4337, 4341, 9111, 1.29, 90.13, 33.40, 1.28, 90.54, 33.57, 0.01, 222.31, -0.67);
insert into SHOT values (4244, 4337, 4342, 9111, 0.84, 130.23, 26.00, 0.84, 130.68, 26.21, 0.01, 249.33, 14.41);
insert into SHOT values (4245, 4337, 4343, 9111, 0.75, 217.53, 30.50, 0.76, 217.57, 30.08, 0.01, 220.38, -3.80);
insert into SHOT values (4246, 4337, 4344, 9111, 0.70, 172.73, 22.30, 0.71, 172.98, 22.41, 0.01, 194.84, 29.24);
insert into SHOT values (4247, 4337, 4345, 9111, 2.26, 341.93, 0.20, 2.26, 341.73, 0.25, 0.01, 279.83, 13.24);
insert into SHOT values (4248, 4337, 4346, 9111, 0.83, 18.03, 10.90, 0.83, 17.99, 11.18, 0.01, 203.71, 29.08);
insert into SHOT values (4249, 4337, 4347, 9111, 4.94, 3.63, 10.00, 4.93, 3.54, 10.04, 0.01, 235.75, 13.23);
insert into SHOT values (4250, 4347, 4348, 9111, 1.43, 240.23, 11.60, 1.42, 240.31, 11.76, 0.01, 46.31, 16.84);
insert into SHOT values (4251, 4347, 4349, 9111, 1.33, 214.23, 57.30, 1.33, 214.14, 57.53, 0.01, 45.30, 7.74);
insert into SHOT values (4252, 4347, 4350, 9111, 2.22, 205.13, 66.20, 2.22, 205.13, 66.21, 0.00, 19.62, -45.99);
insert into SHOT values (4253, 4347, 4351, 9111, 0.94, 108.13, 31.50, 0.95, 107.99, 31.18, 0.01, 94.52, -7.86);
insert into SHOT values (4254, 4347, 4352, 9111, 1.31, 172.33, 31.20, 1.31, 172.30, 31.26, 0.00, 36.58, 66.17);
insert into SHOT values (4255, 4347, 4353, 9111, 1.03, 183.23, 79.00, 1.03, 183.01, 79.33, 0.01, 9.66, -9.68);
insert into SHOT values (4256, 4347, 4354, 9111, 2.14, 280.03, 19.30, 2.14, 279.98, 19.36, 0.00, 214.41, 54.00);
insert into SHOT values (4257, 4347, 4355, 9111, 3.59, 301.83, 24.70, 3.59, 301.84, 24.70, 0.00, 86.94, -6.84);
insert into SHOT values (4258, 4347, 4356, 9111, 3.33, 293.03, 25.60, 3.33, 293.15, 25.63, 0.01, 35.68, 9.94);
insert into SHOT values (4259, 4347, 4357, 9111, 3.15, 292.13, 26.50, 3.15, 292.10, 26.59, 0.01, 140.69, 62.97);
insert into SHOT values (4260, 4357, 4358, 9111, 3.15, 296.73, 25.50, 3.15, 296.75, 25.39, 0.01, 336.78, -76.20);
insert into SHOT values (4261, 4357, 4359, 9111, 1.09, 120.93, 5.90, 1.09, 120.60, 5.81, 0.01, 359.32, -15.82);
insert into SHOT values (4262, 4357, 4360, 9111, 1.38, 73.53, 7.60, 1.38, 73.42, 7.50, 0.00, 320.53, -42.85);
insert into SHOT values (4263, 4357, 4361, 9111, 0.70, 342.63, 56.10, 0.70, 343.86, 55.70, 0.01, 41.69, -5.82);
insert into SHOT values (4264, 4357, 4362, 9111, 0.68, 45.13, 52.00, 0.68, 45.00, 51.32, 0.01, 35.71, -45.78);
insert into SHOT values (4265, 4357, 4363, 9111, 2.23, 100.93, 19.10, 2.23, 100.94, 19.10, 0.00, 122.01, 15.03);
insert into SHOT values (4266, 4357, 4364, 9111, 2.63, 96.43, 14.10, 2.63, 96.29, 14.06, 0.01, 43.88, -5.32);
insert into SHOT values (4267, 4357, 4365, 9111, 1.81, 114.73, 17.10, 1.81, 114.64, 17.06, 0.00, 339.08, -29.79);
insert into SHOT values (4268, 4357, 4366, 9111, 2.13, 114.63, 17.10, 2.12, 114.42, 16.97, 0.01, 355.34, -37.09);
insert into SHOT values (4269, 4357, 4367, 9111, 2.16, 114.63, 17.00, 2.16, 114.58, 16.95, 0.00, 72.23, -32.78);
insert into SHOT values (4270, 4357, 4368, 9111, 1.83, 114.73, 17.20, 1.83, 114.66, 17.15, 0.00, 60.13, -25.20);
insert into SHOT values (4271, 4357, 4369, 9111, 0.61, 65.53, 18.30, 0.61, 65.64, 18.09, 0.00, 88.66, -27.99);
insert into SHOT values (4272, 4357, 4370, 9111, 0.94, 11.93, 11.20, 0.95, 11.79, 10.96, 0.01, 356.00, -18.25);
insert into SHOT values (4273, 4367, 4371, 9111, 2.44, 45.53, 14.20, 2.44, 45.51, 14.21, 0.00, 36.89, 22.53);
insert into SHOT values (4274, 4371, 4372, 9111, 2.46, 46.63, 17.10, 2.46, 46.55, 17.00, 0.01, 9.87, -32.05);
insert into SHOT values (4275, 4371, 4373, 9111, 0.64, 86.13, 12.90, 0.64, 86.31, 12.70, 0.00, 228.38, -41.64);
insert into SHOT values (4276, 4371, 4374, 9111, 1.35, 62.43, 50.20, 1.34, 62.24, 50.18, 0.01, 269.89, -50.17);
insert into SHOT values (4277, 4371, 4375, 9111, 1.47, 123.03, 12.50, 1.46, 123.02, 12.22, 0.01, 303.72, -64.29);
insert into SHOT values (4278, 4371, 4376, 9111, 1.14, 115.03, 50.80, 1.13, 114.78, 50.87, 0.01, 329.10, -31.59);
insert into SHOT values (4279, 4371, 4377, 9111, 0.88, 175.33, 23.30, 0.88, 175.76, 22.71, 0.01, 232.77, -47.66);
insert into SHOT values (4280, 4371, 4378, 9111, 0.88, 173.93, 23.90, 0.88, 174.29, 23.52, 0.01, 270.30, -51.80);
insert into SHOT values (4281, 4371, 4379, 9111, 0.88, 175.73, 24.30, 0.88, 175.71, 24.17, 0.00, 131.12, -82.05);
insert into SHOT values (4282, 4371, 4380, 9111, 2.84, 17.23, 20.00, 2.84, 17.21, 19.97, 0.00, 342.37, -52.50);
insert into SHOT values (4283, 4371, 4381, 9111, 3.56, 34.13, 25.00, 3.56, 34.13, 24.94, 0.00, 185.06, -78.87);
insert into SHOT values (4284, 4371, 4382, 9111, 1.06, 47.83, 24.80, 1.06, 47.53, 24.56, 0.01, 321.73, -42.47);
insert into SHOT values (4285, 4371, 4383, 9111, 2.64, 26.43, 10.80, 2.64, 26.37, 10.72, 0.01, 240.91, -45.04);
insert into SHOT values (4286, 4371, 4384, 9111, 5.44, 34.43, 19.70, 5.43, 34.40, 19.69, 0.01, 229.77, -28.08);
insert into SHOT values (4287, 4384, 4385, 9111, 5.52, 34.63, 19.60, 5.52, 34.67, 19.57, 0.01, 80.28, -17.79);
insert into SHOT values (4288, 4384, 4386, 9111, 0.49, 120.13, 57.10, 0.49, 119.48, 57.20, 0.00, 356.73, -21.50);
insert into SHOT values (4289, 4384, 4387, 9111, 1.32, 93.93, 8.20, 1.33, 93.49, 8.24, 0.01, 34.78, 8.55);
insert into SHOT values (4290, 4384, 4388, 9111, 0.97, 117.63, 1.80, 0.97, 117.10, 1.78, 0.01, 6.02, -2.79);
insert into SHOT values (4291, 4384, 4389, 9111, 0.76, 149.43, 33.40, 0.76, 148.57, 33.57, 0.01, 49.20, 9.66);
insert into SHOT values (4292, 4384, 4390, 9111, 4.00, 119.03, 6.90, 4.00, 118.89, 6.89, 0.01, 48.83, -3.05);
insert into SHOT values (4293, 4384, 4391, 9111, 4.67, 105.93, 6.70, 4.67, 105.89, 6.64, 0.01, 358.13, -61.27);
insert into SHOT values (4294, 4384, 4392, 9111, 4.69, 106.23, 6.40, 4.69, 106.18, 6.36, 0.01, 64.49, -27.31);
insert into SHOT values (4295, 4384, 4393, 9111, 2.50, 106.13, 6.30, 2.50, 106.10, 6.19, 0.01, 86.53, -56.47);
insert into SHOT values (4296, 4384, 4394, 9111, 2.85, 106.23, 6.40, 2.85, 106.20, 6.45, 0.00, 22.43, 56.93);
insert into SHOT values (4297, 4392, 4395, 9111, 2.85, 106.23, 6.40, 2.85, 106.20, 6.45, 0.00, 22.43, 56.93);
insert into SHOT values (4298, 4395, 4396, 9111, 4.71, 106.23, 6.70, 4.71, 106.27, 6.71, 0.00, 207.41, 8.36);
insert into SHOT values (4299, 4396, 4397, 9111, 0.70, 128.33, 42.30, 0.70, 127.97, 42.10, 0.00, 74.43, -15.57);
insert into SHOT values (4300, 4396, 4398, 9111, 0.69, 85.23, 41.10, 0.69, 84.51, 40.74, 0.01, 15.35, -27.24);
insert into SHOT values (4301, 4396, 4399, 9111, 0.50, 221.83, 11.80, 0.50, 222.51, 11.57, 0.01, 322.54, -20.73);
insert into SHOT values (4302, 4396, 4400, 9111, 0.35, 172.73, -42.70, 0.35, 173.16, -43.63, 0.01, 333.49, -24.68);
insert into SHOT values (4303, 4396, 4401, 9111, 1.20, 137.13, 30.10, 1.20, 136.95, 29.98, 0.00, 77.11, -25.96);
insert into SHOT values (4304, 4396, 4402, 9111, 3.05, 131.03, 10.70, 3.05, 130.93, 10.79, 0.01, 352.44, 27.08);
insert into SHOT values (4305, 4402, 4403, 9111, 1.34, 46.13, -2.20, 1.34, 46.52, -2.57, 0.01, 149.39, -42.50);
insert into SHOT values (4306, 4402, 4404, 9111, 0.62, 41.53, -43.20, 0.62, 41.42, -43.48, 0.01, 12.73, -73.27);
insert into SHOT values (4307, 4402, 4405, 9111, 1.13, 89.83, 5.20, 1.13, 90.00, 5.06, 0.01, 126.32, -22.68);
insert into SHOT values (4308, 4402, 4406, 9111, 0.53, 330.23, -82.10, 0.53, 326.31, -82.25, 0.01, 229.84, -45.13);
insert into SHOT values (4309, 4402, 4407, 9111, 1.16, 326.93, 0.90, 1.16, 327.00, 0.50, 0.01, 122.92, -66.76);
insert into SHOT values (4310, 4402, 4408, 9111, 4.80, 29.33, 22.60, 4.80, 29.34, 22.56, 0.01, 186.35, -52.51);
insert into SHOT values (4311, 4402, 4409, 9111, 4.81, 28.83, 22.60, 4.81, 28.82, 22.51, 0.01, 249.03, -82.46);
insert into SHOT values (4312, 4402, 4410, 9111, 7.46, 28.53, 22.40, 7.46, 28.50, 22.38, 0.00, 272.75, -36.61);
insert into SHOT values (4313, 4409, 4411, 9111, 4.79, 28.93, 22.40, 4.79, 28.94, 22.48, 0.01, 198.13, 36.07);
insert into SHOT values (4314, 4411, 4412, 9111, 0.90, 195.73, 21.70, 0.89, 195.38, 21.69, 0.01, 53.48, -18.54);
insert into SHOT values (4315, 4411, 4413, 9111, 0.75, 188.73, 77.20, 0.75, 187.13, 77.54, 0.01, 50.86, -11.47);
insert into SHOT values (4316, 4411, 4414, 9111, 1.23, 248.93, 27.30, 1.23, 249.08, 27.15, 0.01, 357.99, -53.89);
insert into SHOT values (4317, 4411, 4415, 9111, 1.82, 313.33, 31.00, 1.82, 313.44, 31.13, 0.01, 94.90, 28.26);
insert into SHOT values (4318, 4411, 4416, 9111, 2.35, 359.53, 50.60, 2.35, 359.62, 50.69, 0.00, 123.72, 55.32);
insert into SHOT values (4319, 4411, 4417, 9111, 3.28, 26.23, 37.90, 3.29, 26.27, 37.72, 0.01, 37.21, -25.16);
insert into SHOT values (4320, 4411, 4418, 9111, 2.02, 28.33, -16.50, 2.02, 28.28, -16.36, 0.01, 11.24, 35.56);
insert into SHOT values (4321, 4411, 4419, 9111, 2.56, 14.03, -34.50, 2.56, 13.97, -34.47, 0.00, 337.19, -0.00);
insert into SHOT values (4322, 4411, 4420, 9111, 0.98, 353.33, -45.80, 0.98, 353.29, -45.63, 0.00, 337.16, 59.29);
insert into SHOT values (4323, 4411, 4421, 9111, 2.98, 47.53, 19.90, 2.99, 47.45, 19.77, 0.01, 22.42, -26.92);
insert into SHOT values (4324, 4411, 4422, 9111, 2.84, 45.43, 47.90, 2.85, 45.42, 47.86, 0.01, 44.93, 28.07);
insert into SHOT values (4325, 4422, 4423, 9111, 2.33, 137.73, -88.10, 2.33, 140.19, -88.08, 0.00, 214.70, -20.35);
insert into SHOT values (4326, 4422, 4424, 9111, 1.16, 170.83, -8.40, 1.16, 170.95, -8.45, 0.00, 314.15, -7.50);
insert into SHOT values (4327, 4422, 4425, 9111, 0.98, 343.53, 2.40, 0.98, 343.41, 2.34, 0.00, 294.37, -22.08);
insert into SHOT values (4328, 4422, 4426, 9111, 8.06, 25.83, 48.30, 8.06, 25.85, 48.23, 0.01, 48.34, -54.41);
insert into SHOT values (4329, 4422, 4427, 9111, 8.95, 25.33, 48.10, 8.95, 25.36, 48.10, 0.00, 129.49, -20.91);
insert into SHOT values (4330, 4422, 4428, 9111, 7.94, 24.53, 47.90, 7.94, 24.54, 47.91, 0.00, 173.48, -23.81);
insert into SHOT values (4331, 4422, 4429, 9111, 6.05, 130.23, 32.50, 6.05, 130.24, 32.46, 0.01, 138.75, -5.94);
insert into SHOT values (4332, 4422, 4430, 9111, 6.63, 131.63, 32.30, 6.63, 131.60, 32.28, 0.00, 20.17, -45.03);
insert into SHOT values (4333, 4428, 4431, 9111, 6.69, 130.83, 33.40, 6.69, 130.79, 33.37, 0.00, 70.19, -34.45);
insert into SHOT values (4334, 4422, 4432, 9111, 4.33, 131.13, 33.60, 4.33, 131.07, 33.52, 0.01, 57.82, -57.75);
insert into SHOT values (4335, 4422, 4433, 9111, 6.61, 130.73, 34.10, 6.61, 130.70, 34.05, 0.01, 60.58, -68.74);
insert into SURVEY values (9113, 8235, 'cloaca_resurvey', 'cloaca_resurvey.monatip.sistem_prima', 'Cloaca Maxima resurvey');
 insert into CENTRELINE values (9114, 9113, NULL, NULL, NULL, 0.00, 0.00, 0.00);
 insert into CENTRELINE values (9115, 9113, NULL, '2018-07-26', '2018-07-24', 158.52, 0.00, 57.67);
 insert into TOPO values (22, 9115);
 insert into TOPO values (28, 9115);
 insert into EXPLO values (17, 9115);
 insert into SHOT values (4336, 4434, 4435, 9115, 23.92, 150.03, 69.10, 23.92, 149.98, 69.10, 0.01, 74.04, 27.88);
insert into SHOT values (4337, 4434, 4436, 9115, 18.10, 221.13, 7.00, 18.09, 221.12, 7.02, 0.01, 71.05, 32.03);
insert into SHOT values (4338, 4434, 4437, 9115, 3.19, 304.13, 4.40, 3.19, 304.24, 4.49, 0.01, 27.28, 40.05);
insert into SHOT values (4339, 4434, 4438, 9115, 18.25, 45.83, 2.70, 18.25, 45.84, 2.70, 0.01, 120.80, 3.14);
insert into SHOT values (4340, 4434, 4439, 9115, 32.46, 62.33, 33.00, 32.42, 61.47, 35.81, 1.64, 265.30, 51.89);
insert into SHOT values (4341, 4439, 4440, 9115, 33.18, 63.33, 41.50, 33.18, 63.34, 41.50, 0.01, 141.42, 33.29);
insert into SHOT values (4342, 4439, 4441, 9115, 13.97, 358.93, -4.20, 13.97, 358.93, -4.19, 0.00, 93.10, 75.95);
insert into SHOT values (4343, 4439, 4442, 9115, 20.01, 350.73, 50.00, 20.01, 350.74, 50.01, 0.01, 148.84, 16.80);
insert into SHOT values (4344, 4439, 4443, 9115, 18.13, 198.13, 6.30, 18.13, 198.13, 6.30, 0.01, 219.60, 5.82);
insert into SHOT values (4345, 4439, 4444, 9115, 23.81, 246.43, -2.00, 23.81, 246.42, -2.00, 0.00, 181.82, 13.58);
insert into SHOT values (4346, 4439, 4445, 9115, 11.09, 297.33, -3.10, 11.09, 297.31, -3.10, 0.00, 209.50, -3.58);
insert into SHOT values (4347, 4439, 4446, 9115, 16.41, 286.33, -62.30, 16.41, 286.30, -62.31, 0.00, 174.59, -8.77);
insert into SHOT values (4348, 4439, 4447, 9115, 28.79, 219.43, -51.10, 28.80, 219.41, -51.10, 0.01, 158.72, -38.05);
insert into SHOT values (4349, 4439, 4448, 9115, 25.52, 258.63, -38.50, 25.52, 258.62, -38.51, 0.00, 179.19, -62.93);
insert into SHOT values (4350, 4439, 4449, 9115, 29.64, 58.83, 88.00, 29.81, 239.04, 89.89, 1.11, 238.84, 9.76);
insert into SHOT values (4351, 4439, 4449, 9115, 30.70, 57.03, 88.10, 29.81, 239.04, 89.89, 1.39, 237.14, -39.05);
insert into SHOT values (4352, 4439, 4449, 9115, 29.69, 57.63, 87.90, 29.81, 239.04, 89.89, 1.15, 237.70, 6.96);
insert into SHOT values (4353, 4439, 4450, 9115, 37.76, 49.73, 88.10, 37.76, 49.84, 88.09, 0.00, 81.50, 8.90);
insert into SHOT values (4354, 4439, 4449, 9115, 29.57, 57.53, 88.10, 29.81, 239.04, 89.89, 1.07, 237.61, 13.86);
insert into SHOT values (4355, 4449, 4451, 9115, 6.30, 3.13, 4.40, 6.30, 3.10, 4.46, 0.01, 232.45, 62.94);
insert into SHOT values (4356, 4449, 4452, 9115, 12.41, 358.73, 49.30, 12.41, 358.73, 49.31, 0.00, 207.50, 68.40);
insert into SHOT values (4357, 4449, 4453, 9115, 29.73, 309.83, 75.10, 29.73, 309.85, 75.10, 0.00, 12.37, -5.26);
insert into SHOT values (4358, 4449, 4454, 9115, 25.22, 241.23, 77.90, 25.22, 241.25, 77.91, 0.01, 40.16, 2.91);
insert into SHOT values (4359, 4449, 4455, 9115, 8.72, 198.43, 37.70, 8.71, 198.43, 37.71, 0.01, 9.49, -23.54);
insert into SHOT values (4360, 4449, 4456, 9115, 15.09, 233.33, 20.70, 15.09, 233.32, 20.72, 0.01, 72.77, 72.81);
insert into SHOT values (4361, 4449, 4457, 9115, 0.43, 266.03, 7.60, 0.43, 265.91, 8.11, 0.01, 95.19, 30.95);
insert into SHOT values (4362, 4449, 4458, 9115, 6.19, 210.33, -35.20, 6.19, 210.32, -35.25, 0.01, 34.36, -14.67);
insert into SHOT values (4363, 4449, 4459, 9115, 27.89, 323.73, -70.60, 27.88, 323.74, -70.59, 0.01, 32.57, 76.90);
insert into SHOT values (4364, 4449, 4460, 9115, 13.61, 306.03, -37.80, 13.61, 306.04, -37.78, 0.01, 329.12, 16.65);
insert into SHOT values (4365, 4449, 4461, 9115, 0.56, 114.33, 81.20, 0.57, 110.56, 81.33, 0.01, 20.08, 49.47);
insert into SHOT values (4366, 4449, 4462, 9115, 6.46, 126.43, 83.30, 6.47, 128.40, 84.00, 0.08, 289.82, 9.86);
insert into SHOT values (4367, 4462, 4463, 9115, 0.52, 299.63, 47.50, 0.52, 300.14, 46.67, 0.01, 323.85, -23.35);
insert into SHOT values (4368, 4462, 4464, 9115, 7.22, 84.03, 33.20, 7.22, 84.02, 33.17, 0.00, 44.46, -60.41);
insert into SHOT values (4369, 4462, 4465, 9115, 1.02, 41.03, 8.30, 1.02, 40.97, 8.48, 0.00, 240.71, 43.47);
insert into SHOT values (4370, 4462, 4466, 9115, 11.30, 277.53, -20.00, 11.30, 277.52, -20.02, 0.01, 250.65, -58.57);
insert into SHOT values (4371, 4462, 4467, 9115, 29.71, 280.83, -58.40, 29.71, 280.85, -58.40, 0.01, 4.86, -42.83);
insert into SHOT values (4372, 4462, 4468, 9115, 20.56, 316.83, -53.40, 20.56, 316.82, -53.40, 0.00, 269.95, -55.04);
insert into SHOT values (4373, 4462, 4469, 9115, 44.21, 281.13, -71.50, 44.21, 281.14, -71.51, 0.01, 58.06, -42.21);
insert into SHOT values (4374, 4462, 4470, 9115, 2.71, 107.53, 18.20, 2.63, 108.00, 18.42, 0.09, 273.59, -10.93);
insert into SHOT_FLAG values(4374, 'dpl');
insert into SHOT values (4375, 4470, 4471, 9115, 0.43, 195.33, 6.70, 0.43, 196.31, 6.68, 0.01, 284.75, -1.31);
insert into SHOT_FLAG values(4375, 'dpl');
insert into SHOT values (4376, 4470, 4472, 9115, 1.32, 294.23, 13.00, 1.33, 294.19, 13.06, 0.01, 287.24, 22.37);
insert into SHOT_FLAG values(4376, 'dpl');
insert into SHOT values (4377, 4470, 4473, 9115, 14.32, 286.03, -21.20, 14.33, 286.03, -21.19, 0.01, 295.43, -9.74);
insert into SHOT_FLAG values(4377, 'dpl');
insert into SHOT values (4378, 4470, 4474, 9115, 15.52, 288.33, -29.80, 15.52, 288.34, -29.78, 0.01, 313.20, 22.16);
insert into SHOT_FLAG values(4378, 'dpl');
insert into SHOT values (4379, 4470, 4475, 9115, 2.28, 273.93, -20.40, 2.29, 274.01, -20.22, 0.01, 294.35, 28.33);
insert into SHOT_FLAG values(4379, 'dpl');
insert into SHOT values (4380, 4470, 4476, 9115, 2.36, 303.63, -17.80, 2.36, 303.76, -17.75, 0.01, 10.08, 14.17);
insert into SHOT_FLAG values(4380, 'dpl');
insert into SHOT values (4381, 4470, 4477, 9115, 2.42, 340.63, 24.80, 2.42, 340.57, 24.92, 0.01, 207.95, 60.70);
insert into SHOT_FLAG values(4381, 'dpl');
insert into SHOT values (4382, 4470, 4478, 9115, 1.34, 354.03, 46.90, 1.34, 353.73, 46.95, 0.01, 262.57, 18.35);
insert into SHOT_FLAG values(4382, 'dpl');
insert into SHOT values (4383, 4470, 4479, 9115, 5.47, 65.33, 40.70, 5.47, 65.29, 40.78, 0.01, 262.65, 19.61);
insert into SHOT_FLAG values(4383, 'dpl');
insert into SHOT values (4384, 4470, 4480, 9115, 4.19, 51.43, 51.70, 4.19, 51.41, 51.71, 0.00, 341.05, 63.65);
insert into SHOT_FLAG values(4384, 'dpl');
insert into SHOT values (4385, 4470, 4481, 9115, 2.92, 41.93, 18.90, 2.92, 41.77, 18.98, 0.01, 308.29, 28.89);
insert into SHOT_FLAG values(4385, 'dpl');
insert into SHOT values (4386, 4470, 4482, 9115, 0.44, 25.03, 13.40, 0.44, 24.78, 13.11, 0.00, 333.61, -39.13);
insert into SHOT_FLAG values(4386, 'dpl');
insert into SHOT values (4387, 4470, 4483, 9115, 5.57, 60.03, 45.60, 5.50, 59.71, 46.50, 0.11, 250.78, 5.29);
insert into SHOT_FLAG values(4387, 'dpl');
insert into SHOT values (4388, 4483, 4484, 9115, 0.73, 224.03, -10.20, 0.73, 223.30, -10.31, 0.01, 110.13, -4.19);
insert into SHOT_FLAG values(4388, 'dpl');
insert into SHOT values (4389, 4483, 4485, 9115, 1.90, 196.13, 26.40, 1.89, 196.08, 26.34, 0.01, 29.26, -40.69);
insert into SHOT_FLAG values(4389, 'dpl');
insert into SHOT values (4390, 4483, 4486, 9115, 1.08, 170.13, 82.10, 1.08, 168.69, 81.86, 0.01, 129.56, 2.42);
insert into SHOT_FLAG values(4390, 'dpl');
insert into SHOT values (4391, 4483, 4487, 9115, 2.73, 37.73, 14.30, 2.73, 37.78, 14.22, 0.01, 151.77, -58.38);
insert into SHOT_FLAG values(4391, 'dpl');
insert into SHOT values (4392, 4483, 4488, 9115, 2.41, 50.83, -32.00, 2.41, 50.95, -32.01, 0.01, 100.00, -27.18);
insert into SHOT_FLAG values(4392, 'dpl');
insert into SHOT values (4393, 4483, 4489, 9115, 5.76, 252.23, -58.20, 5.76, 252.16, -58.22, 0.01, 173.35, -52.49);
insert into SHOT_FLAG values(4393, 'dpl');
insert into SHOT values (4394, 4483, 4490, 9115, 3.99, 257.63, -39.70, 3.98, 257.55, -39.79, 0.01, 104.48, -8.42);
insert into SHOT_FLAG values(4394, 'dpl');
insert into SHOT values (4395, 4483, 4491, 9115, 30.07, 258.83, -43.50, 30.07, 258.81, -43.51, 0.01, 112.79, -7.17);
insert into SHOT_FLAG values(4395, 'dpl');
insert into SHOT values (4396, 4483, 4492, 9115, 2.28, 134.53, 9.40, 2.29, 134.46, 9.31, 0.01, 112.29, -19.06);
insert into SHOT_FLAG values(4396, 'dpl');
insert into SHOT values (4397, 4483, 4493, 9115, 2.93, 106.43, 5.00, 2.84, 106.83, 5.05, 0.09, 273.48, -3.42);
insert into SHOT_FLAG values(4397, 'dpl');
insert into SHOT values (4398, 4493, 4494, 9115, 0.48, 112.53, 57.40, 0.49, 112.62, 57.62, 0.01, 129.31, 75.53);
insert into SHOT_FLAG values(4398, 'dpl');
insert into SHOT values (4399, 4493, 4495, 9115, 0.68, 162.63, 21.10, 0.69, 162.70, 21.37, 0.01, 172.75, 48.72);
insert into SHOT_FLAG values(4399, 'dpl');
insert into SHOT values (4400, 4493, 4496, 9115, 0.78, 342.73, -0.60, 0.77, 342.73, 0.00, 0.01, 161.70, 58.33);
insert into SHOT_FLAG values(4400, 'dpl');
insert into SHOT values (4401, 4493, 4497, 9115, 0.49, 350.63, -36.30, 0.49, 351.25, -36.31, 0.00, 85.13, 1.14);
insert into SHOT_FLAG values(4401, 'dpl');
insert into SHOT values (4402, 4493, 4498, 9115, 2.13, 69.03, 12.60, 2.13, 69.12, 12.75, 0.01, 193.92, 52.36);
insert into SHOT_FLAG values(4402, 'dpl');
insert into SHOT values (4403, 4493, 4499, 9115, 2.36, 264.43, 13.10, 2.36, 264.26, 13.20, 0.01, 198.54, 35.45);
insert into SHOT_FLAG values(4403, 'dpl');
insert into SHOT values (4404, 4493, 4500, 9115, 5.04, 28.83, 7.20, 4.96, 28.13, 7.41, 0.10, 245.95, 4.77);
insert into SHOT_FLAG values(4404, 'dpl');
insert into SHOT values (4405, 4500, 4501, 9115, 0.24, 338.63, 50.60, 0.24, 336.80, 51.28, 0.01, 247.48, 43.11);
insert into SHOT_FLAG values(4405, 'dpl');
insert into SHOT values (4406, 4500, 4502, 9115, 1.64, 260.53, -4.50, 1.64, 260.48, -4.55, 0.00, 109.33, -25.28);
insert into SHOT_FLAG values(4406, 'dpl');
insert into SHOT values (4407, 4500, 4503, 9115, 1.67, 305.73, 12.20, 1.67, 305.54, 12.09, 0.01, 237.37, -26.56);
insert into SHOT_FLAG values(4407, 'dpl');
insert into SHOT values (4408, 4500, 4504, 9115, 1.39, 157.63, 6.20, 1.39, 157.89, 6.20, 0.01, 250.26, -1.07);
insert into SHOT_FLAG values(4408, 'dpl');
insert into SHOT values (4409, 4500, 4505, 9115, 2.46, 175.43, -10.10, 2.46, 175.49, -10.09, 0.01, 323.60, 15.15);
insert into SHOT_FLAG values(4409, 'dpl');
insert into SHOT values (4410, 4500, 4506, 9115, 1.20, 193.13, -5.10, 1.20, 193.10, -5.28, 0.01, 20.03, -37.91);
insert into SHOT_FLAG values(4410, 'dpl');
insert into SHOT values (4411, 4500, 4507, 9115, 4.35, 344.53, 8.80, 4.35, 344.48, 8.86, 0.01, 226.72, 45.88);
insert into SHOT_FLAG values(4411, 'dpl');
insert into SHOT values (4412, 4500, 4508, 9115, 2.71, 342.93, 7.20, 2.72, 341.83, 7.19, 0.05, 258.67, 0.38);
insert into SHOT_FLAG values(4412, 'dpl');
insert into SHOT values (4413, 4508, 4509, 9115, 2.45, 35.13, 14.50, 2.45, 35.23, 14.63, 0.01, 89.61, 51.75);
insert into SHOT_FLAG values(4413, 'dpl');
insert into SHOT values (4414, 4508, 4510, 9115, 1.73, 71.33, 64.40, 1.73, 71.32, 64.34, 0.00, 69.72, -4.97);
insert into SHOT_FLAG values(4414, 'dpl');
insert into SHOT values (4415, 4508, 4511, 9115, 0.75, 219.03, 63.90, 0.75, 217.57, 64.25, 0.01, 115.32, 37.01);
insert into SHOT_FLAG values(4415, 'dpl');
insert into SHOT values (4416, 4508, 4512, 9115, 1.40, 260.83, 3.60, 1.40, 260.94, 3.68, 0.00, 347.02, 36.76);
insert into SHOT_FLAG values(4416, 'dpl');
insert into SHOT values (4417, 4508, 4513, 9115, 0.59, 307.33, 15.60, 0.59, 307.87, 15.68, 0.01, 19.08, 13.12);
insert into SHOT_FLAG values(4417, 'dpl');
insert into SHOT values (4418, 4508, 4514, 9115, 0.19, 47.33, -78.50, 0.18, 45.00, -76.74, 0.01, 26.43, 52.02);
insert into SHOT_FLAG values(4418, 'dpl');
insert into SHOT values (4419, 4508, 4515, 9115, 4.55, 169.33, -9.30, 4.55, 169.22, -9.24, 0.01, 73.37, 31.03);
insert into SHOT_FLAG values(4419, 'dpl');
insert into SHOT values (4420, 4508, 4516, 9115, 2.63, 104.73, 23.50, 2.64, 104.61, 23.47, 0.01, 66.86, 9.14);
insert into SHOT_FLAG values(4420, 'dpl');
insert into SHOT values (4421, 4508, 4517, 9115, 4.87, 94.03, 15.00, 4.88, 94.02, 15.09, 0.01, 87.04, 51.61);
insert into SHOT_FLAG values(4421, 'dpl');
insert into SHOT values (4422, 4508, 4518, 9115, 7.84, 83.43, 12.90, 7.80, 83.65, 13.26, 0.07, 230.35, 36.12);
insert into SHOT_FLAG values(4422, 'dpl');
insert into SHOT values (4423, 4508, 4518, 9115, 8.04, 83.43, 12.90, 7.80, 83.65, 13.26, 0.24, 256.39, -1.17);
insert into SHOT_FLAG values(4423, 'dpl');
insert into SHOT values (4424, 4508, 4518, 9115, 7.83, 83.43, 12.80, 7.80, 83.65, 13.26, 0.07, 226.06, 48.48);
insert into SHOT_FLAG values(4424, 'dpl');
insert into SHOT values (4425, 4518, 4519, 9115, 2.13, 77.23, 19.60, 2.14, 77.07, 19.70, 0.01, 25.68, 37.77);
insert into SHOT_FLAG values(4425, 'dpl');
insert into SHOT values (4426, 4518, 4520, 9115, 1.37, 27.13, 29.10, 1.38, 27.20, 29.11, 0.01, 42.09, 30.88);
insert into SHOT_FLAG values(4426, 'dpl');
insert into SHOT values (4427, 4518, 4521, 9115, 0.86, 5.93, 58.40, 0.87, 6.34, 58.54, 0.01, 62.78, 62.60);
insert into SHOT_FLAG values(4427, 'dpl');
insert into SHOT values (4428, 4518, 4522, 9115, 1.98, 341.83, 12.20, 1.98, 341.94, 12.24, 0.00, 70.80, 22.62);
insert into SHOT_FLAG values(4428, 'dpl');
insert into SHOT values (4429, 4518, 4523, 9115, 1.47, 309.63, 15.80, 1.48, 309.86, 16.11, 0.01, 355.84, 51.02);
insert into SHOT_FLAG values(4429, 'dpl');
insert into SHOT values (4430, 4518, 4524, 9115, 1.66, 271.03, -5.30, 1.66, 271.04, -5.19, 0.00, 82.23, 51.41);
insert into SHOT_FLAG values(4430, 'dpl');
insert into SHOT values (4431, 4518, 4525, 9115, 3.88, 260.03, -17.40, 3.88, 260.05, -17.38, 0.00, 288.61, 4.32);
insert into SHOT_FLAG values(4431, 'dpl');
insert into SHOT values (4432, 4518, 4526, 9115, 2.78, 249.73, -26.40, 2.78, 249.82, -26.26, 0.01, 303.66, 50.55);
insert into SHOT_FLAG values(4432, 'dpl');
insert into SHOT values (4433, 4518, 4527, 9115, 4.95, 337.23, 23.50, 4.97, 336.31, 23.60, 0.08, 257.93, 12.25);
insert into SHOT_FLAG values(4433, 'dpl');
insert into SHOT values (4434, 4527, 4528, 9115, 1.21, 118.33, 35.90, 1.21, 118.14, 36.05, 0.01, 331.39, 4.82);
insert into SHOT_FLAG values(4434, 'dpl');
insert into SHOT values (4435, 4527, 4529, 9115, 0.56, 143.23, 64.00, 0.56, 145.01, 63.98, 0.01, 244.23, -23.28);
insert into SHOT_FLAG values(4435, 'dpl');
insert into SHOT values (4436, 4527, 4530, 9115, 0.65, 56.43, -56.60, 0.65, 55.41, -57.36, 0.01, 284.71, -41.18);
insert into SHOT_FLAG values(4436, 'dpl');
insert into SHOT values (4437, 4527, 4531, 9115, 0.50, 62.23, 20.60, 0.50, 61.78, 20.07, 0.01, 294.97, -52.53);
insert into SHOT_FLAG values(4437, 'dpl');
insert into SHOT values (4438, 4527, 4532, 9115, 1.38, 126.23, 12.70, 1.37, 126.18, 12.64, 0.01, 313.21, -22.44);
insert into SHOT_FLAG values(4438, 'dpl');
insert into SHOT values (4439, 4527, 4533, 9115, 2.23, 92.53, 18.90, 2.22, 92.45, 18.91, 0.01, 291.49, -15.73);
insert into SHOT_FLAG values(4439, 'dpl');
insert into SHOT values (4440, 4527, 4534, 9115, 0.90, 173.13, -13.00, 0.90, 173.44, -13.48, 0.01, 277.30, -56.60);
insert into SHOT_FLAG values(4440, 'dpl');
insert into SHOT values (4441, 4527, 4535, 9115, 2.59, 160.33, -21.50, 2.59, 160.36, -21.51, 0.00, 234.82, -26.72);
insert into SHOT_FLAG values(4441, 'dpl');
insert into SHOT values (4442, 4527, 4536, 9115, 5.23, 167.33, -26.50, 5.23, 167.42, -26.55, 0.01, 242.69, -39.84);
insert into SHOT_FLAG values(4442, 'dpl');
insert into SHOT values (4443, 4527, 4537, 9115, 3.17, 100.43, -1.60, 3.07, 100.91, -1.68, 0.11, 266.51, -0.80);
insert into SHOT_FLAG values(4443, 'dpl');
insert into SHOT values (4444, 4537, 4538, 9115, 3.34, 110.63, 79.50, 3.35, 110.22, 79.54, 0.01, 4.58, 53.16);
insert into SHOT_FLAG values(4444, 'dpl');
insert into SHOT values (4445, 4537, 4539, 9115, 16.85, 60.83, 54.90, 16.86, 60.79, 54.90, 0.01, 1.04, 29.89);
insert into SHOT_FLAG values(4445, 'dpl');
insert into SHOT values (4446, 4537, 4540, 9115, 14.11, 98.13, 49.10, 14.12, 98.09, 49.10, 0.01, 35.84, 33.16);
insert into SHOT_FLAG values(4446, 'dpl');
insert into SHOT values (4447, 4537, 4541, 9115, 12.92, 13.23, 31.60, 12.93, 13.23, 31.58, 0.01, 14.78, 0.74);
insert into SHOT_FLAG values(4447, 'dpl');
insert into SHOT values (4448, 4537, 4542, 9115, 10.76, 350.03, 15.70, 10.77, 350.06, 15.73, 0.01, 25.86, 43.37);
insert into SHOT_FLAG values(4448, 'dpl');
insert into SHOT values (4449, 4537, 4543, 9115, 3.66, 28.73, 68.10, 3.67, 28.81, 68.06, 0.01, 53.13, 40.52);
insert into SHOT_FLAG values(4449, 'dpl');
insert into SHOT values (4450, 4537, 4544, 9115, 0.82, 249.23, 58.20, 0.82, 249.44, 58.60, 0.01, 51.02, 30.87);
insert into SHOT_FLAG values(4450, 'dpl');
insert into SHOT values (4451, 4537, 4545, 9115, 3.42, 262.63, -7.20, 3.41, 262.71, -7.07, 0.01, 42.73, 49.64);
insert into SHOT_FLAG values(4451, 'dpl');
insert into SHOT values (4452, 4537, 4546, 9115, 0.97, 256.13, -2.80, 0.97, 256.25, -2.37, 0.01, 14.26, 72.24);
insert into SHOT_FLAG values(4452, 'dpl');
insert into SHOT values (4453, 4537, 4547, 9115, 1.15, 289.33, 5.00, 1.15, 289.38, 4.99, 0.00, 51.71, -9.64);
insert into SHOT_FLAG values(4453, 'dpl');
insert into SHOT values (4454, 4537, 4548, 9115, 0.76, 342.53, -63.40, 0.76, 343.14, -63.11, 0.01, 21.91, -4.35);
insert into SHOT_FLAG values(4454, 'dpl');
insert into SHOT values (4455, 4537, 4549, 9115, 6.88, 66.23, 7.30, 6.78, 66.03, 7.54, 0.11, 258.77, 8.38);
insert into SHOT_FLAG values(4455, 'dpl');
insert into SURVEY values (9117, 8235, 'alkatraz_disto_resurvey', 'alkatraz_disto_resurvey.monatip.sistem_prima', 'alkatraz_disto_resurvey');
 insert into CENTRELINE values (9118, 9117, NULL, NULL, NULL, 0.00, 0.00, 0.00);
 insert into SCRAPS values (9119, 9117, 'alkatraz_disto_resurvey-1p', 1);
 insert into SCRAPS values (9279, 9117, 'alkatraz_disto_resurvey-2p', 1);
 insert into MAPS values (9318, 9117, 'malkatraz_disto_resurvey-p', NULL, 1, 0.000, 51.620);
 insert into MAPITEMS values (9318, 4, 9320);
 insert into MAPITEMS values (9318, 4, 9319);
 insert into MAPS values (9319, 9117, 'malkatraz_disto_resurvey-p1', NULL, 1, 0.000, 51.620);
 insert into MAPITEMS values (9319, 4, 9119);
 insert into MAPS values (9320, 9117, 'malkatraz_disto_resurvey-p2', NULL, 1, 0.000, 51.620);
 insert into MAPITEMS values (9320, 4, 9279);
 insert into CENTRELINE values (9322, 9117, NULL, '2018-07-21', NULL, 0.00, 0.00, 120.38);
 insert into SHOT values (4456, 4550, 4551, 9322, 11.74, 19.63, -1.10, 11.75, 19.65, -1.07, 0.01, 61.76, 32.11);
insert into SHOT_FLAG values(4456, 'dpl');
insert into SHOT values (4457, 4550, 4552, 9322, 6.45, 8.73, 2.90, 6.45, 8.75, 2.93, 0.01, 44.33, 43.01);
insert into SHOT_FLAG values(4457, 'dpl');
insert into SHOT values (4458, 4550, 4553, 9322, 8.48, 16.13, 2.30, 8.48, 16.17, 2.30, 0.01, 88.14, -2.75);
insert into SHOT_FLAG values(4458, 'dpl');
insert into SHOT values (4459, 4550, 4554, 9322, 12.83, 24.13, 4.70, 12.83, 24.14, 4.69, 0.00, 88.86, -20.03);
insert into SHOT_FLAG values(4459, 'dpl');
insert into SHOT values (4460, 4550, 4555, 9322, 17.42, 30.43, 5.30, 17.43, 30.44, 5.30, 0.01, 61.34, 7.72);
insert into SHOT_FLAG values(4460, 'dpl');
insert into SHOT values (4461, 4550, 4556, 9322, 19.56, 36.43, 5.60, 19.56, 36.43, 5.60, 0.00, 162.37, 19.79);
insert into SHOT_FLAG values(4461, 'dpl');
insert into SHOT values (4462, 4550, 4557, 9322, 22.63, 38.73, 7.50, 22.63, 38.74, 7.52, 0.01, 133.52, 48.79);
insert into SHOT_FLAG values(4462, 'dpl');
insert into SHOT values (4463, 4550, 4558, 9322, 23.42, 40.13, 9.70, 23.42, 40.13, 9.71, 0.00, 125.12, 54.15);
insert into SHOT_FLAG values(4463, 'dpl');
insert into SHOT values (4464, 4550, 4559, 9322, 29.29, 46.33, 10.10, 29.29, 46.33, 10.11, 0.01, 130.44, 37.43);
insert into SHOT_FLAG values(4464, 'dpl');
insert into SHOT values (4465, 4550, 4560, 9322, 33.56, 54.93, 13.70, 33.57, 54.93, 13.70, 0.01, 55.72, 14.07);
insert into SHOT_FLAG values(4465, 'dpl');
insert into SHOT values (4466, 4550, 4561, 9322, 32.94, 61.13, 15.00, 32.95, 61.12, 15.00, 0.01, 54.47, 24.85);
insert into SHOT_FLAG values(4466, 'dpl');
insert into SHOT values (4467, 4550, 4562, 9322, 25.48, 66.13, 14.70, 25.49, 66.12, 14.71, 0.01, 29.34, 36.39);
insert into SHOT_FLAG values(4467, 'dpl');
insert into SHOT values (4468, 4550, 4563, 9322, 25.09, 73.83, 11.80, 25.09, 73.83, 11.80, 0.00, 120.26, -16.73);
insert into SHOT_FLAG values(4468, 'dpl');
insert into SHOT values (4469, 4550, 4564, 9322, 24.07, 81.33, 10.30, 24.08, 81.33, 10.31, 0.01, 100.63, 34.93);
insert into SHOT_FLAG values(4469, 'dpl');
insert into SHOT values (4470, 4550, 4565, 9322, 24.72, 85.13, 9.00, 24.72, 85.11, 9.01, 0.01, 25.92, 25.95);
insert into SHOT_FLAG values(4470, 'dpl');
insert into SHOT values (4471, 4550, 4566, 9322, 22.88, 93.93, 7.80, 22.89, 93.92, 7.81, 0.01, 68.06, 42.55);
insert into SHOT_FLAG values(4471, 'dpl');
insert into SHOT values (4472, 4550, 4567, 9322, 19.46, 100.03, 8.30, 19.47, 100.01, 8.30, 0.01, 73.53, 5.76);
insert into SHOT_FLAG values(4472, 'dpl');
insert into SHOT values (4473, 4550, 4568, 9322, 19.42, 108.33, 7.70, 19.42, 108.32, 7.72, 0.01, 49.30, 79.45);
insert into SHOT_FLAG values(4473, 'dpl');
insert into SHOT values (4474, 4550, 4569, 9322, 19.62, 114.03, 8.00, 19.62, 114.02, 8.00, 0.00, 83.34, -7.71);
insert into SHOT_FLAG values(4474, 'dpl');
insert into SHOT values (4475, 4550, 4570, 9322, 18.51, 119.73, 9.00, 18.51, 119.71, 9.01, 0.01, 35.27, 34.77);
insert into SHOT_FLAG values(4475, 'dpl');
insert into SHOT values (4476, 4550, 4571, 9322, 19.51, 129.73, 9.70, 19.52, 129.71, 9.70, 0.01, 84.71, 16.79);
insert into SHOT_FLAG values(4476, 'dpl');
insert into SHOT values (4477, 4550, 4572, 9322, 20.31, 140.13, 8.60, 20.31, 140.11, 8.61, 0.01, 72.75, 26.73);
insert into SHOT_FLAG values(4477, 'dpl');
insert into SHOT values (4478, 4550, 4573, 9322, 19.21, 150.13, 8.70, 19.21, 150.11, 8.71, 0.01, 15.96, 35.68);
insert into SHOT_FLAG values(4478, 'dpl');
insert into SHOT values (4479, 4550, 4574, 9322, 22.17, 165.93, 4.60, 22.17, 165.91, 4.61, 0.01, 49.41, 13.93);
insert into SHOT_FLAG values(4479, 'dpl');
insert into SHOT values (4480, 4550, 4575, 9322, 23.57, 177.63, 4.50, 23.57, 177.61, 4.50, 0.01, 113.22, 5.72);
insert into SHOT_FLAG values(4480, 'dpl');
insert into SHOT values (4481, 4550, 4576, 9322, 21.90, 185.53, 3.30, 21.90, 185.51, 3.30, 0.01, 68.64, -6.50);
insert into SHOT_FLAG values(4481, 'dpl');
insert into SHOT values (4482, 4550, 4577, 9322, 20.01, 192.23, 2.30, 20.01, 192.21, 2.32, 0.01, 83.81, 60.02);
insert into SHOT_FLAG values(4482, 'dpl');
insert into SHOT values (4483, 4550, 4578, 9322, 19.46, 200.83, 1.10, 19.45, 200.81, 1.12, 0.01, 54.26, 35.55);
insert into SHOT_FLAG values(4483, 'dpl');
insert into SHOT values (4484, 4550, 4579, 9322, 18.48, 207.53, 1.80, 18.48, 207.51, 1.80, 0.01, 89.69, -4.29);
insert into SHOT_FLAG values(4484, 'dpl');
insert into SHOT values (4485, 4550, 4580, 9322, 18.97, 212.13, 4.90, 18.97, 212.12, 4.90, 0.00, 163.51, -5.87);
insert into SHOT_FLAG values(4485, 'dpl');
insert into SHOT values (4486, 4550, 4581, 9322, 10.96, 237.83, 7.30, 10.96, 237.82, 7.34, 0.01, 124.03, 74.37);
insert into SHOT_FLAG values(4486, 'dpl');
insert into SHOT values (4487, 4550, 4582, 9322, 9.91, 247.03, 13.30, 9.90, 247.03, 13.31, 0.01, 65.04, 1.17);
insert into SHOT_FLAG values(4487, 'dpl');
insert into SHOT values (4488, 4550, 4583, 9322, 7.93, 255.63, 13.40, 7.93, 255.66, 13.42, 0.01, 27.39, 21.45);
insert into SHOT_FLAG values(4488, 'dpl');
insert into SHOT values (4489, 4550, 4584, 9322, 7.38, 264.03, 15.90, 7.37, 264.01, 15.98, 0.01, 97.94, 41.67);
insert into SHOT_FLAG values(4489, 'dpl');
insert into SHOT values (4490, 4550, 4585, 9322, 6.93, 273.93, 19.10, 6.93, 273.94, 19.13, 0.00, 62.02, 33.88);
insert into SHOT_FLAG values(4490, 'dpl');
insert into SHOT values (4491, 4550, 4586, 9322, 7.16, 283.73, 21.50, 7.16, 283.72, 21.55, 0.01, 113.66, 73.91);
insert into SHOT_FLAG values(4491, 'dpl');
insert into SHOT values (4492, 4550, 4587, 9322, 8.59, 303.63, 27.20, 8.59, 303.63, 27.23, 0.00, 115.95, 61.99);
insert into SHOT_FLAG values(4492, 'dpl');
insert into SHOT values (4493, 4550, 4588, 9322, 11.83, 325.53, 31.30, 11.83, 325.52, 31.33, 0.01, 151.90, 49.81);
insert into SHOT_FLAG values(4493, 'dpl');
insert into SHOT values (4494, 4550, 4589, 9322, 11.57, 336.03, 32.60, 11.58, 336.04, 32.62, 0.01, 8.04, 59.60);
insert into SHOT_FLAG values(4494, 'dpl');
insert into SHOT values (4495, 4550, 4590, 9322, 8.85, 344.63, 32.00, 8.85, 344.63, 31.99, 0.00, 356.64, 3.66);
insert into SHOT_FLAG values(4495, 'dpl');
insert into SHOT values (4496, 4550, 4591, 9322, 11.48, 0.43, 34.10, 11.49, 0.48, 34.10, 0.01, 66.19, 20.69);
insert into SHOT_FLAG values(4496, 'dpl');
insert into SHOT values (4497, 4550, 4592, 9322, 9.08, 8.33, 30.40, 9.08, 8.37, 30.42, 0.01, 81.28, 40.80);
insert into SHOT_FLAG values(4497, 'dpl');
insert into SHOT values (4498, 4550, 4593, 9322, 8.73, 13.83, 20.40, 8.74, 13.85, 20.43, 0.01, 45.20, 46.86);
insert into SHOT_FLAG values(4498, 'dpl');
insert into SHOT values (4499, 4550, 4594, 9322, 16.26, 48.03, 2.50, 16.27, 48.02, 2.50, 0.01, 28.27, 6.57);
insert into SHOT_FLAG values(4499, 'dpl');
insert into SHOT values (4500, 4550, 4595, 9322, 21.65, 46.93, 10.50, 21.65, 46.92, 10.51, 0.00, 4.76, 68.30);
insert into SHOT_FLAG values(4500, 'dpl');
insert into SHOT values (4501, 4550, 4596, 9322, 36.69, 46.23, 17.60, 36.70, 46.23, 17.60, 0.01, 53.87, 33.77);
insert into SHOT_FLAG values(4501, 'dpl');
insert into SHOT values (4502, 4550, 4597, 9322, 31.37, 44.13, 28.40, 31.38, 44.13, 28.39, 0.01, 73.65, -2.37);
insert into SHOT_FLAG values(4502, 'dpl');
insert into SHOT values (4503, 4550, 4598, 9322, 33.10, 41.93, 35.60, 33.10, 41.94, 35.60, 0.01, 119.35, 11.84);
insert into SHOT_FLAG values(4503, 'dpl');
insert into SHOT values (4504, 4550, 4599, 9322, 36.72, 43.53, 41.60, 36.73, 43.54, 41.59, 0.01, 87.91, 3.82);
insert into SHOT_FLAG values(4504, 'dpl');
insert into SHOT values (4505, 4550, 4600, 9322, 42.61, 67.53, 66.10, 42.62, 67.53, 66.09, 0.01, 83.74, 24.27);
insert into SHOT_FLAG values(4505, 'dpl');
insert into SHOT values (4506, 4550, 4601, 9322, 27.76, 66.13, 68.30, 27.77, 66.11, 68.29, 0.01, 35.17, 45.84);
insert into SHOT_FLAG values(4506, 'dpl');
insert into SHOT values (4507, 4550, 4602, 9322, 24.48, 74.53, 72.00, 24.49, 74.53, 71.98, 0.01, 79.88, 40.19);
insert into SHOT_FLAG values(4507, 'dpl');
insert into SHOT values (4508, 4550, 4603, 9322, 23.94, 81.93, 74.20, 23.95, 81.89, 74.19, 0.01, 54.43, 30.45);
insert into SHOT_FLAG values(4508, 'dpl');
insert into SHOT values (4509, 4550, 4604, 9322, 23.49, 90.43, 75.70, 23.50, 90.39, 75.69, 0.01, 69.09, 41.86);
insert into SHOT_FLAG values(4509, 'dpl');
insert into SHOT values (4510, 4550, 4605, 9322, 23.20, 102.93, 76.40, 23.20, 102.92, 76.39, 0.00, 84.41, 9.71);
insert into SHOT_FLAG values(4510, 'dpl');
insert into SHOT values (4511, 4550, 4606, 9322, 23.14, 112.53, 77.70, 23.14, 112.51, 77.68, 0.01, 102.91, 9.82);
insert into SHOT_FLAG values(4511, 'dpl');
insert into SHOT values (4512, 4550, 4607, 9322, 23.22, 118.63, 76.00, 23.22, 118.57, 75.98, 0.01, 82.36, -1.65);
insert into SHOT_FLAG values(4512, 'dpl');
insert into SHOT values (4513, 4550, 4608, 9322, 26.45, 126.63, 75.80, 26.46, 126.61, 75.80, 0.01, 72.35, 70.51);
insert into SHOT_FLAG values(4513, 'dpl');
insert into SHOT values (4514, 4550, 4609, 9322, 26.43, 131.43, 76.90, 26.44, 131.35, 76.90, 0.01, 66.96, 40.83);
insert into SHOT_FLAG values(4514, 'dpl');
insert into SHOT values (4515, 4550, 4610, 9322, 27.58, 161.33, 78.70, 27.58, 161.33, 78.70, 0.00, 228.43, 84.22);
insert into SHOT_FLAG values(4515, 'dpl');
insert into SHOT values (4516, 4550, 4611, 9322, 23.56, 183.43, 76.30, 23.56, 183.39, 76.30, 0.00, 91.07, 5.04);
insert into SHOT_FLAG values(4516, 'dpl');
insert into SHOT values (4517, 4550, 4612, 9322, 22.49, 199.33, 73.90, 22.49, 199.31, 73.92, 0.01, 36.66, 17.22);
insert into SHOT_FLAG values(4517, 'dpl');
insert into SHOT values (4518, 4550, 4613, 9322, 21.66, 210.23, 70.70, 21.66, 210.22, 70.72, 0.01, 34.33, 46.63);
insert into SHOT_FLAG values(4518, 'dpl');
insert into SHOT values (4519, 4550, 4614, 9322, 19.91, 220.03, 66.50, 19.91, 219.99, 66.51, 0.01, 95.79, 12.70);
insert into SHOT_FLAG values(4519, 'dpl');
insert into SHOT values (4520, 4550, 4615, 9322, 18.03, 224.13, 62.90, 18.02, 224.11, 62.93, 0.01, 56.01, -2.99);
insert into SHOT_FLAG values(4520, 'dpl');
insert into SHOT values (4521, 4550, 4616, 9322, 18.15, 225.93, 59.40, 18.15, 225.88, 59.42, 0.01, 113.58, 41.75);
insert into SHOT_FLAG values(4521, 'dpl');
insert into SHOT values (4522, 4550, 4617, 9322, 19.20, 227.53, 54.10, 19.20, 227.52, 54.12, 0.01, 59.81, 57.62);
insert into SHOT_FLAG values(4522, 'dpl');
insert into SHOT values (4523, 4550, 4618, 9322, 19.31, 230.23, 48.40, 19.31, 230.22, 48.41, 0.00, 59.06, 0.27);
insert into SHOT_FLAG values(4523, 'dpl');
insert into SHOT values (4524, 4550, 4619, 9322, 18.54, 229.53, 43.00, 18.54, 229.52, 43.02, 0.01, 72.59, 50.45);
insert into SHOT_FLAG values(4524, 'dpl');
insert into SHOT values (4525, 4550, 4620, 9322, 16.22, 229.13, 36.70, 16.22, 229.12, 36.72, 0.01, 84.35, 61.29);
insert into SHOT_FLAG values(4525, 'dpl');
insert into SHOT values (4526, 4550, 4621, 9322, 16.15, 230.03, 30.20, 16.15, 230.00, 30.22, 0.01, 112.94, 41.37);
insert into SHOT_FLAG values(4526, 'dpl');
insert into SHOT values (4527, 4550, 4622, 9322, 16.00, 231.53, 22.90, 16.00, 231.50, 22.92, 0.01, 89.79, 24.14);
insert into SHOT_FLAG values(4527, 'dpl');
insert into SHOT values (4528, 4550, 4623, 9322, 17.53, 230.53, 16.20, 17.53, 230.52, 16.20, 0.00, 66.59, -8.66);
insert into SHOT_FLAG values(4528, 'dpl');
insert into SHOT values (4529, 4550, 4624, 9322, 22.25, 160.53, 8.60, 22.25, 160.51, 8.61, 0.01, 77.46, 26.18);
insert into SHOT_FLAG values(4529, 'dpl');
insert into SHOT values (4530, 4550, 4625, 9322, 21.43, 161.03, 16.00, 21.43, 161.02, 16.01, 0.00, 75.54, 54.81);
insert into SHOT_FLAG values(4530, 'dpl');
insert into SHOT values (4531, 4550, 4626, 9322, 21.08, 161.53, 22.30, 21.08, 161.53, 22.30, 0.00, 187.05, 32.42);
insert into SHOT_FLAG values(4531, 'dpl');
insert into SHOT values (4532, 4550, 4627, 9322, 21.24, 161.33, 27.20, 21.24, 161.33, 27.20, 0.00, 158.93, 19.14);
insert into SHOT_FLAG values(4532, 'dpl');
insert into SHOT values (4533, 4550, 4628, 9322, 21.77, 161.33, 32.60, 21.77, 161.30, 32.60, 0.01, 58.87, 6.08);
insert into SHOT_FLAG values(4533, 'dpl');
insert into SHOT values (4534, 4550, 4629, 9322, 22.65, 161.23, 38.50, 22.65, 161.21, 38.50, 0.01, 59.73, 0.43);
insert into SHOT_FLAG values(4534, 'dpl');
insert into SHOT values (4535, 4550, 4630, 9322, 21.60, 160.43, 44.10, 21.60, 160.41, 44.12, 0.01, 32.22, 54.01);
insert into SHOT_FLAG values(4535, 'dpl');
insert into SHOT values (4536, 4550, 4631, 9322, 24.03, 159.83, 50.40, 24.04, 159.80, 50.40, 0.01, 108.21, 30.27);
insert into SHOT_FLAG values(4536, 'dpl');
insert into SHOT values (4537, 4550, 4632, 9322, 23.75, 158.03, 56.70, 23.75, 158.02, 56.70, 0.00, 22.47, -11.01);
insert into SHOT_FLAG values(4537, 'dpl');
insert into SHOT values (4538, 4550, 4633, 9322, 23.32, 158.93, 60.70, 23.32, 158.90, 60.70, 0.01, 98.19, 27.49);
insert into SHOT_FLAG values(4538, 'dpl');
insert into SHOT values (4539, 4550, 4634, 9322, 24.27, 157.93, 65.00, 24.27, 157.89, 65.01, 0.01, 46.51, 27.87);
insert into SHOT_FLAG values(4539, 'dpl');
insert into SHOT values (4540, 4550, 4635, 9322, 23.76, 160.83, 70.30, 23.76, 160.75, 70.30, 0.01, 61.68, 3.54);
insert into SHOT_FLAG values(4540, 'dpl');
insert into SHOT values (4541, 4550, 4636, 9322, 26.79, 164.83, 76.70, 26.79, 164.77, 76.69, 0.01, 105.20, -11.73);
insert into SHOT_FLAG values(4541, 'dpl');
insert into SHOT values (4542, 4550, 4637, 9322, 22.90, 195.23, 83.40, 22.90, 195.20, 83.40, 0.00, 104.84, 53.96);
insert into SHOT_FLAG values(4542, 'dpl');
insert into SHOT values (4543, 4550, 4638, 9322, 21.36, 231.93, 82.10, 21.36, 231.92, 82.10, 0.00, 67.32, 66.11);
insert into SHOT_FLAG values(4543, 'dpl');
insert into SHOT values (4544, 4550, 4639, 9322, 19.17, 260.63, 78.90, 19.17, 260.64, 78.90, 0.00, 50.01, -37.88);
insert into SHOT_FLAG values(4544, 'dpl');
insert into SHOT values (4545, 4550, 4640, 9322, 15.09, 270.13, 73.60, 15.09, 270.13, 73.61, 0.00, 38.89, 78.11);
insert into SHOT_FLAG values(4545, 'dpl');
insert into SHOT values (4546, 4550, 4641, 9322, 12.65, 270.43, 68.70, 12.65, 270.50, 68.73, 0.01, 40.51, 28.07);
insert into SHOT_FLAG values(4546, 'dpl');
insert into SHOT values (4547, 4550, 4642, 9322, 12.11, 271.13, 64.60, 12.11, 271.10, 64.62, 0.00, 121.14, 8.72);
insert into SHOT_FLAG values(4547, 'dpl');
insert into SHOT values (4548, 4550, 4643, 9322, 11.42, 271.43, 60.70, 11.42, 271.44, 60.73, 0.01, 82.36, 7.79);
insert into SHOT_FLAG values(4548, 'dpl');
insert into SHOT values (4549, 4550, 4644, 9322, 11.08, 271.53, 55.00, 11.08, 271.53, 55.02, 0.00, 75.27, 50.99);
insert into SHOT_FLAG values(4549, 'dpl');
insert into SHOT values (4550, 4550, 4645, 9322, 10.49, 271.43, 49.20, 10.49, 271.42, 49.21, 0.00, 103.67, -20.68);
insert into SHOT_FLAG values(4550, 'dpl');
insert into SHOT values (4551, 4550, 4646, 9322, 9.77, 279.53, 43.60, 9.77, 279.53, 43.64, 0.01, 96.58, 17.53);
insert into SHOT_FLAG values(4551, 'dpl');
insert into SHOT values (4552, 4550, 4647, 9322, 9.99, 292.13, 35.70, 9.99, 292.17, 35.71, 0.01, 50.12, 3.51);
insert into SHOT_FLAG values(4552, 'dpl');
insert into SHOT values (4553, 4550, 4648, 9322, 9.84, 294.53, 29.10, 9.84, 294.54, 29.13, 0.01, 65.63, 61.91);
insert into SHOT_FLAG values(4553, 'dpl');
insert into SHOT values (4554, 4550, 4649, 9322, 9.38, 195.03, -7.60, 9.38, 195.02, -7.60, 0.00, 123.60, 47.18);
insert into SHOT_FLAG values(4554, 'dpl');
insert into SHOT values (4555, 4649, 4650, 9322, 9.37, 198.23, -6.80, 9.37, 198.22, -6.80, 0.00, 180.71, -11.67);
insert into SHOT_FLAG values(4555, 'dpl');
insert into SHOT values (4556, 4649, 4651, 9322, 16.20, 114.83, 10.60, 16.20, 114.80, 10.60, 0.01, 54.55, -0.07);
insert into SHOT_FLAG values(4556, 'dpl');
insert into SHOT values (4557, 4649, 4652, 9322, 15.98, 141.83, 11.20, 15.98, 141.81, 11.22, 0.01, 26.37, 59.89);
insert into SHOT_FLAG values(4557, 'dpl');
insert into SHOT values (4558, 4649, 4653, 9322, 14.93, 155.73, 11.50, 14.94, 155.71, 11.51, 0.01, 120.60, 28.58);
insert into SHOT_FLAG values(4558, 'dpl');
insert into SHOT values (4559, 4649, 4654, 9322, 13.53, 167.03, 12.10, 13.53, 167.02, 12.12, 0.00, 354.20, 66.43);
insert into SHOT_FLAG values(4559, 'dpl');
insert into SHOT values (4560, 4649, 4655, 9322, 11.04, 184.23, 13.80, 11.04, 184.23, 13.84, 0.01, 0.53, 71.73);
insert into SHOT_FLAG values(4560, 'dpl');
insert into SHOT values (4561, 4649, 4656, 9322, 10.07, 198.83, 16.20, 10.07, 198.83, 16.21, 0.00, 9.53, 10.98);
insert into SHOT_FLAG values(4561, 'dpl');
insert into SHOT values (4562, 4649, 4657, 9322, 10.96, 236.43, 24.60, 10.96, 236.42, 24.64, 0.01, 71.03, 69.11);
insert into SHOT_FLAG values(4562, 'dpl');
insert into SHOT values (4563, 4649, 4658, 9322, 10.80, 251.43, 29.00, 10.80, 251.41, 29.03, 0.01, 106.84, 45.07);
insert into SHOT_FLAG values(4563, 'dpl');
insert into SHOT values (4564, 4649, 4659, 9322, 11.68, 265.33, 29.20, 11.68, 265.33, 29.21, 0.00, 64.92, 41.84);
insert into SHOT_FLAG values(4564, 'dpl');
insert into SHOT values (4565, 4649, 4660, 9322, 11.41, 278.43, 28.90, 11.41, 278.41, 28.93, 0.01, 161.45, 56.00);
insert into SHOT_FLAG values(4565, 'dpl');
insert into SHOT values (4566, 4649, 4661, 9322, 10.18, 285.33, 29.60, 10.18, 285.34, 29.63, 0.01, 85.74, 14.00);
insert into SHOT_FLAG values(4566, 'dpl');
insert into SHOT values (4567, 4649, 4662, 9322, 7.64, 292.73, 30.30, 7.64, 292.75, 30.35, 0.01, 68.17, 49.88);
insert into SHOT_FLAG values(4567, 'dpl');
insert into SHOT values (4568, 4649, 4663, 9322, 9.25, 306.03, 29.20, 9.25, 306.03, 29.24, 0.01, 16.91, 82.07);
insert into SHOT_FLAG values(4568, 'dpl');
insert into SHOT values (4569, 4649, 4664, 9322, 12.00, 333.63, 21.80, 12.00, 333.62, 21.82, 0.00, 191.86, 59.16);
insert into SHOT_FLAG values(4569, 'dpl');
insert into SHOT values (4570, 4649, 4665, 9322, 16.47, 348.63, 20.50, 16.48, 348.64, 20.50, 0.01, 22.27, 17.84);
insert into SHOT_FLAG values(4570, 'dpl');
insert into SHOT values (4571, 4649, 4666, 9322, 18.77, 358.63, 19.60, 18.77, 358.64, 19.61, 0.01, 56.75, 36.30);
insert into SHOT_FLAG values(4571, 'dpl');
insert into SHOT values (4572, 4649, 4667, 9322, 18.54, 12.33, 18.80, 18.55, 12.33, 18.81, 0.01, 42.90, 45.98);
insert into SHOT_FLAG values(4572, 'dpl');
insert into SHOT values (4573, 4649, 4668, 9322, 22.64, 19.93, 12.00, 22.64, 19.93, 12.01, 0.00, 80.68, 45.02);
insert into SHOT_FLAG values(4573, 'dpl');
insert into SHOT values (4574, 4649, 4669, 9322, 25.49, 24.53, 9.70, 25.49, 24.53, 9.71, 0.01, 12.53, 74.77);
insert into SHOT_FLAG values(4574, 'dpl');
insert into SHOT values (4575, 4649, 4670, 9322, 32.58, 31.13, 9.00, 32.59, 31.13, 9.00, 0.01, 58.53, 25.05);
insert into SHOT_FLAG values(4575, 'dpl');
insert into SHOT values (4576, 4649, 4671, 9322, 33.26, 34.13, 9.10, 33.27, 34.13, 9.10, 0.01, 57.03, -2.89);
insert into SHOT_FLAG values(4576, 'dpl');
insert into SHOT values (4577, 4649, 4672, 9322, 38.72, 37.93, 9.50, 38.72, 37.94, 9.50, 0.01, 116.55, -4.37);
insert into SHOT_FLAG values(4577, 'dpl');
insert into SHOT values (4578, 4649, 4673, 9322, 39.94, 43.33, 9.80, 39.94, 43.33, 9.80, 0.01, 100.26, 19.01);
insert into SHOT_FLAG values(4578, 'dpl');
insert into SHOT values (4579, 4649, 4674, 9322, 35.56, 47.43, 9.40, 35.57, 47.43, 9.40, 0.01, 45.43, 16.29);
insert into SHOT_FLAG values(4579, 'dpl');
insert into SHOT values (4580, 4649, 4675, 9322, 31.81, 58.93, 9.90, 31.81, 58.92, 9.90, 0.01, 4.48, 9.11);
insert into SHOT_FLAG values(4580, 'dpl');
insert into SHOT values (4581, 4649, 4676, 9322, 30.20, 62.33, 8.90, 30.21, 62.33, 8.91, 0.01, 68.56, 46.61);
insert into SHOT_FLAG values(4581, 'dpl');
insert into SHOT values (4582, 4649, 4677, 9322, 28.52, 67.93, 9.60, 28.52, 67.92, 9.61, 0.00, 18.61, 59.86);
insert into SHOT_FLAG values(4582, 'dpl');
insert into SHOT values (4583, 4649, 4678, 9322, 23.17, 75.03, 10.00, 23.18, 75.02, 10.01, 0.01, 58.60, 39.30);
insert into SHOT_FLAG values(4583, 'dpl');
insert into SHOT values (4584, 4649, 4679, 9322, 22.14, 79.43, 10.10, 22.14, 79.43, 10.12, 0.01, 88.79, 66.20);
insert into SHOT_FLAG values(4584, 'dpl');
insert into SHOT values (4585, 4649, 4680, 9322, 21.67, 85.23, 11.60, 21.68, 85.22, 11.60, 0.01, 62.52, 20.54);
insert into SHOT_FLAG values(4585, 'dpl');
insert into SHOT values (4586, 4649, 4681, 9322, 32.22, 34.93, 8.50, 32.23, 34.93, 8.51, 0.01, 62.90, 47.46);
insert into SHOT_FLAG values(4586, 'dpl');
insert into SHOT values (4587, 4649, 4682, 9322, 36.23, 34.43, 14.70, 36.24, 34.43, 14.71, 0.01, 66.72, 35.33);
insert into SHOT_FLAG values(4587, 'dpl');
insert into SHOT values (4588, 4649, 4683, 9322, 38.33, 34.13, 21.90, 38.34, 34.14, 21.90, 0.01, 90.95, 22.36);
insert into SHOT_FLAG values(4588, 'dpl');
insert into SHOT values (4589, 4649, 4684, 9322, 40.98, 34.93, 27.30, 40.99, 34.93, 27.30, 0.01, 26.81, 52.53);
insert into SHOT_FLAG values(4589, 'dpl');
insert into SHOT values (4590, 4649, 4685, 9322, 43.42, 35.93, 32.50, 43.43, 35.93, 32.50, 0.01, 31.92, 3.72);
insert into SHOT_FLAG values(4590, 'dpl');
insert into SHOT values (4591, 4649, 4686, 9322, 46.08, 35.83, 36.60, 46.09, 35.83, 36.60, 0.01, 51.15, 34.78);
insert into SHOT_FLAG values(4591, 'dpl');
insert into SHOT values (4592, 4649, 4687, 9322, 28.88, 48.53, 56.10, 28.88, 48.52, 56.10, 0.00, 30.33, -16.81);
insert into SHOT_FLAG values(4592, 'dpl');
insert into SHOT values (4593, 4649, 4688, 9322, 27.78, 50.33, 58.10, 27.78, 50.33, 58.11, 0.01, 154.25, 67.85);
insert into SHOT_FLAG values(4593, 'dpl');
insert into SHOT values (4594, 4649, 4689, 9322, 26.62, 52.43, 61.20, 26.62, 52.44, 61.19, 0.01, 90.99, 24.59);
insert into SHOT_FLAG values(4594, 'dpl');
insert into SHOT values (4595, 4649, 4690, 9322, 28.62, 51.43, 56.30, 28.62, 51.44, 56.29, 0.01, 104.91, -5.51);
insert into SHOT_FLAG values(4595, 'dpl');
insert into SHOT values (4596, 4649, 4691, 9322, 25.85, 52.73, 63.50, 25.86, 52.71, 63.50, 0.01, 20.53, 50.88);
insert into SHOT_FLAG values(4596, 'dpl');
insert into SHOT values (4597, 4649, 4692, 9322, 28.30, 53.33, 65.80, 28.31, 53.34, 65.80, 0.01, 77.55, 50.55);
insert into SHOT_FLAG values(4597, 'dpl');
insert into SHOT values (4598, 4649, 4693, 9322, 37.79, 60.53, 65.60, 37.79, 60.53, 65.61, 0.01, 212.23, 74.70);
insert into SHOT_FLAG values(4598, 'dpl');
insert into SHOT values (4599, 4649, 4694, 9322, 46.40, 64.23, 66.50, 46.40, 64.22, 66.49, 0.01, 60.83, -9.03);
insert into SHOT_FLAG values(4599, 'dpl');
insert into SHOT values (4600, 4649, 4695, 9322, 25.93, 69.03, 68.00, 25.93, 69.01, 68.00, 0.00, 1.05, -31.57);
insert into SHOT_FLAG values(4600, 'dpl');
insert into SHOT values (4601, 4649, 4696, 9322, 24.19, 76.53, 73.10, 24.19, 76.52, 73.10, 0.01, 45.10, 66.04);
insert into SHOT_FLAG values(4601, 'dpl');
insert into SHOT values (4602, 4649, 4697, 9322, 23.44, 79.73, 78.40, 23.44, 79.74, 78.39, 0.00, 105.87, -27.39);
insert into SHOT_FLAG values(4602, 'dpl');
insert into SHOT values (4603, 4649, 4698, 9322, 22.72, 90.53, 83.00, 22.72, 90.41, 83.00, 0.01, 12.97, -6.67);
insert into SHOT_FLAG values(4603, 'dpl');
insert into SHOT values (4604, 4649, 4699, 9322, 20.73, 108.03, 84.80, 20.74, 107.95, 84.79, 0.01, 67.80, 55.34);
insert into SHOT_FLAG values(4604, 'dpl');
insert into SHOT values (4605, 4649, 4700, 9322, 18.06, 215.93, 75.80, 18.06, 215.91, 75.79, 0.00, 193.79, 35.42);
insert into SHOT_FLAG values(4605, 'dpl');
insert into SHOT values (4606, 4649, 4701, 9322, 16.78, 212.53, 67.00, 16.78, 212.48, 67.01, 0.01, 109.96, 34.99);
insert into SHOT_FLAG values(4606, 'dpl');
insert into SHOT values (4607, 4649, 4702, 9322, 13.63, 214.73, 61.10, 13.63, 214.73, 61.13, 0.01, 31.24, 58.48);
insert into SHOT_FLAG values(4607, 'dpl');
insert into SHOT values (4608, 4649, 4703, 9322, 13.10, 218.13, 53.90, 13.10, 218.10, 53.93, 0.01, 71.33, 43.59);
insert into SHOT_FLAG values(4608, 'dpl');
insert into SHOT values (4609, 4649, 4704, 9322, 11.86, 219.53, 47.40, 11.86, 219.54, 47.40, 0.00, 336.05, -2.76);
insert into SHOT_FLAG values(4609, 'dpl');
insert into SHOT values (4610, 4649, 4705, 9322, 10.60, 222.33, 40.30, 10.60, 222.29, 40.32, 0.01, 131.05, 40.85);
insert into SHOT_FLAG values(4610, 'dpl');
insert into SHOT values (4611, 4649, 4706, 9322, 10.64, 219.43, 29.50, 10.64, 219.43, 29.51, 0.00, 19.78, 9.86);
insert into SHOT_FLAG values(4611, 'dpl');
insert into SHOT values (4612, 4649, 4707, 9322, 10.58, 222.13, 23.40, 10.58, 222.12, 23.40, 0.00, 62.65, -28.56);
insert into SHOT_FLAG values(4612, 'dpl');
insert into SHOT values (4613, 4550, 4708, 9322, 18.62, 41.23, 5.60, 18.72, 42.72, 5.18, 0.51, 118.51, -14.31);
insert into SHOT_FLAG values(4613, 'dpl');
insert into SHOT values (4614, 4708, 4709, 9322, 1.95, 318.73, 11.80, 1.95, 318.62, 11.56, 0.01, 190.40, -62.06);
insert into SHOT_FLAG values(4614, 'dpl');
insert into SHOT values (4615, 4708, 4710, 9322, 2.58, 281.93, 6.10, 2.58, 281.92, 6.01, 0.00, 170.45, -88.27);
insert into SHOT_FLAG values(4615, 'dpl');
insert into SHOT values (4616, 4708, 4711, 9322, 5.43, 259.13, 6.50, 5.43, 259.11, 6.45, 0.01, 219.05, -58.94);
insert into SHOT_FLAG values(4616, 'dpl');
insert into SHOT values (4617, 4708, 4712, 9322, 10.13, 243.13, -1.00, 10.14, 243.13, -1.02, 0.01, 253.53, -29.63);
insert into SHOT_FLAG values(4617, 'dpl');
insert into SHOT values (4618, 4708, 4713, 9322, 12.72, 235.93, -2.70, 12.73, 235.93, -2.70, 0.01, 256.63, -8.02);
insert into SHOT_FLAG values(4618, 'dpl');
insert into SHOT values (4619, 4708, 4714, 9322, 26.52, 226.23, -3.30, 26.52, 226.22, -3.31, 0.01, 215.42, -39.21);
insert into SHOT_FLAG values(4619, 'dpl');
insert into SHOT values (4620, 4708, 4715, 9322, 31.21, 216.73, -4.00, 31.22, 216.72, -4.00, 0.01, 201.49, -24.54);
insert into SHOT_FLAG values(4620, 'dpl');
insert into SHOT values (4621, 4708, 4716, 9322, 37.26, 217.83, 1.70, 37.26, 217.82, 1.69, 0.01, 177.19, -69.03);
insert into SHOT_FLAG values(4621, 'dpl');
insert into SHOT values (4622, 4708, 4717, 9322, 37.14, 205.63, 1.10, 37.14, 205.63, 1.10, 0.00, 340.94, -76.74);
insert into SHOT_FLAG values(4622, 'dpl');
insert into SHOT values (4623, 4708, 4718, 9322, 38.26, 199.43, 1.30, 38.27, 199.42, 1.29, 0.01, 168.84, -47.10);
insert into SHOT_FLAG values(4623, 'dpl');
insert into SHOT values (4624, 4708, 4719, 9322, 38.62, 195.23, 1.00, 38.62, 195.22, 0.99, 0.00, 143.35, -68.05);
insert into SHOT_FLAG values(4624, 'dpl');
insert into SHOT values (4625, 4708, 4720, 9322, 37.28, 192.23, 0.60, 37.28, 192.24, 0.60, 0.01, 293.28, -3.48);
insert into SHOT_FLAG values(4625, 'dpl');
insert into SHOT values (4626, 4708, 4721, 9322, 32.48, 185.53, 0.90, 32.49, 185.53, 0.90, 0.01, 209.39, -1.76);
insert into SHOT_FLAG values(4626, 'dpl');
insert into SHOT values (4627, 4708, 4722, 9322, 28.55, 175.63, 3.20, 28.55, 175.63, 3.19, 0.01, 300.71, -37.65);
insert into SHOT_FLAG values(4627, 'dpl');
insert into SHOT values (4628, 4708, 4723, 9322, 22.07, 167.83, 8.30, 22.07, 167.84, 8.28, 0.01, 247.23, -44.97);
insert into SHOT_FLAG values(4628, 'dpl');
insert into SHOT values (4629, 4708, 4724, 9322, 18.27, 155.23, 6.40, 18.27, 155.23, 6.38, 0.01, 159.77, -51.72);
insert into SHOT_FLAG values(4629, 'dpl');
insert into SHOT values (4630, 4708, 4725, 9322, 18.85, 144.23, 7.20, 18.85, 144.25, 7.19, 0.01, 200.73, -18.48);
insert into SHOT_FLAG values(4630, 'dpl');
insert into SHOT values (4631, 4708, 4726, 9322, 18.21, 130.73, 7.10, 18.21, 130.74, 7.10, 0.00, 267.66, -9.94);
insert into SHOT_FLAG values(4631, 'dpl');
insert into SHOT values (4632, 4708, 4727, 9322, 12.45, 121.03, 7.80, 12.45, 121.04, 7.80, 0.00, 183.35, 8.25);
insert into SHOT_FLAG values(4632, 'dpl');
insert into SHOT values (4633, 4708, 4728, 9322, 11.85, 113.03, 7.70, 11.85, 113.05, 7.66, 0.01, 160.07, -47.25);
insert into SHOT_FLAG values(4633, 'dpl');
insert into SHOT values (4634, 4708, 4729, 9322, 11.60, 118.63, 10.80, 11.60, 118.63, 10.78, 0.00, 239.51, -60.72);
insert into SHOT_FLAG values(4634, 'dpl');
insert into SHOT values (4635, 4708, 4730, 9322, 17.17, 142.13, 2.90, 17.17, 142.13, 2.87, 0.01, 150.15, -61.78);
insert into SHOT_FLAG values(4635, 'dpl');
insert into SHOT values (4636, 4708, 4731, 9322, 18.39, 143.33, 13.60, 18.39, 143.35, 13.59, 0.01, 235.26, -31.48);
insert into SHOT_FLAG values(4636, 'dpl');
insert into SHOT values (4637, 4708, 4732, 9322, 21.42, 144.83, 25.60, 21.42, 144.82, 25.59, 0.01, 89.95, -69.12);
insert into SHOT_FLAG values(4637, 'dpl');
insert into SHOT values (4638, 4708, 4733, 9322, 25.73, 145.73, 34.10, 25.73, 145.73, 34.09, 0.01, 159.07, -52.50);
insert into SHOT_FLAG values(4638, 'dpl');
insert into SHOT values (4639, 4708, 4734, 9322, 29.46, 146.03, 40.50, 29.46, 146.03, 40.49, 0.00, 149.31, -41.83);
insert into SHOT_FLAG values(4639, 'dpl');
insert into SHOT values (4640, 4708, 4735, 9322, 33.71, 146.03, 47.70, 33.71, 146.03, 47.69, 0.01, 161.49, -26.21);
insert into SHOT_FLAG values(4640, 'dpl');
insert into SHOT values (4641, 4708, 4736, 9322, 35.61, 145.33, 50.80, 35.60, 145.34, 50.80, 0.01, 261.85, -53.68);
insert into SHOT_FLAG values(4641, 'dpl');
insert into SHOT values (4642, 4708, 4737, 9322, 37.13, 145.33, 52.90, 37.13, 145.33, 52.90, 0.00, 252.39, -64.70);
insert into SHOT_FLAG values(4642, 'dpl');
insert into SHOT values (4643, 4708, 4738, 9322, 39.62, 145.33, 55.00, 39.62, 145.32, 54.99, 0.01, 120.81, -70.36);
insert into SHOT_FLAG values(4643, 'dpl');
insert into SHOT values (4644, 4708, 4739, 9322, 44.37, 145.63, 56.10, 44.37, 145.64, 56.09, 0.01, 205.38, -56.89);
insert into SHOT_FLAG values(4644, 'dpl');
insert into SHOT values (4645, 4708, 4740, 9322, 30.74, 146.43, 59.10, 30.74, 146.44, 59.08, 0.01, 180.52, -43.21);
insert into SHOT_FLAG values(4645, 'dpl');
insert into SHOT values (4646, 4708, 4741, 9322, 31.30, 149.63, 63.30, 31.30, 149.64, 63.29, 0.01, 190.53, -20.38);
insert into SHOT_FLAG values(4646, 'dpl');
insert into SHOT values (4647, 4708, 4742, 9322, 32.42, 163.63, 69.20, 32.41, 163.66, 69.19, 0.01, 231.55, -45.07);
insert into SHOT_FLAG values(4647, 'dpl');
insert into SHOT values (4648, 4708, 4743, 9322, 38.02, 165.43, 75.50, 38.01, 165.47, 75.49, 0.01, 218.28, -45.74);
insert into SHOT_FLAG values(4648, 'dpl');
insert into SHOT values (4649, 4708, 4744, 9322, 48.93, 175.63, 85.40, 48.93, 175.62, 85.39, 0.01, 174.49, -18.06);
insert into SHOT_FLAG values(4649, 'dpl');
insert into SHOT values (4650, 4708, 4745, 9322, 37.27, 205.03, 87.30, 37.26, 204.96, 87.30, 0.01, 72.80, -71.93);
insert into SHOT_FLAG values(4650, 'dpl');
insert into SHOT values (4651, 4708, 4746, 9322, 37.26, 265.13, 88.10, 37.26, 264.89, 88.10, 0.01, 169.92, 5.42);
insert into SHOT_FLAG values(4651, 'dpl');
insert into SHOT values (4652, 4708, 4747, 9322, 10.30, 305.13, 86.20, 10.29, 304.85, 86.20, 0.01, 211.47, -66.24);
insert into SHOT_FLAG values(4652, 'dpl');
insert into SHOT values (4653, 4708, 4748, 9322, 8.08, 322.43, 76.90, 8.08, 322.32, 76.89, 0.00, 245.98, 4.38);
insert into SHOT_FLAG values(4653, 'dpl');
insert into SHOT values (4654, 4708, 4749, 9322, 5.60, 325.83, 68.10, 5.59, 325.93, 68.08, 0.01, 59.50, -57.22);
insert into SHOT_FLAG values(4654, 'dpl');
insert into SHOT values (4655, 4708, 4750, 9322, 3.68, 326.73, 61.90, 3.67, 326.77, 61.85, 0.01, 49.22, -78.23);
insert into SHOT_FLAG values(4655, 'dpl');
insert into SHOT values (4656, 4708, 4751, 9322, 17.01, 97.23, 32.20, 17.01, 97.22, 32.19, 0.00, 52.26, -80.38);
insert into SHOT_FLAG values(4656, 'dpl');
insert into SHOT values (4657, 4708, 4752, 9322, 15.66, 99.33, 32.00, 15.65, 99.32, 31.98, 0.01, 292.82, -58.06);
insert into SHOT_FLAG values(4657, 'dpl');
insert into SHOT values (4658, 4708, 4753, 9322, 14.55, 99.03, 31.60, 14.55, 99.05, 31.58, 0.01, 172.03, -34.02);
insert into SHOT_FLAG values(4658, 'dpl');
insert into SHOT values (4659, 4708, 4754, 9322, 16.83, 96.43, 31.50, 16.83, 96.44, 31.49, 0.01, 176.91, -42.25);
insert into SHOT_FLAG values(4659, 'dpl');
insert into SHOT values (4660, 4708, 4755, 9322, 17.47, 91.03, 32.10, 17.47, 91.05, 32.08, 0.01, 148.09, -30.65);
insert into SHOT_FLAG values(4660, 'dpl');
insert into SHOT values (4661, 4708, 4756, 9322, 17.89, 84.13, 32.60, 17.88, 84.13, 32.58, 0.01, 223.12, -68.38);
insert into SHOT_FLAG values(4661, 'dpl');
insert into SHOT values (4662, 4708, 4757, 9322, 18.16, 77.63, 32.60, 18.16, 77.62, 32.59, 0.01, 293.06, -46.80);
insert into SHOT_FLAG values(4662, 'dpl');
insert into SHOT values (4663, 4708, 4758, 9322, 18.30, 75.53, 33.00, 18.29, 75.55, 32.99, 0.01, 185.08, -48.55);
insert into SHOT_FLAG values(4663, 'dpl');
insert into SHOT values (4664, 4708, 4759, 9322, 18.58, 71.83, 33.00, 18.58, 71.82, 33.01, 0.01, 266.66, 6.74);
insert into SHOT_FLAG values(4664, 'dpl');
insert into SHOT values (4665, 4708, 4760, 9322, 19.07, 69.93, 33.20, 19.07, 69.95, 33.20, 0.01, 161.84, -15.27);
insert into SHOT_FLAG values(4665, 'dpl');
insert into SHOT values (4666, 4708, 4761, 9322, 22.64, 68.53, 34.00, 22.64, 68.53, 34.00, 0.00, 108.19, -1.97);
insert into SHOT_FLAG values(4666, 'dpl');
insert into SHOT values (4667, 4708, 4762, 9322, 24.18, 67.53, 33.80, 24.18, 67.53, 33.79, 0.00, 109.11, -22.20);
insert into SHOT_FLAG values(4667, 'dpl');
insert into SHOT values (4668, 4708, 4763, 9322, 27.46, 61.73, 34.50, 27.46, 61.72, 34.49, 0.00, 282.98, -82.16);
insert into SHOT_FLAG values(4668, 'dpl');
insert into SHOT values (4669, 4708, 4764, 9322, 11.15, 53.33, 35.50, 11.15, 53.33, 35.48, 0.01, 196.30, -70.98);
insert into SHOT_FLAG values(4669, 'dpl');
insert into SHOT values (4670, 4708, 4765, 9322, 9.40, 45.33, 37.20, 9.39, 45.32, 37.21, 0.01, 226.37, -28.02);
insert into SHOT_FLAG values(4670, 'dpl');
insert into SHOT values (4671, 4708, 4766, 9322, 7.72, 39.53, 37.10, 7.72, 39.53, 37.05, 0.01, 65.32, -77.99);
insert into SHOT_FLAG values(4671, 'dpl');
insert into SHOT values (4672, 4708, 4767, 9322, 19.54, 61.13, 32.40, 19.63, 61.67, 30.69, 0.61, 84.02, -47.31);
insert into SHOT_FLAG values(4672, 'dpl');
insert into SHOT values (4673, 4767, 4768, 9322, 3.47, 193.53, 4.10, 3.47, 193.52, 4.13, 0.01, 185.90, 21.23);
insert into SHOT_FLAG values(4673, 'dpl');
insert into SHOT values (4674, 4767, 4769, 9322, 3.48, 177.73, 5.80, 3.48, 177.68, 5.94, 0.01, 101.72, 72.23);
insert into SHOT_FLAG values(4674, 'dpl');
insert into SHOT values (4675, 4767, 4770, 9322, 3.57, 168.73, 7.70, 3.57, 168.75, 7.73, 0.00, 254.50, 44.11);
insert into SHOT_FLAG values(4675, 'dpl');
insert into SHOT values (4676, 4767, 4771, 9322, 7.13, 151.83, 41.70, 7.14, 151.90, 41.72, 0.01, 206.03, 40.67);
insert into SHOT_FLAG values(4676, 'dpl');
insert into SHOT values (4677, 4767, 4772, 9322, 1.65, 335.63, 37.60, 1.65, 335.59, 37.70, 0.00, 213.01, 74.48);
insert into SHOT_FLAG values(4677, 'dpl');
insert into SHOT values (4678, 4767, 4773, 9322, 2.84, 358.53, 46.50, 2.84, 358.53, 46.56, 0.00, 176.06, -0.84);
insert into SHOT_FLAG values(4678, 'dpl');
insert into SHOT values (4679, 4767, 4774, 9322, 3.95, 26.93, 54.90, 3.95, 27.02, 55.01, 0.01, 163.59, 57.64);
insert into SHOT_FLAG values(4679, 'dpl');
insert into SHOT values (4680, 4767, 4775, 9322, 4.39, 54.63, 49.30, 4.39, 54.70, 49.39, 0.01, 210.16, 12.03);
insert into SHOT_FLAG values(4680, 'dpl');
insert into SHOT values (4681, 4767, 4776, 9322, 6.75, 70.83, 45.10, 6.75, 70.88, 45.16, 0.01, 183.63, 60.56);
insert into SHOT_FLAG values(4681, 'dpl');
insert into SHOT values (4682, 4767, 4777, 9322, 4.36, 181.73, 18.50, 4.37, 181.80, 18.55, 0.01, 217.34, 35.95);
insert into SHOT_FLAG values(4682, 'dpl');
insert into SHOT values (4683, 4767, 4778, 9322, 6.12, 179.93, 42.00, 6.12, 180.00, 42.02, 0.01, 251.62, 38.40);
insert into SHOT_FLAG values(4683, 'dpl');
insert into SHOT values (4684, 4767, 4779, 9322, 7.69, 173.83, 55.30, 7.70, 173.85, 55.29, 0.01, 186.26, 45.12);
insert into SHOT_FLAG values(4684, 'dpl');
insert into SHOT values (4685, 4767, 4780, 9322, 11.02, 163.73, 67.40, 11.03, 163.83, 67.40, 0.01, 234.95, 36.94);
insert into SHOT_FLAG values(4685, 'dpl');
insert into SHOT values (4686, 4767, 4781, 9322, 15.60, 157.53, 75.20, 15.61, 157.61, 75.19, 0.01, 203.33, 42.03);
insert into SHOT_FLAG values(4686, 'dpl');
insert into SHOT values (4687, 4767, 4782, 9322, 22.94, 147.73, 83.00, 22.94, 147.84, 82.99, 0.01, 204.28, 8.23);
insert into SHOT_FLAG values(4687, 'dpl');
insert into SHOT values (4688, 4767, 4783, 9322, 7.58, 79.03, 41.40, 7.66, 79.00, 40.57, 0.14, 77.84, -14.03);
insert into SHOT_FLAG values(4688, 'dpl');
insert into SHOT values (4689, 4783, 4784, 9322, 6.00, 183.53, -1.50, 5.99, 183.54, -1.53, 0.01, 350.18, -23.71);
insert into SHOT_FLAG values(4689, 'dpl');
insert into SHOT values (4690, 4783, 4785, 9322, 6.67, 200.23, 1.00, 6.67, 200.17, 0.94, 0.01, 111.80, -46.71);
insert into SHOT_FLAG values(4690, 'dpl');
insert into SHOT values (4691, 4783, 4786, 9322, 7.82, 98.43, 13.00, 7.82, 98.37, 12.93, 0.01, 22.37, -52.45);
insert into SHOT_FLAG values(4691, 'dpl');
insert into SHOT values (4692, 4783, 4787, 9322, 7.81, 89.73, 8.40, 7.81, 89.70, 8.39, 0.00, 52.03, -10.48);
insert into SHOT_FLAG values(4692, 'dpl');
insert into SHOT values (4693, 4783, 4788, 9322, 7.26, 79.83, 11.20, 7.26, 79.81, 11.20, 0.00, 7.22, -4.01);
insert into SHOT_FLAG values(4693, 'dpl');
insert into SHOT values (4694, 4783, 4789, 9322, 6.55, 74.13, 9.40, 6.55, 74.12, 9.39, 0.01, 60.73, 2.45);
insert into SHOT_FLAG values(4694, 'dpl');
insert into SHOT values (4695, 4783, 4790, 9322, 9.17, 131.53, 43.00, 9.16, 131.49, 43.00, 0.01, 351.81, -32.37);
insert into SHOT_FLAG values(4695, 'dpl');
insert into SHOT values (4696, 4783, 4791, 9322, 7.08, 152.93, 41.90, 7.07, 152.90, 41.86, 0.01, 33.85, -71.78);
insert into SHOT_FLAG values(4696, 'dpl');
insert into SHOT values (4697, 4783, 4792, 9322, 6.16, 168.93, 41.40, 6.15, 168.88, 41.40, 0.01, 27.88, -35.02);
insert into SHOT_FLAG values(4697, 'dpl');
insert into SHOT values (4698, 4783, 4793, 9322, 1.66, 155.63, -80.80, 1.66, 155.38, -80.85, 0.00, 15.05, -36.81);
insert into SHOT_FLAG values(4698, 'dpl');
insert into SHOT values (4699, 4783, 4794, 9322, 1.22, 119.93, 77.70, 1.22, 119.48, 77.48, 0.01, 94.13, -22.72);
insert into SHOT_FLAG values(4699, 'dpl');
insert into SHOT values (4700, 4783, 4795, 9322, 6.34, 98.53, 3.80, 6.45, 98.04, 3.56, 0.12, 71.60, -9.55);
insert into SHOT_FLAG values(4700, 'dpl');
insert into SHOT values (4701, 4795, 4796, 9322, 2.31, 155.33, 17.00, 2.31, 155.41, 17.10, 0.01, 219.79, 53.45);
insert into SHOT_FLAG values(4701, 'dpl');
insert into SHOT values (4702, 4795, 4797, 9322, 1.89, 177.53, 17.50, 1.89, 177.77, 17.56, 0.01, 276.17, 11.97);
insert into SHOT_FLAG values(4702, 'dpl');
insert into SHOT values (4703, 4795, 4798, 9322, 1.85, 195.53, 17.70, 1.86, 195.77, 17.88, 0.01, 257.12, 41.70);
insert into SHOT_FLAG values(4703, 'dpl');
insert into SHOT values (4704, 4795, 4799, 9322, 2.60, 205.13, 12.70, 2.61, 205.15, 12.86, 0.01, 220.03, 60.70);
insert into SHOT_FLAG values(4704, 'dpl');
insert into SHOT values (4705, 4795, 4800, 9322, 3.33, 212.03, 8.00, 3.33, 212.10, 8.12, 0.01, 347.37, 48.13);
insert into SHOT_FLAG values(4705, 'dpl');
insert into SHOT values (4706, 4795, 4801, 9322, 6.63, 212.63, 6.10, 6.63, 212.68, 6.15, 0.01, 291.50, 41.87);
insert into SHOT_FLAG values(4706, 'dpl');
insert into SHOT values (4707, 4795, 4802, 9322, 6.85, 223.53, 7.10, 6.86, 223.57, 7.12, 0.01, 260.92, 20.68);
insert into SHOT_FLAG values(4707, 'dpl');
insert into SHOT values (4708, 4795, 4803, 9322, 7.37, 232.03, 6.80, 7.37, 232.05, 6.86, 0.01, 337.80, 66.87);
insert into SHOT_FLAG values(4708, 'dpl');
insert into SHOT values (4709, 4795, 4804, 9322, 8.38, 239.23, 5.90, 8.39, 239.28, 5.96, 0.01, 301.44, 42.07);
insert into SHOT_FLAG values(4709, 'dpl');
insert into SHOT values (4710, 4795, 4805, 9322, 12.00, 242.83, 3.00, 12.00, 242.84, 3.01, 0.00, 16.21, 33.44);
insert into SHOT_FLAG values(4710, 'dpl');
insert into SHOT values (4711, 4795, 4806, 9322, 13.76, 247.73, 1.90, 13.76, 247.74, 1.92, 0.01, 305.85, 39.16);
insert into SHOT_FLAG values(4711, 'dpl');
insert into SHOT values (4712, 4795, 4807, 9322, 14.36, 247.93, 2.40, 14.36, 247.94, 2.43, 0.01, 293.44, 61.63);
insert into SHOT_FLAG values(4712, 'dpl');
insert into SHOT values (4713, 4795, 4808, 9322, 40.80, 250.33, 2.10, 40.81, 250.33, 2.11, 0.01, 248.39, 31.06);
insert into SHOT_FLAG values(4713, 'dpl');
insert into SHOT values (4714, 4795, 4809, 9322, 21.20, 257.93, 9.10, 21.20, 257.92, 9.12, 0.01, 176.40, 80.11);
insert into SHOT_FLAG values(4714, 'dpl');
insert into SHOT values (4715, 4795, 4810, 9322, 20.94, 261.93, 12.60, 20.95, 261.93, 12.60, 0.01, 272.61, 16.80);
insert into SHOT_FLAG values(4715, 'dpl');
insert into SHOT values (4716, 4795, 4811, 9322, 20.12, 265.83, 16.40, 20.12, 265.84, 16.43, 0.01, 2.28, 61.98);
insert into SHOT_FLAG values(4716, 'dpl');
insert into SHOT values (4717, 4795, 4812, 9322, 9.31, 271.23, 12.90, 9.32, 271.26, 12.90, 0.01, 309.76, 9.54);
insert into SHOT_FLAG values(4717, 'dpl');
insert into SHOT values (4718, 4795, 4813, 9322, 6.01, 280.73, 13.00, 6.02, 280.72, 13.06, 0.01, 271.40, 51.73);
insert into SHOT_FLAG values(4718, 'dpl');
insert into SHOT values (4719, 4795, 4814, 9322, 6.23, 287.73, 12.80, 6.23, 287.72, 12.79, 0.00, 276.01, -4.34);
insert into SHOT_FLAG values(4719, 'dpl');
insert into SHOT values (4720, 4795, 4815, 9322, 5.77, 291.53, 7.50, 5.78, 291.50, 7.56, 0.01, 276.72, 39.18);
insert into SHOT_FLAG values(4720, 'dpl');
insert into SHOT values (4721, 4795, 4816, 9322, 1.85, 304.13, 10.10, 1.85, 304.04, 10.26, 0.01, 232.00, 62.48);
insert into SHOT_FLAG values(4721, 'dpl');
insert into SHOT values (4722, 4795, 4817, 9322, 0.40, 303.93, 5.50, 0.40, 303.69, 5.76, 0.00, 170.37, 36.43);
insert into SHOT_FLAG values(4722, 'dpl');
insert into SHOT values (4723, 4795, 4818, 9322, 5.94, 298.63, 6.90, 5.95, 298.65, 6.95, 0.01, 321.67, 46.02);
insert into SHOT_FLAG values(4723, 'dpl');
insert into SHOT values (4724, 4795, 4819, 9322, 4.76, 304.83, 12.70, 4.77, 304.75, 12.73, 0.01, 257.22, 22.91);
insert into SHOT_FLAG values(4724, 'dpl');
insert into SHOT values (4725, 4795, 4820, 9322, 4.09, 304.53, 9.00, 4.09, 304.52, 9.00, 0.00, 282.85, 5.50);
insert into SHOT_FLAG values(4725, 'dpl');
insert into SHOT values (4726, 4795, 4821, 9322, 3.99, 314.03, 11.50, 4.00, 313.97, 11.54, 0.01, 287.23, 26.47);
insert into SHOT_FLAG values(4726, 'dpl');
insert into SHOT values (4727, 4795, 4822, 9322, 4.44, 324.03, 11.30, 4.44, 323.97, 11.30, 0.00, 214.14, -0.01);
insert into SHOT_FLAG values(4727, 'dpl');
insert into SHOT values (4728, 4795, 4823, 9322, 5.13, 339.63, 15.90, 5.14, 339.62, 15.93, 0.01, 334.80, 40.12);
insert into SHOT_FLAG values(4728, 'dpl');
insert into SHOT values (4729, 4795, 4824, 9322, 4.59, 350.53, 22.50, 4.59, 350.49, 22.55, 0.00, 215.61, 45.69);
insert into SHOT_FLAG values(4729, 'dpl');
insert into SHOT values (4730, 4795, 4825, 9322, 4.76, 7.53, 30.70, 4.76, 7.44, 30.69, 0.01, 291.29, -1.62);
insert into SHOT_FLAG values(4730, 'dpl');
insert into SHOT values (4731, 4795, 4826, 9322, 4.00, 29.93, 40.10, 4.00, 29.84, 40.18, 0.01, 254.77, 27.82);
insert into SHOT_FLAG values(4731, 'dpl');
insert into SHOT values (4732, 4795, 4827, 9322, 3.36, 44.73, 50.10, 3.36, 44.62, 50.20, 0.01, 259.15, 18.83);
insert into SHOT_FLAG values(4732, 'dpl');
insert into SHOT values (4733, 4795, 4828, 9322, 5.11, 67.73, 56.90, 5.12, 67.66, 56.97, 0.01, 313.88, 70.61);
insert into SHOT_FLAG values(4733, 'dpl');
insert into SHOT values (4734, 4795, 4829, 9322, 0.32, 58.03, 46.40, 0.32, 56.31, 47.97, 0.01, 293.58, 46.46);
insert into SHOT_FLAG values(4734, 'dpl');
insert into SHOT values (4735, 4795, 4830, 9322, 1.99, 60.53, 56.00, 1.99, 60.19, 56.16, 0.01, 285.72, 1.35);
insert into SHOT_FLAG values(4735, 'dpl');
insert into SHOT values (4736, 4795, 4831, 9322, 4.87, 61.13, 62.40, 4.87, 61.04, 62.47, 0.01, 274.78, 35.94);
insert into SHOT_FLAG values(4736, 'dpl');
insert into SHOT values (4737, 4795, 4832, 9322, 6.12, 59.93, 71.50, 6.13, 60.00, 71.54, 0.01, 188.71, 63.16);
insert into SHOT_FLAG values(4737, 'dpl');
insert into SHOT values (4738, 4795, 4833, 9322, 7.39, 60.23, 76.20, 7.39, 60.09, 76.19, 0.01, 359.28, 35.56);
insert into SHOT_FLAG values(4738, 'dpl');
insert into SHOT values (4739, 4795, 4834, 9322, 9.11, 64.43, 78.30, 9.12, 64.27, 78.34, 0.01, 291.48, 53.47);
insert into SHOT_FLAG values(4739, 'dpl');
insert into SHOT values (4740, 4795, 4835, 9322, 24.28, 74.43, 81.80, 24.29, 74.40, 81.82, 0.01, 272.17, 54.45);
insert into SHOT_FLAG values(4740, 'dpl');
insert into SHOT values (4741, 4795, 4836, 9322, 26.29, 76.93, 84.10, 26.30, 76.94, 84.11, 0.01, 240.78, 73.70);
insert into SHOT_FLAG values(4741, 'dpl');
insert into SHOT values (4742, 4795, 4837, 9322, 27.11, 89.73, 86.30, 27.12, 89.67, 86.30, 0.01, 18.65, 75.22);
insert into SHOT_FLAG values(4742, 'dpl');
insert into SHOT values (4743, 4795, 4838, 9322, 29.09, 178.43, 87.50, 29.10, 178.65, 87.50, 0.01, 251.87, 56.37);
insert into SHOT_FLAG values(4743, 'dpl');
insert into SHOT values (4744, 4795, 4839, 9322, 31.23, 268.23, 81.60, 31.23, 268.24, 81.60, 0.01, 359.35, 76.03);
insert into SHOT_FLAG values(4744, 'dpl');
insert into SHOT values (4745, 4795, 4840, 9322, 32.28, 272.53, 76.70, 32.29, 272.55, 76.70, 0.01, 336.23, 62.60);
insert into SHOT_FLAG values(4745, 'dpl');
insert into SHOT values (4746, 4795, 4841, 9322, 32.26, 268.23, 72.20, 32.26, 268.26, 72.20, 0.01, 330.65, 35.15);
insert into SHOT_FLAG values(4746, 'dpl');
insert into SHOT values (4747, 4795, 4842, 9322, 24.16, 266.33, 68.10, 24.17, 266.31, 68.09, 0.01, 250.56, 24.67);
insert into SHOT_FLAG values(4747, 'dpl');
insert into SHOT values (4748, 4795, 4843, 9322, 20.38, 264.83, 61.50, 20.38, 264.81, 61.49, 0.01, 239.68, -2.82);
insert into SHOT_FLAG values(4748, 'dpl');
insert into SHOT values (4749, 4795, 4844, 9322, 26.50, 258.23, 52.50, 26.51, 258.24, 52.50, 0.01, 284.40, 39.33);
insert into SHOT_FLAG values(4749, 'dpl');
insert into SHOT values (4750, 4795, 4845, 9322, 37.43, 258.83, 48.00, 37.43, 258.83, 48.01, 0.01, 11.68, 47.61);
insert into SHOT_FLAG values(4750, 'dpl');
insert into SHOT values (4751, 4795, 4846, 9322, 35.54, 258.33, 43.50, 35.55, 258.32, 43.50, 0.01, 224.50, 49.83);
insert into SHOT_FLAG values(4751, 'dpl');
insert into SHOT values (4752, 4795, 4847, 9322, 33.88, 256.63, 37.70, 33.88, 256.63, 37.70, 0.00, 332.40, 63.22);
insert into SHOT_FLAG values(4752, 'dpl');
insert into SHOT values (4753, 4795, 4848, 9322, 37.21, 254.93, 29.50, 37.22, 254.93, 29.50, 0.01, 287.16, 37.96);
insert into SHOT_FLAG values(4753, 'dpl');
insert into SHOT values (4754, 4795, 4849, 9322, 30.19, 256.03, 21.50, 30.19, 256.03, 21.51, 0.01, 327.49, 54.90);
insert into SHOT_FLAG values(4754, 'dpl');
insert into SHOT values (4755, 4795, 4850, 9322, 30.83, 255.63, 15.40, 30.84, 255.63, 15.40, 0.01, 261.37, 21.16);
insert into SHOT_FLAG values(4755, 'dpl');
insert into SHOT values (4756, 4795, 4851, 9322, 33.23, 255.63, 9.00, 33.24, 255.63, 9.00, 0.01, 252.46, 13.71);
insert into SHOT_FLAG values(4756, 'dpl');
insert into SHOT values (4757, 4795, 4852, 9322, 1.38, 181.53, -9.40, 1.35, 180.43, -9.39, 0.04, 40.27, 7.56);
insert into SHOT_FLAG values(4757, 'dpl');
insert into SHOT values (4758, 4852, 4853, 9322, 1.25, 198.53, -40.00, 1.21, 197.06, -40.64, 0.05, 50.79, 16.97);
insert into SHOT_FLAG values(4758, 'dpl');
insert into SHOT values (4759, 4767, 4854, 9322, 6.00, 127.03, -1.90, 6.01, 127.08, -1.81, 0.01, 164.70, 43.93);
insert into SHOT_FLAG values(4759, 'dpl');
insert into SHOT values (4760, 4854, 4855, 9322, 50.29, 81.23, 50.60, 50.29, 81.22, 50.61, 0.01, 276.42, -6.22);
insert into SHOT_FLAG values(4760, 'dpl');
insert into SURVEY values (9324, 8235, 'well_hung', 'well_hung.monatip.sistem_prima', 'Well Hung');
 insert into CENTRELINE values (9325, 9324, NULL, NULL, NULL, 0.00, 0.00, 0.00);
 insert into SCRAPS values (9326, 9324, 'well_hung-p1', 1);
 insert into SCRAPS values (9338, 9324, 'well_hung-p2', 1);
 insert into MAPS values (9351, 9324, 'mwell_hung-p', NULL, 1, 64.980, 41.730);
 insert into MAPITEMS values (9351, 4, 9326);
 insert into MAPITEMS values (9351, 4, 9338);
 insert into CENTRELINE values (9353, 9324, NULL, '2018-07-16', '2018-07-16', 64.98, 0.00, 0.00);
 insert into TOPO values (22, 9353);
 insert into TOPO values (28, 9353);
 insert into EXPLO values (28, 9353);
 insert into SHOT values (4761, 4856, 4857, 9353, 5.65, 3.72, -3.50, 5.65, 3.76, -3.45, 0.01, 56.60, 47.94);
insert into SHOT values (4762, 4857, 4858, 9353, 5.68, 284.62, 10.50, 5.68, 284.61, 10.44, 0.01, 269.55, -40.14);
insert into SHOT values (4763, 4857, 4859, 9353, 26.42, 293.42, 79.80, 26.42, 293.39, 79.79, 0.01, 270.90, -19.29);
insert into SHOT values (4764, 4857, 4860, 9353, 28.42, 161.72, 84.10, 28.42, 161.87, 84.09, 0.01, 225.59, 3.64);
insert into SHOT values (4765, 4857, 4861, 9353, 6.47, 241.02, 0.60, 6.47, 240.98, 0.53, 0.01, 182.01, -53.04);
insert into SHOT values (4766, 4857, 4862, 9353, 0.85, 180.62, 15.20, 0.85, 180.70, 15.02, 0.00, 281.42, -69.19);
insert into SHOT values (4767, 4857, 4863, 9353, 3.60, 247.82, -49.90, 3.61, 247.74, -49.91, 0.01, 209.46, -49.05);
insert into SHOT values (4768, 4857, 4864, 9353, 3.47, 298.02, -6.80, 3.46, 297.91, -6.80, 0.01, 169.81, 5.45);
insert into SHOT values (4769, 4857, 4865, 9353, 26.47, 261.92, 86.90, 26.47, 261.59, 86.89, 0.01, 197.05, -7.74);
insert into SHOT values (4770, 4857, 4866, 9353, 25.85, 233.12, 83.20, 25.85, 233.09, 83.19, 0.00, 205.89, 26.69);
insert into SHOT values (4771, 4866, 4867, 9353, 4.78, 21.92, -27.50, 4.78, 21.90, -27.55, 0.01, 223.26, -32.25);
insert into SHOT values (4772, 4866, 4868, 9353, 1.63, 114.42, 51.10, 1.62, 114.30, 51.00, 0.01, 328.55, -66.04);
insert into SHOT values (4773, 4866, 4869, 9353, 7.53, 87.12, 44.00, 7.53, 87.14, 44.00, 0.00, 173.77, -23.57);
insert into SHOT values (4774, 4866, 4870, 9353, 1.16, 196.22, -14.10, 1.16, 196.50, -14.44, 0.01, 272.51, -52.55);
insert into SHOT values (4775, 4866, 4871, 9353, 28.91, 221.02, -88.50, 28.91, 221.26, -88.50, 0.00, 285.99, 1.57);
insert into SHOT values (4776, 4866, 4872, 9353, 8.41, 192.92, -77.80, 8.41, 193.02, -77.81, 0.00, 311.56, 1.16);
insert into SHOT values (4777, 4866, 4873, 9353, 8.70, 85.42, -63.40, 8.70, 85.43, -63.42, 0.00, 255.73, -15.08);
insert into SHOT values (4778, 4866, 4874, 9353, 3.34, 70.22, -29.80, 3.34, 70.25, -29.78, 0.00, 103.66, -2.29);
insert into SHOT values (4779, 4866, 4875, 9353, 1.48, 183.12, 70.30, 1.48, 183.43, 70.18, 0.00, 236.78, -45.14);
insert into SHOT values (4780, 4875, 4876, 9353, 0.82, 326.32, 15.30, 0.82, 326.31, 14.83, 0.01, 321.43, -70.22);
insert into SHOT values (4781, 4875, 4877, 9353, 2.90, 275.22, -2.80, 2.90, 275.16, -2.77, 0.01, 129.63, 15.88);
insert into SHOT values (4782, 4875, 4878, 9353, 1.43, 275.52, -3.30, 1.43, 275.63, -3.21, 0.00, 21.23, 40.02);
insert into SHOT values (4783, 4875, 4879, 9353, 0.93, 285.32, -3.70, 0.93, 285.69, -3.71, 0.01, 46.94, 0.12);
insert into SHOT values (4784, 4875, 4880, 9353, 3.11, 66.42, -8.20, 3.11, 66.43, -8.32, 0.01, 227.27, -74.95);
insert into SHOT values (4785, 4875, 4881, 9353, 0.63, 45.72, 30.10, 0.63, 45.74, 29.65, 0.01, 205.90, -84.62);
insert into SHOT values (4786, 4875, 4882, 9353, 5.93, 63.52, -38.10, 5.93, 63.54, -38.09, 0.00, 98.64, -18.47);
insert into SHOT values (4787, 4875, 4883, 9353, 4.45, 265.62, -2.30, 4.45, 265.61, -2.32, 0.00, 102.04, -21.82);
insert into SHOT values (4788, 4883, 4884, 9353, 0.84, 169.72, 31.70, 0.84, 169.48, 31.72, 0.00, 37.94, -18.89);
insert into SHOT values (4789, 4883, 4885, 9353, 2.16, 147.22, 0.60, 2.16, 147.12, 0.53, 0.01, 6.98, -23.37);
insert into SHOT values (4790, 4883, 4886, 9353, 0.78, 131.22, -7.60, 0.78, 131.33, -7.38, 0.00, 252.03, 63.26);
insert into SHOT values (4791, 4883, 4887, 9353, 1.38, 78.42, -70.60, 1.38, 78.69, -70.56, 0.00, 154.60, 36.90);
insert into SHOT values (4792, 4883, 4888, 9353, 0.69, 54.12, 9.20, 0.69, 53.97, 9.19, 0.00, 293.76, -8.68);
insert into SHOT values (4793, 4883, 4889, 9353, 0.49, 58.72, 30.70, 0.49, 58.57, 30.65, 0.00, 355.52, -7.46);
insert into SHOT values (4794, 4883, 4890, 9353, 1.79, 95.12, -5.30, 1.79, 95.17, -5.46, 0.01, 261.14, -41.37);
insert into SHOT values (4795, 4883, 4891, 9353, 1.51, 67.52, -13.10, 1.51, 67.62, -13.02, 0.00, 155.75, 42.36);
insert into SHOT values (4796, 4883, 4892, 9353, 4.61, 143.22, 2.50, 4.61, 143.20, 2.49, 0.00, 110.17, -20.83);
insert into SHOT values (4797, 4892, 4893, 9353, 0.98, 69.12, 50.70, 0.98, 69.23, 50.78, 0.00, 178.36, 54.00);
insert into SHOT values (4798, 4892, 4894, 9353, 0.29, 65.62, -0.50, 0.29, 65.22, 0.00, 0.00, 274.35, 31.37);
insert into SHOT values (4799, 4892, 4895, 9353, 0.95, 98.92, -7.60, 0.95, 98.56, -7.27, 0.01, 357.59, 42.87);
insert into SHOT values (4800, 4892, 4896, 9353, 0.82, 103.12, -52.90, 0.82, 102.91, -52.85, 0.00, 323.48, 54.42);
insert into SHOT values (4801, 4892, 4897, 9353, 1.50, 111.52, -36.30, 1.50, 111.45, -36.49, 0.01, 307.59, -18.88);
insert into SHOT values (4802, 4892, 4898, 9353, 2.00, 316.42, -25.30, 2.00, 316.34, -25.15, 0.01, 270.86, 52.61);
insert into SHOT values (4803, 4892, 4899, 9353, 1.07, 115.52, -47.00, 1.06, 115.50, -47.29, 0.01, 297.51, 14.86);
insert into SHOT values (4804, 4892, 4899, 9353, 1.07, 115.42, -46.90, 1.06, 115.50, -47.29, 0.01, 290.61, 6.60);
insert into SHOT values (4805, 4892, 4900, 9353, 3.22, 115.32, -47.00, 3.21, 115.40, -46.99, 0.01, 262.33, 44.49);
insert into SHOT values (4806, 4899, 4901, 9353, 1.05, 187.32, 54.70, 1.05, 186.65, 54.92, 0.01, 76.24, 21.99);
insert into SHOT values (4807, 4899, 4902, 9353, 0.57, 214.52, 58.60, 0.57, 212.62, 58.79, 0.01, 122.65, 19.40);
insert into SHOT values (4808, 4899, 4903, 9353, 0.62, 236.92, 17.50, 0.62, 236.85, 17.99, 0.01, 63.74, 30.23);
insert into SHOT values (4809, 4899, 4904, 9353, 1.99, 291.42, 12.50, 1.98, 291.53, 12.53, 0.01, 87.68, -4.76);
insert into SHOT values (4810, 4899, 4905, 9353, 2.73, 289.22, 52.70, 2.73, 289.09, 52.74, 0.01, 156.01, -17.65);
insert into SHOT values (4811, 4899, 4906, 9353, 1.73, 280.72, -40.00, 1.73, 280.46, -40.02, 0.01, 162.27, 16.27);
insert into SHOT values (4812, 4899, 4907, 9353, 3.65, 135.82, -3.80, 3.65, 135.78, -3.77, 0.00, 45.02, 33.40);
insert into SHOT values (4813, 4907, 4908, 9353, 1.47, 238.42, 15.40, 1.47, 237.99, 15.41, 0.01, 136.90, -1.94);
insert into SHOT values (4814, 4907, 4909, 9353, 3.68, 206.02, 70.40, 3.67, 205.94, 70.37, 0.01, 113.40, -75.40);
insert into SHOT values (4815, 4907, 4910, 9353, 17.35, 131.12, 72.40, 17.35, 131.13, 72.41, 0.00, 280.12, 48.98);
insert into SHOT values (4816, 4907, 4911, 9353, 7.91, 17.82, 64.80, 7.90, 17.84, 64.82, 0.01, 188.20, -48.64);
insert into SHOT values (4817, 4907, 4912, 9353, 2.69, 50.92, 24.40, 2.69, 50.97, 24.41, 0.00, 202.77, -15.38);
insert into SHOT values (4818, 4907, 4913, 9353, 3.01, 121.32, 37.40, 3.02, 121.37, 37.31, 0.01, 133.09, 10.13);
insert into SHOT values (4819, 4907, 4914, 9353, 3.78, 352.52, 22.00, 3.77, 352.61, 21.95, 0.01, 129.58, -37.67);
insert into SHOT values (4820, 4907, 4915, 9353, 16.32, 143.42, 72.90, 16.32, 143.46, 72.88, 0.01, 175.54, 13.02);
insert into SHOT values (4821, 4915, 4916, 9353, 0.57, 348.02, 83.20, 0.56, 351.87, 82.80, 0.01, 45.18, -46.70);
insert into SHOT values (4822, 4915, 4917, 9353, 2.54, 61.22, 52.50, 2.54, 61.12, 52.31, 0.01, 39.70, -34.85);
insert into SHOT values (4823, 4915, 4918, 9353, 1.58, 54.82, 0.00, 1.58, 54.80, 0.00, 0.00, 261.46, 0.00);
insert into SHOT values (4824, 4915, 4919, 9353, 1.93, 92.12, 7.90, 1.93, 92.10, 7.75, 0.01, 336.57, -79.99);
insert into SHOT values (4825, 4915, 4920, 9353, 7.25, 347.52, -23.60, 7.25, 347.57, -23.65, 0.01, 58.12, -50.54);
insert into SHOT values (4826, 4915, 4921, 9353, 13.49, 1.12, -60.20, 13.50, 1.11, -60.18, 0.01, 347.96, -27.86);
insert into SHOT values (4827, 4915, 4922, 9353, 2.97, 15.32, -20.20, 2.97, 15.38, -20.26, 0.01, 62.24, -49.52);
insert into SHOT values (4828, 4915, 4923, 9353, 0.42, 153.62, 6.80, 0.41, 153.43, 9.87, 0.02, 338.84, 54.21);
insert into SHOT values (4829, 4915, 4923, 9353, 0.41, 153.42, 14.00, 0.41, 153.43, 9.87, 0.03, 154.36, -80.91);
insert into STATION values (1, '2', 36, 404213.04, 5122575.39, 1572.62);
insert into STATION values (2, '1', 36, 404212.91, 5122572.82, 1570.23);
insert into STATION values (3, '3', 36, 404213.45, 5122581.88, 1575.24);
insert into STATION values (4, '4', 36, 404212.46, 5122580.43, 1576.92);
insert into STATION values (5, '5', 36, 404213.03, 5122583.16, 1579.43);
insert into STATION values (6, '6', 36, 404213.97, 5122587.23, 1579.44);
insert into STATION values (7, '7', 36, 404218.18, 5122594.20, 1578.76);
insert into STATION values (8, '8', 36, 404219.97, 5122596.66, 1577.65);
insert into STATION values (9, '9', 36, 404219.71, 5122600.51, 1579.52);
insert into STATION values (10, '10', 36, 404221.97, 5122607.77, 1582.62);
insert into STATION values (11, '11', 36, 404222.40, 5122610.87, 1582.52);
insert into STATION values (12, '12', 36, 404225.86, 5122610.18, 1577.94);
insert into STATION values (13, '13', 36, 404229.79, 5122607.74, 1579.24);
insert into STATION values (14, '14', 36, 404229.73, 5122607.77, 1583.86);
insert into STATION values (15, '15', 36, 404230.67, 5122610.12, 1584.50);
insert into STATION values (16, '16', 36, 404232.85, 5122610.09, 1585.51);
insert into STATION values (17, '17', 36, 404232.18, 5122604.16, 1585.00);
insert into STATION values (18, '18', 36, 404232.13, 5122604.18, 1587.76);
insert into STATION values (19, '19', 36, 404232.32, 5122606.44, 1588.33);
insert into STATION values (20, '20', 36, 404232.27, 5122606.47, 1591.38);
insert into STATION values (21, '21', 36, 404229.97, 5122607.87, 1590.39);
insert into STATION values (22, '22', 36, 404233.23, 5122609.74, 1589.65);
insert into STATION values (23, '23', 36, 404233.18, 5122612.85, 1589.39);
insert into STATION values (24, '24', 36, 404238.36, 5122611.12, 1589.41);
insert into STATION values (25, '25', 36, 404243.64, 5122612.30, 1586.41);
insert into STATION values (26, '26', 36, 404241.85, 5122619.91, 1587.24);
insert into STATION values (27, '27', 36, 404239.37, 5122622.78, 1585.94);
insert into STATION values (28, '28', 36, 404240.30, 5122626.50, 1584.67);
insert into STATION values (29, '29', 36, 404238.83, 5122627.98, 1587.64);
insert into STATION values (30, '30', 36, 404233.24, 5122642.27, 1591.55);
insert into STATION values (31, '31', 36, 404232.07, 5122639.98, 1590.58);
insert into STATION values (32, '32', 36, 404235.09, 5122635.21, 1580.04);
insert into STATION values (33, '1', 180, 404235.09, 5122635.21, 1580.04);
insert into STATION values (34, '2', 180, 404237.83, 5122640.27, 1578.93);
insert into STATION values (35, '3', 180, 404232.39, 5122650.12, 1578.83);
insert into STATION values (36, '4', 180, 404233.51, 5122652.92, 1599.03);
insert into STATION values (37, '5', 180, 404233.72, 5122656.97, 1600.60);
insert into STATION values (38, '6', 180, 404232.58, 5122659.06, 1601.45);
insert into STATION values (39, '7', 180, 404229.82, 5122658.36, 1603.49);
insert into STATION values (40, '8', 180, 404227.87, 5122660.06, 1604.12);
insert into STATION values (41, '9', 180, 404230.74, 5122663.48, 1605.75);
insert into STATION values (42, '10', 180, 404227.42, 5122658.17, 1609.63);
insert into STATION values (43, '11', 180, 404224.57, 5122661.71, 1610.25);
insert into STATION values (44, '12', 180, 404231.17, 5122669.61, 1611.29);
insert into STATION values (45, '13', 180, 404228.21, 5122678.64, 1616.68);
insert into STATION values (46, '14', 180, 404227.54, 5122683.40, 1624.17);
insert into STATION values (47, '15', 180, 404228.01, 5122691.00, 1641.19);
insert into STATION values (48, '16', 180, 404229.66, 5122692.96, 1644.06);
insert into STATION values (49, '17', 180, 404229.16, 5122693.80, 1644.16);
insert into STATION values (50, '18', 180, 404223.84, 5122696.93, 1646.64);
insert into STATION values (51, '19', 180, 404222.66, 5122698.94, 1646.29);
insert into STATION values (52, '20', 180, 404220.89, 5122703.00, 1667.59);
insert into STATION values (53, '21', 180, 404224.73, 5122705.99, 1669.06);
insert into STATION values (54, '21b', 180, 404223.26, 5122710.38, 1671.68);
insert into STATION values (55, '22', 180, 404222.43, 5122712.53, 1672.90);
insert into STATION values (56, '23', 180, 404214.62, 5122716.35, 1669.40);
insert into STATION values (57, '24', 180, 404216.54, 5122725.49, 1683.47);
insert into STATION values (58, '25', 180, 404216.35, 5122728.10, 1693.37);
insert into STATION values (59, '26', 180, 404216.24, 5122729.62, 1694.03);
insert into STATION values (60, '27', 180, 404215.13, 5122730.95, 1695.24);
insert into STATION values (61, '28', 180, 404217.71, 5122732.42, 1696.84);
insert into STATION values (62, '29', 180, 404217.65, 5122735.35, 1701.32);
insert into STATION values (63, '30', 180, 404215.91, 5122739.09, 1703.05);
insert into STATION values (64, '31', 180, 404211.61, 5122740.43, 1702.41);
insert into STATION values (65, '32', 180, 404206.54, 5122738.94, 1699.84);
insert into STATION values (66, '33', 180, 404202.15, 5122742.03, 1701.33);
insert into STATION values (67, '34', 180, 404212.12, 5122767.98, 1721.37);
insert into STATION values (68, '35', 180, 404208.25, 5122767.67, 1721.00);
insert into STATION_FLAG values(68, 'fix');
insert into STATION values (69, '1', 666, 404187.76, 5122387.73, 1448.90);
insert into STATION values (70, '2', 666, 404188.12, 5122390.88, 1490.36);
insert into STATION values (71, '3', 666, 404195.09, 5122396.37, 1499.76);
insert into STATION values (72, '4', 666, 404201.82, 5122402.08, 1499.69);
insert into STATION values (73, '5', 666, 404207.59, 5122406.76, 1499.63);
insert into STATION values (74, '6', 666, 404210.15, 5122411.49, 1503.79);
insert into STATION values (75, '7', 666, 404211.40, 5122414.21, 1507.10);
insert into STATION values (76, '8', 666, 404217.51, 5122420.75, 1510.07);
insert into STATION values (77, '9', 666, 404221.69, 5122424.20, 1510.04);
insert into STATION values (78, '10', 666, 404226.78, 5122429.42, 1508.51);
insert into STATION values (79, '11', 666, 404226.80, 5122429.58, 1515.27);
insert into STATION values (80, '12', 666, 404232.56, 5122435.12, 1518.71);
insert into STATION values (81, '13', 666, 404240.47, 5122442.93, 1520.42);
insert into STATION values (82, '14', 666, 404243.34, 5122446.36, 1521.95);
insert into STATION values (83, '15', 666, 404236.20, 5122452.71, 1524.45);
insert into STATION values (84, '16', 666, 404229.96, 5122463.73, 1521.74);
insert into STATION values (85, '17', 666, 404229.96, 5122473.58, 1525.32);
insert into STATION values (86, '18', 666, 404232.38, 5122475.53, 1526.74);
insert into STATION values (87, '19', 666, 404232.67, 5122479.68, 1526.75);
insert into STATION values (88, '20', 666, 404234.76, 5122483.17, 1526.76);
insert into STATION values (89, '21', 666, 404235.46, 5122489.18, 1526.78);
insert into STATION values (90, '22', 666, 404229.53, 5122498.93, 1531.25);
insert into STATION values (91, '23', 666, 404220.00, 5122515.12, 1528.64);
insert into STATION values (92, '24', 666, 404225.81, 5122517.12, 1543.93);
insert into STATION values (93, '25', 666, 404222.15, 5122522.63, 1546.67);
insert into STATION values (94, '26', 666, 404218.48, 5122523.80, 1551.06);
insert into STATION values (95, '27', 666, 404221.39, 5122529.14, 1553.31);
insert into STATION values (96, '28', 666, 404220.80, 5122540.01, 1553.37);
insert into STATION values (97, '29', 666, 404221.04, 5122544.85, 1555.13);
insert into STATION values (98, '30', 666, 404218.03, 5122548.07, 1557.42);
insert into STATION values (99, '31', 666, 404213.60, 5122552.78, 1564.69);
insert into STATION values (100, '32', 666, 404212.58, 5122555.79, 1567.13);
insert into STATION values (101, '33', 666, 404216.70, 5122565.67, 1567.19);
insert into STATION values (102, '34', 666, 404212.91, 5122572.82, 1570.23);
insert into STATION values (103, '1', 900, 404128.44, 5122313.70, 1287.63);
insert into STATION values (104, '2', 900, 404128.44, 5122313.70, 1300.23);
insert into STATION values (105, '3', 900, 404123.43, 5122317.84, 1311.49);
insert into STATION values (106, '4', 900, 404123.40, 5122319.41, 1335.35);
insert into STATION values (107, '5', 900, 404134.37, 5122322.74, 1351.69);
insert into STATION values (108, '6', 900, 404137.87, 5122324.46, 1351.60);
insert into STATION values (109, '7', 900, 404141.11, 5122329.48, 1369.99);
insert into STATION values (110, '8', 900, 404151.54, 5122327.46, 1370.89);
insert into STATION values (111, '9', 900, 404154.25, 5122330.99, 1373.92);
insert into STATION values (112, '10', 900, 404158.51, 5122343.84, 1391.38);
insert into STATION values (113, '11', 900, 404158.56, 5122344.62, 1410.17);
insert into STATION values (114, '12', 900, 404152.85, 5122348.46, 1415.95);
insert into STATION values (115, '13', 900, 404152.91, 5122349.53, 1437.94);
insert into STATION values (116, '14', 900, 404158.23, 5122350.98, 1437.90);
insert into STATION values (117, '15', 900, 404162.82, 5122356.34, 1437.85);
insert into STATION values (118, '16', 900, 404159.67, 5122361.11, 1440.71);
insert into STATION values (119, '17', 900, 404161.39, 5122374.28, 1441.59);
insert into STATION values (120, '18', 900, 404163.15, 5122371.70, 1443.31);
insert into STATION values (121, '19', 900, 404166.96, 5122376.10, 1447.83);
insert into STATION values (122, '20', 900, 404170.11, 5122375.15, 1450.32);
insert into STATION values (123, '21', 900, 404176.42, 5122377.51, 1449.11);
insert into STATION values (124, '22', 900, 404187.76, 5122387.73, 1448.90);
insert into STATION values (125, '1', 1107, 404239.73, 5122620.01, 1561.35);
insert into STATION values (126, '2', 1107, 404236.73, 5122623.22, 1565.76);
insert into STATION values (127, '3', 1107, 404237.56, 5122626.40, 1570.90);
insert into STATION values (128, '4', 1107, 404238.94, 5122632.64, 1577.91);
insert into STATION values (129, '5', 1107, 404235.09, 5122635.21, 1580.04);
insert into STATION values (130, '1', 1172, 404239.73, 5122620.01, 1561.35);
insert into STATION values (131, '2', 1172, 404245.51, 5122623.02, 1564.69);
insert into STATION values (132, '3', 1172, 404248.30, 5122623.72, 1564.22);
insert into STATION values (133, '4', 1172, 404247.92, 5122619.20, 1561.55);
insert into STATION values (134, '5', 1172, 404249.42, 5122612.34, 1559.47);
insert into STATION values (135, '6', 1172, 404253.37, 5122607.15, 1559.09);
insert into STATION values (136, '7', 1172, 404257.03, 5122603.36, 1558.31);
insert into STATION values (137, '8', 1172, 404262.97, 5122601.51, 1560.29);
insert into STATION values (138, '9', 1172, 404263.08, 5122596.38, 1558.64);
insert into STATION values (139, '10', 1172, 404266.46, 5122592.19, 1558.71);
insert into STATION values (140, '11', 1172, 404269.86, 5122589.03, 1560.01);
insert into STATION values (141, '12', 1172, 404274.05, 5122586.64, 1559.99);
insert into STATION values (142, '1', 1285, 404243.34, 5122446.36, 1521.95);
insert into STATION values (143, '2', 1285, 404252.38, 5122454.60, 1524.43);
insert into STATION values (144, '3', 1285, 404259.66, 5122457.45, 1524.41);
insert into STATION values (145, '4', 1285, 404258.04, 5122464.49, 1524.64);
insert into STATION values (146, '5', 1285, 404251.47, 5122471.46, 1523.57);
insert into STATION values (147, '6', 1285, 404259.31, 5122484.29, 1526.09);
insert into STATION values (148, '7', 1285, 404262.94, 5122491.62, 1524.04);
insert into STATION values (149, '8', 1285, 404263.00, 5122492.78, 1523.89);
insert into STATION values (150, '9', 1285, 404267.81, 5122497.94, 1528.71);
insert into STATION values (151, '10', 1285, 404265.17, 5122506.14, 1531.03);
insert into STATION values (152, '11', 1285, 404260.04, 5122513.72, 1531.98);
insert into STATION values (153, '12', 1285, 404257.70, 5122512.90, 1531.93);
insert into STATION values (154, '13', 1285, 404255.56, 5122523.47, 1534.52);
insert into STATION values (155, '14', 1285, 404264.02, 5122530.01, 1540.94);
insert into STATION values (156, '15', 1285, 404264.85, 5122532.75, 1545.50);
insert into STATION values (157, '16', 1285, 404265.05, 5122538.31, 1546.58);
insert into STATION values (158, '17', 1285, 404271.38, 5122541.18, 1548.25);
insert into STATION values (159, '18', 1285, 404270.85, 5122549.26, 1552.95);
insert into STATION values (160, '19', 1285, 404272.18, 5122555.98, 1554.01);
insert into STATION values (161, '20', 1285, 404277.29, 5122564.30, 1556.38);
insert into STATION values (162, '21', 1285, 404279.35, 5122565.26, 1556.73);
insert into STATION values (163, '22', 1285, 404279.05, 5122571.10, 1557.12);
insert into STATION values (164, '23', 1285, 404282.17, 5122571.10, 1557.38);
insert into STATION values (165, '24', 1285, 404279.78, 5122580.23, 1557.35);
insert into STATION values (166, '25', 1285, 404277.10, 5122581.44, 1558.50);
insert into STATION values (167, '26', 1285, 404274.08, 5122585.09, 1558.49);
insert into STATION values (168, '27', 1285, 404274.05, 5122586.64, 1559.99);
insert into STATION values (169, '28', 1285, 404271.99, 5122589.15, 1559.99);
insert into STATION values (170, '29', 1285, 404275.99, 5122590.88, 1559.07);
insert into STATION values (171, '30', 1285, 404283.46, 5122585.91, 1556.83);
insert into STATION values (172, '31', 1285, 404287.31, 5122588.54, 1557.99);
insert into STATION values (173, '32', 1285, 404289.99, 5122587.69, 1558.69);
insert into STATION values (174, '33', 1285, 404295.51, 5122579.91, 1556.66);
insert into STATION values (175, '1', 1492, 404219.89, 5122501.90, 1475.71);
insert into STATION values (176, '2', 1492, 404219.89, 5122501.90, 1503.31);
insert into STATION values (177, '3', 1492, 404220.32, 5122503.44, 1504.60);
insert into STATION values (178, '4', 1492, 404222.12, 5122507.19, 1507.63);
insert into STATION values (179, '5', 1492, 404224.92, 5122509.84, 1508.24);
insert into STATION values (180, '6', 1492, 404223.47, 5122513.97, 1510.76);
insert into STATION values (181, '7', 1492, 404228.19, 5122520.54, 1511.05);
insert into STATION values (182, '8', 1492, 404229.48, 5122525.51, 1514.25);
insert into STATION values (183, '9', 1492, 404237.69, 5122527.61, 1512.30);
insert into STATION values (184, '10', 1492, 404243.12, 5122532.39, 1515.59);
insert into STATION values (185, '11', 1492, 404247.15, 5122545.85, 1515.22);
insert into STATION values (186, '12', 1492, 404262.21, 5122552.66, 1515.73);
insert into STATION values (187, '13', 1492, 404273.20, 5122552.72, 1516.88);
insert into STATION values (188, '14', 1492, 404285.53, 5122554.58, 1516.02);
insert into STATION values (189, '15', 1492, 404290.66, 5122565.63, 1515.96);
insert into STATION values (190, '16', 1492, 404293.73, 5122567.91, 1518.71);
insert into STATION values (191, '17', 1492, 404298.16, 5122566.90, 1518.71);
insert into STATION values (192, '18', 1492, 404298.15, 5122566.51, 1540.00);
insert into STATION values (193, '19', 1492, 404298.24, 5122568.09, 1543.98);
insert into STATION values (194, '20', 1492, 404301.90, 5122577.95, 1544.52);
insert into STATION values (195, '21', 1492, 404301.90, 5122577.91, 1550.02);
insert into STATION values (196, '22', 1492, 404297.93, 5122576.86, 1554.01);
insert into STATION values (197, '23', 1492, 404293.80, 5122581.73, 1554.34);
insert into STATION values (198, '24', 1492, 404290.66, 5122588.12, 1556.54);
insert into STATION values (199, '25', 1492, 404285.10, 5122589.55, 1556.13);
insert into STATION values (200, '26', 1492, 404281.06, 5122586.63, 1555.86);
insert into STATION values (201, '27', 1492, 404273.58, 5122591.77, 1559.95);
insert into STATION values (202, '28', 1492, 404271.18, 5122588.97, 1559.97);
insert into STATION values (203, '29', 1492, 404274.05, 5122586.64, 1559.99);
insert into STATION values (204, '2', 1691, 404222.17, 5122712.28, 1679.53);
insert into STATION values (205, '1', 1691, 404223.26, 5122710.38, 1671.68);
insert into STATION values (206, '3', 1691, 404224.29, 5122713.14, 1684.73);
insert into STATION values (207, '4', 1691, 404230.07, 5122714.74, 1691.59);
insert into STATION values (208, '5', 1691, 404230.38, 5122717.82, 1691.83);
insert into STATION values (209, '6', 1691, 404233.72, 5122719.18, 1695.03);
insert into STATION values (210, '7', 1691, 404240.86, 5122727.68, 1701.40);
insert into STATION values (211, '7a', 1691, 404240.97, 5122728.54, 1721.58);
insert into STATION values (212, '8', 1691, 404241.04, 5122728.71, 1730.26);
insert into STATION values (213, '9', 1691, 404241.05, 5122732.97, 1738.73);
insert into STATION values (214, '10', 1691, 404238.63, 5122737.96, 1737.82);
insert into STATION values (215, '11', 1691, 404235.71, 5122743.81, 1736.69);
insert into STATION values (216, '12', 1691, 404236.81, 5122745.38, 1736.54);
insert into STATION values (217, '13', 1691, 404234.85, 5122747.82, 1736.32);
insert into STATION values (218, '14', 1691, 404225.09, 5122763.03, 1732.05);
insert into STATION values (219, '15', 1691, 404212.12, 5122767.98, 1721.37);
insert into STATION values (220, '10a', 1691, 404238.63, 5122737.96, 1726.82);
insert into STATION values (221, '10b', 1691, 404241.09, 5122729.62, 1718.12);
insert into STATION values (222, '1', 1782, 404228.84, 5122849.41, 1621.81);
insert into STATION values (223, '0', 1782, 404209.36, 5122860.10, 1641.81);
insert into STATION values (224, '2', 1782, 404219.21, 5122836.03, 1617.69);
insert into STATION values (225, '3', 1782, 404205.74, 5122828.79, 1605.75);
insert into STATION values (226, '4', 1782, 404213.68, 5122811.96, 1598.98);
insert into STATION values (227, '5', 1782, 404213.57, 5122809.71, 1592.78);
insert into STATION values (228, '6', 1782, 404213.57, 5122809.71, 1586.58);
insert into STATION values (229, '7', 1782, 404215.90, 5122806.01, 1586.12);
insert into STATION values (230, '8', 1782, 404216.31, 5122802.80, 1580.94);
insert into STATION values (231, '9', 1782, 404211.45, 5122794.29, 1577.76);
insert into STATION values (232, '10', 1782, 404211.58, 5122788.24, 1576.02);
insert into STATION values (233, '11', 1782, 404206.93, 5122776.56, 1571.69);
insert into STATION values (234, '12', 1782, 404203.70, 5122773.73, 1569.32);
insert into STATION values (235, '13', 1782, 404204.34, 5122767.90, 1568.70);
insert into STATION values (236, '14', 1782, 404207.43, 5122767.70, 1567.87);
insert into STATION values (237, '15', 1782, 404207.58, 5122763.92, 1569.18);
insert into STATION values (238, '16', 1782, 404209.94, 5122764.14, 1568.84);
insert into STATION values (239, '17', 1782, 404208.82, 5122759.55, 1567.21);
insert into STATION values (240, '18', 1782, 404209.84, 5122756.26, 1565.61);
insert into STATION values (241, '19', 1782, 404208.27, 5122752.86, 1564.95);
insert into STATION values (242, '20', 1782, 404211.91, 5122744.40, 1563.65);
insert into STATION values (243, '21', 1782, 404211.92, 5122742.33, 1568.09);
insert into STATION values (244, '22', 1782, 404213.15, 5122738.98, 1566.28);
insert into STATION values (245, '23', 1782, 404219.39, 5122736.62, 1563.85);
insert into STATION values (246, '24', 1782, 404227.07, 5122730.45, 1559.67);
insert into STATION values (247, '25', 1782, 404224.77, 5122727.48, 1558.66);
insert into STATION values (248, '26', 1782, 404221.87, 5122724.94, 1555.31);
insert into STATION values (249, '27', 1782, 404224.80, 5122724.27, 1552.10);
insert into STATION values (250, '28', 1782, 404227.64, 5122724.59, 1552.60);
insert into STATION values (251, '29', 1782, 404229.37, 5122722.68, 1551.51);
insert into STATION values (252, '30', 1782, 404230.80, 5122719.52, 1551.02);
insert into STATION values (253, '31', 1782, 404230.15, 5122717.07, 1546.07);
insert into STATION values (254, '32', 1782, 404235.75, 5122710.25, 1543.65);
insert into STATION values (255, '33', 1782, 404242.68, 5122707.93, 1545.32);
insert into STATION values (256, '34', 1782, 404248.45, 5122702.23, 1538.85);
insert into STATION values (257, '35', 1782, 404254.11, 5122695.10, 1536.35);
insert into STATION values (258, '36', 1782, 404257.35, 5122693.93, 1537.95);
insert into STATION values (259, '37', 1782, 404260.19, 5122689.55, 1537.57);
insert into STATION values (260, '38', 1782, 404260.20, 5122689.63, 1532.76);
insert into STATION values (261, '39', 1782, 404269.03, 5122682.43, 1534.76);
insert into STATION values (262, '40', 1782, 404279.19, 5122675.30, 1541.39);
insert into STATION values (263, '41', 1782, 404283.19, 5122665.53, 1542.50);
insert into STATION values (264, '42', 1782, 404282.98, 5122657.08, 1540.64);
insert into STATION values (265, '43', 1782, 404292.63, 5122655.67, 1541.80);
insert into STATION values (266, '44', 1782, 404292.50, 5122645.61, 1536.23);
insert into STATION values (267, '45', 1782, 404286.48, 5122637.84, 1532.84);
insert into STATION values (268, '46', 1782, 404280.93, 5122618.17, 1524.17);
insert into STATION values (269, '47', 1782, 404283.82, 5122611.11, 1526.21);
insert into STATION values (270, '48', 1782, 404296.56, 5122606.53, 1524.07);
insert into STATION values (271, '49', 1782, 404301.33, 5122601.46, 1519.37);
insert into STATION values (272, '50', 1782, 404311.95, 5122595.64, 1521.51);
insert into STATION values (273, '51', 1782, 404310.63, 5122585.95, 1517.95);
insert into STATION values (274, '52', 1782, 404311.12, 5122582.91, 1521.37);
insert into STATION values (275, '53', 1782, 404308.45, 5122582.08, 1523.12);
insert into STATION values (276, '54', 1782, 404303.47, 5122578.29, 1521.79);
insert into STATION values (277, '55', 1782, 404307.25, 5122572.74, 1522.85);
insert into STATION values (278, '56', 1782, 404300.22, 5122569.87, 1522.59);
insert into STATION values (279, '57', 1782, 404298.16, 5122566.90, 1518.71);
insert into STATION values (280, '1', 2075, 404142.00, 5122337.31, 1425.58);
insert into STATION values (281, '2', 2075, 404142.00, 5122337.31, 1438.08);
insert into STATION values (282, '3', 2075, 404143.35, 5122341.28, 1438.06);
insert into STATION values (283, '4', 2075, 404152.91, 5122349.53, 1437.94);
insert into STATION values (284, '1', 2115, 404128.44, 5122313.70, 1287.63);
insert into STATION values (285, '2', 2115, 404128.13, 5122307.13, 1284.70);
insert into STATION values (286, '3', 2115, 404129.53, 5122302.01, 1283.28);
insert into STATION values (287, '4', 2115, 404128.90, 5122294.33, 1275.01);
insert into STATION values (288, '5', 2115, 404128.25, 5122288.80, 1272.76);
insert into STATION values (289, '6', 2115, 404125.77, 5122281.50, 1265.06);
insert into STATION values (290, '7', 2115, 404125.77, 5122281.50, 1244.36);
insert into STATION values (291, '8', 2115, 404121.27, 5122278.98, 1241.95);
insert into STATION values (292, '9', 2115, 404115.68, 5122281.09, 1241.43);
insert into STATION values (293, '10', 2115, 404112.44, 5122280.56, 1241.02);
insert into STATION values (294, '11', 2115, 404108.00, 5122286.61, 1241.02);
insert into STATION values (295, '12', 2115, 404101.88, 5122290.85, 1232.14);
insert into STATION values (296, '13', 2115, 404101.88, 5122290.85, 1218.14);
insert into STATION values (297, '14', 2115, 404101.53, 5122296.84, 1218.14);
insert into STATION values (298, '15', 2115, 404098.44, 5122298.91, 1217.35);
insert into STATION values (299, '16', 2115, 404098.44, 5122298.91, 1189.25);
insert into STATION values (300, '2', 2206, 404088.39, 5122295.40, 1174.65);
insert into STATION values (301, '1', 2206, 404098.44, 5122298.91, 1217.35);
insert into STATION values (302, '3', 2206, 404090.39, 5122305.93, 1165.66);
insert into STATION values (303, '4', 2206, 404091.21, 5122308.10, 1164.47);
insert into STATION values (304, '5', 2206, 404093.14, 5122308.11, 1161.92);
insert into STATION values (305, '6', 2206, 404096.25, 5122309.13, 1159.62);
insert into STATION values (306, '7', 2206, 404098.33, 5122313.64, 1159.02);
insert into STATION values (307, '8', 2206, 404100.44, 5122316.80, 1155.47);
insert into STATION values (308, '9', 2206, 404100.44, 5122316.80, 1145.07);
insert into STATION values (309, 'POP1', 2264, 404305.93, 5122637.18, 1600.86);
insert into STATION values (310, 'POP2', 2264, 404305.93, 5122637.18, 1594.86);
insert into STATION values (311, 'POP3', 2264, 404305.07, 5122634.16, 1591.49);
insert into STATION values (312, 'POP4', 2264, 404302.31, 5122632.15, 1581.56);
insert into STATION values (313, 'POP5', 2264, 404301.12, 5122620.64, 1574.05);
insert into STATION values (314, 'POP6', 2264, 404300.14, 5122619.06, 1570.06);
insert into STATION values (315, 'POP7', 2264, 404296.24, 5122617.31, 1567.88);
insert into STATION values (316, 'POP8', 2264, 404289.27, 5122615.82, 1572.69);
insert into STATION values (317, 'POP9', 2264, 404283.98, 5122610.86, 1571.80);
insert into STATION values (318, 'POP14', 2264, 404283.92, 5122607.23, 1570.69);
insert into STATION values (319, 'POP15', 2264, 404280.03, 5122607.98, 1569.01);
insert into STATION values (320, 'POP16', 2264, 404278.04, 5122609.83, 1569.69);
insert into STATION values (321, 'POP17', 2264, 404278.34, 5122612.00, 1569.80);
insert into STATION values (322, 'POP18', 2264, 404276.40, 5122613.41, 1569.97);
insert into STATION values (323, 'POP19', 2264, 404281.71, 5122607.38, 1573.53);
insert into STATION values (324, 'POP20', 2264, 404278.76, 5122607.27, 1573.00);
insert into STATION values (325, 'POP21', 2264, 404275.84, 5122604.64, 1570.25);
insert into STATION values (326, 'POP22', 2264, 404272.41, 5122604.27, 1568.42);
insert into STATION values (327, 'POP23', 2264, 404273.76, 5122602.33, 1568.44);
insert into STATION values (328, 'POP24', 2264, 404273.74, 5122602.38, 1550.48);
insert into STATION values (329, 'POP25', 2264, 404273.58, 5122591.77, 1559.95);
insert into STATION values (330, 'POP10', 2264, 404284.54, 5122633.20, 1575.14);
insert into STATION values (331, 'POP11', 2264, 404281.17, 5122623.87, 1581.34);
insert into STATION values (332, 'POP12', 2264, 404280.34, 5122619.58, 1578.51);
insert into STATION values (333, 'POP13', 2264, 404273.17, 5122611.86, 1572.17);
insert into STATION values (334, 'KAK1', 2264, 404306.32, 5122572.56, 1555.30);
insert into STATION values (335, 'KAK2', 2264, 404303.50, 5122575.79, 1558.41);
insert into STATION values (336, 'KAK3', 2264, 404303.50, 5122575.79, 1548.91);
insert into STATION values (337, 'KAK4', 2264, 404299.08, 5122578.13, 1558.41);
insert into STATION values (338, 'KAK5', 2264, 404298.80, 5122577.08, 1557.91);
insert into STATION values (339, 'KAK6', 2264, 404295.50, 5122579.29, 1558.39);
insert into STATION values (340, 'KAK7', 2264, 404293.28, 5122584.51, 1557.80);
insert into STATION values (341, 'KAK8', 2264, 404288.70, 5122584.26, 1558.20);
insert into STATION values (342, 'KAK9', 2264, 404286.63, 5122588.14, 1558.20);
insert into STATION values (343, 'KAK10', 2264, 404284.06, 5122591.66, 1557.59);
insert into STATION values (344, 'KAK11', 2264, 404280.64, 5122592.26, 1559.13);
insert into STATION values (345, 'KAK12', 2264, 404277.33, 5122589.15, 1557.91);
insert into STATION values (346, 'POP22', 2391, 404272.41, 5122604.27, 1568.42);
insert into STATION values (347, 'BV2', 2391, 404271.53, 5122609.06, 1568.64);
insert into STATION values (348, 'BV3', 2391, 404272.85, 5122610.04, 1568.49);
insert into STATION values (349, 'BV4', 2391, 404273.38, 5122617.98, 1570.40);
insert into STATION values (350, 'BV5', 2391, 404276.50, 5122630.38, 1572.71);
insert into STATION values (351, 'BV6', 2391, 404282.76, 5122631.35, 1578.83);
insert into STATION values (352, 'BV7', 2391, 404291.35, 5122635.17, 1582.25);
insert into STATION values (353, 'BV8', 2391, 404298.21, 5122638.97, 1583.22);
insert into STATION values (354, 'BV9', 2391, 404301.23, 5122639.24, 1584.76);
insert into STATION values (355, 'BV10', 2391, 404302.71, 5122640.57, 1584.11);
insert into STATION values (356, 'BV11', 2391, 404302.99, 5122641.76, 1584.56);
insert into STATION values (357, 'BV12', 2391, 404306.17, 5122642.67, 1585.69);
insert into STATION values (358, 'BV13', 2391, 404304.85, 5122645.37, 1585.69);
insert into STATION values (359, 'BV14', 2391, 404302.68, 5122647.33, 1586.37);
insert into STATION values (360, 'BV15', 2391, 404303.45, 5122648.70, 1586.65);
insert into STATION values (361, 'BV16', 2391, 404304.70, 5122654.12, 1587.93);
insert into STATION values (362, 'BV17', 2391, 404303.59, 5122655.58, 1589.77);
insert into STATION values (363, 'BV18', 2391, 404302.67, 5122656.06, 1590.37);
insert into STATION values (364, 'BV19', 2391, 404300.33, 5122659.53, 1591.73);
insert into STATION values (365, 'BV20', 2391, 404300.63, 5122665.38, 1594.98);
insert into STATION values (366, 'BV21', 2391, 404303.17, 5122667.29, 1595.89);
insert into STATION values (367, 'BV22', 2391, 404304.13, 5122667.67, 1596.26);
insert into STATION values (368, 'BV23', 2391, 404308.28, 5122666.40, 1595.57);
insert into STATION values (369, 'BV24', 2391, 404312.02, 5122670.70, 1595.57);
insert into STATION values (370, 'BV25', 2391, 404312.02, 5122670.70, 1600.57);
insert into STATION values (371, 'BV26', 2391, 404313.17, 5122671.93, 1606.85);
insert into STATION values (372, 'BV27', 2391, 404314.15, 5122670.92, 1607.37);
insert into STATION values (373, 'BV28', 2391, 404314.49, 5122672.68, 1607.37);
insert into STATION values (374, 'BV29', 2391, 404316.42, 5122675.06, 1607.90);
insert into STATION values (375, 'BV30', 2391, 404318.70, 5122676.07, 1607.90);
insert into STATION values (376, 'BV31', 2391, 404320.70, 5122680.18, 1611.47);
insert into STATION values (377, 'BV32', 2391, 404320.70, 5122680.18, 1611.47);
insert into STATION values (378, '2', 2463, 404235.08, 5122715.37, 1548.88);
insert into STATION values (379, '1', 2463, 404230.80, 5122719.52, 1551.02);
insert into STATION values (380, '3', 2463, 404237.69, 5122706.34, 1555.30);
insert into STATION values (381, '4', 2463, 404246.92, 5122699.46, 1561.40);
insert into STATION values (382, '5', 2463, 404251.22, 5122699.53, 1563.90);
insert into STATION values (383, '6', 2463, 404256.32, 5122691.61, 1562.95);
insert into STATION values (384, '7', 2463, 404260.79, 5122687.28, 1564.16);
insert into STATION values (385, '8', 2463, 404269.54, 5122679.76, 1564.20);
insert into STATION values (386, '9', 2463, 404274.66, 5122679.48, 1563.48);
insert into STATION values (387, '10', 2463, 404277.57, 5122678.36, 1562.77);
insert into STATION values (388, '11', 2463, 404276.62, 5122674.59, 1562.44);
insert into STATION values (389, '12', 2463, 404278.62, 5122670.70, 1560.43);
insert into STATION values (390, '13', 2463, 404281.15, 5122667.80, 1560.44);
insert into STATION values (391, '14', 2463, 404282.28, 5122664.40, 1560.45);
insert into STATION values (392, '15', 2463, 404288.32, 5122661.29, 1557.73);
insert into STATION values (393, '16', 2463, 404287.68, 5122661.25, 1557.73);
insert into STATION values (394, '17', 2463, 404292.65, 5122655.90, 1551.29);
insert into STATION values (395, '18', 2463, 404292.63, 5122655.67, 1541.80);
insert into STATION values (396, '1', 2520, 404157.29, 5122505.44, 1453.81);
insert into STATION values (397, '2', 2520, 404157.94, 5122512.61, 1456.82);
insert into STATION values (398, '3', 2520, 404159.25, 5122517.38, 1456.43);
insert into STATION values (399, '4', 2520, 404158.56, 5122525.43, 1454.61);
insert into STATION values (400, '5', 2520, 404160.56, 5122532.72, 1454.40);
insert into STATION values (401, '6', 2520, 404167.78, 5122525.54, 1455.33);
insert into STATION values (402, '7', 2520, 404170.32, 5122531.71, 1457.71);
insert into STATION values (403, '8', 2520, 404170.57, 5122538.15, 1457.20);
insert into STATION values (404, '9', 2520, 404172.52, 5122539.48, 1458.28);
insert into STATION values (405, '10', 2520, 404172.69, 5122542.62, 1456.78);
insert into STATION values (406, '11', 2520, 404178.06, 5122542.08, 1456.93);
insert into STATION values (407, '12', 2520, 404186.18, 5122532.78, 1456.32);
insert into STATION values (408, '13', 2520, 404186.82, 5122530.48, 1456.98);
insert into STATION values (409, '14', 2520, 404188.60, 5122522.42, 1456.60);
insert into STATION values (410, '15', 2520, 404190.73, 5122517.02, 1456.55);
insert into STATION values (411, '16', 2520, 404192.11, 5122511.68, 1455.64);
insert into STATION values (412, '17', 2520, 404194.50, 5122511.14, 1455.27);
insert into STATION values (413, '18', 2520, 404196.63, 5122505.14, 1456.44);
insert into STATION values (414, '19', 2520, 404203.21, 5122493.13, 1455.00);
insert into STATION values (415, '20', 2520, 404200.04, 5122507.40, 1462.51);
insert into STATION values (416, '21', 2520, 404199.23, 5122511.61, 1466.79);
insert into STATION values (417, '22', 2520, 404208.22, 5122511.00, 1469.61);
insert into STATION values (418, '23', 2520, 404211.16, 5122508.39, 1472.02);
insert into STATION values (419, '24', 2520, 404216.95, 5122505.84, 1475.74);
insert into STATION values (420, '25', 2520, 404220.43, 5122501.60, 1475.02);
insert into STATION values (421, '26', 2520, 404220.39, 5122501.35, 1505.43);
insert into STATION values (422, '27', 2520, 404220.29, 5122502.97, 1506.90);
insert into STATION values (423, '28', 2520, 404220.40, 5122505.42, 1508.44);
insert into STATION values (424, '29', 2520, 404224.85, 5122507.81, 1510.47);
insert into STATION values (425, '30', 2520, 404223.68, 5122513.10, 1513.25);
insert into STATION values (426, '31', 2520, 404227.39, 5122517.87, 1513.46);
insert into STATION values (427, '32', 2520, 404230.29, 5122524.14, 1513.45);
insert into STATION values (428, '33', 2520, 404233.30, 5122524.74, 1514.32);
insert into STATION values (429, '34', 2520, 404238.05, 5122526.88, 1512.33);
insert into STATION values (430, '35', 2520, 404240.77, 5122532.51, 1513.77);
insert into STATION values (431, '36', 2520, 404243.08, 5122532.73, 1514.70);
insert into STATION values (432, '37', 2520, 404245.94, 5122537.53, 1514.11);
insert into STATION values (433, '38', 2520, 404247.62, 5122543.88, 1514.56);
insert into STATION values (434, '39', 2520, 404247.15, 5122545.85, 1515.22);
insert into STATION values (435, '1', 2929, 404150.18, 5122497.50, 1426.09);
insert into STATION values (436, '2', 2929, 404151.96, 5122498.77, 1428.51);
insert into STATION values (437, '3', 2929, 404150.82, 5122499.19, 1436.16);
insert into STATION values (438, '4', 2929, 404157.52, 5122503.94, 1453.96);
insert into STATION values (439, '5', 2929, 404157.29, 5122505.44, 1453.81);
insert into STATION values (440, '1', 2959, 404103.98, 5122461.86, 1395.31);
insert into STATION values (441, '2', 2959, 404108.23, 5122459.36, 1400.33);
insert into STATION values (442, '3', 2959, 404111.60, 5122462.64, 1400.82);
insert into STATION values (443, '4', 2959, 404114.23, 5122460.98, 1400.88);
insert into STATION values (444, '5', 2959, 404126.79, 5122466.25, 1390.68);
insert into STATION values (445, '6', 2959, 404129.67, 5122470.56, 1390.94);
insert into STATION values (446, '7', 2959, 404140.63, 5122475.64, 1386.08);
insert into STATION values (447, '8', 2959, 404144.04, 5122487.50, 1390.10);
insert into STATION values (448, '9', 2959, 404146.88, 5122491.43, 1404.29);
insert into STATION values (449, '10', 2959, 404148.41, 5122493.82, 1425.40);
insert into STATION values (450, '11', 2959, 404148.20, 5122495.76, 1425.53);
insert into STATION values (451, '12', 2959, 404150.18, 5122497.50, 1426.09);
insert into STATION values (452, '1', 3114, 404149.75, 5122341.64, 1371.92);
insert into STATION values (453, '2', 3114, 404149.21, 5122335.33, 1377.96);
insert into STATION values (454, '3', 3114, 404148.84, 5122334.55, 1389.37);
insert into STATION values (455, '4', 3114, 404151.78, 5122330.00, 1389.18);
insert into STATION values (456, '5', 3114, 404142.13, 5122320.77, 1385.83);
insert into STATION values (457, '6', 3114, 404135.33, 5122326.12, 1383.96);
insert into STATION values (458, '7', 3114, 404132.01, 5122347.46, 1380.40);
insert into STATION values (459, '8', 3114, 404129.47, 5122350.12, 1379.34);
insert into STATION values (460, '9', 3114, 404128.36, 5122353.65, 1377.27);
insert into STATION values (461, '10', 3114, 404128.44, 5122356.54, 1378.10);
insert into STATION values (462, '11', 3114, 404130.45, 5122358.57, 1381.74);
insert into STATION values (463, '12', 3114, 404132.32, 5122356.97, 1384.97);
insert into STATION values (464, '13', 3114, 404134.41, 5122357.02, 1385.64);
insert into STATION values (465, '14', 3114, 404135.05, 5122358.33, 1384.28);
insert into STATION values (466, '15', 3114, 404132.40, 5122361.75, 1382.69);
insert into STATION values (467, '16', 3114, 404130.81, 5122372.78, 1387.94);
insert into STATION values (468, '17', 3114, 404128.37, 5122380.56, 1388.36);
insert into STATION values (469, '18', 3114, 404125.86, 5122386.32, 1392.65);
insert into STATION values (470, '19', 3114, 404122.81, 5122399.31, 1392.87);
insert into STATION values (471, '20', 3114, 404121.51, 5122407.19, 1394.72);
insert into STATION values (472, '21', 3114, 404123.35, 5122412.92, 1395.14);
insert into STATION values (473, '22', 3114, 404119.94, 5122412.43, 1393.22);
insert into STATION values (474, '23', 3114, 404119.95, 5122412.42, 1389.69);
insert into STATION values (475, '24', 3114, 404119.18, 5122414.58, 1390.62);
insert into STATION values (476, '25', 3114, 404114.30, 5122423.56, 1389.89);
insert into STATION values (477, '26', 3114, 404114.17, 5122424.27, 1392.45);
insert into STATION values (478, '27', 3114, 404109.64, 5122437.97, 1392.68);
insert into STATION values (479, '28', 3114, 404109.66, 5122437.96, 1396.89);
insert into STATION values (480, '29', 3114, 404106.05, 5122454.83, 1397.16);
insert into STATION values (481, '30', 3114, 404103.98, 5122461.86, 1395.31);
insert into STATION values (482, '1', 3202, 404093.53, 5122491.92, 1392.98);
insert into STATION values (483, '2', 3202, 404099.29, 5122482.22, 1391.99);
insert into STATION values (484, '3', 3202, 404098.45, 5122474.59, 1389.93);
insert into STATION values (485, '4', 3202, 404097.45, 5122472.14, 1389.02);
insert into STATION values (486, '5', 3202, 404099.88, 5122468.50, 1390.44);
insert into STATION values (487, '6', 3202, 404101.58, 5122463.17, 1391.53);
insert into STATION values (488, '7', 3202, 404103.29, 5122462.70, 1392.32);
insert into STATION values (489, '8', 3202, 404103.10, 5122462.18, 1394.55);
insert into STATION values (490, '9', 3202, 404103.98, 5122461.86, 1395.31);
insert into STATION values (491, '10', 3202, 404093.53, 5122491.92, 1346.98);
insert into STATION values (492, '1', 3319, 404085.98, 5122512.25, 1334.76);
insert into STATION values (493, '2', 3319, 404081.79, 5122518.53, 1344.09);
insert into STATION values (494, '3', 3319, 404077.69, 5122528.82, 1349.73);
insert into STATION values (495, '4', 3319, 404076.06, 5122531.09, 1352.34);
insert into STATION values (496, '5', 3319, 404072.02, 5122531.68, 1353.36);
insert into STATION values (497, '6', 3319, 404069.97, 5122542.51, 1360.24);
insert into STATION values (498, '7', 3319, 404081.43, 5122508.08, 1352.47);
insert into STATION values (499, '8', 3319, 404081.63, 5122506.05, 1356.85);
insert into STATION values (500, '9', 3319, 404090.16, 5122497.43, 1366.66);
insert into STATION values (501, '10', 3319, 404092.47, 5122493.70, 1391.58);
insert into STATION values (502, '11', 3319, 404093.53, 5122491.92, 1392.98);
insert into STATION values (503, '2', 3445, 404263.02, 5122554.35, 1515.90);
insert into STATION values (504, '1', 3445, 404247.15, 5122545.85, 1515.22);
insert into STATION values (505, '3', 3445, 404271.58, 5122555.08, 1517.52);
insert into STATION values (506, '4', 3445, 404284.30, 5122557.69, 1517.35);
insert into STATION values (507, '5', 3445, 404289.53, 5122569.90, 1516.50);
insert into STATION values (508, '6', 3445, 404293.73, 5122567.91, 1518.71);
insert into STATION values (509, '1', 3449, 404298.01, 5122575.41, 1494.46);
insert into STATION values (510, '2', 3449, 404301.92, 5122574.70, 1502.98);
insert into STATION values (511, '3', 3449, 404301.59, 5122575.38, 1503.51);
insert into STATION values (512, '4', 3449, 404299.65, 5122575.01, 1504.23);
insert into STATION values (513, '5', 3449, 404297.04, 5122579.84, 1501.94);
insert into STATION values (514, '6', 3449, 404299.65, 5122583.25, 1499.53);
insert into STATION values (515, '7', 3449, 404299.47, 5122585.84, 1499.20);
insert into STATION values (516, '8', 3449, 404303.36, 5122588.44, 1499.04);
insert into STATION values (517, '9', 3449, 404298.82, 5122583.46, 1499.20);
insert into STATION values (518, '10', 3449, 404295.99, 5122581.76, 1498.91);
insert into STATION values (519, '11', 3449, 404292.61, 5122583.46, 1499.24);
insert into STATION values (520, '12', 3449, 404291.39, 5122585.92, 1499.63);
insert into STATION values (521, '13', 3449, 404292.04, 5122587.89, 1499.84);
insert into STATION values (522, '14', 3449, 404293.96, 5122588.12, 1500.42);
insert into STATION values (523, '15', 3449, 404294.51, 5122593.12, 1501.88);
insert into STATION values (524, '16', 3449, 404297.58, 5122571.03, 1506.54);
insert into STATION values (525, '17', 3449, 404292.43, 5122569.60, 1506.37);
insert into STATION values (526, '18', 3449, 404290.59, 5122572.68, 1507.32);
insert into STATION values (527, '19', 3449, 404289.01, 5122575.65, 1509.37);
insert into STATION values (528, '20', 3449, 404289.72, 5122574.58, 1512.14);
insert into STATION values (529, '21', 3449, 404289.21, 5122573.53, 1514.48);
insert into STATION values (530, '22', 3449, 404290.30, 5122570.59, 1518.08);
insert into STATION values (531, '23', 3449, 404293.73, 5122567.91, 1518.71);
insert into STATION values (532, '1', 3504, 404293.73, 5122567.91, 1518.71);
insert into STATION values (533, '2', 3504, 404300.51, 5122569.87, 1515.08);
insert into STATION values (534, '3', 3504, 404303.98, 5122568.12, 1513.95);
insert into STATION values (535, '4', 3504, 404304.98, 5122572.35, 1513.89);
insert into STATION values (536, '5', 3504, 404303.83, 5122576.29, 1513.96);
insert into STATION values (537, '6', 3504, 404307.01, 5122578.59, 1514.24);
insert into STATION values (538, '7', 3504, 404305.21, 5122583.02, 1513.92);
insert into STATION values (539, '8', 3504, 404302.94, 5122586.06, 1513.93);
insert into STATION values (540, '9', 3504, 404303.99, 5122589.63, 1513.48);
insert into STATION values (541, '10', 3504, 404306.56, 5122590.56, 1513.34);
insert into STATION values (542, '11', 3504, 404304.89, 5122591.72, 1513.07);
insert into STATION values (543, '12', 3504, 404307.35, 5122592.86, 1511.16);
insert into STATION values (544, '13', 3504, 404307.24, 5122597.18, 1507.37);
insert into STATION values (545, '14', 3504, 404300.32, 5122594.63, 1503.99);
insert into STATION values (546, '15', 3504, 404296.88, 5122592.35, 1502.74);
insert into STATION values (547, '16', 3504, 404295.61, 5122592.74, 1501.45);
insert into STATION values (548, '17', 3504, 404294.51, 5122593.12, 1501.88);
insert into STATION values (549, '1', 3551, 404262.43, 5122557.72, 1485.32);
insert into STATION values (550, '2', 3551, 404258.40, 5122560.47, 1485.84);
insert into STATION values (551, '3', 3551, 404256.45, 5122564.53, 1487.48);
insert into STATION values (552, '4', 3551, 404251.58, 5122559.54, 1488.09);
insert into STATION values (553, '5', 3551, 404247.35, 5122563.52, 1487.06);
insert into STATION values (554, '6', 3551, 404245.70, 5122561.83, 1487.48);
insert into STATION values (555, '7', 3551, 404247.32, 5122556.07, 1490.27);
insert into STATION values (556, '8', 3551, 404249.18, 5122554.26, 1491.77);
insert into STATION values (557, '9', 3551, 404252.99, 5122552.54, 1492.14);
insert into STATION values (558, '10', 3551, 404253.22, 5122550.23, 1493.32);
insert into STATION values (559, '11', 3551, 404255.41, 5122549.25, 1493.32);
insert into STATION values (560, '12', 3551, 404250.01, 5122550.13, 1506.85);
insert into STATION values (561, '13', 3551, 404252.13, 5122549.17, 1510.71);
insert into STATION values (562, '14', 3551, 404247.15, 5122545.85, 1515.22);
insert into STATION values (563, '2', 3589, 404265.54, 5122566.97, 1480.60);
insert into STATION values (564, '1', 3589, 404262.80, 5122569.22, 1479.85);
insert into STATION values (565, '3', 3589, 404265.20, 5122564.88, 1477.78);
insert into STATION values (566, '4', 3589, 404268.68, 5122563.01, 1476.94);
insert into STATION values (567, '5', 3589, 404269.56, 5122561.00, 1476.75);
insert into STATION values (568, '6', 3589, 404271.10, 5122560.20, 1475.91);
insert into STATION values (569, '7', 3589, 404271.40, 5122556.65, 1476.41);
insert into STATION values (570, '8', 3589, 404271.40, 5122556.65, 1482.01);
insert into STATION values (571, '9', 3589, 404268.70, 5122556.19, 1483.92);
insert into STATION values (572, '10', 3589, 404261.94, 5122552.79, 1483.66);
insert into STATION values (573, '12', 3589, 404262.04, 5122550.27, 1481.45);
insert into STATION values (574, '11', 3589, 404264.95, 5122554.10, 1481.54);
insert into STATION values (575, '13', 3589, 404263.72, 5122551.44, 1482.32);
insert into STATION values (576, '15', 3589, 404261.61, 5122557.90, 1485.32);
insert into STATION values (577, '16', 3589, 404262.43, 5122557.72, 1485.32);
insert into STATION values (578, '1', 3636, 404153.22, 5122369.87, 1438.57);
insert into STATION values (579, '2', 3636, 404154.95, 5122373.53, 1441.51);
insert into STATION values (580, '3', 3636, 404150.92, 5122378.06, 1442.91);
insert into STATION values (581, '4', 3636, 404147.27, 5122379.78, 1441.68);
insert into STATION values (582, '5', 3636, 404150.77, 5122380.25, 1441.99);
insert into STATION values (583, '6', 3636, 404155.20, 5122382.39, 1441.81);
insert into STATION values (584, '7', 3636, 404158.76, 5122384.03, 1444.77);
insert into STATION values (585, '8', 3636, 404160.37, 5122383.41, 1444.44);
insert into STATION values (586, '9', 3636, 404163.58, 5122386.95, 1449.06);
insert into STATION values (587, '10', 3636, 404153.49, 5122396.12, 1455.42);
insert into STATION values (588, '11', 3636, 404153.66, 5122394.08, 1454.19);
insert into STATION values (589, '12', 3636, 404140.62, 5122381.17, 1458.09);
insert into STATION values (590, '13', 3636, 404144.58, 5122380.77, 1448.00);
insert into STATION values (591, '1A', 3636, 404158.56, 5122362.72, 1440.14);
insert into STATION values (592, '1', 3733, 404091.39, 5122513.87, 1325.57);
insert into STATION values (593, '2', 3733, 404091.08, 5122509.63, 1338.65);
insert into STATION values (594, '3', 3733, 404090.56, 5122506.43, 1338.93);
insert into STATION values (595, '4', 3733, 404090.56, 5122506.43, 1342.36);
insert into STATION values (596, '5', 3733, 404092.46, 5122502.47, 1342.13);
insert into STATION values (597, '6', 3733, 404091.90, 5122495.00, 1341.47);
insert into STATION values (598, '7', 3733, 404091.90, 5122495.00, 1346.14);
insert into STATION values (599, '8', 3733, 404092.80, 5122490.29, 1346.14);
insert into STATION values (600, '9', 3733, 404093.53, 5122491.92, 1346.98);
insert into STATION values (601, '1', 3781, 404063.64, 5122554.62, 1327.58);
insert into STATION values (602, '2', 3781, 404065.30, 5122548.72, 1333.71);
insert into STATION values (603, '3', 3781, 404066.00, 5122545.02, 1336.88);
insert into STATION values (604, '4', 3781, 404068.99, 5122539.99, 1337.39);
insert into STATION values (605, '5', 3781, 404068.99, 5122539.99, 1343.15);
insert into STATION values (606, '6', 3781, 404069.81, 5122539.03, 1347.85);
insert into STATION values (607, '7', 3781, 404071.72, 5122536.81, 1349.22);
insert into STATION values (608, '8', 3781, 404070.83, 5122533.33, 1352.81);
insert into STATION values (609, '9', 3781, 404072.02, 5122531.68, 1353.36);
insert into STATION values (610, '1', 3812, 404227.87, 5122660.06, 1604.12);
insert into STATION values (611, '2', 3812, 404226.30, 5122658.85, 1603.60);
insert into STATION values (612, '3', 3812, 404225.70, 5122664.27, 1606.12);
insert into STATION values (613, '4', 3812, 404231.14, 5122670.41, 1607.73);
insert into STATION values (614, '5', 3812, 404229.32, 5122679.51, 1614.49);
insert into STATION values (615, '6', 3812, 404229.56, 5122680.62, 1622.92);
insert into STATION values (616, '7', 3812, 404225.82, 5122685.93, 1624.06);
insert into STATION values (617, '8', 3812, 404229.20, 5122692.46, 1642.22);
insert into STATION values (618, '9', 3812, 404230.11, 5122695.68, 1642.53);
insert into STATION values (619, '10', 3812, 404222.66, 5122698.94, 1646.29);
insert into STATION values (620, '11', 3812, 404224.00, 5122701.78, 1668.68);
insert into STATION values (621, '12', 3812, 404227.85, 5122708.65, 1672.87);
insert into STATION values (622, '13', 3812, 404223.92, 5122709.44, 1674.18);
insert into STATION values (623, '14', 3812, 404216.80, 5122715.26, 1671.19);
insert into STATION values (624, '1', 3839, 404150.04, 5122334.93, 1379.17);
insert into STATION values (625, '2', 3839, 404148.86, 5122338.26, 1379.05);
insert into STATION values (626, '3', 3839, 404148.83, 5122338.23, 1374.34);
insert into STATION values (627, '4', 3839, 404149.75, 5122341.64, 1371.92);
insert into STATION values (628, '5', 3839, 404149.52, 5122341.53, 1389.29);
insert into STATION values (629, '6', 3839, 404149.88, 5122343.16, 1391.82);
insert into STATION values (630, '7', 3839, 404152.02, 5122346.62, 1393.17);
insert into STATION values (631, '1', 3914, 404152.02, 5122346.62, 1393.17);
insert into STATION values (632, '2', 3914, 404155.87, 5122344.36, 1393.89);
insert into STATION values (633, '3', 3914, 404155.66, 5122344.26, 1410.61);
insert into STATION values (634, '4', 3914, 404155.62, 5122344.24, 1415.65);
insert into STATION values (635, '5', 3914, 404148.47, 5122342.48, 1416.17);
insert into STATION values (636, '6', 3914, 404149.41, 5122340.19, 1424.81);
insert into STATION values (637, '7', 3914, 404146.88, 5122333.37, 1427.14);
insert into STATION values (638, '8', 3914, 404142.14, 5122337.38, 1425.05);
insert into STATION values (639, '9', 3914, 404142.00, 5122337.31, 1438.08);
insert into STATION values (640, '10', 3914, 404143.16, 5122341.23, 1437.58);
insert into STATION values (641, '11', 3914, 404148.03, 5122343.65, 1437.63);
insert into STATION values (642, '12', 3914, 404154.51, 5122350.54, 1438.44);
insert into STATION values (643, '13', 3914, 404157.02, 5122350.86, 1438.23);
insert into STATION values (644, '14', 3914, 404158.68, 5122361.36, 1438.16);
insert into STATION values (645, '15', 3914, 404155.68, 5122360.73, 1438.45);
insert into STATION values (646, '16', 3914, 404154.70, 5122364.73, 1440.68);
insert into STATION values (647, '17', 3914, 404155.92, 5122367.98, 1440.33);
insert into STATION values (648, '18', 3914, 404153.22, 5122369.87, 1438.57);
insert into STATION values (649, '19', 3914, 404155.40, 5122371.91, 1438.10);
insert into STATION values (650, '20', 3914, 404155.37, 5122371.80, 1443.42);
insert into STATION values (651, '21', 3914, 404157.05, 5122373.77, 1443.49);
insert into STATION values (652, '22', 3914, 404161.08, 5122368.27, 1444.71);
insert into STATION values (653, '23', 3914, 404166.02, 5122372.25, 1450.29);
insert into STATION values (654, '24', 3914, 404168.86, 5122373.67, 1450.84);
insert into STATION values (655, '25', 3914, 404173.43, 5122374.92, 1449.29);
insert into STATION values (656, '26', 3914, 404174.71, 5122376.54, 1451.94);
insert into STATION values (657, '27', 3914, 404187.71, 5122381.62, 1451.63);
insert into STATION values (658, '28', 3914, 404190.40, 5122389.55, 1468.59);
insert into STATION values (659, '29', 3914, 404190.19, 5122388.79, 1489.71);
insert into STATION values (660, '30', 3914, 404196.15, 5122396.40, 1498.31);
insert into STATION values (661, '31', 3914, 404203.41, 5122401.73, 1497.41);
insert into STATION values (662, '32', 3914, 404205.52, 5122403.38, 1498.55);
insert into STATION values (663, '33', 3914, 404208.32, 5122406.64, 1499.14);
insert into STATION values (664, '34', 3914, 404208.30, 5122406.57, 1501.46);
insert into STATION values (665, '35', 3914, 404210.28, 5122408.43, 1502.81);
insert into STATION values (666, '36', 3914, 404212.95, 5122413.44, 1503.27);
insert into STATION values (667, '37', 3914, 404216.51, 5122414.92, 1503.93);
insert into STATION values (668, '38', 3914, 404216.54, 5122417.27, 1505.62);
insert into STATION values (669, '39', 3914, 404218.93, 5122418.47, 1504.90);
insert into STATION values (670, '40', 3914, 404221.16, 5122417.03, 1507.35);
insert into STATION values (671, '41', 3914, 404221.96, 5122422.72, 1510.95);
insert into STATION values (672, '42', 3914, 404226.19, 5122425.34, 1508.36);
insert into STATION values (673, '43', 3914, 404229.53, 5122431.86, 1517.04);
insert into STATION values (674, '45', 3914, 404229.51, 5122431.77, 1520.97);
insert into STATION values (675, '46', 3914, 404239.96, 5122443.81, 1523.10);
insert into STATION values (676, '47', 3914, 404243.34, 5122446.36, 1521.95);
insert into STATION values (677, '2', 3978, 404313.31, 5122613.69, 1496.01);
insert into STATION values (678, '1', 3978, 404313.10, 5122618.42, 1494.29);
insert into STATION values (679, '3', 3978, 404312.26, 5122611.37, 1495.56);
insert into STATION values (680, '4', 3978, 404310.20, 5122610.47, 1496.56);
insert into STATION values (681, '5', 3978, 404308.24, 5122609.81, 1494.50);
insert into STATION values (682, '6', 3978, 404308.24, 5122609.81, 1495.95);
insert into STATION values (683, '7', 3978, 404308.44, 5122605.50, 1494.38);
insert into STATION values (684, '8', 3978, 404305.85, 5122591.39, 1494.38);
insert into STATION values (685, '9', 3978, 404304.22, 5122583.34, 1494.23);
insert into STATION values (686, '10', 3978, 404306.70, 5122585.39, 1494.52);
insert into STATION values (687, '11', 3978, 404303.36, 5122588.44, 1499.04);
insert into STATION values (688, '2', 4026, 404312.03, 5122620.44, 1475.48);
insert into STATION values (689, '1', 4026, 404311.03, 5122620.12, 1476.47);
insert into STATION values (690, '3', 4026, 404315.01, 5122620.73, 1475.48);
insert into STATION values (691, '4', 4026, 404319.72, 5122615.25, 1472.42);
insert into STATION values (692, '5', 4026, 404325.78, 5122606.12, 1473.76);
insert into STATION values (693, '6', 4026, 404330.60, 5122607.65, 1473.76);
insert into STATION values (694, '7', 4026, 404331.66, 5122612.90, 1473.29);
insert into STATION values (695, '8', 4026, 404337.72, 5122609.21, 1470.85);
insert into STATION values (696, '9', 4026, 404338.79, 5122610.78, 1471.78);
insert into STATION values (697, '10', 4026, 404311.03, 5122620.12, 1493.77);
insert into STATION values (698, '11', 4026, 404313.10, 5122618.42, 1494.29);
insert into STATION values (699, '2', 4063, 404312.88, 5122550.88, 1473.14);
insert into STATION values (700, '1', 4063, 404312.00, 5122550.25, 1473.76);
insert into STATION values (701, '3', 4063, 404314.47, 5122550.32, 1472.21);
insert into STATION values (702, '4', 4063, 404316.78, 5122548.96, 1471.83);
insert into STATION values (703, '5', 4063, 404319.03, 5122551.11, 1472.10);
insert into STATION values (704, '6', 4063, 404320.91, 5122555.89, 1472.28);
insert into STATION values (705, '7', 4063, 404320.64, 5122561.79, 1471.87);
insert into STATION values (706, '8', 4063, 404319.98, 5122566.70, 1471.96);
insert into STATION values (707, '9', 4063, 404319.55, 5122569.94, 1473.14);
insert into STATION values (708, '10', 4063, 404318.18, 5122574.85, 1472.15);
insert into STATION values (709, '11', 4063, 404316.94, 5122577.68, 1472.20);
insert into STATION values (710, '12', 4063, 404317.23, 5122584.47, 1472.56);
insert into STATION values (711, '13', 4063, 404315.01, 5122592.41, 1472.56);
insert into STATION values (712, '14', 4063, 404314.03, 5122595.32, 1472.51);
insert into STATION values (713, '15', 4063, 404314.83, 5122595.40, 1471.98);
insert into STATION values (714, '16', 4063, 404311.17, 5122600.16, 1476.51);
insert into STATION values (715, '17', 4063, 404308.10, 5122604.78, 1477.59);
insert into STATION values (716, '18', 4063, 404305.33, 5122608.37, 1474.53);
insert into STATION values (717, '19', 4063, 404305.45, 5122607.13, 1474.31);
insert into STATION values (718, '20', 4063, 404307.53, 5122605.71, 1469.36);
insert into STATION values (719, '21', 4063, 404305.66, 5122608.97, 1483.84);
insert into STATION values (720, '22', 4063, 404303.36, 5122609.65, 1491.21);
insert into STATION values (721, '23', 4063, 404302.89, 5122607.81, 1491.54);
insert into STATION values (722, '24', 4063, 404307.11, 5122607.27, 1493.35);
insert into STATION values (723, '25', 4063, 404307.13, 5122605.06, 1494.15);
insert into STATION values (724, '2', 4117, 404296.39, 5122628.87, 1491.78);
insert into STATION values (725, '1', 4117, 404295.14, 5122632.35, 1491.91);
insert into STATION values (726, '3', 4117, 404297.53, 5122625.03, 1492.56);
insert into STATION values (727, '4', 4117, 404298.66, 5122619.98, 1492.19);
insert into STATION values (728, '5', 4117, 404299.00, 5122615.77, 1490.90);
insert into STATION values (729, '6', 4117, 404297.87, 5122611.69, 1490.83);
insert into STATION values (730, '7', 4117, 404300.27, 5122608.21, 1491.65);
insert into STATION values (731, '8', 4117, 404306.21, 5122606.91, 1493.05);
insert into STATION values (732, '9', 4117, 404307.13, 5122605.06, 1494.15);
insert into STATION values (733, '10', 4117, 404306.50, 5122599.40, 1494.35);
insert into STATION values (734, '11', 4117, 404304.23, 5122589.86, 1494.35);
insert into STATION values (735, '12', 4117, 404306.58, 5122586.32, 1494.28);
insert into STATION values (736, '13', 4117, 404303.36, 5122588.44, 1499.04);
insert into STATION values (737, '1', 4140, 404336.28, 5122526.21, 1466.15);
insert into STATION values (738, '2', 4140, 404334.79, 5122529.45, 1466.34);
insert into STATION values (739, '3', 4140, 404332.76, 5122533.69, 1466.59);
insert into STATION values (740, '4', 4140, 404330.52, 5122536.60, 1468.15);
insert into STATION values (741, '5', 4140, 404328.52, 5122539.51, 1470.71);
insert into STATION values (742, '6', 4140, 404326.43, 5122538.72, 1469.72);
insert into STATION values (743, '7', 4140, 404322.79, 5122545.99, 1470.71);
insert into STATION values (744, '8', 4140, 404320.30, 5122549.23, 1471.58);
insert into STATION values (745, '9', 4140, 404319.70, 5122551.37, 1472.18);
insert into STATION values (746, '10', 4140, 404319.03, 5122551.11, 1472.10);
insert into STATION values (747, '2', 4172, 404374.82, 5122467.29, 1454.46);
insert into STATION values (748, '1', 4172, 404374.20, 5122461.56, 1453.50);
insert into STATION values (749, '3', 4172, 404372.38, 5122466.72, 1453.99);
insert into STATION values (750, '4', 4172, 404371.95, 5122470.18, 1453.19);
insert into STATION values (751, '5', 4172, 404369.55, 5122470.13, 1452.47);
insert into STATION values (752, '6', 4172, 404363.22, 5122471.35, 1451.94);
insert into STATION values (753, '7', 4172, 404360.04, 5122478.79, 1452.87);
insert into STATION values (754, '8', 4172, 404361.26, 5122479.25, 1452.67);
insert into STATION values (755, '9', 4172, 404361.95, 5122488.19, 1454.58);
insert into STATION values (756, '10', 4172, 404356.57, 5122490.98, 1455.87);
insert into STATION values (757, '11', 4172, 404354.56, 5122497.73, 1463.96);
insert into STATION values (758, '12', 4172, 404353.41, 5122500.01, 1464.41);
insert into STATION values (759, '13', 4172, 404351.79, 5122506.23, 1464.98);
insert into STATION values (760, '14', 4172, 404351.25, 5122510.98, 1466.81);
insert into STATION values (761, '16', 4172, 404351.78, 5122514.57, 1468.21);
insert into STATION values (762, '17', 4172, 404346.11, 5122516.68, 1468.21);
insert into STATION values (763, '18', 4172, 404345.29, 5122517.60, 1469.27);
insert into STATION values (764, '19', 4172, 404344.35, 5122520.57, 1470.73);
insert into STATION values (765, '20', 4172, 404340.10, 5122524.31, 1470.33);
insert into STATION values (766, '21', 4172, 404335.42, 5122532.23, 1470.49);
insert into STATION values (767, '22', 4172, 404335.42, 5122532.23, 1466.27);
insert into STATION values (768, '23', 4172, 404334.34, 5122530.87, 1466.77);
insert into STATION values (769, '24', 4172, 404336.28, 5122526.21, 1466.15);
insert into STATION values (770, '1', 4244, 404349.40, 5122435.00, 1407.05);
insert into STATION values (771, '2', 4244, 404348.38, 5122436.53, 1420.15);
insert into STATION values (772, '3', 4244, 404351.70, 5122439.69, 1422.38);
insert into STATION values (773, '4', 4244, 404351.19, 5122441.81, 1423.70);
insert into STATION values (774, '5', 4244, 404352.07, 5122448.39, 1425.53);
insert into STATION values (775, '6', 4244, 404352.57, 5122450.85, 1427.39);
insert into STATION values (776, '7', 4244, 404355.95, 5122452.67, 1429.08);
insert into STATION values (777, '8', 4244, 404358.55, 5122458.65, 1429.95);
insert into STATION values (778, '9', 4244, 404356.58, 5122459.69, 1428.96);
insert into STATION values (779, '10', 4244, 404352.39, 5122444.15, 1425.57);
insert into STATION values (780, '11', 4244, 404353.59, 5122445.07, 1431.61);
insert into STATION values (781, '12', 4244, 404353.75, 5122443.81, 1431.42);
insert into STATION values (782, '13', 4244, 404353.77, 5122443.79, 1435.30);
insert into STATION values (783, '14', 4244, 404355.77, 5122442.37, 1436.65);
insert into STATION values (784, '15', 4244, 404354.75, 5122437.47, 1436.86);
insert into STATION values (785, '16', 4244, 404353.51, 5122437.44, 1439.49);
insert into STATION values (786, '17', 4244, 404352.31, 5122444.21, 1440.52);
insert into STATION values (787, '18', 4244, 404354.00, 5122446.42, 1446.84);
insert into STATION values (788, '19', 4244, 404357.50, 5122449.90, 1448.67);
insert into STATION values (789, '20', 4244, 404360.18, 5122450.27, 1449.20);
insert into STATION values (790, '21', 4244, 404364.33, 5122451.85, 1450.75);
insert into STATION values (791, '22', 4244, 404367.04, 5122456.48, 1450.97);
insert into STATION values (792, '23', 4244, 404369.32, 5122456.52, 1451.46);
insert into STATION values (793, '24', 4244, 404374.94, 5122457.30, 1452.79);
insert into STATION values (794, '25', 4244, 404374.41, 5122461.54, 1453.50);
insert into STATION values (795, '26', 4244, 404374.20, 5122461.56, 1453.50);
insert into STATION values (796, '1', 4315, 404268.60, 5122679.44, 1505.07);
insert into STATION values (797, '2', 4315, 404268.60, 5122679.44, 1517.67);
insert into STATION values (798, '3', 4315, 404265.59, 5122682.60, 1516.98);
insert into STATION values (799, '5', 4315, 404277.02, 5122609.27, 1480.69);
insert into STATION values (800, 'SUMP', 4315, 404274.69, 5122604.36, 1479.34);
insert into STATION values (801, '6', 4315, 404276.04, 5122611.88, 1480.40);
insert into STATION values (802, '7', 4315, 404276.95, 5122613.56, 1480.30);
insert into STATION values (803, '8', 4315, 404274.40, 5122621.60, 1482.25);
insert into STATION values (804, '9', 4315, 404274.59, 5122624.81, 1483.35);
insert into STATION values (805, '10', 4315, 404270.43, 5122632.76, 1482.88);
insert into STATION values (806, '11', 4315, 404270.07, 5122634.26, 1485.55);
insert into STATION values (807, '12', 4315, 404267.23, 5122636.51, 1485.30);
insert into STATION values (808, '13', 4315, 404265.48, 5122643.74, 1486.88);
insert into STATION values (809, '14', 4315, 404264.68, 5122646.61, 1487.51);
insert into STATION values (810, '15', 4315, 404263.81, 5122653.12, 1488.09);
insert into STATION values (811, '16', 4315, 404263.81, 5122653.12, 1492.54);
insert into STATION values (812, '17', 4315, 404262.86, 5122653.95, 1493.64);
insert into STATION values (813, '18', 4315, 404264.98, 5122658.05, 1498.58);
insert into STATION values (814, '19', 4315, 404268.79, 5122659.87, 1499.18);
insert into STATION values (815, '20', 4315, 404267.94, 5122662.73, 1501.34);
insert into STATION values (816, '21', 4315, 404269.49, 5122666.14, 1500.68);
insert into STATION values (817, '22', 4315, 404269.49, 5122666.14, 1507.03);
insert into STATION values (818, '23', 4315, 404268.64, 5122672.52, 1508.88);
insert into STATION values (819, '24', 4315, 404268.64, 5122672.52, 1514.73);
insert into STATION values (820, '25', 4315, 404267.21, 5122676.12, 1515.55);
insert into STATION values (821, '26', 4315, 404264.97, 5122678.40, 1514.81);
insert into STATION values (822, '27', 4315, 404263.39, 5122686.99, 1519.93);
insert into STATION values (823, '28', 4315, 404261.10, 5122691.57, 1521.49);
insert into STATION values (824, '29', 4315, 404261.10, 5122691.57, 1541.22);
insert into STATION values (825, '30', 4315, 404266.56, 5122686.40, 1542.15);
insert into STATION values (826, '31', 4315, 404270.88, 5122680.59, 1539.37);
insert into STATION values (827, '32', 4315, 404274.18, 5122677.12, 1539.03);
insert into STATION values (828, '33', 4315, 404274.00, 5122681.06, 1538.76);
insert into STATION values (829, '34', 4315, 404269.03, 5122682.43, 1538.76);
insert into STATION values (830, '35', 4315, 404269.03, 5122682.43, 1534.76);
insert into STATION values (831, '1', 4403, 404150.18, 5122497.50, 1426.09);
insert into STATION values (832, '2', 4403, 404151.81, 5122498.58, 1427.23);
insert into STATION values (833, '3', 4403, 404151.90, 5122498.59, 1443.49);
insert into STATION values (834, '4', 4403, 404149.55, 5122488.22, 1446.69);
insert into STATION values (835, '5', 4403, 404149.34, 5122481.92, 1446.74);
insert into STATION values (836, '6', 4403, 404148.49, 5122478.50, 1444.65);
insert into STATION values (837, '7', 4403, 404137.64, 5122468.76, 1432.07);
insert into STATION values (838, '8', 4403, 404137.64, 5122468.76, 1435.71);
insert into STATION values (839, '9', 4403, 404139.75, 5122469.19, 1441.04);
insert into STATION values (840, '10', 4403, 404145.31, 5122471.50, 1444.38);
insert into STATION values (841, '11', 4403, 404147.64, 5122468.79, 1443.42);
insert into STATION values (842, '12', 4403, 404147.64, 5122468.79, 1440.92);
insert into STATION values (843, '13', 4403, 404160.38, 5122467.57, 1448.63);
insert into STATION values (844, '14', 4403, 404160.47, 5122467.58, 1465.88);
insert into STATION values (845, '15', 4403, 404162.17, 5122466.78, 1465.87);
insert into STATION values (846, '2', 4469, 404122.95, 5122367.40, 1430.64);
insert into STATION values (847, '1', 4469, 404109.58, 5122365.39, 1435.83);
insert into STATION values (848, '3', 4469, 404129.08, 5122366.43, 1427.34);
insert into STATION values (849, '4', 4469, 404131.46, 5122372.21, 1430.52);
insert into STATION values (850, '5', 4469, 404134.75, 5122372.53, 1435.42);
insert into STATION values (851, '6', 4469, 404133.83, 5122375.46, 1437.73);
insert into STATION values (852, '7', 4469, 404143.65, 5122379.55, 1438.10);
insert into STATION values (853, '8', 4469, 404143.65, 5122379.55, 1447.35);
insert into STATION values (854, '9', 4469, 404144.58, 5122380.77, 1448.00);
insert into STATION values (855, '2', 4513, 404163.19, 5122466.22, 1465.86);
insert into STATION values (856, '1', 4513, 404162.17, 5122466.78, 1465.87);
insert into STATION values (857, '3', 4513, 404169.49, 5122465.86, 1465.91);
insert into STATION values (858, '4', 4513, 404170.91, 5122469.41, 1465.33);
insert into STATION values (859, '5', 4513, 404183.44, 5122472.19, 1466.40);
insert into STATION values (860, '6', 4513, 404192.53, 5122471.51, 1464.41);
insert into STATION values (861, '7', 4513, 404192.61, 5122471.52, 1479.57);
insert into STATION values (862, '8', 4513, 404199.79, 5122470.61, 1480.51);
insert into STATION values (863, '9', 4513, 404199.84, 5122470.62, 1492.19);
insert into STATION values (864, '10', 4513, 404197.83, 5122472.47, 1496.16);
insert into STATION values (865, '11', 4513, 404197.89, 5122485.79, 1499.43);
insert into STATION values (866, '12', 4513, 404197.03, 5122490.55, 1500.15);
insert into STATION values (867, '13', 4513, 404194.35, 5122498.34, 1502.29);
insert into STATION values (868, '14', 4513, 404193.94, 5122505.89, 1505.12);
insert into STATION values (869, '15', 4513, 404198.37, 5122505.17, 1510.45);
insert into STATION values (870, '16', 4513, 404203.59, 5122501.90, 1511.14);
insert into STATION values (871, '17', 4513, 404209.35, 5122501.26, 1512.84);
insert into STATION values (872, '18', 4513, 404211.62, 5122497.48, 1512.33);
insert into STATION values (873, '19', 4513, 404214.88, 5122500.90, 1513.19);
insert into STATION values (874, '20', 4513, 404214.89, 5122500.90, 1514.23);
insert into STATION values (875, '21', 4513, 404217.89, 5122500.68, 1512.32);
insert into STATION values (876, '22', 4513, 404220.17, 5122503.15, 1510.42);
insert into STATION values (877, '23', 4513, 404221.10, 5122503.88, 1506.64);
insert into STATION values (878, '24', 4513, 404220.37, 5122501.35, 1506.39);
insert into STATION values (879, '25', 4513, 404220.39, 5122501.35, 1505.43);
insert into STATION values (880, '2', 4581, 404157.03, 5122470.27, 1444.11);
insert into STATION values (881, '1', 4581, 404157.03, 5122470.27, 1440.61);
insert into STATION values (882, '3', 4581, 404156.26, 5122468.47, 1446.07);
insert into STATION values (883, '4', 4581, 404160.81, 5122464.46, 1445.43);
insert into STATION values (884, '5', 4581, 404159.71, 5122461.92, 1444.79);
insert into STATION values (885, '6', 4581, 404159.71, 5122461.92, 1443.59);
insert into STATION values (886, '7', 4581, 404159.71, 5122461.92, 1454.09);
insert into STATION values (887, '8', 4581, 404140.47, 5122469.17, 1439.98);
insert into STATION values (888, '9', 4581, 404143.07, 5122471.03, 1442.14);
insert into STATION values (889, '10', 4581, 404144.98, 5122467.37, 1442.57);
insert into STATION values (890, '11', 4581, 404145.13, 5122465.02, 1443.16);
insert into STATION values (891, '12', 4581, 404147.00, 5122466.75, 1443.25);
insert into STATION values (892, '13', 4581, 404147.00, 5122466.75, 1445.71);
insert into STATION values (893, '14', 4581, 404152.90, 5122466.40, 1446.02);
insert into STATION values (894, '15', 4581, 404152.69, 5122464.77, 1448.28);
insert into STATION values (895, '16', 4581, 404154.50, 5122459.96, 1449.75);
insert into STATION values (896, '17', 4581, 404160.98, 5122460.54, 1454.26);
insert into STATION values (897, '18', 4581, 404163.83, 5122463.67, 1459.30);
insert into STATION values (898, '19', 4581, 404166.82, 5122462.79, 1459.35);
insert into STATION values (899, '20', 4581, 404165.77, 5122460.47, 1460.38);
insert into STATION values (900, '21', 4581, 404168.80, 5122457.98, 1459.62);
insert into STATION values (901, '22', 4581, 404170.88, 5122462.77, 1459.62);
insert into STATION values (902, '23', 4581, 404170.41, 5122464.84, 1459.17);
insert into STATION values (903, '24', 4581, 404170.45, 5122466.48, 1459.28);
insert into STATION values (904, '25', 4581, 404172.55, 5122464.88, 1460.93);
insert into STATION values (905, '26', 4581, 404174.73, 5122464.15, 1461.50);
insert into STATION values (906, '27', 4581, 404175.84, 5122467.90, 1459.76);
insert into STATION values (907, '28', 4581, 404177.50, 5122464.86, 1460.69);
insert into STATION values (908, '29', 4581, 404178.97, 5122467.01, 1460.37);
insert into STATION values (909, '30', 4581, 404178.97, 5122467.01, 1462.74);
insert into STATION values (910, '31', 4581, 404183.47, 5122470.73, 1462.74);
insert into STATION values (911, '32', 4581, 404183.41, 5122468.31, 1466.33);
insert into STATION values (912, '33', 4581, 404183.44, 5122472.19, 1466.40);
insert into STATION values (913, '1', 4655, 404127.72, 5122467.90, 1420.64);
insert into STATION values (914, '2', 4655, 404125.51, 5122468.26, 1418.95);
insert into STATION values (915, '3', 4655, 404124.49, 5122469.50, 1409.85);
insert into STATION values (916, '4', 4655, 404124.49, 5122469.50, 1394.25);
insert into STATION values (917, '5', 4655, 404133.93, 5122463.96, 1419.60);
insert into STATION values (918, '6', 4655, 404140.56, 5122467.88, 1412.42);
insert into STATION values (919, '7', 4655, 404145.68, 5122473.89, 1414.10);
insert into STATION values (920, '8', 4655, 404137.62, 5122471.42, 1436.82);
insert into STATION values (921, '9', 4655, 404140.47, 5122469.17, 1439.98);
insert into STATION values (922, '2', 4701, 404271.62, 5122494.71, 1532.73);
insert into STATION values (923, '1', 4701, 404272.30, 5122491.08, 1531.08);
insert into STATION values (924, '3', 4701, 404267.99, 5122498.80, 1534.94);
insert into STATION values (925, '4', 4701, 404273.07, 5122497.09, 1533.17);
insert into STATION values (926, '5', 4701, 404274.32, 5122498.66, 1534.91);
insert into STATION values (927, '6', 4701, 404273.05, 5122502.94, 1535.86);
insert into STATION values (928, '7', 4701, 404273.41, 5122505.75, 1534.60);
insert into STATION values (929, '9', 4701, 404270.88, 5122496.88, 1529.36);
insert into STATION values (930, '8', 4701, 404265.51, 5122497.57, 1529.55);
insert into STATION values (931, '10', 4701, 404269.08, 5122503.31, 1530.54);
insert into STATION values (932, '11', 4701, 404270.37, 5122503.93, 1532.59);
insert into STATION values (933, '12', 4701, 404269.88, 5122506.33, 1532.93);
insert into STATION values (934, '13', 4701, 404274.08, 5122510.29, 1540.07);
insert into STATION values (935, '14', 4701, 404273.23, 5122512.98, 1540.32);
insert into STATION values (936, '15', 4701, 404273.23, 5122512.98, 1537.76);
insert into STATION values (937, '16', 4701, 404270.46, 5122513.24, 1542.78);
insert into STATION values (938, '17', 4701, 404269.96, 5122515.89, 1546.50);
insert into STATION values (939, '18', 4701, 404269.48, 5122518.47, 1546.77);
insert into STATION values (940, '19', 4701, 404276.70, 5122517.14, 1544.95);
insert into STATION values (941, '20', 4701, 404276.70, 5122517.14, 1549.95);
insert into STATION values (942, '21', 4701, 404268.84, 5122520.08, 1548.71);
insert into STATION values (943, '22', 4701, 404266.33, 5122532.30, 1546.06);
insert into STATION values (944, '23', 4701, 404256.29, 5122523.07, 1533.34);
insert into STATION values (945, '24', 4701, 404255.92, 5122514.29, 1531.31);
insert into STATION values (946, '25', 4701, 404259.45, 5122512.61, 1531.72);
insert into STATION values (947, '26', 4701, 404260.04, 5122513.72, 1531.98);
insert into STATION values (948, '2', 4767, 404109.58, 5122365.39, 1435.83);
insert into STATION values (949, '1', 4767, 404117.72, 5122365.76, 1441.54);
insert into STATION values (950, '3', 4767, 404105.01, 5122364.12, 1432.63);
insert into STATION values (951, '4', 4767, 404105.01, 5122364.12, 1424.31);
insert into STATION values (952, '5', 4767, 404109.39, 5122360.88, 1438.93);
insert into STATION values (953, '6', 4767, 404103.09, 5122351.61, 1437.56);
insert into STATION values (954, '7', 4767, 404105.27, 5122351.05, 1439.26);
insert into STATION values (955, '8', 4767, 404105.27, 5122351.05, 1431.15);
insert into STATION values (956, '9', 4767, 404107.96, 5122343.07, 1431.74);
insert into STATION values (957, '10', 4767, 404108.75, 5122339.80, 1431.27);
insert into STATION values (958, '11', 4767, 404106.92, 5122337.56, 1431.37);
insert into STATION values (959, '12', 4767, 404101.97, 5122331.76, 1415.73);
insert into STATION values (960, '14', 4767, 404093.83, 5122301.01, 1417.12);
insert into STATION values (961, '13', 4767, 404083.42, 5122288.34, 1414.23);
insert into STATION values (962, '15', 4767, 404098.17, 5122308.72, 1418.52);
insert into STATION values (963, '16', 4767, 404099.32, 5122310.17, 1420.58);
insert into STATION values (964, '17', 4767, 404104.09, 5122311.68, 1422.20);
insert into STATION values (965, '18', 4767, 404100.37, 5122316.34, 1419.55);
insert into STATION values (966, '19', 4767, 404101.69, 5122324.32, 1417.68);
insert into STATION values (967, '20', 4767, 404102.74, 5122327.67, 1417.00);
insert into STATION values (968, '21', 4767, 404108.10, 5122312.08, 1418.82);
insert into STATION values (969, '22', 4767, 404111.95, 5122311.58, 1417.56);
insert into STATION values (970, '23', 4767, 404115.11, 5122319.25, 1417.85);
insert into STATION values (971, '24', 4767, 404118.06, 5122319.28, 1417.75);
insert into STATION values (972, '1', 4882, 404089.88, 5122291.15, 1401.98);
insert into STATION values (973, '2', 4882, 404089.88, 5122291.15, 1410.74);
insert into STATION values (974, '3', 4882, 404090.99, 5122294.13, 1412.72);
insert into STATION values (975, '4', 4882, 404090.99, 5122294.13, 1415.26);
insert into STATION values (976, '5', 4882, 404093.83, 5122301.01, 1417.12);
insert into STATION values (977, '6', 4896, 404126.85, 5122322.56, 1413.21);
insert into STATION values (978, '7', 4896, 404131.21, 5122320.86, 1412.80);
insert into STATION values (979, '8', 4896, 404123.17, 5122323.72, 1415.01);
insert into STATION values (980, '9', 4896, 404119.44, 5122320.84, 1419.10);
insert into STATION values (981, '10', 4896, 404118.06, 5122319.28, 1417.75);
insert into STATION values (982, '2', 4896, 404123.14, 5122320.22, 1406.62);
insert into STATION values (983, '1', 4896, 404120.26, 5122315.31, 1403.96);
insert into STATION values (984, '3', 4896, 404124.51, 5122321.83, 1408.16);
insert into STATION values (985, '4', 4896, 404125.46, 5122325.29, 1409.32);
insert into STATION values (986, '5', 4896, 404126.74, 5122324.31, 1411.99);
insert into STATION values (987, '2', 4927, 404100.28, 5122321.37, 1366.05);
insert into STATION values (988, '1', 4927, 404098.62, 5122320.27, 1366.19);
insert into STATION values (989, '3', 4927, 404100.28, 5122321.37, 1372.25);
insert into STATION values (990, '4', 4927, 404100.28, 5122321.37, 1377.19);
insert into STATION values (991, '5', 4927, 404102.56, 5122321.72, 1376.82);
insert into STATION values (992, '6', 4927, 404107.40, 5122320.56, 1383.93);
insert into STATION values (993, '7', 4927, 404109.20, 5122316.44, 1384.81);
insert into STATION values (994, '8', 4927, 404113.19, 5122312.80, 1398.90);
insert into STATION values (995, '9', 4927, 404119.41, 5122314.18, 1399.34);
insert into STATION values (996, '10', 4927, 404119.41, 5122314.18, 1402.89);
insert into STATION values (997, '11', 4927, 404121.33, 5122315.89, 1403.73);
insert into STATION values (998, '12', 4927, 404120.26, 5122315.31, 1403.96);
insert into STATION values (999, '1', 5015, 404243.34, 5122446.36, 1521.95);
insert into STATION values (1000, '2', 5015, 404243.83, 5122443.78, 1520.89);
insert into STATION values (1001, '3', 5015, 404243.83, 5122443.78, 1515.82);
insert into STATION values (1002, '4', 5015, 404244.31, 5122447.07, 1515.53);
insert into STATION values (1003, '5', 5015, 404247.35, 5122452.05, 1518.01);
insert into STATION values (1004, '6', 5015, 404252.67, 5122456.30, 1518.37);
insert into STATION values (1005, '7', 5015, 404253.60, 5122459.91, 1516.94);
insert into STATION values (1006, '1', 5046, 404253.60, 5122459.91, 1516.94);
insert into STATION values (1007, '2', 5046, 404252.72, 5122465.68, 1516.22);
insert into STATION values (1008, '3', 5046, 404252.72, 5122465.68, 1520.38);
insert into STATION values (1009, '4', 5046, 404248.09, 5122467.87, 1520.11);
insert into STATION values (1010, '5', 5046, 404244.90, 5122474.54, 1520.89);
insert into STATION values (1011, '6', 5046, 404238.34, 5122473.07, 1520.89);
insert into STATION values (1012, '7', 5046, 404236.58, 5122480.35, 1521.02);
insert into STATION values (1013, '8', 5046, 404236.42, 5122486.24, 1520.92);
insert into STATION values (1014, '9', 5046, 404237.15, 5122493.96, 1519.41);
insert into STATION values (1015, '10', 5046, 404234.97, 5122500.82, 1519.16);
insert into STATION values (1016, '11', 5046, 404233.82, 5122499.41, 1518.81);
insert into STATION values (1017, '12', 5046, 404230.97, 5122504.64, 1521.84);
insert into STATION values (1018, '2', 5074, 404161.63, 5122514.23, 1433.44);
insert into STATION values (1019, '1', 5074, 404161.63, 5122514.23, 1424.14);
insert into STATION values (1020, '3', 5074, 404161.63, 5122514.23, 1442.63);
insert into STATION values (1021, '4', 5074, 404165.55, 5122516.02, 1448.79);
insert into STATION values (1022, '5', 5074, 404167.85, 5122518.54, 1450.24);
insert into STATION values (1023, '6', 5074, 404168.29, 5122520.73, 1451.80);
insert into STATION values (1024, '7', 5074, 404168.37, 5122523.98, 1451.34);
insert into STATION values (1025, '9', 5074, 404162.54, 5122524.14, 1427.44);
insert into STATION values (1026, '8', 5074, 404162.63, 5122520.65, 1425.81);
insert into STATION values (1027, '10', 5074, 404164.35, 5122525.43, 1440.08);
insert into STATION values (1028, '11', 5074, 404165.60, 5122525.45, 1443.52);
insert into STATION values (1029, '12', 5074, 404167.12, 5122522.13, 1447.29);
insert into STATION values (1030, '13', 5074, 404169.12, 5122521.62, 1451.19);
insert into STATION values (1031, '14', 5074, 404168.28, 5122522.99, 1451.33);
insert into STATION values (1032, '15', 5074, 404170.01, 5122525.71, 1453.57);
insert into STATION values (1033, '16', 5074, 404170.58, 5122530.76, 1458.31);
insert into STATION values (1034, '17', 5074, 404172.38, 5122538.99, 1458.45);
insert into STATION values (1035, '18', 5074, 404174.34, 5122543.11, 1456.52);
insert into STATION values (1036, '19', 5074, 404178.06, 5122542.08, 1456.93);
insert into STATION values (1037, '2', 5114, 404126.47, 5122337.72, 1353.93);
insert into STATION values (1038, '1', 5114, 404126.47, 5122337.72, 1351.85);
insert into STATION values (1039, '3', 5114, 404126.47, 5122337.72, 1356.09);
insert into STATION values (1040, '4', 5114, 404124.38, 5122341.24, 1359.40);
insert into STATION values (1041, '5', 5114, 404122.63, 5122347.11, 1358.43);
insert into STATION values (1042, '6', 5114, 404122.59, 5122350.98, 1359.69);
insert into STATION values (1043, '7', 5114, 404124.80, 5122352.40, 1365.58);
insert into STATION values (1044, '8', 5114, 404127.63, 5122352.82, 1377.05);
insert into STATION values (1045, '9', 5114, 404128.36, 5122353.65, 1377.27);
insert into STATION values (1046, '1', 5140, 404226.87, 5122599.67, 1590.34);
insert into STATION values (1047, '2', 5140, 404232.57, 5122602.52, 1591.69);
insert into STATION values (1048, '3', 5140, 404232.06, 5122605.50, 1592.50);
insert into STATION values (1049, '4', 5140, 404230.49, 5122609.11, 1590.50);
insert into STATION values (1050, '5', 5140, 404231.03, 5122609.82, 1589.95);
insert into STATION values (1051, '6', 5140, 404233.15, 5122611.64, 1589.21);
insert into STATION values (1052, '7', 5140, 404234.35, 5122613.77, 1588.99);
insert into STATION values (1053, '8', 5140, 404238.36, 5122611.12, 1589.41);
insert into STATION values (1054, '9', 5140, 404238.37, 5122611.28, 1588.97);
insert into STATION values (1055, '10', 5140, 404238.31, 5122611.42, 1588.48);
insert into STATION values (1056, '11', 5140, 404239.19, 5122616.98, 1587.89);
insert into STATION values (1057, '12', 5140, 404240.84, 5122621.46, 1595.25);
insert into STATION values (1058, '13', 5140, 404242.09, 5122621.81, 1595.72);
insert into STATION values (1059, '14', 5140, 404244.91, 5122627.61, 1603.71);
insert into STATION values (1060, '15', 5140, 404244.94, 5122627.62, 1604.02);
insert into STATION values (1061, '16', 5140, 404245.38, 5122629.26, 1604.72);
insert into STATION values (1062, '17', 5140, 404246.47, 5122628.85, 1605.14);
insert into STATION values (1063, '18', 5140, 404246.02, 5122628.97, 1607.31);
insert into STATION values (1064, '19', 5140, 404245.57, 5122629.09, 1609.32);
insert into STATION values (1065, '20', 5140, 404237.16, 5122625.93, 1611.47);
insert into STATION values (1066, '2', 5161, 404142.09, 5122330.72, 1375.40);
insert into STATION values (1067, '1', 5161, 404150.04, 5122334.93, 1379.17);
insert into STATION values (1068, '3', 5161, 404147.60, 5122331.04, 1373.19);
insert into STATION values (1069, '4', 5161, 404147.63, 5122331.07, 1369.77);
insert into STATION values (1070, '5', 5161, 404141.11, 5122329.48, 1369.99);
insert into STATION values (1071, '6', 5161, 404140.24, 5122329.92, 1368.35);
insert into STATION values (1072, '7', 5161, 404139.58, 5122327.97, 1365.54);
insert into STATION values (1073, '8', 5161, 404138.99, 5122328.17, 1350.49);
insert into STATION values (1074, '9', 5161, 404135.34, 5122326.09, 1350.48);
insert into STATION values (1075, '10', 5161, 404132.13, 5122324.17, 1351.30);
insert into STATION values (1076, '11', 5161, 404126.99, 5122318.76, 1335.86);
insert into STATION values (1077, '12', 5161, 404124.23, 5122318.42, 1332.93);
insert into STATION values (1078, '13', 5161, 404123.43, 5122317.84, 1311.49);
insert into STATION values (1079, '0', 5268, 404131.02, 5122298.96, 1274.59);
insert into STATION values (1080, '.', 5268, 404131.47, 5122298.82, 1274.56);
insert into STATION values (1081, '.', 5268, 404131.38, 5122299.46, 1274.69);
insert into STATION values (1082, '.', 5268, 404131.08, 5122300.00, 1274.65);
insert into STATION values (1083, '.', 5268, 404130.19, 5122299.81, 1274.70);
insert into STATION values (1084, '.', 5268, 404129.33, 5122298.71, 1274.44);
insert into STATION values (1085, '.', 5268, 404129.80, 5122299.23, 1274.65);
insert into STATION values (1086, '.', 5268, 404130.83, 5122298.11, 1274.63);
insert into STATION values (1087, '.', 5268, 404130.12, 5122297.24, 1274.94);
insert into STATION values (1088, '.', 5268, 404130.24, 5122296.98, 1275.37);
insert into STATION values (1089, '.', 5268, 404131.05, 5122298.42, 1277.95);
insert into STATION values (1090, '.', 5268, 404130.52, 5122298.80, 1276.61);
insert into STATION values (1091, '.', 5268, 404130.21, 5122298.88, 1276.11);
insert into STATION values (1092, '.', 5268, 404130.01, 5122298.70, 1275.74);
insert into STATION values (1093, '.', 5268, 404129.87, 5122298.90, 1275.43);
insert into STATION values (1094, '1', 5268, 404130.46, 5122297.32, 1275.96);
insert into STATION values (1095, '.', 5268, 404131.50, 5122297.25, 1275.88);
insert into STATION values (1096, '.', 5268, 404131.35, 5122296.79, 1275.96);
insert into STATION values (1097, '.', 5268, 404131.35, 5122296.28, 1275.95);
insert into STATION values (1098, '.', 5268, 404131.56, 5122294.60, 1275.90);
insert into STATION values (1099, '.', 5268, 404131.60, 5122292.79, 1275.88);
insert into STATION values (1100, '.', 5268, 404133.03, 5122282.08, 1275.04);
insert into STATION values (1101, '.', 5268, 404132.14, 5122286.66, 1275.36);
insert into STATION values (1102, '.', 5268, 404131.42, 5122290.82, 1275.63);
insert into STATION values (1103, '.', 5268, 404130.77, 5122293.15, 1275.73);
insert into STATION values (1104, '.', 5268, 404130.58, 5122294.11, 1275.81);
insert into STATION values (1105, '.', 5268, 404130.69, 5122294.62, 1275.87);
insert into STATION values (1106, '.', 5268, 404131.67, 5122293.05, 1275.82);
insert into STATION values (1107, '.', 5268, 404131.91, 5122293.41, 1275.80);
insert into STATION values (1108, '.', 5268, 404132.13, 5122293.90, 1275.85);
insert into STATION values (1109, '.', 5268, 404131.69, 5122295.79, 1275.98);
insert into STATION values (1110, '.', 5268, 404131.57, 5122296.53, 1275.98);
insert into STATION values (1111, '.', 5268, 404131.46, 5122297.07, 1276.03);
insert into STATION values (1112, '.', 5268, 404131.59, 5122297.43, 1276.11);
insert into STATION values (1113, '.', 5268, 404131.34, 5122297.99, 1276.08);
insert into STATION values (1114, '.', 5268, 404131.10, 5122298.60, 1276.12);
insert into STATION values (1115, '.', 5268, 404131.12, 5122299.79, 1276.05);
insert into STATION values (1116, '.', 5268, 404130.88, 5122303.23, 1276.14);
insert into STATION values (1117, '.', 5268, 404130.36, 5122300.18, 1274.58);
insert into STATION values (1118, '.', 5268, 404130.42, 5122300.22, 1275.02);
insert into STATION values (1119, '.', 5268, 404130.54, 5122300.16, 1275.42);
insert into STATION values (1120, '.', 5268, 404130.63, 5122300.28, 1275.87);
insert into STATION values (1121, '.', 5268, 404131.26, 5122304.03, 1276.91);
insert into STATION values (1122, '.', 5268, 404130.25, 5122299.19, 1276.01);
insert into STATION values (1123, '.', 5268, 404130.59, 5122299.35, 1276.11);
insert into STATION values (1124, '.', 5268, 404133.60, 5122300.42, 1282.33);
insert into STATION values (1125, '.', 5268, 404133.53, 5122299.80, 1280.97);
insert into STATION values (1126, '.', 5268, 404132.69, 5122298.95, 1278.95);
insert into STATION values (1127, '.', 5268, 404131.64, 5122298.16, 1277.21);
insert into STATION values (1128, '.', 5268, 404132.24, 5122298.55, 1277.96);
insert into STATION values (1129, '.', 5268, 404131.43, 5122298.01, 1276.47);
insert into STATION values (1130, '.', 5268, 404131.43, 5122297.73, 1276.11);
insert into STATION values (1131, '.', 5268, 404133.93, 5122298.99, 1284.60);
insert into STATION values (1132, '.', 5268, 404134.15, 5122299.08, 1283.65);
insert into STATION values (1133, '.', 5268, 404133.46, 5122298.75, 1281.30);
insert into STATION values (1134, '.', 5268, 404133.13, 5122298.82, 1279.80);
insert into STATION values (1135, '.', 5268, 404132.38, 5122298.28, 1278.29);
insert into STATION values (1136, '.', 5268, 404134.17, 5122301.22, 1284.03);
insert into STATION values (1137, '2', 5268, 404133.76, 5122299.71, 1283.43);
insert into STATION values (1138, '3', 5268, 404130.85, 5122294.47, 1275.03);
insert into STATION values (1139, '.', 5268, 404131.87, 5122285.47, 1274.89);
insert into STATION values (1140, '.', 5268, 404131.03, 5122290.50, 1275.00);
insert into STATION values (1141, '.', 5268, 404130.62, 5122290.83, 1275.04);
insert into STATION values (1142, '.', 5268, 404129.01, 5122291.71, 1275.39);
insert into STATION values (1143, '.', 5268, 404130.34, 5122294.08, 1275.19);
insert into STATION values (1144, '.', 5268, 404130.31, 5122294.47, 1275.22);
insert into STATION values (1145, '.', 5268, 404130.36, 5122294.53, 1275.35);
insert into STATION values (1146, '.', 5268, 404134.75, 5122295.78, 1284.19);
insert into STATION values (1147, '.', 5268, 404135.91, 5122293.91, 1286.81);
insert into STATION values (1148, '.', 5268, 404134.65, 5122291.78, 1283.17);
insert into STATION values (1149, '.', 5268, 404136.44, 5122290.35, 1286.20);
insert into STATION values (1150, '.', 5268, 404136.05, 5122288.54, 1285.03);
insert into STATION values (1151, '.', 5268, 404136.81, 5122285.81, 1285.92);
insert into STATION values (1152, '.', 5268, 404137.23, 5122283.79, 1286.32);
insert into STATION values (1153, '.', 5268, 404133.17, 5122289.83, 1279.19);
insert into STATION values (1154, '.', 5268, 404131.13, 5122294.54, 1275.28);
insert into STATION values (1155, '.', 5268, 404131.99, 5122294.78, 1276.91);
insert into STATION values (1156, '.', 5268, 404132.30, 5122294.73, 1278.02);
insert into STATION values (1157, '.', 5268, 404135.71, 5122294.51, 1286.02);
insert into STATION values (1158, '.', 5268, 404134.05, 5122296.82, 1283.44);
insert into STATION values (1159, '.', 5268, 404134.06, 5122298.76, 1283.65);
insert into STATION values (1160, '.', 5268, 404133.38, 5122300.74, 1282.49);
insert into STATION values (1161, '.', 5268, 404133.54, 5122304.79, 1285.48);
insert into STATION values (1162, '.', 5268, 404132.94, 5122300.47, 1281.70);
insert into STATION values (1163, '.', 5268, 404131.36, 5122290.64, 1273.56);
insert into STATION values (1164, '4', 5268, 404131.34, 5122290.72, 1273.59);
insert into STATION values (1165, '.', 5268, 404131.37, 5122290.74, 1273.44);
insert into STATION values (1166, '.', 5268, 404131.18, 5122286.93, 1273.73);
insert into STATION values (1167, '.', 5268, 404130.28, 5122289.19, 1273.57);
insert into STATION values (1168, '.', 5268, 404130.36, 5122290.19, 1273.64);
insert into STATION values (1169, '.', 5268, 404129.95, 5122293.38, 1273.86);
insert into STATION values (1170, '.', 5268, 404129.52, 5122291.91, 1273.65);
insert into STATION values (1171, '.', 5268, 404129.54, 5122290.98, 1273.79);
insert into STATION values (1172, '.', 5268, 404131.45, 5122290.95, 1276.51);
insert into STATION values (1173, '.', 5268, 404130.85, 5122290.61, 1275.05);
insert into STATION values (1174, '.', 5268, 404130.71, 5122290.54, 1274.40);
insert into STATION values (1175, '5', 5268, 404129.75, 5122290.45, 1272.53);
insert into STATION values (1176, '.', 5268, 404128.19, 5122290.04, 1271.48);
insert into STATION values (1177, '6', 5268, 404128.12, 5122284.24, 1264.86);
insert into STATION values (1178, '7', 5268, 404127.73, 5122283.61, 1265.57);
insert into STATION values (1179, '.', 5268, 404128.26, 5122284.26, 1264.99);
insert into STATION values (1180, '8', 5268, 404127.57, 5122282.63, 1265.81);
insert into STATION values (1181, '.', 5268, 404129.14, 5122272.13, 1264.19);
insert into STATION values (1182, '.', 5268, 404128.84, 5122281.94, 1265.71);
insert into STATION values (1183, '.', 5268, 404129.49, 5122280.13, 1265.81);
insert into STATION values (1184, '.', 5268, 404129.61, 5122278.90, 1265.82);
insert into STATION values (1185, '.', 5268, 404130.49, 5122273.94, 1265.40);
insert into STATION values (1186, '.', 5268, 404127.62, 5122276.91, 1265.99);
insert into STATION values (1187, '.', 5268, 404127.08, 5122278.94, 1265.94);
insert into STATION values (1188, '.', 5268, 404127.10, 5122280.27, 1265.94);
insert into STATION values (1189, '.', 5268, 404127.31, 5122281.44, 1265.85);
insert into STATION values (1190, '.', 5268, 404129.75, 5122282.93, 1269.40);
insert into STATION values (1191, '.', 5268, 404132.94, 5122283.46, 1275.94);
insert into STATION values (1192, '.', 5268, 404128.67, 5122282.48, 1265.80);
insert into STATION values (1193, '.', 5268, 404128.49, 5122283.99, 1265.85);
insert into STATION values (1194, '.', 5268, 404128.43, 5122283.64, 1265.86);
insert into STATION values (1195, '.', 5268, 404128.35, 5122284.39, 1265.95);
insert into STATION values (1196, '.', 5268, 404127.58, 5122283.30, 1265.83);
insert into STATION values (1197, '.', 5268, 404127.66, 5122283.53, 1265.89);
insert into STATION values (1198, '.', 5268, 404133.68, 5122299.71, 1283.54);
insert into STATION values (1199, '.', 5268, 404133.83, 5122297.44, 1283.42);
insert into STATION values (1200, '.', 5268, 404133.13, 5122298.61, 1283.34);
insert into STATION values (1201, '.', 5268, 404133.48, 5122299.55, 1283.44);
insert into STATION values (1202, '.', 5268, 404133.24, 5122299.90, 1283.39);
insert into STATION values (1203, '.', 5268, 404133.23, 5122300.60, 1283.49);
insert into STATION values (1204, '.', 5268, 404130.52, 5122304.40, 1276.26);
insert into STATION values (1205, '.', 5268, 404130.69, 5122303.25, 1276.21);
insert into STATION values (1206, '.', 5268, 404130.77, 5122300.53, 1275.93);
insert into STATION values (1207, '.', 5268, 404129.75, 5122290.80, 1270.93);
insert into STATION values (1208, '.', 5268, 404130.87, 5122294.58, 1274.61);
insert into STATION values (1209, '.', 5268, 404130.98, 5122295.82, 1275.02);
insert into STATION values (1210, '.', 5268, 404130.57, 5122297.12, 1274.50);
insert into STATION values (1211, '.', 5268, 404134.28, 5122288.52, 1280.45);
insert into STATION values (1212, '.', 5268, 404134.05, 5122284.35, 1278.09);
insert into STATION values (1213, '.', 5268, 404133.48, 5122289.77, 1278.63);
insert into STATION values (1214, '.', 5268, 404131.75, 5122286.12, 1274.45);
insert into STATION values (1215, '9', 5268, 404133.04, 5122302.65, 1283.66);
insert into STATION values (1216, '.', 5268, 404132.54, 5122305.65, 1283.88);
insert into STATION values (1217, '.', 5268, 404133.47, 5122302.63, 1283.65);
insert into STATION values (1218, '.', 5268, 404133.37, 5122302.03, 1283.61);
insert into STATION values (1219, '.', 5268, 404134.89, 5122289.91, 1282.03);
insert into STATION values (1220, '.', 5268, 404132.95, 5122300.87, 1283.39);
insert into STATION values (1221, '.', 5268, 404132.88, 5122302.71, 1283.64);
insert into STATION values (1222, '.', 5268, 404132.86, 5122303.44, 1283.63);
insert into STATION values (1223, '.', 5268, 404133.97, 5122302.69, 1285.50);
insert into STATION values (1224, '.', 5268, 404133.78, 5122302.69, 1285.14);
insert into STATION values (1225, '10', 5268, 404133.79, 5122302.69, 1285.15);
insert into STATION values (1226, '.', 5268, 404133.75, 5122302.72, 1285.15);
insert into STATION values (1227, '.', 5268, 404133.12, 5122302.68, 1284.85);
insert into STATION values (1228, '.', 5268, 404132.47, 5122302.62, 1286.06);
insert into STATION values (1229, '.', 5268, 404132.17, 5122302.34, 1284.90);
insert into STATION values (1230, '.', 5268, 404132.36, 5122300.66, 1284.06);
insert into STATION values (1231, '.', 5268, 404131.96, 5122301.87, 1284.07);
insert into STATION values (1232, '.', 5268, 404132.27, 5122301.98, 1284.47);
insert into STATION values (1233, '.', 5268, 404131.24, 5122306.65, 1283.41);
insert into STATION values (1234, '.', 5268, 404131.23, 5122304.20, 1283.85);
insert into STATION values (1235, '.', 5268, 404131.35, 5122303.68, 1283.97);
insert into STATION values (1236, '.', 5268, 404131.23, 5122309.67, 1280.51);
insert into STATION values (1237, '11', 5268, 404132.14, 5122308.96, 1282.32);
insert into STATION values (1238, '.', 5268, 404131.15, 5122315.83, 1287.53);
insert into STATION values (1239, '.', 5268, 404132.39, 5122311.04, 1284.03);
insert into STATION values (1240, '.', 5268, 404133.06, 5122310.28, 1283.76);
insert into STATION values (1241, '.', 5268, 404133.08, 5122309.51, 1283.56);
insert into STATION values (1242, '.', 5268, 404133.16, 5122308.69, 1283.41);
insert into STATION values (1243, '.', 5268, 404133.18, 5122308.01, 1283.40);
insert into STATION values (1244, '.', 5268, 404133.33, 5122306.85, 1283.61);
insert into STATION values (1245, '.', 5268, 404133.36, 5122304.05, 1284.05);
insert into STATION values (1246, '.', 5268, 404133.36, 5122301.33, 1284.47);
insert into STATION values (1247, '.', 5268, 404132.83, 5122302.51, 1284.21);
insert into STATION values (1248, '.', 5268, 404132.03, 5122306.72, 1283.07);
insert into STATION values (1249, '.', 5268, 404131.88, 5122307.39, 1282.96);
insert into STATION values (1250, '.', 5268, 404131.71, 5122307.82, 1282.93);
insert into STATION values (1251, '.', 5268, 404131.54, 5122308.48, 1282.88);
insert into STATION values (1252, '.', 5268, 404131.63, 5122308.93, 1282.88);
insert into STATION values (1253, '.', 5268, 404131.77, 5122309.38, 1282.96);
insert into STATION values (1254, '.', 5268, 404131.75, 5122308.85, 1283.25);
insert into STATION values (1255, '.', 5268, 404131.80, 5122308.89, 1283.56);
insert into STATION values (1256, '.', 5268, 404131.91, 5122309.12, 1285.05);
insert into STATION values (1257, '.', 5268, 404132.39, 5122308.98, 1283.68);
insert into STATION values (1258, '.', 5268, 404133.01, 5122309.02, 1284.16);
insert into STATION values (1259, '.', 5268, 404132.87, 5122309.47, 1283.74);
insert into STATION values (1260, '12', 5268, 404131.49, 5122311.61, 1284.90);
insert into STATION values (1261, '.', 5268, 404131.13, 5122316.13, 1288.00);
insert into STATION values (1262, '.', 5268, 404132.25, 5122316.10, 1287.64);
insert into STATION values (1263, '.', 5268, 404133.79, 5122316.47, 1288.22);
insert into STATION values (1264, '.', 5268, 404134.94, 5122314.98, 1287.84);
insert into STATION values (1265, '.', 5268, 404134.76, 5122312.81, 1287.32);
insert into STATION values (1266, '.', 5268, 404134.09, 5122311.45, 1286.68);
insert into STATION values (1267, '.', 5268, 404133.89, 5122310.47, 1286.75);
insert into STATION values (1268, '.', 5268, 404131.29, 5122311.84, 1286.05);
insert into STATION values (1269, '.', 5268, 404130.66, 5122313.94, 1286.95);
insert into STATION values (1270, '.', 5268, 404130.86, 5122315.37, 1287.25);
insert into STATION values (1271, '.', 5268, 404131.55, 5122310.69, 1286.30);
insert into STATION values (1272, '.', 5268, 404132.00, 5122309.38, 1286.62);
insert into STATION values (1273, '.', 5268, 404132.48, 5122308.05, 1287.21);
insert into STATION values (1274, '.', 5268, 404133.10, 5122306.28, 1287.86);
insert into STATION values (1275, '.', 5268, 404134.78, 5122303.12, 1290.26);
insert into STATION values (1276, '.', 5268, 404134.98, 5122300.58, 1290.37);
insert into STATION values (1277, '13', 5268, 404133.31, 5122312.19, 1285.75);
insert into STATION values (1278, '.', 5268, 404135.11, 5122312.78, 1286.66);
insert into STATION values (1279, '.', 5268, 404132.84, 5122313.02, 1304.69);
insert into STATION values (1280, '.', 5268, 404133.55, 5122313.69, 1304.58);
insert into STATION values (1281, '.', 5268, 404134.04, 5122313.41, 1296.65);
insert into STATION values (1282, '.', 5268, 404132.43, 5122314.44, 1294.65);
insert into STATION values (1283, '.', 5268, 404132.33, 5122314.56, 1292.05);
insert into STATION values (1284, '.', 5268, 404132.07, 5122315.04, 1290.77);
insert into STATION values (1285, '.', 5268, 404131.82, 5122315.26, 1289.69);
insert into STATION values (1286, '.', 5268, 404131.70, 5122315.61, 1288.62);
insert into STATION values (1287, '.', 5268, 404131.79, 5122315.53, 1287.03);
insert into STATION values (1288, '.', 5268, 404131.49, 5122315.88, 1285.92);
insert into STATION values (1289, '.', 5268, 404130.36, 5122314.03, 1286.43);
insert into STATION values (1290, '.', 5268, 404130.36, 5122313.02, 1286.51);
insert into STATION values (1291, '.', 5268, 404130.61, 5122312.41, 1286.48);
insert into STATION values (1292, '.', 5268, 404130.91, 5122311.46, 1286.63);
insert into STATION values (1293, '.', 5268, 404131.10, 5122310.90, 1286.58);
insert into STATION values (1294, '.', 5268, 404131.33, 5122310.40, 1286.77);
insert into STATION values (1295, '14', 5268, 404133.30, 5122314.24, 1285.93);
insert into STATION values (1296, '.', 5268, 404133.78, 5122316.24, 1286.08);
insert into STATION values (1297, '15', 5268, 404129.84, 5122312.05, 1305.56);
insert into STATION values (1298, '16', 5268, 404124.62, 5122314.05, 1307.71);
insert into STATION values (1299, '17', 5268, 404126.33, 5122316.72, 1311.72);
insert into STATION values (1300, '18', 5268, 404123.43, 5122317.84, 1311.49);
insert into STATION values (1301, '1', 5390, 404119.82, 5122279.37, 1289.16);
insert into STATION values (1302, '2', 5390, 404115.19, 5122280.45, 1288.88);
insert into STATION values (1303, '3', 5390, 404114.68, 5122280.02, 1289.19);
insert into STATION values (1304, '4', 5390, 404115.58, 5122284.81, 1291.14);
insert into STATION values (1305, '5', 5390, 404117.24, 5122284.45, 1291.85);
insert into STATION values (1306, '6', 5390, 404114.62, 5122287.55, 1292.69);
insert into STATION values (1307, '7', 5390, 404116.81, 5122289.64, 1291.80);
insert into STATION values (1308, '8', 5390, 404116.88, 5122289.55, 1293.87);
insert into STATION values (1309, '9', 5390, 404119.33, 5122292.70, 1294.08);
insert into STATION values (1310, '10', 5390, 404119.76, 5122292.12, 1294.04);
insert into STATION values (1311, '11', 5390, 404122.30, 5122297.39, 1297.57);
insert into STATION values (1312, '12', 5390, 404121.22, 5122296.37, 1297.60);
insert into STATION values (1313, '13', 5390, 404120.07, 5122299.53, 1301.12);
insert into STATION values (1314, '14', 5390, 404118.50, 5122302.86, 1302.91);
insert into STATION values (1315, '15', 5390, 404116.30, 5122304.36, 1303.25);
insert into STATION values (1316, '16', 5390, 404116.45, 5122305.44, 1303.80);
insert into STATION values (1317, '17', 5390, 404114.20, 5122307.75, 1303.96);
insert into STATION values (1318, '18', 5390, 404111.94, 5122310.86, 1305.18);
insert into STATION values (1319, '19', 5390, 404114.44, 5122310.57, 1305.83);
insert into STATION values (1320, '20', 5390, 404112.68, 5122316.34, 1305.74);
insert into STATION values (1321, '21', 5390, 404116.79, 5122318.99, 1307.30);
insert into STATION values (1322, '22', 5390, 404117.12, 5122318.44, 1308.21);
insert into STATION values (1323, '23', 5390, 404123.62, 5122318.81, 1310.61);
insert into STATION values (1324, '24', 5390, 404124.96, 5122318.87, 1311.23);
insert into STATION values (1325, '25', 5390, 404123.43, 5122317.84, 1311.49);
insert into STATION values (1326, '2', 5475, 404117.25, 5122271.50, 1282.76);
insert into STATION values (1327, '1', 5475, 404117.74, 5122269.27, 1281.57);
insert into STATION values (1328, '3', 5475, 404118.23, 5122276.62, 1286.76);
insert into STATION values (1329, '4', 5475, 404119.82, 5122279.37, 1289.16);
insert into STATION values (1330, '1', 5500, 404099.48, 5122247.34, 1256.75);
insert into STATION values (1331, '2', 5500, 404101.76, 5122247.04, 1260.16);
insert into STATION values (1332, '3', 5500, 404103.81, 5122248.34, 1262.95);
insert into STATION values (1333, '4', 5500, 404105.60, 5122250.30, 1263.23);
insert into STATION values (1334, '5', 5500, 404107.14, 5122249.79, 1263.67);
insert into STATION values (1335, '6', 5500, 404108.59, 5122250.98, 1268.31);
insert into STATION values (1336, '7', 5500, 404109.13, 5122252.43, 1268.76);
insert into STATION values (1337, '8', 5500, 404110.46, 5122253.64, 1268.31);
insert into STATION values (1338, '9', 5500, 404109.60, 5122257.24, 1268.31);
insert into STATION values (1339, '10', 5500, 404109.28, 5122259.63, 1271.88);
insert into STATION values (1340, '11', 5500, 404112.17, 5122260.88, 1272.61);
insert into STATION values (1341, '12', 5500, 404111.37, 5122263.27, 1273.95);
insert into STATION values (1342, '13', 5500, 404115.19, 5122264.85, 1276.33);
insert into STATION values (1343, '14', 5500, 404116.63, 5122268.92, 1280.08);
insert into STATION values (1344, '15', 5500, 404117.74, 5122269.27, 1281.57);
insert into STATION values (1345, '2', 5552, 404091.98, 5122249.86, 1250.11);
insert into STATION values (1346, '1', 5552, 404099.48, 5122247.34, 1256.75);
insert into STATION values (1347, '3', 5552, 404089.89, 5122248.08, 1250.11);
insert into STATION values (1348, '4', 5552, 404079.15, 5122245.10, 1240.07);
insert into STATION values (1349, '5', 5552, 404091.98, 5122249.86, 1241.49);
insert into STATION values (1350, '0', 5571, 403997.98, 5122247.24, 1182.48);
insert into STATION values (1351, '.', 5571, 403999.30, 5122247.73, 1182.26);
insert into STATION values (1352, '.', 5571, 403998.79, 5122248.55, 1182.22);
insert into STATION values (1353, '.', 5571, 404001.05, 5122265.92, 1180.56);
insert into STATION values (1354, '.', 5571, 403998.22, 5122248.05, 1186.75);
insert into STATION values (1355, '.', 5571, 403997.54, 5122247.33, 1183.78);
insert into STATION values (1356, '.', 5571, 403997.99, 5122247.43, 1184.57);
insert into STATION values (1357, '.', 5571, 403998.15, 5122247.25, 1183.47);
insert into STATION values (1358, '.', 5571, 403997.41, 5122247.19, 1182.45);
insert into STATION values (1359, '.', 5571, 403997.41, 5122247.17, 1182.78);
insert into STATION values (1360, '.', 5571, 403997.49, 5122247.18, 1183.15);
insert into STATION values (1361, '.', 5571, 403997.48, 5122246.73, 1182.26);
insert into STATION values (1362, '.', 5571, 403997.63, 5122245.57, 1182.47);
insert into STATION values (1363, '1', 5571, 403999.79, 5122243.87, 1182.22);
insert into STATION values (1364, '.', 5571, 403997.89, 5122244.01, 1182.30);
insert into STATION values (1365, '.', 5571, 403997.27, 5122245.30, 1182.55);
insert into STATION values (1366, '.', 5571, 403997.05, 5122246.56, 1182.68);
insert into STATION values (1367, '.', 5571, 403995.57, 5122246.97, 1182.70);
insert into STATION values (1368, '.', 5571, 403997.34, 5122240.59, 1182.19);
insert into STATION values (1369, '.', 5571, 403997.56, 5122241.96, 1182.24);
insert into STATION values (1370, '.', 5571, 403997.78, 5122242.82, 1182.08);
insert into STATION values (1371, '.', 5571, 403999.26, 5122243.56, 1179.07);
insert into STATION values (1372, '.', 5571, 403997.67, 5122239.44, 1181.69);
insert into STATION values (1373, '2', 5571, 403997.60, 5122239.00, 1179.40);
insert into STATION values (1374, '.', 5571, 403997.78, 5122239.02, 1180.03);
insert into STATION values (1375, '.', 5571, 404003.25, 5122238.70, 1185.01);
insert into STATION values (1376, '.', 5571, 404005.53, 5122240.51, 1185.16);
insert into STATION values (1377, '.', 5571, 404007.41, 5122243.12, 1184.61);
insert into STATION values (1378, '.', 5571, 404003.30, 5122237.36, 1183.34);
insert into STATION values (1379, '.', 5571, 404000.47, 5122236.69, 1182.29);
insert into STATION values (1380, '.', 5571, 404000.25, 5122235.86, 1183.07);
insert into STATION values (1381, '.', 5571, 404000.09, 5122244.08, 1181.17);
insert into STATION values (1382, '.', 5571, 404002.28, 5122242.88, 1181.68);
insert into STATION values (1383, '.', 5571, 404005.45, 5122242.70, 1182.68);
insert into STATION values (1384, '3', 5571, 404003.05, 5122237.61, 1181.46);
insert into STATION values (1385, '.', 5571, 403997.91, 5122237.20, 1182.12);
insert into STATION values (1386, '.', 5571, 403997.96, 5122239.36, 1181.77);
insert into STATION values (1387, '.', 5571, 403998.53, 5122241.72, 1181.34);
insert into STATION values (1388, '.', 5571, 404001.26, 5122240.60, 1181.40);
insert into STATION values (1389, '.', 5571, 404002.61, 5122242.91, 1181.49);
insert into STATION values (1390, '.', 5571, 404004.09, 5122243.61, 1180.97);
insert into STATION values (1391, '.', 5571, 404005.28, 5122244.59, 1180.56);
insert into STATION values (1392, '.', 5571, 404007.04, 5122244.65, 1179.45);
insert into STATION values (1393, '.', 5571, 404011.67, 5122253.40, 1176.80);
insert into STATION values (1394, '.', 5571, 404008.60, 5122243.09, 1180.37);
insert into STATION values (1395, '.', 5571, 404006.01, 5122239.57, 1181.05);
insert into STATION values (1396, '.', 5571, 404004.96, 5122238.45, 1182.00);
insert into STATION values (1397, '.', 5571, 404003.33, 5122237.17, 1182.17);
insert into STATION values (1398, '.', 5571, 404003.37, 5122237.07, 1183.21);
insert into STATION values (1399, '.', 5571, 404002.97, 5122237.82, 1184.05);
insert into STATION values (1400, '.', 5571, 404002.62, 5122238.21, 1184.18);
insert into STATION values (1401, '.', 5571, 404001.59, 5122239.50, 1185.21);
insert into STATION values (1402, '.', 5571, 404001.23, 5122241.33, 1183.91);
insert into STATION values (1403, '.', 5571, 404001.15, 5122242.11, 1181.73);
insert into STATION values (1404, '.', 5571, 404001.27, 5122243.28, 1180.94);
insert into STATION values (1405, '4', 5571, 404010.12, 5122250.45, 1177.25);
insert into STATION values (1406, '.', 5571, 404011.27, 5122249.67, 1177.48);
insert into STATION values (1407, '.', 5571, 404011.49, 5122249.63, 1178.64);
insert into STATION values (1408, '.', 5571, 404012.86, 5122249.02, 1182.02);
insert into STATION values (1409, '.', 5571, 404012.04, 5122249.70, 1184.00);
insert into STATION values (1410, '.', 5571, 404011.24, 5122250.63, 1187.56);
insert into STATION values (1411, '.', 5571, 404009.04, 5122251.04, 1177.11);
insert into STATION values (1412, '.', 5571, 404009.43, 5122250.97, 1177.87);
insert into STATION values (1413, '.', 5571, 404009.53, 5122250.95, 1178.37);
insert into STATION values (1414, '.', 5571, 404009.81, 5122251.02, 1178.99);
insert into STATION values (1415, '.', 5571, 404004.49, 5122241.62, 1178.13);
insert into STATION values (1416, '.', 5571, 404007.96, 5122242.70, 1177.98);
insert into STATION values (1417, '.', 5571, 404009.68, 5122244.92, 1177.83);
insert into STATION values (1418, '.', 5571, 404010.55, 5122247.36, 1177.59);
insert into STATION values (1419, '.', 5571, 404010.38, 5122248.24, 1177.26);
insert into STATION values (1420, '.', 5571, 404009.16, 5122250.80, 1177.28);
insert into STATION values (1421, '.', 5571, 404009.33, 5122251.24, 1177.31);
insert into STATION values (1422, '5', 5571, 404008.94, 5122253.14, 1175.61);
insert into STATION values (1423, '.', 5571, 404011.19, 5122253.17, 1175.39);
insert into STATION values (1424, '.', 5571, 404012.27, 5122253.48, 1175.20);
insert into STATION values (1425, '.', 5571, 404009.96, 5122252.31, 1175.62);
insert into STATION values (1426, '.', 5571, 404009.58, 5122254.90, 1175.39);
insert into STATION values (1427, '.', 5571, 404007.70, 5122253.77, 1175.37);
insert into STATION values (1428, '.', 5571, 404007.90, 5122253.65, 1175.52);
insert into STATION values (1429, '.', 5571, 404007.82, 5122254.01, 1175.57);
insert into STATION values (1430, '.', 5571, 404012.04, 5122249.67, 1178.61);
insert into STATION values (1431, '.', 5571, 404009.25, 5122252.95, 1175.82);
insert into STATION values (1432, '6', 5571, 404010.99, 5122255.48, 1173.79);
insert into STATION values (1433, '.', 5571, 404013.06, 5122258.04, 1172.33);
insert into STATION values (1434, '.', 5571, 404010.74, 5122255.92, 1173.83);
insert into STATION values (1435, '.', 5571, 404011.28, 5122256.00, 1173.86);
insert into STATION values (1436, '.', 5571, 404011.78, 5122255.17, 1173.90);
insert into STATION values (1437, '.', 5571, 404012.15, 5122255.27, 1173.95);
insert into STATION values (1438, '.', 5571, 404011.41, 5122254.54, 1174.04);
insert into STATION values (1439, '.', 5571, 404011.38, 5122254.25, 1174.15);
insert into STATION values (1440, '.', 5571, 404009.86, 5122255.23, 1174.19);
insert into STATION values (1441, '.', 5571, 404008.41, 5122254.58, 1174.75);
insert into STATION values (1442, '7', 5571, 404013.52, 5122258.02, 1174.00);
insert into STATION values (1443, '.', 5571, 404016.43, 5122255.63, 1175.09);
insert into STATION values (1444, '.', 5571, 404015.38, 5122254.89, 1175.55);
insert into STATION values (1445, '.', 5571, 404013.69, 5122255.81, 1175.21);
insert into STATION values (1446, '.', 5571, 404013.19, 5122256.58, 1174.62);
insert into STATION values (1447, '.', 5571, 404012.66, 5122256.62, 1174.38);
insert into STATION values (1448, '.', 5571, 404012.65, 5122256.20, 1174.74);
insert into STATION values (1449, '.', 5571, 404013.76, 5122257.98, 1175.62);
insert into STATION values (1450, '.', 5571, 404013.42, 5122257.20, 1175.53);
insert into STATION values (1451, '.', 5571, 404013.55, 5122256.48, 1175.59);
insert into STATION values (1452, '.', 5571, 404013.52, 5122256.46, 1174.48);
insert into STATION values (1453, '.', 5571, 404013.51, 5122256.78, 1173.84);
insert into STATION values (1454, '.', 5571, 404013.53, 5122256.97, 1173.35);
insert into STATION values (1455, '8', 5571, 404015.25, 5122257.13, 1173.38);
insert into STATION values (1456, '.', 5571, 404016.85, 5122255.97, 1172.88);
insert into STATION values (1457, '9', 5571, 404016.36, 5122257.71, 1171.49);
insert into STATION values (1458, '.', 5571, 404017.46, 5122258.42, 1169.60);
insert into STATION values (1459, '.', 5571, 404016.64, 5122255.73, 1171.76);
insert into STATION values (1460, '.', 5571, 404016.15, 5122255.36, 1171.78);
insert into STATION values (1461, '.', 5571, 404015.93, 5122256.38, 1171.66);
insert into STATION values (1462, '.', 5571, 404016.74, 5122256.50, 1172.09);
insert into STATION values (1463, '.', 5571, 404016.65, 5122256.63, 1174.36);
insert into STATION values (1464, '.', 5571, 404016.02, 5122256.89, 1175.58);
insert into STATION values (1465, '.', 5571, 404015.62, 5122257.87, 1175.33);
insert into STATION values (1466, '.', 5571, 404014.66, 5122258.23, 1175.70);
insert into STATION values (1467, '.', 5571, 404018.85, 5122259.76, 1174.61);
insert into STATION values (1468, '.', 5571, 404020.23, 5122259.35, 1173.68);
insert into STATION values (1469, '.', 5571, 404020.26, 5122259.33, 1173.24);
insert into STATION values (1470, '.', 5571, 404018.11, 5122257.30, 1171.94);
insert into STATION values (1471, '.', 5571, 404017.56, 5122256.92, 1171.72);
insert into STATION values (1472, '10', 5571, 404016.52, 5122255.57, 1170.71);
insert into STATION values (1473, '.', 5571, 404016.61, 5122255.48, 1169.45);
insert into STATION values (1474, '.', 5571, 404015.87, 5122255.92, 1169.67);
insert into STATION values (1475, '.', 5571, 404016.27, 5122255.74, 1170.73);
insert into STATION values (1476, '.', 5571, 404016.15, 5122255.83, 1171.54);
insert into STATION values (1477, '.', 5571, 404016.14, 5122255.61, 1172.35);
insert into STATION values (1478, '.', 5571, 404016.53, 5122255.60, 1171.96);
insert into STATION values (1479, '.', 5571, 404016.60, 5122255.57, 1171.12);
insert into STATION values (1480, '11', 5571, 404013.89, 5122252.37, 1170.58);
insert into STATION values (1481, '.', 5571, 404011.12, 5122249.31, 1170.49);
insert into STATION values (1482, '.', 5571, 404013.58, 5122252.66, 1170.66);
insert into STATION values (1483, '.', 5571, 404013.71, 5122252.65, 1171.05);
insert into STATION values (1484, '.', 5571, 404013.72, 5122252.57, 1172.77);
insert into STATION values (1485, '.', 5571, 404014.19, 5122252.18, 1171.84);
insert into STATION values (1486, '.', 5571, 404014.47, 5122252.01, 1171.60);
insert into STATION values (1487, '.', 5571, 404014.03, 5122252.04, 1170.87);
insert into STATION values (1488, '.', 5571, 404013.75, 5122252.37, 1169.70);
insert into STATION values (1489, '.', 5571, 404013.27, 5122252.58, 1169.95);
insert into STATION values (1490, '.', 5571, 404011.90, 5122251.47, 1170.92);
insert into STATION values (1491, '.', 5571, 404014.03, 5122253.07, 1170.71);
insert into STATION values (1492, '.', 5571, 404014.62, 5122253.78, 1170.83);
insert into STATION values (1493, '.', 5571, 404011.91, 5122250.93, 1171.04);
insert into STATION values (1494, '.', 5571, 404011.96, 5122250.97, 1171.03);
insert into STATION values (1495, '.', 5571, 404011.79, 5122251.27, 1171.06);
insert into STATION values (1496, '.', 5571, 404015.85, 5122253.12, 1170.36);
insert into STATION values (1497, '.', 5571, 404015.62, 5122252.32, 1170.31);
insert into STATION values (1498, '.', 5571, 404015.09, 5122251.62, 1170.29);
insert into STATION values (1499, '.', 5571, 404014.75, 5122251.24, 1170.34);
insert into STATION values (1500, '.', 5571, 404014.64, 5122250.87, 1170.47);
insert into STATION values (1501, '.', 5571, 404014.48, 5122247.57, 1170.00);
insert into STATION values (1502, '.', 5571, 404014.01, 5122247.30, 1170.23);
insert into STATION values (1503, '.', 5571, 404012.46, 5122246.42, 1170.26);
insert into STATION values (1504, '.', 5571, 404010.94, 5122245.31, 1169.83);
insert into STATION values (1505, '.', 5571, 404012.83, 5122251.98, 1170.67);
insert into STATION values (1506, '.', 5571, 404012.37, 5122251.22, 1170.63);
insert into STATION values (1507, '.', 5571, 404012.17, 5122250.45, 1170.11);
insert into STATION values (1508, '12', 5571, 404011.87, 5122249.56, 1169.48);
insert into STATION values (1509, '.', 5571, 404009.90, 5122246.68, 1168.45);
insert into STATION values (1510, '.', 5571, 404015.10, 5122250.58, 1169.80);
insert into STATION values (1511, '.', 5571, 404015.33, 5122249.18, 1169.94);
insert into STATION values (1512, '.', 5571, 404015.66, 5122248.13, 1170.08);
insert into STATION values (1513, '.', 5571, 404014.53, 5122247.39, 1170.06);
insert into STATION values (1514, '.', 5571, 404013.58, 5122246.69, 1170.08);
insert into STATION values (1515, '.', 5571, 404012.39, 5122246.47, 1170.12);
insert into STATION values (1516, '.', 5571, 404011.75, 5122245.74, 1171.18);
insert into STATION values (1517, '.', 5571, 404011.95, 5122249.31, 1172.88);
insert into STATION values (1518, '.', 5571, 404011.90, 5122249.29, 1170.94);
insert into STATION values (1519, '.', 5571, 404013.19, 5122248.78, 1171.21);
insert into STATION values (1520, '.', 5571, 404014.32, 5122248.34, 1170.69);
insert into STATION values (1521, '.', 5571, 404012.43, 5122249.28, 1168.56);
insert into STATION values (1522, '.', 5571, 404013.40, 5122248.27, 1168.68);
insert into STATION values (1523, '13', 5571, 404011.47, 5122246.05, 1170.96);
insert into STATION values (1524, '.', 5571, 404010.08, 5122245.08, 1170.93);
insert into STATION values (1525, '.', 5571, 404007.10, 5122244.87, 1170.58);
insert into STATION values (1526, '.', 5571, 404008.74, 5122246.23, 1170.69);
insert into STATION values (1527, '.', 5571, 404009.22, 5122246.61, 1170.73);
insert into STATION values (1528, '.', 5571, 404011.06, 5122247.97, 1170.37);
insert into STATION values (1529, '.', 5571, 404012.17, 5122250.22, 1170.37);
insert into STATION values (1530, '.', 5571, 404014.51, 5122252.20, 1170.40);
insert into STATION values (1531, '.', 5571, 404016.63, 5122254.25, 1169.96);
insert into STATION values (1532, '.', 5571, 404014.02, 5122251.26, 1169.81);
insert into STATION values (1533, '.', 5571, 404008.28, 5122248.34, 1170.74);
insert into STATION values (1534, '14', 5571, 404007.32, 5122244.23, 1170.66);
insert into STATION values (1535, '.', 5571, 404006.50, 5122244.44, 1172.31);
insert into STATION values (1536, '.', 5571, 404006.82, 5122244.27, 1172.09);
insert into STATION values (1537, '.', 5571, 404007.73, 5122244.24, 1171.67);
insert into STATION values (1538, '.', 5571, 404008.70, 5122243.62, 1170.73);
insert into STATION values (1539, '.', 5571, 404008.93, 5122244.17, 1170.75);
insert into STATION values (1540, '.', 5571, 404008.33, 5122243.47, 1170.73);
insert into STATION values (1541, '.', 5571, 404008.36, 5122243.66, 1169.72);
insert into STATION values (1542, '.', 5571, 404009.05, 5122244.35, 1170.79);
insert into STATION values (1543, '.', 5571, 404010.45, 5122245.66, 1170.67);
insert into STATION values (1544, '.', 5571, 404014.59, 5122249.60, 1170.51);
insert into STATION values (1545, '.', 5571, 404008.58, 5122245.28, 1170.74);
insert into STATION values (1546, '.', 5571, 404012.71, 5122246.84, 1170.61);
insert into STATION values (1547, '15', 5571, 404017.51, 5122257.52, 1170.66);
insert into STATION values (1548, '.', 5571, 404018.79, 5122257.40, 1170.03);
insert into STATION values (1549, '.', 5571, 404017.71, 5122257.52, 1174.28);
insert into STATION values (1550, '.', 5571, 404016.65, 5122258.38, 1176.15);
insert into STATION values (1551, '.', 5571, 404015.99, 5122258.19, 1174.41);
insert into STATION values (1552, '.', 5571, 404019.12, 5122261.65, 1175.61);
insert into STATION values (1553, '16', 5571, 404017.80, 5122259.23, 1172.71);
insert into STATION values (1554, '.', 5571, 404018.47, 5122260.91, 1174.68);
insert into STATION values (1555, '.', 5571, 404017.92, 5122259.23, 1175.36);
insert into STATION values (1556, '.', 5571, 404018.74, 5122258.45, 1174.58);
insert into STATION values (1557, '.', 5571, 404020.02, 5122257.62, 1174.58);
insert into STATION values (1558, '.', 5571, 404018.97, 5122258.23, 1172.66);
insert into STATION values (1559, '.', 5571, 404019.27, 5122258.66, 1172.44);
insert into STATION values (1560, '.', 5571, 404018.46, 5122260.01, 1169.51);
insert into STATION values (1561, '.', 5571, 404018.26, 5122259.08, 1171.61);
insert into STATION values (1562, '.', 5571, 404018.68, 5122258.36, 1171.71);
insert into STATION values (1563, '.', 5571, 404018.88, 5122258.09, 1172.01);
insert into STATION values (1564, '.', 5571, 404018.98, 5122257.84, 1172.76);
insert into STATION values (1565, '.', 5571, 404017.73, 5122257.02, 1172.66);
insert into STATION values (1566, '.', 5571, 404016.76, 5122256.31, 1172.48);
insert into STATION values (1567, '.', 5571, 404016.05, 5122256.55, 1172.43);
insert into STATION values (1568, '.', 5571, 404014.61, 5122256.12, 1173.18);
insert into STATION values (1569, '17', 5571, 404022.57, 5122256.13, 1172.89);
insert into STATION values (1570, '.', 5571, 404021.66, 5122255.81, 1173.03);
insert into STATION values (1571, '.', 5571, 404021.21, 5122256.33, 1173.02);
insert into STATION values (1572, '.', 5571, 404020.72, 5122257.32, 1172.96);
insert into STATION values (1573, '.', 5571, 404021.76, 5122257.67, 1173.00);
insert into STATION values (1574, '.', 5571, 404022.20, 5122257.48, 1173.09);
insert into STATION values (1575, '.', 5571, 404022.76, 5122257.52, 1172.97);
insert into STATION values (1576, '.', 5571, 404023.08, 5122257.44, 1173.08);
insert into STATION values (1577, '.', 5571, 404022.22, 5122255.42, 1173.11);
insert into STATION values (1578, '.', 5571, 404022.51, 5122256.06, 1174.29);
insert into STATION values (1579, '.', 5571, 404021.76, 5122256.96, 1175.58);
insert into STATION values (1580, '.', 5571, 404020.91, 5122257.39, 1175.35);
insert into STATION values (1581, '.', 5571, 404019.48, 5122258.73, 1175.27);
insert into STATION values (1582, '.', 5571, 404018.55, 5122259.08, 1174.40);
insert into STATION values (1583, '.', 5571, 404017.52, 5122259.69, 1173.56);
insert into STATION values (1584, '.', 5571, 404017.95, 5122259.52, 1172.05);
insert into STATION values (1585, '.', 5571, 404017.36, 5122259.13, 1172.87);
insert into STATION values (1586, '18', 5571, 404023.19, 5122258.57, 1172.94);
insert into STATION values (1587, '.', 5571, 404022.61, 5122258.63, 1172.98);
insert into STATION values (1588, '.', 5571, 404022.76, 5122258.76, 1173.44);
insert into STATION values (1589, '.', 5571, 404023.27, 5122258.68, 1173.54);
insert into STATION values (1590, '.', 5571, 404023.30, 5122258.51, 1173.47);
insert into STATION values (1591, '.', 5571, 404023.07, 5122258.83, 1171.70);
insert into STATION values (1592, '19', 5571, 404021.78, 5122261.41, 1172.43);
insert into STATION values (1593, '.', 5571, 404022.78, 5122260.84, 1172.44);
insert into STATION values (1594, '.', 5571, 404022.89, 5122260.10, 1172.63);
insert into STATION values (1595, '.', 5571, 404022.52, 5122261.65, 1172.34);
insert into STATION values (1596, '.', 5571, 404027.19, 5122264.15, 1172.45);
insert into STATION values (1597, '.', 5571, 404025.49, 5122264.77, 1172.12);
insert into STATION values (1598, '.', 5571, 404022.08, 5122261.30, 1172.55);
insert into STATION values (1599, '.', 5571, 404021.76, 5122261.49, 1171.68);
insert into STATION values (1600, '.', 5571, 404022.04, 5122261.27, 1171.70);
insert into STATION values (1601, '.', 5571, 404022.28, 5122261.07, 1171.68);
insert into STATION values (1602, '.', 5571, 404022.58, 5122260.75, 1171.76);
insert into STATION values (1603, '.', 5571, 404025.09, 5122262.62, 1172.08);
insert into STATION values (1604, '20', 5571, 404025.71, 5122262.89, 1172.43);
insert into STATION values (1605, '.', 5571, 404027.00, 5122260.58, 1173.96);
insert into STATION values (1606, '.', 5571, 404024.88, 5122257.72, 1178.79);
insert into STATION values (1607, '.', 5571, 404024.23, 5122260.89, 1174.01);
insert into STATION values (1608, '.', 5571, 404023.96, 5122261.44, 1173.91);
insert into STATION values (1609, '.', 5571, 404024.48, 5122263.74, 1173.79);
insert into STATION values (1610, '.', 5571, 404025.51, 5122264.05, 1173.68);
insert into STATION values (1611, '.', 5571, 404026.51, 5122263.96, 1173.68);
insert into STATION values (1612, '.', 5571, 404026.97, 5122263.37, 1173.32);
insert into STATION values (1613, '.', 5571, 404023.91, 5122263.95, 1172.15);
insert into STATION values (1614, '.', 5571, 404022.61, 5122262.02, 1172.61);
insert into STATION values (1615, '.', 5571, 404022.43, 5122261.38, 1172.88);
insert into STATION values (1616, '.', 5571, 404023.81, 5122261.30, 1172.98);
insert into STATION values (1617, '.', 5571, 404024.14, 5122260.98, 1173.15);
insert into STATION values (1618, '21', 5571, 404027.37, 5122263.19, 1172.12);
insert into STATION values (1619, '.', 5571, 404029.05, 5122263.40, 1171.88);
insert into STATION values (1620, '.', 5571, 404028.14, 5122261.36, 1172.13);
insert into STATION values (1621, '.', 5571, 404027.39, 5122261.68, 1172.30);
insert into STATION values (1622, '.', 5571, 404026.51, 5122262.12, 1172.37);
insert into STATION values (1623, '.', 5571, 404026.15, 5122262.69, 1172.28);
insert into STATION values (1624, '.', 5571, 404026.16, 5122264.99, 1172.53);
insert into STATION values (1625, '.', 5571, 404027.35, 5122263.19, 1170.65);
insert into STATION values (1626, '.', 5571, 404028.28, 5122262.58, 1169.45);
insert into STATION values (1627, '.', 5571, 404029.64, 5122261.90, 1169.17);
insert into STATION values (1628, '.', 5571, 404030.36, 5122261.30, 1169.05);
insert into STATION values (1629, '22', 5571, 404030.79, 5122261.25, 1169.45);
insert into STATION values (1630, '.', 5571, 404030.59, 5122260.09, 1169.90);
insert into STATION values (1631, '.', 5571, 404030.19, 5122260.58, 1170.10);
insert into STATION values (1632, '.', 5571, 404029.48, 5122260.81, 1170.22);
insert into STATION values (1633, '.', 5571, 404028.56, 5122261.01, 1170.29);
insert into STATION values (1634, '.', 5571, 404028.19, 5122261.51, 1170.09);
insert into STATION values (1635, '.', 5571, 404026.85, 5122261.97, 1170.17);
insert into STATION values (1636, '.', 5571, 404027.07, 5122262.49, 1170.14);
insert into STATION values (1637, '.', 5571, 404026.91, 5122260.33, 1169.86);
insert into STATION values (1638, '.', 5571, 404031.27, 5122262.44, 1169.48);
insert into STATION values (1639, '.', 5571, 404031.85, 5122262.01, 1169.54);
insert into STATION values (1640, '.', 5571, 404032.56, 5122261.93, 1169.47);
insert into STATION values (1641, '.', 5571, 404033.13, 5122261.69, 1169.48);
insert into STATION values (1642, '.', 5571, 404033.35, 5122261.82, 1169.33);
insert into STATION values (1643, '23', 5571, 404032.20, 5122262.17, 1169.54);
insert into STATION values (1644, '.', 5571, 404033.67, 5122262.95, 1169.62);
insert into STATION values (1645, '24', 5571, 404033.81, 5122259.48, 1167.07);
insert into STATION values (1646, '.', 5571, 404034.40, 5122260.84, 1167.16);
insert into STATION values (1647, '.', 5571, 404038.18, 5122262.65, 1166.93);
insert into STATION values (1648, '.', 5571, 404038.14, 5122261.36, 1166.65);
insert into STATION values (1649, '.', 5571, 404037.94, 5122260.52, 1166.40);
insert into STATION values (1650, '.', 5571, 404037.78, 5122259.65, 1166.10);
insert into STATION values (1651, '.', 5571, 404037.57, 5122259.10, 1165.63);
insert into STATION values (1652, '.', 5571, 404037.43, 5122258.44, 1165.95);
insert into STATION values (1653, '.', 5571, 404034.54, 5122260.06, 1173.50);
insert into STATION values (1654, '.', 5571, 404034.62, 5122260.64, 1177.25);
insert into STATION values (1655, '.', 5571, 404033.62, 5122260.23, 1173.44);
insert into STATION values (1656, '.', 5571, 404033.47, 5122262.08, 1171.29);
insert into STATION values (1657, '.', 5571, 404031.58, 5122260.44, 1167.92);
insert into STATION values (1658, '.', 5571, 404031.51, 5122261.41, 1167.90);
insert into STATION values (1659, '25', 5571, 404035.85, 5122261.24, 1165.00);
insert into STATION values (1660, '.', 5571, 404037.60, 5122260.86, 1165.12);
insert into STATION values (1661, '.', 5571, 404037.34, 5122259.46, 1165.22);
insert into STATION values (1662, '.', 5571, 404036.97, 5122257.79, 1165.42);
insert into STATION values (1663, '.', 5571, 404034.31, 5122248.75, 1165.11);
insert into STATION values (1664, '.', 5571, 404034.83, 5122257.47, 1165.12);
insert into STATION values (1665, '.', 5571, 404034.20, 5122258.61, 1165.16);
insert into STATION values (1666, '.', 5571, 404033.69, 5122259.88, 1164.91);
insert into STATION values (1667, '.', 5571, 404033.77, 5122260.89, 1164.94);
insert into STATION values (1668, '.', 5571, 404033.96, 5122260.85, 1165.01);
insert into STATION values (1669, '.', 5571, 404036.00, 5122261.27, 1167.37);
insert into STATION values (1670, '.', 5571, 404034.60, 5122262.05, 1168.29);
insert into STATION values (1671, '.', 5571, 404034.07, 5122262.35, 1167.04);
insert into STATION values (1672, '.', 5571, 404034.58, 5122262.48, 1166.45);
insert into STATION values (1673, '.', 5571, 404034.24, 5122261.96, 1165.60);
insert into STATION values (1674, '.', 5571, 404034.14, 5122262.01, 1165.15);
insert into STATION values (1675, '26', 5571, 404035.77, 5122267.36, 1170.80);
insert into STATION values (1676, '.', 5571, 404036.07, 5122268.59, 1170.63);
insert into STATION values (1677, '.', 5571, 404037.53, 5122270.94, 1170.38);
insert into STATION values (1678, '.', 5571, 404047.56, 5122290.37, 1165.87);
insert into STATION values (1679, '.', 5571, 404048.68, 5122288.39, 1166.23);
insert into STATION values (1680, '.', 5571, 404039.84, 5122272.85, 1169.72);
insert into STATION values (1681, '.', 5571, 404039.24, 5122269.56, 1170.42);
insert into STATION values (1682, '.', 5571, 404038.96, 5122268.43, 1170.45);
insert into STATION values (1683, '.', 5571, 404038.66, 5122267.39, 1170.84);
insert into STATION values (1684, '.', 5571, 404035.61, 5122267.16, 1169.29);
insert into STATION values (1685, '.', 5571, 404036.13, 5122268.23, 1169.04);
insert into STATION values (1686, '.', 5571, 404036.83, 5122269.04, 1168.13);
insert into STATION values (1687, '.', 5571, 404037.37, 5122269.67, 1167.95);
insert into STATION values (1688, '.', 5571, 404038.05, 5122271.64, 1167.24);
insert into STATION values (1689, '27', 5571, 404038.17, 5122271.83, 1167.06);
insert into STATION values (1690, '.', 5571, 404039.92, 5122290.32, 1167.25);
insert into STATION values (1691, '.', 5571, 404045.33, 5122294.52, 1166.72);
insert into STATION values (1692, '.', 5571, 404049.19, 5122288.99, 1166.84);
insert into STATION values (1693, '.', 5571, 404050.67, 5122285.05, 1166.58);
insert into STATION values (1694, '.', 5571, 404039.85, 5122272.58, 1166.99);
insert into STATION values (1695, '.', 5571, 404040.02, 5122271.22, 1167.10);
insert into STATION values (1696, '.', 5571, 404039.98, 5122270.37, 1167.12);
insert into STATION values (1697, '.', 5571, 404039.35, 5122268.76, 1167.58);
insert into STATION values (1698, '.', 5571, 404040.15, 5122269.44, 1169.48);
insert into STATION values (1699, '.', 5571, 404038.53, 5122270.67, 1172.99);
insert into STATION values (1700, '28', 5571, 404040.26, 5122281.44, 1155.71);
insert into STATION values (1701, '0', 5863, 404021.17, 5122295.63, 1169.13);
insert into STATION values (1702, '-', 5863, 404023.85, 5122295.21, 1169.01);
insert into STATION values (1703, '-', 5863, 404022.21, 5122295.62, 1169.47);
insert into STATION values (1704, '-', 5863, 404021.64, 5122295.80, 1169.53);
insert into STATION values (1705, '-', 5863, 404021.14, 5122295.82, 1169.75);
insert into STATION values (1706, '-', 5863, 404021.27, 5122295.97, 1169.20);
insert into STATION values (1707, '1', 5863, 404020.00, 5122286.88, 1169.13);
insert into STATION values (1708, '-', 5863, 404021.45, 5122287.39, 1169.15);
insert into STATION values (1709, '-', 5863, 404021.58, 5122286.82, 1169.11);
insert into STATION values (1710, '-', 5863, 404019.23, 5122285.91, 1169.23);
insert into STATION values (1711, '-', 5863, 404019.54, 5122286.98, 1169.08);
insert into STATION values (1712, '-', 5863, 404020.08, 5122286.86, 1170.39);
insert into STATION values (1713, '-', 5863, 404020.83, 5122286.69, 1170.36);
insert into STATION values (1714, '-', 5863, 404021.15, 5122286.84, 1169.77);
insert into STATION values (1715, '-', 5863, 404021.56, 5122285.81, 1169.25);
insert into STATION values (1716, '2', 5863, 404019.22, 5122284.05, 1168.88);
insert into STATION values (1717, '-', 5863, 404019.85, 5122284.03, 1168.82);
insert into STATION values (1718, '-', 5863, 404019.76, 5122283.58, 1169.54);
insert into STATION values (1719, '-', 5863, 404020.37, 5122283.69, 1167.88);
insert into STATION values (1720, '-', 5863, 404020.22, 5122283.77, 1167.55);
insert into STATION values (1721, '3', 5863, 404018.23, 5122276.17, 1167.85);
insert into STATION values (1722, '-', 5863, 404018.83, 5122276.04, 1167.87);
insert into STATION values (1723, '-', 5863, 404017.90, 5122275.81, 1168.80);
insert into STATION values (1724, '-', 5863, 404017.13, 5122276.26, 1168.32);
insert into STATION values (1725, '-', 5863, 404016.69, 5122276.54, 1167.83);
insert into STATION values (1726, '-', 5863, 404017.44, 5122276.19, 1168.48);
insert into STATION values (1727, '4', 5863, 404017.70, 5122271.95, 1168.27);
insert into STATION values (1728, '-', 5863, 404017.20, 5122267.88, 1168.65);
insert into STATION values (1729, '-', 5863, 404017.22, 5122267.96, 1168.75);
insert into STATION values (1730, '-', 5863, 404018.43, 5122271.91, 1168.22);
insert into STATION values (1731, '-', 5863, 404018.78, 5122272.08, 1167.74);
insert into STATION values (1732, '-', 5863, 404017.75, 5122271.93, 1169.17);
insert into STATION values (1733, '-', 5863, 404016.28, 5122272.00, 1168.51);
insert into STATION values (1734, '-', 5863, 404016.20, 5122272.24, 1167.80);
insert into STATION values (1735, '-', 5863, 404016.23, 5122272.24, 1168.76);
insert into STATION values (1736, '-', 5863, 404017.74, 5122269.70, 1170.92);
insert into STATION values (1737, '5', 5863, 404017.78, 5122269.77, 1170.89);
insert into STATION values (1738, '6', 5863, 404013.69, 5122270.89, 1165.78);
insert into STATION values (1739, '-', 5863, 404009.68, 5122272.09, 1160.73);
insert into STATION values (1740, '-', 5863, 404009.59, 5122271.46, 1160.57);
insert into STATION values (1741, '7', 5863, 404018.85, 5122264.17, 1171.62);
insert into STATION values (1742, '-', 5863, 404019.66, 5122264.14, 1171.70);
insert into STATION values (1743, '-', 5863, 404019.99, 5122264.26, 1171.35);
insert into STATION values (1744, '-', 5863, 404018.44, 5122264.16, 1171.52);
insert into STATION values (1745, '-', 5863, 404017.95, 5122263.93, 1170.94);
insert into STATION values (1746, '-', 5863, 404018.95, 5122264.21, 1170.91);
insert into STATION values (1747, '-', 5863, 404018.89, 5122264.37, 1170.71);
insert into STATION values (1748, '8', 5863, 404017.84, 5122257.23, 1170.94);
insert into STATION values (1749, '-', 5863, 404018.55, 5122256.82, 1170.94);
insert into STATION values (1750, '-', 5863, 404018.02, 5122257.06, 1171.48);
insert into STATION values (1751, '-', 5863, 404017.72, 5122257.01, 1173.93);
insert into STATION values (1752, '-', 5863, 404016.92, 5122257.61, 1175.92);
insert into STATION values (1753, '-', 5863, 404013.55, 5122258.23, 1175.38);
insert into STATION values (1754, '9', 5863, 404016.36, 5122257.71, 1171.49);
insert into STATION values (1755, '-', 5863, 404014.91, 5122258.22, 1172.05);
insert into STATION values (1756, '0', 5921, 403995.75, 5122121.09, 1156.83);
insert into STATION values (1757, '.', 5921, 403995.75, 5122121.13, 1157.31);
insert into STATION values (1758, '.', 5921, 403995.48, 5122121.19, 1157.39);
insert into STATION values (1759, '.', 5921, 403996.19, 5122120.99, 1157.01);
insert into STATION values (1760, '.', 5921, 403996.56, 5122121.01, 1156.78);
insert into STATION values (1761, '.', 5921, 403996.97, 5122121.03, 1156.39);
insert into STATION values (1762, '.', 5921, 403996.03, 5122122.65, 1156.93);
insert into STATION values (1763, '.', 5921, 403996.74, 5122122.07, 1156.72);
insert into STATION values (1764, '.', 5921, 403997.15, 5122121.80, 1156.47);
insert into STATION values (1765, '.', 5921, 403996.48, 5122120.29, 1156.84);
insert into STATION values (1766, '.', 5921, 403995.92, 5122119.50, 1156.78);
insert into STATION values (1767, '.', 5921, 403995.30, 5122118.87, 1156.90);
insert into STATION values (1768, '.', 5921, 403991.98, 5122112.08, 1156.38);
insert into STATION values (1769, '.', 5921, 403991.91, 5122109.89, 1156.33);
insert into STATION values (1770, '.', 5921, 403994.83, 5122119.10, 1156.74);
insert into STATION values (1771, '.', 5921, 403995.17, 5122120.16, 1156.79);
insert into STATION values (1772, '.', 5921, 403995.37, 5122120.54, 1156.82);
insert into STATION values (1773, '.', 5921, 403992.59, 5122114.20, 1156.50);
insert into STATION values (1774, '.', 5921, 403995.18, 5122118.03, 1156.69);
insert into STATION values (1775, '.', 5921, 403994.85, 5122117.63, 1156.68);
insert into STATION values (1776, '.', 5921, 403994.00, 5122115.34, 1156.61);
insert into STATION values (1777, '1', 5921, 403997.25, 5122121.79, 1156.23);
insert into STATION values (1778, '.', 5921, 403996.07, 5122121.98, 1156.34);
insert into STATION values (1779, '.', 5921, 403996.40, 5122122.69, 1156.27);
insert into STATION values (1780, '.', 5921, 403996.57, 5122123.19, 1156.33);
insert into STATION values (1781, '.', 5921, 403995.92, 5122123.44, 1156.40);
insert into STATION values (1782, '.', 5921, 403996.99, 5122121.87, 1156.32);
insert into STATION values (1783, '.', 5921, 403996.55, 5122122.14, 1156.43);
insert into STATION values (1784, '.', 5921, 403997.29, 5122121.76, 1155.70);
insert into STATION values (1785, '.', 5921, 403997.39, 5122121.75, 1155.50);
insert into STATION values (1786, '2', 5921, 403997.16, 5122125.58, 1156.48);
insert into STATION values (1787, '.', 5921, 403996.48, 5122123.65, 1156.53);
insert into STATION values (1788, '.', 5921, 403996.48, 5122121.67, 1156.12);
insert into STATION values (1789, '.', 5921, 403996.28, 5122121.83, 1156.21);
insert into STATION values (1790, '.', 5921, 403997.35, 5122122.02, 1156.06);
insert into STATION values (1791, '.', 5921, 403997.74, 5122123.28, 1156.07);
insert into STATION values (1792, '.', 5921, 403997.90, 5122124.06, 1156.02);
insert into STATION values (1793, '.', 5921, 403997.99, 5122124.39, 1155.96);
insert into STATION values (1794, '.', 5921, 403998.04, 5122125.20, 1156.29);
insert into STATION values (1795, '.', 5921, 403998.26, 5122125.42, 1156.19);
insert into STATION values (1796, '.', 5921, 403998.51, 5122126.40, 1156.07);
insert into STATION values (1797, '.', 5921, 403998.89, 5122127.79, 1155.77);
insert into STATION values (1798, '3', 5921, 403999.15, 5122131.81, 1155.93);
insert into STATION values (1799, '.', 5921, 403996.99, 5122125.70, 1156.37);
insert into STATION values (1800, '.', 5921, 403997.91, 5122126.06, 1155.65);
insert into STATION values (1801, '.', 5921, 403998.81, 5122127.17, 1154.91);
insert into STATION values (1802, '.', 5921, 403999.37, 5122128.89, 1154.70);
insert into STATION values (1803, '.', 5921, 403999.86, 5122130.44, 1154.81);
insert into STATION values (1804, '.', 5921, 404000.75, 5122131.51, 1153.70);
insert into STATION values (1805, '.', 5921, 404001.01, 5122132.95, 1153.42);
insert into STATION values (1806, '.', 5921, 403999.23, 5122131.89, 1155.84);
insert into STATION values (1807, '.', 5921, 403999.23, 5122131.89, 1155.85);
insert into STATION values (1808, '.', 5921, 404001.54, 5122134.35, 1153.25);
insert into STATION values (1809, '.', 5921, 403999.22, 5122131.87, 1155.86);
insert into STATION values (1810, '4', 5921, 404002.65, 5122135.43, 1152.15);
insert into STATION values (1811, '.', 5921, 404001.82, 5122135.82, 1152.26);
insert into STATION values (1812, '.', 5921, 404002.19, 5122136.52, 1152.08);
insert into STATION values (1813, '.', 5921, 404002.56, 5122137.47, 1151.83);
insert into STATION values (1814, '.', 5921, 404002.01, 5122138.72, 1151.96);
insert into STATION values (1815, '.', 5921, 404001.58, 5122135.40, 1152.64);
insert into STATION values (1816, '.', 5921, 404002.56, 5122135.45, 1152.65);
insert into STATION values (1817, '.', 5921, 404002.19, 5122135.52, 1153.04);
insert into STATION values (1818, '.', 5921, 404001.42, 5122135.56, 1154.01);
insert into STATION values (1819, '.', 5921, 404001.56, 5122135.61, 1153.27);
insert into STATION values (1820, '.', 5921, 404001.64, 5122135.79, 1152.80);
insert into STATION values (1821, '.', 5921, 404001.75, 5122135.86, 1152.36);
insert into STATION values (1822, '.', 5921, 404001.98, 5122135.95, 1152.05);
insert into STATION values (1823, '5', 5921, 404003.91, 5122141.71, 1150.79);
insert into STATION values (1824, '.', 5921, 404004.69, 5122141.30, 1150.77);
insert into STATION values (1825, '.', 5921, 404004.51, 5122140.54, 1150.89);
insert into STATION values (1826, '.', 5921, 404004.15, 5122139.89, 1150.94);
insert into STATION values (1827, '.', 5921, 404003.74, 5122139.25, 1151.06);
insert into STATION values (1828, '.', 5921, 404001.15, 5122133.13, 1152.51);
insert into STATION values (1829, '.', 5921, 404003.03, 5122138.31, 1151.50);
insert into STATION values (1830, '.', 5921, 404003.60, 5122139.07, 1151.18);
insert into STATION values (1831, '.', 5921, 404005.07, 5122142.61, 1150.68);
insert into STATION values (1832, '.', 5921, 404005.14, 5122143.76, 1150.64);
insert into STATION values (1833, '.', 5921, 404005.20, 5122143.92, 1150.68);
insert into STATION values (1834, '.', 5921, 404005.93, 5122145.77, 1150.60);
insert into STATION values (1835, '.', 5921, 404005.93, 5122145.99, 1150.54);
insert into STATION values (1836, '.', 5921, 404005.98, 5122145.95, 1151.15);
insert into STATION values (1837, '6', 5921, 404005.92, 5122145.79, 1150.48);
insert into STATION values (1838, '.', 5921, 404005.24, 5122145.87, 1150.44);
insert into STATION values (1839, '.', 5921, 404005.14, 5122145.55, 1150.50);
insert into STATION values (1840, '.', 5921, 404005.18, 5122146.05, 1150.92);
insert into STATION values (1841, '.', 5921, 404005.30, 5122146.03, 1150.10);
insert into STATION values (1842, '.', 5921, 404005.92, 5122145.79, 1149.70);
insert into STATION values (1843, '.', 5921, 404005.48, 5122145.82, 1149.75);
insert into STATION values (1844, '.', 5921, 404005.38, 5122145.80, 1150.15);
insert into STATION values (1845, '.', 5921, 404005.37, 5122145.83, 1150.16);
insert into STATION values (1846, '.', 5921, 404005.67, 5122144.86, 1150.48);
insert into STATION values (1847, '.', 5921, 404001.97, 5122137.26, 1151.17);
insert into STATION values (1848, '.', 5921, 404003.40, 5122141.34, 1150.82);
insert into STATION values (1849, '.', 5921, 404004.09, 5122143.19, 1150.65);
insert into STATION values (1850, '.', 5921, 404004.25, 5122143.92, 1150.60);
insert into STATION values (1851, '.', 5921, 404004.77, 5122144.85, 1150.54);
insert into STATION values (1852, '.', 5921, 404004.95, 5122145.36, 1150.49);
insert into STATION values (1853, '.', 5921, 404005.68, 5122147.04, 1150.14);
insert into STATION values (1854, '.', 5921, 404005.79, 5122147.32, 1150.14);
insert into STATION values (1855, '.', 5921, 404006.15, 5122148.26, 1150.05);
insert into STATION values (1856, '.', 5921, 404006.66, 5122149.74, 1149.79);
insert into STATION values (1857, '7', 5921, 404007.46, 5122151.71, 1149.09);
insert into STATION values (1858, '.', 5921, 404008.21, 5122150.81, 1149.26);
insert into STATION values (1859, '.', 5921, 404007.79, 5122150.19, 1149.28);
insert into STATION values (1860, '.', 5921, 404007.52, 5122149.35, 1149.40);
insert into STATION values (1861, '.', 5921, 404007.27, 5122148.82, 1149.41);
insert into STATION values (1862, '.', 5921, 404006.47, 5122147.50, 1149.70);
insert into STATION values (1863, '.', 5921, 404005.01, 5122144.26, 1150.41);
insert into STATION values (1864, '.', 5921, 404006.87, 5122150.29, 1149.34);
insert into STATION values (1865, '.', 5921, 404007.09, 5122151.01, 1149.24);
insert into STATION values (1866, '.', 5921, 404007.08, 5122151.42, 1149.27);
insert into STATION values (1867, '.', 5921, 404010.60, 5122161.17, 1149.26);
insert into STATION values (1868, '.', 5921, 404008.38, 5122155.50, 1149.03);
insert into STATION values (1869, '.', 5921, 404007.68, 5122152.89, 1149.04);
insert into STATION values (1870, '.', 5921, 404008.53, 5122155.66, 1149.00);
insert into STATION values (1871, '.', 5921, 404008.96, 5122156.47, 1148.99);
insert into STATION values (1872, '.', 5921, 404009.84, 5122155.67, 1149.02);
insert into STATION values (1873, '.', 5921, 404009.38, 5122154.29, 1149.04);
insert into STATION values (1874, '.', 5921, 404008.99, 5122153.66, 1149.32);
insert into STATION values (1875, '.', 5921, 404009.23, 5122153.15, 1148.94);
insert into STATION values (1876, '.', 5921, 404008.86, 5122152.35, 1149.08);
insert into STATION values (1877, '.', 5921, 404008.80, 5122151.70, 1149.12);
insert into STATION values (1878, '.', 5921, 404008.43, 5122151.47, 1149.39);
insert into STATION values (1879, '.', 5921, 404008.30, 5122151.53, 1149.52);
insert into STATION values (1880, '.', 5921, 404008.20, 5122151.51, 1149.67);
insert into STATION values (1881, '.', 5921, 404007.74, 5122151.60, 1149.57);
insert into STATION values (1882, '.', 5921, 404007.75, 5122151.66, 1149.66);
insert into STATION values (1883, '.', 5921, 404007.55, 5122151.74, 1148.87);
insert into STATION values (1884, '.', 5921, 404008.09, 5122151.55, 1148.56);
insert into STATION values (1885, '.', 5921, 404008.56, 5122151.27, 1148.88);
insert into STATION values (1886, '8', 5921, 404008.81, 5122155.15, 1148.57);
insert into STATION values (1887, '.', 5921, 404009.54, 5122154.82, 1148.64);
insert into STATION values (1888, '.', 5921, 404009.29, 5122154.34, 1148.66);
insert into STATION values (1889, '.', 5921, 404009.25, 5122154.10, 1148.73);
insert into STATION values (1890, '.', 5921, 404009.04, 5122152.98, 1148.75);
insert into STATION values (1891, '.', 5921, 404008.55, 5122151.87, 1148.74);
insert into STATION values (1892, '.', 5921, 404010.00, 5122155.85, 1148.71);
insert into STATION values (1893, '.', 5921, 404009.85, 5122156.39, 1148.94);
insert into STATION values (1894, '.', 5921, 404009.96, 5122156.52, 1148.99);
insert into STATION values (1895, '.', 5921, 404010.20, 5122157.30, 1149.15);
insert into STATION values (1896, '.', 5921, 404008.93, 5122156.29, 1148.90);
insert into STATION values (1897, '.', 5921, 404009.18, 5122157.25, 1149.28);
insert into STATION values (1898, '.', 5921, 404008.85, 5122155.19, 1149.68);
insert into STATION values (1899, '.', 5921, 404009.27, 5122154.98, 1149.66);
insert into STATION values (1900, '.', 5921, 404009.40, 5122154.84, 1149.23);
insert into STATION values (1901, '.', 5921, 404009.51, 5122154.84, 1148.81);
insert into STATION values (1902, '.', 5921, 404008.57, 5122155.23, 1148.73);
insert into STATION values (1903, '.', 5921, 404008.55, 5122155.21, 1149.13);
insert into STATION values (1904, '.', 5921, 404008.55, 5122155.13, 1149.71);
insert into STATION values (1905, '.', 5921, 404008.72, 5122155.08, 1149.66);
insert into STATION values (1906, '.', 5921, 404010.97, 5122158.79, 1149.19);
insert into STATION values (1907, '9', 5921, 404010.97, 5122158.79, 1149.19);
insert into STATION values (1908, '.', 5921, 404009.98, 5122159.36, 1149.26);
insert into STATION values (1909, '.', 5921, 404010.29, 5122160.03, 1149.20);
insert into STATION values (1910, '.', 5921, 404010.56, 5122160.64, 1149.17);
insert into STATION values (1911, '.', 5921, 404011.00, 5122160.52, 1149.30);
insert into STATION values (1912, '.', 5921, 404009.58, 5122158.08, 1149.24);
insert into STATION values (1913, '.', 5921, 404009.11, 5122156.74, 1149.33);
insert into STATION values (1914, '.', 5921, 404007.18, 5122154.90, 1149.49);
insert into STATION values (1915, '.', 5921, 404009.86, 5122159.29, 1149.81);
insert into STATION values (1916, '.', 5921, 404010.66, 5122158.95, 1149.34);
insert into STATION values (1917, '.', 5921, 404010.20, 5122159.24, 1148.71);
insert into STATION values (1918, '.', 5921, 404010.31, 5122159.16, 1148.53);
insert into STATION values (1919, '.', 5921, 404009.95, 5122159.29, 1149.12);
insert into STATION values (1920, '10', 5921, 404012.09, 5122164.66, 1149.28);
insert into STATION values (1921, '.', 5921, 404012.94, 5122164.36, 1149.18);
insert into STATION values (1922, '.', 5921, 404012.92, 5122164.94, 1149.33);
insert into STATION values (1923, '.', 5921, 404013.05, 5122166.35, 1149.65);
insert into STATION values (1924, '.', 5921, 404012.83, 5122167.21, 1150.18);
insert into STATION values (1925, '.', 5921, 404012.76, 5122167.69, 1150.65);
insert into STATION values (1926, '.', 5921, 404012.17, 5122164.70, 1150.12);
insert into STATION values (1927, '.', 5921, 404012.44, 5122164.63, 1149.91);
insert into STATION values (1928, '.', 5921, 404012.61, 5122164.54, 1149.70);
insert into STATION values (1929, '.', 5921, 404012.70, 5122164.52, 1149.45);
insert into STATION values (1930, '.', 5921, 404012.96, 5122164.44, 1148.89);
insert into STATION values (1931, '.', 5921, 404012.59, 5122164.55, 1148.54);
insert into STATION values (1932, '.', 5921, 404012.33, 5122164.61, 1148.69);
insert into STATION values (1933, '.', 5921, 404012.40, 5122163.56, 1149.13);
insert into STATION values (1934, '.', 5921, 404012.11, 5122163.02, 1149.07);
insert into STATION values (1935, '.', 5921, 404011.47, 5122161.28, 1148.76);
insert into STATION values (1936, '.', 5921, 404010.72, 5122159.52, 1148.73);
insert into STATION values (1937, '.', 5921, 404007.34, 5122150.59, 1148.71);
insert into STATION values (1938, '11', 5921, 404012.81, 5122167.16, 1150.57);
insert into STATION values (1939, '.', 5921, 404013.59, 5122169.42, 1152.20);
insert into STATION values (1940, '.', 5921, 404011.86, 5122166.93, 1150.57);
insert into STATION values (1941, '.', 5921, 404011.94, 5122166.27, 1150.36);
insert into STATION values (1942, '.', 5921, 404011.71, 5122164.38, 1149.80);
insert into STATION values (1943, '.', 5921, 404011.86, 5122167.45, 1150.86);
insert into STATION values (1944, '.', 5921, 404011.86, 5122167.96, 1151.11);
insert into STATION values (1945, '.', 5921, 404011.81, 5122168.84, 1151.34);
insert into STATION values (1946, '12', 5921, 404012.00, 5122171.17, 1151.71);
insert into STATION values (1947, '.', 5921, 404012.85, 5122170.95, 1151.70);
insert into STATION values (1948, '.', 5921, 404013.01, 5122171.90, 1151.88);
insert into STATION values (1949, '.', 5921, 404013.01, 5122172.79, 1152.04);
insert into STATION values (1950, '.', 5921, 404012.98, 5122173.66, 1152.39);
insert into STATION values (1951, '.', 5921, 404013.78, 5122177.00, 1153.28);
insert into STATION values (1952, '.', 5921, 404012.73, 5122170.41, 1151.70);
insert into STATION values (1953, '.', 5921, 404012.50, 5122169.49, 1151.58);
insert into STATION values (1954, '.', 5921, 404012.31, 5122168.49, 1151.46);
insert into STATION values (1955, '.', 5921, 404011.85, 5122166.22, 1150.81);
insert into STATION values (1956, '.', 5921, 404011.37, 5122166.95, 1151.36);
insert into STATION values (1957, '.', 5921, 404011.58, 5122169.77, 1151.73);
insert into STATION values (1958, '.', 5921, 404011.52, 5122170.91, 1153.23);
insert into STATION values (1959, '.', 5921, 404012.18, 5122170.90, 1152.59);
insert into STATION values (1960, '.', 5921, 404012.38, 5122170.92, 1152.10);
insert into STATION values (1961, '.', 5921, 404012.67, 5122170.84, 1151.82);
insert into STATION values (1962, '.', 5921, 404012.04, 5122171.10, 1151.13);
insert into STATION values (1963, '.', 5921, 404012.47, 5122170.99, 1151.15);
insert into STATION values (1964, '13', 5921, 404012.85, 5122173.85, 1153.01);
insert into STATION values (1965, '.', 5921, 404012.17, 5122174.10, 1153.16);
insert into STATION values (1966, '.', 5921, 404012.00, 5122174.30, 1154.06);
insert into STATION values (1967, '.', 5921, 404012.72, 5122174.01, 1153.56);
insert into STATION values (1968, '.', 5921, 404012.75, 5122173.81, 1153.56);
insert into STATION values (1969, '.', 5921, 404011.96, 5122173.04, 1153.08);
insert into STATION values (1970, '.', 5921, 404011.24, 5122171.23, 1153.01);
insert into STATION values (1971, '.', 5921, 404012.36, 5122172.84, 1152.92);
insert into STATION values (1972, '.', 5921, 404012.69, 5122173.43, 1152.99);
insert into STATION values (1973, '.', 5921, 404012.25, 5122174.08, 1152.88);
insert into STATION values (1974, '.', 5921, 404012.32, 5122174.00, 1152.43);
insert into STATION values (1975, '.', 5921, 404012.56, 5122174.01, 1152.05);
insert into STATION values (1976, '.', 5921, 404013.03, 5122173.92, 1152.02);
insert into STATION values (1977, '.', 5921, 404012.75, 5122173.95, 1151.81);
insert into STATION values (1978, '.', 5921, 404012.55, 5122173.97, 1151.94);
insert into STATION values (1979, '.', 5921, 404012.40, 5122174.05, 1152.13);
insert into STATION values (1980, '.', 5921, 404013.77, 5122176.86, 1153.37);
insert into STATION values (1981, '.', 5921, 404013.01, 5122177.33, 1153.36);
insert into STATION values (1982, '.', 5921, 404012.54, 5122175.66, 1153.29);
insert into STATION values (1983, '.', 5921, 404012.24, 5122174.67, 1153.22);
insert into STATION values (1984, '.', 5921, 404012.15, 5122174.18, 1153.17);
insert into STATION values (1985, '.', 5921, 404012.05, 5122173.85, 1153.15);
insert into STATION values (1986, '14', 5921, 404012.84, 5122178.20, 1154.11);
insert into STATION values (1987, '.', 5921, 404014.13, 5122184.39, 1154.87);
insert into STATION values (1988, '.', 5921, 404014.97, 5122182.85, 1154.52);
insert into STATION values (1989, '.', 5921, 404014.65, 5122181.05, 1154.40);
insert into STATION values (1990, '.', 5921, 404014.20, 5122179.69, 1154.36);
insert into STATION values (1991, '.', 5921, 404013.90, 5122178.79, 1154.38);
insert into STATION values (1992, '.', 5921, 404013.79, 5122178.23, 1154.18);
insert into STATION values (1993, '.', 5921, 404013.68, 5122177.63, 1154.23);
insert into STATION values (1994, '.', 5921, 404013.45, 5122177.25, 1154.11);
insert into STATION values (1995, '.', 5921, 404013.51, 5122176.34, 1153.73);
insert into STATION values (1996, '.', 5921, 404013.19, 5122175.00, 1153.13);
insert into STATION values (1997, '.', 5921, 404013.94, 5122177.95, 1152.61);
insert into STATION values (1998, '.', 5921, 404013.09, 5122178.04, 1154.05);
insert into STATION values (1999, '.', 5921, 404013.94, 5122177.79, 1153.36);
insert into STATION values (2000, '.', 5921, 404013.02, 5122178.21, 1154.97);
insert into STATION values (2001, '.', 5921, 404013.68, 5122178.15, 1154.91);
insert into STATION values (2002, '.', 5921, 404013.68, 5122178.21, 1154.60);
insert into STATION values (2003, '15', 5921, 404013.95, 5122183.98, 1157.79);
insert into STATION values (2004, '.', 5921, 404013.50, 5122179.64, 1156.71);
insert into STATION values (2005, '.', 5921, 404012.48, 5122179.11, 1156.79);
insert into STATION values (2006, '.', 5921, 404012.04, 5122180.73, 1156.96);
insert into STATION values (2007, '.', 5921, 404012.23, 5122182.44, 1157.35);
insert into STATION values (2008, '.', 5921, 404012.78, 5122183.73, 1157.75);
insert into STATION values (2009, '.', 5921, 404013.04, 5122184.21, 1157.79);
insert into STATION values (2010, '.', 5921, 404013.30, 5122184.66, 1157.76);
insert into STATION values (2011, '.', 5921, 404013.50, 5122184.94, 1157.81);
insert into STATION values (2012, '.', 5921, 404013.65, 5122185.12, 1157.75);
insert into STATION values (2013, '.', 5921, 404012.24, 5122179.49, 1158.97);
insert into STATION values (2014, '.', 5921, 404011.18, 5122180.66, 1164.18);
insert into STATION values (2015, '.', 5921, 404011.55, 5122181.82, 1162.54);
insert into STATION values (2016, '.', 5921, 404011.86, 5122182.72, 1160.98);
insert into STATION values (2017, '.', 5921, 404011.95, 5122182.93, 1160.30);
insert into STATION values (2018, '.', 5921, 404010.40, 5122179.45, 1167.68);
insert into STATION values (2019, '.', 5921, 404009.93, 5122178.93, 1169.48);
insert into STATION values (2020, '.', 5921, 404014.37, 5122182.33, 1148.70);
insert into STATION values (2021, '.', 5921, 404014.13, 5122180.06, 1147.67);
insert into STATION values (2022, '.', 5921, 404014.19, 5122181.65, 1148.19);
insert into STATION values (2023, '.', 5921, 404013.98, 5122183.35, 1148.92);
insert into STATION values (2024, '.', 5921, 404013.62, 5122185.14, 1158.78);
insert into STATION values (2025, '16', 5921, 404013.62, 5122185.14, 1158.78);
insert into STATION values (2026, '.', 5921, 404013.31, 5122186.29, 1159.80);
insert into STATION values (2027, '.', 5921, 404014.01, 5122184.95, 1158.82);
insert into STATION values (2028, '.', 5921, 404013.93, 5122184.91, 1159.25);
insert into STATION values (2029, '.', 5921, 404013.49, 5122184.77, 1162.27);
insert into STATION values (2030, '.', 5921, 404013.71, 5122184.75, 1160.62);
insert into STATION values (2031, '.', 5921, 404013.98, 5122184.69, 1159.89);
insert into STATION values (2032, '.', 5921, 404013.43, 5122185.12, 1159.24);
insert into STATION values (2033, '.', 5921, 404013.41, 5122184.99, 1160.65);
insert into STATION values (2034, '.', 5921, 404012.56, 5122180.11, 1158.00);
insert into STATION values (2035, '.', 5921, 404013.54, 5122184.08, 1158.72);
insert into STATION values (2036, '.', 5921, 404013.26, 5122184.35, 1159.08);
insert into STATION values (2037, '17', 5921, 404015.53, 5122189.71, 1164.80);
insert into STATION values (2038, '.', 5921, 404015.09, 5122189.84, 1164.81);
insert into STATION values (2039, '.', 5921, 404012.63, 5122181.52, 1153.89);
insert into STATION values (2040, '.', 5921, 404013.94, 5122186.42, 1160.52);
insert into STATION values (2041, '.', 5921, 404013.89, 5122187.54, 1163.06);
insert into STATION values (2042, '.', 5921, 404014.66, 5122188.70, 1164.01);
insert into STATION values (2043, '.', 5921, 404014.75, 5122189.12, 1164.28);
insert into STATION values (2044, '.', 5921, 404015.06, 5122189.59, 1164.61);
insert into STATION values (2045, '.', 5921, 404015.58, 5122188.92, 1164.12);
insert into STATION values (2046, '.', 5921, 404015.42, 5122188.65, 1163.74);
insert into STATION values (2047, '.', 5921, 404015.29, 5122187.89, 1162.63);
insert into STATION values (2048, '.', 5921, 404015.22, 5122190.51, 1164.69);
insert into STATION values (2049, '.', 5921, 404015.14, 5122191.99, 1164.37);
insert into STATION values (2050, '.', 5921, 404015.59, 5122192.70, 1164.67);
insert into STATION values (2051, '.', 5921, 404016.02, 5122193.94, 1165.51);
insert into STATION values (2052, '.', 5921, 404016.56, 5122194.83, 1165.65);
insert into STATION values (2053, '.', 5921, 404016.32, 5122192.52, 1165.39);
insert into STATION values (2054, '.', 5921, 404014.84, 5122190.84, 1163.53);
insert into STATION values (2055, '.', 5921, 404016.38, 5122192.75, 1162.14);
insert into STATION values (2056, '.', 5921, 404016.25, 5122192.75, 1161.35);
insert into STATION values (2057, '.', 5921, 404016.21, 5122193.13, 1159.64);
insert into STATION values (2058, '.', 5921, 404015.94, 5122193.29, 1157.99);
insert into STATION values (2059, '.', 5921, 404015.96, 5122192.73, 1157.43);
insert into STATION values (2060, '.', 5921, 404015.53, 5122189.55, 1164.16);
insert into STATION values (2061, '.', 5921, 404015.44, 5122189.37, 1164.14);
insert into STATION values (2062, '18', 5921, 404016.85, 5122195.11, 1165.72);
insert into STATION values (2063, '.', 5921, 404017.38, 5122194.91, 1165.73);
insert into STATION values (2064, '.', 5921, 404017.22, 5122194.75, 1167.55);
insert into STATION values (2065, '.', 5921, 404017.14, 5122195.01, 1164.85);
insert into STATION values (2066, '.', 5921, 404015.70, 5122192.71, 1165.14);
insert into STATION values (2067, '.', 5921, 404016.34, 5122191.80, 1165.28);
insert into STATION values (2068, '19', 5921, 404018.54, 5122197.92, 1165.89);
insert into STATION values (2069, '.', 5921, 404020.63, 5122200.39, 1166.43);
insert into STATION values (2070, '.', 5921, 404017.97, 5122198.05, 1165.97);
insert into STATION values (2071, '.', 5921, 404018.03, 5122197.97, 1166.95);
insert into STATION values (2072, '.', 5921, 404018.14, 5122197.93, 1165.37);
insert into STATION values (2073, '.', 5921, 404018.32, 5122197.90, 1165.47);
insert into STATION values (2074, '.', 5921, 404018.20, 5122199.06, 1166.64);
insert into STATION values (2075, '.', 5921, 404018.99, 5122199.24, 1166.86);
insert into STATION values (2076, '20', 5921, 404018.79, 5122201.50, 1167.58);
insert into STATION values (2077, '.', 5921, 404019.20, 5122205.04, 1169.30);
insert into STATION values (2078, '.', 5921, 404019.21, 5122201.30, 1167.57);
insert into STATION values (2079, '.', 5921, 404018.95, 5122201.52, 1166.73);
insert into STATION values (2080, '.', 5921, 404018.86, 5122201.48, 1168.04);
insert into STATION values (2081, '21', 5921, 404020.47, 5122205.21, 1167.04);
insert into STATION values (2082, '.', 5921, 404019.73, 5122205.45, 1167.00);
insert into STATION values (2083, '.', 5921, 404020.43, 5122205.24, 1166.14);
insert into STATION values (2084, '.', 5921, 404020.06, 5122205.26, 1168.63);
insert into STATION values (2085, '.', 5921, 404020.34, 5122205.95, 1167.23);
insert into STATION values (2086, '.', 5921, 404019.42, 5122204.32, 1167.16);
insert into STATION values (2087, '.', 5921, 404020.45, 5122204.49, 1166.98);
insert into STATION values (2088, '.', 5921, 404018.40, 5122200.25, 1167.86);
insert into STATION values (2089, '22', 5921, 404021.15, 5122208.14, 1166.88);
insert into STATION values (2090, '.', 5921, 404021.82, 5122211.08, 1166.81);
insert into STATION values (2091, '.', 5921, 404021.56, 5122207.88, 1166.90);
insert into STATION values (2092, '.', 5921, 404021.41, 5122208.00, 1167.72);
insert into STATION values (2093, '.', 5921, 404021.33, 5122208.16, 1167.84);
insert into STATION values (2094, '.', 5921, 404021.67, 5122208.00, 1165.41);
insert into STATION values (2095, '.', 5921, 404020.78, 5122206.27, 1166.90);
insert into STATION values (2096, '.', 5921, 404020.69, 5122206.65, 1166.98);
insert into STATION values (2097, '.', 5921, 404020.89, 5122207.39, 1166.97);
insert into STATION values (2098, '.', 5921, 404021.18, 5122207.62, 1167.81);
insert into STATION values (2099, '.', 5921, 404023.68, 5122213.23, 1163.67);
insert into STATION values (2100, '23', 5921, 404023.67, 5122213.24, 1163.67);
insert into STATION values (2101, '.', 5921, 404022.13, 5122213.70, 1165.76);
insert into STATION values (2102, '.', 5921, 404024.01, 5122215.23, 1166.38);
insert into STATION values (2103, '.', 5921, 404023.31, 5122214.43, 1168.50);
insert into STATION values (2104, '.', 5921, 404023.19, 5122213.28, 1167.42);
insert into STATION values (2105, '.', 5921, 404023.09, 5122212.63, 1167.43);
insert into STATION values (2106, '.', 5921, 404023.80, 5122213.33, 1163.81);
insert into STATION values (2107, '.', 5921, 404023.05, 5122213.42, 1164.18);
insert into STATION values (2108, '.', 5921, 404024.54, 5122216.24, 1163.88);
insert into STATION values (2109, '24', 5921, 404024.52, 5122216.15, 1163.88);
insert into STATION values (2110, '.', 5921, 404024.08, 5122216.26, 1163.87);
insert into STATION values (2111, '.', 5921, 404024.31, 5122216.03, 1163.33);
insert into STATION values (2112, '.', 5921, 404024.84, 5122215.97, 1163.85);
insert into STATION values (2113, '.', 5921, 404024.87, 5122214.85, 1163.99);
insert into STATION values (2114, '.', 5921, 404024.54, 5122214.67, 1164.07);
insert into STATION values (2115, '.', 5921, 404025.17, 5122218.58, 1162.90);
insert into STATION values (2116, '25', 5921, 404025.15, 5122218.50, 1162.92);
insert into STATION values (2117, '.', 5921, 404025.56, 5122218.30, 1163.05);
insert into STATION values (2118, '.', 5921, 404025.04, 5122218.78, 1165.49);
insert into STATION values (2119, '.', 5921, 404025.38, 5122218.66, 1163.56);
insert into STATION values (2120, '.', 5921, 404025.85, 5122218.27, 1162.45);
insert into STATION values (2121, '.', 5921, 404025.36, 5122218.34, 1162.35);
insert into STATION values (2122, '26', 5921, 404027.17, 5122221.84, 1161.86);
insert into STATION values (2123, '.', 5921, 404026.16, 5122222.27, 1162.02);
insert into STATION values (2124, '.', 5921, 404026.05, 5122224.10, 1161.99);
insert into STATION values (2125, '.', 5921, 404026.06, 5122227.19, 1161.90);
insert into STATION values (2126, '.', 5921, 404027.01, 5122228.96, 1161.85);
insert into STATION values (2127, '.', 5921, 404029.47, 5122234.10, 1161.51);
insert into STATION values (2128, '.', 5921, 404030.22, 5122233.61, 1161.03);
insert into STATION values (2129, '.', 5921, 404029.21, 5122226.95, 1161.24);
insert into STATION values (2130, '.', 5921, 404026.28, 5122219.58, 1162.13);
insert into STATION values (2131, '.', 5921, 404025.45, 5122219.01, 1162.36);
insert into STATION values (2132, '.', 5921, 404026.04, 5122220.77, 1162.29);
insert into STATION values (2133, '.', 5921, 404026.12, 5122221.34, 1162.41);
insert into STATION values (2134, '27', 5921, 404027.72, 5122229.43, 1161.62);
insert into STATION values (2135, '.', 5921, 404028.71, 5122229.46, 1157.89);
insert into STATION values (2136, '.', 5921, 404029.24, 5122229.07, 1159.11);
insert into STATION values (2137, '.', 5921, 404029.01, 5122229.10, 1161.73);
insert into STATION values (2138, '.', 5921, 404029.19, 5122230.06, 1161.74);
insert into STATION values (2139, '.', 5921, 404029.25, 5122231.01, 1161.79);
insert into STATION values (2140, '.', 5921, 404029.77, 5122232.60, 1161.65);
insert into STATION values (2141, '.', 5921, 404029.54, 5122233.98, 1161.65);
insert into STATION values (2142, '.', 5921, 404029.17, 5122233.00, 1161.83);
insert into STATION values (2143, '.', 5921, 404026.60, 5122221.62, 1161.29);
insert into STATION values (2144, '.', 5921, 404027.60, 5122222.93, 1161.40);
insert into STATION values (2145, '.', 5921, 404028.75, 5122225.33, 1161.42);
insert into STATION values (2146, '.', 5921, 404029.19, 5122226.58, 1161.33);
insert into STATION values (2147, '.', 5921, 404028.26, 5122227.30, 1161.52);
insert into STATION values (2148, '.', 5921, 404025.70, 5122218.91, 1162.30);
insert into STATION values (2149, '28', 5921, 404027.23, 5122230.46, 1177.97);
insert into STATION values (2150, '.', 5921, 404026.96, 5122228.11, 1177.75);
insert into STATION values (2151, '.', 5921, 404028.11, 5122228.81, 1178.05);
insert into STATION values (2152, '.', 5921, 404028.60, 5122229.51, 1178.11);
insert into STATION values (2153, '.', 5921, 404030.05, 5122230.27, 1178.18);
insert into STATION values (2154, '.', 5921, 404029.77, 5122235.62, 1178.20);
insert into STATION values (2155, '.', 5921, 404030.20, 5122234.36, 1178.27);
insert into STATION values (2156, '.', 5921, 404027.71, 5122233.86, 1178.16);
insert into STATION values (2157, '29', 5921, 404027.84, 5122234.34, 1178.29);
insert into STATION values (2158, '.', 5921, 404028.33, 5122238.20, 1178.99);
insert into STATION values (2159, '.', 5921, 404030.23, 5122233.80, 1178.44);
insert into STATION values (2160, '.', 5921, 404031.69, 5122232.44, 1178.45);
insert into STATION values (2161, '.', 5921, 404030.86, 5122231.60, 1178.56);
insert into STATION values (2162, '.', 5921, 404030.00, 5122230.33, 1178.81);
insert into STATION values (2163, '.', 5921, 404028.79, 5122229.62, 1178.34);
insert into STATION values (2164, '.', 5921, 404027.10, 5122231.41, 1178.56);
insert into STATION values (2165, '.', 5921, 404026.56, 5122232.26, 1178.76);
insert into STATION values (2166, '.', 5921, 404025.58, 5122233.15, 1178.87);
insert into STATION values (2167, '.', 5921, 404026.08, 5122235.01, 1178.27);
insert into STATION values (2168, '.', 5921, 404026.29, 5122235.78, 1178.48);
insert into STATION values (2169, '.', 5921, 404026.67, 5122236.82, 1178.54);
insert into STATION values (2170, '.', 5921, 404027.78, 5122240.31, 1179.13);
insert into STATION values (2171, '.', 5921, 404029.89, 5122245.27, 1179.64);
insert into STATION values (2172, '.', 5921, 404034.91, 5122257.41, 1180.19);
insert into STATION values (2173, '.', 5921, 404035.62, 5122256.03, 1179.74);
insert into STATION values (2174, '.', 5921, 404030.98, 5122241.65, 1178.76);
insert into STATION values (2175, '.', 5921, 404029.82, 5122237.83, 1178.49);
insert into STATION values (2176, '.', 5921, 404029.73, 5122237.03, 1178.45);
insert into STATION values (2177, '.', 5921, 404029.74, 5122235.69, 1178.41);
insert into STATION values (2178, '.', 5921, 404030.16, 5122234.24, 1178.57);
insert into STATION values (2179, '.', 5921, 404026.12, 5122235.60, 1181.66);
insert into STATION values (2180, '.', 5921, 404027.62, 5122234.64, 1181.42);
insert into STATION values (2181, '.', 5921, 404031.83, 5122235.24, 1191.67);
insert into STATION values (2182, '.', 5921, 404031.07, 5122233.82, 1184.05);
insert into STATION values (2183, '.', 5921, 404031.41, 5122232.98, 1181.73);
insert into STATION values (2184, '.', 5921, 404031.38, 5122232.49, 1180.04);
insert into STATION values (2185, '.', 5921, 404031.19, 5122232.07, 1178.42);
insert into STATION values (2186, '.', 5921, 404031.17, 5122232.37, 1176.79);
insert into STATION values (2187, '30', 5921, 404027.12, 5122237.69, 1177.61);
insert into STATION values (2188, '.', 5921, 404030.34, 5122240.35, 1177.41);
insert into STATION values (2189, '.', 5921, 404036.04, 5122252.93, 1178.07);
insert into STATION values (2190, '.', 5921, 404029.76, 5122237.08, 1178.04);
insert into STATION values (2191, '.', 5921, 404029.81, 5122235.15, 1178.31);
insert into STATION values (2192, '.', 5921, 404031.15, 5122231.88, 1178.31);
insert into STATION values (2193, '.', 5921, 404030.21, 5122239.29, 1190.01);
insert into STATION values (2194, '.', 5921, 404031.95, 5122234.55, 1190.38);
insert into STATION values (2195, '31', 5921, 404030.08, 5122240.03, 1175.60);
insert into STATION values (2196, '.', 5921, 404028.04, 5122240.84, 1175.86);
insert into STATION values (2197, '.', 5921, 404027.98, 5122242.25, 1175.85);
insert into STATION values (2198, '.', 5921, 404029.15, 5122245.49, 1175.49);
insert into STATION values (2199, '.', 5921, 404030.57, 5122249.60, 1175.45);
insert into STATION values (2200, '.', 5921, 404029.59, 5122230.08, 1178.30);
insert into STATION values (2201, '.', 5921, 404027.23, 5122237.40, 1176.85);
insert into STATION values (2202, '.', 5921, 404027.39, 5122238.58, 1176.27);
insert into STATION values (2203, '.', 5921, 404027.84, 5122239.70, 1176.12);
insert into STATION values (2204, '.', 5921, 404027.97, 5122240.32, 1176.00);
insert into STATION values (2205, '32', 5921, 404031.43, 5122242.79, 1175.30);
insert into STATION values (2206, '.', 5921, 404032.31, 5122252.84, 1175.04);
insert into STATION values (2207, '.', 5921, 404031.64, 5122250.15, 1175.13);
insert into STATION values (2208, '.', 5921, 404030.70, 5122248.99, 1175.43);
insert into STATION values (2209, '.', 5921, 404029.53, 5122245.62, 1175.09);
insert into STATION values (2210, '.', 5921, 404029.43, 5122244.48, 1174.58);
insert into STATION values (2211, '.', 5921, 404030.71, 5122247.03, 1166.65);
insert into STATION values (2212, '.', 5921, 404031.26, 5122248.68, 1167.04);
insert into STATION values (2213, '.', 5921, 404031.55, 5122251.21, 1166.76);
insert into STATION values (2214, '.', 5921, 404031.38, 5122248.97, 1169.03);
insert into STATION values (2215, '.', 5921, 404030.00, 5122246.53, 1170.19);
insert into STATION values (2216, '.', 5921, 404030.25, 5122243.54, 1187.38);
insert into STATION values (2217, '.', 5921, 404031.47, 5122242.85, 1176.80);
insert into STATION values (2218, '.', 5921, 404030.13, 5122243.79, 1190.62);
insert into STATION values (2219, '.', 5921, 404029.72, 5122237.94, 1176.00);
insert into STATION values (2220, '.', 5921, 404028.42, 5122240.81, 1175.87);
insert into STATION values (2221, '.', 5921, 404028.36, 5122242.55, 1175.90);
insert into STATION values (2222, '33', 5921, 404031.20, 5122242.71, 1169.90);
insert into STATION values (2223, '.', 5921, 404033.29, 5122242.63, 1170.44);
insert into STATION values (2224, '.', 5921, 404033.29, 5122243.32, 1170.74);
insert into STATION values (2225, '.', 5921, 404033.41, 5122244.04, 1170.95);
insert into STATION values (2226, '.', 5921, 404033.88, 5122245.20, 1170.55);
insert into STATION values (2227, '34', 5921, 404033.65, 5122243.92, 1169.70);
insert into STATION values (2228, '.', 5921, 404033.88, 5122244.33, 1169.67);
insert into STATION values (2229, '.', 5921, 404035.93, 5122253.12, 1168.97);
insert into STATION values (2230, '.', 5921, 404034.34, 5122245.92, 1169.51);
insert into STATION values (2231, '.', 5921, 404034.65, 5122247.34, 1169.40);
insert into STATION values (2232, '.', 5921, 404033.54, 5122247.46, 1169.42);
insert into STATION values (2233, '.', 5921, 404033.06, 5122245.69, 1169.58);
insert into STATION values (2234, '.', 5921, 404033.10, 5122245.25, 1169.67);
insert into STATION values (2235, '35', 5921, 404034.25, 5122249.63, 1165.55);
insert into STATION values (2236, '.', 5921, 404034.66, 5122249.49, 1165.61);
insert into STATION values (2237, '.', 5921, 404034.76, 5122249.42, 1166.81);
insert into STATION values (2238, '.', 5921, 404035.08, 5122249.73, 1172.35);
insert into STATION values (2239, '.', 5921, 404034.34, 5122249.72, 1167.58);
insert into STATION values (2240, '.', 5921, 404034.22, 5122250.11, 1165.62);
insert into STATION values (2241, '.', 5921, 404034.07, 5122249.59, 1165.58);
insert into STATION values (2242, '.', 5921, 404033.82, 5122248.54, 1165.59);
insert into STATION values (2243, '.', 5921, 404033.43, 5122245.40, 1165.68);
insert into STATION values (2244, '.', 5921, 404033.53, 5122247.44, 1165.61);
insert into STATION values (2245, '.', 5921, 404033.38, 5122246.70, 1165.67);
insert into STATION values (2246, '.', 5921, 404034.62, 5122249.11, 1165.73);
insert into STATION values (2247, '36', 5921, 404036.46, 5122254.77, 1165.27);
insert into STATION values (2248, '.', 5921, 404035.13, 5122252.26, 1165.86);
insert into STATION values (2249, '.', 5921, 404034.16, 5122251.93, 1165.88);
insert into STATION values (2250, '.', 5921, 404033.17, 5122251.84, 1166.17);
insert into STATION values (2251, '.', 5921, 404033.75, 5122253.12, 1166.09);
insert into STATION values (2252, '.', 5921, 404034.83, 5122254.46, 1165.88);
insert into STATION values (2253, '.', 5921, 404034.87, 5122255.50, 1165.89);
insert into STATION values (2254, '.', 5921, 404035.07, 5122256.75, 1165.60);
insert into STATION values (2255, '.', 5921, 404034.83, 5122255.93, 1165.34);
insert into STATION values (2256, '.', 5921, 404034.16, 5122261.78, 1165.51);
insert into STATION values (2257, '.', 5921, 404036.02, 5122262.98, 1165.90);
insert into STATION values (2258, '.', 5921, 404035.63, 5122256.91, 1161.70);
insert into STATION values (2259, '.', 5921, 404035.50, 5122254.68, 1159.57);
insert into STATION values (2260, '.', 5921, 404035.89, 5122255.07, 1157.79);
insert into STATION values (2261, '.', 5921, 404035.53, 5122253.95, 1163.32);
insert into STATION values (2262, '.', 5921, 404035.36, 5122253.29, 1163.84);
insert into STATION values (2263, '.', 5921, 404034.79, 5122251.90, 1164.42);
insert into STATION values (2264, '.', 5921, 404035.85, 5122254.94, 1168.18);
insert into STATION values (2265, '.', 5921, 404035.11, 5122253.11, 1169.71);
insert into STATION values (2266, '.', 5921, 404035.66, 5122256.98, 1166.83);
insert into STATION values (2267, '37', 5921, 404035.85, 5122261.24, 1165.00);
insert into STATION values (2268, '0', 6273, 404040.26, 5122281.44, 1155.71);
insert into STATION values (2269, '.', 6273, 404046.48, 5122279.85, 1155.68);
insert into STATION values (2270, '.', 6273, 404047.83, 5122284.41, 1155.74);
insert into STATION values (2271, '.', 6273, 404046.21, 5122291.13, 1155.97);
insert into STATION values (2272, '.', 6273, 404038.81, 5122293.53, 1155.54);
insert into STATION values (2273, '.', 6273, 404035.37, 5122288.58, 1155.68);
insert into STATION values (2274, '.', 6273, 404044.57, 5122276.08, 1156.05);
insert into STATION values (2275, '.', 6273, 404040.63, 5122275.67, 1158.21);
insert into STATION values (2276, '.', 6273, 404037.99, 5122277.85, 1156.98);
insert into STATION values (2277, '.', 6273, 404038.11, 5122278.97, 1156.55);
insert into STATION values (2278, '.', 6273, 404036.45, 5122279.25, 1156.56);
insert into STATION values (2279, '.', 6273, 404036.00, 5122279.49, 1156.36);
insert into STATION values (2280, '.', 6273, 404031.72, 5122281.26, 1155.80);
insert into STATION values (2281, '.', 6273, 404028.62, 5122284.89, 1155.27);
insert into STATION values (2282, '.', 6273, 404045.77, 5122279.92, 1158.73);
insert into STATION values (2283, '.', 6273, 404045.53, 5122282.98, 1195.30);
insert into STATION values (2284, '.', 6273, 404035.92, 5122273.92, 1167.53);
insert into STATION values (2285, '.', 6273, 404043.17, 5122277.34, 1165.57);
insert into STATION values (2286, '.', 6273, 404048.02, 5122282.44, 1181.79);
insert into STATION values (2287, '.', 6273, 404047.09, 5122289.68, 1168.65);
insert into STATION values (2288, '.', 6273, 404044.78, 5122293.49, 1168.94);
insert into STATION values (2289, '.', 6273, 404032.15, 5122281.03, 1156.19);
insert into STATION values (2290, '.', 6273, 404030.44, 5122282.68, 1155.42);
insert into STATION values (2291, '.', 6273, 404029.65, 5122284.48, 1155.59);
insert into STATION values (2292, '.', 6273, 404029.34, 5122286.26, 1155.92);
insert into STATION values (2293, '.', 6273, 404029.85, 5122287.60, 1155.46);
insert into STATION values (2294, '.', 6273, 404031.00, 5122288.63, 1155.36);
insert into STATION values (2295, '.', 6273, 404034.04, 5122286.68, 1155.45);
insert into STATION values (2296, '.', 6273, 404035.09, 5122288.61, 1155.37);
insert into STATION values (2297, '.', 6273, 404036.99, 5122290.44, 1155.71);
insert into STATION values (2298, '.', 6273, 404038.72, 5122291.70, 1155.67);
insert into STATION values (2299, '.', 6273, 404041.43, 5122294.94, 1155.83);
insert into STATION values (2300, '.', 6273, 404042.13, 5122295.73, 1156.11);
insert into STATION values (2301, '1', 6273, 404030.67, 5122286.74, 1155.46);
insert into STATION values (2302, '.', 6273, 404020.78, 5122291.40, 1155.94);
insert into STATION values (2303, '.', 6273, 404028.53, 5122285.88, 1155.44);
insert into STATION values (2304, '.', 6273, 404029.44, 5122286.34, 1156.73);
insert into STATION values (2305, '.', 6273, 404030.67, 5122286.74, 1157.23);
insert into STATION values (2306, '.', 6273, 404032.00, 5122287.28, 1156.22);
insert into STATION values (2307, '.', 6273, 404033.45, 5122287.73, 1155.06);
insert into STATION values (2308, '.', 6273, 404029.58, 5122284.19, 1155.99);
insert into STATION values (2309, '.', 6273, 404030.99, 5122283.90, 1156.41);
insert into STATION values (2310, '.', 6273, 404032.33, 5122279.92, 1155.68);
insert into STATION values (2311, '.', 6273, 404030.49, 5122282.51, 1155.28);
insert into STATION values (2312, '.', 6273, 404036.90, 5122280.42, 1154.69);
insert into STATION values (2313, '.', 6273, 404047.00, 5122280.75, 1154.31);
insert into STATION values (2314, '.', 6273, 404032.13, 5122285.37, 1156.23);
insert into STATION values (2315, '2', 6273, 404027.79, 5122290.92, 1157.65);
insert into STATION values (2316, '.', 6273, 404027.50, 5122289.19, 1157.61);
insert into STATION values (2317, '.', 6273, 404026.85, 5122290.15, 1158.67);
insert into STATION values (2318, '.', 6273, 404025.21, 5122292.13, 1159.80);
insert into STATION values (2319, '.', 6273, 404024.44, 5122293.96, 1161.16);
insert into STATION values (2320, '.', 6273, 404022.55, 5122296.15, 1164.43);
insert into STATION values (2321, '.', 6273, 404024.08, 5122296.19, 1160.02);
insert into STATION values (2322, '.', 6273, 404025.18, 5122299.11, 1160.88);
insert into STATION values (2323, '.', 6273, 404026.17, 5122296.10, 1157.92);
insert into STATION values (2324, '.', 6273, 404028.70, 5122298.59, 1158.18);
insert into STATION values (2325, '.', 6273, 404029.91, 5122296.78, 1158.11);
insert into STATION values (2326, '.', 6273, 404030.35, 5122293.51, 1157.43);
insert into STATION values (2327, '.', 6273, 404030.64, 5122294.32, 1156.18);
insert into STATION values (2328, '.', 6273, 404030.83, 5122292.10, 1157.36);
insert into STATION values (2329, '3', 6273, 404026.17, 5122297.65, 1159.64);
insert into STATION values (2330, '.', 6273, 404024.17, 5122299.07, 1164.81);
insert into STATION values (2331, '.', 6273, 404022.11, 5122293.13, 1167.06);
insert into STATION values (2332, '.', 6273, 404022.03, 5122291.31, 1165.00);
insert into STATION values (2333, '.', 6273, 404023.97, 5122291.47, 1163.38);
insert into STATION values (2334, '.', 6273, 404026.07, 5122296.92, 1162.23);
insert into STATION values (2335, '.', 6273, 404027.16, 5122296.82, 1160.80);
insert into STATION values (2336, '.', 6273, 404028.46, 5122299.24, 1159.54);
insert into STATION values (2337, '4', 6273, 404042.82, 5122287.00, 1151.96);
insert into STATION values (2338, '5', 6273, 404041.32, 5122289.43, 1150.38);
insert into STATION values (2339, '6', 6273, 404041.04, 5122287.02, 1150.34);
insert into STATION values (2340, '7', 6273, 404047.06, 5122282.54, 1164.88);
insert into STATION values (2341, '.', 6273, 404038.33, 5122272.12, 1165.07);
insert into STATION values (2342, '.', 6273, 404034.84, 5122277.39, 1165.00);
insert into STATION values (2343, '.', 6273, 404034.70, 5122282.81, 1165.21);
insert into STATION values (2344, '.', 6273, 404036.59, 5122288.35, 1166.16);
insert into STATION values (2345, '.', 6273, 404039.72, 5122292.78, 1166.27);
insert into STATION values (2346, '.', 6273, 404042.35, 5122294.83, 1166.01);
insert into STATION values (2347, '.', 6273, 404046.34, 5122292.87, 1166.23);
insert into STATION values (2348, '.', 6273, 404046.39, 5122288.70, 1167.16);
insert into STATION values (2349, '8', 6273, 404047.12, 5122282.40, 1172.21);
insert into STATION values (2350, '.', 6273, 404042.02, 5122272.69, 1172.19);
insert into STATION values (2351, '.', 6273, 404036.63, 5122276.01, 1172.28);
insert into STATION values (2352, '.', 6273, 404035.51, 5122282.29, 1172.11);
insert into STATION values (2353, '.', 6273, 404036.12, 5122287.33, 1171.71);
insert into STATION values (2354, '.', 6273, 404035.41, 5122284.62, 1170.68);
insert into STATION values (2355, '.', 6273, 404036.33, 5122279.23, 1158.27);
insert into STATION values (2356, '.', 6273, 404033.39, 5122281.86, 1153.91);
insert into STATION values (2357, '.', 6273, 404032.90, 5122286.76, 1153.31);
insert into STATION values (2358, '.', 6273, 404048.21, 5122286.42, 1171.64);
insert into STATION values (2359, '.', 6273, 404046.11, 5122290.47, 1171.20);
insert into STATION values (2360, '.', 6273, 404045.00, 5122292.14, 1170.93);
insert into STATION values (2361, '.', 6273, 404040.50, 5122293.79, 1170.64);
insert into STATION values (2362, '.', 6273, 404043.33, 5122294.08, 1170.66);
insert into STATION values (2363, '9', 6273, 404046.64, 5122283.22, 1185.48);
insert into STATION values (2364, '.', 6273, 404046.65, 5122283.85, 1198.75);
insert into STATION values (2365, '.', 6273, 404046.20, 5122287.70, 1185.06);
insert into STATION values (2366, '.', 6273, 404040.66, 5122294.03, 1184.77);
insert into STATION values (2367, '.', 6273, 404037.04, 5122291.46, 1184.50);
insert into STATION values (2368, '.', 6273, 404035.12, 5122285.87, 1184.48);
insert into STATION values (2369, '.', 6273, 404042.95, 5122271.33, 1185.04);
insert into STATION values (2370, '.', 6273, 404037.54, 5122266.19, 1183.41);
insert into STATION values (2371, '.', 6273, 404038.53, 5122275.40, 1184.29);
insert into STATION values (2372, '.', 6273, 404038.74, 5122279.15, 1184.84);
insert into STATION values (2373, '.', 6273, 404035.82, 5122280.93, 1184.39);
insert into STATION values (2374, '10', 6273, 404045.65, 5122283.26, 1194.07);
insert into STATION values (2375, '.', 6273, 404044.74, 5122282.98, 1202.66);
insert into STATION values (2376, '.', 6273, 404041.01, 5122294.97, 1195.53);
insert into STATION values (2377, '.', 6273, 404038.36, 5122293.63, 1194.62);
insert into STATION values (2378, '.', 6273, 404037.27, 5122289.60, 1194.57);
insert into STATION values (2379, '.', 6273, 404036.85, 5122286.41, 1194.33);
insert into STATION values (2380, '.', 6273, 404036.29, 5122279.61, 1194.49);
insert into STATION values (2381, '.', 6273, 404038.47, 5122261.71, 1192.92);
insert into STATION values (2382, '.', 6273, 404034.27, 5122265.36, 1191.77);
insert into STATION values (2383, '.', 6273, 404036.02, 5122274.45, 1192.51);
insert into STATION values (2384, '.', 6273, 404035.79, 5122278.71, 1192.45);
insert into STATION values (2385, '.', 6273, 404036.76, 5122272.56, 1165.69);
insert into STATION values (2386, '11', 6273, 404045.67, 5122283.12, 1196.73);
insert into STATION values (2387, '.', 6273, 404045.91, 5122282.99, 1199.46);
insert into STATION values (2388, '.', 6273, 404040.62, 5122265.16, 1195.85);
insert into STATION values (2389, '.', 6273, 404034.54, 5122265.18, 1195.32);
insert into STATION values (2390, '.', 6273, 404035.72, 5122274.84, 1195.25);
insert into STATION values (2391, '.', 6273, 404036.50, 5122280.95, 1194.96);
insert into STATION values (2392, '.', 6273, 404044.74, 5122291.92, 1196.53);
insert into STATION values (2393, '.', 6273, 404039.87, 5122293.69, 1196.14);
insert into STATION values (2394, '.', 6273, 404037.29, 5122290.39, 1195.97);
insert into STATION values (2395, '.', 6273, 404037.20, 5122287.11, 1196.53);
insert into STATION values (2396, '.', 6273, 404045.06, 5122282.33, 1211.84);
insert into STATION values (2397, '12', 6273, 404045.24, 5122282.98, 1200.07);
insert into STATION values (2398, '.', 6273, 404045.90, 5122283.09, 1208.32);
insert into STATION values (2399, '13', 6273, 404045.13, 5122282.78, 1213.30);
insert into STATION values (2400, '.', 6273, 404044.88, 5122282.69, 1227.15);
insert into STATION values (2401, '.', 6273, 404044.94, 5122282.70, 1226.57);
insert into STATION values (2402, '14', 6273, 404045.69, 5122284.64, 1214.01);
insert into STATION values (2403, '15', 6273, 404045.94, 5122283.21, 1215.82);
insert into STATION values (2404, '1', 6521, 404051.27, 5122282.52, 1232.26);
insert into STATION values (2405, '2', 6521, 404049.09, 5122284.99, 1226.31);
insert into STATION values (2406, '3', 6521, 404045.94, 5122283.21, 1215.82);
insert into STATION values (2407, '2', 6537, 404054.10, 5122280.35, 1233.35);
insert into STATION values (2408, '1', 6537, 404051.27, 5122282.52, 1232.26);
insert into STATION values (2409, '3', 6537, 404060.62, 5122273.48, 1234.34);
insert into STATION values (2410, '4', 6537, 404061.11, 5122268.36, 1235.53);
insert into STATION values (2411, '5', 6537, 404063.25, 5122263.17, 1236.42);
insert into STATION values (2412, '6', 6537, 404063.79, 5122260.94, 1236.50);
insert into STATION values (2413, '7', 6537, 404067.35, 5122257.43, 1237.20);
insert into STATION values (2414, '8', 6537, 404072.76, 5122257.38, 1238.75);
insert into STATION values (2415, '9', 6537, 404078.19, 5122254.90, 1239.28);
insert into STATION values (2416, '10', 6537, 404082.24, 5122254.72, 1239.92);
insert into STATION values (2417, '11', 6537, 404082.96, 5122251.92, 1240.32);
insert into STATION values (2418, '12', 6537, 404087.26, 5122251.50, 1241.01);
insert into STATION values (2419, '13', 6537, 404088.86, 5122250.84, 1242.74);
insert into STATION values (2420, '14', 6537, 404091.98, 5122249.86, 1241.49);
insert into STATION values (2421, '0', 6587, 403999.51, 5122283.45, 1130.77);
insert into STATION values (2422, '1', 6587, 403999.84, 5122280.55, 1132.24);
insert into STATION values (2423, '2', 6587, 404002.58, 5122278.11, 1135.68);
insert into STATION values (2424, '3', 6587, 404002.54, 5122281.68, 1137.17);
insert into STATION values (2425, '4', 6587, 404004.71, 5122276.92, 1137.99);
insert into STATION values (2426, '5', 6587, 404008.98, 5122273.21, 1142.95);
insert into STATION values (2427, '6', 6587, 404008.61, 5122271.50, 1142.60);
insert into STATION values (2428, '7', 6587, 404010.12, 5122266.09, 1141.84);
insert into STATION values (2429, '8', 6587, 404009.84, 5122266.50, 1147.83);
insert into STATION values (2430, '9', 6587, 404009.08, 5122265.22, 1149.35);
insert into STATION values (2431, '10', 6587, 404009.24, 5122262.43, 1149.81);
insert into STATION values (2432, '11', 6587, 404008.82, 5122257.89, 1152.89);
insert into STATION values (2433, '12', 6587, 404008.63, 5122259.65, 1156.18);
insert into STATION values (2434, '13', 6587, 404007.96, 5122257.22, 1159.12);
insert into STATION values (2435, '14', 6587, 404010.27, 5122251.17, 1162.48);
insert into STATION values (2436, '15', 6587, 404005.62, 5122250.41, 1161.50);
insert into STATION values (2437, '16', 6587, 404002.67, 5122250.19, 1171.01);
insert into STATION values (2438, '17', 6587, 404001.40, 5122248.97, 1170.63);
insert into STATION values (2439, '18', 6587, 403999.22, 5122247.66, 1174.23);
insert into STATION values (2440, '19', 6587, 403999.25, 5122254.11, 1175.69);
insert into STATION values (2441, '20', 6587, 403997.98, 5122247.24, 1182.48);
insert into STATION values (2442, '21', 6587, 404000.72, 5122261.73, 1173.88);
insert into STATION values (2443, '1', 6846, 403998.57, 5122282.03, 1111.45);
insert into STATION values (2444, '2', 6846, 403996.81, 5122287.31, 1109.64);
insert into STATION values (2445, '3', 6846, 403997.83, 5122279.82, 1115.32);
insert into STATION values (2446, '4', 6846, 403999.87, 5122278.89, 1118.64);
insert into STATION values (2447, '5', 6846, 403999.41, 5122276.84, 1118.42);
insert into STATION values (2448, '6', 6846, 404000.55, 5122277.20, 1122.31);
insert into STATION values (2449, '7', 6846, 403996.74, 5122281.82, 1126.66);
insert into STATION values (2450, '8', 6846, 403999.51, 5122283.45, 1130.77);
insert into STATION values (2451, '2', 6876, 403984.99, 5122308.72, 1098.51);
insert into STATION values (2452, '1', 6876, 403997.87, 5122316.60, 1098.24);
insert into STATION values (2453, '3', 6876, 403984.08, 5122293.95, 1098.51);
insert into STATION values (2454, '4', 6876, 403987.25, 5122289.33, 1099.50);
insert into STATION values (2455, '5', 6876, 403989.24, 5122290.15, 1102.57);
insert into STATION values (2456, '6', 6876, 403994.58, 5122294.24, 1105.28);
insert into STATION values (2457, '7', 6876, 403993.74, 5122292.50, 1106.36);
insert into STATION values (2458, '8', 6876, 403993.74, 5122292.50, 1108.93);
insert into STATION values (2459, '9', 6876, 403995.30, 5122289.96, 1110.31);
insert into STATION values (2460, '10', 6876, 403996.41, 5122287.71, 1113.77);
insert into STATION values (2461, '11', 6876, 403995.79, 5122285.30, 1115.32);
insert into STATION values (2462, '12', 6876, 403997.83, 5122279.82, 1115.32);
insert into STATION values (2463, '1', 6912, 404109.86, 5122298.40, 1320.41);
insert into STATION values (2464, '2', 6912, 404110.73, 5122300.99, 1320.86);
insert into STATION values (2465, '3', 6912, 404112.07, 5122302.66, 1322.15);
insert into STATION values (2466, '4', 6912, 404110.15, 5122305.76, 1323.04);
insert into STATION values (2467, '5', 6912, 404111.38, 5122307.88, 1325.26);
insert into STATION values (2468, '6', 6912, 404109.36, 5122308.78, 1327.23);
insert into STATION values (2469, '7', 6912, 404110.61, 5122311.13, 1329.33);
insert into STATION values (2470, '8', 6912, 404114.11, 5122309.93, 1330.87);
insert into STATION values (2471, '9', 6912, 404115.29, 5122310.67, 1330.98);
insert into STATION values (2472, '10', 6912, 404118.21, 5122311.21, 1333.45);
insert into STATION values (2473, '11', 6912, 404122.80, 5122312.04, 1332.20);
insert into STATION values (2474, '12', 6912, 404122.83, 5122311.94, 1335.40);
insert into STATION values (2475, '13', 6912, 404123.81, 5122316.85, 1336.13);
insert into STATION values (2476, '14', 6912, 404123.56, 5122317.99, 1338.15);
insert into STATION values (2477, '15', 6912, 404127.45, 5122317.63, 1337.11);
insert into STATION values (2478, '16', 6912, 404124.23, 5122318.42, 1332.93);
insert into STATION values (2479, '17', 6912, 404114.43, 5122308.78, 1331.96);
insert into STATION values (2480, '18', 6912, 404114.95, 5122306.49, 1332.13);
insert into STATION values (2481, '19', 6912, 404109.41, 5122303.32, 1328.55);
insert into STATION values (2482, '20', 6912, 404109.53, 5122299.49, 1327.00);
insert into STATION values (2483, '21', 6912, 404106.84, 5122298.52, 1324.87);
insert into STATION values (2484, '23', 6912, 404120.22, 5122307.30, 1338.49);
insert into STATION values (2485, '22', 6912, 404123.60, 5122304.98, 1343.93);
insert into STATION values (2486, '24', 6912, 404116.34, 5122305.11, 1331.89);
insert into STATION values (2487, '2', 6989, 404126.05, 5122265.37, 1311.60);
insert into STATION values (2488, '1', 6989, 404128.23, 5122253.58, 1310.97);
insert into STATION values (2489, '3', 6989, 404125.03, 5122273.12, 1312.98);
insert into STATION values (2490, '4', 6989, 404125.00, 5122273.23, 1309.41);
insert into STATION values (2491, '5', 6989, 404125.82, 5122276.54, 1308.17);
insert into STATION values (2492, '6', 6989, 404125.28, 5122263.21, 1305.30);
insert into STATION values (2493, '7', 6989, 404120.56, 5122283.14, 1315.07);
insert into STATION values (2494, '8', 6989, 404118.48, 5122288.99, 1316.23);
insert into STATION values (2495, '9', 6989, 404116.68, 5122295.51, 1318.04);
insert into STATION values (2496, '10', 6989, 404115.02, 5122287.63, 1317.42);
insert into STATION values (2497, '11', 6989, 404112.37, 5122290.29, 1317.41);
insert into STATION values (2498, '12', 6989, 404112.40, 5122290.20, 1319.42);
insert into STATION values (2499, '13', 6989, 404110.45, 5122296.82, 1321.26);
insert into STATION values (2500, '14', 6989, 404109.86, 5122298.40, 1320.41);
insert into STATION values (2501, '1', 7038, 404117.74, 5122269.27, 1281.57);
insert into STATION values (2502, '2', 7038, 404119.47, 5122269.96, 1284.25);
insert into STATION values (2503, '3', 7038, 404123.57, 5122273.07, 1286.59);
insert into STATION values (2504, '4', 7038, 404126.81, 5122273.22, 1290.50);
insert into STATION values (2505, '5', 7038, 404127.90, 5122274.01, 1299.83);
insert into STATION values (2506, '6', 7038, 404128.24, 5122275.70, 1306.41);
insert into STATION values (2507, '7', 7038, 404127.75, 5122275.42, 1307.41);
insert into STATION values (2508, '8', 7038, 404125.82, 5122276.54, 1308.17);
insert into STATION values (2509, '1', 7083, 404295.14, 5122632.35, 1491.91);
insert into STATION values (2510, '2', 7083, 404292.76, 5122632.46, 1489.76);
insert into STATION values (2511, '3', 7083, 404289.20, 5122634.81, 1490.21);
insert into STATION values (2512, '4', 7083, 404288.73, 5122639.78, 1491.09);
insert into STATION values (2513, '5', 7083, 404289.68, 5122645.43, 1495.10);
insert into STATION values (2514, '6', 7083, 404293.54, 5122647.27, 1497.67);
insert into STATION values (2515, '7', 7083, 404298.58, 5122653.16, 1503.10);
insert into STATION values (2516, '8', 7083, 404301.10, 5122649.49, 1504.04);
insert into STATION values (2517, '0', 7122, 404349.40, 5122435.00, 1407.05);
insert into STATION values (2518, '.', 7122, 404346.19, 5122434.45, 1408.01);
insert into STATION values (2519, '.', 7122, 404346.42, 5122434.99, 1407.83);
insert into STATION values (2520, '.', 7122, 404345.85, 5122432.95, 1413.40);
insert into STATION values (2521, '.', 7122, 404350.95, 5122429.84, 1410.71);
insert into STATION values (2522, '.', 7122, 404350.75, 5122429.98, 1408.31);
insert into STATION values (2523, '.', 7122, 404345.87, 5122434.02, 1407.50);
insert into STATION values (2524, '.', 7122, 404348.19, 5122429.18, 1408.19);
insert into STATION values (2525, '.', 7122, 404345.97, 5122430.77, 1408.48);
insert into STATION values (2526, '.', 7122, 404345.27, 5122432.46, 1408.26);
insert into STATION values (2527, '.', 7122, 404345.34, 5122433.67, 1408.20);
insert into STATION values (2528, '.', 7122, 404350.83, 5122429.70, 1408.29);
insert into STATION values (2529, '.', 7122, 404350.89, 5122433.15, 1407.81);
insert into STATION values (2530, '.', 7122, 404346.56, 5122430.05, 1408.30);
insert into STATION values (2531, '.', 7122, 404344.49, 5122430.92, 1409.07);
insert into STATION values (2532, '.', 7122, 404344.26, 5122432.01, 1409.81);
insert into STATION values (2533, '.', 7122, 404345.68, 5122430.04, 1410.47);
insert into STATION values (2534, '.', 7122, 404350.30, 5122429.34, 1412.43);
insert into STATION values (2535, '.', 7122, 404345.61, 5122431.45, 1415.00);
insert into STATION values (2536, '.', 7122, 404346.99, 5122432.56, 1421.00);
insert into STATION values (2537, '.', 7122, 404347.37, 5122430.16, 1405.95);
insert into STATION values (2538, '.', 7122, 404346.54, 5122434.62, 1407.32);
insert into STATION values (2539, '.', 7122, 404346.46, 5122434.82, 1407.43);
insert into STATION values (2540, '1', 7122, 404345.91, 5122434.01, 1407.56);
insert into STATION values (2541, '.', 7122, 404342.46, 5122433.08, 1408.08);
insert into STATION values (2542, '.', 7122, 404342.40, 5122432.99, 1408.07);
insert into STATION values (2543, '.', 7122, 404342.38, 5122432.97, 1408.06);
insert into STATION values (2544, '.', 7122, 404345.36, 5122432.47, 1407.94);
insert into STATION values (2545, '.', 7122, 404346.23, 5122431.44, 1407.79);
insert into STATION values (2546, '.', 7122, 404347.87, 5122429.53, 1408.02);
insert into STATION values (2547, '.', 7122, 404350.35, 5122429.13, 1408.17);
insert into STATION values (2548, '.', 7122, 404350.49, 5122431.09, 1407.98);
insert into STATION values (2549, '.', 7122, 404350.71, 5122432.38, 1407.95);
insert into STATION values (2550, '.', 7122, 404349.22, 5122437.64, 1408.24);
insert into STATION values (2551, '.', 7122, 404350.14, 5122436.14, 1408.28);
insert into STATION values (2552, '.', 7122, 404350.98, 5122432.79, 1408.29);
insert into STATION values (2553, '.', 7122, 404350.28, 5122433.91, 1410.71);
insert into STATION values (2554, '.', 7122, 404350.91, 5122432.43, 1415.59);
insert into STATION values (2555, '.', 7122, 404348.98, 5122432.67, 1420.31);
insert into STATION values (2556, '.', 7122, 404345.25, 5122433.51, 1407.56);
insert into STATION values (2557, '.', 7122, 404345.37, 5122431.81, 1407.37);
insert into STATION values (2558, '.', 7122, 404345.91, 5122430.87, 1407.92);
insert into STATION values (2559, '.', 7122, 404347.75, 5122429.94, 1407.59);
insert into STATION values (2560, '.', 7122, 404349.10, 5122430.12, 1407.66);
insert into STATION values (2561, '.', 7122, 404349.74, 5122437.26, 1408.08);
insert into STATION values (2562, '.', 7122, 404350.78, 5122435.02, 1408.29);
insert into STATION values (2563, '.', 7122, 404350.76, 5122432.36, 1408.40);
insert into STATION values (2564, '.', 7122, 404350.39, 5122434.03, 1412.08);
insert into STATION values (2565, '.', 7122, 404349.91, 5122433.86, 1419.04);
insert into STATION values (2566, '.', 7122, 404345.24, 5122433.81, 1409.92);
insert into STATION values (2567, '.', 7122, 404346.07, 5122430.47, 1401.59);
insert into STATION values (2568, '.', 7122, 404346.91, 5122431.01, 1401.59);
insert into STATION values (2569, '.', 7122, 404347.12, 5122431.55, 1401.43);
insert into STATION values (2570, '.', 7122, 404347.30, 5122432.14, 1401.29);
insert into STATION values (2571, '.', 7122, 404347.49, 5122432.93, 1401.29);
insert into STATION values (2572, '.', 7122, 404347.48, 5122433.49, 1401.35);
insert into STATION values (2573, '.', 7122, 404347.19, 5122433.17, 1401.28);
insert into STATION values (2574, '.', 7122, 404347.16, 5122434.01, 1401.30);
insert into STATION values (2575, '.', 7122, 404346.99, 5122434.69, 1401.42);
insert into STATION values (2576, '.', 7122, 404349.83, 5122433.48, 1401.73);
insert into STATION values (2577, '.', 7122, 404350.06, 5122431.41, 1403.43);
insert into STATION values (2578, '.', 7122, 404344.78, 5122430.94, 1402.24);
insert into STATION values (2579, '.', 7122, 404345.86, 5122429.87, 1403.81);
insert into STATION values (2580, '2', 7122, 404345.13, 5122433.41, 1402.41);
insert into STATION values (2581, '.', 7122, 404345.83, 5122429.49, 1402.44);
insert into STATION values (2582, '.', 7122, 404347.01, 5122429.46, 1402.57);
insert into STATION values (2583, '.', 7122, 404348.62, 5122429.95, 1402.26);
insert into STATION values (2584, '.', 7122, 404349.89, 5122431.49, 1403.02);
insert into STATION values (2585, '.', 7122, 404349.63, 5122433.24, 1402.87);
insert into STATION values (2586, '.', 7122, 404347.45, 5122429.61, 1403.79);
insert into STATION values (2587, '.', 7122, 404345.70, 5122430.24, 1404.03);
insert into STATION values (2588, '.', 7122, 404344.66, 5122428.53, 1404.64);
insert into STATION values (2589, '.', 7122, 404344.53, 5122429.54, 1405.29);
insert into STATION values (2590, '.', 7122, 404344.74, 5122430.79, 1405.28);
insert into STATION values (2591, '.', 7122, 404343.99, 5122430.07, 1404.83);
insert into STATION values (2592, '.', 7122, 404344.38, 5122431.54, 1403.84);
insert into STATION values (2593, '.', 7122, 404343.95, 5122428.93, 1404.02);
insert into STATION values (2594, '.', 7122, 404344.17, 5122427.01, 1403.17);
insert into STATION values (2595, '.', 7122, 404344.71, 5122424.12, 1401.66);
insert into STATION values (2596, '.', 7122, 404344.26, 5122425.91, 1401.79);
insert into STATION values (2597, '.', 7122, 404344.90, 5122431.06, 1402.00);
insert into STATION values (2598, '.', 7122, 404345.04, 5122424.96, 1400.93);
insert into STATION values (2599, '.', 7122, 404345.59, 5122429.35, 1401.31);
insert into STATION values (2600, '.', 7122, 404345.49, 5122429.12, 1400.91);
insert into STATION values (2601, '.', 7122, 404345.15, 5122430.82, 1401.36);
insert into STATION values (2602, '.', 7122, 404345.45, 5122430.72, 1401.15);
insert into STATION values (2603, '.', 7122, 404343.75, 5122429.50, 1403.10);
insert into STATION values (2604, '.', 7122, 404348.38, 5122429.31, 1403.91);
insert into STATION values (2605, '.', 7122, 404350.60, 5122429.65, 1405.82);
insert into STATION values (2606, '.', 7122, 404351.07, 5122430.20, 1405.91);
insert into STATION values (2607, '.', 7122, 404344.87, 5122423.36, 1401.48);
insert into STATION values (2608, '3', 7122, 404345.04, 5122430.51, 1402.14);
insert into STATION values (2609, '.', 7122, 404345.70, 5122429.48, 1402.38);
insert into STATION values (2610, '.', 7122, 404345.38, 5122429.19, 1402.34);
insert into STATION values (2611, '.', 7122, 404345.22, 5122425.07, 1402.35);
insert into STATION values (2612, '.', 7122, 404344.41, 5122426.26, 1402.37);
insert into STATION values (2613, '.', 7122, 404344.25, 5122427.41, 1402.33);
insert into STATION values (2614, '.', 7122, 404344.36, 5122428.83, 1402.35);
insert into STATION values (2615, '.', 7122, 404344.11, 5122429.07, 1402.45);
insert into STATION values (2616, '.', 7122, 404344.51, 5122429.93, 1402.35);
insert into STATION values (2617, '.', 7122, 404343.60, 5122430.00, 1403.22);
insert into STATION values (2618, '.', 7122, 404344.04, 5122428.96, 1403.69);
insert into STATION values (2619, '.', 7122, 404344.58, 5122428.32, 1404.76);
insert into STATION values (2620, '.', 7122, 404344.53, 5122429.44, 1404.96);
insert into STATION values (2621, '.', 7122, 404344.32, 5122429.95, 1405.23);
insert into STATION values (2622, '.', 7122, 404345.05, 5122429.95, 1403.73);
insert into STATION values (2623, '.', 7122, 404344.89, 5122430.49, 1404.69);
insert into STATION values (2624, '.', 7122, 404343.42, 5122427.11, 1403.00);
insert into STATION values (2625, '.', 7122, 404344.56, 5122429.90, 1402.39);
insert into STATION values (2626, '.', 7122, 404342.69, 5122427.38, 1403.35);
insert into STATION values (2627, '.', 7122, 404344.19, 5122428.81, 1402.45);
insert into STATION values (2628, '.', 7122, 404343.02, 5122427.73, 1403.29);
insert into STATION values (2629, '4', 7122, 404342.93, 5122427.73, 1403.22);
insert into STATION values (2630, '.', 7122, 404340.89, 5122427.44, 1403.32);
insert into STATION values (2631, '.', 7122, 404340.50, 5122427.75, 1403.39);
insert into STATION values (2632, '.', 7122, 404340.08, 5122428.40, 1403.48);
insert into STATION values (2633, '.', 7122, 404339.98, 5122428.98, 1403.51);
insert into STATION values (2634, '.', 7122, 404339.91, 5122429.54, 1403.49);
insert into STATION values (2635, '.', 7122, 404339.14, 5122430.37, 1403.63);
insert into STATION values (2636, '.', 7122, 404339.23, 5122430.97, 1403.67);
insert into STATION values (2637, '.', 7122, 404341.48, 5122429.73, 1403.37);
insert into STATION values (2638, '.', 7122, 404342.17, 5122429.69, 1403.50);
insert into STATION values (2639, '.', 7122, 404343.00, 5122429.50, 1403.42);
insert into STATION values (2640, '.', 7122, 404343.61, 5122429.35, 1403.31);
insert into STATION values (2641, '.', 7122, 404348.07, 5122435.16, 1403.49);
insert into STATION values (2642, '.', 7122, 404339.62, 5122428.44, 1402.95);
insert into STATION values (2643, '.', 7122, 404340.31, 5122427.85, 1403.71);
insert into STATION values (2644, '.', 7122, 404339.31, 5122430.71, 1404.14);
insert into STATION values (2645, '.', 7122, 404339.21, 5122430.62, 1403.01);
insert into STATION values (2646, '.', 7122, 404342.99, 5122429.52, 1403.22);
insert into STATION values (2647, '5', 7122, 404339.58, 5122431.18, 1403.90);
insert into STATION values (2648, '.', 7122, 404340.46, 5122429.72, 1403.98);
insert into STATION values (2649, '.', 7122, 404340.97, 5122430.09, 1404.11);
insert into STATION values (2650, '.', 7122, 404341.57, 5122430.47, 1404.15);
insert into STATION values (2651, '.', 7122, 404341.34, 5122430.93, 1404.17);
insert into STATION values (2652, '.', 7122, 404342.55, 5122428.29, 1403.62);
insert into STATION values (2653, '.', 7122, 404342.08, 5122427.46, 1403.37);
insert into STATION values (2654, '.', 7122, 404339.80, 5122429.84, 1403.74);
insert into STATION values (2655, '.', 7122, 404339.37, 5122430.13, 1403.78);
insert into STATION values (2656, '.', 7122, 404339.64, 5122429.88, 1404.41);
insert into STATION values (2657, '.', 7122, 404340.93, 5122429.03, 1405.81);
insert into STATION values (2658, '.', 7122, 404340.60, 5122428.87, 1406.17);
insert into STATION values (2659, '.', 7122, 404339.93, 5122428.95, 1405.79);
insert into STATION values (2660, '.', 7122, 404339.98, 5122428.98, 1406.41);
insert into STATION values (2661, '.', 7122, 404340.40, 5122428.68, 1405.80);
insert into STATION values (2662, '.', 7122, 404340.84, 5122430.38, 1403.75);
insert into STATION values (2663, '.', 7122, 404340.35, 5122430.27, 1403.46);
insert into STATION values (2664, '.', 7122, 404340.49, 5122429.40, 1402.88);
insert into STATION values (2665, '6', 7122, 404344.31, 5122426.31, 1399.78);
insert into STATION values (2666, '.', 7122, 404343.30, 5122423.42, 1400.58);
insert into STATION values (2667, '.', 7122, 404343.09, 5122424.29, 1400.53);
insert into STATION values (2668, '.', 7122, 404343.23, 5122424.84, 1400.38);
insert into STATION values (2669, '.', 7122, 404343.41, 5122425.88, 1400.18);
insert into STATION values (2670, '.', 7122, 404343.30, 5122426.36, 1400.36);
insert into STATION values (2671, '.', 7122, 404343.04, 5122426.74, 1400.24);
insert into STATION values (2672, '.', 7122, 404343.00, 5122427.39, 1400.19);
insert into STATION values (2673, '.', 7122, 404343.03, 5122428.18, 1400.36);
insert into STATION values (2674, '.', 7122, 404343.36, 5122428.94, 1400.43);
insert into STATION values (2675, '.', 7122, 404344.32, 5122429.55, 1400.44);
insert into STATION values (2676, '.', 7122, 404345.29, 5122430.43, 1400.72);
insert into STATION values (2677, '.', 7122, 404345.33, 5122428.53, 1400.40);
insert into STATION values (2678, '.', 7122, 404345.57, 5122427.92, 1400.39);
insert into STATION values (2679, '.', 7122, 404345.75, 5122427.41, 1400.39);
insert into STATION values (2680, '.', 7122, 404345.14, 5122424.73, 1400.30);
insert into STATION values (2681, '.', 7122, 404345.98, 5122425.24, 1400.27);
insert into STATION values (2682, '.', 7122, 404346.41, 5122425.93, 1400.36);
insert into STATION values (2683, '.', 7122, 404346.35, 5122426.33, 1400.15);
insert into STATION values (2684, '.', 7122, 404341.51, 5122429.40, 1398.57);
insert into STATION values (2685, '.', 7122, 404342.90, 5122429.78, 1398.95);
insert into STATION values (2686, '.', 7122, 404345.42, 5122430.02, 1399.18);
insert into STATION values (2687, '.', 7122, 404346.09, 5122429.07, 1399.63);
insert into STATION values (2688, '.', 7122, 404345.69, 5122428.22, 1399.77);
insert into STATION values (2689, '.', 7122, 404345.97, 5122427.46, 1400.14);
insert into STATION values (2690, '.', 7122, 404345.99, 5122427.06, 1400.20);
insert into STATION values (2691, '.', 7122, 404343.65, 5122427.69, 1400.76);
insert into STATION values (2692, '.', 7122, 404343.94, 5122429.25, 1401.84);
insert into STATION values (2693, '.', 7122, 404343.81, 5122426.52, 1402.91);
insert into STATION values (2694, '.', 7122, 404344.25, 5122427.19, 1403.37);
insert into STATION values (2695, '7', 7122, 404342.96, 5122423.53, 1400.52);
insert into STATION values (2696, '.', 7122, 404340.37, 5122421.98, 1400.09);
insert into STATION values (2697, '.', 7122, 404340.83, 5122422.58, 1400.21);
insert into STATION values (2698, '.', 7122, 404340.53, 5122422.97, 1400.10);
insert into STATION values (2699, '.', 7122, 404340.81, 5122422.78, 1399.79);
insert into STATION values (2700, '.', 7122, 404340.36, 5122421.88, 1399.70);
insert into STATION values (2701, '.', 7122, 404341.41, 5122423.38, 1400.18);
insert into STATION values (2702, '.', 7122, 404341.79, 5122423.84, 1400.34);
insert into STATION values (2703, '.', 7122, 404342.31, 5122424.09, 1400.47);
insert into STATION values (2704, '.', 7122, 404342.25, 5122423.67, 1400.70);
insert into STATION values (2705, '.', 7122, 404341.99, 5122423.01, 1400.74);
insert into STATION values (2706, '.', 7122, 404341.62, 5122422.86, 1400.61);
insert into STATION values (2707, '.', 7122, 404342.09, 5122422.89, 1400.42);
insert into STATION values (2708, '.', 7122, 404342.10, 5122422.91, 1400.28);
insert into STATION values (2709, '.', 7122, 404341.25, 5122423.83, 1399.75);
insert into STATION values (2710, '.', 7122, 404342.13, 5122424.05, 1400.05);
insert into STATION values (2711, '.', 7122, 404342.14, 5122423.94, 1399.75);
insert into STATION values (2712, '.', 7122, 404341.44, 5122423.61, 1399.65);
insert into STATION values (2713, '.', 7122, 404341.12, 5122418.96, 1395.31);
insert into STATION values (2714, '.', 7122, 404342.12, 5122419.60, 1396.93);
insert into STATION values (2715, '.', 7122, 404342.47, 5122422.27, 1399.37);
insert into STATION values (2716, '.', 7122, 404342.31, 5122422.54, 1399.45);
insert into STATION values (2717, '.', 7122, 404342.12, 5122422.77, 1399.40);
insert into STATION values (2718, '.', 7122, 404342.68, 5122423.10, 1399.58);
insert into STATION values (2719, '.', 7122, 404342.88, 5122423.21, 1399.88);
insert into STATION values (2720, '.', 7122, 404343.13, 5122423.04, 1399.96);
insert into STATION values (2721, '.', 7122, 404342.99, 5122424.13, 1400.68);
insert into STATION values (2722, '.', 7122, 404343.42, 5122425.31, 1401.12);
insert into STATION values (2723, '.', 7122, 404344.45, 5122423.82, 1400.93);
insert into STATION values (2724, '.', 7122, 404344.62, 5122424.10, 1400.73);
insert into STATION values (2725, '.', 7122, 404345.40, 5122424.62, 1400.90);
insert into STATION values (2726, '.', 7122, 404345.79, 5122424.70, 1401.22);
insert into STATION values (2727, '.', 7122, 404346.42, 5122425.99, 1401.39);
insert into STATION values (2728, '.', 7122, 404344.61, 5122424.45, 1400.65);
insert into STATION values (2729, '.', 7122, 404344.16, 5122424.51, 1400.30);
insert into STATION values (2730, '9', 7122, 404340.75, 5122422.54, 1399.92);
insert into STATION values (2731, '.', 7122, 404346.11, 5122426.03, 1400.68);
insert into STATION values (2732, '.', 7122, 404345.89, 5122426.75, 1400.51);
insert into STATION values (2733, '.', 7122, 404345.65, 5122427.01, 1400.51);
insert into STATION values (2734, '.', 7122, 404345.53, 5122427.60, 1400.39);
insert into STATION values (2735, '.', 7122, 404344.44, 5122430.11, 1399.63);
insert into STATION values (2736, '.', 7122, 404344.35, 5122429.62, 1400.41);
insert into STATION values (2737, '.', 7122, 404344.94, 5122429.00, 1400.59);
insert into STATION values (2738, '.', 7122, 404345.37, 5122427.47, 1399.70);
insert into STATION values (2739, '.', 7122, 404345.77, 5122426.81, 1399.62);
insert into STATION values (2740, '.', 7122, 404344.58, 5122430.10, 1399.67);
insert into STATION values (2741, '.', 7122, 404343.05, 5122425.84, 1400.37);
insert into STATION values (2742, '.', 7122, 404343.93, 5122429.70, 1400.56);
insert into STATION values (2743, '.', 7122, 404346.19, 5122435.46, 1401.38);
insert into STATION values (2744, '.', 7122, 404345.02, 5122428.98, 1401.02);
insert into STATION values (2745, '.', 7122, 404345.45, 5122427.19, 1399.44);
insert into STATION values (2746, '0', 7166, 404344.31, 5122426.31, 1399.78);
insert into STATION values (2747, '.', 7166, 404344.29, 5122429.87, 1399.78);
insert into STATION values (2748, '.', 7166, 404343.42, 5122429.18, 1399.69);
insert into STATION values (2749, '.', 7166, 404341.47, 5122429.34, 1399.38);
insert into STATION values (2750, '.', 7166, 404342.20, 5122428.13, 1399.56);
insert into STATION values (2751, '.', 7166, 404342.60, 5122427.35, 1399.52);
insert into STATION values (2752, '.', 7166, 404345.06, 5122430.00, 1399.55);
insert into STATION values (2753, '.', 7166, 404345.13, 5122425.14, 1399.80);
insert into STATION values (2754, '.', 7166, 404344.51, 5122424.90, 1399.95);
insert into STATION values (2755, '.', 7166, 404343.51, 5122423.52, 1400.14);
insert into STATION values (2756, '1', 7166, 404342.20, 5122427.75, 1398.99);
insert into STATION values (2757, '.', 7166, 404341.58, 5122428.97, 1398.80);
insert into STATION values (2758, '.', 7166, 404342.38, 5122429.97, 1398.83);
insert into STATION values (2759, '.', 7166, 404343.15, 5122429.59, 1398.92);
insert into STATION values (2760, '.', 7166, 404344.08, 5122429.48, 1399.05);
insert into STATION values (2761, '.', 7166, 404346.00, 5122428.23, 1398.60);
insert into STATION values (2762, '.', 7166, 404345.35, 5122426.63, 1398.79);
insert into STATION values (2763, '.', 7166, 404344.48, 5122426.31, 1398.89);
insert into STATION values (2764, '.', 7166, 404343.52, 5122426.79, 1398.95);
insert into STATION values (2765, '.', 7166, 404342.04, 5122427.78, 1393.59);
insert into STATION values (2766, '.', 7166, 404342.57, 5122429.60, 1393.67);
insert into STATION values (2767, '.', 7166, 404344.78, 5122430.28, 1392.81);
insert into STATION values (2768, '.', 7166, 404345.51, 5122430.55, 1392.61);
insert into STATION values (2769, '.', 7166, 404343.86, 5122429.17, 1396.03);
insert into STATION values (2770, '.', 7166, 404343.97, 5122429.23, 1396.97);
insert into STATION values (2771, '.', 7166, 404343.69, 5122429.24, 1397.76);
insert into STATION values (2772, '.', 7166, 404343.32, 5122429.05, 1398.01);
insert into STATION values (2773, '2', 7166, 404344.39, 5122430.19, 1394.01);
insert into STATION values (2774, '.', 7166, 404345.67, 5122429.72, 1395.24);
insert into STATION values (2775, '.', 7166, 404343.65, 5122427.08, 1395.92);
insert into STATION values (2776, '.', 7166, 404348.13, 5122429.30, 1393.71);
insert into STATION values (2777, '.', 7166, 404344.66, 5122430.07, 1392.85);
insert into STATION values (2778, '.', 7166, 404344.43, 5122430.54, 1394.44);
insert into STATION values (2779, '.', 7166, 404341.58, 5122431.17, 1395.12);
insert into STATION values (2780, '.', 7166, 404340.41, 5122428.75, 1395.17);
insert into STATION values (2781, '.', 7166, 404342.13, 5122429.10, 1399.08);
insert into STATION values (2782, '.', 7166, 404342.22, 5122427.18, 1398.54);
insert into STATION values (2783, '.', 7166, 404343.74, 5122427.43, 1397.15);
insert into STATION values (2784, '.', 7166, 404341.94, 5122429.72, 1398.56);
insert into STATION values (2785, '.', 7166, 404341.94, 5122430.91, 1396.21);
insert into STATION values (2786, '.', 7166, 404340.54, 5122429.51, 1395.63);
insert into STATION values (2787, '.', 7166, 404342.29, 5122431.22, 1395.11);
insert into STATION values (2788, '.', 7166, 404341.46, 5122428.05, 1393.95);
insert into STATION values (2789, '.', 7166, 404344.06, 5122429.71, 1392.88);
insert into STATION values (2790, '.', 7166, 404341.87, 5122428.89, 1393.58);
insert into STATION values (2791, '.', 7166, 404343.96, 5122429.52, 1393.71);
insert into STATION values (2792, '.', 7166, 404344.15, 5122429.31, 1393.18);
insert into STATION values (2793, '.', 7166, 404344.41, 5122430.56, 1394.33);
insert into STATION values (2794, '.', 7166, 404344.71, 5122429.05, 1394.34);
insert into STATION values (2795, '.', 7166, 404345.87, 5122429.02, 1393.72);
insert into STATION values (2796, '.', 7166, 404346.11, 5122429.26, 1393.12);
insert into STATION values (2797, '.', 7166, 404346.41, 5122431.08, 1392.96);
insert into STATION values (2798, '.', 7166, 404348.91, 5122429.56, 1393.42);
insert into STATION values (2799, '.', 7166, 404349.14, 5122428.37, 1393.52);
insert into STATION values (2800, '.', 7166, 404348.24, 5122429.39, 1393.46);
insert into STATION values (2801, '.', 7166, 404348.58, 5122429.31, 1393.43);
insert into STATION values (2802, '3', 7166, 404348.24, 5122429.40, 1393.48);
insert into STATION values (2803, '.', 7166, 404346.61, 5122431.26, 1393.62);
insert into STATION values (2804, '.', 7166, 404341.34, 5122430.54, 1394.17);
insert into STATION values (2805, '.', 7166, 404344.05, 5122430.03, 1393.30);
insert into STATION values (2806, '.', 7166, 404348.12, 5122429.53, 1394.06);
insert into STATION values (2807, '.', 7166, 404348.23, 5122429.30, 1392.85);
insert into STATION values (2808, '.', 7166, 404346.83, 5122428.02, 1393.60);
insert into STATION values (2809, '.', 7166, 404348.42, 5122429.64, 1393.52);
insert into STATION values (2810, '.', 7166, 404349.08, 5122428.68, 1393.70);
insert into STATION values (2811, '.', 7166, 404347.23, 5122428.88, 1392.69);
insert into STATION values (2812, '.', 7166, 404348.26, 5122427.81, 1393.26);
insert into STATION values (2813, '.', 7166, 404349.21, 5122428.04, 1393.60);
insert into STATION values (2814, '.', 7166, 404348.43, 5122429.19, 1394.09);
insert into STATION values (2815, '.', 7166, 404349.70, 5122425.91, 1393.81);
insert into STATION values (2816, '.', 7166, 404349.57, 5122426.13, 1392.97);
insert into STATION values (2817, '.', 7166, 404348.20, 5122427.81, 1394.06);
insert into STATION values (2818, '4', 7166, 404349.62, 5122425.89, 1393.57);
insert into STATION values (2819, '.', 7166, 404351.86, 5122426.25, 1393.22);
insert into STATION values (2820, '.', 7166, 404351.25, 5122426.09, 1394.76);
insert into STATION values (2821, '.', 7166, 404350.14, 5122426.11, 1395.00);
insert into STATION values (2822, '.', 7166, 404351.05, 5122426.69, 1393.23);
insert into STATION values (2823, '.', 7166, 404351.95, 5122427.39, 1390.03);
insert into STATION values (2824, '.', 7166, 404350.21, 5122427.04, 1390.03);
insert into STATION values (2825, '.', 7166, 404353.04, 5122426.71, 1389.89);
insert into STATION values (2826, '.', 7166, 404349.77, 5122426.70, 1393.36);
insert into STATION values (2827, '5', 7166, 404352.25, 5122426.42, 1391.15);
insert into STATION values (2828, '.', 7166, 404348.76, 5122425.58, 1390.74);
insert into STATION values (2829, '.', 7166, 404350.79, 5122424.36, 1390.34);
insert into STATION values (2830, '.', 7166, 404352.54, 5122426.34, 1389.75);
insert into STATION values (2831, '.', 7166, 404351.70, 5122421.35, 1390.08);
insert into STATION values (2832, '.', 7166, 404351.49, 5122424.14, 1390.42);
insert into STATION values (2833, '.', 7166, 404352.23, 5122423.00, 1390.39);
insert into STATION values (2834, '.', 7166, 404349.58, 5122426.48, 1392.02);
insert into STATION values (2835, '.', 7166, 404350.14, 5122427.45, 1391.25);
insert into STATION values (2836, '.', 7166, 404348.89, 5122427.16, 1390.52);
insert into STATION values (2837, '.', 7166, 404348.70, 5122425.87, 1390.39);
insert into STATION values (2838, '.', 7166, 404350.07, 5122427.99, 1390.49);
insert into STATION values (2839, '.', 7166, 404350.56, 5122426.85, 1392.71);
insert into STATION values (2840, '.', 7166, 404350.16, 5122426.58, 1394.80);
insert into STATION values (2841, '.', 7166, 404349.47, 5122426.25, 1394.63);
insert into STATION values (2842, '.', 7166, 404348.97, 5122426.34, 1393.95);
insert into STATION values (2843, '.', 7166, 404350.44, 5122427.37, 1391.04);
insert into STATION values (2844, '.', 7166, 404348.79, 5122425.50, 1390.36);
insert into STATION values (2845, '.', 7166, 404350.26, 5122426.33, 1389.96);
insert into STATION values (2846, '.', 7166, 404353.08, 5122427.51, 1390.04);
insert into STATION values (2847, '.', 7166, 404353.25, 5122425.65, 1390.30);
insert into STATION values (2848, '.', 7166, 404353.81, 5122426.10, 1390.37);
insert into STATION values (2849, '6', 7166, 404351.43, 5122421.76, 1390.51);
insert into STATION values (2850, '.', 7166, 404351.35, 5122421.69, 1391.13);
insert into STATION values (2851, '.', 7166, 404354.75, 5122420.28, 1390.65);
insert into STATION values (2852, '.', 7166, 404352.59, 5122421.76, 1390.65);
insert into STATION values (2853, '.', 7166, 404351.08, 5122422.10, 1390.51);
insert into STATION values (2854, '.', 7166, 404351.26, 5122423.44, 1390.65);
insert into STATION values (2855, '.', 7166, 404352.31, 5122428.55, 1390.50);
insert into STATION values (2856, '.', 7166, 404351.77, 5122422.77, 1390.97);
insert into STATION values (2857, '.', 7166, 404352.27, 5122422.24, 1390.66);
insert into STATION values (2858, '.', 7166, 404352.65, 5122423.66, 1390.79);
insert into STATION values (2859, '.', 7166, 404352.15, 5122422.92, 1390.06);
insert into STATION values (2860, '.', 7166, 404352.00, 5122423.40, 1389.84);
insert into STATION values (2861, '.', 7166, 404351.84, 5122422.42, 1389.83);
insert into STATION values (2862, '.', 7166, 404350.92, 5122421.86, 1390.69);
insert into STATION values (2863, '.', 7166, 404351.17, 5122421.18, 1390.66);
insert into STATION values (2864, '.', 7166, 404351.37, 5122421.61, 1391.20);
insert into STATION values (2865, '.', 7166, 404351.73, 5122420.46, 1391.43);
insert into STATION values (2866, '.', 7166, 404353.31, 5122420.68, 1390.29);
insert into STATION values (2867, '.', 7166, 404352.31, 5122421.28, 1389.90);
insert into STATION values (2868, '.', 7166, 404352.63, 5122420.09, 1391.47);
insert into STATION values (2869, '.', 7166, 404353.34, 5122419.60, 1391.30);
insert into STATION values (2870, '.', 7166, 404354.50, 5122419.86, 1391.10);
insert into STATION values (2871, '.', 7166, 404354.65, 5122418.81, 1391.44);
insert into STATION values (2872, '.', 7166, 404353.55, 5122420.12, 1391.41);
insert into STATION values (2873, '.', 7166, 404354.50, 5122420.23, 1391.09);
insert into STATION values (2874, '.', 7166, 404352.66, 5122421.57, 1390.69);
insert into STATION values (2875, '.', 7166, 404353.39, 5122420.82, 1391.19);
insert into STATION values (2876, '.', 7166, 404355.94, 5122420.30, 1390.59);
insert into STATION values (2877, '.', 7166, 404354.88, 5122420.42, 1390.66);
insert into STATION values (2878, '.', 7166, 404353.43, 5122419.83, 1390.75);
insert into STATION values (2879, '.', 7166, 404354.61, 5122418.42, 1391.49);
insert into STATION values (2880, '.', 7166, 404354.59, 5122419.25, 1391.33);
insert into STATION values (2881, '.', 7166, 404354.18, 5122419.23, 1391.60);
insert into STATION values (2882, '7', 7166, 404352.88, 5122420.26, 1390.90);
insert into STATION values (2883, '.', 7166, 404356.10, 5122420.83, 1390.38);
insert into STATION values (2884, '.', 7166, 404353.00, 5122420.27, 1391.71);
insert into STATION values (2885, '.', 7166, 404353.08, 5122419.55, 1391.19);
insert into STATION values (2886, '.', 7166, 404354.49, 5122418.67, 1391.48);
insert into STATION values (2887, '.', 7166, 404354.46, 5122420.22, 1391.00);
insert into STATION values (2888, '.', 7166, 404353.44, 5122420.94, 1390.90);
insert into STATION values (2889, '.', 7166, 404352.82, 5122421.41, 1390.86);
insert into STATION values (2890, '.', 7166, 404357.14, 5122422.24, 1388.46);
insert into STATION values (2891, '.', 7166, 404354.13, 5122422.39, 1387.80);
insert into STATION values (2892, '.', 7166, 404353.65, 5122420.39, 1390.51);
insert into STATION values (2893, '.', 7166, 404356.13, 5122420.82, 1390.39);
insert into STATION values (2894, '.', 7166, 404354.27, 5122420.43, 1391.22);
insert into STATION values (2895, '8', 7166, 404355.83, 5122421.06, 1390.21);
insert into STATION values (2896, '.', 7166, 404355.84, 5122421.14, 1390.72);
insert into STATION values (2897, '.', 7166, 404355.29, 5122421.97, 1390.55);
insert into STATION values (2898, '.', 7166, 404355.64, 5122421.07, 1391.13);
insert into STATION values (2899, '.', 7166, 404354.93, 5122421.05, 1391.15);
insert into STATION values (2900, '.', 7166, 404354.62, 5122421.66, 1389.78);
insert into STATION values (2901, '.', 7166, 404352.67, 5122421.38, 1388.88);
insert into STATION values (2902, '.', 7166, 404352.04, 5122421.29, 1390.22);
insert into STATION values (2903, '.', 7166, 404353.09, 5122421.54, 1388.07);
insert into STATION values (2904, '.', 7166, 404354.40, 5122422.79, 1387.83);
insert into STATION values (2905, '.', 7166, 404355.28, 5122422.35, 1389.00);
insert into STATION values (2906, '.', 7166, 404355.25, 5122421.58, 1390.67);
insert into STATION values (2907, '.', 7166, 404356.28, 5122420.33, 1390.37);
insert into STATION values (2908, '.', 7166, 404356.04, 5122418.97, 1387.93);
insert into STATION values (2909, '.', 7166, 404355.88, 5122420.26, 1390.65);
insert into STATION values (2910, '.', 7166, 404355.49, 5122420.97, 1391.04);
insert into STATION values (2911, '.', 7166, 404354.05, 5122422.92, 1388.09);
insert into STATION values (2912, '.', 7166, 404353.52, 5122420.56, 1388.09);
insert into STATION values (2913, '.', 7166, 404355.80, 5122420.89, 1389.81);
insert into STATION values (2914, '.', 7166, 404355.97, 5122420.31, 1390.57);
insert into STATION values (2915, '.', 7166, 404356.17, 5122420.23, 1390.17);
insert into STATION values (2916, '9', 7166, 404356.36, 5122419.24, 1388.48);
insert into STATION values (2917, '.', 7166, 404357.58, 5122420.79, 1388.58);
insert into STATION values (2918, '.', 7166, 404356.66, 5122422.62, 1388.51);
insert into STATION values (2919, '.', 7166, 404354.76, 5122423.03, 1388.46);
insert into STATION values (2920, '.', 7166, 404353.61, 5122422.47, 1388.42);
insert into STATION values (2921, '.', 7166, 404352.95, 5122421.94, 1388.25);
insert into STATION values (2922, '.', 7166, 404355.06, 5122419.61, 1388.30);
insert into STATION values (2923, '.', 7166, 404355.05, 5122418.75, 1388.48);
insert into STATION values (2924, '.', 7166, 404356.22, 5122417.21, 1388.50);
insert into STATION values (2925, '.', 7166, 404356.12, 5122418.88, 1389.30);
insert into STATION values (2926, '.', 7166, 404356.06, 5122418.07, 1389.22);
insert into STATION values (2927, '.', 7166, 404355.42, 5122417.95, 1388.94);
insert into STATION values (2928, '.', 7166, 404356.10, 5122420.84, 1390.08);
insert into STATION values (2929, '.', 7166, 404355.64, 5122421.13, 1390.69);
insert into STATION values (2930, '.', 7166, 404356.74, 5122422.43, 1389.27);
insert into STATION values (2931, '.', 7166, 404356.06, 5122420.88, 1389.22);
insert into STATION values (2932, '.', 7166, 404355.72, 5122420.65, 1389.53);
insert into STATION values (2933, '.', 7166, 404355.49, 5122420.23, 1389.39);
insert into STATION values (2934, '.', 7166, 404353.87, 5122420.68, 1387.84);
insert into STATION values (2935, '.', 7166, 404357.00, 5122420.06, 1388.17);
insert into STATION values (2936, '.', 7166, 404356.11, 5122419.64, 1388.02);
insert into STATION values (2937, '.', 7166, 404355.84, 5122419.32, 1387.87);
insert into STATION values (2938, '10', 7166, 404353.15, 5122421.65, 1388.25);
insert into STATION values (2939, '.', 7166, 404357.45, 5122421.69, 1388.71);
insert into STATION values (2940, '.', 7166, 404357.13, 5122422.73, 1388.72);
insert into STATION values (2941, '.', 7166, 404355.37, 5122422.89, 1388.50);
insert into STATION values (2942, '.', 7166, 404354.81, 5122423.41, 1388.28);
insert into STATION values (2943, '.', 7166, 404354.13, 5122421.79, 1389.57);
insert into STATION values (2944, '.', 7166, 404353.99, 5122421.18, 1390.95);
insert into STATION values (2945, '.', 7166, 404355.21, 5122420.71, 1391.24);
insert into STATION values (2946, '.', 7166, 404355.75, 5122421.31, 1390.43);
insert into STATION values (2947, '.', 7166, 404353.41, 5122420.21, 1388.58);
insert into STATION values (2948, '.', 7166, 404353.36, 5122420.24, 1389.28);
insert into STATION values (2949, '.', 7166, 404356.98, 5122419.24, 1388.55);
insert into STATION values (2950, '.', 7166, 404357.37, 5122420.25, 1388.87);
insert into STATION values (2951, '.', 7166, 404355.02, 5122421.31, 1391.15);
insert into STATION values (2952, '.', 7166, 404353.54, 5122421.21, 1390.81);
insert into STATION values (2953, '.', 7166, 404353.36, 5122421.68, 1389.65);
insert into STATION values (2954, '.', 7166, 404353.31, 5122422.25, 1388.33);
insert into STATION values (2955, '.', 7166, 404352.68, 5122421.65, 1388.33);
insert into STATION values (2956, '.', 7166, 404352.70, 5122420.82, 1388.41);
insert into STATION values (2957, '.', 7166, 404353.28, 5122420.30, 1388.44);
insert into STATION values (2958, '.', 7166, 404353.64, 5122420.19, 1388.46);
insert into STATION values (2959, '.', 7166, 404354.16, 5122420.27, 1388.43);
insert into STATION values (2960, '.', 7166, 404354.80, 5122420.10, 1388.56);
insert into STATION values (2961, '.', 7166, 404357.02, 5122419.09, 1388.57);
insert into STATION values (2962, '.', 7166, 404357.23, 5122419.78, 1388.50);
insert into STATION values (2963, '.', 7166, 404354.76, 5122421.14, 1388.36);
insert into STATION values (2964, '.', 7166, 404357.60, 5122421.60, 1388.67);
insert into STATION values (2965, '.', 7166, 404355.60, 5122421.07, 1387.58);
insert into STATION values (2966, '.', 7166, 404355.20, 5122420.59, 1387.51);
insert into STATION values (2967, '.', 7166, 404355.12, 5122422.34, 1387.62);
insert into STATION values (2968, '.', 7166, 404355.57, 5122421.53, 1387.60);
insert into STATION values (2969, '11', 7166, 404354.93, 5122415.73, 1388.54);
insert into STATION values (2970, '.', 7166, 404354.82, 5122415.38, 1389.30);
insert into STATION values (2971, '.', 7166, 404355.02, 5122412.38, 1388.66);
insert into STATION values (2972, '.', 7166, 404354.43, 5122414.30, 1388.61);
insert into STATION values (2973, '.', 7166, 404356.87, 5122422.45, 1388.97);
insert into STATION values (2974, '.', 7166, 404355.25, 5122415.74, 1388.56);
insert into STATION values (2975, '.', 7166, 404355.10, 5122408.82, 1381.23);
insert into STATION values (2976, '.', 7166, 404354.02, 5122413.26, 1384.87);
insert into STATION values (2977, '.', 7166, 404354.72, 5122415.70, 1387.32);
insert into STATION values (2978, '.', 7166, 404357.27, 5122411.51, 1380.44);
insert into STATION values (2979, '.', 7166, 404357.25, 5122410.53, 1375.81);
insert into STATION values (2980, '.', 7166, 404354.28, 5122411.14, 1378.60);
insert into STATION values (2981, '.', 7166, 404356.48, 5122410.51, 1375.59);
insert into STATION values (2982, '.', 7166, 404357.05, 5122412.06, 1382.55);
insert into STATION values (2983, '.', 7166, 404354.23, 5122412.70, 1383.04);
insert into STATION values (2984, '.', 7166, 404354.09, 5122411.81, 1378.53);
insert into STATION values (2985, '.', 7166, 404357.34, 5122412.34, 1380.26);
insert into STATION values (2986, '.', 7166, 404355.05, 5122415.03, 1388.29);
insert into STATION values (2987, '.', 7166, 404355.86, 5122411.32, 1387.22);
insert into STATION values (2988, '.', 7166, 404354.87, 5122414.10, 1389.06);
insert into STATION values (2989, '.', 7166, 404354.25, 5122415.28, 1388.55);
insert into STATION values (2990, '.', 7166, 404354.43, 5122410.17, 1379.43);
insert into STATION values (2991, '.', 7166, 404356.91, 5122410.19, 1375.81);
insert into STATION values (2992, '.', 7166, 404354.94, 5122415.63, 1388.34);
insert into STATION values (2993, '.', 7166, 404355.91, 5122409.23, 1375.92);
insert into STATION values (2994, '11A', 7166, 404355.91, 5122409.18, 1375.87);
insert into STATION values (2995, '.', 7166, 404355.93, 5122409.09, 1375.69);
insert into STATION values (2996, '.', 7166, 404357.61, 5122411.32, 1375.92);
insert into STATION values (2997, '.', 7166, 404356.29, 5122412.83, 1375.98);
insert into STATION values (2998, '.', 7166, 404354.83, 5122412.05, 1376.04);
insert into STATION values (2999, '.', 7166, 404356.69, 5122412.22, 1377.93);
insert into STATION values (3000, '.', 7166, 404356.80, 5122415.40, 1383.03);
insert into STATION values (3001, '.', 7166, 404355.14, 5122415.21, 1387.85);
insert into STATION values (3002, '.', 7166, 404354.13, 5122411.96, 1382.89);
insert into STATION values (3003, '.', 7166, 404356.42, 5122414.76, 1381.80);
insert into STATION values (3004, '.', 7166, 404356.60, 5122410.26, 1379.92);
insert into STATION values (3005, '.', 7166, 404357.36, 5122409.49, 1379.85);
insert into STATION values (3006, '.', 7166, 404357.20, 5122411.39, 1378.45);
insert into STATION values (3007, '.', 7166, 404356.42, 5122412.46, 1377.56);
insert into STATION values (3008, '.', 7166, 404354.00, 5122410.75, 1376.58);
insert into STATION values (3009, '.', 7166, 404355.24, 5122409.32, 1377.16);
insert into STATION values (3010, '.', 7166, 404358.91, 5122408.86, 1376.45);
insert into STATION values (3011, '.', 7166, 404357.90, 5122407.91, 1376.47);
insert into STATION values (3012, '.', 7166, 404357.11, 5122407.67, 1376.33);
insert into STATION values (3013, '.', 7166, 404356.88, 5122405.82, 1376.27);
insert into STATION values (3014, '.', 7166, 404355.68, 5122407.55, 1376.08);
insert into STATION values (3015, '.', 7166, 404355.22, 5122408.70, 1376.05);
insert into STATION values (3016, '.', 7166, 404356.99, 5122410.20, 1379.88);
insert into STATION values (3017, '.', 7166, 404356.06, 5122414.51, 1386.02);
insert into STATION values (3018, '.', 7166, 404355.31, 5122414.46, 1387.80);
insert into STATION values (3019, '.', 7166, 404354.72, 5122414.11, 1389.30);
insert into STATION values (3020, '.', 7166, 404353.65, 5122413.58, 1381.71);
insert into STATION values (3021, '.', 7166, 404356.02, 5122406.59, 1376.57);
insert into STATION values (3022, '.', 7166, 404356.90, 5122406.03, 1376.58);
insert into STATION values (3023, '.', 7166, 404357.09, 5122407.57, 1376.56);
insert into STATION values (3024, '.', 7166, 404357.37, 5122407.92, 1376.57);
insert into STATION values (3025, '.', 7166, 404358.70, 5122408.34, 1376.81);
insert into STATION values (3026, '.', 7166, 404359.00, 5122409.06, 1376.36);
insert into STATION values (3027, '12', 7166, 404356.23, 5122406.38, 1376.23);
insert into STATION values (3028, '.', 7166, 404358.75, 5122405.00, 1375.87);
insert into STATION values (3029, '.', 7166, 404359.47, 5122404.99, 1374.14);
insert into STATION values (3030, '.', 7166, 404363.87, 5122404.56, 1369.34);
insert into STATION values (3031, '.', 7166, 404363.43, 5122405.67, 1367.61);
insert into STATION values (3032, '.', 7166, 404362.19, 5122407.19, 1368.76);
insert into STATION values (3033, '.', 7166, 404358.12, 5122404.68, 1374.47);
insert into STATION values (3034, '.', 7166, 404358.07, 5122404.75, 1372.24);
insert into STATION values (3035, '.', 7166, 404357.03, 5122406.91, 1376.13);
insert into STATION values (3036, '.', 7166, 404356.36, 5122406.34, 1376.83);
insert into STATION values (3037, '.', 7166, 404355.41, 5122407.65, 1376.44);
insert into STATION values (3038, '.', 7166, 404354.43, 5122412.53, 1377.08);
insert into STATION values (3039, '.', 7166, 404357.31, 5122411.64, 1376.40);
insert into STATION values (3040, '.', 7166, 404357.16, 5122407.04, 1371.56);
insert into STATION values (3041, '.', 7166, 404362.14, 5122407.49, 1369.48);
insert into STATION values (3042, '.', 7166, 404361.22, 5122407.86, 1368.49);
insert into STATION values (3043, '.', 7166, 404360.64, 5122408.59, 1368.50);
insert into STATION values (3044, '.', 7166, 404358.20, 5122404.80, 1374.41);
insert into STATION values (3045, '.', 7166, 404358.44, 5122404.70, 1372.47);
insert into STATION values (3046, '.', 7166, 404357.81, 5122405.25, 1371.78);
insert into STATION values (3047, '.', 7166, 404361.06, 5122407.63, 1368.47);
insert into STATION values (3048, '.', 7166, 404360.78, 5122408.39, 1368.54);
insert into STATION values (3049, '.', 7166, 404362.53, 5122406.80, 1368.71);
insert into STATION values (3050, '.', 7166, 404363.88, 5122404.33, 1369.23);
insert into STATION values (3051, '.', 7166, 404361.32, 5122405.78, 1372.17);
insert into STATION values (3052, '.', 7166, 404361.71, 5122406.47, 1371.98);
insert into STATION values (3053, '.', 7166, 404357.32, 5122406.47, 1375.92);
insert into STATION values (3054, '.', 7166, 404358.21, 5122405.93, 1375.79);
insert into STATION values (3055, '13', 7166, 404359.43, 5122406.62, 1371.57);
insert into STATION values (3056, '.', 7166, 404362.84, 5122407.06, 1367.06);
insert into STATION values (3057, '.', 7166, 404356.87, 5122405.22, 1372.80);
insert into STATION values (3058, '.', 7166, 404356.65, 5122406.43, 1373.71);
insert into STATION values (3059, '.', 7166, 404357.25, 5122405.35, 1376.03);
insert into STATION values (3060, '.', 7166, 404359.37, 5122406.40, 1375.96);
insert into STATION values (3061, '.', 7166, 404361.95, 5122404.77, 1373.05);
insert into STATION values (3062, '.', 7166, 404361.44, 5122406.84, 1372.29);
insert into STATION values (3063, '.', 7166, 404361.87, 5122408.13, 1369.01);
insert into STATION values (3064, '.', 7166, 404361.99, 5122407.52, 1370.91);
insert into STATION values (3065, '.', 7166, 404363.85, 5122403.98, 1370.88);
insert into STATION values (3066, '.', 7166, 404362.98, 5122403.12, 1371.16);
insert into STATION values (3067, '.', 7166, 404362.59, 5122402.86, 1369.20);
insert into STATION values (3068, '.', 7166, 404362.65, 5122403.41, 1367.95);
insert into STATION values (3069, '.', 7166, 404362.97, 5122405.49, 1367.31);
insert into STATION values (3070, '.', 7166, 404361.62, 5122399.73, 1362.65);
insert into STATION values (3071, '.', 7166, 404361.61, 5122399.64, 1362.94);
insert into STATION values (3072, '.', 7166, 404361.98, 5122400.51, 1361.49);
insert into STATION values (3073, '.', 7166, 404359.11, 5122404.24, 1373.10);
insert into STATION values (3074, '.', 7166, 404360.20, 5122405.00, 1371.93);
insert into STATION values (3075, '14', 7166, 404361.94, 5122399.36, 1361.34);
insert into STATION values (3076, '.', 7166, 404363.51, 5122391.47, 1351.40);
insert into STATION values (3077, '.', 7166, 404361.79, 5122400.77, 1368.13);
insert into STATION values (3078, '.', 7166, 404360.19, 5122407.42, 1373.85);
insert into STATION values (3079, '.', 7166, 404360.68, 5122408.61, 1372.12);
insert into STATION values (3080, '.', 7166, 404360.47, 5122405.14, 1362.37);
insert into STATION values (3081, '.', 7166, 404360.51, 5122405.05, 1364.73);
insert into STATION values (3082, '.', 7166, 404360.40, 5122403.90, 1366.76);
insert into STATION values (3083, '.', 7166, 404360.55, 5122405.72, 1360.69);
insert into STATION values (3084, '.', 7166, 404356.90, 5122404.67, 1361.57);
insert into STATION values (3085, '.', 7166, 404358.29, 5122402.74, 1364.77);
insert into STATION values (3086, '.', 7166, 404359.87, 5122401.61, 1366.90);
insert into STATION values (3087, '.', 7166, 404358.81, 5122400.34, 1360.72);
insert into STATION values (3088, '.', 7166, 404359.22, 5122400.11, 1362.74);
insert into STATION values (3089, '.', 7166, 404360.15, 5122399.98, 1366.28);
insert into STATION values (3090, '.', 7166, 404362.70, 5122400.45, 1362.21);
insert into STATION values (3091, '.', 7166, 404362.06, 5122399.70, 1368.06);
insert into STATION values (3092, '.', 7166, 404362.76, 5122400.84, 1362.74);
insert into STATION values (3093, '.', 7166, 404359.23, 5122399.56, 1361.36);
insert into STATION values (3094, '.', 7166, 404359.92, 5122399.89, 1365.19);
insert into STATION values (3095, '.', 7166, 404360.67, 5122400.17, 1366.74);
insert into STATION values (3096, '.', 7166, 404356.28, 5122405.56, 1360.84);
insert into STATION values (3097, '.', 7166, 404358.59, 5122406.69, 1361.31);
insert into STATION values (3098, '.', 7166, 404362.56, 5122404.57, 1362.31);
insert into STATION values (3099, '15', 7166, 404356.76, 5122403.31, 1361.54);
insert into STATION values (3100, '.', 7166, 404355.95, 5122401.70, 1363.33);
insert into STATION values (3101, '.', 7166, 404355.48, 5122401.17, 1362.54);
insert into STATION values (3102, '.', 7166, 404361.25, 5122398.45, 1363.35);
insert into STATION values (3103, '.', 7166, 404362.73, 5122400.55, 1363.34);
insert into STATION values (3104, '.', 7166, 404362.24, 5122402.58, 1362.73);
insert into STATION values (3105, '.', 7166, 404360.31, 5122404.64, 1361.94);
insert into STATION values (3106, '.', 7166, 404358.27, 5122405.67, 1361.86);
insert into STATION values (3107, '.', 7166, 404362.20, 5122402.96, 1362.25);
insert into STATION values (3108, '.', 7166, 404362.86, 5122399.64, 1365.89);
insert into STATION values (3109, '.', 7166, 404361.92, 5122402.81, 1365.75);
insert into STATION values (3110, '.', 7166, 404361.80, 5122403.93, 1365.64);
insert into STATION values (3111, '.', 7166, 404358.29, 5122404.72, 1363.74);
insert into STATION values (3112, '.', 7166, 404361.62, 5122400.97, 1367.72);
insert into STATION values (3113, '.', 7166, 404360.74, 5122400.38, 1366.55);
insert into STATION values (3114, '.', 7166, 404356.64, 5122402.14, 1360.98);
insert into STATION values (3115, '.', 7166, 404356.55, 5122403.18, 1360.16);
insert into STATION values (3116, '.', 7166, 404356.56, 5122402.08, 1361.31);
insert into STATION values (3117, '.', 7166, 404357.05, 5122402.25, 1362.90);
insert into STATION values (3118, '.', 7166, 404355.06, 5122401.79, 1361.37);
insert into STATION values (3119, '.', 7166, 404355.59, 5122401.19, 1362.54);
insert into STATION values (3120, '.', 7166, 404353.57, 5122399.87, 1360.29);
insert into STATION values (3121, '16', 7166, 404354.49, 5122401.84, 1360.60);
insert into STATION values (3122, '.', 7166, 404352.26, 5122400.28, 1359.70);
insert into STATION values (3123, '.', 7166, 404354.54, 5122401.47, 1361.00);
insert into STATION values (3124, '.', 7166, 404354.57, 5122401.82, 1360.40);
insert into STATION values (3125, '.', 7166, 404354.14, 5122400.94, 1360.63);
insert into STATION values (3126, '.', 7166, 404355.13, 5122399.88, 1360.56);
insert into STATION values (3127, '.', 7166, 404357.76, 5122396.52, 1360.51);
insert into STATION values (3128, '.', 7166, 404355.51, 5122401.11, 1360.70);
insert into STATION values (3129, '.', 7166, 404355.76, 5122402.09, 1360.83);
insert into STATION values (3130, '.', 7166, 404356.65, 5122401.91, 1361.83);
insert into STATION values (3131, '.', 7166, 404356.95, 5122400.75, 1361.70);
insert into STATION values (3132, '.', 7166, 404354.30, 5122400.03, 1360.43);
insert into STATION values (3133, '.', 7166, 404357.83, 5122397.84, 1361.54);
insert into STATION values (3134, '.', 7166, 404358.03, 5122396.65, 1361.36);
insert into STATION values (3135, '.', 7166, 404356.31, 5122399.40, 1360.74);
insert into STATION values (3136, '.', 7166, 404357.91, 5122395.82, 1361.07);
insert into STATION values (3137, '16A', 7166, 404357.86, 5122395.73, 1361.11);
insert into STATION values (3138, '17', 7166, 404360.71, 5122390.66, 1361.21);
insert into STATION values (3139, '.', 7166, 404360.56, 5122387.13, 1361.50);
insert into STATION values (3140, '.', 7166, 404361.06, 5122388.04, 1362.01);
insert into STATION values (3141, '.', 7166, 404361.39, 5122389.48, 1361.69);
insert into STATION values (3142, '.', 7166, 404361.36, 5122390.70, 1362.22);
insert into STATION values (3143, '.', 7166, 404360.85, 5122390.80, 1360.13);
insert into STATION values (3144, '.', 7166, 404361.73, 5122391.62, 1360.95);
insert into STATION values (3145, '.', 7166, 404360.81, 5122392.15, 1361.07);
insert into STATION values (3146, '.', 7166, 404360.35, 5122390.55, 1361.30);
insert into STATION values (3147, '.', 7166, 404358.46, 5122391.26, 1361.21);
insert into STATION values (3148, '.', 7166, 404357.24, 5122392.57, 1360.87);
insert into STATION values (3149, '.', 7166, 404358.93, 5122391.15, 1360.74);
insert into STATION values (3150, '.', 7166, 404358.02, 5122391.90, 1360.40);
insert into STATION values (3151, '.', 7166, 404358.45, 5122391.39, 1360.28);
insert into STATION values (3152, '.', 7166, 404358.10, 5122392.65, 1360.88);
insert into STATION values (3153, '.', 7166, 404356.71, 5122392.75, 1361.17);
insert into STATION values (3154, '.', 7166, 404360.71, 5122390.92, 1362.40);
insert into STATION values (3155, '.', 7166, 404361.28, 5122390.69, 1362.45);
insert into STATION values (3156, '.', 7166, 404357.94, 5122392.62, 1361.12);
insert into STATION values (3157, '.', 7166, 404358.95, 5122391.20, 1360.96);
insert into STATION values (3158, '18', 7166, 404358.19, 5122392.63, 1360.89);
insert into STATION values (3159, '.', 7166, 404356.32, 5122392.11, 1361.32);
insert into STATION values (3160, '.', 7166, 404357.41, 5122392.42, 1361.97);
insert into STATION values (3161, '.', 7166, 404356.83, 5122392.32, 1360.04);
insert into STATION values (3162, '.', 7166, 404357.33, 5122392.47, 1359.81);
insert into STATION values (3163, '.', 7166, 404357.37, 5122392.59, 1359.11);
insert into STATION values (3164, '.', 7166, 404350.15, 5122395.41, 1353.75);
insert into STATION values (3165, '.', 7166, 404350.06, 5122395.57, 1353.08);
insert into STATION values (3166, '.', 7166, 404354.14, 5122393.71, 1359.42);
insert into STATION values (3167, '.', 7166, 404355.93, 5122392.87, 1361.69);
insert into STATION values (3168, '.', 7166, 404358.03, 5122392.68, 1361.58);
insert into STATION values (3169, '.', 7166, 404358.33, 5122393.01, 1361.27);
insert into STATION values (3170, '.', 7166, 404357.48, 5122391.83, 1360.90);
insert into STATION values (3171, '.', 7166, 404359.65, 5122390.63, 1360.94);
insert into STATION values (3172, '.', 7166, 404360.40, 5122387.55, 1362.00);
insert into STATION values (3173, '.', 7166, 404359.95, 5122389.38, 1361.53);
insert into STATION values (3174, '.', 7166, 404360.24, 5122389.85, 1361.55);
insert into STATION values (3175, '.', 7166, 404359.55, 5122390.71, 1360.89);
insert into STATION values (3176, '.', 7166, 404359.61, 5122390.36, 1360.33);
insert into STATION values (3177, '.', 7166, 404358.97, 5122391.35, 1360.24);
insert into STATION values (3178, '.', 7166, 404358.76, 5122391.53, 1360.16);
insert into STATION values (3179, '.', 7166, 404358.75, 5122391.83, 1359.63);
insert into STATION values (3180, '.', 7166, 404356.85, 5122391.71, 1362.19);
insert into STATION values (3181, '.', 7166, 404356.25, 5122392.13, 1360.59);
insert into STATION values (3182, '19', 7166, 404355.52, 5122393.82, 1358.57);
insert into STATION values (3183, '.', 7166, 404352.33, 5122396.21, 1358.60);
insert into STATION values (3184, '.', 7166, 404354.26, 5122393.55, 1358.57);
insert into STATION values (3185, '.', 7166, 404354.74, 5122392.57, 1358.48);
insert into STATION values (3186, '.', 7166, 404355.65, 5122392.48, 1358.54);
insert into STATION values (3187, '.', 7166, 404357.02, 5122393.00, 1358.76);
insert into STATION values (3188, '.', 7166, 404355.99, 5122392.64, 1359.79);
insert into STATION values (3189, '.', 7166, 404355.12, 5122392.24, 1360.58);
insert into STATION values (3190, '.', 7166, 404354.41, 5122393.27, 1360.55);
insert into STATION values (3191, '.', 7166, 404354.04, 5122394.23, 1360.73);
insert into STATION values (3192, '.', 7166, 404355.59, 5122394.28, 1358.72);
insert into STATION values (3193, '.', 7166, 404355.87, 5122394.01, 1358.68);
insert into STATION values (3194, '.', 7166, 404355.16, 5122394.22, 1358.86);
insert into STATION values (3195, '.', 7166, 404354.16, 5122393.25, 1356.93);
insert into STATION values (3196, '.', 7166, 404354.69, 5122392.64, 1357.19);
insert into STATION values (3197, '.', 7166, 404355.58, 5122392.90, 1356.77);
insert into STATION values (3198, '20', 7166, 404355.18, 5122393.94, 1357.16);
insert into STATION values (3199, '.', 7166, 404354.79, 5122394.00, 1355.75);
insert into STATION values (3200, '.', 7166, 404353.48, 5122397.37, 1356.84);
insert into STATION values (3201, '.', 7166, 404351.01, 5122395.89, 1356.77);
insert into STATION values (3202, '.', 7166, 404350.43, 5122394.58, 1356.75);
insert into STATION values (3203, '.', 7166, 404353.53, 5122396.40, 1359.29);
insert into STATION values (3204, '.', 7166, 404354.93, 5122394.31, 1359.03);
insert into STATION values (3205, '.', 7166, 404354.39, 5122393.88, 1360.82);
insert into STATION values (3206, '.', 7166, 404355.72, 5122394.35, 1357.19);
insert into STATION values (3207, '.', 7166, 404355.74, 5122394.87, 1357.14);
insert into STATION values (3208, '.', 7166, 404355.36, 5122396.46, 1357.05);
insert into STATION values (3209, '.', 7166, 404354.70, 5122397.45, 1357.21);
insert into STATION values (3210, '.', 7166, 404356.14, 5122393.09, 1357.27);
insert into STATION values (3211, '.', 7166, 404354.93, 5122392.41, 1357.62);
insert into STATION values (3212, '.', 7166, 404354.20, 5122392.66, 1357.94);
insert into STATION values (3213, '.', 7166, 404354.23, 5122393.05, 1359.18);
insert into STATION values (3214, '.', 7166, 404354.55, 5122393.17, 1360.34);
insert into STATION values (3215, '.', 7166, 404355.56, 5122392.64, 1361.36);
insert into STATION values (3216, '.', 7166, 404353.64, 5122396.59, 1359.10);
insert into STATION values (3217, '.', 7166, 404351.76, 5122396.51, 1360.04);
insert into STATION values (3218, '.', 7166, 404350.74, 5122394.91, 1357.78);
insert into STATION values (3219, '.', 7166, 404353.57, 5122393.72, 1357.76);
insert into STATION values (3220, '.', 7166, 404354.12, 5122393.86, 1358.47);
insert into STATION values (3221, '.', 7166, 404354.06, 5122394.25, 1360.79);
insert into STATION values (3222, '.', 7166, 404353.76, 5122394.80, 1359.13);
insert into STATION values (3223, '.', 7166, 404353.35, 5122394.71, 1358.39);
insert into STATION values (3224, '.', 7166, 404350.98, 5122395.60, 1357.76);
insert into STATION values (3225, '.', 7166, 404350.51, 5122396.02, 1354.92);
insert into STATION values (3226, '.', 7166, 404352.21, 5122397.19, 1354.78);
insert into STATION values (3227, '.', 7166, 404354.69, 5122394.20, 1356.59);
insert into STATION values (3228, '.', 7166, 404354.56, 5122393.86, 1356.61);
insert into STATION values (3229, '.', 7166, 404354.91, 5122394.59, 1356.65);
insert into STATION values (3230, '.', 7166, 404353.74, 5122394.87, 1337.52);
insert into STATION values (3231, '1', 7298, 404358.83, 5122461.93, 1442.64);
insert into STATION values (3232, '2', 7298, 404358.53, 5122467.53, 1444.19);
insert into STATION values (3233, '3', 7298, 404354.66, 5122470.11, 1444.17);
insert into STATION values (3234, '4', 7298, 404356.39, 5122473.69, 1444.84);
insert into STATION values (3235, '5', 7298, 404352.67, 5122478.35, 1445.11);
insert into STATION values (3236, '6', 7298, 404353.62, 5122488.37, 1446.42);
insert into STATION values (3237, '7', 7298, 404356.02, 5122484.08, 1451.23);
insert into STATION values (3238, '8', 7298, 404358.83, 5122478.85, 1450.77);
insert into STATION values (3239, '9', 7298, 404360.15, 5122480.34, 1452.68);
insert into STATION values (3240, '10', 7298, 404361.26, 5122479.25, 1452.67);
insert into STATION values (3241, '0', 7353, 404356.58, 5122459.69, 1428.96);
insert into STATION values (3242, '1', 7353, 404358.83, 5122461.66, 1428.95);
insert into STATION values (3243, '2', 7353, 404358.83, 5122461.93, 1442.64);
insert into STATION values (3244, '1', 7357, 404306.40, 5122346.79, 1298.18);
insert into STATION values (3245, '2', 7357, 404307.43, 5122350.59, 1301.43);
insert into STATION values (3246, '3', 7357, 404308.76, 5122353.26, 1302.21);
insert into STATION values (3247, '4', 7357, 404310.74, 5122353.00, 1302.23);
insert into STATION values (3248, '5', 7357, 404311.31, 5122354.96, 1302.25);
insert into STATION values (3249, '6', 7357, 404316.40, 5122356.69, 1300.77);
insert into STATION values (3250, '7', 7357, 404318.39, 5122360.57, 1301.38);
insert into STATION values (3251, '8', 7357, 404321.23, 5122362.26, 1302.59);
insert into STATION values (3252, '9', 7357, 404324.82, 5122364.31, 1302.18);
insert into STATION values (3253, '10', 7357, 404327.31, 5122368.96, 1303.20);
insert into STATION values (3254, '11', 7357, 404330.42, 5122369.87, 1304.67);
insert into STATION values (3255, '12', 7357, 404333.68, 5122376.37, 1305.06);
insert into STATION values (3256, '13', 7357, 404332.48, 5122379.62, 1304.88);
insert into STATION values (3257, '14', 7357, 404332.27, 5122381.45, 1304.11);
insert into STATION values (3258, '15', 7357, 404330.23, 5122389.31, 1304.99);
insert into STATION values (3259, '16', 7357, 404327.86, 5122392.69, 1305.20);
insert into STATION values (3260, '17', 7357, 404328.92, 5122395.86, 1305.56);
insert into STATION values (3261, '18', 7357, 404322.62, 5122401.62, 1306.35);
insert into STATION values (3262, '19', 7357, 404322.85, 5122403.34, 1306.33);
insert into STATION values (3263, '20', 7357, 404325.03, 5122404.81, 1305.39);
insert into STATION values (3264, '21', 7357, 404324.23, 5122412.66, 1305.74);
insert into STATION values (3265, '22', 7357, 404328.22, 5122415.29, 1305.87);
insert into STATION values (3266, '23', 7357, 404326.97, 5122419.04, 1305.39);
insert into STATION values (3267, '24', 7357, 404335.27, 5122418.92, 1316.90);
insert into STATION values (3268, '25', 7357, 404335.05, 5122416.86, 1317.45);
insert into STATION values (3269, '26', 7357, 404339.17, 5122415.69, 1322.75);
insert into STATION values (3270, '27', 7357, 404343.95, 5122410.52, 1328.77);
insert into STATION values (3271, '28', 7357, 404344.55, 5122412.06, 1328.55);
insert into STATION values (3272, '29', 7357, 404342.12, 5122412.49, 1332.90);
insert into STATION values (3273, '30', 7357, 404344.12, 5122412.67, 1332.44);
insert into STATION values (3274, '31', 7357, 404351.82, 5122406.24, 1334.46);
insert into STATION values (3275, '32', 7357, 404349.66, 5122404.02, 1335.13);
insert into STATION values (3276, '33', 7357, 404350.11, 5122400.98, 1335.40);
insert into STATION values (3277, '34', 7357, 404351.48, 5122401.15, 1338.06);
insert into STATION values (3278, '35', 7357, 404356.45, 5122397.21, 1338.01);
insert into STATION values (3279, '36', 7357, 404353.43, 5122394.46, 1337.29);
insert into STATION values (3280, '37', 7357, 404353.56, 5122393.93, 1356.89);
insert into STATION values (3281, '38', 7357, 404355.18, 5122393.94, 1357.16);
insert into STATION values (3282, '2', 7416, 404195.63, 5122308.21, 1239.59);
insert into STATION values (3283, '1', 7416, 404199.86, 5122308.99, 1237.77);
insert into STATION values (3284, '3', 7416, 404196.37, 5122305.71, 1241.71);
insert into STATION values (3285, '4', 7416, 404194.49, 5122306.12, 1242.65);
insert into STATION values (3286, '5', 7416, 404195.53, 5122301.75, 1244.84);
insert into STATION values (3287, '6', 7416, 404201.54, 5122298.62, 1246.78);
insert into STATION values (3288, '7', 7416, 404203.38, 5122293.44, 1248.36);
insert into STATION values (3289, '8', 7416, 404208.96, 5122292.60, 1250.30);
insert into STATION values (3290, '9', 7416, 404206.06, 5122284.85, 1250.88);
insert into STATION values (3291, '10', 7416, 404207.56, 5122281.02, 1251.75);
insert into STATION values (3292, '11', 7416, 404214.30, 5122281.55, 1253.32);
insert into STATION values (3293, '12', 7416, 404216.20, 5122281.94, 1254.89);
insert into STATION values (3294, '13', 7416, 404217.60, 5122284.86, 1255.12);
insert into STATION values (3295, '14', 7416, 404223.15, 5122286.82, 1255.01);
insert into STATION values (3296, '15', 7416, 404226.08, 5122290.92, 1255.36);
insert into STATION values (3297, '16', 7416, 404229.92, 5122292.58, 1255.07);
insert into STATION values (3298, '17', 7416, 404231.87, 5122297.29, 1254.98);
insert into STATION values (3299, '18', 7416, 404234.95, 5122299.33, 1254.33);
insert into STATION values (3300, '19', 7416, 404233.26, 5122302.87, 1254.40);
insert into STATION values (3301, '20', 7416, 404235.34, 5122307.91, 1253.93);
insert into STATION values (3302, '21', 7416, 404229.37, 5122307.23, 1254.24);
insert into STATION values (3303, '22', 7416, 404228.58, 5122310.80, 1254.43);
insert into STATION values (3304, '23', 7416, 404231.20, 5122314.21, 1255.35);
insert into STATION values (3305, '24', 7416, 404236.36, 5122314.70, 1253.96);
insert into STATION values (3306, '25', 7416, 404239.70, 5122316.29, 1254.09);
insert into STATION values (3307, '26', 7416, 404243.26, 5122320.18, 1256.01);
insert into STATION values (3308, '28', 7416, 404250.26, 5122320.85, 1255.64);
insert into STATION values (3309, '29', 7416, 404250.76, 5122323.87, 1256.23);
insert into STATION values (3310, '30', 7416, 404253.77, 5122327.38, 1256.15);
insert into STATION values (3311, '31', 7416, 404252.09, 5122330.74, 1255.89);
insert into STATION values (3312, '32', 7416, 404253.14, 5122334.77, 1256.11);
insert into STATION values (3313, '33', 7416, 404257.23, 5122335.23, 1257.77);
insert into STATION values (3314, '34', 7416, 404262.16, 5122339.74, 1257.66);
insert into STATION values (3315, '35', 7416, 404269.21, 5122339.92, 1258.77);
insert into STATION values (3316, '36', 7416, 404268.50, 5122344.13, 1259.68);
insert into STATION values (3317, '37', 7416, 404277.72, 5122349.91, 1261.08);
insert into STATION values (3318, '38', 7416, 404274.72, 5122349.02, 1260.80);
insert into STATION values (3319, '39', 7416, 404272.97, 5122346.06, 1260.07);
insert into STATION values (3320, '40', 7416, 404270.39, 5122345.63, 1259.93);
insert into STATION values (3321, '41', 7416, 404270.57, 5122341.22, 1260.09);
insert into STATION values (3322, '42', 7416, 404272.76, 5122338.75, 1262.08);
insert into STATION values (3323, '43', 7416, 404275.70, 5122340.76, 1263.66);
insert into STATION values (3324, '44', 7416, 404275.94, 5122344.78, 1263.24);
insert into STATION values (3325, '45', 7416, 404275.07, 5122348.17, 1264.18);
insert into STATION values (3326, '46', 7416, 404276.45, 5122352.91, 1264.11);
insert into STATION values (3327, '47', 7416, 404278.80, 5122354.55, 1264.48);
insert into STATION values (3328, '48', 7416, 404283.55, 5122355.03, 1264.50);
insert into STATION values (3329, '49', 7416, 404287.49, 5122353.07, 1267.09);
insert into STATION values (3330, '50', 7416, 404289.02, 5122350.55, 1267.52);
insert into STATION values (3331, '51', 7416, 404292.81, 5122347.95, 1267.86);
insert into STATION values (3332, '52', 7416, 404295.17, 5122348.10, 1268.56);
insert into STATION values (3333, '53', 7416, 404299.06, 5122346.17, 1269.27);
insert into STATION values (3334, '54', 7416, 404305.03, 5122346.04, 1270.69);
insert into STATION values (3335, '55', 7416, 404302.64, 5122343.08, 1271.25);
insert into STATION values (3336, '56', 7416, 404296.41, 5122339.18, 1269.87);
insert into STATION values (3337, '57', 7416, 404295.36, 5122336.91, 1270.23);
insert into STATION values (3338, '58', 7416, 404291.77, 5122335.94, 1269.19);
insert into STATION values (3339, '59', 7416, 404289.08, 5122336.50, 1268.10);
insert into STATION values (3340, '60', 7416, 404287.12, 5122340.10, 1267.10);
insert into STATION values (3341, '61', 7416, 404285.27, 5122340.09, 1266.82);
insert into STATION values (3342, '62', 7416, 404283.02, 5122345.77, 1265.56);
insert into STATION values (3343, '63', 7416, 404279.26, 5122345.43, 1264.71);
insert into STATION values (3344, '64', 7416, 404277.35, 5122346.60, 1264.65);
insert into STATION values (3345, '65', 7416, 404305.80, 5122345.77, 1270.59);
insert into STATION values (3346, '66', 7416, 404305.80, 5122345.77, 1299.50);
insert into STATION values (3347, '67', 7416, 404306.40, 5122346.79, 1298.18);
insert into STATION values (3348, '0', 7539, 404148.49, 5122478.50, 1444.65);
insert into STATION values (3349, '1', 7539, 404146.94, 5122479.04, 1445.06);
insert into STATION values (3350, '.', 7539, 404145.37, 5122479.48, 1445.52);
insert into STATION values (3351, '2', 7539, 404148.51, 5122482.16, 1446.69);
insert into STATION values (3352, '3', 7539, 404147.07, 5122490.34, 1447.10);
insert into STATION values (3353, '.', 7539, 404148.26, 5122493.06, 1447.06);
insert into STATION values (3354, '.', 7539, 404149.53, 5122491.64, 1447.16);
insert into STATION values (3355, '.', 7539, 404149.56, 5122490.81, 1447.18);
insert into STATION values (3356, '.', 7539, 404150.30, 5122489.93, 1447.22);
insert into STATION values (3357, '.', 7539, 404150.11, 5122488.39, 1447.25);
insert into STATION values (3358, '.', 7539, 404150.29, 5122487.39, 1447.43);
insert into STATION values (3359, '.', 7539, 404149.88, 5122486.27, 1447.43);
insert into STATION values (3360, '.', 7539, 404149.68, 5122484.08, 1447.41);
insert into STATION values (3361, '.', 7539, 404150.33, 5122479.73, 1447.33);
insert into STATION values (3362, '.', 7539, 404149.28, 5122475.85, 1447.46);
insert into STATION values (3363, '.', 7539, 404148.15, 5122474.75, 1446.93);
insert into STATION values (3364, '.', 7539, 404147.12, 5122486.92, 1447.04);
insert into STATION values (3365, '.', 7539, 404146.81, 5122487.08, 1447.11);
insert into STATION values (3366, '.', 7539, 404146.68, 5122489.06, 1447.04);
insert into STATION values (3367, '.', 7539, 404147.00, 5122490.20, 1445.40);
insert into STATION values (3368, '.', 7539, 404146.54, 5122490.37, 1446.10);
insert into STATION values (3369, '.', 7539, 404146.49, 5122490.38, 1446.45);
insert into STATION values (3370, '.', 7539, 404145.91, 5122490.44, 1446.53);
insert into STATION values (3371, '.', 7539, 404144.75, 5122490.58, 1446.39);
insert into STATION values (3372, '.', 7539, 404144.35, 5122490.78, 1446.56);
insert into STATION values (3373, '.', 7539, 404146.54, 5122489.58, 1446.92);
insert into STATION values (3374, '.', 7539, 404146.13, 5122489.76, 1446.91);
insert into STATION values (3375, '.', 7539, 404145.82, 5122489.91, 1446.88);
insert into STATION values (3376, '.', 7539, 404145.22, 5122490.26, 1446.76);
insert into STATION values (3377, '.', 7539, 404146.60, 5122491.43, 1446.44);
insert into STATION values (3378, '.', 7539, 404146.40, 5122491.36, 1446.47);
insert into STATION values (3379, '4', 7539, 404145.00, 5122490.99, 1446.58);
insert into STATION values (3380, '.', 7539, 404144.47, 5122491.03, 1446.76);
insert into STATION values (3381, '.', 7539, 404144.79, 5122491.03, 1446.98);
insert into STATION values (3382, '.', 7539, 404145.10, 5122491.02, 1447.03);
insert into STATION values (3383, '.', 7539, 404145.24, 5122490.98, 1447.04);
insert into STATION values (3384, '.', 7539, 404145.61, 5122490.93, 1446.92);
insert into STATION values (3385, '.', 7539, 404145.22, 5122490.05, 1446.74);
insert into STATION values (3386, '.', 7539, 404144.93, 5122490.17, 1446.68);
insert into STATION values (3387, '.', 7539, 404144.70, 5122490.14, 1446.76);
insert into STATION values (3388, '.', 7539, 404144.35, 5122490.42, 1446.68);
insert into STATION values (3389, '.', 7539, 404145.25, 5122491.44, 1446.73);
insert into STATION values (3390, '.', 7539, 404145.36, 5122492.96, 1446.83);
insert into STATION values (3391, '.', 7539, 404145.29, 5122492.89, 1446.73);
insert into STATION values (3392, '.', 7539, 404144.86, 5122493.17, 1446.78);
insert into STATION values (3393, '.', 7539, 404144.65, 5122493.14, 1446.68);
insert into STATION values (3394, '5', 7539, 404145.01, 5122493.08, 1446.62);
insert into STATION values (3395, '.', 7539, 404144.75, 5122492.55, 1446.71);
insert into STATION values (3396, '.', 7539, 404144.84, 5122492.77, 1446.90);
insert into STATION values (3397, '.', 7539, 404144.86, 5122492.89, 1446.83);
insert into STATION values (3398, '.', 7539, 404144.84, 5122492.60, 1446.48);
insert into STATION values (3399, '.', 7539, 404144.16, 5122492.64, 1446.72);
insert into STATION values (3400, '.', 7539, 404143.68, 5122492.95, 1446.69);
insert into STATION values (3401, '.', 7539, 404143.71, 5122493.18, 1446.74);
insert into STATION values (3402, '.', 7539, 404143.87, 5122493.51, 1446.67);
insert into STATION values (3403, '6', 7539, 404143.91, 5122493.31, 1446.54);
insert into STATION values (3404, '.', 7539, 404145.56, 5122492.90, 1446.81);
insert into STATION values (3405, '.', 7539, 404145.67, 5122492.81, 1446.72);
insert into STATION values (3406, '.', 7539, 404144.73, 5122493.34, 1446.63);
insert into STATION values (3407, '.', 7539, 404145.00, 5122493.37, 1446.63);
insert into STATION values (3408, '.', 7539, 404144.58, 5122493.53, 1446.66);
insert into STATION values (3409, '.', 7539, 404144.60, 5122493.80, 1446.70);
insert into STATION values (3410, '.', 7539, 404144.68, 5122494.43, 1446.72);
insert into STATION values (3411, '.', 7539, 404144.67, 5122494.57, 1446.83);
insert into STATION values (3412, '.', 7539, 404143.99, 5122493.28, 1446.77);
insert into STATION values (3413, '.', 7539, 404144.11, 5122493.26, 1446.79);
insert into STATION values (3414, '.', 7539, 404144.30, 5122493.19, 1446.81);
insert into STATION values (3415, '.', 7539, 404143.78, 5122492.93, 1446.59);
insert into STATION values (3416, '7', 7539, 404144.47, 5122494.78, 1446.63);
insert into STATION values (3417, '.', 7539, 404144.88, 5122496.29, 1446.87);
insert into STATION values (3418, '.', 7539, 404143.93, 5122494.20, 1446.50);
insert into STATION values (3419, '.', 7539, 404143.77, 5122494.40, 1446.64);
insert into STATION values (3420, '.', 7539, 404143.51, 5122494.55, 1446.65);
insert into STATION values (3421, '.', 7539, 404142.41, 5122494.83, 1446.65);
insert into STATION values (3422, '.', 7539, 404142.29, 5122495.38, 1446.67);
insert into STATION values (3423, '.', 7539, 404142.25, 5122495.47, 1446.63);
insert into STATION values (3424, '.', 7539, 404144.30, 5122494.66, 1446.78);
insert into STATION values (3425, '.', 7539, 404144.16, 5122494.49, 1446.68);
insert into STATION values (3426, '.', 7539, 404143.91, 5122494.32, 1446.32);
insert into STATION values (3427, '.', 7539, 404144.08, 5122494.51, 1446.25);
insert into STATION values (3428, '.', 7539, 404144.38, 5122494.69, 1446.28);
insert into STATION values (3429, '.', 7539, 404144.66, 5122494.16, 1446.53);
insert into STATION values (3430, '.', 7539, 404144.55, 5122493.74, 1446.53);
insert into STATION values (3431, '.', 7539, 404144.44, 5122493.48, 1446.55);
insert into STATION values (3432, '.', 7539, 404143.77, 5122492.69, 1446.36);
insert into STATION values (3433, '8', 7539, 404142.60, 5122495.29, 1446.78);
insert into STATION values (3434, '9', 7539, 404141.64, 5122496.99, 1446.64);
insert into STATION values (3435, '.', 7539, 404140.69, 5122498.71, 1446.55);
insert into STATION values (3436, '10', 7539, 404140.12, 5122498.51, 1446.72);
insert into STATION values (3437, '.', 7539, 404141.43, 5122496.79, 1446.51);
insert into STATION values (3438, '.', 7539, 404139.31, 5122499.25, 1446.83);
insert into STATION values (3439, '11', 7539, 404137.91, 5122500.38, 1446.85);
insert into STATION values (3440, '.', 7539, 404140.65, 5122499.07, 1446.81);
insert into STATION values (3441, '12', 7539, 404134.19, 5122501.91, 1446.81);
insert into STATION values (3442, '.', 7539, 404133.94, 5122501.40, 1446.83);
insert into STATION values (3443, '.', 7539, 404134.64, 5122501.19, 1446.83);
insert into STATION values (3444, '.', 7539, 404135.12, 5122501.23, 1446.89);
insert into STATION values (3445, '.', 7539, 404135.58, 5122501.24, 1446.95);
insert into STATION values (3446, '.', 7539, 404136.63, 5122501.66, 1447.08);
insert into STATION values (3447, '.', 7539, 404136.60, 5122501.31, 1447.09);
insert into STATION values (3448, '.', 7539, 404136.73, 5122501.24, 1447.09);
insert into STATION values (3449, '.', 7539, 404134.34, 5122501.97, 1447.03);
insert into STATION values (3450, '.', 7539, 404134.23, 5122501.91, 1447.12);
insert into STATION values (3451, '.', 7539, 404134.10, 5122501.89, 1447.17);
insert into STATION values (3452, '.', 7539, 404133.99, 5122501.87, 1447.15);
insert into STATION values (3453, '.', 7539, 404133.85, 5122501.88, 1447.11);
insert into STATION values (3454, '.', 7539, 404133.72, 5122501.86, 1447.09);
insert into STATION values (3455, '.', 7539, 404133.58, 5122501.84, 1447.03);
insert into STATION values (3456, '.', 7539, 404133.57, 5122501.76, 1446.88);
insert into STATION values (3457, '.', 7539, 404133.72, 5122501.78, 1446.70);
insert into STATION values (3458, '.', 7539, 404133.82, 5122501.78, 1446.58);
insert into STATION values (3459, '.', 7539, 404133.98, 5122501.83, 1446.54);
insert into STATION values (3460, '.', 7539, 404134.02, 5122501.85, 1446.35);
insert into STATION values (3461, '13', 7539, 404134.90, 5122504.09, 1446.57);
insert into STATION values (3462, '.', 7539, 404135.65, 5122506.27, 1446.50);
insert into STATION values (3463, '.', 7539, 404134.93, 5122504.18, 1446.79);
insert into STATION values (3464, '.', 7539, 404134.84, 5122504.07, 1447.05);
insert into STATION values (3465, '.', 7539, 404134.75, 5122503.91, 1447.04);
insert into STATION values (3466, '.', 7539, 404134.57, 5122503.79, 1447.06);
insert into STATION values (3467, '.', 7539, 404135.27, 5122504.14, 1446.64);
insert into STATION values (3468, '.', 7539, 404135.11, 5122504.34, 1446.67);
insert into STATION values (3469, '.', 7539, 404134.89, 5122504.23, 1446.63);
insert into STATION values (3470, '.', 7539, 404134.59, 5122504.47, 1446.66);
insert into STATION values (3471, '.', 7539, 404134.36, 5122504.45, 1446.68);
insert into STATION values (3472, '.', 7539, 404132.81, 5122504.78, 1446.85);
insert into STATION values (3473, '.', 7539, 404132.72, 5122504.41, 1446.79);
insert into STATION values (3474, '.', 7539, 404134.13, 5122504.07, 1446.68);
insert into STATION values (3475, '.', 7539, 404132.72, 5122504.49, 1446.67);
insert into STATION values (3476, '14', 7539, 404133.03, 5122504.39, 1446.60);
insert into STATION values (3477, '.', 7539, 404132.78, 5122504.67, 1446.69);
insert into STATION values (3478, '.', 7539, 404132.98, 5122505.06, 1446.69);
insert into STATION values (3479, '.', 7539, 404133.24, 5122505.27, 1446.67);
insert into STATION values (3480, '.', 7539, 404134.57, 5122507.32, 1446.53);
insert into STATION values (3481, '.', 7539, 404133.51, 5122504.74, 1446.66);
insert into STATION values (3482, '.', 7539, 404133.78, 5122504.72, 1446.66);
insert into STATION values (3483, '.', 7539, 404133.74, 5122504.85, 1446.71);
insert into STATION values (3484, '.', 7539, 404132.76, 5122504.40, 1446.59);
insert into STATION values (3485, '.', 7539, 404133.39, 5122504.94, 1447.43);
insert into STATION values (3486, '.', 7539, 404133.60, 5122505.29, 1447.34);
insert into STATION values (3487, '.', 7539, 404133.82, 5122505.68, 1447.15);
insert into STATION values (3488, '.', 7539, 404133.80, 5122505.76, 1447.00);
insert into STATION values (3489, '.', 7539, 404134.71, 5122507.58, 1446.98);
insert into STATION values (3490, '.', 7539, 404134.53, 5122507.33, 1446.49);
insert into STATION values (3491, '.', 7539, 404134.57, 5122507.69, 1445.84);
insert into STATION values (3492, '.', 7539, 404134.13, 5122507.26, 1445.72);
insert into STATION values (3493, '15', 7539, 404133.95, 5122505.80, 1446.88);
insert into STATION values (3494, '.', 7539, 404133.21, 5122506.89, 1442.74);
insert into STATION values (3495, '.', 7539, 404133.60, 5122507.62, 1443.10);
insert into STATION values (3496, '.', 7539, 404133.94, 5122505.91, 1446.72);
insert into STATION values (3497, '.', 7539, 404133.89, 5122507.35, 1445.10);
insert into STATION values (3498, '.', 7539, 404132.77, 5122506.15, 1446.91);
insert into STATION values (3499, '.', 7539, 404133.08, 5122506.44, 1446.93);
insert into STATION values (3500, '.', 7539, 404133.50, 5122506.48, 1446.85);
insert into STATION values (3501, '.', 7539, 404133.60, 5122506.31, 1446.84);
insert into STATION values (3502, '.', 7539, 404132.68, 5122505.83, 1446.97);
insert into STATION values (3503, '.', 7539, 404133.22, 5122505.81, 1446.89);
insert into STATION values (3504, '.', 7539, 404133.70, 5122505.08, 1446.98);
insert into STATION values (3505, '.', 7539, 404132.97, 5122504.32, 1446.83);
insert into STATION values (3506, '.', 7539, 404133.65, 5122505.12, 1446.78);
insert into STATION values (3507, '16', 7539, 404133.04, 5122506.37, 1446.91);
insert into STATION values (3508, '.', 7539, 404132.20, 5122507.01, 1447.15);
insert into STATION values (3509, '.', 7539, 404132.05, 5122505.44, 1446.28);
insert into STATION values (3510, '.', 7539, 404132.77, 5122505.44, 1446.30);
insert into STATION values (3511, '.', 7539, 404133.02, 5122505.84, 1446.84);
insert into STATION values (3512, '.', 7539, 404132.73, 5122505.92, 1446.82);
insert into STATION values (3513, '.', 7539, 404132.54, 5122505.92, 1446.90);
insert into STATION values (3514, '.', 7539, 404132.94, 5122506.21, 1447.31);
insert into STATION values (3515, '.', 7539, 404133.02, 5122506.47, 1446.29);
insert into STATION values (3516, '.', 7539, 404132.76, 5122506.21, 1446.14);
insert into STATION values (3517, '.', 7539, 404132.64, 5122506.07, 1446.09);
insert into STATION values (3518, '.', 7539, 404131.14, 5122504.57, 1444.27);
insert into STATION values (3519, '.', 7539, 404131.28, 5122504.46, 1444.88);
insert into STATION values (3520, '.', 7539, 404131.55, 5122504.56, 1445.34);
insert into STATION values (3521, '.', 7539, 404132.50, 5122505.12, 1444.90);
insert into STATION values (3522, '17', 7539, 404132.07, 5122505.45, 1446.23);
insert into STATION values (3523, '.', 7539, 404131.19, 5122504.29, 1445.85);
insert into STATION values (3524, '18', 7539, 404131.44, 5122504.53, 1444.61);
insert into STATION values (3525, '.', 7539, 404130.84, 5122503.57, 1442.97);
insert into STATION values (3526, '.', 7539, 404129.28, 5122505.37, 1444.43);
insert into STATION values (3527, '.', 7539, 404129.78, 5122505.95, 1444.53);
insert into STATION values (3528, '.', 7539, 404130.98, 5122505.46, 1444.62);
insert into STATION values (3529, '.', 7539, 404131.37, 5122505.46, 1444.62);
insert into STATION values (3530, '.', 7539, 404131.55, 5122505.71, 1444.67);
insert into STATION values (3531, '.', 7539, 404132.44, 5122505.35, 1444.71);
insert into STATION values (3532, '.', 7539, 404132.34, 5122504.95, 1444.62);
insert into STATION values (3533, '.', 7539, 404131.96, 5122504.68, 1444.72);
insert into STATION values (3534, '.', 7539, 404130.40, 5122505.45, 1443.37);
insert into STATION values (3535, '.', 7539, 404129.93, 5122505.60, 1443.57);
insert into STATION values (3536, '.', 7539, 404128.93, 5122506.22, 1442.92);
insert into STATION values (3537, '.', 7539, 404129.12, 5122506.05, 1443.67);
insert into STATION values (3538, '.', 7539, 404129.44, 5122505.73, 1444.59);
insert into STATION values (3539, '.', 7539, 404129.58, 5122505.76, 1445.05);
insert into STATION values (3540, '.', 7539, 404129.65, 5122505.81, 1445.49);
insert into STATION values (3541, '.', 7539, 404130.05, 5122505.67, 1446.01);
insert into STATION values (3542, '.', 7539, 404130.21, 5122505.72, 1446.46);
insert into STATION values (3543, '.', 7539, 404130.33, 5122505.85, 1446.88);
insert into STATION values (3544, '19', 7539, 404129.48, 5122505.67, 1444.02);
insert into STATION values (3545, '.', 7539, 404127.48, 5122506.85, 1443.64);
insert into STATION values (3546, '.', 7539, 404129.73, 5122504.96, 1443.90);
insert into STATION values (3547, '.', 7539, 404129.46, 5122505.00, 1443.92);
insert into STATION values (3548, '.', 7539, 404130.21, 5122506.14, 1443.97);
insert into STATION values (3549, '.', 7539, 404130.14, 5122506.57, 1443.93);
insert into STATION values (3550, '.', 7539, 404130.09, 5122506.83, 1443.93);
insert into STATION values (3551, '.', 7539, 404129.21, 5122505.38, 1440.14);
insert into STATION values (3552, '.', 7539, 404129.63, 5122505.24, 1440.52);
insert into STATION values (3553, '.', 7539, 404129.86, 5122505.20, 1441.70);
insert into STATION values (3554, '.', 7539, 404129.99, 5122505.20, 1442.47);
insert into STATION values (3555, '.', 7539, 404130.04, 5122505.17, 1443.03);
insert into STATION values (3556, '.', 7539, 404130.31, 5122505.17, 1443.16);
insert into STATION values (3557, '.', 7539, 404130.50, 5122505.12, 1443.25);
insert into STATION values (3558, '.', 7539, 404130.82, 5122504.96, 1443.42);
insert into STATION values (3559, '20', 7539, 404129.42, 5122504.58, 1441.67);
insert into STATION values (3560, '.', 7539, 404129.80, 5122504.88, 1441.57);
insert into STATION values (3561, '.', 7539, 404129.64, 5122505.29, 1441.55);
insert into STATION values (3562, '.', 7539, 404129.63, 5122506.28, 1441.56);
insert into STATION values (3563, '.', 7539, 404129.69, 5122509.27, 1442.35);
insert into STATION values (3564, '.', 7539, 404129.12, 5122507.55, 1442.17);
insert into STATION values (3565, '.', 7539, 404128.43, 5122506.23, 1442.07);
insert into STATION values (3566, '.', 7539, 404128.27, 5122505.23, 1442.01);
insert into STATION values (3567, '.', 7539, 404128.44, 5122504.86, 1441.93);
insert into STATION values (3568, '.', 7539, 404128.39, 5122504.83, 1441.82);
insert into STATION values (3569, '.', 7539, 404128.30, 5122504.47, 1441.77);
insert into STATION values (3570, '.', 7539, 404128.34, 5122503.92, 1441.74);
insert into STATION values (3571, '.', 7539, 404128.32, 5122503.22, 1441.67);
insert into STATION values (3572, '.', 7539, 404128.27, 5122502.53, 1441.62);
insert into STATION values (3573, '.', 7539, 404129.06, 5122503.74, 1441.79);
insert into STATION values (3574, '.', 7539, 404130.00, 5122505.62, 1446.17);
insert into STATION values (3575, '.', 7539, 404129.16, 5122504.91, 1443.69);
insert into STATION values (3576, '.', 7539, 404128.96, 5122504.71, 1443.27);
insert into STATION values (3577, '.', 7539, 404128.84, 5122504.54, 1442.39);
insert into STATION values (3578, '.', 7539, 404128.58, 5122504.50, 1441.85);
insert into STATION values (3579, '.', 7539, 404128.32, 5122504.52, 1441.52);
insert into STATION values (3580, '.', 7539, 404129.04, 5122504.56, 1440.23);
insert into STATION values (3581, '.', 7539, 404128.60, 5122504.80, 1440.22);
insert into STATION values (3582, '.', 7539, 404128.35, 5122504.89, 1440.53);
insert into STATION values (3583, '60', 7539, 404128.23, 5122502.17, 1440.90);
insert into STATION values (3584, '21', 7539, 404126.23, 5122480.24, 1436.71);
insert into STATION values (3585, '.', 7539, 404126.63, 5122480.09, 1436.71);
insert into STATION values (3586, '.', 7539, 404126.68, 5122480.06, 1437.01);
insert into STATION values (3587, '.', 7539, 404126.79, 5122480.20, 1437.45);
insert into STATION values (3588, '.', 7539, 404126.53, 5122480.16, 1437.86);
insert into STATION values (3589, '.', 7539, 404127.49, 5122485.28, 1437.43);
insert into STATION values (3590, '.', 7539, 404126.82, 5122484.65, 1437.85);
insert into STATION values (3591, '.', 7539, 404126.13, 5122480.89, 1436.95);
insert into STATION values (3592, '.', 7539, 404126.17, 5122479.43, 1436.72);
insert into STATION values (3593, '.', 7539, 404125.40, 5122478.25, 1436.57);
insert into STATION values (3594, '.', 7539, 404124.98, 5122479.09, 1436.59);
insert into STATION values (3595, '.', 7539, 404125.37, 5122480.10, 1436.75);
insert into STATION values (3596, '.', 7539, 404125.16, 5122480.01, 1436.77);
insert into STATION values (3597, '.', 7539, 404126.70, 5122480.30, 1436.65);
insert into STATION values (3598, '.', 7539, 404127.23, 5122480.82, 1436.65);
insert into STATION values (3599, '.', 7539, 404126.39, 5122481.54, 1436.64);
insert into STATION values (3600, '.', 7539, 404126.74, 5122480.15, 1437.24);
insert into STATION values (3601, '.', 7539, 404126.44, 5122480.20, 1437.47);
insert into STATION values (3602, '.', 7539, 404126.20, 5122480.21, 1437.91);
insert into STATION values (3603, '.', 7539, 404125.64, 5122480.30, 1437.56);
insert into STATION values (3604, '.', 7539, 404125.55, 5122480.41, 1437.22);
insert into STATION values (3605, '.', 7539, 404125.13, 5122480.57, 1436.89);
insert into STATION values (3606, '.', 7539, 404125.50, 5122483.69, 1438.97);
insert into STATION values (3607, '.', 7539, 404125.44, 5122484.00, 1439.16);
insert into STATION values (3608, '21A', 7539, 404125.43, 5122484.04, 1439.19);
insert into STATION values (3609, '.', 7539, 404125.48, 5122483.71, 1438.94);
insert into STATION values (3610, '21B', 7539, 404124.71, 5122487.49, 1441.44);
insert into STATION values (3611, '.', 7539, 404126.64, 5122480.23, 1436.72);
insert into STATION values (3612, '.', 7539, 404126.41, 5122480.28, 1436.91);
insert into STATION values (3613, '.', 7539, 404126.26, 5122480.45, 1435.93);
insert into STATION values (3614, '.', 7539, 404126.29, 5122482.04, 1436.85);
insert into STATION values (3615, '.', 7539, 404125.47, 5122484.57, 1437.03);
insert into STATION values (3616, '.', 7539, 404126.50, 5122478.05, 1436.65);
insert into STATION values (3617, '.', 7539, 404126.46, 5122478.42, 1436.22);
insert into STATION values (3618, '22', 7539, 404124.49, 5122490.78, 1441.55);
insert into STATION values (3619, '.', 7539, 404124.04, 5122489.69, 1441.44);
insert into STATION values (3620, '.', 7539, 404123.97, 5122490.19, 1441.47);
insert into STATION values (3621, '.', 7539, 404121.18, 5122489.18, 1441.54);
insert into STATION values (3622, '.', 7539, 404123.21, 5122490.75, 1441.94);
insert into STATION values (3623, '.', 7539, 404123.56, 5122491.20, 1441.86);
insert into STATION values (3624, '.', 7539, 404123.83, 5122491.73, 1441.66);
insert into STATION values (3625, '.', 7539, 404124.12, 5122492.05, 1441.65);
insert into STATION values (3626, '.', 7539, 404124.74, 5122490.42, 1441.60);
insert into STATION values (3627, '.', 7539, 404124.58, 5122490.11, 1441.62);
insert into STATION values (3628, '.', 7539, 404124.44, 5122490.72, 1441.72);
insert into STATION values (3629, '.', 7539, 404120.30, 5122489.35, 1441.86);
insert into STATION values (3630, '.', 7539, 404120.11, 5122489.29, 1441.86);
insert into STATION values (3631, '23', 7539, 404120.30, 5122489.35, 1441.87);
insert into STATION values (3632, '.', 7539, 404120.60, 5122489.07, 1441.89);
insert into STATION values (3633, '.', 7539, 404120.70, 5122488.89, 1442.02);
insert into STATION values (3634, '.', 7539, 404120.43, 5122489.12, 1441.49);
insert into STATION values (3635, '.', 7539, 404120.30, 5122489.24, 1441.03);
insert into STATION values (3636, '.', 7539, 404120.23, 5122489.13, 1441.06);
insert into STATION values (3637, '24', 7539, 404116.69, 5122480.46, 1440.96);
insert into STATION values (3638, '.', 7539, 404116.83, 5122480.43, 1441.96);
insert into STATION values (3639, '.', 7539, 404117.13, 5122480.75, 1442.06);
insert into STATION values (3640, '.', 7539, 404116.48, 5122480.69, 1441.47);
insert into STATION values (3641, '.', 7539, 404116.34, 5122480.78, 1441.20);
insert into STATION values (3642, '.', 7539, 404116.42, 5122480.93, 1441.01);
insert into STATION values (3643, '.', 7539, 404117.44, 5122483.06, 1441.23);
insert into STATION values (3644, '.', 7539, 404120.66, 5122489.76, 1441.94);
insert into STATION values (3645, '25', 7539, 404114.60, 5122480.35, 1440.30);
insert into STATION values (3646, '.', 7539, 404112.45, 5122480.42, 1439.80);
insert into STATION values (3647, '.', 7539, 404115.57, 5122478.57, 1440.33);
insert into STATION values (3648, '.', 7539, 404114.45, 5122478.01, 1440.26);
insert into STATION values (3649, '.', 7539, 404114.05, 5122478.43, 1440.25);
insert into STATION values (3650, '.', 7539, 404113.28, 5122478.27, 1440.28);
insert into STATION values (3651, '.', 7539, 404112.57, 5122478.47, 1440.27);
insert into STATION values (3652, '.', 7539, 404112.25, 5122478.83, 1440.25);
insert into STATION values (3653, '.', 7539, 404112.70, 5122479.27, 1440.29);
insert into STATION values (3654, '.', 7539, 404114.04, 5122480.22, 1440.28);
insert into STATION values (3655, '.', 7539, 404114.24, 5122480.57, 1440.41);
insert into STATION values (3656, '.', 7539, 404115.64, 5122481.15, 1440.53);
insert into STATION values (3657, '.', 7539, 404116.01, 5122480.57, 1440.54);
insert into STATION values (3658, '.', 7539, 404116.55, 5122480.41, 1440.51);
insert into STATION values (3659, '.', 7539, 404116.11, 5122479.71, 1440.40);
insert into STATION values (3660, '.', 7539, 404116.05, 5122479.35, 1440.52);
insert into STATION values (3661, '.', 7539, 404115.54, 5122478.55, 1440.33);
insert into STATION values (3662, '.', 7539, 404114.27, 5122478.35, 1440.27);
insert into STATION values (3663, '26', 7539, 404112.83, 5122478.57, 1440.08);
insert into STATION values (3664, '.', 7539, 404112.70, 5122479.14, 1440.11);
insert into STATION values (3665, '.', 7539, 404111.96, 5122479.39, 1439.94);
insert into STATION values (3666, '.', 7539, 404111.04, 5122478.91, 1439.82);
insert into STATION values (3667, '.', 7539, 404112.39, 5122478.57, 1440.03);
insert into STATION values (3668, '.', 7539, 404112.04, 5122478.74, 1440.02);
insert into STATION values (3669, '.', 7539, 404110.67, 5122479.47, 1439.98);
insert into STATION values (3670, '27', 7539, 404110.41, 5122479.44, 1439.83);
insert into STATION values (3671, '.', 7539, 404110.39, 5122479.49, 1440.24);
insert into STATION values (3672, '.', 7539, 404110.43, 5122479.35, 1440.12);
insert into STATION values (3673, '.', 7539, 404110.57, 5122478.75, 1439.86);
insert into STATION values (3674, '.', 7539, 404110.36, 5122477.91, 1439.98);
insert into STATION values (3675, '.', 7539, 404109.92, 5122478.05, 1439.96);
insert into STATION values (3676, '.', 7539, 404109.86, 5122478.79, 1439.86);
insert into STATION values (3677, '.', 7539, 404109.97, 5122478.99, 1439.82);
insert into STATION values (3678, '.', 7539, 404110.90, 5122478.92, 1439.80);
insert into STATION values (3679, '.', 7539, 404110.87, 5122478.88, 1439.82);
insert into STATION values (3680, '.', 7539, 404109.34, 5122476.14, 1439.19);
insert into STATION values (3681, '28', 7539, 404109.47, 5122476.18, 1439.44);
insert into STATION values (3682, '.', 7539, 404108.51, 5122472.88, 1439.21);
insert into STATION values (3683, '.', 7539, 404109.71, 5122474.30, 1439.56);
insert into STATION values (3684, '.', 7539, 404109.21, 5122473.65, 1439.52);
insert into STATION values (3685, '.', 7539, 404108.33, 5122473.42, 1439.49);
insert into STATION values (3686, '.', 7539, 404108.72, 5122475.11, 1439.53);
insert into STATION values (3687, '.', 7539, 404108.55, 5122475.97, 1439.48);
insert into STATION values (3688, '.', 7539, 404108.21, 5122476.80, 1439.62);
insert into STATION values (3689, '.', 7539, 404108.42, 5122477.33, 1439.67);
insert into STATION values (3690, '.', 7539, 404109.19, 5122477.11, 1439.54);
insert into STATION values (3691, '.', 7539, 404109.51, 5122477.24, 1439.65);
insert into STATION values (3692, '.', 7539, 404109.96, 5122477.29, 1439.57);
insert into STATION values (3693, '.', 7539, 404110.08, 5122476.59, 1439.52);
insert into STATION values (3694, '.', 7539, 404110.03, 5122476.45, 1439.70);
insert into STATION values (3695, '.', 7539, 404109.70, 5122476.11, 1440.04);
insert into STATION values (3696, '.', 7539, 404109.86, 5122476.12, 1439.86);
insert into STATION values (3697, '.', 7539, 404108.37, 5122476.71, 1439.41);
insert into STATION values (3698, '.', 7539, 404108.41, 5122476.79, 1439.85);
insert into STATION values (3699, '.', 7539, 404108.62, 5122476.69, 1439.98);
insert into STATION values (3700, '.', 7539, 404109.03, 5122476.52, 1440.07);
insert into STATION values (3701, '.', 7539, 404109.29, 5122476.35, 1440.11);
insert into STATION values (3702, '.', 7539, 404109.39, 5122476.18, 1440.04);
insert into STATION values (3703, '29', 7539, 404107.70, 5122474.21, 1439.12);
insert into STATION values (3704, '.', 7539, 404105.71, 5122472.47, 1438.86);
insert into STATION values (3705, '.', 7539, 404108.03, 5122475.74, 1439.22);
insert into STATION values (3706, '.', 7539, 404107.58, 5122475.95, 1439.15);
insert into STATION values (3707, '.', 7539, 404107.20, 5122476.29, 1439.14);
insert into STATION values (3708, '.', 7539, 404107.25, 5122476.23, 1439.35);
insert into STATION values (3709, '.', 7539, 404107.49, 5122474.38, 1439.08);
insert into STATION values (3710, '.', 7539, 404107.52, 5122474.75, 1439.09);
insert into STATION values (3711, '.', 7539, 404107.09, 5122476.40, 1438.92);
insert into STATION values (3712, '30', 7539, 404107.59, 5122475.97, 1439.37);
insert into STATION values (3713, '.', 7539, 404107.11, 5122475.43, 1439.38);
insert into STATION values (3714, '.', 7539, 404106.73, 5122475.57, 1439.32);
insert into STATION values (3715, '.', 7539, 404106.10, 5122475.83, 1439.29);
insert into STATION values (3716, '.', 7539, 404105.86, 5122476.52, 1439.31);
insert into STATION values (3717, '.', 7539, 404105.64, 5122476.38, 1439.29);
insert into STATION values (3718, '.', 7539, 404108.34, 5122474.64, 1439.38);
insert into STATION values (3719, '.', 7539, 404108.15, 5122474.21, 1439.29);
insert into STATION values (3720, '.', 7539, 404107.99, 5122474.12, 1439.34);
insert into STATION values (3721, '.', 7539, 404105.77, 5122476.37, 1439.24);
insert into STATION values (3722, '31', 7539, 404105.79, 5122476.42, 1439.23);
insert into STATION values (3723, '.', 7539, 404103.99, 5122476.91, 1439.10);
insert into STATION values (3724, '.', 7539, 404107.52, 5122479.62, 1439.60);
insert into STATION values (3725, '.', 7539, 404107.69, 5122479.61, 1439.80);
insert into STATION values (3726, '.', 7539, 404108.45, 5122480.71, 1439.65);
insert into STATION values (3727, '.', 7539, 404106.93, 5122479.14, 1439.09);
insert into STATION values (3728, '.', 7539, 404106.78, 5122479.86, 1438.74);
insert into STATION values (3729, '.', 7539, 404106.30, 5122478.59, 1438.76);
insert into STATION values (3730, '.', 7539, 404108.22, 5122481.60, 1439.94);
insert into STATION values (3731, '32', 7539, 404108.10, 5122481.22, 1439.81);
insert into STATION values (3732, '.', 7539, 404107.34, 5122481.76, 1439.73);
insert into STATION values (3733, '.', 7539, 404107.91, 5122481.96, 1439.80);
insert into STATION values (3734, '.', 7539, 404107.65, 5122481.98, 1439.85);
insert into STATION values (3735, '.', 7539, 404107.59, 5122481.12, 1439.85);
insert into STATION values (3736, '.', 7539, 404107.44, 5122480.89, 1439.78);
insert into STATION values (3737, '.', 7539, 404107.14, 5122480.39, 1439.74);
insert into STATION values (3738, '.', 7539, 404106.73, 5122479.87, 1439.58);
insert into STATION values (3739, '.', 7539, 404106.21, 5122482.63, 1439.69);
insert into STATION values (3740, '33', 7539, 404106.45, 5122482.40, 1439.78);
insert into STATION values (3741, '.', 7539, 404104.95, 5122483.77, 1439.81);
insert into STATION values (3742, '.', 7539, 404105.06, 5122487.45, 1439.33);
insert into STATION values (3743, '34', 7539, 404105.37, 5122486.28, 1439.41);
insert into STATION values (3744, '.', 7539, 404103.98, 5122490.07, 1439.27);
insert into STATION values (3745, '.', 7539, 404104.45, 5122487.12, 1439.39);
insert into STATION values (3746, '.', 7539, 404103.66, 5122486.54, 1439.49);
insert into STATION values (3747, '.', 7539, 404103.32, 5122486.01, 1439.70);
insert into STATION values (3748, '.', 7539, 404103.67, 5122485.45, 1439.71);
insert into STATION values (3749, '.', 7539, 404104.33, 5122485.28, 1439.47);
insert into STATION values (3750, '.', 7539, 404106.43, 5122486.32, 1439.40);
insert into STATION values (3751, '.', 7539, 404106.48, 5122482.01, 1439.88);
insert into STATION values (3752, '.', 7539, 404106.54, 5122482.97, 1440.00);
insert into STATION values (3753, '.', 7539, 404105.03, 5122482.71, 1446.33);
insert into STATION values (3754, '.', 7539, 404104.88, 5122483.27, 1443.89);
insert into STATION values (3755, '.', 7539, 404104.32, 5122483.36, 1442.50);
insert into STATION values (3756, '.', 7539, 404105.08, 5122485.66, 1440.02);
insert into STATION values (3757, '.', 7539, 404103.90, 5122483.81, 1441.91);
insert into STATION values (3758, '.', 7539, 404103.62, 5122485.85, 1440.97);
insert into STATION values (3759, '.', 7539, 404103.79, 5122486.58, 1440.38);
insert into STATION values (3760, '.', 7539, 404103.93, 5122485.94, 1439.93);
insert into STATION values (3761, '.', 7539, 404105.21, 5122485.41, 1439.71);
insert into STATION values (3762, '.', 7539, 404105.40, 5122484.62, 1439.52);
insert into STATION values (3763, '35', 7539, 404104.81, 5122482.88, 1445.25);
insert into STATION values (3764, '35A', 7539, 404114.06, 5122494.67, 1439.93);
insert into STATION values (3765, '.', 7539, 404115.36, 5122498.72, 1434.66);
insert into STATION values (3766, '.', 7539, 404114.92, 5122496.59, 1437.34);
insert into STATION values (3767, '.', 7539, 404114.68, 5122498.00, 1434.08);
insert into STATION values (3768, '.', 7539, 404113.96, 5122494.80, 1443.64);
insert into STATION values (3769, '.', 7539, 404113.45, 5122495.22, 1440.96);
insert into STATION values (3770, '.', 7539, 404113.22, 5122495.24, 1440.18);
insert into STATION values (3771, '.', 7539, 404114.35, 5122494.51, 1440.22);
insert into STATION values (3772, '.', 7539, 404114.41, 5122494.46, 1441.04);
insert into STATION values (3773, '.', 7539, 404114.29, 5122494.67, 1442.34);
insert into STATION values (3774, '.', 7539, 404114.41, 5122492.85, 1454.37);
insert into STATION values (3775, '.', 7539, 404112.92, 5122492.51, 1446.04);
insert into STATION values (3776, '.', 7539, 404112.74, 5122492.30, 1445.42);
insert into STATION values (3777, '.', 7539, 404110.88, 5122491.91, 1440.11);
insert into STATION values (3778, '.', 7539, 404111.45, 5122493.46, 1439.89);
insert into STATION values (3779, '.', 7539, 404112.58, 5122494.31, 1440.18);
insert into STATION values (3780, '.', 7539, 404112.73, 5122494.81, 1440.07);
insert into STATION values (3781, '.', 7539, 404113.01, 5122494.84, 1440.08);
insert into STATION values (3782, '.', 7539, 404104.69, 5122481.84, 1445.35);
insert into STATION values (3783, '.', 7539, 404104.17, 5122481.50, 1445.40);
insert into STATION values (3784, '.', 7539, 404102.47, 5122480.00, 1445.27);
insert into STATION values (3785, '36', 7539, 404111.31, 5122491.66, 1440.44);
insert into STATION values (3786, '.', 7539, 404110.73, 5122491.88, 1440.42);
insert into STATION values (3787, '.', 7539, 404110.65, 5122491.13, 1440.47);
insert into STATION values (3788, '.', 7539, 404111.23, 5122491.00, 1440.48);
insert into STATION values (3789, '.', 7539, 404111.61, 5122491.25, 1440.62);
insert into STATION values (3790, '.', 7539, 404111.97, 5122491.61, 1440.71);
insert into STATION values (3791, '.', 7539, 404112.13, 5122491.94, 1440.61);
insert into STATION values (3792, '.', 7539, 404112.99, 5122492.37, 1440.63);
insert into STATION values (3793, '.', 7539, 404111.74, 5122491.36, 1441.61);
insert into STATION values (3794, '.', 7539, 404111.35, 5122491.50, 1441.84);
insert into STATION values (3795, '.', 7539, 404110.98, 5122491.79, 1441.81);
insert into STATION values (3796, '.', 7539, 404111.15, 5122491.93, 1441.27);
insert into STATION values (3797, '.', 7539, 404110.87, 5122492.12, 1440.54);
insert into STATION values (3798, '37', 7539, 404109.33, 5122489.86, 1440.69);
insert into STATION values (3799, '.', 7539, 404108.75, 5122487.12, 1442.31);
insert into STATION values (3800, '.', 7539, 404108.66, 5122486.90, 1442.41);
insert into STATION values (3801, '38', 7539, 404108.37, 5122485.16, 1443.56);
insert into STATION values (3802, '.', 7539, 404107.32, 5122485.81, 1443.65);
insert into STATION values (3803, '.', 7539, 404107.15, 5122485.37, 1443.71);
insert into STATION values (3804, '.', 7539, 404106.93, 5122484.78, 1443.76);
insert into STATION values (3805, '.', 7539, 404106.86, 5122483.90, 1443.81);
insert into STATION values (3806, '.', 7539, 404105.45, 5122483.43, 1443.74);
insert into STATION values (3807, '.', 7539, 404104.50, 5122483.34, 1443.74);
insert into STATION values (3808, '40', 7539, 404103.27, 5122481.02, 1445.71);
insert into STATION values (3809, '.', 7539, 404103.13, 5122481.15, 1445.84);
insert into STATION values (3810, '.', 7539, 404105.31, 5122482.60, 1445.37);
insert into STATION values (3811, '.', 7539, 404103.62, 5122480.75, 1446.16);
insert into STATION values (3812, '.', 7539, 404103.36, 5122480.94, 1445.97);
insert into STATION values (3813, '.', 7539, 404102.39, 5122478.73, 1445.79);
insert into STATION values (3814, '.', 7539, 404105.15, 5122482.02, 1445.77);
insert into STATION values (3815, '41', 7539, 404101.76, 5122480.26, 1443.76);
insert into STATION values (3816, '.', 7539, 404100.59, 5122480.42, 1443.24);
insert into STATION values (3817, '42', 7539, 404097.24, 5122479.71, 1441.29);
insert into STATION values (3818, '.', 7539, 404092.35, 5122479.43, 1439.30);
insert into STATION values (3819, '.', 7539, 404096.56, 5122479.33, 1441.29);
insert into STATION values (3820, '.', 7539, 404096.53, 5122480.05, 1441.33);
insert into STATION values (3821, '.', 7539, 404095.66, 5122481.69, 1441.62);
insert into STATION values (3822, '.', 7539, 404094.50, 5122481.36, 1441.90);
insert into STATION values (3823, '.', 7539, 404093.95, 5122480.83, 1441.93);
insert into STATION values (3824, '.', 7539, 404097.37, 5122480.74, 1441.37);
insert into STATION values (3825, '.', 7539, 404097.88, 5122481.48, 1441.10);
insert into STATION values (3826, '.', 7539, 404098.90, 5122482.58, 1440.87);
insert into STATION values (3827, '43', 7539, 404094.51, 5122481.07, 1441.95);
insert into STATION values (3828, '.', 7539, 404092.99, 5122480.31, 1442.15);
insert into STATION values (3829, '.', 7539, 404090.32, 5122476.24, 1443.22);
insert into STATION values (3830, '.', 7539, 404092.91, 5122478.49, 1442.74);
insert into STATION values (3831, '.', 7539, 404093.76, 5122478.85, 1442.62);
insert into STATION values (3832, '.', 7539, 404094.39, 5122479.27, 1442.38);
insert into STATION values (3833, '.', 7539, 404094.69, 5122479.53, 1442.30);
insert into STATION values (3834, '44', 7539, 404087.29, 5122475.12, 1443.90);
insert into STATION values (3835, '.', 7539, 404086.42, 5122476.55, 1443.77);
insert into STATION values (3836, '.', 7539, 404087.12, 5122475.55, 1444.65);
insert into STATION values (3837, '.', 7539, 404087.06, 5122476.00, 1444.41);
insert into STATION values (3838, '.', 7539, 404087.10, 5122475.76, 1442.58);
insert into STATION values (3839, '.', 7539, 404088.23, 5122476.31, 1443.99);
insert into STATION values (3840, '.', 7539, 404089.48, 5122477.09, 1443.64);
insert into STATION values (3841, '.', 7539, 404091.54, 5122477.68, 1442.96);
insert into STATION values (3842, '.', 7539, 404095.63, 5122480.72, 1442.01);
insert into STATION values (3843, '.', 7539, 404085.62, 5122475.35, 1443.49);
insert into STATION values (3844, '.', 7539, 404085.64, 5122475.52, 1443.51);
insert into STATION values (3845, '45', 7539, 404085.11, 5122474.60, 1445.04);
insert into STATION values (3846, '.', 7539, 404084.80, 5122473.77, 1445.03);
insert into STATION values (3847, '.', 7539, 404084.18, 5122473.96, 1444.92);
insert into STATION values (3848, '.', 7539, 404082.76, 5122473.98, 1444.95);
insert into STATION values (3849, '.', 7539, 404082.75, 5122476.05, 1444.63);
insert into STATION values (3850, '.', 7539, 404083.89, 5122476.61, 1444.66);
insert into STATION values (3851, '.', 7539, 404086.16, 5122475.66, 1444.79);
insert into STATION values (3852, '.', 7539, 404089.28, 5122475.26, 1443.44);
insert into STATION values (3853, '46', 7539, 404082.90, 5122475.79, 1444.75);
insert into STATION values (3854, '.', 7539, 404080.98, 5122477.28, 1444.00);
insert into STATION values (3855, '.', 7539, 404083.16, 5122477.00, 1445.26);
insert into STATION values (3856, '.', 7539, 404083.59, 5122475.78, 1445.00);
insert into STATION values (3857, '.', 7539, 404082.97, 5122473.52, 1444.94);
insert into STATION values (3858, '.', 7539, 404082.08, 5122473.48, 1445.89);
insert into STATION values (3859, '.', 7539, 404082.30, 5122475.01, 1445.34);
insert into STATION values (3860, '47', 7539, 404080.76, 5122475.93, 1445.75);
insert into STATION values (3861, '.', 7539, 404078.64, 5122476.04, 1446.82);
insert into STATION values (3862, '.', 7539, 404078.81, 5122473.91, 1445.36);
insert into STATION values (3863, '.', 7539, 404077.04, 5122474.44, 1444.96);
insert into STATION values (3864, '.', 7539, 404082.47, 5122474.90, 1445.69);
insert into STATION values (3865, '.', 7539, 404082.64, 5122474.11, 1445.71);
insert into STATION values (3866, '.', 7539, 404080.81, 5122475.85, 1445.13);
insert into STATION values (3867, '48', 7539, 404076.71, 5122475.78, 1443.64);
insert into STATION values (3868, '.', 7539, 404072.30, 5122477.91, 1442.11);
insert into STATION values (3869, '.', 7539, 404075.39, 5122476.55, 1443.53);
insert into STATION values (3870, '.', 7539, 404075.26, 5122476.63, 1443.81);
insert into STATION values (3871, '.', 7539, 404074.55, 5122476.92, 1444.10);
insert into STATION values (3872, '49', 7539, 404096.53, 5122480.62, 1441.59);
insert into STATION values (3873, '.', 7539, 404095.75, 5122481.69, 1441.87);
insert into STATION values (3874, '.', 7539, 404096.47, 5122480.34, 1443.09);
insert into STATION values (3875, '.', 7539, 404096.31, 5122480.92, 1442.77);
insert into STATION values (3876, '.', 7539, 404096.58, 5122480.79, 1442.00);
insert into STATION values (3877, '.', 7539, 404096.74, 5122480.30, 1441.61);
insert into STATION values (3878, '.', 7539, 404096.68, 5122480.22, 1441.72);
insert into STATION values (3879, '.', 7539, 404095.08, 5122480.52, 1441.74);
insert into STATION values (3880, '.', 7539, 404094.82, 5122478.96, 1441.95);
insert into STATION values (3881, '.', 7539, 404095.93, 5122479.63, 1441.75);
insert into STATION values (3882, '.', 7539, 404096.28, 5122479.40, 1441.69);
insert into STATION values (3883, '.', 7539, 404096.05, 5122479.83, 1441.69);
insert into STATION values (3884, '.', 7539, 404099.97, 5122485.97, 1439.97);
insert into STATION values (3885, '.', 7539, 404097.71, 5122482.41, 1441.22);
insert into STATION values (3886, '.', 7539, 404099.67, 5122483.75, 1440.99);
insert into STATION values (3887, '50', 7539, 404098.86, 5122483.46, 1440.73);
insert into STATION values (3888, '.', 7539, 404101.00, 5122486.41, 1439.86);
insert into STATION values (3889, '.', 7539, 404098.31, 5122484.10, 1440.76);
insert into STATION values (3890, '.', 7539, 404099.34, 5122484.38, 1440.59);
insert into STATION values (3891, '.', 7539, 404099.87, 5122483.41, 1440.87);
insert into STATION values (3892, '.', 7539, 404099.64, 5122482.92, 1441.08);
insert into STATION values (3893, '.', 7539, 404099.69, 5122482.89, 1440.95);
insert into STATION values (3894, '51', 7539, 404099.68, 5122485.75, 1440.05);
insert into STATION values (3895, '.', 7539, 404100.96, 5122487.96, 1440.44);
insert into STATION values (3896, '.', 7539, 404099.88, 5122485.16, 1440.16);
insert into STATION values (3897, '.', 7539, 404100.03, 5122484.43, 1440.98);
insert into STATION values (3898, '.', 7539, 404099.89, 5122484.91, 1441.20);
insert into STATION values (3899, '.', 7539, 404099.76, 5122485.16, 1440.90);
insert into STATION values (3900, '52', 7539, 404101.11, 5122485.36, 1440.78);
insert into STATION values (3901, '53', 7539, 404103.31, 5122486.47, 1440.07);
insert into STATION values (3902, '.', 7539, 404105.49, 5122487.42, 1439.39);
insert into STATION values (3903, '55', 7539, 404124.11, 5122494.09, 1441.63);
insert into STATION values (3904, '56', 7539, 404123.95, 5122495.52, 1441.40);
insert into STATION values (3905, '57', 7539, 404126.17, 5122496.38, 1441.30);
insert into STATION values (3906, '.', 7539, 404128.25, 5122497.53, 1441.27);
insert into STATION values (3907, '58', 7539, 404127.92, 5122497.01, 1441.40);
insert into STATION values (3908, '.', 7539, 404129.78, 5122497.17, 1441.21);
insert into STATION values (3909, '.', 7539, 404128.18, 5122498.03, 1442.70);
insert into STATION values (3910, '.', 7539, 404128.19, 5122498.11, 1442.77);
insert into STATION values (3911, '.', 7539, 404128.21, 5122498.23, 1442.66);
insert into STATION values (3912, '.', 7539, 404128.29, 5122498.23, 1440.82);
insert into STATION values (3913, '59', 7539, 404127.78, 5122498.88, 1440.72);
insert into STATION values (3914, '.', 7539, 404126.24, 5122481.54, 1437.15);
insert into STATION values (3915, '.', 7539, 404128.27, 5122503.47, 1441.36);
insert into STATION values (3916, '.', 7539, 404126.27, 5122481.71, 1437.24);
insert into STATION values (3917, '1', 7949, 404103.09, 5122351.61, 1437.56);
insert into STATION values (3918, '2', 7949, 404110.20, 5122353.15, 1431.86);
insert into STATION values (3919, '3', 7949, 404129.08, 5122366.43, 1427.34);
insert into STATION values (3920, '4', 7949, 404131.26, 5122357.87, 1430.04);
insert into STATION values (3921, '5', 7949, 404129.01, 5122360.20, 1430.15);
insert into STATION values (3922, '6', 7949, 404130.30, 5122354.33, 1430.47);
insert into STATION values (3923, '7', 7949, 404125.49, 5122354.36, 1432.40);
insert into STATION values (3924, '8', 7949, 404121.50, 5122355.76, 1432.68);
insert into STATION values (3925, '9', 7949, 404119.90, 5122356.02, 1432.51);
insert into STATION values (3926, '10', 7949, 404117.94, 5122356.48, 1431.92);
insert into STATION values (3927, '11', 7949, 404114.06, 5122354.08, 1430.76);
insert into STATION values (3928, '12', 7949, 404113.34, 5122353.00, 1428.00);
insert into STATION values (3929, '13', 7949, 404110.76, 5122352.86, 1426.68);
insert into STATION values (3930, '14', 7949, 404110.93, 5122352.96, 1432.73);
insert into STATION values (3931, '15', 7949, 404122.62, 5122355.68, 1427.78);
insert into STATION values (3932, '16', 7949, 404120.03, 5122352.19, 1426.45);
insert into STATION values (3933, '17', 7949, 404119.31, 5122348.73, 1424.96);
insert into STATION values (3934, '18', 7949, 404119.31, 5122348.73, 1416.46);
insert into STATION values (3935, '19', 7949, 404115.63, 5122351.26, 1415.92);
insert into STATION values (3936, '20', 7949, 404117.17, 5122354.06, 1427.19);
insert into STATION values (3937, '21', 7949, 404119.79, 5122355.31, 1425.52);
insert into STATION values (3938, '22', 7949, 404117.18, 5122353.90, 1426.73);
insert into STATION values (3939, '23', 7949, 404117.48, 5122354.19, 1426.87);
insert into STATION values (3940, '24', 7949, 404117.26, 5122353.17, 1425.64);
insert into STATION values (3941, '25', 7949, 404125.29, 5122354.89, 1428.03);
insert into STATION values (3942, '26', 7949, 404127.42, 5122354.90, 1429.52);
insert into STATION values (3943, '27', 7949, 404128.98, 5122356.23, 1429.66);
insert into STATION values (3944, '1', 8004, 404115.63, 5122351.26, 1415.92);
insert into STATION values (3945, '2', 8004, 404115.63, 5122351.26, 1406.22);
insert into STATION values (3946, '3', 8004, 404116.30, 5122349.91, 1406.59);
insert into STATION values (3947, '4', 8004, 404116.30, 5122349.91, 1401.69);
insert into STATION values (3948, '1', 8028, 404105.32, 5122325.87, 1351.73);
insert into STATION values (3949, '2', 8028, 404106.52, 5122325.66, 1350.23);
insert into STATION values (3950, '3', 8028, 404110.76, 5122328.26, 1346.48);
insert into STATION values (3951, '4', 8028, 404111.43, 5122332.23, 1346.55);
insert into STATION values (3952, '5', 8028, 404113.25, 5122332.18, 1346.71);
insert into STATION values (3953, '6', 8028, 404109.58, 5122334.09, 1347.90);
insert into STATION values (3954, '7', 8028, 404107.65, 5122341.58, 1351.03);
insert into STATION values (3955, '8', 8028, 404107.28, 5122342.22, 1352.08);
insert into STATION values (3956, '9', 8028, 404110.63, 5122349.23, 1350.98);
insert into STATION values (3957, '10', 8028, 404110.88, 5122349.66, 1355.07);
insert into STATION values (3958, '11', 8028, 404111.24, 5122349.01, 1356.47);
insert into STATION values (3959, '12', 8028, 404110.80, 5122349.43, 1358.22);
insert into STATION values (3960, '13', 8028, 404111.93, 5122351.51, 1358.72);
insert into STATION values (3961, '14', 8028, 404111.09, 5122353.05, 1359.57);
insert into STATION values (3962, '15', 8028, 404111.09, 5122353.05, 1367.16);
insert into STATION values (3963, '16', 8028, 404114.79, 5122350.00, 1369.20);
insert into STATION values (3964, '17', 8028, 404114.65, 5122350.74, 1369.30);
insert into STATION values (3965, '18', 8028, 404114.65, 5122350.74, 1398.73);
insert into STATION values (3966, '19', 8028, 404116.30, 5122349.91, 1401.69);
insert into STATION values (3967, '1', 8076, 404251.23, 5122750.68, 1777.43);
insert into STATION values (3968, '2', 8076, 404251.33, 5122750.60, 1785.24);
insert into STATION values (3969, '3', 8076, 404249.09, 5122751.50, 1785.21);
insert into STATION values (3970, '4', 8076, 404248.89, 5122753.04, 1784.76);
insert into STATION values (3971, '5', 8076, 404248.66, 5122755.26, 1785.99);
insert into STATION values (3972, '6', 8076, 404247.55, 5122756.50, 1786.51);
insert into STATION_FLAG values(3972, 'fix');
insert into STATION values (3973, '1', 8096, 404247.55, 5122756.50, 1786.51);
insert into STATION values (3974, '2', 8096, 404245.64, 5122759.87, 1786.03);
insert into STATION values (3975, '3', 8096, 404245.04, 5122761.33, 1786.01);
insert into STATION values (3976, '4', 8096, 404242.67, 5122764.78, 1786.75);
insert into STATION values (3977, '5', 8096, 404242.67, 5122764.78, 1797.71);
insert into STATION values (3978, '1', 8114, 404251.23, 5122750.68, 1777.43);
insert into STATION values (3979, '2', 8114, 404252.64, 5122750.12, 1778.43);
insert into STATION values (3980, '3', 8114, 404252.18, 5122746.99, 1778.89);
insert into STATION values (3981, '4', 8114, 404254.23, 5122744.79, 1779.27);
insert into STATION values (3982, '5', 8114, 404254.17, 5122741.89, 1777.30);
insert into STATION values (3983, '6', 8114, 404254.11, 5122741.94, 1773.03);
insert into STATION values (3984, '7', 8114, 404254.31, 5122739.59, 1772.61);
insert into STATION values (3985, '8', 8114, 404255.59, 5122737.25, 1771.47);
insert into STATION values (3986, '9', 8114, 404255.59, 5122737.25, 1741.47);
insert into STATION values (3987, '10', 8114, 404254.28, 5122735.12, 1737.14);
insert into STATION values (3988, '11', 8114, 404253.54, 5122734.05, 1737.14);
insert into STATION values (3989, '12', 8114, 404253.54, 5122734.05, 1729.78);
insert into STATION values (3990, '13', 8114, 404249.02, 5122730.58, 1729.98);
insert into STATION values (3991, '14', 8114, 404249.02, 5122730.58, 1726.88);
insert into STATION values (3992, '15', 8114, 404252.00, 5122729.92, 1726.88);
insert into STATION values (3993, '16', 8114, 404252.00, 5122729.92, 1710.83);
insert into STATION values (3994, '1', 8180, 404247.28, 5122734.21, 1756.05);
insert into STATION values (3995, '2', 8180, 404249.07, 5122734.19, 1756.43);
insert into STATION values (3996, '3', 8180, 404246.85, 5122733.04, 1755.61);
insert into STATION values (3997, '4', 8180, 404249.80, 5122734.46, 1756.61);
insert into STATION values (3998, '5', 8180, 404252.01, 5122735.27, 1757.21);
insert into STATION values (3999, '6', 8180, 404255.35, 5122737.43, 1757.61);
insert into STATION values (4000, '7', 8180, 404255.59, 5122737.25, 1771.47);
insert into STATION values (4001, '1', 8197, 404233.04, 5122719.53, 1698.13);
insert into STATION values (4002, '2', 8197, 404229.48, 5122716.00, 1694.48);
insert into STATION values (4003, '3', 8197, 404237.47, 5122721.77, 1701.23);
insert into STATION values (4004, '4', 8197, 404241.04, 5122728.71, 1709.32);
insert into STATION values (4005, '5', 8197, 404241.04, 5122728.71, 1730.26);
insert into STATION values (4006, '6', 8197, 404242.57, 5122728.64, 1732.35);
insert into STATION values (4007, '1', 8214, 404242.57, 5122728.64, 1732.35);
insert into STATION values (4008, '2', 8214, 404245.71, 5122731.09, 1735.09);
insert into STATION values (4009, '3', 8214, 404245.95, 5122730.91, 1748.89);
insert into STATION values (4010, '4', 8214, 404247.42, 5122731.78, 1752.10);
insert into STATION values (4011, '5', 8214, 404246.85, 5122733.04, 1755.61);
insert into STATION values (4012, '1', 8239, 404197.51, 5122850.08, 1736.00);
insert into STATION_FLAG values(4012, 'fix');
insert into STATION values (4013, '2', 8239, 404213.48, 5122852.01, 1736.90);
insert into STATION values (4014, '3', 8239, 404216.53, 5122856.46, 1737.67);
insert into STATION values (4015, '4', 8239, 404221.98, 5122851.21, 1738.48);
insert into STATION values (4016, '5', 8239, 404227.15, 5122846.53, 1739.47);
insert into STATION values (4017, '6', 8239, 404230.63, 5122850.14, 1740.72);
insert into STATION values (4018, '7', 8239, 404230.69, 5122850.16, 1739.15);
insert into STATION values (4019, '8', 8239, 404234.76, 5122850.60, 1740.32);
insert into STATION values (4020, '9', 8239, 404238.09, 5122848.46, 1740.55);
insert into STATION values (4021, '10', 8239, 404240.94, 5122850.55, 1740.40);
insert into STATION values (4022, '11', 8239, 404243.14, 5122849.96, 1738.52);
insert into STATION values (4023, '12', 8239, 404243.72, 5122846.85, 1736.79);
insert into STATION values (4024, '13', 8239, 404243.89, 5122846.91, 1726.73);
insert into STATION values (4025, '14', 8239, 404250.51, 5122838.41, 1731.00);
insert into STATION values (4026, '15', 8239, 404254.32, 5122835.05, 1730.68);
insert into STATION values (4027, '16', 8239, 404254.60, 5122835.14, 1716.51);
insert into STATION values (4028, '17', 8239, 404260.92, 5122830.20, 1721.61);
insert into STATION values (4029, '18', 8239, 404266.22, 5122827.53, 1715.62);
insert into STATION values (4030, '19', 8239, 404273.58, 5122825.72, 1720.18);
insert into STATION values (4031, '20', 8239, 404274.95, 5122822.87, 1720.76);
insert into STATION values (4032, '21', 8239, 404275.10, 5122822.92, 1711.39);
insert into STATION values (4033, '22', 8239, 404279.58, 5122821.62, 1722.35);
insert into STATION values (4034, '23', 8239, 404286.47, 5122819.66, 1730.13);
insert into STATION values (4035, '24', 8239, 404289.86, 5122815.28, 1729.39);
insert into STATION values (4036, '25', 8239, 404289.86, 5122815.28, 1719.39);
insert into STATION values (4037, '26', 8239, 404296.72, 5122809.58, 1727.08);
insert into STATION values (4038, '27', 8239, 404304.10, 5122807.36, 1726.85);
insert into STATION values (4039, '27', 8381, 404304.10, 5122807.36, 1726.85);
insert into STATION values (4040, '28', 8381, 404303.19, 5122802.06, 1727.61);
insert into STATION values (4041, '29', 8381, 404308.15, 5122798.28, 1718.44);
insert into STATION values (4042, '30', 8381, 404311.56, 5122795.54, 1717.28);
insert into STATION values (4043, '31', 8381, 404314.59, 5122791.06, 1717.40);
insert into STATION values (4044, '32', 8381, 404315.86, 5122790.93, 1717.92);
insert into STATION values (4045, '33', 8381, 404316.93, 5122786.87, 1717.40);
insert into STATION values (4046, '34', 8381, 404316.91, 5122784.18, 1714.49);
insert into STATION values (4047, '35', 8381, 404317.64, 5122776.11, 1711.83);
insert into STATION values (4048, '36', 8381, 404316.45, 5122772.95, 1704.55);
insert into STATION values (4049, '37', 8381, 404316.69, 5122772.49, 1698.52);
insert into STATION values (4050, '37', 8451, 404316.69, 5122772.49, 1698.52);
insert into STATION values (4051, '38', 8451, 404317.38, 5122767.35, 1702.82);
insert into STATION values (4052, '39', 8451, 404316.65, 5122761.70, 1702.77);
insert into STATION values (4053, '40', 8451, 404317.76, 5122758.19, 1697.98);
insert into STATION values (4054, '41', 8451, 404317.91, 5122754.88, 1698.48);
insert into STATION values (4055, '42', 8451, 404318.15, 5122749.72, 1693.16);
insert into STATION values (4056, '43', 8451, 404316.12, 5122750.22, 1688.49);
insert into STATION values (4057, '44', 8451, 404314.01, 5122743.46, 1690.33);
insert into STATION values (4058, '1', 8488, 404314.01, 5122743.46, 1690.33);
insert into STATION values (4059, '2', 8488, 404313.23, 5122740.48, 1689.70);
insert into STATION values (4060, '3', 8488, 404311.80, 5122739.63, 1688.70);
insert into STATION values (4061, '4', 8488, 404310.80, 5122736.47, 1688.31);
insert into STATION values (4062, '5', 8488, 404308.13, 5122736.88, 1688.05);
insert into STATION values (4063, '6', 8488, 404304.93, 5122737.03, 1687.15);
insert into STATION values (4064, '7', 8488, 404304.96, 5122737.04, 1684.49);
insert into STATION values (4065, '8', 8488, 404302.97, 5122737.00, 1686.44);
insert into STATION values (4066, '9', 8488, 404297.78, 5122736.79, 1686.11);
insert into STATION values (4067, '10', 8488, 404294.50, 5122735.42, 1686.08);
insert into STATION values (4068, '11', 8488, 404294.36, 5122733.48, 1685.89);
insert into STATION values (4069, '12', 8488, 404292.38, 5122735.47, 1687.06);
insert into STATION values (4070, '13', 8488, 404292.04, 5122737.94, 1686.60);
insert into STATION values (4071, '14', 8488, 404288.78, 5122741.34, 1686.39);
insert into STATION values (4072, '15', 8488, 404285.79, 5122742.74, 1684.01);
insert into STATION values (4073, '16', 8488, 404285.99, 5122742.83, 1665.95);
insert into STATION values (4074, '1', 8526, 404285.99, 5122742.83, 1665.95);
insert into STATION values (4075, '2', 8526, 404280.41, 5122741.06, 1666.20);
insert into STATION values (4076, '3', 8526, 404278.64, 5122739.73, 1664.28);
insert into STATION values (4077, '4', 8526, 404275.45, 5122739.14, 1665.07);
insert into STATION values (4078, '5', 8526, 404275.00, 5122735.72, 1664.98);
insert into STATION values (4079, '6', 8526, 404272.73, 5122734.57, 1664.82);
insert into STATION values (4080, '7', 8526, 404272.76, 5122734.59, 1662.11);
insert into STATION values (4081, '8', 8526, 404272.27, 5122730.86, 1658.25);
insert into STATION values (4082, '9', 8526, 404277.16, 5122719.62, 1660.64);
insert into STATION values (4083, '10', 8526, 404278.34, 5122715.90, 1659.56);
insert into STATION values (4084, '11', 8526, 404280.67, 5122711.97, 1659.04);
insert into STATION values (4085, '12', 8526, 404284.09, 5122710.40, 1658.81);
insert into STATION values (4086, '13', 8526, 404286.68, 5122708.41, 1659.59);
insert into STATION values (4087, '14', 8526, 404289.80, 5122705.24, 1658.44);
insert into STATION values (4088, '15', 8526, 404290.78, 5122701.22, 1658.62);
insert into STATION values (4089, '16', 8526, 404292.85, 5122699.58, 1658.04);
insert into STATION values (4090, '17', 8526, 404294.34, 5122700.08, 1654.07);
insert into STATION values (4091, '18', 8526, 404296.70, 5122704.73, 1653.48);
insert into STATION values (4092, '19', 8526, 404299.89, 5122701.92, 1652.77);
insert into STATION values (4093, '20', 8526, 404299.56, 5122697.68, 1652.59);
insert into STATION values (4094, '21', 8526, 404302.41, 5122695.64, 1651.94);
insert into STATION values (4095, '22', 8526, 404303.84, 5122693.24, 1652.51);
insert into STATION values (4096, '23', 8526, 404303.61, 5122690.85, 1652.32);
insert into STATION values (4097, '24', 8526, 404301.49, 5122690.34, 1651.45);
insert into STATION values (4098, '25', 8526, 404304.02, 5122686.23, 1649.25);
insert into STATION values (4099, '26', 8526, 404305.71, 5122684.53, 1648.90);
insert into STATION values (4100, '27', 8526, 404306.04, 5122682.33, 1648.19);
insert into STATION values (4101, '28', 8526, 404308.69, 5122678.20, 1645.86);
insert into STATION values (4102, '29', 8526, 404311.03, 5122674.93, 1643.86);
insert into STATION values (4103, '30', 8526, 404307.29, 5122674.64, 1643.70);
insert into STATION values (4104, '31', 8526, 404304.51, 5122675.43, 1642.99);
insert into STATION values (4105, '32', 8526, 404302.52, 5122675.39, 1641.07);
insert into STATION values (4106, '33', 8526, 404300.47, 5122676.44, 1641.63);
insert into STATION values (4107, '34', 8526, 404299.12, 5122675.13, 1641.06);
insert into STATION values (4108, '35', 8526, 404300.92, 5122674.12, 1641.29);
insert into STATION values (4109, '36', 8526, 404298.23, 5122673.05, 1639.12);
insert into STATION values (4110, '37', 8526, 404298.44, 5122670.91, 1638.18);
insert into STATION values (4111, '38', 8526, 404300.96, 5122669.18, 1638.26);
insert into STATION values (4112, '39', 8526, 404304.02, 5122667.58, 1638.77);
insert into STATION values (4113, '40', 8526, 404302.74, 5122666.34, 1637.94);
insert into STATION values (4114, '41', 8526, 404303.27, 5122665.09, 1638.24);
insert into STATION values (4115, '42', 8526, 404300.83, 5122661.72, 1637.38);
insert into STATION values (4116, '43', 8526, 404298.13, 5122657.83, 1636.66);
insert into STATION values (4117, '44', 8526, 404297.26, 5122655.73, 1636.96);
insert into STATION values (4118, '45', 8526, 404296.66, 5122654.35, 1637.47);
insert into STATION values (4119, '46', 8526, 404293.75, 5122654.64, 1637.65);
insert into STATION values (4120, '47', 8526, 404291.81, 5122653.62, 1636.49);
insert into STATION values (4121, '48', 8526, 404289.99, 5122654.25, 1635.38);
insert into STATION values (4122, '49', 8526, 404288.26, 5122651.22, 1632.02);
insert into STATION values (4123, '50', 8526, 404280.86, 5122654.24, 1633.49);
insert into STATION values (4124, '2', 8631, 404277.63, 5122657.77, 1634.27);
insert into STATION values (4125, '1', 8631, 404280.86, 5122654.24, 1633.49);
insert into STATION values (4126, '3', 8631, 404271.46, 5122658.11, 1633.80);
insert into STATION values (4127, '4', 8631, 404264.96, 5122656.89, 1625.23);
insert into STATION values (4128, '5', 8631, 404258.05, 5122647.51, 1618.31);
insert into STATION values (4129, '6', 8631, 404263.66, 5122641.43, 1617.59);
insert into STATION values (4130, '7', 8631, 404259.07, 5122623.03, 1608.23);
insert into STATION values (4131, '8', 8631, 404237.16, 5122625.93, 1611.47);
insert into STATION values (4132, '1', 8635, 404282.27, 5122622.88, 1587.03);
insert into STATION values (4133, '2', 8635, 404282.76, 5122631.35, 1578.83);
insert into STATION values (4134, '3', 8635, 404282.96, 5122631.32, 1601.29);
insert into STATION values (4135, '4', 8635, 404282.10, 5122633.95, 1603.77);
insert into STATION values (4136, '5', 8635, 404279.02, 5122636.07, 1604.34);
insert into STATION values (4137, '6', 8635, 404275.92, 5122635.58, 1607.50);
insert into STATION values (4138, '7', 8635, 404277.66, 5122636.60, 1610.78);
insert into STATION values (4139, '8', 8635, 404273.34, 5122637.15, 1610.36);
insert into STATION values (4140, '9', 8635, 404274.25, 5122638.87, 1616.58);
insert into STATION values (4141, '10', 8635, 404275.19, 5122639.53, 1617.67);
insert into STATION values (4142, '11', 8635, 404275.84, 5122638.39, 1619.73);
insert into STATION values (4143, '12', 8635, 404275.56, 5122639.05, 1621.03);
insert into STATION values (4144, '13', 8635, 404275.46, 5122641.80, 1620.87);
insert into STATION values (4145, '14', 8635, 404275.18, 5122642.41, 1621.47);
insert into STATION values (4146, '15', 8635, 404275.98, 5122643.08, 1623.47);
insert into STATION values (4147, '16', 8635, 404277.42, 5122647.07, 1626.29);
insert into STATION values (4148, '17', 8635, 404278.08, 5122649.23, 1625.88);
insert into STATION values (4149, '18', 8635, 404281.68, 5122650.37, 1626.38);
insert into STATION values (4150, '19', 8635, 404283.66, 5122652.91, 1631.24);
insert into STATION values (4151, '20', 8635, 404280.86, 5122654.24, 1633.49);
insert into STATION values (4152, '101', 8706, 404382.28, 5122818.87, 1720.63);
insert into STATION values (4153, '102', 8706, 404386.51, 5122813.08, 1713.95);
insert into STATION values (4154, '103', 8706, 404392.36, 5122807.47, 1708.27);
insert into STATION values (4155, '104', 8706, 404391.61, 5122800.11, 1708.27);
insert into STATION values (4156, '105', 8706, 404391.61, 5122800.11, 1744.57);
insert into STATION values (4157, '1', 8706, 404388.55, 5122799.22, 1750.57);
insert into STATION values (4158, '2', 8706, 404383.72, 5122801.87, 1755.36);
insert into STATION values (4159, '3', 8706, 404380.31, 5122800.88, 1755.92);
insert into STATION values (4160, '4', 8706, 404375.03, 5122803.21, 1757.58);
insert into STATION values (4161, '5', 8706, 404367.61, 5122804.36, 1758.77);
insert into STATION values (4162, '6', 8706, 404363.39, 5122803.53, 1758.62);
insert into STATION values (4163, '7', 8706, 404364.25, 5122797.60, 1758.20);
insert into STATION values (4164, '8', 8706, 404364.94, 5122795.71, 1757.62);
insert into STATION values (4165, '9', 8706, 404361.85, 5122795.59, 1757.51);
insert into STATION values (4166, '10', 8706, 404360.01, 5122795.13, 1758.16);
insert into STATION values (4167, '11', 8706, 404355.67, 5122794.73, 1758.70);
insert into STATION values (4168, '12', 8706, 404356.88, 5122792.37, 1759.17);
insert into STATION values (4169, '13', 8706, 404351.69, 5122790.56, 1758.98);
insert into STATION values (4170, '14', 8706, 404348.25, 5122791.93, 1759.83);
insert into STATION values (4171, '15', 8706, 404345.37, 5122791.67, 1759.68);
insert into STATION values (4172, '16', 8706, 404345.17, 5122787.63, 1757.96);
insert into STATION values (4173, '17', 8706, 404341.41, 5122784.67, 1757.54);
insert into STATION values (4174, '18', 8706, 404334.95, 5122785.33, 1757.65);
insert into STATION values (4175, '19', 8706, 404331.15, 5122793.79, 1760.14);
insert into STATION values (4176, '20', 8706, 404327.73, 5122794.50, 1759.83);
insert into STATION values (4177, '21', 8706, 404326.13, 5122795.98, 1760.10);
insert into STATION values (4178, '22', 8706, 404322.12, 5122796.90, 1758.27);
insert into STATION values (4179, '23', 8706, 404320.30, 5122795.06, 1748.61);
insert into STATION values (4180, '24', 8706, 404317.97, 5122797.72, 1752.15);
insert into STATION values (4181, '25', 8706, 404315.08, 5122801.67, 1753.19);
insert into STATION values (4182, '26', 8706, 404312.42, 5122802.79, 1751.59);
insert into STATION values (4183, '27', 8706, 404304.10, 5122807.36, 1726.85);
insert into STATION values (4184, '1', 8763, 404227.87, 5122660.06, 1604.12);
insert into STATION values (4185, '2', 8763, 404230.81, 5122663.80, 1600.41);
insert into STATION values (4186, '3', 8763, 404227.80, 5122660.11, 1596.96);
insert into STATION values (4187, '4', 8763, 404234.32, 5122658.62, 1606.27);
insert into STATION values (4188, '5', 8763, 404236.74, 5122654.81, 1610.85);
insert into STATION values (4189, '6', 8763, 404236.23, 5122652.91, 1613.87);
insert into STATION values (4190, '7', 8763, 404238.67, 5122650.76, 1615.76);
insert into STATION values (4191, '8', 8763, 404239.08, 5122652.59, 1618.41);
insert into STATION values (4192, '9', 8763, 404241.45, 5122652.32, 1620.03);
insert into STATION values (4193, '10', 8763, 404243.11, 5122649.14, 1620.30);
insert into STATION values (4194, '11', 8763, 404241.62, 5122645.81, 1618.94);
insert into STATION values (4195, '12', 8763, 404242.56, 5122638.61, 1611.85);
insert into STATION values (4196, '13', 8763, 404252.05, 5122625.11, 1610.79);
insert into STATION values (4197, '14', 8763, 404259.07, 5122623.03, 1608.23);
insert into STATION values (4198, '15', 8763, 404262.68, 5122628.08, 1605.49);
insert into STATION values (4199, '16', 8763, 404262.87, 5122629.87, 1603.02);
insert into STATION values (4200, '17', 8763, 404261.09, 5122628.89, 1600.84);
insert into STATION values (4201, '18', 8763, 404258.20, 5122629.01, 1600.13);
insert into STATION values (4202, '19', 8763, 404253.65, 5122626.57, 1598.16);
insert into STATION values (4203, '20', 8763, 404250.06, 5122623.38, 1594.86);
insert into STATION values (4204, '21', 8763, 404246.31, 5122619.67, 1592.04);
insert into STATION values (4205, '22', 8763, 404245.96, 5122619.77, 1589.45);
insert into STATION values (4206, '23', 8763, 404242.22, 5122617.58, 1587.28);
insert into STATION values (4207, '24', 8763, 404244.69, 5122612.49, 1586.41);
insert into STATION values (4208, '25', 8763, 404238.36, 5122611.12, 1589.41);
insert into STATION values (4209, '1', 8863, 404266.67, 5122644.14, 1672.74);
insert into STATION values (4210, '2', 8863, 404265.57, 5122644.60, 1672.80);
insert into STATION values (4211, '3', 8863, 404265.57, 5122644.60, 1642.70);
insert into STATION values (4212, '4', 8863, 404269.31, 5122646.85, 1676.51);
insert into STATION values (4213, '5', 8863, 404273.32, 5122646.90, 1677.15);
insert into STATION values (4214, '6', 8863, 404276.00, 5122650.29, 1677.83);
insert into STATION values (4215, '7', 8863, 404274.81, 5122653.80, 1678.22);
insert into STATION values (4216, '8', 8863, 404279.36, 5122653.22, 1678.79);
insert into STATION values (4217, '9', 8863, 404282.01, 5122655.12, 1680.17);
insert into STATION values (4218, '10', 8863, 404281.27, 5122658.16, 1682.05);
insert into STATION values (4219, '11', 8863, 404283.69, 5122657.07, 1682.10);
insert into STATION values (4220, '12', 8863, 404289.83, 5122661.02, 1683.25);
insert into STATION values (4221, '13', 8863, 404289.83, 5122661.02, 1721.75);
insert into STATION values (4222, '14', 8863, 404295.62, 5122644.73, 1691.23);
insert into STATION values (4223, '15', 8863, 404292.09, 5122648.30, 1691.05);
insert into STATION values (4224, '16', 8863, 404287.46, 5122655.24, 1682.71);
insert into STATION values (4225, '17', 8863, 404292.27, 5122667.62, 1687.57);
insert into STATION values (4226, '18', 8863, 404293.60, 5122669.96, 1688.06);
insert into STATION values (4227, '19', 8863, 404297.29, 5122676.52, 1689.70);
insert into STATION values (4228, '20', 8863, 404299.00, 5122678.34, 1690.18);
insert into STATION values (4229, '21', 8863, 404302.34, 5122673.86, 1690.57);
insert into STATION values (4230, '22', 8863, 404289.02, 5122696.15, 1692.77);
insert into STATION values (4231, '23', 8863, 404289.44, 5122701.72, 1694.07);
insert into STATION values (4232, '24', 8863, 404283.48, 5122710.00, 1695.69);
insert into STATION values (4233, '25', 8863, 404279.78, 5122712.82, 1696.51);
insert into STATION values (4234, '26', 8863, 404279.78, 5122712.82, 1679.76);
insert into STATION values (4235, '27', 8863, 404292.12, 5122701.26, 1694.42);
insert into STATION values (4236, '28', 8863, 404292.14, 5122704.20, 1694.84);
insert into STATION values (4237, '29', 8863, 404296.09, 5122707.19, 1696.68);
insert into STATION values (4238, '30', 8863, 404297.34, 5122711.16, 1697.97);
insert into STATION values (4239, '31', 8863, 404303.39, 5122712.63, 1699.57);
insert into STATION values (4240, '32', 8863, 404302.32, 5122714.67, 1699.81);
insert into STATION values (4241, '33', 8863, 404300.73, 5122715.68, 1696.05);
insert into STATION values (4242, '34', 8863, 404303.22, 5122720.68, 1696.76);
insert into STATION values (4243, '35', 8863, 404300.78, 5122724.20, 1699.53);
insert into STATION values (4244, '36', 8863, 404302.57, 5122729.59, 1701.29);
insert into STATION values (4245, '37', 8863, 404304.06, 5122732.44, 1702.61);
insert into STATION values (4246, '38', 8863, 404302.52, 5122733.66, 1703.10);
insert into STATION values (4247, '39', 8863, 404306.59, 5122759.67, 1710.02);
insert into STATION values (4248, '40', 8863, 404308.90, 5122767.67, 1711.83);
insert into STATION values (4249, '41', 8863, 404310.63, 5122768.67, 1712.42);
insert into STATION values (4250, '42', 8863, 404314.12, 5122776.83, 1714.03);
insert into STATION values (4251, '43', 8863, 404316.35, 5122775.75, 1712.53);
insert into STATION values (4252, '44', 8863, 404317.64, 5122776.11, 1711.83);
insert into STATION values (4253, '45', 8863, 404317.57, 5122782.32, 1713.74);
insert into STATION values (4254, '46', 8863, 404317.90, 5122785.27, 1716.36);
insert into STATION values (4255, '47', 8863, 404317.52, 5122789.19, 1717.62);
insert into STATION values (4256, '48', 8863, 404314.99, 5122790.56, 1716.79);
insert into STATION values (4257, '49', 8863, 404313.02, 5122791.93, 1717.05);
insert into STATION values (4258, '50', 8863, 404311.20, 5122795.52, 1717.50);
insert into STATION values (4259, '51', 8863, 404307.92, 5122798.40, 1718.05);
insert into STATION values (4260, '52', 8863, 404307.37, 5122802.86, 1729.77);
insert into STATION values (4261, '53', 8863, 404304.10, 5122807.36, 1726.85);
insert into STATION values (4262, '0', 9040, 404313.02, 5122791.93, 1717.05);
insert into STATION values (4263, '.', 9040, 404314.93, 5122792.16, 1716.93);
insert into STATION values (4264, '.', 9040, 404314.96, 5122792.55, 1717.07);
insert into STATION values (4265, '.', 9040, 404313.12, 5122794.25, 1717.06);
insert into STATION values (4266, '.', 9040, 404313.95, 5122793.72, 1717.81);
insert into STATION values (4267, '.', 9040, 404314.16, 5122793.78, 1720.98);
insert into STATION values (4268, '.', 9040, 404314.69, 5122792.05, 1718.58);
insert into STATION values (4269, '1', 9040, 404314.02, 5122794.23, 1717.37);
insert into STATION values (4270, '.', 9040, 404314.97, 5122796.34, 1717.81);
insert into STATION values (4271, '.', 9040, 404313.49, 5122794.74, 1717.27);
insert into STATION values (4272, '.', 9040, 404312.58, 5122793.61, 1717.63);
insert into STATION values (4273, '.', 9040, 404314.58, 5122793.52, 1717.44);
insert into STATION values (4274, '.', 9040, 404313.05, 5122791.49, 1717.59);
insert into STATION values (4275, '.', 9040, 404314.25, 5122791.94, 1717.43);
insert into STATION values (4276, '2', 9040, 404314.96, 5122796.21, 1717.97);
insert into STATION values (4277, '.', 9040, 404314.59, 5122796.57, 1717.97);
insert into STATION values (4278, '.', 9040, 404312.57, 5122797.29, 1718.05);
insert into STATION values (4279, '.', 9040, 404313.82, 5122796.16, 1718.00);
insert into STATION values (4280, '.', 9040, 404314.37, 5122796.18, 1718.23);
insert into STATION values (4281, '.', 9040, 404314.04, 5122796.21, 1717.62);
insert into STATION values (4282, '.', 9040, 404314.08, 5122795.03, 1717.90);
insert into STATION values (4283, '.', 9040, 404314.68, 5122795.41, 1718.21);
insert into STATION values (4284, '.', 9040, 404313.52, 5122793.41, 1716.42);
insert into STATION values (4285, '.', 9040, 404315.31, 5122795.36, 1718.25);
insert into STATION values (4286, '.', 9040, 404315.31, 5122795.31, 1718.54);
insert into STATION values (4287, '3', 9040, 404312.66, 5122797.45, 1718.15);
insert into STATION values (4288, '.', 9040, 404313.21, 5122797.80, 1717.76);
insert into STATION values (4289, '.', 9040, 404314.01, 5122797.91, 1718.29);
insert into STATION values (4290, '.', 9040, 404313.26, 5122797.78, 1718.71);
insert into STATION values (4291, '.', 9040, 404312.68, 5122797.53, 1718.34);
insert into STATION values (4292, '.', 9040, 404312.86, 5122797.26, 1718.57);
insert into STATION values (4293, '4', 9040, 404316.29, 5122802.99, 1719.46);
insert into STATION values (4294, '.', 9040, 404319.87, 5122808.42, 1720.81);
insert into STATION values (4295, '4A', 9040, 404319.84, 5122808.43, 1720.86);
insert into STATION values (4296, '.', 9040, 404316.25, 5122804.60, 1719.88);
insert into STATION values (4297, '.', 9040, 404315.73, 5122803.64, 1719.58);
insert into STATION values (4298, '.', 9040, 404315.05, 5122803.00, 1719.39);
insert into STATION values (4299, '.', 9040, 404315.55, 5122803.04, 1719.81);
insert into STATION values (4300, '.', 9040, 404315.26, 5122802.12, 1719.37);
insert into STATION values (4301, '.', 9040, 404315.67, 5122802.00, 1719.60);
insert into STATION values (4302, '.', 9040, 404315.98, 5122803.22, 1720.69);
insert into STATION values (4303, '.', 9040, 404317.01, 5122802.28, 1720.95);
insert into STATION values (4304, '.', 9040, 404316.18, 5122802.14, 1720.33);
insert into STATION values (4305, '.', 9040, 404316.96, 5122802.65, 1720.86);
insert into STATION values (4306, '.', 9040, 404316.71, 5122803.07, 1721.08);
insert into STATION values (4307, '5', 9040, 404320.29, 5122808.50, 1722.55);
insert into STATION values (4308, '.', 9040, 404320.79, 5122808.57, 1724.23);
insert into STATION values (4309, '.', 9040, 404320.03, 5122808.37, 1722.54);
insert into STATION values (4310, '.', 9040, 404319.39, 5122808.27, 1721.60);
insert into STATION values (4311, '.', 9040, 404320.09, 5122808.53, 1721.00);
insert into STATION values (4312, '.', 9040, 404320.76, 5122809.34, 1722.54);
insert into STATION values (4313, '.', 9040, 404320.17, 5122807.98, 1721.92);
insert into STATION values (4314, '.', 9040, 404319.65, 5122811.92, 1723.23);
insert into STATION values (4315, '.', 9040, 404320.64, 5122811.94, 1723.20);
insert into STATION values (4316, '6', 9040, 404319.90, 5122810.67, 1722.98);
insert into STATION values (4317, '.', 9040, 404320.74, 5122810.99, 1722.96);
insert into STATION values (4318, '.', 9040, 404321.73, 5122812.37, 1723.29);
insert into STATION values (4319, '.', 9040, 404320.33, 5122811.85, 1723.21);
insert into STATION values (4320, '.', 9040, 404320.33, 5122811.68, 1723.56);
insert into STATION values (4321, '.', 9040, 404320.46, 5122811.77, 1722.56);
insert into STATION values (4322, '.', 9040, 404319.34, 5122811.30, 1723.06);
insert into STATION values (4323, '.', 9040, 404319.82, 5122812.29, 1723.48);
insert into STATION values (4324, '.', 9040, 404322.63, 5122815.18, 1723.17);
insert into STATION values (4325, '7', 9040, 404322.88, 5122814.58, 1723.24);
insert into STATION values (4326, '.', 9040, 404323.85, 5122814.26, 1723.84);
insert into STATION values (4327, '.', 9040, 404322.83, 5122814.29, 1723.47);
insert into STATION values (4328, '.', 9040, 404323.20, 5122815.13, 1723.74);
insert into STATION values (4329, '8', 9040, 404322.95, 5122814.54, 1723.93);
insert into STATION values (4330, '.', 9040, 404323.04, 5122814.49, 1724.61);
insert into STATION values (4331, '.', 9040, 404323.36, 5122815.31, 1724.74);
insert into STATION values (4332, '.', 9040, 404323.86, 5122816.15, 1724.06);
insert into STATION values (4333, '.', 9040, 404322.96, 5122815.52, 1724.15);
insert into STATION values (4334, '.', 9040, 404324.39, 5122815.47, 1724.34);
insert into STATION values (4335, '.', 9040, 404323.93, 5122814.50, 1724.12);
insert into STATION values (4336, '.', 9040, 404322.51, 5122814.70, 1724.02);
insert into STATION values (4337, '9', 9040, 404325.65, 5122821.34, 1725.68);
insert into STATION values (4338, '.', 9040, 404325.43, 5122822.45, 1727.18);
insert into STATION values (4339, '.', 9040, 404324.16, 5122822.38, 1726.77);
insert into STATION values (4340, '.', 9040, 404326.31, 5122821.82, 1727.20);
insert into STATION values (4341, '.', 9040, 404326.72, 5122821.33, 1726.39);
insert into STATION values (4342, '.', 9040, 404326.22, 5122820.85, 1726.05);
insert into STATION values (4343, '.', 9040, 404325.25, 5122820.82, 1726.06);
insert into STATION values (4344, '.', 9040, 404325.73, 5122820.69, 1725.95);
insert into STATION values (4345, '.', 9040, 404324.94, 5122823.49, 1725.69);
insert into STATION values (4346, '.', 9040, 404325.90, 5122822.11, 1725.84);
insert into STATION values (4347, '10', 9040, 404325.95, 5122826.19, 1726.54);
insert into STATION values (4348, '.', 9040, 404324.74, 5122825.50, 1726.83);
insert into STATION values (4349, '.', 9040, 404325.55, 5122825.60, 1727.66);
insert into STATION values (4350, '.', 9040, 404325.57, 5122825.38, 1728.57);
insert into STATION values (4351, '.', 9040, 404326.72, 5122825.94, 1727.03);
insert into STATION values (4352, '.', 9040, 404326.10, 5122825.08, 1727.22);
insert into STATION values (4353, '.', 9040, 404325.94, 5122826.00, 1727.55);
insert into STATION values (4354, '.', 9040, 404323.96, 5122826.54, 1727.25);
insert into STATION values (4355, '.', 9040, 404323.18, 5122827.91, 1728.04);
insert into STATION values (4356, '.', 9040, 404323.19, 5122827.37, 1727.98);
insert into STATION values (4357, '11', 9040, 404323.34, 5122827.25, 1727.95);
insert into STATION values (4358, '.', 9040, 404320.80, 5122828.53, 1729.30);
insert into STATION values (4359, '.', 9040, 404324.27, 5122826.70, 1728.06);
insert into STATION values (4360, '.', 9040, 404324.65, 5122827.64, 1728.13);
insert into STATION values (4361, '.', 9040, 404323.23, 5122827.63, 1728.53);
insert into STATION values (4362, '.', 9040, 404323.64, 5122827.55, 1728.48);
insert into STATION values (4363, '.', 9040, 404325.41, 5122826.85, 1728.68);
insert into STATION values (4364, '.', 9040, 404325.88, 5122826.97, 1728.59);
insert into STATION values (4365, '.', 9040, 404324.91, 5122826.53, 1728.48);
insert into STATION values (4366, '.', 9040, 404325.19, 5122826.41, 1728.57);
insert into STATION values (4367, '11A', 9040, 404325.22, 5122826.39, 1728.58);
insert into STATION values (4368, '.', 9040, 404324.93, 5122826.52, 1728.49);
insert into STATION values (4369, '.', 9040, 404323.87, 5122827.49, 1728.14);
insert into STATION values (4370, '.', 9040, 404323.53, 5122828.16, 1728.13);
insert into STATION values (4371, '12', 9040, 404326.91, 5122828.05, 1729.18);
insert into STATION values (4372, '.', 9040, 404328.62, 5122829.67, 1729.90);
insert into STATION values (4373, '.', 9040, 404327.53, 5122828.09, 1729.32);
insert into STATION values (4374, '.', 9040, 404327.67, 5122828.45, 1730.21);
insert into STATION values (4375, '.', 9040, 404328.11, 5122827.27, 1729.49);
insert into STATION values (4376, '.', 9040, 404327.56, 5122827.75, 1730.06);
insert into STATION values (4377, '.', 9040, 404326.97, 5122827.24, 1729.52);
insert into STATION values (4378, '.', 9040, 404326.99, 5122827.25, 1729.53);
insert into STATION values (4379, '.', 9040, 404326.97, 5122827.25, 1729.54);
insert into STATION values (4380, '.', 9040, 404327.70, 5122830.60, 1730.15);
insert into STATION values (4381, '.', 9040, 404328.72, 5122830.72, 1730.68);
insert into STATION values (4382, '.', 9040, 404327.62, 5122828.70, 1729.62);
insert into STATION values (4383, '.', 9040, 404328.06, 5122830.37, 1729.67);
insert into STATION values (4384, '13', 9040, 404329.80, 5122832.27, 1731.01);
insert into STATION values (4385, '.', 9040, 404332.76, 5122836.55, 1732.86);
insert into STATION values (4386, '.', 9040, 404330.03, 5122832.14, 1731.42);
insert into STATION values (4387, '.', 9040, 404331.11, 5122832.19, 1731.20);
insert into STATION values (4388, '.', 9040, 404330.66, 5122831.83, 1731.04);
insert into STATION values (4389, '.', 9040, 404330.13, 5122831.73, 1731.43);
insert into STATION values (4390, '.', 9040, 404333.28, 5122830.35, 1731.49);
insert into STATION values (4391, '.', 9040, 404334.26, 5122831.00, 1731.55);
insert into STATION values (4392, '13A', 9040, 404334.28, 5122830.97, 1731.53);
insert into STATION values (4393, '.', 9040, 404332.19, 5122831.58, 1731.28);
insert into STATION values (4394, '.', 9040, 404332.52, 5122831.48, 1731.33);
insert into STATION values (4395, '13B', 9040, 404337.00, 5122830.18, 1731.85);
insert into STATION values (4396, '14', 9040, 404341.49, 5122828.87, 1732.40);
insert into STATION values (4397, '.', 9040, 404341.90, 5122828.55, 1732.87);
insert into STATION values (4398, '.', 9040, 404342.01, 5122828.92, 1732.85);
insert into STATION values (4399, '.', 9040, 404341.16, 5122828.51, 1732.50);
insert into STATION values (4400, '.', 9040, 404341.52, 5122828.62, 1732.16);
insert into STATION values (4401, '.', 9040, 404342.20, 5122828.11, 1733.00);
insert into STATION values (4402, '15', 9040, 404343.75, 5122826.91, 1732.97);
insert into STATION values (4403, '.', 9040, 404344.72, 5122827.83, 1732.91);
insert into STATION values (4404, '.', 9040, 404344.05, 5122827.25, 1732.54);
insert into STATION values (4405, '.', 9040, 404344.88, 5122826.91, 1733.07);
insert into STATION values (4406, '.', 9040, 404343.71, 5122826.97, 1732.44);
insert into STATION values (4407, '.', 9040, 404343.12, 5122827.88, 1732.98);
insert into STATION values (4408, '.', 9040, 404345.92, 5122830.77, 1734.81);
insert into STATION values (4409, '15A', 9040, 404345.89, 5122830.80, 1734.81);
insert into STATION values (4410, '.', 9040, 404347.04, 5122832.97, 1735.81);
insert into STATION values (4411, '16', 9040, 404348.03, 5122834.67, 1736.64);
insert into STATION values (4412, '.', 9040, 404347.81, 5122833.87, 1736.97);
insert into STATION values (4413, '.', 9040, 404348.01, 5122834.51, 1737.37);
insert into STATION values (4414, '.', 9040, 404347.01, 5122834.28, 1737.20);
insert into STATION values (4415, '.', 9040, 404346.90, 5122835.74, 1737.58);
insert into STATION values (4416, '.', 9040, 404348.02, 5122836.16, 1738.46);
insert into STATION values (4417, '.', 9040, 404349.18, 5122837.00, 1738.65);
insert into STATION values (4418, '.', 9040, 404348.95, 5122836.38, 1736.07);
insert into STATION values (4419, '.', 9040, 404348.54, 5122836.72, 1735.19);
insert into STATION values (4420, '.', 9040, 404347.95, 5122835.35, 1735.94);
insert into STATION values (4421, '.', 9040, 404350.10, 5122836.57, 1737.65);
insert into STATION values (4422, '17', 9040, 404349.39, 5122836.01, 1738.75);
insert into STATION values (4423, '.', 9040, 404349.44, 5122835.95, 1736.42);
insert into STATION values (4424, '.', 9040, 404349.57, 5122834.88, 1738.58);
insert into STATION values (4425, '.', 9040, 404349.11, 5122836.95, 1738.79);
insert into STATION values (4426, '.', 9040, 404351.73, 5122840.84, 1744.76);
insert into STATION values (4427, '.', 9040, 404351.95, 5122841.41, 1745.41);
insert into STATION values (4428, '18', 9040, 404351.60, 5122840.85, 1744.64);
insert into STATION values (4429, '.', 9040, 404353.29, 5122832.71, 1742.00);
insert into STATION values (4430, '.', 9040, 404353.58, 5122832.29, 1742.29);
insert into STATION values (4431, '19', 9040, 404355.83, 5122837.20, 1748.32);
insert into STATION values (4432, '.', 9040, 404352.11, 5122833.64, 1741.14);
insert into STATION values (4433, '.', 9040, 404353.54, 5122832.44, 1742.45);
insert into STATION values (4434, '0', 9113, 404241.55, 5122634.53, 1617.41);
insert into STATION values (4435, '-', 9113, 404245.82, 5122627.14, 1639.76);
insert into STATION values (4436, '-', 9113, 404229.74, 5122621.00, 1619.62);
insert into STATION values (4437, '-', 9113, 404238.92, 5122636.32, 1617.66);
insert into STATION values (4438, '-', 9113, 404254.63, 5122647.23, 1618.27);
insert into STATION values (4439, '1', 9113, 404264.65, 5122647.09, 1636.38);
insert into STATION values (4440, '-', 9113, 404286.86, 5122658.24, 1658.37);
insert into STATION values (4441, '-', 9113, 404264.39, 5122661.02, 1635.36);
insert into STATION values (4442, '-', 9113, 404262.58, 5122659.78, 1651.71);
insert into STATION values (4443, '-', 9113, 404259.04, 5122629.96, 1638.37);
insert into STATION values (4444, '-', 9113, 404242.84, 5122637.57, 1635.55);
insert into STATION values (4445, '-', 9113, 404254.81, 5122652.17, 1635.78);
insert into STATION values (4446, '-', 9113, 404257.33, 5122649.23, 1621.85);
insert into STATION values (4447, '-', 9113, 404253.17, 5122633.12, 1613.97);
insert into STATION values (4448, '-', 9113, 404245.07, 5122643.15, 1620.49);
insert into STATION values (4449, '2', 9113, 404264.60, 5122647.06, 1666.19);
insert into STATION values (4450, '-', 9113, 404265.61, 5122647.90, 1674.12);
insert into STATION values (4451, '-', 9113, 404264.94, 5122653.33, 1666.68);
insert into STATION values (4452, '-', 9113, 404264.42, 5122655.15, 1675.60);
insert into STATION values (4453, '-', 9113, 404258.73, 5122651.96, 1694.92);
insert into STATION values (4454, '-', 9113, 404259.97, 5122644.52, 1690.85);
insert into STATION values (4455, '-', 9113, 404262.42, 5122640.52, 1671.52);
insert into STATION values (4456, '-', 9113, 404253.28, 5122638.63, 1671.53);
insert into STATION values (4457, '-', 9113, 404264.18, 5122647.03, 1666.25);
insert into STATION values (4458, '-', 9113, 404262.05, 5122642.70, 1662.62);
insert into STATION values (4459, '-', 9113, 404259.12, 5122654.53, 1639.89);
insert into STATION values (4460, '-', 9113, 404255.90, 5122653.39, 1657.85);
insert into STATION values (4461, '-', 9113, 404264.68, 5122647.03, 1666.75);
insert into STATION values (4462, '3', 9113, 404265.13, 5122646.64, 1672.62);
insert into STATION values (4463, '-', 9113, 404264.82, 5122646.82, 1673.00);
insert into STATION values (4464, '-', 9113, 404271.14, 5122647.27, 1676.57);
insert into STATION values (4465, '-', 9113, 404265.79, 5122647.40, 1672.77);
insert into STATION values (4466, '-', 9113, 404254.60, 5122648.03, 1668.75);
insert into STATION values (4467, '-', 9113, 404249.84, 5122649.57, 1647.31);
insert into STATION values (4468, '-', 9113, 404256.74, 5122655.58, 1656.11);
insert into STATION values (4469, '-', 9113, 404251.37, 5122649.35, 1630.69);
insert into STATION values (4470, '4', 9113, 404267.50, 5122645.87, 1673.45);
insert into STATION values (4471, '-', 9113, 404267.38, 5122645.46, 1673.50);
insert into STATION values (4472, '-', 9113, 404266.32, 5122646.40, 1673.75);
insert into STATION values (4473, '-', 9113, 404254.66, 5122649.56, 1668.27);
insert into STATION values (4474, '-', 9113, 404254.71, 5122650.11, 1665.74);
insert into STATION values (4475, '-', 9113, 404265.36, 5122646.02, 1672.66);
insert into STATION values (4476, '-', 9113, 404265.63, 5122647.12, 1672.73);
insert into STATION values (4477, '-', 9113, 404266.77, 5122647.94, 1674.47);
insert into STATION values (4478, '-', 9113, 404267.40, 5122646.78, 1674.43);
insert into STATION values (4479, '-', 9113, 404271.26, 5122647.60, 1677.02);
insert into STATION values (4480, '-', 9113, 404269.53, 5122647.49, 1676.74);
insert into STATION values (4481, '-', 9113, 404269.34, 5122647.93, 1674.40);
insert into STATION values (4482, '-', 9113, 404267.68, 5122646.26, 1673.55);
insert into STATION values (4483, '5', 9113, 404270.77, 5122647.78, 1677.44);
insert into STATION values (4484, '-', 9113, 404270.28, 5122647.26, 1677.31);
insert into STATION values (4485, '-', 9113, 404270.30, 5122646.15, 1678.28);
insert into STATION values (4486, '-', 9113, 404270.80, 5122647.63, 1678.51);
insert into STATION values (4487, '-', 9113, 404272.39, 5122649.87, 1678.11);
insert into STATION values (4488, '-', 9113, 404272.36, 5122649.07, 1676.16);
insert into STATION values (4489, '-', 9113, 404267.88, 5122646.85, 1672.54);
insert into STATION values (4490, '-', 9113, 404267.78, 5122647.12, 1674.89);
insert into STATION values (4491, '-', 9113, 404249.38, 5122643.55, 1656.74);
insert into STATION values (4492, '-', 9113, 404272.38, 5122646.20, 1677.81);
insert into STATION values (4493, '6', 9113, 404273.48, 5122646.96, 1677.69);
insert into STATION values (4494, '-', 9113, 404273.72, 5122646.86, 1678.10);
insert into STATION values (4495, '-', 9113, 404273.67, 5122646.35, 1677.94);
insert into STATION values (4496, '-', 9113, 404273.25, 5122647.70, 1677.69);
insert into STATION values (4497, '-', 9113, 404273.42, 5122647.35, 1677.40);
insert into STATION values (4498, '-', 9113, 404275.42, 5122647.70, 1678.16);
insert into STATION values (4499, '-', 9113, 404271.19, 5122646.73, 1678.23);
insert into STATION values (4500, '7', 9113, 404275.80, 5122651.30, 1678.33);
insert into STATION values (4501, '-', 9113, 404275.74, 5122651.44, 1678.52);
insert into STATION values (4502, '-', 9113, 404274.19, 5122651.03, 1678.20);
insert into STATION values (4503, '-', 9113, 404274.47, 5122652.25, 1678.68);
insert into STATION values (4504, '-', 9113, 404276.32, 5122650.02, 1678.48);
insert into STATION values (4505, '-', 9113, 404275.99, 5122648.89, 1677.90);
insert into STATION values (4506, '-', 9113, 404275.53, 5122650.14, 1678.22);
insert into STATION values (4507, '-', 9113, 404274.65, 5122655.44, 1679.00);
insert into STATION values (4508, '8', 9113, 404274.96, 5122653.86, 1678.67);
insert into STATION values (4509, '-', 9113, 404276.33, 5122655.80, 1679.29);
insert into STATION values (4510, '-', 9113, 404275.67, 5122654.10, 1680.23);
insert into STATION values (4511, '-', 9113, 404274.76, 5122653.60, 1679.35);
insert into STATION values (4512, '-', 9113, 404273.58, 5122653.64, 1678.76);
insert into STATION values (4513, '-', 9113, 404274.51, 5122654.21, 1678.83);
insert into STATION values (4514, '-', 9113, 404274.99, 5122653.89, 1678.49);
insert into STATION values (4515, '-', 9113, 404275.80, 5122649.45, 1677.94);
insert into STATION values (4516, '-', 9113, 404277.30, 5122653.25, 1679.72);
insert into STATION values (4517, '-', 9113, 404279.66, 5122653.53, 1679.94);
insert into STATION values (4518, '9', 9113, 404282.51, 5122654.70, 1680.46);
insert into STATION values (4519, '-', 9113, 404284.47, 5122655.15, 1681.18);
insert into STATION values (4520, '-', 9113, 404283.06, 5122655.77, 1681.13);
insert into STATION values (4521, '-', 9113, 404282.56, 5122655.15, 1681.20);
insert into STATION values (4522, '-', 9113, 404281.91, 5122656.54, 1680.88);
insert into STATION values (4523, '-', 9113, 404281.42, 5122655.61, 1680.87);
insert into STATION values (4524, '-', 9113, 404280.86, 5122654.73, 1680.31);
insert into STATION values (4525, '-', 9113, 404278.86, 5122654.06, 1679.30);
insert into STATION values (4526, '-', 9113, 404280.17, 5122653.84, 1679.23);
insert into STATION values (4527, '10', 9113, 404280.68, 5122658.87, 1682.45);
insert into STATION values (4528, '-', 9113, 404281.54, 5122658.41, 1683.16);
insert into STATION values (4529, '-', 9113, 404280.82, 5122658.67, 1682.95);
insert into STATION values (4530, '-', 9113, 404280.97, 5122659.07, 1681.90);
insert into STATION values (4531, '-', 9113, 404281.09, 5122659.09, 1682.62);
insert into STATION values (4532, '-', 9113, 404281.76, 5122658.08, 1682.75);
insert into STATION values (4533, '-', 9113, 404282.78, 5122658.78, 1683.17);
insert into STATION values (4534, '-', 9113, 404280.78, 5122658.00, 1682.24);
insert into STATION values (4535, '-', 9113, 404281.49, 5122656.60, 1681.50);
insert into STATION values (4536, '-', 9113, 404281.70, 5122654.30, 1680.11);
insert into STATION values (4537, '11', 9113, 404283.69, 5122658.29, 1682.36);
insert into STATION values (4538, '-', 9113, 404284.26, 5122658.08, 1685.65);
insert into STATION values (4539, '-', 9113, 404292.15, 5122663.02, 1696.15);
insert into STATION values (4540, '-', 9113, 404292.84, 5122656.99, 1693.03);
insert into STATION values (4541, '-', 9113, 404286.21, 5122669.01, 1689.13);
insert into STATION values (4542, '-', 9113, 404281.90, 5122668.50, 1685.28);
insert into STATION values (4543, '-', 9113, 404284.35, 5122659.49, 1685.76);
insert into STATION values (4544, '-', 9113, 404283.29, 5122658.14, 1683.06);
insert into STATION values (4545, '-', 9113, 404280.33, 5122657.86, 1681.94);
insert into STATION values (4546, '-', 9113, 404282.75, 5122658.06, 1682.32);
insert into STATION values (4547, '-', 9113, 404282.61, 5122658.67, 1682.46);
insert into STATION values (4548, '-', 9113, 404283.59, 5122658.62, 1681.68);
insert into STATION values (4549, '12', 9113, 404289.83, 5122661.02, 1683.25);
insert into STATION values (4550, '0', 9117, 404241.55, 5122634.53, 1617.41);
insert into STATION values (4551, '.', 9117, 404245.50, 5122645.59, 1617.19);
insert into STATION values (4552, '.', 9117, 404242.53, 5122640.90, 1617.74);
insert into STATION values (4553, '.', 9117, 404243.91, 5122642.67, 1617.75);
insert into STATION values (4554, '.', 9117, 404246.78, 5122646.20, 1618.46);
insert into STATION values (4555, '.', 9117, 404250.34, 5122649.49, 1619.02);
insert into STATION values (4556, '.', 9117, 404253.11, 5122650.19, 1619.32);
insert into STATION values (4557, '.', 9117, 404255.59, 5122652.03, 1620.37);
insert into STATION values (4558, '.', 9117, 404256.43, 5122652.18, 1621.36);
insert into STATION values (4559, '.', 9117, 404262.41, 5122654.44, 1622.55);
insert into STATION values (4560, '.', 9117, 404268.24, 5122653.27, 1625.36);
insert into STATION values (4561, '.', 9117, 404269.42, 5122649.90, 1625.94);
insert into STATION values (4562, '.', 9117, 404264.09, 5122644.51, 1623.88);
insert into STATION values (4563, '.', 9117, 404265.14, 5122641.37, 1622.54);
insert into STATION values (4564, '.', 9117, 404264.97, 5122638.10, 1621.72);
insert into STATION values (4565, '.', 9117, 404265.88, 5122636.61, 1621.28);
insert into STATION values (4566, '.', 9117, 404264.17, 5122632.98, 1620.52);
insert into STATION values (4567, '.', 9117, 404260.52, 5122631.18, 1620.22);
insert into STATION values (4568, '.', 9117, 404259.82, 5122628.48, 1620.02);
insert into STATION values (4569, '.', 9117, 404259.30, 5122626.62, 1620.14);
insert into STATION values (4570, '.', 9117, 404257.43, 5122625.47, 1620.31);
insert into STATION values (4571, '.', 9117, 404256.35, 5122622.24, 1620.70);
insert into STATION values (4572, '.', 9117, 404254.43, 5122619.12, 1620.45);
insert into STATION values (4573, '.', 9117, 404251.01, 5122618.07, 1620.32);
insert into STATION values (4574, '.', 9117, 404246.93, 5122613.10, 1619.19);
insert into STATION values (4575, '.', 9117, 404242.53, 5122611.05, 1619.26);
insert into STATION values (4576, '.', 9117, 404239.45, 5122612.77, 1618.67);
insert into STATION values (4577, '.', 9117, 404237.32, 5122614.99, 1618.22);
insert into STATION values (4578, '.', 9117, 404234.64, 5122616.35, 1617.79);
insert into STATION values (4579, '.', 9117, 404233.02, 5122618.15, 1617.99);
insert into STATION values (4580, '.', 9117, 404231.50, 5122618.52, 1619.03);
insert into STATION values (4581, '.', 9117, 404232.35, 5122628.74, 1618.81);
insert into STATION values (4582, '.', 9117, 404232.68, 5122630.77, 1619.69);
insert into STATION values (4583, '.', 9117, 404234.08, 5122632.62, 1619.25);
insert into STATION values (4584, '.', 9117, 404234.50, 5122633.79, 1619.44);
insert into STATION values (4585, '.', 9117, 404235.02, 5122634.98, 1619.68);
insert into STATION values (4586, '.', 9117, 404235.08, 5122636.11, 1620.04);
insert into STATION values (4587, '.', 9117, 404235.19, 5122638.76, 1621.34);
insert into STATION values (4588, '.', 9117, 404235.83, 5122642.86, 1623.56);
insert into STATION values (4589, '.', 9117, 404237.59, 5122643.44, 1623.65);
insert into STATION values (4590, '.', 9117, 404239.56, 5122641.77, 1622.10);
insert into STATION values (4591, '.', 9117, 404241.63, 5122644.04, 1623.85);
insert into STATION values (4592, '.', 9117, 404242.69, 5122642.28, 1622.01);
insert into STATION values (4593, '.', 9117, 404243.51, 5122642.48, 1620.46);
insert into STATION values (4594, '.', 9117, 404253.63, 5122645.40, 1618.12);
insert into STATION values (4595, '.', 9117, 404257.10, 5122649.07, 1621.36);
insert into STATION values (4596, '.', 9117, 404266.81, 5122658.73, 1628.51);
insert into STATION values (4597, '.', 9117, 404260.77, 5122654.34, 1632.33);
insert into STATION values (4598, '.', 9117, 404259.54, 5122654.55, 1636.68);
insert into STATION values (4599, '.', 9117, 404260.47, 5122654.44, 1641.79);
insert into STATION values (4600, '.', 9117, 404257.51, 5122641.13, 1656.37);
insert into STATION values (4601, '.', 9117, 404250.94, 5122638.69, 1643.21);
insert into STATION values (4602, '.', 9117, 404248.85, 5122636.55, 1640.70);
insert into STATION values (4603, '.', 9117, 404248.01, 5122635.45, 1640.45);
insert into STATION values (4604, '.', 9117, 404247.36, 5122634.49, 1640.18);
insert into STATION values (4605, '.', 9117, 404246.87, 5122633.31, 1639.96);
insert into STATION values (4606, '.', 9117, 404246.11, 5122632.64, 1640.02);
insert into STATION values (4607, '.', 9117, 404246.49, 5122631.84, 1639.94);
insert into STATION values (4608, '.', 9117, 404246.76, 5122630.66, 1643.06);
insert into STATION values (4609, '.', 9117, 404246.05, 5122630.57, 1643.16);
insert into STATION values (4610, '.', 9117, 404243.28, 5122629.41, 1644.46);
insert into STATION values (4611, '.', 9117, 404241.22, 5122628.96, 1640.30);
insert into STATION values (4612, '.', 9117, 404239.49, 5122628.65, 1639.02);
insert into STATION values (4613, '.', 9117, 404237.95, 5122628.35, 1637.86);
insert into STATION values (4614, '.', 9117, 404236.45, 5122628.45, 1635.67);
insert into STATION values (4615, '.', 9117, 404235.84, 5122628.64, 1633.46);
insert into STATION values (4616, '.', 9117, 404234.92, 5122628.10, 1633.04);
insert into STATION values (4617, '.', 9117, 404233.25, 5122626.93, 1632.97);
insert into STATION values (4618, '.', 9117, 404231.70, 5122626.33, 1631.85);
insert into STATION values (4619, '.', 9117, 404231.24, 5122625.73, 1630.06);
insert into STATION values (4620, '.', 9117, 404231.72, 5122626.02, 1627.11);
insert into STATION values (4621, '.', 9117, 404230.86, 5122625.56, 1625.54);
insert into STATION values (4622, '.', 9117, 404230.02, 5122625.36, 1623.64);
insert into STATION values (4623, '.', 9117, 404228.56, 5122623.83, 1622.30);
insert into STATION values (4624, '.', 9117, 404248.89, 5122613.79, 1620.74);
insert into STATION values (4625, '.', 9117, 404248.25, 5122615.05, 1623.32);
insert into STATION values (4626, '.', 9117, 404247.73, 5122616.03, 1625.41);
insert into STATION values (4627, '.', 9117, 404247.60, 5122616.63, 1627.12);
insert into STATION values (4628, '.', 9117, 404247.43, 5122617.16, 1629.14);
insert into STATION values (4629, '.', 9117, 404247.26, 5122617.75, 1631.51);
insert into STATION values (4630, '.', 9117, 404246.75, 5122619.92, 1632.45);
insert into STATION values (4631, '.', 9117, 404246.84, 5122620.15, 1635.93);
insert into STATION values (4632, '.', 9117, 404246.43, 5122622.44, 1637.26);
insert into STATION values (4633, '.', 9117, 404245.66, 5122623.88, 1637.75);
insert into STATION values (4634, '.', 9117, 404245.41, 5122625.03, 1639.41);
insert into STATION values (4635, '.', 9117, 404244.19, 5122626.97, 1639.78);
insert into STATION values (4636, '.', 9117, 404243.17, 5122628.58, 1643.48);
insert into STATION values (4637, '.', 9117, 404240.86, 5122631.99, 1640.16);
insert into STATION values (4638, '.', 9117, 404239.24, 5122632.72, 1638.57);
insert into STATION values (4639, '.', 9117, 404237.91, 5122633.93, 1636.22);
insert into STATION values (4640, '.', 9117, 404237.29, 5122634.54, 1631.89);
insert into STATION values (4641, '.', 9117, 404236.96, 5122634.57, 1629.20);
insert into STATION values (4642, '.', 9117, 404236.36, 5122634.63, 1628.35);
insert into STATION values (4643, '.', 9117, 404235.97, 5122634.67, 1627.37);
insert into STATION values (4644, '.', 9117, 404235.20, 5122634.70, 1626.49);
insert into STATION values (4645, '.', 9117, 404234.70, 5122634.70, 1625.35);
insert into STATION values (4646, '.', 9117, 404234.58, 5122635.70, 1624.15);
insert into STATION values (4647, '.', 9117, 404234.04, 5122637.59, 1623.24);
insert into STATION values (4648, '.', 9117, 404233.73, 5122638.10, 1622.20);
insert into STATION values (4649, '1', 9117, 404239.14, 5122625.55, 1616.17);
insert into STATION values (4650, '.', 9117, 404236.23, 5122616.71, 1615.06);
insert into STATION values (4651, '.', 9117, 404253.60, 5122618.87, 1619.15);
insert into STATION values (4652, '.', 9117, 404248.83, 5122613.23, 1619.28);
insert into STATION values (4653, '.', 9117, 404245.16, 5122612.21, 1619.15);
insert into STATION values (4654, '.', 9117, 404242.11, 5122612.66, 1619.01);
insert into STATION values (4655, '.', 9117, 404238.35, 5122614.86, 1618.81);
insert into STATION values (4656, '.', 9117, 404236.02, 5122616.40, 1618.98);
insert into STATION values (4657, '.', 9117, 404230.84, 5122620.04, 1620.74);
insert into STATION values (4658, '.', 9117, 404230.19, 5122622.54, 1621.41);
insert into STATION values (4659, '.', 9117, 404228.98, 5122624.72, 1621.87);
insert into STATION values (4660, '.', 9117, 404229.26, 5122627.01, 1621.69);
insert into STATION values (4661, '.', 9117, 404230.61, 5122627.89, 1621.20);
insert into STATION values (4662, '.', 9117, 404233.06, 5122628.10, 1620.03);
insert into STATION values (4663, '.', 9117, 404232.61, 5122630.30, 1620.69);
insert into STATION values (4664, '.', 9117, 404234.19, 5122635.53, 1620.63);
insert into STATION values (4665, '.', 9117, 404236.10, 5122640.68, 1621.94);
insert into STATION values (4666, '.', 9117, 404238.72, 5122643.23, 1622.47);
insert into STATION values (4667, '.', 9117, 404242.89, 5122642.70, 1622.15);
insert into STATION values (4668, '.', 9117, 404246.69, 5122646.37, 1620.88);
insert into STATION values (4669, '.', 9117, 404249.57, 5122648.41, 1620.47);
insert into STATION values (4670, '.', 9117, 404255.78, 5122653.10, 1621.27);
insert into STATION values (4671, '.', 9117, 404257.57, 5122652.74, 1621.43);
insert into STATION values (4672, '.', 9117, 404262.62, 5122655.67, 1622.56);
insert into STATION values (4673, '.', 9117, 404266.15, 5122654.18, 1622.97);
insert into STATION values (4674, '.', 9117, 404264.98, 5122649.29, 1621.98);
insert into STATION values (4675, '.', 9117, 404265.98, 5122641.73, 1621.64);
insert into STATION values (4676, '.', 9117, 404265.57, 5122639.41, 1620.85);
insert into STATION values (4677, '.', 9117, 404265.20, 5122636.12, 1620.93);
insert into STATION values (4678, '.', 9117, 404261.19, 5122631.45, 1620.20);
insert into STATION values (4679, '.', 9117, 404260.57, 5122629.55, 1620.06);
insert into STATION values (4680, '.', 9117, 404260.30, 5122627.32, 1620.53);
insert into STATION values (4681, '.', 9117, 404257.39, 5122651.68, 1620.94);
insert into STATION values (4682, '.', 9117, 404258.96, 5122654.46, 1625.37);
insert into STATION values (4683, '.', 9117, 404259.10, 5122654.99, 1630.47);
insert into STATION values (4684, '.', 9117, 404259.99, 5122655.41, 1634.97);
insert into STATION values (4685, '.', 9117, 404260.63, 5122655.21, 1639.50);
insert into STATION values (4686, '.', 9117, 404260.80, 5122655.55, 1643.65);
insert into STATION values (4687, '.', 9117, 404251.21, 5122636.22, 1640.14);
insert into STATION values (4688, '.', 9117, 404250.44, 5122634.92, 1639.76);
insert into STATION values (4689, '.', 9117, 404249.31, 5122633.37, 1639.50);
insert into STATION values (4690, '.', 9117, 404251.56, 5122635.45, 1639.98);
insert into STATION values (4691, '.', 9117, 404248.32, 5122632.54, 1639.31);
insert into STATION values (4692, '.', 9117, 404248.45, 5122632.48, 1641.99);
insert into STATION values (4693, '.', 9117, 404252.73, 5122633.23, 1650.59);
insert into STATION values (4694, '.', 9117, 404255.81, 5122633.60, 1658.72);
insert into STATION values (4695, '.', 9117, 404248.21, 5122629.03, 1640.21);
insert into STATION values (4696, '.', 9117, 404245.98, 5122627.19, 1639.32);
insert into STATION values (4697, '.', 9117, 404243.78, 5122626.39, 1639.13);
insert into STATION values (4698, '.', 9117, 404241.91, 5122625.53, 1638.72);
insert into STATION values (4699, '.', 9117, 404240.93, 5122624.97, 1636.82);
insert into STATION values (4700, '.', 9117, 404236.54, 5122621.96, 1633.68);
insert into STATION values (4701, '.', 9117, 404235.62, 5122620.02, 1631.62);
insert into STATION values (4702, '.', 9117, 404235.39, 5122620.14, 1628.11);
insert into STATION values (4703, '.', 9117, 404234.38, 5122619.48, 1626.76);
insert into STATION values (4704, '.', 9117, 404234.03, 5122619.36, 1624.90);
insert into STATION values (4705, '.', 9117, 404233.70, 5122619.57, 1623.03);
insert into STATION values (4706, '.', 9117, 404233.26, 5122618.40, 1621.41);
insert into STATION values (4707, '.', 9117, 404232.63, 5122618.35, 1620.37);
insert into STATION values (4708, '2', 9117, 404254.20, 5122648.23, 1619.10);
insert into STATION values (4709, '.', 9117, 404252.94, 5122649.66, 1619.49);
insert into STATION values (4710, '.', 9117, 404251.69, 5122648.76, 1619.37);
insert into STATION values (4711, '.', 9117, 404248.90, 5122647.21, 1619.71);
insert into STATION values (4712, '.', 9117, 404245.16, 5122643.65, 1618.92);
insert into STATION values (4713, '.', 9117, 404243.67, 5122641.11, 1618.50);
insert into STATION values (4714, '.', 9117, 404235.08, 5122629.91, 1617.57);
insert into STATION values (4715, '.', 9117, 404235.58, 5122623.27, 1616.92);
insert into STATION values (4716, '.', 9117, 404231.36, 5122618.81, 1620.20);
insert into STATION values (4717, '.', 9117, 404238.14, 5122614.75, 1619.81);
insert into STATION values (4718, '.', 9117, 404241.48, 5122612.15, 1619.96);
insert into STATION values (4719, '.', 9117, 404244.06, 5122610.97, 1619.77);
insert into STATION values (4720, '.', 9117, 404246.30, 5122611.80, 1619.49);
insert into STATION values (4721, '.', 9117, 404251.07, 5122615.90, 1619.61);
insert into STATION values (4722, '.', 9117, 404256.37, 5122619.81, 1620.69);
insert into STATION values (4723, '.', 9117, 404258.80, 5122626.88, 1622.28);
insert into STATION values (4724, '.', 9117, 404261.81, 5122631.74, 1621.13);
insert into STATION values (4725, '.', 9117, 404265.13, 5122633.05, 1621.46);
insert into STATION values (4726, '.', 9117, 404267.89, 5122636.44, 1621.35);
insert into STATION values (4727, '.', 9117, 404264.77, 5122641.87, 1620.79);
insert into STATION values (4728, '.', 9117, 404265.01, 5122643.63, 1620.68);
insert into STATION values (4729, '.', 9117, 404264.20, 5122642.77, 1621.27);
insert into STATION values (4730, '.', 9117, 404264.73, 5122634.69, 1619.96);
insert into STATION values (4731, '.', 9117, 404264.87, 5122633.89, 1623.42);
insert into STATION values (4732, '.', 9117, 404265.33, 5122632.44, 1628.35);
insert into STATION values (4733, '.', 9117, 404266.20, 5122630.62, 1633.52);
insert into STATION values (4734, '.', 9117, 404266.72, 5122629.65, 1638.23);
insert into STATION values (4735, '.', 9117, 404266.88, 5122629.41, 1644.03);
insert into STATION values (4736, '.', 9117, 404267.00, 5122629.72, 1646.69);
insert into STATION values (4737, '.', 9117, 404266.94, 5122629.81, 1648.71);
insert into STATION values (4738, '.', 9117, 404267.13, 5122629.54, 1651.55);
insert into STATION values (4739, '.', 9117, 404268.17, 5122627.80, 1655.92);
insert into STATION values (4740, '.', 9117, 404262.93, 5122635.07, 1645.47);
insert into STATION values (4741, '.', 9117, 404261.31, 5122636.09, 1647.06);
insert into STATION values (4742, '.', 9117, 404257.44, 5122637.18, 1649.40);
insert into STATION values (4743, '.', 9117, 404256.59, 5122639.01, 1655.90);
insert into STATION values (4744, '.', 9117, 404254.50, 5122644.31, 1667.87);
insert into STATION values (4745, '.', 9117, 404253.46, 5122646.64, 1656.32);
insert into STATION values (4746, '.', 9117, 404252.97, 5122648.12, 1656.34);
insert into STATION values (4747, '.', 9117, 404253.64, 5122648.62, 1629.37);
insert into STATION values (4748, '.', 9117, 404253.08, 5122649.68, 1626.97);
insert into STATION values (4749, '.', 9117, 404253.03, 5122649.96, 1624.29);
insert into STATION values (4750, '.', 9117, 404253.25, 5122649.68, 1622.34);
insert into STATION values (4751, '.', 9117, 404268.48, 5122646.42, 1628.16);
insert into STATION values (4752, '.', 9117, 404267.30, 5122646.08, 1627.39);
insert into STATION values (4753, '.', 9117, 404266.44, 5122646.28, 1626.72);
insert into STATION values (4754, '.', 9117, 404268.46, 5122646.62, 1627.89);
insert into STATION values (4755, '.', 9117, 404269.00, 5122647.96, 1628.38);
insert into STATION values (4756, '.', 9117, 404269.19, 5122649.77, 1628.73);
insert into STATION values (4757, '.', 9117, 404269.14, 5122651.51, 1628.88);
insert into STATION values (4758, '.', 9117, 404269.06, 5122652.06, 1629.06);
insert into STATION values (4759, '.', 9117, 404269.00, 5122653.09, 1629.22);
insert into STATION values (4760, '.', 9117, 404269.19, 5122653.70, 1629.54);
insert into STATION values (4761, '.', 9117, 404271.67, 5122655.10, 1631.76);
insert into STATION values (4762, '.', 9117, 404272.77, 5122655.91, 1632.55);
insert into STATION values (4763, '.', 9117, 404274.13, 5122658.95, 1634.65);
insert into STATION values (4764, '.', 9117, 404261.48, 5122653.65, 1625.57);
insert into STATION values (4765, '.', 9117, 404259.52, 5122653.49, 1624.78);
insert into STATION values (4766, '.', 9117, 404258.12, 5122652.98, 1623.75);
insert into STATION values (4767, '3', 9117, 404269.06, 5122656.24, 1629.12);
insert into STATION values (4768, '.', 9117, 404268.25, 5122652.87, 1629.37);
insert into STATION values (4769, '.', 9117, 404269.20, 5122652.78, 1629.48);
insert into STATION values (4770, '.', 9117, 404269.75, 5122652.77, 1629.60);
insert into STATION values (4771, '.', 9117, 404271.57, 5122651.54, 1633.87);
insert into STATION values (4772, '.', 9117, 404268.52, 5122657.43, 1630.13);
insert into STATION values (4773, '.', 9117, 404269.01, 5122658.19, 1631.18);
insert into STATION values (4774, '.', 9117, 404270.09, 5122658.26, 1632.36);
insert into STATION values (4775, '.', 9117, 404271.39, 5122657.89, 1632.45);
insert into STATION values (4776, '.', 9117, 404273.56, 5122657.80, 1633.91);
insert into STATION values (4777, '.', 9117, 404268.93, 5122652.10, 1630.51);
insert into STATION values (4778, '.', 9117, 404269.06, 5122651.69, 1633.22);
insert into STATION values (4779, '.', 9117, 404269.53, 5122651.88, 1635.45);
insert into STATION values (4780, '.', 9117, 404270.24, 5122652.17, 1639.30);
insert into STATION values (4781, '.', 9117, 404270.58, 5122652.55, 1644.21);
insert into STATION values (4782, '.', 9117, 404270.55, 5122653.87, 1651.89);
insert into STATION values (4783, '4', 9117, 404274.77, 5122657.35, 1634.10);
insert into STATION values (4784, '.', 9117, 404274.40, 5122651.37, 1633.94);
insert into STATION values (4785, '.', 9117, 404272.47, 5122651.09, 1634.21);
insert into STATION values (4786, '.', 9117, 404282.31, 5122656.24, 1635.85);
insert into STATION values (4787, '.', 9117, 404282.50, 5122657.39, 1635.24);
insert into STATION values (4788, '.', 9117, 404281.78, 5122658.61, 1635.51);
insert into STATION values (4789, '.', 9117, 404280.99, 5122659.12, 1635.17);
insert into STATION values (4790, '.', 9117, 404279.79, 5122652.91, 1640.35);
insert into STATION values (4791, '.', 9117, 404277.17, 5122652.66, 1638.82);
insert into STATION values (4792, '.', 9117, 404275.66, 5122652.82, 1638.17);
insert into STATION values (4793, '.', 9117, 404274.88, 5122657.11, 1632.46);
insert into STATION values (4794, '.', 9117, 404275.00, 5122657.22, 1635.29);
insert into STATION values (4795, '5', 9117, 404281.14, 5122656.45, 1634.50);
insert into STATION values (4796, '.', 9117, 404282.06, 5122654.44, 1635.18);
insert into STATION values (4797, '.', 9117, 404281.21, 5122654.65, 1635.07);
insert into STATION values (4798, '.', 9117, 404280.66, 5122654.75, 1635.07);
insert into STATION values (4799, '.', 9117, 404280.06, 5122654.15, 1635.08);
insert into STATION values (4800, '.', 9117, 404279.39, 5122653.66, 1634.97);
insert into STATION values (4801, '.', 9117, 404277.58, 5122650.90, 1635.21);
insert into STATION values (4802, '.', 9117, 404276.45, 5122651.52, 1635.35);
insert into STATION values (4803, '.', 9117, 404275.37, 5122651.95, 1635.38);
insert into STATION values (4804, '.', 9117, 404273.97, 5122652.19, 1635.37);
insert into STATION values (4805, '.', 9117, 404270.48, 5122650.98, 1635.13);
insert into STATION values (4806, '.', 9117, 404268.41, 5122651.24, 1634.96);
insert into STATION values (4807, '.', 9117, 404267.84, 5122651.06, 1635.11);
insert into STATION values (4808, '.', 9117, 404242.74, 5122642.72, 1636.00);
insert into STATION values (4809, '.', 9117, 404260.67, 5122652.07, 1637.86);
insert into STATION values (4810, '.', 9117, 404260.90, 5122653.58, 1639.07);
insert into STATION values (4811, '.', 9117, 404261.89, 5122655.05, 1640.19);
insert into STATION values (4812, '.', 9117, 404272.06, 5122656.65, 1636.58);
insert into STATION values (4813, '.', 9117, 404275.38, 5122657.54, 1635.86);
insert into STATION values (4814, '.', 9117, 404275.35, 5122658.30, 1635.88);
insert into STATION values (4815, '.', 9117, 404275.81, 5122658.55, 1635.26);
insert into STATION values (4816, '.', 9117, 404279.63, 5122657.47, 1634.83);
insert into STATION values (4817, '.', 9117, 404280.81, 5122656.67, 1634.54);
insert into STATION values (4818, '.', 9117, 404275.96, 5122659.28, 1635.22);
insert into STATION values (4819, '.', 9117, 404277.32, 5122659.10, 1635.55);
insert into STATION values (4820, '.', 9117, 404277.81, 5122658.74, 1635.14);
insert into STATION values (4821, '.', 9117, 404278.32, 5122659.17, 1635.30);
insert into STATION values (4822, '.', 9117, 404278.58, 5122659.97, 1635.37);
insert into STATION values (4823, '.', 9117, 404279.42, 5122661.08, 1635.91);
insert into STATION values (4824, '.', 9117, 404280.44, 5122660.63, 1636.26);
insert into STATION values (4825, '.', 9117, 404281.67, 5122660.51, 1636.93);
insert into STATION values (4826, '.', 9117, 404282.66, 5122659.10, 1637.08);
insert into STATION values (4827, '.', 9117, 404282.65, 5122657.98, 1637.08);
insert into STATION values (4828, '.', 9117, 404283.72, 5122657.51, 1638.79);
insert into STATION values (4829, '.', 9117, 404281.32, 5122656.57, 1634.74);
insert into STATION values (4830, '.', 9117, 404282.10, 5122657.00, 1636.15);
insert into STATION values (4831, '.', 9117, 404283.11, 5122657.54, 1638.82);
insert into STATION values (4832, '.', 9117, 404282.82, 5122657.42, 1640.31);
insert into STATION values (4833, '.', 9117, 404282.67, 5122657.33, 1641.68);
insert into STATION values (4834, '.', 9117, 404282.80, 5122657.25, 1643.43);
insert into STATION values (4835, '.', 9117, 404284.47, 5122657.38, 1658.54);
insert into STATION values (4836, '.', 9117, 404283.77, 5122657.06, 1660.66);
insert into STATION values (4837, '.', 9117, 404282.89, 5122656.46, 1661.56);
insert into STATION values (4838, '.', 9117, 404281.17, 5122655.18, 1663.57);
insert into STATION values (4839, '.', 9117, 404276.58, 5122656.31, 1665.40);
insert into STATION values (4840, '.', 9117, 404273.72, 5122656.78, 1665.92);
insert into STATION values (4841, '.', 9117, 404271.28, 5122656.15, 1665.22);
insert into STATION values (4842, '.', 9117, 404272.14, 5122655.87, 1656.92);
insert into STATION values (4843, '.', 9117, 404271.45, 5122655.57, 1652.41);
insert into STATION values (4844, '.', 9117, 404265.34, 5122653.16, 1655.53);
insert into STATION values (4845, '.', 9117, 404256.57, 5122651.60, 1662.32);
insert into STATION values (4846, '.', 9117, 404255.89, 5122651.23, 1658.97);
insert into STATION values (4847, '.', 9117, 404255.06, 5122650.25, 1655.22);
insert into STATION values (4848, '.', 9117, 404249.86, 5122648.03, 1652.83);
insert into STATION values (4849, '.', 9117, 404253.88, 5122649.67, 1645.57);
insert into STATION values (4850, '.', 9117, 404252.34, 5122649.07, 1642.69);
insert into STATION values (4851, '.', 9117, 404249.34, 5122648.30, 1639.70);
insert into STATION values (4852, '6', 9117, 404281.13, 5122655.12, 1634.28);
insert into STATION values (4853, '7', 9117, 404280.86, 5122654.24, 1633.49);
insert into STATION values (4854, '8', 9117, 404273.85, 5122652.62, 1628.93);
insert into STATION values (4855, '10', 9117, 404305.39, 5122657.49, 1667.79);
insert into STATION values (4856, '0', 9324, 404277.33, 5122720.70, 1655.12);
insert into STATION values (4857, '1', 9324, 404277.70, 5122726.33, 1654.78);
insert into STATION values (4858, '-', 9324, 404272.29, 5122727.74, 1655.81);
insert into STATION values (4859, '-', 9324, 404273.40, 5122728.19, 1680.78);
insert into STATION values (4860, '-', 9324, 404278.61, 5122723.55, 1683.05);
insert into STATION values (4861, '-', 9324, 404272.04, 5122723.19, 1654.84);
insert into STATION values (4862, '-', 9324, 404277.69, 5122725.51, 1655.00);
insert into STATION values (4863, '-', 9324, 404275.55, 5122725.45, 1652.02);
insert into STATION values (4864, '-', 9324, 404274.66, 5122727.94, 1654.37);
insert into STATION values (4865, '-', 9324, 404276.28, 5122726.12, 1681.21);
insert into STATION values (4866, '2', 9324, 404275.25, 5122724.49, 1680.45);
insert into STATION values (4867, '-', 9324, 404276.83, 5122728.42, 1678.24);
insert into STATION values (4868, '-', 9324, 404276.18, 5122724.07, 1681.71);
insert into STATION values (4869, '-', 9324, 404280.66, 5122724.76, 1685.68);
insert into STATION values (4870, '-', 9324, 404274.93, 5122723.41, 1680.16);
insert into STATION values (4871, '-', 9324, 404274.75, 5122723.92, 1651.55);
insert into STATION values (4872, '-', 9324, 404274.85, 5122722.76, 1672.23);
insert into STATION values (4873, '-', 9324, 404279.13, 5122724.80, 1672.67);
insert into STATION values (4874, '-', 9324, 404277.98, 5122725.47, 1678.79);
insert into STATION values (4875, '3', 9324, 404275.22, 5122723.99, 1681.84);
insert into STATION values (4876, '-', 9324, 404274.78, 5122724.65, 1682.05);
insert into STATION values (4877, '-', 9324, 404272.34, 5122724.25, 1681.70);
insert into STATION values (4878, '-', 9324, 404273.80, 5122724.13, 1681.76);
insert into STATION values (4879, '-', 9324, 404274.33, 5122724.24, 1681.78);
insert into STATION values (4880, '-', 9324, 404278.04, 5122725.22, 1681.39);
insert into STATION values (4881, '-', 9324, 404275.61, 5122724.37, 1682.15);
insert into STATION values (4882, '-', 9324, 404279.40, 5122726.07, 1678.18);
insert into STATION values (4883, '4', 9324, 404270.79, 5122723.65, 1681.66);
insert into STATION values (4884, '-', 9324, 404270.92, 5122722.95, 1682.10);
insert into STATION values (4885, '-', 9324, 404271.96, 5122721.84, 1681.68);
insert into STATION values (4886, '-', 9324, 404271.37, 5122723.14, 1681.56);
insert into STATION values (4887, '-', 9324, 404271.24, 5122723.74, 1680.36);
insert into STATION values (4888, '-', 9324, 404271.34, 5122724.05, 1681.77);
insert into STATION values (4889, '-', 9324, 404271.15, 5122723.87, 1681.91);
insert into STATION values (4890, '-', 9324, 404272.56, 5122723.49, 1681.49);
insert into STATION values (4891, '-', 9324, 404272.15, 5122724.21, 1681.32);
insert into STATION values (4892, '5', 9324, 404273.55, 5122719.96, 1681.86);
insert into STATION values (4893, '-', 9324, 404274.13, 5122720.18, 1682.62);
insert into STATION values (4894, '-', 9324, 404273.81, 5122720.08, 1681.86);
insert into STATION values (4895, '-', 9324, 404274.48, 5122719.82, 1681.74);
insert into STATION values (4896, '-', 9324, 404274.03, 5122719.85, 1681.21);
insert into STATION values (4897, '-', 9324, 404274.67, 5122719.52, 1680.97);
insert into STATION values (4898, '-', 9324, 404272.30, 5122721.27, 1681.01);
insert into STATION values (4899, '6', 9324, 404274.20, 5122719.65, 1681.08);
insert into STATION values (4900, '-', 9324, 404275.53, 5122719.02, 1679.51);
insert into STATION values (4901, '-', 9324, 404274.13, 5122719.05, 1681.94);
insert into STATION values (4902, '-', 9324, 404274.04, 5122719.40, 1681.57);
insert into STATION values (4903, '-', 9324, 404273.71, 5122719.33, 1681.27);
insert into STATION values (4904, '-', 9324, 404272.40, 5122720.36, 1681.51);
insert into STATION values (4905, '-', 9324, 404272.64, 5122720.19, 1683.25);
insert into STATION values (4906, '-', 9324, 404272.90, 5122719.89, 1679.97);
insert into STATION values (4907, '7', 9324, 404276.74, 5122717.04, 1680.84);
insert into STATION values (4908, '-', 9324, 404275.54, 5122716.29, 1681.23);
insert into STATION values (4909, '-', 9324, 404276.20, 5122715.93, 1684.30);
insert into STATION values (4910, '-', 9324, 404280.69, 5122713.59, 1697.38);
insert into STATION values (4911, '-', 9324, 404277.77, 5122720.24, 1687.99);
insert into STATION values (4912, '-', 9324, 404278.64, 5122718.58, 1681.95);
insert into STATION values (4913, '-', 9324, 404278.79, 5122715.79, 1682.67);
insert into STATION values (4914, '-', 9324, 404276.29, 5122720.51, 1682.25);
insert into STATION values (4915, '8', 9324, 404279.60, 5122713.18, 1696.44);
insert into STATION values (4916, '-', 9324, 404279.59, 5122713.25, 1697.00);
insert into STATION values (4917, '-', 9324, 404280.96, 5122713.93, 1698.45);
insert into STATION values (4918, '-', 9324, 404280.89, 5122714.09, 1696.44);
insert into STATION values (4919, '-', 9324, 404281.51, 5122713.11, 1696.70);
insert into STATION values (4920, '-', 9324, 404278.17, 5122719.67, 1693.53);
insert into STATION values (4921, '-', 9324, 404279.73, 5122719.89, 1684.73);
insert into STATION values (4922, '-', 9324, 404280.34, 5122715.87, 1695.41);
insert into STATION values (4923, '9', 9324, 404279.78, 5122712.82, 1696.51);
