create table SURVEY (ID integer, PARENT_ID integer, NAME varchar(24), FULL_NAME varchar(44), TITLE varchar(58));
create table CENTRELINE (ID integer, SURVEY_ID integer, TITLE varchar(4), TOPO_DATE date, EXPLO_DATE date, LENGTH real, SURFACE_LENGTH real, DUPLICATE_LENGTH real);
create table PERSON (ID integer, NAME varchar(11), SURNAME varchar(16));
create table EXPLO (PERSON_ID integer, CENTRELINE_ID integer);
create table TOPO (PERSON_ID integer, CENTRELINE_ID integer);
create table STATION (ID integer, NAME varchar(7), SURVEY_ID integer, X real, Y real, Z real);
create table STATION_FLAG (STATION_ID integer, FLAG char(3));
create table SHOT (ID integer, FROM_ID integer, TO_ID integer, CENTRELINE_ID integer, LENGTH real, BEARING real, GRADIENT real, ADJ_LENGTH real, ADJ_BEARING real, ADJ_GRADIENT real, ERR_LENGTH real, ERR_BEARING real, ERR_GRADIENT real);
create table SHOT_FLAG (SHOT_ID integer, FLAG char(3));
create table MAPS (ID integer, SURVEY_ID integer, NAME varchar(24), TITLE varchar(58), PROJID integer, LENGTH real, DEPTH real);
create table SCRAPS (ID integer, SURVEY_ID integer, NAME varchar(24), PROJID integer);
create table MAPITEMS (ID integer, TYPE integer, ITEMID integer);
insert into SURVEY values (1, 0, '', '', NULL);
 insert into CENTRELINE values (2, 1, NULL, NULL, NULL, 0.00, 0.00, 0.00);
 insert into SURVEY values (21, 1, 'sistem_prima', 'sistem_prima', 'Caves of the Western Migovec Plateau');
 insert into CENTRELINE values (22, 21, NULL, NULL, NULL, 0.00, 0.00, 0.00);
 insert into MAPS values (23, 21, 'msystem-p', NULL, 1, 7941.990, 642.210);
 insert into MAPITEMS values (23, 4, 6544);
 insert into MAPITEMS values (23, 4, 26);
 insert into SURVEY values (24, 21, 'primadona', 'primadona.sistem_prima', 'Primadona 2018');
 insert into CENTRELINE values (25, 24, NULL, NULL, NULL, 0.00, 0.00, 0.00);
 insert into MAPS values (26, 24, 'mprimadona-p', NULL, 1, 7748.070, 640.160);
 insert into MAPITEMS values (26, 4, 27);
 insert into MAPITEMS values (26, 4, 761);
 insert into MAPITEMS values (26, 4, 1377);
 insert into MAPITEMS values (26, 4, 1843);
 insert into MAPITEMS values (26, 4, 1932);
 insert into MAPITEMS values (26, 4, 2010);
 insert into MAPITEMS values (26, 4, 3883);
 insert into MAPITEMS values (26, 4, 2808);
 insert into MAPITEMS values (26, 4, 2067);
 insert into MAPS values (27, 24, 'm2000', NULL, 1, 984.760, 433.830);
 insert into MAPITEMS values (27, 4, 590);
 insert into MAPITEMS values (27, 4, 746);
 insert into MAPITEMS values (27, 4, 391);
 insert into MAPITEMS values (27, 4, 160);
 insert into SURVEY values (28, 24, 'prima2', 'prima2.primadona.sistem_prima', 'Primadona Stara Jama branch');
 insert into CENTRELINE values (29, 28, NULL, NULL, NULL, 0.00, 0.00, 0.00);
 insert into SCRAPS values (30, 28, 'prima2p_1', 1);
 insert into SCRAPS values (62, 28, 'prima2p_2', 1);
 insert into SCRAPS values (73, 28, 'prima2p_3', 1);
 insert into SCRAPS values (90, 28, 'prima2p_4', 1);
 insert into SCRAPS values (110, 28, 'prima2p_5', 1);
 insert into SCRAPS values (119, 28, 'prima2_1e', 2);
 insert into MAPS values (160, 28, 'mprima2-p', NULL, 1, 154.380, 21.310);
 insert into MAPITEMS values (160, 4, 161);
 insert into MAPITEMS values (160, 4, 162);
 insert into MAPITEMS values (160, 4, 163);
 insert into MAPITEMS values (160, 4, 164);
 insert into MAPITEMS values (160, 4, 165);
 insert into MAPS values (161, 28, 'mprima2p_1', NULL, 1, 154.380, 21.310);
 insert into MAPITEMS values (161, 4, 30);
 insert into MAPS values (162, 28, 'mprima2p_2', NULL, 1, 154.380, 21.310);
 insert into MAPITEMS values (162, 4, 62);
 insert into MAPS values (163, 28, 'mprima2p_3', NULL, 1, 154.380, 21.310);
 insert into MAPITEMS values (163, 4, 73);
 insert into MAPS values (164, 28, 'mprima2p_4', NULL, 1, 154.380, 21.310);
 insert into MAPITEMS values (164, 4, 90);
 insert into MAPS values (165, 28, 'mprima2p_5', NULL, 1, 154.380, 21.310);
 insert into MAPITEMS values (165, 4, 110);
 insert into MAPS values (166, 28, 'mprima2e', NULL, 2, 154.380, 21.310);
 insert into MAPITEMS values (166, 4, 119);
 insert into CENTRELINE values (171, 28, NULL, '2000-07-19', NULL, 154.38, 0.00, 0.00);
 insert into PERSON values (1, 'Jan', 'Evetts');
insert into TOPO values (1, 171);
 insert into PERSON values (2, 'James', 'Hooper');
insert into TOPO values (2, 171);
 insert into SHOT values (1, 1, 2, 171, 3.46, 184.53, -43.00, 3.52, 182.88, -42.77, 0.10, 129.37, -18.50);
insert into SHOT values (2, 3, 1, 171, 6.94, 185.53, -22.00, 7.00, 183.62, -21.97, 0.22, 109.70, -5.17);
insert into SHOT values (3, 4, 3, 171, 2.39, 32.53, -44.00, 2.42, 34.51, -43.87, 0.07, 98.22, -16.65);
insert into SHOT values (4, 5, 4, 171, 3.71, 193.53, -42.00, 3.75, 191.79, -41.99, 0.09, 123.36, -17.01);
insert into SHOT values (5, 6, 5, 171, 4.15, 194.53, 0.00, 4.17, 192.87, -0.14, 0.12, 115.36, -4.64);
insert into SHOT values (6, 7, 6, 171, 8.20, 213.53, 5.00, 8.18, 211.19, 4.77, 0.34, 118.79, -5.93);
insert into SHOT values (7, 8, 7, 171, 3.29, 217.53, 20.00, 3.23, 215.89, 20.08, 0.10, 94.62, -8.36);
insert into SHOT values (8, 9, 8, 171, 4.20, 177.53, -26.00, 4.29, 176.14, -25.86, 0.13, 128.86, -12.97);
insert into SHOT values (9, 10, 9, 171, 8.19, 199.53, -22.00, 8.21, 197.29, -22.18, 0.30, 110.34, -6.13);
insert into SHOT values (10, 11, 10, 171, 3.09, 189.53, 2.00, 3.13, 187.90, 1.83, 0.10, 123.81, -4.57);
insert into SHOT values (11, 12, 11, 171, 5.91, 281.53, 51.00, 5.78, 281.12, 52.41, 0.20, 109.05, -3.80);
insert into SHOT values (12, 13, 12, 171, 4.98, 301.53, -15.00, 4.81, 301.83, -15.70, 0.19, 114.01, -3.41);
insert into SHOT values (13, 14, 13, 171, 4.60, 2.53, -90.00, 4.62, 105.95, -89.10, 0.08, 105.95, -15.36);
insert into SHOT values (14, 15, 14, 171, 2.61, 203.53, -14.00, 2.62, 201.72, -14.14, 0.08, 118.20, -6.07);
insert into SHOT values (15, 16, 15, 171, 2.55, 271.53, -24.00, 2.40, 271.05, -24.85, 0.15, 98.53, 10.25);
insert into SHOT values (16, 17, 16, 171, 6.05, 4.53, 5.00, 5.99, 6.45, 4.88, 0.21, 111.97, -4.73);
insert into SHOT values (17, 18, 17, 171, 2.74, 2.53, -90.00, 2.76, 111.80, -88.88, 0.06, 111.80, -20.37);
insert into SHOT values (18, 19, 18, 171, 2.29, 186.53, -14.00, 2.35, 184.78, -14.05, 0.09, 134.84, -10.24);
insert into SHOT values (19, 20, 19, 171, 3.03, 2.53, -90.00, 3.06, 108.43, -88.82, 0.07, 108.43, -25.38);
insert into SHOT values (20, 21, 20, 171, 2.71, 121.53, 21.00, 2.87, 121.33, 20.37, 0.17, 118.16, 10.04);
insert into SHOT values (21, 22, 21, 171, 3.95, 241.53, 11.00, 3.83, 240.16, 10.99, 0.15, 98.35, -8.96);
insert into SHOT values (22, 23, 22, 171, 3.05, 180.53, 5.00, 3.12, 178.89, 4.78, 0.11, 129.11, -2.93);
insert into SHOT values (23, 24, 23, 171, 5.65, 288.53, 0.00, 5.46, 288.37, -0.21, 0.19, 113.20, -5.93);
insert into SHOT values (24, 25, 24, 171, 6.00, 256.53, 31.00, 6.19, 257.40, 29.09, 0.29, 273.65, -16.04);
insert into SHOT values (25, 26, 25, 171, 7.95, 163.53, -5.00, 7.86, 166.60, -6.06, 0.46, 269.33, -17.49);
insert into SHOT values (26, 27, 26, 171, 4.24, 137.53, 19.00, 4.01, 139.17, 19.05, 0.25, 291.06, -16.16);
insert into SHOT values (27, 28, 27, 171, 4.04, 191.53, 19.00, 4.03, 193.89, 18.20, 0.17, 278.29, -19.30);
insert into SHOT values (28, 29, 28, 171, 3.70, 133.53, -53.00, 3.63, 135.19, -54.92, 0.15, 290.41, -5.58);
insert into SHOT values (29, 30, 29, 171, 15.90, 153.53, -12.00, 15.83, 158.47, -14.26, 1.47, 255.05, -23.80);
insert into SHOT values (30, 31, 30, 171, 2.87, 29.53, 21.00, 2.75, 27.26, 20.63, 0.16, 253.66, -21.75);
insert into SHOT values (31, 32, 31, 171, 11.94, 329.53, 65.00, 11.96, 327.69, 61.91, 0.67, 312.30, -23.97);
insert into SURVEY values (173, 24, 'prima1', 'prima1.primadona.sistem_prima', 'Primadona entrance series');
 insert into CENTRELINE values (174, 173, NULL, NULL, NULL, 0.00, 0.00, 0.00);
 insert into SCRAPS values (175, 173, 'prima1p_ent', 1);
 insert into SCRAPS values (203, 173, 'prima1p_1', 1);
 insert into SCRAPS values (217, 173, 'prima1p_2', 1);
 insert into SCRAPS values (237, 173, 'prima1p_3', 1);
 insert into SCRAPS values (259, 173, 'prima1p_4', 1);
 insert into SCRAPS values (284, 173, 'prima1p_5', 1);
 insert into SCRAPS values (297, 173, 'prima1p_6', 1);
 insert into SCRAPS values (316, 173, 'prima1p_7', 1);
 insert into SCRAPS values (336, 173, 'prima1_1e', 2);
 insert into MAPS values (391, 173, 'mprima1-p', NULL, 1, 276.880, 142.670);
 insert into MAPITEMS values (391, 4, 392);
 insert into MAPITEMS values (391, 4, 393);
 insert into MAPITEMS values (391, 4, 394);
 insert into MAPITEMS values (391, 4, 395);
 insert into MAPITEMS values (391, 4, 396);
 insert into MAPITEMS values (391, 4, 397);
 insert into MAPITEMS values (391, 4, 398);
 insert into MAPITEMS values (391, 4, 399);
 insert into MAPS values (392, 173, 'mprimap_ent', NULL, 1, 276.880, 142.670);
 insert into MAPITEMS values (392, 4, 175);
 insert into MAPS values (393, 173, 'mprimap_1', NULL, 1, 276.880, 142.670);
 insert into MAPITEMS values (393, 4, 203);
 insert into MAPS values (394, 173, 'mprimap_2', NULL, 1, 276.880, 142.670);
 insert into MAPITEMS values (394, 4, 217);
 insert into MAPS values (395, 173, 'mprimap_3', NULL, 1, 276.880, 142.670);
 insert into MAPITEMS values (395, 4, 237);
 insert into MAPS values (396, 173, 'mprimap_4', NULL, 1, 276.880, 142.670);
 insert into MAPITEMS values (396, 4, 259);
 insert into MAPS values (397, 173, 'mprimap_5', NULL, 1, 276.880, 142.670);
 insert into MAPITEMS values (397, 4, 284);
 insert into MAPS values (398, 173, 'mprimap_6', NULL, 1, 276.880, 142.670);
 insert into MAPITEMS values (398, 4, 297);
 insert into MAPS values (399, 173, 'mprimap_7', NULL, 1, 276.880, 142.670);
 insert into MAPITEMS values (399, 4, 316);
 insert into MAPS values (400, 173, 'mprima1e', NULL, 2, 276.880, 142.670);
 insert into MAPITEMS values (400, 4, 336);
 insert into CENTRELINE values (408, 173, NULL, '2000-07-20', '2000-01-01', 276.88, 0.00, 0.00);
 insert into PERSON values (3, 'Thomas', 'Ayles');
insert into TOPO values (3, 408);
 insert into TOPO values (2, 408);
 insert into SHOT values (32, 33, 34, 408, 5.79, 24.53, -12.00, 5.84, 28.31, -10.86, 0.40, 105.50, 15.19);
insert into SHOT values (33, 34, 35, 408, 11.52, 326.53, -2.00, 11.26, 330.70, -0.51, 0.92, 75.57, 19.22);
insert into SHOT values (34, 35, 36, 408, 20.32, 18.53, 82.00, 20.42, 21.73, 81.79, 0.20, 81.01, 25.57);
insert into SHOT values (35, 36, 37, 408, 4.40, 359.53, 20.00, 4.34, 2.83, 21.21, 0.26, 112.02, 14.48);
insert into SHOT values (36, 37, 38, 408, 2.77, 328.53, 18.00, 2.54, 331.29, 19.55, 0.27, 123.14, -1.27);
insert into SHOT values (37, 39, 38, 408, 3.75, 77.53, -33.00, 3.53, 75.67, -35.54, 0.29, 276.10, -1.49);
insert into SHOT values (38, 39, 40, 408, 3.00, 309.53, 12.00, 2.69, 311.12, 13.54, 0.33, 116.76, 1.09);
insert into SHOT values (39, 40, 41, 408, 4.95, 38.53, 23.00, 4.72, 39.97, 20.06, 0.35, 176.01, -62.33);
insert into SHOT values (40, 42, 41, 408, 7.48, 33.53, -36.00, 7.38, 32.12, -31.70, 0.59, 359.39, 61.91);
insert into SHOT values (41, 42, 43, 408, 4.82, 321.53, 11.00, 4.59, 320.89, 7.76, 0.35, 157.24, -57.72);
insert into SHOT values (42, 44, 43, 408, 10.45, 217.53, -11.00, 10.33, 219.67, -5.83, 1.02, 305.87, 67.90);
insert into SHOT values (43, 44, 45, 408, 11.25, 341.53, 33.00, 10.92, 341.47, 29.56, 0.74, 332.69, -84.70);
insert into SHOT values (44, 45, 46, 408, 9.30, 351.53, 58.00, 8.89, 351.84, 57.41, 0.42, 161.27, -70.30);
insert into SHOT values (45, 46, 47, 408, 19.04, 2.53, 66.00, 18.64, 3.27, 66.14, 0.41, 157.00, -56.86);
insert into SHOT values (46, 47, 48, 408, 4.18, 38.53, 50.00, 3.83, 39.89, 48.47, 0.37, 196.10, -64.56);
insert into SHOT values (47, 49, 48, 408, 1.22, 149.53, -11.00, 0.98, 149.24, -5.26, 0.26, 330.85, 32.97);
insert into SHOT values (48, 49, 50, 408, 6.93, 301.53, 25.00, 6.67, 300.25, 21.82, 0.48, 178.86, -69.84);
insert into SHOT values (49, 50, 51, 408, 2.50, 329.53, -5.00, 2.36, 329.04, -8.53, 0.21, 156.82, -39.64);
insert into SHOT values (50, 51, 52, 408, 21.83, 334.53, 78.00, 21.76, 336.04, 77.98, 0.14, 69.24, -31.44);
insert into SHOT values (51, 53, 52, 408, 4.91, 231.53, -18.00, 5.04, 231.99, -17.06, 0.16, 245.62, 13.29);
insert into SHOT values (52, 53, 54, 408, 5.35, 339.53, 30.00, 5.31, 341.10, 29.41, 0.14, 71.90, -27.23);
insert into SHOT values (53, 54, 55, 408, 2.72, 339.53, 30.00, 2.61, 338.89, 27.90, 0.15, 186.35, -67.76);
insert into SHOT values (54, 56, 55, 408, 9.24, 116.53, 19.00, 9.39, 115.86, 21.89, 0.50, 12.92, 77.90);
insert into SHOT values (55, 56, 57, 408, 17.09, 12.53, 59.00, 16.88, 11.61, 56.60, 0.76, 355.49, -47.66);
insert into SHOT values (56, 57, 58, 408, 10.48, 356.53, 76.00, 10.23, 355.82, 75.23, 0.29, 332.11, -74.29);
insert into SHOT values (57, 58, 59, 408, 1.77, 356.53, 26.00, 1.65, 355.83, 23.55, 0.14, 190.04, -55.67);
insert into SHOT values (58, 59, 60, 408, 2.24, 320.53, 37.00, 2.12, 319.43, 34.85, 0.15, 173.36, -66.00);
insert into SHOT values (59, 61, 60, 408, 3.54, 240.53, -30.00, 3.36, 240.40, -28.28, 0.21, 64.12, 58.52);
insert into SHOT values (60, 61, 62, 408, 5.57, 359.53, 58.00, 5.36, 358.83, 56.72, 0.25, 252.18, -81.19);
insert into SHOT values (61, 62, 63, 408, 4.56, 335.53, 25.00, 4.47, 334.87, 22.78, 0.20, 230.47, -75.85);
insert into SHOT values (62, 64, 63, 408, 4.47, 107.53, 6.00, 4.57, 107.11, 8.06, 0.19, 83.49, 64.73);
insert into SHOT values (63, 64, 65, 408, 5.72, 253.53, -24.00, 5.90, 253.58, -25.93, 0.27, 256.60, -72.27);
insert into SHOT values (64, 66, 65, 408, 5.60, 125.53, -18.00, 5.58, 125.08, -15.49, 0.25, 85.42, 74.63);
insert into SHOT values (65, 66, 67, 408, 34.19, 22.53, 43.00, 34.24, 20.60, 36.07, 4.23, 3.21, -48.25);
insert into SHOT values (66, 68, 67, 408, 3.93, 83.53, -1.00, 3.94, 85.32, 5.39, 0.46, 177.38, 74.37);
insert into SURVEY values (410, 24, 'ttt', 'ttt.primadona.sistem_prima', 'Primadona mandare junction and TTT branch to TTT pitch');
 insert into CENTRELINE values (411, 410, NULL, NULL, NULL, 0.00, 0.00, 0.00);
 insert into SCRAPS values (412, 410, 'tttp_1', 1);
 insert into SCRAPS values (431, 410, 'tttp_2', 1);
 insert into SCRAPS values (448, 410, 'tttp_3', 1);
 insert into SCRAPS values (476, 410, 'tttp_4', 1);
 insert into SCRAPS values (495, 410, 'tttp_5', 1);
 insert into SCRAPS values (521, 410, 'tttp_6', 1);
 insert into SCRAPS values (533, 410, 'ttt_1e', 2);
 insert into MAPS values (589, 410, 'mttte', NULL, 2, 304.000, 121.350);
 insert into MAPITEMS values (589, 4, 533);
 insert into MAPS values (590, 410, 'mttt-p', NULL, 1, 304.000, 121.350);
 insert into MAPITEMS values (590, 4, 412);
 insert into MAPITEMS values (590, 4, 431);
 insert into MAPITEMS values (590, 4, 448);
 insert into MAPITEMS values (590, 4, 476);
 insert into MAPITEMS values (590, 4, 495);
 insert into MAPITEMS values (590, 4, 521);
 insert into CENTRELINE values (596, 410, NULL, '2000-07-08', NULL, 304.00, 0.00, 0.00);
 insert into TOPO values (1, 596);
 insert into PERSON values (4, 'Tivadar', 'Tomaz');
insert into TOPO values (4, 596);
 insert into EXPLO values (1, 596);
 insert into EXPLO values (4, 596);
 insert into SHOT values (67, 69, 70, 596, 41.50, 2.53, 90.00, 41.58, 6.12, 85.60, 3.19, 6.12, -0.72);
insert into SHOT values (68, 70, 71, 596, 12.80, 54.53, 50.00, 12.93, 51.86, 46.68, 0.86, 21.59, -27.52);
insert into SHOT values (69, 71, 72, 596, 8.60, 52.53, 0.00, 8.83, 49.64, -0.52, 0.50, 348.92, -9.13);
insert into SHOT values (70, 72, 73, 596, 7.20, 53.53, 0.00, 7.42, 50.97, -0.46, 0.40, 355.60, -8.71);
insert into SHOT values (71, 73, 74, 596, 6.60, 29.53, 40.00, 6.81, 28.37, 37.74, 0.36, 11.29, -11.77);
insert into SHOT values (72, 74, 75, 596, 4.30, 25.53, 50.00, 4.46, 24.68, 47.79, 0.23, 14.58, 1.47);
insert into SHOT values (73, 75, 76, 596, 9.20, 45.53, 20.00, 9.43, 43.05, 18.42, 0.52, 353.00, -18.87);
insert into SHOT values (74, 76, 77, 596, 5.20, 52.53, 0.00, 5.42, 50.47, -0.42, 0.29, 10.46, -7.81);
insert into SHOT values (75, 77, 78, 596, 7.20, 46.53, -12.00, 7.45, 44.28, -11.85, 0.38, 356.78, -5.03);
insert into SHOT values (76, 78, 79, 596, 6.80, 2.53, 90.00, 6.76, 7.13, 88.63, 0.17, 7.13, -13.93);
insert into SHOT values (77, 79, 80, 596, 8.50, 48.53, 25.00, 8.71, 46.06, 23.27, 0.47, 358.42, -18.75);
insert into SHOT values (78, 80, 81, 596, 11.00, 48.53, 10.00, 11.24, 45.33, 8.80, 0.70, 341.16, -15.79);
insert into SHOT values (79, 81, 82, 596, 4.50, 41.53, 20.00, 4.73, 39.92, 18.89, 0.27, 14.09, -1.91);
insert into SHOT values (80, 82, 83, 596, 9.70, 312.53, 15.00, 9.87, 311.65, 14.61, 0.24, 273.99, -4.98);
insert into SHOT values (81, 83, 84, 596, 12.80, 332.53, -13.00, 12.95, 330.38, -12.03, 0.54, 263.72, 19.38);
insert into SHOT values (82, 84, 85, 596, 10.40, 2.53, 20.00, 10.48, 0.00, 19.92, 0.44, 281.37, 1.69);
insert into SHOT values (83, 85, 86, 596, 3.50, 52.53, 24.00, 3.42, 51.00, 24.51, 0.12, 277.20, -1.73);
insert into SHOT values (84, 86, 87, 596, 4.10, 5.53, 0.00, 4.16, 4.00, 0.14, 0.13, 303.31, 4.55);
insert into SHOT values (85, 87, 88, 596, 4.10, 32.53, 0.00, 4.06, 30.79, 0.28, 0.13, 284.93, 8.81);
insert into SHOT values (86, 88, 89, 596, 6.00, 8.53, 0.00, 6.05, 6.64, 0.19, 0.21, 291.90, 5.58);
insert into SHOT values (87, 89, 90, 596, 12.10, 330.53, 22.00, 12.25, 328.69, 21.35, 0.42, 267.58, -10.04);
insert into SHOT values (88, 90, 91, 596, 18.80, 332.53, -9.00, 18.96, 329.48, -7.88, 1.07, 253.16, 18.51);
insert into SHOT values (89, 91, 92, 596, 16.50, 72.53, 65.00, 16.48, 70.94, 68.18, 0.93, 263.81, 21.76);
insert into SHOT values (90, 92, 93, 596, 7.00, 327.53, 23.00, 7.16, 326.41, 22.50, 0.21, 290.17, 1.31);
insert into SHOT values (91, 93, 94, 596, 5.70, 287.53, 50.00, 5.84, 287.68, 48.73, 0.19, 290.64, 7.13);
insert into SHOT values (92, 94, 95, 596, 6.50, 30.53, 20.00, 6.48, 28.59, 20.30, 0.21, 292.23, 7.35);
insert into SHOT values (93, 95, 96, 596, 10.80, 359.53, 0.00, 10.89, 356.79, 0.32, 0.53, 277.69, 6.51);
insert into SHOT values (94, 96, 97, 596, 5.10, 4.53, 20.00, 5.17, 2.83, 19.92, 0.16, 297.64, 5.73);
insert into SHOT values (95, 97, 98, 596, 4.80, 317.53, 28.00, 4.96, 316.84, 27.49, 0.17, 299.45, 12.10);
insert into SHOT values (96, 98, 99, 596, 9.60, 317.53, 50.00, 9.73, 316.75, 48.35, 0.32, 300.99, -15.29);
insert into SHOT values (97, 99, 100, 596, 3.90, 342.53, 38.00, 4.01, 341.28, 37.52, 0.13, 308.87, 17.28);
insert into SHOT values (98, 100, 101, 596, 10.70, 25.53, 0.00, 10.71, 22.57, 0.32, 0.56, 295.08, 6.18);
insert into SHOT values (99, 101, 102, 596, 8.50, 333.53, 21.00, 8.64, 331.98, 20.60, 0.27, 277.89, -1.32);
insert into SURVEY values (598, 24, 'zima00', 'zima00.primadona.sistem_prima', NULL);
 insert into CENTRELINE values (599, 598, NULL, NULL, NULL, 0.00, 0.00, 0.00);
 insert into SCRAPS values (600, 598, 'zima00p_1', 1);
 insert into SCRAPS values (626, 598, 'zima00p_2', 1);
 insert into SCRAPS values (635, 598, 'zima00p_5', 1);
 insert into SCRAPS values (653, 598, 'zima00p_6', 1);
 insert into SCRAPS values (663, 598, 'zima00p_3', 1);
 insert into SCRAPS values (673, 598, 'zima00p_4', 1);
 insert into SCRAPS values (693, 598, 'zima00_1e', 2);
 insert into MAPS values (745, 598, 'mzima00e', NULL, 2, 249.500, 162.640);
 insert into MAPITEMS values (745, 4, 693);
 insert into MAPS values (746, 598, 'mzima00-p', NULL, 1, 249.500, 162.640);
 insert into MAPITEMS values (746, 4, 747);
 insert into MAPITEMS values (746, 4, 748);
 insert into MAPITEMS values (746, 4, 749);
 insert into MAPITEMS values (746, 4, 750);
 insert into MAPITEMS values (746, 4, 751);
 insert into MAPITEMS values (746, 4, 752);
 insert into MAPS values (747, 598, 'mzima00p_1', NULL, 1, 249.500, 162.640);
 insert into MAPITEMS values (747, 4, 600);
 insert into MAPS values (748, 598, 'mzima00p_2', NULL, 1, 249.500, 162.640);
 insert into MAPITEMS values (748, 4, 626);
 insert into MAPS values (749, 598, 'mzima00p_3', NULL, 1, 249.500, 162.640);
 insert into MAPITEMS values (749, 4, 663);
 insert into MAPS values (750, 598, 'mzima00p_4', NULL, 1, 249.500, 162.640);
 insert into MAPITEMS values (750, 4, 673);
 insert into MAPS values (751, 598, 'mzima00p_5', NULL, 1, 249.500, 162.640);
 insert into MAPITEMS values (751, 4, 635);
 insert into MAPS values (752, 598, 'mzima00p_6', NULL, 1, 249.500, 162.640);
 insert into MAPITEMS values (752, 4, 653);
 insert into CENTRELINE values (755, 598, NULL, '2000-12-28', NULL, 249.50, 0.00, 0.00);
 insert into SHOT values (100, 103, 104, 755, 12.60, 2.57, 90.00, 12.60, 90.00, 90.00, 0.00, 2.57, 72.17);
insert into SHOT values (101, 104, 105, 755, 13.00, 309.57, 60.00, 13.00, 309.57, 60.01, 0.00, 160.38, 61.08);
insert into SHOT values (102, 105, 106, 755, 24.00, 2.57, 90.00, 23.89, 358.01, 87.24, 1.16, 358.01, -6.94);
insert into SHOT values (103, 106, 107, 755, 20.20, 77.57, 50.00, 19.95, 73.92, 54.62, 1.82, 284.40, 26.01);
insert into SHOT values (104, 107, 108, 755, 4.20, 66.57, 0.00, 3.91, 64.35, -1.32, 0.35, 273.45, -15.06);
insert into SHOT values (105, 108, 109, 755, 19.50, 37.57, 70.00, 19.34, 33.23, 72.26, 0.91, 246.95, 6.03);
insert into SHOT values (106, 109, 110, 755, 10.60, 102.57, 5.00, 10.65, 100.97, 4.85, 0.30, 22.17, -4.53);
insert into SHOT values (107, 110, 111, 755, 5.30, 37.57, 35.00, 5.39, 37.62, 34.30, 0.11, 39.24, 0.02);
insert into SHOT values (108, 111, 112, 755, 22.00, 17.57, 55.00, 22.08, 18.30, 52.20, 1.09, 28.22, -31.54);
insert into SHOT values (109, 112, 113, 755, 18.80, 2.57, 90.00, 18.81, 3.62, 87.59, 0.79, 3.62, -0.72);
insert into SHOT values (110, 113, 114, 755, 9.00, 302.57, 40.00, 8.98, 303.85, 40.05, 0.15, 40.21, -1.88);
insert into SHOT values (111, 114, 115, 755, 22.00, 2.57, 90.00, 22.02, 3.18, 87.18, 1.08, 3.18, -0.53);
insert into SHOT values (112, 115, 116, 755, 5.40, 77.57, 0.00, 5.51, 74.75, -0.42, 0.29, 9.18, -7.81);
insert into SHOT values (113, 116, 117, 755, 6.80, 42.57, 0.00, 7.06, 40.57, -0.41, 0.36, 358.31, -8.07);
insert into SHOT values (114, 117, 118, 755, 6.20, 324.57, 28.00, 6.40, 326.48, 26.56, 0.31, 2.46, -9.31);
insert into SHOT values (115, 118, 119, 755, 13.00, 7.57, 5.00, 13.31, 7.44, 3.79, 0.42, 2.30, -37.25);
insert into SHOT values (116, 119, 120, 755, 3.80, 147.57, 28.00, 3.56, 145.70, 28.70, 0.27, 351.17, -16.18);
insert into SHOT values (117, 120, 121, 755, 7.20, 42.57, 40.00, 7.38, 40.83, 37.86, 0.37, 12.72, -15.36);
insert into SHOT values (118, 121, 122, 755, 4.20, 109.57, 37.00, 4.12, 106.95, 36.98, 0.17, 356.35, -16.19);
insert into SHOT values (119, 122, 123, 755, 6.70, 72.57, -10.00, 6.83, 69.46, -10.11, 0.39, 0.70, -5.44);
insert into SHOT values (120, 123, 124, 755, 15.00, 52.57, 0.00, 15.27, 47.97, -0.83, 1.26, 332.61, -10.04);
insert into MAPS values (761, 24, 'm2001', NULL, 1, 648.150, 235.470);
 insert into MAPITEMS values (761, 4, 920);
 insert into MAPITEMS values (761, 4, 807);
 insert into MAPITEMS values (761, 4, 1096);
 insert into MAPITEMS values (761, 4, 1305);
 insert into MAPITEMS values (761, 4, 1363);
 insert into SURVEY values (762, 24, 'risanke', 'risanke.primadona.sistem_prima', NULL);
 insert into CENTRELINE values (763, 762, NULL, NULL, NULL, 0.00, 0.00, 0.00);
 insert into SCRAPS values (764, 762, 'risankep_1', 1);
 insert into SCRAPS values (779, 762, 'risanke_e1', 2);
 insert into MAPS values (806, 762, 'mrisanke_e', NULL, 2, 27.100, 18.700);
 insert into MAPITEMS values (806, 4, 779);
 insert into MAPS values (807, 762, 'mrisanke-p', NULL, 1, 27.100, 18.700);
 insert into MAPITEMS values (807, 4, 764);
 insert into CENTRELINE values (808, 762, NULL, '2001-07-19', NULL, 27.10, 0.00, 0.00);
 insert into PERSON values (5, 'Kragelj', 'Tomaz');
insert into TOPO values (5, 808);
 insert into TOPO values (4, 808);
 insert into SHOT values (121, 125, 126, 808, 6.30, 316.62, 44.00, 6.24, 316.84, 44.97, 0.12, 128.65, 15.87);
insert into SHOT values (122, 126, 127, 808, 6.10, 13.62, 57.00, 6.10, 14.67, 57.53, 0.08, 141.08, 24.28);
insert into SHOT values (123, 127, 128, 808, 9.50, 11.12, 47.00, 9.48, 12.30, 47.66, 0.17, 136.80, 21.12);
insert into SHOT values (124, 129, 128, 808, 5.20, 123.62, -24.00, 5.11, 123.59, -24.63, 0.11, 305.19, -8.12);
insert into SURVEY values (810, 24, 'risa2', 'risa2.primadona.sistem_prima', NULL);
 insert into CENTRELINE values (811, 810, NULL, NULL, NULL, 0.00, 0.00, 0.00);
 insert into SCRAPS values (812, 810, 'risa2_e1', 2);
 insert into SCRAPS values (856, 810, 'risa2p_1', 1);
 insert into SCRAPS values (884, 810, 'risa2p_2', 1);
 insert into SCRAPS values (902, 810, 'risa2p_3', 1);
 insert into MAPS values (916, 810, 'mrisa2_e', NULL, 2, 62.700, 6.380);
 insert into MAPITEMS values (916, 4, 812);
 insert into MAPS values (917, 810, 'mrisa2p_1', NULL, 1, 62.700, 6.380);
 insert into MAPITEMS values (917, 4, 856);
 insert into MAPS values (918, 810, 'mrisa2p_2', NULL, 1, 62.700, 6.380);
 insert into MAPITEMS values (918, 4, 884);
 insert into MAPS values (919, 810, 'mrisa2p_3', NULL, 1, 62.700, 6.380);
 insert into MAPITEMS values (919, 4, 902);
 insert into MAPS values (920, 810, 'mrisa2-p', NULL, 1, 62.700, 6.380);
 insert into MAPITEMS values (920, 4, 919);
 insert into MAPITEMS values (920, 4, 918);
 insert into MAPITEMS values (920, 4, 917);
 insert into CENTRELINE values (923, 810, NULL, '2001-09-21', NULL, 62.70, 0.00, 0.00);
 insert into PERSON values (6, 'Begus', 'Tadej');
insert into TOPO values (6, 923);
 insert into TOPO values (4, 923);
 insert into EXPLO values (4, 923);
 insert into SHOT values (125, 130, 131, 923, 7.40, 63.64, 27.00, 7.34, 62.57, 27.07, 0.14, 307.36, -8.19);
insert into SHOT values (126, 131, 132, 923, 3.00, 76.64, -9.00, 2.93, 75.77, -9.24, 0.09, 286.95, -0.46);
insert into SHOT values (127, 132, 133, 923, 5.30, 183.64, -30.00, 5.26, 184.55, -30.49, 0.09, 311.45, -12.31);
insert into SHOT values (128, 133, 134, 923, 7.40, 166.64, -16.00, 7.33, 167.59, -16.57, 0.16, 294.43, -18.88);
insert into SHOT values (129, 134, 135, 923, 6.65, 142.14, -3.00, 6.54, 142.53, -3.33, 0.13, 300.74, -14.55);
insert into SHOT values (130, 135, 136, 923, 5.45, 135.64, -8.00, 5.34, 135.84, -8.29, 0.12, 306.25, -5.67);
insert into SHOT values (131, 136, 137, 923, 6.65, 107.64, 17.50, 6.53, 107.27, 17.55, 0.12, 307.34, -14.09);
insert into SHOT values (132, 137, 138, 923, 5.45, 177.64, -17.50, 5.39, 178.55, -17.82, 0.11, 306.96, -6.04);
insert into SHOT values (133, 138, 139, 923, 5.50, 140.64, 1.00, 5.39, 141.02, 0.74, 0.12, 302.31, -12.68);
insert into SHOT values (134, 139, 140, 923, 4.95, 132.64, 15.50, 4.83, 132.74, 15.60, 0.12, 308.60, -11.34);
insert into SHOT values (135, 140, 141, 923, 4.95, 119.64, 0.00, 4.83, 119.64, -0.24, 0.12, 299.50, -9.65);
insert into SURVEY values (925, 24, 'pov', 'pov.primadona.sistem_prima', NULL);
 insert into CENTRELINE values (926, 925, NULL, NULL, NULL, 0.00, 0.00, 0.00);
 insert into SCRAPS values (927, 925, 'povp_1', 1);
 insert into SCRAPS values (940, 925, 'povp_2', 1);
 insert into SCRAPS values (957, 925, 'povp_3', 1);
 insert into SCRAPS values (982, 925, 'povp_4', 1);
 insert into SCRAPS values (1004, 925, 'povp_5', 1);
 insert into SCRAPS values (1016, 925, 'pov_e1', 2);
 insert into MAPS values (1090, 925, 'mpov_e1', NULL, 2, 190.350, 38.010);
 insert into MAPITEMS values (1090, 4, 1016);
 insert into MAPS values (1091, 925, 'mpovp_1', NULL, 1, 190.350, 38.010);
 insert into MAPITEMS values (1091, 4, 927);
 insert into MAPS values (1092, 925, 'mpovp_2', NULL, 1, 190.350, 38.010);
 insert into MAPITEMS values (1092, 4, 940);
 insert into MAPS values (1093, 925, 'mpovp_3', NULL, 1, 190.350, 38.010);
 insert into MAPITEMS values (1093, 4, 957);
 insert into MAPS values (1094, 925, 'mpovp_4', NULL, 1, 190.350, 38.010);
 insert into MAPITEMS values (1094, 4, 982);
 insert into MAPS values (1095, 925, 'mpovp_5', NULL, 1, 190.350, 38.010);
 insert into MAPITEMS values (1095, 4, 1004);
 insert into MAPS values (1096, 925, 'mpov-p', NULL, 1, 190.350, 38.010);
 insert into MAPITEMS values (1096, 4, 1091);
 insert into MAPITEMS values (1096, 4, 1092);
 insert into MAPITEMS values (1096, 4, 1093);
 insert into MAPITEMS values (1096, 4, 1094);
 insert into MAPITEMS values (1096, 4, 1095);
 insert into CENTRELINE values (1103, 925, NULL, '2001-07-28', NULL, 190.35, 0.00, 34.40);
 insert into TOPO values (5, 1103);
 insert into TOPO values (4, 1103);
 insert into EXPLO values (5, 1103);
 insert into EXPLO values (4, 1103);
 insert into SHOT values (136, 142, 143, 1103, 12.40, 45.62, 12.00, 12.47, 47.69, 11.47, 0.46, 124.27, -12.34);
insert into SHOT values (137, 143, 144, 1103, 7.70, 67.62, 0.00, 7.82, 68.62, -0.22, 0.18, 116.93, -9.51);
insert into SHOT values (138, 144, 145, 1103, 7.30, 345.62, 2.00, 7.24, 347.06, 1.82, 0.19, 95.12, -7.35);
insert into SHOT values (139, 145, 146, 1103, 9.75, 315.62, -6.00, 9.64, 316.69, -6.37, 0.22, 79.52, -13.31);
insert into SHOT values (140, 146, 147, 1103, 15.20, 28.62, 10.00, 15.25, 31.43, 9.51, 0.75, 114.83, -9.21);
insert into SHOT values (141, 147, 148, 1103, 8.40, 24.62, -14.00, 8.44, 26.35, -14.14, 0.25, 108.72, -6.44);
insert into SHOT values (142, 148, 149, 1103, 1.20, 0.62, -7.00, 1.17, 2.47, -7.36, 0.05, 129.94, -4.45);
insert into SHOT values (143, 149, 150, 1103, 8.50, 41.62, 35.00, 8.55, 43.05, 34.37, 0.21, 102.93, -12.79);
insert into SHOT values (144, 150, 151, 1103, 9.00, 340.62, 15.00, 8.93, 342.17, 15.00, 0.24, 87.89, -4.54);
insert into SHOT values (145, 151, 152, 1103, 9.30, 324.62, 6.00, 9.19, 325.88, 5.93, 0.23, 82.76, -5.58);
insert into SHOT values (146, 152, 153, 1103, 2.60, 251.62, -1.00, 2.48, 250.91, -1.16, 0.13, 85.73, -2.08);
insert into SHOT values (147, 153, 154, 1103, 11.15, 346.62, 13.50, 11.09, 348.55, 13.50, 0.37, 86.56, -2.01);
insert into SHOT values (148, 154, 155, 1103, 12.40, 50.62, 32.00, 12.47, 52.29, 30.98, 0.39, 111.60, -22.97);
insert into SHOT values (149, 155, 156, 1103, 5.40, 15.62, 58.00, 5.38, 16.85, 57.88, 0.06, 104.94, -17.60);
insert into SHOT values (150, 156, 157, 1103, 5.70, 0.62, 11.00, 5.67, 1.96, 10.89, 0.13, 105.16, -7.51);
insert into SHOT values (151, 157, 158, 1103, 7.05, 64.62, 14.00, 7.16, 65.64, 13.49, 0.17, 111.09, -11.76);
insert into SHOT values (152, 158, 159, 1103, 9.40, 354.62, 30.00, 9.36, 356.25, 30.13, 0.23, 96.10, 0.00);
insert into SHOT values (153, 159, 160, 1103, 6.95, 9.62, 9.00, 6.93, 11.20, 8.80, 0.19, 104.70, -8.22);
insert into SHOT values (154, 160, 161, 1103, 10.00, 29.62, 14.00, 10.05, 31.56, 13.64, 0.34, 110.07, -8.39);
insert into SHOT values (155, 161, 162, 1103, 2.20, 64.12, 9.00, 2.30, 65.01, 8.75, 0.11, 83.63, 3.17);
insert into SHOT values (156, 162, 163, 1103, 5.90, 355.62, 4.00, 5.86, 356.96, 3.82, 0.14, 101.58, -8.64);
insert into SHOT values (157, 163, 164, 1103, 3.00, 89.62, 5.00, 3.14, 90.00, 4.75, 0.14, 97.87, -0.59);
insert into SHOT values (158, 164, 165, 1103, 9.50, 343.62, 0.00, 9.44, 345.33, -0.18, 0.29, 86.95, -5.93);
insert into SHOT values (159, 165, 166, 1103, 3.30, 294.12, 21.00, 3.17, 294.40, 21.27, 0.13, 107.86, -14.31);
insert into SHOT values (160, 166, 167, 1103, 4.85, 319.62, 0.00, 4.72, 320.41, -0.24, 0.14, 112.59, -7.98);
insert into SHOT values (161, 167, 168, 1103, 2.20, 357.62, 44.00, 2.16, 358.89, 44.25, 0.05, 131.24, -21.09);
insert into SHOT values (162, 168, 169, 1103, 3.25, 320.62, 0.00, 3.25, 320.74, 0.00, 0.01, 12.99, 0.00);
insert into SHOT_FLAG values(162, 'dpl');
insert into SHOT values (163, 169, 170, 1103, 4.45, 66.62, -12.00, 4.45, 66.73, -12.06, 0.01, 147.16, -30.09);
insert into SHOT_FLAG values(163, 'dpl');
insert into SHOT values (164, 170, 171, 1103, 9.25, 123.62, -14.00, 9.25, 123.64, -13.96, 0.01, 271.22, 65.76);
insert into SHOT_FLAG values(164, 'dpl');
insert into SHOT values (165, 171, 172, 1103, 4.80, 55.62, 14.00, 4.80, 55.66, 13.97, 0.01, 86.30, -11.60);
insert into SHOT_FLAG values(165, 'dpl');
insert into SHOT values (166, 172, 173, 1103, 2.90, 107.62, 14.00, 2.90, 107.60, 13.98, 0.00, 318.37, -30.54);
insert into SHOT_FLAG values(166, 'dpl');
insert into SHOT values (167, 173, 174, 1103, 9.75, 144.62, -12.00, 9.74, 144.61, -12.02, 0.01, 349.24, -24.29);
insert into SHOT_FLAG values(167, 'dpl');
insert into SURVEY values (1105, 24, 'galerija', 'galerija.primadona.sistem_prima', NULL);
 insert into CENTRELINE values (1106, 1105, NULL, NULL, NULL, 0.00, 0.00, 0.00);
 insert into SCRAPS values (1107, 1105, 'galerijap_1', 1);
 insert into SCRAPS values (1126, 1105, 'galerijap_2', 1);
 insert into SCRAPS values (1139, 1105, 'galerijap_3', 1);
 insert into SCRAPS values (1152, 1105, 'galerijap_4', 1);
 insert into SCRAPS values (1191, 1105, 'galerijap_5', 1);
 insert into SCRAPS values (1210, 1105, 'galerijap_6', 1);
 insert into SCRAPS values (1221, 1105, 'galerija_e1', 2);
 insert into MAPS values (1298, 1105, 'mgalerija_e1', NULL, 2, 212.700, 56.610);
 insert into MAPITEMS values (1298, 4, 1221);
 insert into MAPS values (1299, 1105, 'mgalerijap_3', NULL, 1, 212.700, 56.610);
 insert into MAPITEMS values (1299, 4, 1139);
 insert into MAPS values (1300, 1105, 'mgalerijap_1', NULL, 1, 212.700, 56.610);
 insert into MAPITEMS values (1300, 4, 1107);
 insert into MAPS values (1301, 1105, 'mgalerijap_2', NULL, 1, 212.700, 56.610);
 insert into MAPITEMS values (1301, 4, 1126);
 insert into MAPS values (1302, 1105, 'mgalerijap_4', NULL, 1, 212.700, 56.610);
 insert into MAPITEMS values (1302, 4, 1152);
 insert into MAPS values (1303, 1105, 'mgalerijap_5', NULL, 1, 212.700, 56.610);
 insert into MAPITEMS values (1303, 4, 1191);
 insert into MAPS values (1304, 1105, 'mgalerijap_6', NULL, 1, 212.700, 56.610);
 insert into MAPITEMS values (1304, 4, 1210);
 insert into MAPS values (1305, 1105, 'mgalerija-p', NULL, 1, 212.700, 56.610);
 insert into MAPITEMS values (1305, 4, 1304);
 insert into MAPITEMS values (1305, 4, 1303);
 insert into MAPITEMS values (1305, 4, 1302);
 insert into MAPITEMS values (1305, 4, 1299);
 insert into MAPITEMS values (1305, 4, 1301);
 insert into MAPITEMS values (1305, 4, 1300);
 insert into CENTRELINE values (1308, 1105, NULL, '2001-09-21', NULL, 212.70, 0.00, 0.00);
 insert into TOPO values (5, 1308);
 insert into TOPO values (4, 1308);
 insert into SHOT values (168, 175, 176, 1308, 27.60, 2.64, 90.00, 27.60, 90.00, 90.00, 0.00, 2.64, 54.48);
insert into SHOT values (169, 176, 177, 1308, 2.05, 15.64, 39.00, 2.05, 15.70, 39.07, 0.00, 172.63, -1.45);
insert into SHOT values (170, 177, 178, 1308, 5.15, 25.64, 36.00, 5.15, 25.58, 35.92, 0.01, 323.65, -56.50);
insert into SHOT values (171, 178, 179, 1308, 3.90, 46.64, 9.00, 3.90, 46.68, 9.01, 0.00, 186.37, -1.13);
insert into SHOT values (172, 179, 180, 1308, 5.05, 340.64, 30.00, 5.05, 340.78, 30.05, 0.01, 68.48, 25.14);
insert into SHOT values (173, 180, 181, 1308, 8.10, 35.64, 2.00, 8.10, 35.60, 1.98, 0.01, 278.97, -21.47);
insert into SHOT values (174, 181, 182, 1308, 6.05, 14.64, 32.00, 6.05, 14.69, 32.05, 0.01, 140.87, 36.73);
insert into SHOT values (175, 182, 183, 1308, 8.70, 75.64, -13.00, 8.70, 75.59, -13.02, 0.01, 344.00, -20.89);
insert into SHOT values (176, 183, 184, 1308, 7.95, 48.64, 24.50, 7.95, 48.64, 24.52, 0.00, 140.40, 80.55);
insert into SHOT values (177, 184, 185, 1308, 14.05, 16.64, -1.50, 14.04, 16.64, -1.51, 0.01, 192.60, -16.88);
insert into SHOT values (178, 185, 186, 1308, 16.70, 65.64, 2.00, 16.54, 65.71, 1.77, 0.17, 237.75, -24.72);
insert into SHOT values (179, 186, 187, 1308, 11.20, 88.64, 6.00, 11.05, 89.64, 5.97, 0.24, 216.78, -4.87);
insert into SHOT values (180, 187, 188, 1308, 12.65, 80.64, -3.50, 12.51, 81.47, -3.94, 0.25, 210.12, -20.42);
insert into SHOT values (181, 188, 189, 1308, 12.30, 26.64, 0.00, 12.18, 24.90, -0.28, 0.39, 278.22, -8.77);
insert into SHOT values (182, 189, 190, 1308, 4.85, 53.64, 35.00, 4.71, 53.40, 35.72, 0.15, 239.75, -12.01);
insert into SHOT values (183, 190, 191, 1308, 4.50, 102.64, 0.00, 4.21, 101.52, -1.09, 0.32, 298.09, -14.60);
insert into SHOT values (184, 191, 192, 1308, 21.30, 2.64, 90.00, 21.30, 181.43, 88.92, 0.40, 181.43, -0.00);
insert into SHOT values (185, 192, 193, 1308, 4.30, 2.64, 68.00, 4.27, 3.26, 68.27, 0.04, 151.43, -27.01);
insert into SHOT values (186, 193, 194, 1308, 10.55, 19.64, 3.00, 10.52, 20.38, 3.00, 0.14, 121.39, -0.88);
insert into SHOT values (187, 194, 195, 1308, 5.50, 2.64, 90.00, 5.49, 161.57, 89.67, 0.03, 161.57, -17.55);
insert into SHOT values (188, 195, 196, 1308, 5.75, 255.64, 44.00, 5.73, 255.19, 44.18, 0.04, 123.07, -5.55);
insert into SHOT values (189, 196, 197, 1308, 6.45, 319.64, 3.00, 6.39, 319.70, 2.96, 0.06, 132.58, -7.67);
insert into SHOT values (190, 197, 198, 1308, 7.50, 333.64, 17.00, 7.44, 333.80, 17.19, 0.06, 136.07, 6.38);
insert into SHOT values (191, 198, 199, 1308, 5.80, 284.64, -4.00, 5.75, 284.45, -4.09, 0.06, 123.83, -5.34);
insert into SHOT values (192, 200, 199, 1308, 5.00, 54.64, 3.00, 4.99, 54.14, 3.10, 0.04, 313.44, 10.69);
insert into SHOT values (193, 200, 201, 1308, 10.00, 304.64, 24.00, 9.94, 304.48, 24.29, 0.08, 143.53, 16.22);
insert into SHOT values (194, 201, 202, 1308, 3.65, 220.64, 0.00, 3.70, 220.84, 0.46, 0.06, 234.75, 29.78);
insert into SHOT values (195, 202, 203, 1308, 3.70, 128.64, 0.00, 3.69, 129.17, 0.31, 0.04, 236.77, 29.09);
insert into SURVEY values (1310, 24, 'drugi', 'drugi.primadona.sistem_prima', NULL);
 insert into CENTRELINE values (1311, 1310, NULL, NULL, NULL, 0.00, 0.00, 0.00);
 insert into SCRAPS values (1312, 1310, 'drugip_1', 1);
 insert into SCRAPS values (1331, 1310, 'drugip_2', 1);
 insert into SCRAPS values (1347, 1310, 'drugip_3', 1);
 insert into MAPS values (1360, 1310, 'mdrugip_1', NULL, 1, 155.300, 67.120);
 insert into MAPITEMS values (1360, 4, 1312);
 insert into MAPS values (1361, 1310, 'mdrugip_2', NULL, 1, 155.300, 67.120);
 insert into MAPITEMS values (1361, 4, 1331);
 insert into MAPS values (1362, 1310, 'mdrugip_3', NULL, 1, 155.300, 67.120);
 insert into MAPITEMS values (1362, 4, 1347);
 insert into MAPS values (1363, 1310, 'mdrugi-p', NULL, 1, 155.300, 67.120);
 insert into MAPITEMS values (1363, 4, 1362);
 insert into MAPITEMS values (1363, 4, 1361);
 insert into MAPITEMS values (1363, 4, 1360);
 insert into CENTRELINE values (1365, 1310, NULL, '2001-07-18', NULL, 155.30, 0.00, 0.00);
 insert into TOPO values (6, 1365);
 insert into TOPO values (4, 1365);
 insert into EXPLO values (6, 1365);
 insert into EXPLO values (4, 1365);
 insert into SHOT values (196, 204, 205, 1365, 8.00, 147.62, -73.00, 8.16, 149.84, -74.30, 0.26, 294.64, -53.20);
insert into SHOT values (197, 206, 204, 1365, 5.40, 247.62, -68.00, 5.66, 247.87, -66.50, 0.30, 250.00, -38.11);
insert into SHOT values (198, 207, 206, 1365, 8.80, 254.62, -50.00, 9.10, 254.49, -49.20, 0.33, 251.94, -27.14);
insert into SHOT values (199, 208, 207, 1365, 3.00, 183.62, -3.00, 3.10, 185.56, -4.43, 0.17, 230.86, -30.17);
insert into SHOT values (200, 209, 208, 1365, 4.50, 247.62, -42.00, 4.80, 247.87, -41.76, 0.31, 251.35, -38.17);
insert into SHOT values (201, 210, 209, 1365, 12.50, 217.62, -29.00, 12.77, 219.75, -30.07, 0.55, 291.91, -38.53);
insert into SHOT values (202, 211, 210, 1365, 20.00, 2.62, -90.00, 20.21, 186.42, -87.72, 0.83, 186.42, -13.28);
insert into SHOT values (203, 212, 211, 1365, 8.50, 2.62, -90.00, 8.68, 200.56, -88.87, 0.25, 200.56, -46.49);
insert into SHOT values (204, 213, 212, 1365, 9.80, 179.62, -69.00, 9.48, 180.13, -63.35, 1.00, 182.57, 42.59);
insert into SHOT values (205, 214, 213, 1365, 5.40, 152.62, 5.00, 5.64, 153.99, 9.29, 0.49, 188.60, 62.82);
insert into SHOT values (206, 215, 214, 1365, 6.40, 151.62, 5.00, 6.63, 153.28, 9.72, 0.61, 201.38, 66.24);
insert into SHOT values (207, 216, 215, 1365, 1.70, 215.62, 0.00, 1.92, 214.77, 4.79, 0.27, 207.96, 36.92);
insert into SHOT values (208, 217, 216, 1365, 3.00, 139.62, 0.00, 3.14, 141.23, 4.02, 0.27, 173.90, 54.75);
insert into SHOT values (209, 218, 217, 1365, 18.00, 142.62, 2.00, 18.58, 147.03, 13.29, 3.90, 231.00, 69.10);
insert into SHOT values (210, 218, 219, 1365, 17.00, 285.62, -28.00, 17.51, 290.75, -37.41, 3.15, 58.44, -57.46);
insert into SHOT values (211, 214, 220, 1365, 11.00, 2.62, -90.00, 11.00, 90.00, -90.00, 0.00, 2.62, 0.00);
insert into SHOT values (212, 220, 221, 1365, 12.30, 163.62, -45.00, 12.31, 163.58, -44.98, 0.01, 125.70, -15.38);
insert into MAPS values (1377, 24, 'm2002', NULL, 1, 737.750, 494.320);
 insert into MAPITEMS values (1377, 4, 1629);
 insert into MAPITEMS values (1377, 4, 1670);
 insert into MAPITEMS values (1377, 4, 1776);
 insert into MAPITEMS values (1377, 4, 1830);
 insert into SURVEY values (1378, 24, 'smer0', 'smer0.primadona.sistem_prima', NULL);
 insert into CENTRELINE values (1379, 1378, NULL, NULL, NULL, 0.00, 0.00, 0.00);
 insert into SCRAPS values (1380, 1378, 'smer0p_1', 1);
 insert into SCRAPS values (1402, 1378, 'smer0p_2', 1);
 insert into SCRAPS values (1418, 1378, 'smer0p_3', 1);
 insert into SCRAPS values (1445, 1378, 'smer0p_4', 1);
 insert into SCRAPS values (1477, 1378, 'smer0p_6', 1);
 insert into SCRAPS values (1489, 1378, 'smer0p_5', 1);
 insert into SCRAPS values (1517, 1378, 'smer0_e1', 2);
 insert into MAPS values (1617, 1378, 'msmer0p_1', NULL, 1, 472.750, 122.180);
 insert into MAPITEMS values (1617, 4, 1380);
 insert into MAPS values (1618, 1378, 'msmer0p_2', NULL, 1, 472.750, 122.180);
 insert into MAPITEMS values (1618, 4, 1402);
 insert into MAPS values (1619, 1378, 'msmer0p_3', NULL, 1, 472.750, 122.180);
 insert into MAPITEMS values (1619, 4, 1418);
 insert into MAPS values (1620, 1378, 'msmer0p_4', NULL, 1, 472.750, 122.180);
 insert into MAPITEMS values (1620, 4, 1445);
 insert into MAPS values (1621, 1378, 'msmer0p_5', NULL, 1, 472.750, 122.180);
 insert into MAPITEMS values (1621, 4, 1489);
 insert into MAPS values (1622, 1378, 'msmer0p_6', NULL, 1, 472.750, 122.180);
 insert into MAPITEMS values (1622, 4, 1477);
 insert into MAPS values (1623, 1378, 'msmer0_e', NULL, 2, 472.750, 122.180);
 insert into MAPITEMS values (1623, 4, 1517);
 insert into MAPS values (1629, 1378, 'msmer0-p', NULL, 1, 472.750, 122.180);
 insert into MAPITEMS values (1629, 4, 1617);
 insert into MAPITEMS values (1629, 4, 1618);
 insert into MAPITEMS values (1629, 4, 1619);
 insert into MAPITEMS values (1629, 4, 1620);
 insert into MAPITEMS values (1629, 4, 1621);
 insert into MAPITEMS values (1629, 4, 1622);
 insert into CENTRELINE values (1630, 1378, NULL, '2002-12-08', NULL, 472.75, 0.00, 0.00);
 insert into PERSON values (7, 'Dejan', 'Ristic');
insert into TOPO values (7, 1630);
 insert into PERSON values (8, 'Matteo', 'Rivadossi');
insert into TOPO values (8, 1630);
 insert into PERSON values (9, 'Rok', 'Stopar');
insert into TOPO values (9, 1630);
 insert into EXPLO values (7, 1630);
 insert into EXPLO values (8, 1630);
 insert into EXPLO values (9, 1630);
 insert into SHOT values (213, 222, 223, 1630, 29.90, 298.75, 42.00, 29.90, 298.73, 42.01, 0.01, 168.83, 23.44);
insert into SHOT values (214, 224, 222, 1630, 17.00, 35.75, 14.00, 17.00, 35.75, 13.99, 0.01, 51.41, -32.02);
insert into SHOT values (215, 225, 224, 1630, 19.40, 61.75, 38.00, 19.39, 61.72, 38.00, 0.01, 300.07, -28.00);
insert into SHOT values (216, 226, 225, 1630, 19.80, 334.75, 20.00, 19.79, 334.76, 20.03, 0.01, 136.83, 36.50);
insert into SHOT values (217, 227, 226, 1630, 6.60, 2.75, 70.00, 6.60, 2.53, 69.95, 0.01, 302.66, -11.43);
insert into SHOT values (218, 228, 227, 1630, 6.20, 2.75, 90.00, 6.20, 90.00, 90.00, 0.00, 2.75, 64.46);
insert into SHOT values (219, 229, 228, 1630, 4.40, 327.75, 6.00, 4.40, 327.80, 6.01, 0.01, 97.90, 0.82);
insert into SHOT values (220, 230, 229, 1630, 6.10, 352.75, 58.00, 6.10, 352.72, 57.96, 0.00, 330.10, -38.65);
insert into SHOT values (221, 231, 230, 1630, 10.30, 29.75, 18.00, 10.29, 29.76, 17.99, 0.01, 186.04, -29.89);
insert into SHOT values (222, 232, 231, 1630, 6.30, 358.75, 16.00, 6.31, 358.77, 16.02, 0.01, 23.24, 30.22);
insert into SHOT values (223, 233, 232, 1630, 13.30, 21.75, 19.00, 13.30, 21.75, 19.00, 0.00, 120.65, -4.81);
insert into SHOT values (224, 234, 233, 1630, 4.90, 48.75, 29.00, 4.90, 48.79, 29.08, 0.01, 198.83, 35.65);
insert into SHOT values (225, 235, 234, 1630, 5.90, 353.75, 6.00, 5.91, 353.75, 5.93, 0.01, 352.41, -42.67);
insert into SHOT values (226, 236, 235, 1630, 3.20, 273.75, 15.00, 3.20, 273.72, 15.05, 0.01, 115.01, 20.32);
insert into SHOT values (227, 237, 236, 1630, 4.00, 357.75, -19.00, 4.00, 357.73, -18.97, 0.00, 301.94, 54.81);
insert into SHOT values (228, 238, 237, 1630, 2.40, 264.75, 8.00, 2.40, 264.70, 7.89, 0.01, 233.87, -44.19);
insert into SHOT values (229, 239, 238, 1630, 5.00, 13.75, 19.00, 5.00, 13.83, 19.03, 0.01, 108.33, 17.48);
insert into SHOT values (230, 240, 239, 1630, 3.80, 342.75, 25.00, 3.80, 342.62, 25.03, 0.01, 276.53, 25.12);
insert into SHOT values (231, 241, 240, 1630, 3.80, 24.75, 10.00, 3.80, 24.79, 9.99, 0.00, 67.37, 2.13);
insert into SHOT values (232, 242, 241, 1630, 9.30, 336.75, 8.00, 9.30, 336.72, 7.97, 0.01, 251.19, -43.77);
insert into SHOT values (233, 243, 242, 1630, 4.90, 359.75, -65.00, 4.90, 0.00, -65.00, 0.01, 95.07, 5.66);
insert into SHOT values (234, 244, 243, 1630, 4.00, 339.75, 27.00, 4.00, 339.63, 27.06, 0.01, 239.63, 28.98);
insert into SHOT values (235, 245, 244, 1630, 7.10, 290.75, 20.00, 7.10, 290.80, 19.93, 0.01, 352.54, -51.87);
insert into SHOT values (236, 246, 245, 1630, 10.70, 308.75, 23.00, 10.70, 308.73, 23.00, 0.01, 160.46, -9.46);
insert into SHOT values (237, 247, 246, 1630, 3.90, 37.75, 15.00, 3.90, 37.78, 15.00, 0.00, 71.41, 8.52);
insert into SHOT values (238, 248, 247, 1630, 5.10, 48.75, 41.00, 5.10, 48.69, 41.05, 0.01, 298.67, 43.87);
insert into SHOT values (239, 249, 248, 1630, 4.40, 282.75, 47.00, 4.40, 282.69, 46.99, 0.00, 235.92, 28.08);
insert into SHOT values (240, 250, 249, 1630, 2.90, 263.75, -10.00, 2.89, 263.75, -10.16, 0.01, 83.41, -35.46);
insert into SHOT values (241, 251, 250, 1630, 2.80, 317.75, 23.00, 2.81, 317.67, 23.06, 0.01, 287.73, 39.19);
insert into SHOT values (242, 252, 251, 1630, 3.50, 335.75, 8.00, 3.50, 335.80, 8.05, 0.00, 90.81, 38.35);
insert into SHOT values (243, 253, 252, 1630, 5.60, 14.75, 62.00, 5.56, 14.70, 63.00, 0.11, 195.94, 2.95);
insert into SHOT values (244, 254, 253, 1630, 9.20, 321.75, 15.00, 9.15, 320.61, 15.34, 0.19, 211.76, 11.78);
insert into SHOT values (245, 255, 254, 1630, 7.50, 289.75, -13.00, 7.50, 288.58, -12.87, 0.15, 200.49, 6.58);
insert into SHOT values (246, 256, 255, 1630, 10.40, 315.75, 38.00, 10.36, 314.60, 38.56, 0.20, 195.86, 16.97);
insert into SHOT values (247, 257, 256, 1630, 9.50, 322.75, 15.00, 9.45, 321.60, 15.34, 0.20, 212.69, 11.93);
insert into SHOT values (248, 258, 257, 1630, 3.80, 290.75, -25.00, 3.79, 289.91, -24.97, 0.05, 190.61, 6.67);
insert into SHOT values (249, 259, 258, 1630, 5.30, 327.75, 4.00, 5.24, 326.95, 4.16, 0.10, 197.36, 6.14);
insert into SHOT values (250, 260, 259, 1630, 4.80, 2.75, 90.00, 4.81, 187.13, 89.04, 0.08, 187.13, 7.07);
insert into SHOT values (251, 261, 260, 1630, 11.60, 310.75, -10.00, 11.56, 309.23, -9.91, 0.31, 212.81, 4.55);
insert into SHOT values (252, 262, 261, 1630, 14.10, 306.75, -28.00, 14.07, 305.02, -28.16, 0.38, 209.31, -3.11);
insert into SHOT values (253, 263, 262, 1630, 10.70, 338.75, -6.00, 10.62, 337.76, -5.94, 0.20, 226.03, 5.32);
insert into SHOT values (254, 264, 263, 1630, 8.75, 1.75, 12.00, 8.65, 1.36, 12.41, 0.13, 210.21, 18.58);
insert into SHOT values (255, 265, 264, 1630, 9.80, 279.75, -7.00, 9.81, 278.32, -6.85, 0.24, 192.72, 5.72);
insert into SHOT values (256, 266, 265, 1630, 11.50, 0.75, 29.00, 11.50, 0.74, 29.01, 0.01, 335.57, 57.41);
insert into SHOT values (257, 267, 266, 1630, 10.40, 37.75, 19.00, 10.39, 37.77, 18.98, 0.01, 178.42, -47.51);
insert into SHOT values (258, 268, 267, 1630, 22.20, 15.75, 23.00, 22.20, 15.73, 23.01, 0.01, 286.35, 42.10);
insert into SHOT values (259, 269, 268, 1630, 7.90, 337.75, -15.00, 8.23, 335.44, -15.29, 0.46, 291.00, -15.92);
insert into SHOT values (260, 270, 269, 1630, 13.70, 289.75, 9.00, 14.05, 291.41, 6.01, 0.90, 332.54, -48.52);
insert into SHOT values (261, 271, 270, 1630, 8.40, 316.75, 34.00, 8.66, 315.87, 30.39, 0.61, 303.91, -31.58);
insert into SHOT values (262, 272, 271, 1630, 12.30, 298.75, -10.00, 12.68, 299.36, -10.68, 0.43, 319.83, -29.94);
insert into SHOT values (263, 273, 272, 1630, 10.40, 7.75, 20.00, 10.55, 3.19, 17.65, 0.91, 295.20, -23.10);
insert into SHOT values (264, 274, 273, 1630, 4.60, 350.75, -48.00, 4.85, 348.66, -47.05, 0.29, 322.49, -27.31);
insert into SHOT values (265, 275, 274, 1630, 3.30, 72.75, -32.00, 3.17, 69.98, -33.95, 0.22, 289.06, -5.66);
insert into SHOT values (266, 276, 275, 1630, 6.40, 52.75, 12.00, 6.28, 49.02, 11.11, 0.43, 306.97, -16.15);
insert into SHOT values (267, 277, 276, 1630, 6.80, 325.75, -9.00, 7.15, 324.35, -9.50, 0.39, 298.43, -17.22);
insert into SHOT values (268, 278, 277, 1630, 7.60, 67.75, 2.00, 7.41, 63.99, 0.77, 0.55, 315.31, -17.45);
insert into SHOT values (269, 279, 278, 1630, 5.30, 34.75, 47.00, 5.22, 31.62, 46.28, 0.22, 300.44, -28.28);
insert into SURVEY values (1632, 24, 'ajdovscina', 'ajdovscina.primadona.sistem_prima', NULL);
 insert into CENTRELINE values (1633, 1632, NULL, NULL, NULL, 0.00, 0.00, 0.00);
 insert into SCRAPS values (1634, 1632, 'ajdovp_1', 1);
 insert into SCRAPS values (1644, 1632, 'ajdovp_2', 1);
 insert into SCRAPS values (1659, 1632, 'ajdov_e1', 2);
 insert into MAPS values (1669, 1632, 'majdov_e', NULL, 2, 29.000, 12.500);
 insert into MAPITEMS values (1669, 4, 1659);
 insert into MAPS values (1670, 1632, 'majdovscina-p', NULL, 1, 29.000, 12.500);
 insert into MAPITEMS values (1670, 4, 1671);
 insert into MAPITEMS values (1670, 4, 1672);
 insert into MAPS values (1671, 1632, 'madjovp_1', NULL, 1, 29.000, 12.500);
 insert into MAPITEMS values (1671, 4, 1634);
 insert into MAPS values (1672, 1632, 'madjovp_2', NULL, 1, 29.000, 12.500);
 insert into MAPITEMS values (1672, 4, 1644);
 insert into CENTRELINE values (1673, 1632, NULL, '2002-07-27', NULL, 29.00, 0.00, 0.00);
 insert into PERSON values (10, NULL, 'Ista');
insert into TOPO values (10, 1673);
 insert into TOPO values (4, 1673);
 insert into SHOT values (270, 280, 281, 1673, 12.50, 2.71, 90.00, 12.50, 90.00, 90.00, 0.00, 2.71, 0.00);
insert into SHOT values (271, 281, 282, 1673, 4.00, 19.71, 0.00, 4.19, 18.78, -0.27, 0.21, 0.18, -5.59);
insert into SHOT values (272, 282, 283, 1673, 12.50, 52.71, 0.00, 12.63, 49.21, -0.54, 0.79, 330.38, -8.75);
insert into SURVEY values (1675, 24, 'spodnji', 'spodnji.primadona.sistem_prima', NULL);
 insert into CENTRELINE values (1676, 1675, NULL, NULL, NULL, 0.00, 0.00, 0.00);
 insert into SCRAPS values (1677, 1675, 'spodnjip_1', 1);
 insert into SCRAPS values (1692, 1675, 'spodnjip_2', 1);
 insert into SCRAPS values (1708, 1675, 'spodnjip_3', 1);
 insert into SCRAPS values (1722, 1675, 'spodnjip_4', 1);
 insert into SCRAPS values (1731, 1675, 'spodnji_e1', 2);
 insert into MAPS values (1772, 1675, 'mspodnji_e', NULL, 2, 147.600, 98.380);
 insert into MAPITEMS values (1772, 4, 1731);
 insert into MAPS values (1773, 1675, 'mspodnjip_2', NULL, 1, 147.600, 98.380);
 insert into MAPITEMS values (1773, 4, 1692);
 insert into MAPS values (1774, 1675, 'mspodnjip_3', NULL, 1, 147.600, 98.380);
 insert into MAPITEMS values (1774, 4, 1708);
 insert into MAPS values (1775, 1675, 'mspodnjip_4', NULL, 1, 147.600, 98.380);
 insert into MAPITEMS values (1775, 4, 1722);
 insert into MAPS values (1776, 1675, 'mspodnji-p', NULL, 1, 147.600, 98.380);
 insert into MAPITEMS values (1776, 4, 1775);
 insert into MAPITEMS values (1776, 4, 1774);
 insert into MAPITEMS values (1776, 4, 1773);
 insert into CENTRELINE values (1779, 1675, NULL, '2002-07-27', NULL, 147.60, 0.00, 0.00);
 insert into PERSON values (11, 'Stopar', 'Rok');
insert into TOPO values (11, 1779);
 insert into TOPO values (4, 1779);
 insert into PERSON values (12, 'Milan', 'Popdecan');
insert into EXPLO values (12, 1779);
 insert into SHOT values (273, 284, 285, 1779, 7.20, 182.71, -24.00, 7.21, 182.70, -23.91, 0.01, 171.22, 40.46);
insert into SHOT values (274, 285, 286, 1779, 5.50, 164.71, -15.00, 5.50, 164.71, -15.08, 0.01, 353.37, -54.17);
insert into SHOT values (275, 286, 287, 1779, 11.30, 184.71, -47.00, 11.30, 184.76, -46.98, 0.01, 274.40, 33.09);
insert into SHOT values (276, 287, 288, 1779, 6.00, 186.71, -22.00, 6.01, 186.70, -22.00, 0.01, 174.78, -24.94);
insert into SHOT values (277, 288, 289, 1779, 10.90, 198.71, -45.00, 10.90, 198.69, -45.01, 0.00, 90.81, -40.43);
insert into SHOT values (278, 289, 290, 1779, 20.70, 2.71, -90.00, 20.70, 90.00, -90.00, 0.00, 2.71, -32.58);
insert into SHOT values (279, 290, 291, 1779, 5.70, 240.71, -25.00, 5.70, 240.81, -25.01, 0.01, 328.45, -7.49);
insert into SHOT values (280, 291, 292, 1779, 6.00, 290.71, -5.00, 6.00, 290.68, -4.97, 0.01, 169.67, 34.46);
insert into SHOT values (281, 292, 293, 1779, 3.30, 260.71, -7.00, 3.30, 260.68, -6.97, 0.00, 121.25, 36.73);
insert into SHOT values (282, 293, 294, 1779, 7.50, 323.71, 0.00, 7.50, 323.73, 0.00, 0.00, 341.84, 0.00);
insert into SHOT values (283, 294, 295, 1779, 11.60, 304.71, -50.00, 11.60, 304.73, -50.00, 0.01, 346.29, -45.60);
insert into SHOT values (284, 295, 296, 1779, 14.00, 2.71, -90.00, 14.00, 90.00, -90.00, 0.00, 2.71, 0.00);
insert into SHOT values (285, 296, 297, 1779, 6.00, 356.71, 0.00, 6.00, 356.75, 0.00, 0.00, 92.06, 0.00);
insert into SHOT values (286, 297, 298, 1779, 3.80, 303.71, -12.00, 3.80, 303.69, -12.01, 0.00, 149.86, 1.02);
insert into SHOT values (287, 298, 299, 1779, 28.10, 2.71, -90.00, 28.10, 90.00, -90.00, 0.00, 2.71, 43.27);
insert into SURVEY values (1781, 24, 'milanova', 'milanova.primadona.sistem_prima', NULL);
 insert into CENTRELINE values (1782, 1781, NULL, NULL, NULL, 0.00, 0.00, 0.00);
 insert into SCRAPS values (1783, 1781, 'milanovap_1', 1);
 insert into SCRAPS values (1797, 1781, 'milanovap_2', 1);
 insert into SCRAPS values (1808, 1781, 'milanova_e1', 2);
 insert into MAPS values (1829, 1781, 'mmilanova_e', NULL, 2, 88.400, 72.280);
 insert into MAPITEMS values (1829, 4, 1808);
 insert into MAPS values (1830, 1781, 'mmilanova-p', NULL, 1, 88.400, 72.280);
 insert into MAPITEMS values (1830, 4, 1831);
 insert into MAPITEMS values (1830, 4, 1832);
 insert into MAPS values (1831, 1781, 'mmilanovap_1', NULL, 1, 88.400, 72.280);
 insert into MAPITEMS values (1831, 4, 1783);
 insert into MAPS values (1832, 1781, 'mmilanovap_2', NULL, 1, 88.400, 72.280);
 insert into MAPITEMS values (1832, 4, 1797);
 insert into CENTRELINE values (1834, 1781, NULL, '2002-12-21', NULL, 88.40, 0.00, 0.00);
 insert into PERSON values (13, NULL, 'Bozo');
insert into TOPO values (13, 1834);
 insert into TOPO values (4, 1834);
 insert into EXPLO values (13, 1834);
 insert into SHOT values (288, 300, 301, 1834, 44.00, 70.75, 76.00, 44.00, 70.75, 76.00, 0.00, 36.11, -73.26);
insert into SHOT values (289, 302, 300, 1834, 14.00, 190.75, 40.00, 14.00, 190.74, 39.99, 0.00, 171.33, 14.89);
insert into SHOT values (290, 303, 302, 1834, 2.60, 200.75, 27.00, 2.59, 200.79, 27.05, 0.01, 7.09, -3.36);
insert into SHOT values (291, 304, 303, 1834, 3.20, 269.75, 53.00, 3.20, 269.70, 53.13, 0.01, 105.68, 35.98);
insert into SHOT values (292, 305, 304, 1834, 4.00, 251.75, 35.00, 4.00, 251.73, 34.88, 0.01, 244.38, -25.35);
insert into SHOT values (293, 306, 305, 1834, 5.00, 204.75, 7.00, 4.99, 204.70, 7.02, 0.01, 48.61, 3.61);
insert into SHOT values (294, 307, 306, 1834, 5.20, 213.75, 43.00, 5.21, 213.77, 42.95, 0.01, 221.87, 18.74);
insert into SHOT values (295, 308, 307, 1834, 10.40, 2.75, 90.00, 10.40, 90.00, 90.00, 0.00, 2.75, 68.16);
insert into MAPS values (1843, 24, 'm2004', NULL, 1, 223.500, 51.940);
 insert into MAPITEMS values (1843, 4, 1923);
 insert into SURVEY values (1844, 24, 'popotresni', 'popotresni.primadona.sistem_prima', NULL);
 insert into CENTRELINE values (1845, 1844, NULL, NULL, NULL, 0.00, 0.00, 0.00);
 insert into SCRAPS values (1846, 1844, 'popotresnip_1', 1);
 insert into SCRAPS values (1864, 1844, 'popotresnip_2', 1);
 insert into SCRAPS values (1878, 1844, 'popotresnip_3', 1);
 insert into SCRAPS values (1890, 1844, 'popotresnip_4', 1);
 insert into SCRAPS values (1901, 1844, 'popotresnip_5', 1);
 insert into MAPS values (1918, 1844, 'mpopotresnip_1', NULL, 1, 223.500, 51.940);
 insert into MAPITEMS values (1918, 4, 1846);
 insert into MAPS values (1919, 1844, 'mpopotresnip_2', NULL, 1, 223.500, 51.940);
 insert into MAPITEMS values (1919, 4, 1864);
 insert into MAPS values (1920, 1844, 'mpopotresnip_3', NULL, 1, 223.500, 51.940);
 insert into MAPITEMS values (1920, 4, 1878);
 insert into MAPS values (1921, 1844, 'mpopotresnip_4', NULL, 1, 223.500, 51.940);
 insert into MAPITEMS values (1921, 4, 1890);
 insert into MAPS values (1922, 1844, 'mpopotresnip_5', NULL, 1, 223.500, 51.940);
 insert into MAPITEMS values (1922, 4, 1901);
 insert into MAPS values (1923, 1844, 'mpopotresni-p', NULL, 1, 223.500, 51.940);
 insert into MAPITEMS values (1923, 4, 1922);
 insert into MAPITEMS values (1923, 4, 1921);
 insert into MAPITEMS values (1923, 4, 1920);
 insert into MAPITEMS values (1923, 4, 1919);
 insert into MAPITEMS values (1923, 4, 1918);
 insert into CENTRELINE values (1926, 1844, NULL, '2004-07-17', NULL, 223.50, 0.00, 0.00);
 insert into TOPO values (10, 1926);
 insert into PERSON values (14, 'Bogomir', 'Remskar');
insert into TOPO values (14, 1926);
 insert into SHOT values (296, 309, 310, 1926, 6.00, 2.89, -90.00, 6.00, 90.00, -90.00, 0.00, 2.89, 0.00);
insert into SHOT values (297, 310, 311, 1926, 4.60, 195.89, -47.00, 4.61, 195.90, -47.02, 0.01, 199.52, -63.51);
insert into SHOT values (298, 311, 312, 1926, 10.50, 233.89, -71.00, 10.50, 233.94, -71.02, 0.01, 21.67, -22.83);
insert into SHOT values (299, 312, 313, 1926, 13.80, 185.89, -33.00, 13.80, 185.90, -32.96, 0.01, 194.48, 37.90);
insert into SHOT values (300, 313, 314, 1926, 4.40, 211.89, -65.00, 4.40, 211.97, -65.12, 0.01, 15.35, -13.80);
insert into SHOT values (301, 314, 315, 1926, 4.80, 245.89, -27.00, 4.80, 245.83, -27.02, 0.00, 129.18, -9.81);
insert into SHOT values (302, 315, 316, 1926, 8.60, 257.89, 34.00, 8.60, 257.85, 34.01, 0.00, 166.09, 11.48);
insert into SHOT values (303, 316, 317, 1926, 7.30, 226.89, -7.00, 7.30, 226.90, -7.00, 0.00, 350.62, -13.42);
insert into SHOT values (304, 317, 318, 1926, 3.80, 180.89, -17.00, 3.80, 180.95, -17.00, 0.01, 315.71, 11.64);
insert into SHOT values (305, 318, 319, 1926, 4.30, 280.89, -23.00, 4.30, 280.91, -22.98, 0.00, 303.50, 2.19);
insert into SHOT values (306, 319, 320, 1926, 2.80, 312.89, 14.00, 2.79, 312.76, 14.08, 0.01, 177.16, 16.00);
insert into SHOT values (307, 320, 321, 1926, 2.20, 7.89, 3.00, 2.20, 7.84, 2.86, 0.01, 336.56, -50.96);
insert into SHOT values (308, 321, 322, 1926, 2.40, 305.89, 4.00, 2.40, 305.82, 4.06, 0.00, 186.96, 35.53);
insert into SHOT values (309, 318, 323, 1926, 3.60, 273.89, 52.00, 3.60, 273.88, 52.05, 0.00, 108.99, 66.98);
insert into SHOT values (310, 323, 324, 1926, 3.00, 267.89, -10.00, 3.00, 267.86, -10.18, 0.01, 118.64, -73.04);
insert into SHOT values (311, 324, 325, 1926, 4.80, 227.89, -35.00, 4.80, 227.88, -34.94, 0.01, 220.19, 34.50);
insert into SHOT values (312, 325, 326, 1926, 3.90, 263.89, -28.00, 3.90, 263.99, -28.02, 0.01, 31.66, 7.12);
insert into SHOT values (313, 326, 327, 1926, 2.40, 144.89, 0.00, 2.35, 145.57, 0.49, 0.06, 294.92, 19.83);
insert into SHOT values (314, 327, 328, 1926, 18.00, 2.89, -90.00, 17.96, 333.43, -89.86, 0.06, 333.43, 41.81);
insert into SHOT values (315, 328, 329, 1926, 14.20, 179.89, 41.00, 14.23, 181.13, 41.72, 0.29, 292.82, 31.65);
insert into SHOT values (316, 330, 331, 1926, 11.70, 199.89, 32.00, 11.70, 199.86, 32.01, 0.01, 88.41, -0.53);
insert into SHOT values (317, 331, 332, 1926, 5.20, 190.89, -33.00, 5.20, 190.97, -32.99, 0.01, 293.01, 18.21);
insert into SHOT values (318, 332, 333, 1926, 12.30, 222.89, -31.00, 12.30, 222.88, -31.04, 0.01, 53.58, -34.64);
insert into SHOT values (319, 332, 316, 1926, 11.30, 112.89, -31.00, 11.31, 112.89, -30.98, 0.01, 107.77, -0.55);
insert into SHOT values (320, 334, 335, 1926, 5.30, 318.89, 36.00, 5.30, 318.88, 36.04, 0.00, 229.81, 76.65);
insert into SHOT values (321, 335, 336, 1926, 9.50, 2.89, -90.00, 9.50, 90.00, -90.00, 0.00, 2.89, 0.00);
insert into SHOT values (322, 335, 337, 1926, 5.00, 297.89, 0.00, 5.00, 297.90, 0.00, 0.00, 319.07, 0.00);
insert into SHOT values (323, 337, 338, 1926, 1.20, 194.89, -25.00, 1.20, 194.93, -25.14, 0.00, 334.42, -68.02);
insert into SHOT values (324, 338, 339, 1926, 4.00, 303.89, 7.00, 3.99, 303.89, 7.05, 0.01, 124.71, 20.28);
insert into SHOT values (325, 339, 340, 1926, 5.70, 336.89, -6.00, 5.70, 336.83, -6.04, 0.01, 232.77, -32.69);
insert into SHOT values (326, 340, 341, 1926, 4.60, 266.89, 5.00, 4.59, 266.99, 5.00, 0.01, 34.23, -5.12);
insert into SHOT values (327, 341, 342, 1926, 4.40, 331.89, 0.00, 4.40, 331.81, 0.00, 0.01, 261.34, 0.00);
insert into SHOT values (328, 342, 343, 1926, 4.40, 323.89, -8.00, 4.40, 323.97, -7.98, 0.01, 91.45, 16.99);
insert into SHOT values (329, 343, 344, 1926, 3.80, 279.89, 24.00, 3.80, 279.79, 24.07, 0.01, 181.22, 34.65);
insert into SHOT values (330, 344, 345, 1926, 4.70, 226.89, -15.00, 4.70, 226.96, -15.03, 0.01, 293.41, -30.16);
insert into SHOT values (331, 345, 329, 1926, 5.00, 304.89, 24.00, 4.99, 304.91, 23.99, 0.01, 113.58, -27.10);
insert into MAPS values (1932, 24, 'm2005', NULL, 1, 133.600, 43.030);
 insert into MAPITEMS values (1932, 4, 1999);
 insert into SURVEY values (1933, 24, 'brez_volje', 'brez_volje.primadona.sistem_prima', NULL);
 insert into CENTRELINE values (1934, 1933, NULL, NULL, NULL, 0.00, 0.00, 0.00);
 insert into SCRAPS values (1935, 1933, 'brez_voljep_1', 1);
 insert into SCRAPS values (1954, 1933, 'brez_voljep_2', 1);
 insert into SCRAPS values (1973, 1933, 'brez_voljep_3', 1);
 insert into SCRAPS values (1986, 1933, 'brez_voljep_4', 1);
 insert into MAPS values (1999, 1933, 'mbrez_volje-p', NULL, 1, 133.600, 43.030);
 insert into MAPITEMS values (1999, 4, 2000);
 insert into MAPITEMS values (1999, 4, 2001);
 insert into MAPITEMS values (1999, 4, 2002);
 insert into MAPITEMS values (1999, 4, 2003);
 insert into MAPS values (2000, 1933, 'mbrez_voljep_1', NULL, 1, 133.600, 43.030);
 insert into MAPITEMS values (2000, 4, 1935);
 insert into MAPS values (2001, 1933, 'mbrez_voljep_2', NULL, 1, 133.600, 43.030);
 insert into MAPITEMS values (2001, 4, 1954);
 insert into MAPS values (2002, 1933, 'mbrez_voljep_3', NULL, 1, 133.600, 43.030);
 insert into MAPITEMS values (2002, 4, 1973);
 insert into MAPS values (2003, 1933, 'mbrez_voljep_4', NULL, 1, 133.600, 43.030);
 insert into MAPITEMS values (2003, 4, 1986);
 insert into CENTRELINE values (2006, 1933, NULL, '2005-10-15', NULL, 133.60, 0.00, 0.00);
 insert into TOPO values (14, 2006);
 insert into TOPO values (6, 2006);
 insert into EXPLO values (14, 2006);
 insert into EXPLO values (6, 2006);
 insert into SHOT values (332, 346, 347, 2006, 4.90, 349.02, 3.00, 4.87, 349.71, 2.59, 0.07, 102.33, -29.72);
insert into SHOT values (333, 347, 348, 2006, 1.60, 53.02, -5.00, 1.66, 53.62, -5.53, 0.06, 69.61, -18.74);
insert into SHOT values (334, 348, 349, 2006, 8.20, 3.02, 14.00, 8.19, 4.03, 13.49, 0.16, 92.19, -27.53);
insert into SHOT values (335, 349, 350, 2006, 13.00, 13.02, 11.00, 13.01, 14.43, 10.18, 0.37, 96.02, -29.60);
insert into SHOT values (336, 350, 351, 2006, 8.80, 81.02, 45.00, 8.83, 81.23, 43.88, 0.18, 90.69, -35.49);
insert into SHOT values (337, 351, 352, 2006, 10.00, 66.02, 20.00, 10.00, 66.00, 20.01, 0.01, 272.83, -2.07);
insert into SHOT values (338, 352, 353, 2006, 7.90, 61.02, 7.00, 7.90, 61.02, 6.98, 0.00, 66.08, -69.09);
insert into SHOT values (339, 353, 354, 2006, 3.40, 85.02, 27.00, 3.40, 85.08, 26.93, 0.01, 147.61, -43.22);
insert into SHOT values (340, 354, 355, 2006, 2.10, 48.02, -18.00, 2.10, 48.03, -17.71, 0.01, 53.49, 53.00);
insert into SHOT values (341, 355, 356, 2006, 1.30, 13.02, 20.00, 1.30, 12.78, 19.83, 0.01, 267.59, -42.04);
insert into SHOT values (342, 356, 357, 2006, 3.50, 74.02, 19.00, 3.50, 74.03, 19.02, 0.00, 226.43, 15.17);
insert into SHOT values (343, 357, 358, 2006, 3.00, 334.02, 0.00, 3.00, 334.12, 0.00, 0.01, 53.33, 0.00);
insert into SHOT values (344, 358, 359, 2006, 3.00, 312.02, 13.00, 3.00, 312.09, 12.91, 0.01, 26.93, -51.33);
insert into SHOT values (345, 359, 360, 2006, 1.60, 29.02, 10.00, 1.59, 29.02, 10.13, 0.01, 208.42, 13.50);
insert into SHOT values (346, 360, 361, 2006, 5.70, 13.02, 13.00, 5.70, 13.01, 12.98, 0.00, 214.48, -56.30);
insert into SHOT values (347, 361, 362, 2006, 2.60, 323.02, 45.00, 2.60, 323.19, 45.06, 0.01, 76.70, 13.82);
insert into SHOT values (348, 362, 363, 2006, 1.20, 297.02, 30.00, 1.20, 296.81, 29.93, 0.00, 243.76, 0.00);
insert into SHOT values (349, 363, 364, 2006, 4.40, 326.02, 18.00, 4.40, 326.01, 18.00, 0.00, 277.95, 19.23);
insert into SHOT values (350, 364, 365, 2006, 6.70, 3.02, 29.00, 6.71, 3.03, 28.98, 0.01, 11.85, 12.02);
insert into SHOT values (351, 365, 366, 2006, 3.30, 53.02, 16.00, 3.30, 52.95, 16.02, 0.00, 292.65, 5.33);
insert into SHOT values (352, 366, 367, 2006, 1.10, 68.02, 20.00, 1.10, 68.40, 20.21, 0.01, 167.83, 27.97);
insert into SHOT values (353, 367, 368, 2006, 4.40, 107.02, -9.00, 4.40, 106.98, -9.01, 0.01, 68.54, -19.61);
insert into SHOT values (354, 368, 369, 2006, 5.70, 41.02, 0.00, 5.70, 41.02, 0.00, 0.00, 220.98, 0.00);
insert into SHOT values (355, 369, 370, 2006, 5.00, 3.02, 90.00, 5.00, 90.00, 90.00, 0.00, 3.02, 0.00);
insert into SHOT values (356, 370, 371, 2006, 6.50, 43.02, 75.00, 6.50, 43.07, 74.99, 0.00, 91.47, 32.55);
insert into SHOT values (357, 371, 372, 2006, 1.50, 136.02, 20.00, 1.49, 136.16, 20.01, 0.01, 295.36, -17.15);
insert into SHOT values (358, 372, 373, 2006, 1.80, 11.02, 0.00, 1.79, 11.25, 0.00, 0.01, 138.44, 0.00);
insert into SHOT values (359, 373, 374, 2006, 3.10, 39.02, 10.00, 3.11, 38.89, 10.01, 0.01, 346.57, 11.65);
insert into SHOT values (360, 374, 375, 2006, 2.50, 66.02, 0.00, 2.49, 66.11, 0.00, 0.01, 213.67, 0.00);
insert into SHOT values (361, 375, 376, 2006, 5.80, 26.02, 38.00, 5.80, 26.06, 37.96, 0.01, 63.56, -8.02);
insert into SHOT values (362, 376, 377, 2006, 0.00, 3.02, 0.00, 0.00, 90.00, 0.00, 0.00, 90.00, 0.00);
insert into MAPS values (2010, 24, 'm2006', NULL, 1, 114.150, 22.390);
 insert into MAPITEMS values (2010, 4, 2062);
 insert into SURVEY values (2011, 24, 'smer1', 'smer1.primadona.sistem_prima', NULL);
 insert into CENTRELINE values (2012, 2011, NULL, NULL, NULL, 0.00, 0.00, 0.00);
 insert into SCRAPS values (2013, 2011, 'smer1p_1', 1);
 insert into SCRAPS values (2037, 2011, 'smer1p_2', 1);
 insert into SCRAPS values (2048, 2011, 'smer1p_3', 1);
 insert into MAPS values (2059, 2011, 'msmer1p_1', NULL, 1, 114.150, 22.390);
 insert into MAPITEMS values (2059, 4, 2013);
 insert into MAPS values (2060, 2011, 'msmer1p_2', NULL, 1, 114.150, 22.390);
 insert into MAPITEMS values (2060, 4, 2037);
 insert into MAPS values (2061, 2011, 'msmer1p_3', NULL, 1, 114.150, 22.390);
 insert into MAPITEMS values (2061, 4, 2048);
 insert into MAPS values (2062, 2011, 'msmer1-p', NULL, 1, 114.150, 22.390);
 insert into MAPITEMS values (2062, 4, 2061);
 insert into MAPITEMS values (2062, 4, 2060);
 insert into MAPITEMS values (2062, 4, 2059);
 insert into CENTRELINE values (2065, 2011, NULL, '2006-10-21', NULL, 114.15, 0.00, 0.00);
 insert into PERSON values (15, 'Jarvist', 'Frost');
insert into TOPO values (15, 2065);
 insert into TOPO values (2, 2065);
 insert into SHOT values (363, 378, 379, 2065, 6.30, 313.12, 20.00, 6.34, 314.05, 19.72, 0.11, 16.72, -7.77);
insert into SHOT values (364, 380, 378, 2065, 11.30, 343.12, -35.00, 11.37, 343.92, -34.37, 0.19, 28.31, 18.43);
insert into SHOT values (365, 381, 380, 2065, 13.00, 305.12, -28.00, 13.04, 306.71, -27.89, 0.32, 27.41, 0.56);
insert into SHOT values (366, 382, 381, 2065, 5.00, 268.12, -30.00, 4.98, 269.07, -30.27, 0.08, 21.14, -7.39);
insert into SHOT values (367, 382, 383, 2065, 9.40, 146.12, -6.00, 9.45, 147.24, -5.77, 0.19, 219.17, 9.64);
insert into SHOT values (368, 383, 384, 2065, 6.30, 133.12, 11.00, 6.35, 134.09, 10.98, 0.12, 196.72, 3.84);
insert into SHOT values (369, 384, 385, 2065, 11.50, 129.12, 0.00, 11.54, 130.68, 0.15, 0.32, 213.07, 5.44);
insert into SHOT values (370, 385, 386, 2065, 5.20, 92.12, -8.00, 5.17, 93.14, -7.90, 0.10, 201.88, 8.10);
insert into SHOT values (371, 386, 387, 2065, 3.20, 110.12, -13.00, 3.21, 110.81, -12.98, 0.04, 191.60, -0.24);
insert into SHOT values (372, 387, 388, 2065, 3.80, 194.12, -5.00, 3.90, 194.14, -4.71, 0.10, 194.93, 6.24);
insert into SHOT values (373, 388, 389, 2065, 4.75, 152.12, -25.00, 4.81, 152.79, -24.68, 0.09, 188.69, -1.71);
insert into SHOT values (374, 389, 390, 2065, 3.80, 138.12, 0.00, 3.86, 139.00, 0.15, 0.08, 184.73, 7.05);
insert into SHOT values (375, 390, 391, 2065, 3.50, 161.12, 0.00, 3.58, 161.62, 0.00, 0.09, 181.57, 0.00);
insert into SHOT values (376, 391, 392, 2065, 7.30, 116.12, -22.00, 7.31, 117.21, -21.86, 0.13, 201.44, 6.48);
insert into SHOT values (377, 393, 392, 2065, 0.60, 88.12, 0.00, 0.63, 85.46, -0.91, 0.04, 44.98, -13.12);
insert into SHOT values (378, 393, 394, 2065, 9.70, 136.12, -42.00, 9.73, 137.17, -41.44, 0.17, 193.29, 17.73);
insert into SHOT values (379, 394, 395, 2065, 9.50, 3.12, -90.00, 9.49, 184.97, -88.61, 0.23, 184.97, 2.48);
insert into MAPS values (2067, 24, 'm2016', NULL, 1, 1202.130, 193.160);
 insert into MAPITEMS values (2067, 4, 2553);
 insert into MAPITEMS values (2067, 4, 2459);
 insert into MAPITEMS values (2067, 4, 2736);
 insert into MAPITEMS values (2067, 4, 2787);
 insert into MAPITEMS values (2067, 4, 2325);
 insert into MAPITEMS values (2067, 4, 2242);
 insert into MAPITEMS values (2067, 4, 2273);
 insert into MAPITEMS values (2067, 4, 2638);
 insert into MAPITEMS values (2067, 4, 2682);
 insert into MAPITEMS values (2067, 4, 2599);
 insert into MAPITEMS values (2067, 4, 2766);
 insert into MAPITEMS values (2067, 4, 2496);
 insert into MAPITEMS values (2067, 4, 2390);
 insert into SURVEY values (2068, 24, 'karstaway', 'karstaway.primadona.sistem_prima', NULL);
 insert into CENTRELINE values (2069, 2068, NULL, NULL, NULL, 0.00, 0.00, 0.00);
 insert into SCRAPS values (2070, 2068, 'karstawayp_1', 1);
 insert into SCRAPS values (2084, 2068, 'karstawayp_2', 1);
 insert into SCRAPS values (2104, 2068, 'karstawayp_3', 1);
 insert into SCRAPS values (2133, 2068, 'karstawayp_4', 1);
 insert into SCRAPS values (2156, 2068, 'karstaway-e1', 2);
 insert into MAPS values (2242, 2068, 'mkarstaway-p', NULL, 1, 192.080, 61.420);
 insert into MAPITEMS values (2242, 4, 2070);
 insert into MAPITEMS values (2242, 4, 2084);
 insert into MAPITEMS values (2242, 4, 2104);
 insert into MAPITEMS values (2242, 4, 2133);
 insert into MAPS values (2243, 2068, 'mkarstaway-e', NULL, 2, 192.080, 61.420);
 insert into MAPITEMS values (2243, 4, 2156);
 insert into CENTRELINE values (2246, 2068, NULL, '2016-07-19', '2016-07-19', 192.08, 0.00, 61.74);
 insert into PERSON values (16, 'Jack', 'Hare');
insert into TOPO values (16, 2246);
 insert into PERSON values (17, 'Tanguy', 'Racine');
insert into TOPO values (17, 2246);
 insert into EXPLO values (16, 2246);
 insert into SHOT values (380, 396, 397, 2246, 7.87, 5.27, 23.00, 7.81, 5.25, 22.66, 0.07, 189.91, -62.26);
insert into SHOT values (381, 397, 398, 2246, 5.00, 15.27, -4.00, 4.95, 15.28, -4.52, 0.07, 195.13, -37.62);
insert into SHOT values (382, 398, 399, 2246, 8.31, 355.27, -12.00, 8.28, 355.17, -12.70, 0.11, 191.45, -60.69);
insert into SHOT values (383, 399, 400, 2246, 7.61, 15.27, -1.00, 7.56, 15.34, -1.67, 0.10, 185.06, -60.03);
insert into SHOT values (384, 400, 401, 2246, 10.21, 134.27, 6.00, 10.23, 134.84, 5.27, 0.16, 208.84, -50.60);
insert into SHOT values (385, 401, 402, 2246, 7.14, 22.27, 20.00, 7.08, 22.38, 19.63, 0.07, 184.57, -57.91);
insert into SHOT values (386, 402, 403, 2246, 6.51, 2.27, -4.00, 6.46, 2.22, -4.52, 0.07, 188.89, -48.40);
insert into SHOT values (387, 403, 404, 2246, 2.65, 55.27, 25.00, 2.60, 55.70, 24.59, 0.06, 212.11, -41.57);
insert into SHOT values (388, 404, 405, 2246, 3.50, 3.27, -25.00, 3.48, 3.28, -25.50, 0.03, 182.46, -37.73);
insert into SHOT values (389, 405, 406, 2246, 5.40, 95.27, 2.00, 5.40, 95.74, 1.59, 0.06, 185.02, -41.08);
insert into SHOT values (390, 406, 407, 2246, 12.33, 138.27, -2.00, 12.36, 138.91, -2.88, 0.23, 221.53, -53.97);
insert into SHOT values (391, 407, 408, 2246, 2.45, 164.27, 16.00, 2.48, 164.45, 15.68, 0.03, 177.09, -9.11);
insert into SHOT values (392, 408, 409, 2246, 8.22, 167.27, -2.00, 8.27, 167.48, -2.64, 0.11, 202.80, -61.40);
insert into SHOT values (393, 409, 410, 2246, 5.77, 158.27, 0.00, 5.81, 158.51, -0.49, 0.07, 186.72, -44.87);
insert into SHOT values (394, 410, 411, 2246, 5.54, 165.27, -9.00, 5.59, 165.41, -9.36, 0.06, 181.10, -42.12);
insert into SHOT values (395, 411, 412, 2246, 2.47, 102.27, -8.00, 2.48, 102.50, -8.59, 0.03, 180.30, -69.10);
insert into SHOT values (396, 412, 413, 2246, 6.44, 160.27, 11.00, 6.47, 160.54, 10.42, 0.08, 195.55, -48.98);
insert into SHOT values (397, 413, 414, 2246, 13.77, 151.27, -6.00, 13.77, 151.28, -6.00, 0.00, 245.92, -17.04);
insert into SHOT values (398, 413, 415, 2246, 7.38, 56.27, 56.00, 7.32, 56.66, 56.00, 0.06, 196.58, -48.25);
insert into SHOT values (399, 415, 416, 2246, 6.12, 349.27, 45.00, 6.06, 349.11, 44.95, 0.06, 186.26, -48.42);
insert into SHOT values (400, 416, 417, 2246, 9.46, 93.27, 18.00, 9.44, 93.88, 17.38, 0.14, 175.43, -46.95);
insert into SHOT values (401, 417, 418, 2246, 4.62, 131.27, 32.00, 4.61, 131.60, 31.51, 0.05, 190.27, -55.90);
insert into SHOT values (402, 418, 419, 2246, 7.35, 113.27, 31.00, 7.34, 113.77, 30.46, 0.09, 177.65, -47.20);
insert into SHOT values (403, 419, 420, 2246, 5.50, 140.27, -7.00, 5.54, 140.54, -7.47, 0.06, 178.54, -50.19);
insert into SHOT values (404, 420, 421, 2246, 30.46, 4.27, 90.00, 30.41, 191.31, 89.52, 0.26, 191.31, -11.10);
insert into SHOT values (405, 421, 422, 2246, 2.22, 356.27, 42.00, 2.18, 356.80, 42.35, 0.04, 154.63, -21.06);
insert into SHOT_FLAG values(405, 'dpl');
insert into SHOT values (406, 422, 423, 2246, 2.93, 2.27, 32.00, 2.90, 2.57, 32.13, 0.04, 160.83, -20.02);
insert into SHOT_FLAG values(406, 'dpl');
insert into SHOT values (407, 423, 424, 2246, 5.43, 61.27, 22.00, 5.44, 61.76, 21.89, 0.05, 130.35, -5.12);
insert into SHOT_FLAG values(407, 'dpl');
insert into SHOT values (408, 424, 425, 2246, 6.13, 347.27, 27.00, 6.09, 347.63, 27.17, 0.06, 131.11, -2.96);
insert into SHOT_FLAG values(408, 'dpl');
insert into SHOT values (409, 425, 426, 2246, 6.06, 37.27, 2.00, 6.05, 37.82, 1.99, 0.06, 133.00, -1.48);
insert into SHOT_FLAG values(409, 'dpl');
insert into SHOT values (410, 426, 427, 2246, 6.92, 24.27, 0.00, 6.90, 24.86, -0.08, 0.07, 131.14, -7.77);
insert into SHOT_FLAG values(410, 'dpl');
insert into SHOT values (411, 427, 428, 2246, 3.16, 78.27, 16.00, 3.19, 78.73, 16.00, 0.04, 115.84, 12.73);
insert into SHOT_FLAG values(411, 'dpl');
insert into SHOT values (412, 428, 429, 2246, 5.56, 65.27, -21.00, 5.58, 65.75, -21.00, 0.05, 131.54, -9.03);
insert into SHOT_FLAG values(412, 'dpl');
insert into SHOT values (413, 429, 430, 2246, 6.44, 25.27, 13.00, 6.42, 25.87, 12.96, 0.07, 131.01, -7.33);
insert into SHOT_FLAG values(413, 'dpl');
insert into SHOT values (414, 430, 431, 2246, 2.47, 84.27, 22.00, 2.50, 84.81, 21.85, 0.04, 120.59, 7.40);
insert into SHOT_FLAG values(414, 'dpl');
insert into SHOT values (415, 431, 432, 2246, 5.63, 30.27, -6.00, 5.62, 30.79, -6.03, 0.05, 133.67, -1.67);
insert into SHOT_FLAG values(415, 'dpl');
insert into SHOT values (416, 432, 433, 2246, 6.62, 14.27, 4.00, 6.59, 14.80, 4.00, 0.07, 127.70, -1.57);
insert into SHOT_FLAG values(416, 'dpl');
insert into SHOT values (417, 433, 434, 2246, 2.17, 346.27, 18.00, 2.12, 346.52, 18.13, 0.05, 156.29, -12.17);
insert into SHOT_FLAG values(417, 'dpl');
insert into SURVEY values (2248, 24, 'mfi', 'mfi.primadona.sistem_prima', NULL);
 insert into CENTRELINE values (2249, 2248, NULL, NULL, NULL, 0.00, 0.00, 0.00);
 insert into SCRAPS values (2250, 2248, 'mfip_1', 1);
 insert into SCRAPS values (2264, 2248, 'mfip_2', 1);
 insert into MAPS values (2273, 2248, 'mmfi-p', NULL, 1, 32.330, 27.870);
 insert into MAPITEMS values (2273, 4, 2274);
 insert into MAPITEMS values (2273, 4, 2275);
 insert into MAPS values (2274, 2248, 'mmfi-p1', NULL, 1, 32.330, 27.870);
 insert into MAPITEMS values (2274, 4, 2250);
 insert into MAPS values (2275, 2248, 'mmfi-p2', NULL, 1, 32.330, 27.870);
 insert into MAPITEMS values (2275, 4, 2264);
 insert into CENTRELINE values (2276, 2248, NULL, '2016-07-21', NULL, 32.33, 0.00, 0.00);
 insert into TOPO values (16, 2276);
 insert into PERSON values (18, 'Rhys', 'Tyers');
insert into TOPO values (18, 2276);
 insert into EXPLO values (16, 2276);
 insert into EXPLO values (18, 2276);
 insert into SHOT values (418, 435, 436, 2276, 3.31, 54.27, 48.00, 3.24, 54.55, 47.96, 0.07, 220.16, -48.87);
insert into SHOT values (419, 436, 437, 2276, 7.80, 291.27, 81.00, 7.75, 290.83, 81.03, 0.05, 151.08, -71.69);
insert into SHOT values (420, 437, 438, 2276, 19.66, 54.27, 65.00, 19.60, 54.67, 65.23, 0.11, 204.01, -9.21);
insert into SHOT values (421, 438, 439, 2276, 1.56, 351.27, -5.00, 1.52, 351.22, -5.68, 0.05, 172.89, -16.82);
insert into SURVEY values (2278, 24, 'hotmk', 'hotmk.primadona.sistem_prima', NULL);
 insert into CENTRELINE values (2279, 2278, NULL, NULL, NULL, 0.00, 0.00, 0.00);
 insert into SCRAPS values (2280, 2278, 'hotmkp_1', 1);
 insert into SCRAPS values (2289, 2278, 'hotmkp_2', 1);
 insert into SCRAPS values (2311, 2278, 'hotmkp_3', 1);
 insert into MAPS values (2325, 2278, 'mhotmk-p', NULL, 1, 104.000, 40.020);
 insert into MAPITEMS values (2325, 4, 2326);
 insert into MAPITEMS values (2325, 4, 2327);
 insert into MAPITEMS values (2325, 4, 2328);
 insert into MAPS values (2326, 2278, 'mhotmk-p1', NULL, 1, 104.000, 40.020);
 insert into MAPITEMS values (2326, 4, 2280);
 insert into MAPS values (2327, 2278, 'mhotmk-p2', NULL, 1, 104.000, 40.020);
 insert into MAPITEMS values (2327, 4, 2289);
 insert into MAPS values (2328, 2278, 'mhotmk-p3', NULL, 1, 104.000, 40.020);
 insert into MAPITEMS values (2328, 4, 2311);
 insert into CENTRELINE values (2329, 2278, NULL, '2016-07-22', '2016-07-22', 104.00, 0.00, 0.00);
 insert into PERSON values (19, 'Andrej', 'Fratnik');
insert into TOPO values (19, 2329);
 insert into TOPO values (16, 2329);
 insert into PERSON values (20, 'William', 'Scott');
insert into TOPO values (20, 2329);
 insert into EXPLO values (16, 2329);
 insert into SHOT values (422, 440, 441, 2329, 7.00, 120.27, 46.00, 7.03, 120.37, 45.54, 0.07, 127.29, -13.60);
insert into SHOT values (423, 441, 442, 2329, 4.73, 45.27, 6.00, 4.74, 45.86, 5.94, 0.05, 128.72, -5.21);
insert into SHOT values (424, 442, 443, 2329, 3.06, 122.27, 1.00, 3.12, 122.41, 0.92, 0.06, 130.02, -3.46);
insert into SHOT values (425, 443, 444, 2329, 17.00, 66.27, -37.00, 17.02, 67.25, -36.78, 0.24, 143.87, 9.72);
insert into SHOT values (426, 444, 445, 2329, 5.20, 33.27, 3.00, 5.18, 33.81, 2.99, 0.05, 143.33, -2.38);
insert into SHOT values (427, 445, 446, 2329, 13.00, 64.27, -22.00, 13.02, 65.13, -21.96, 0.18, 146.30, -0.04);
insert into SHOT values (428, 446, 447, 2329, 13.01, 15.27, 18.00, 12.98, 16.14, 18.09, 0.19, 116.84, 2.91);
insert into SHOT values (429, 447, 448, 2329, 15.00, 35.27, 71.00, 14.99, 35.76, 71.16, 0.06, 170.26, 7.13);
insert into SHOT values (430, 448, 449, 2329, 21.30, 32.27, 82.00, 21.29, 32.86, 82.29, 0.11, 197.20, 3.75);
insert into SHOT values (431, 449, 450, 2329, 2.00, 353.27, 4.00, 1.96, 353.53, 4.10, 0.04, 161.77, 0.64);
insert into SHOT values (432, 450, 451, 2329, 2.70, 48.27, 12.00, 2.70, 48.83, 11.96, 0.03, 133.18, -3.01);
insert into SURVEY values (2331, 24, 'wac', 'wac.primadona.sistem_prima', 'What a Coincidence: connection with the old shaft series');
 insert into CENTRELINE values (2332, 2331, NULL, NULL, NULL, 0.00, 0.00, 0.00);
 insert into SCRAPS values (2333, 2331, 'wacp_1', 1);
 insert into SCRAPS values (2344, 2331, 'wacp_2', 1);
 insert into SCRAPS values (2360, 2331, 'wacp_3', 1);
 insert into SCRAPS values (2378, 2331, 'wacp_4', 1);
 insert into MAPS values (2390, 2331, 'mwac-p', NULL, 1, 221.330, 25.260);
 insert into MAPITEMS values (2390, 4, 2391);
 insert into MAPITEMS values (2390, 4, 2392);
 insert into MAPITEMS values (2390, 4, 2393);
 insert into MAPITEMS values (2390, 4, 2394);
 insert into MAPS values (2391, 2331, 'mwac-p1', NULL, 1, 221.330, 25.260);
 insert into MAPITEMS values (2391, 4, 2333);
 insert into MAPS values (2392, 2331, 'mwac-p2', NULL, 1, 221.330, 25.260);
 insert into MAPITEMS values (2392, 4, 2344);
 insert into MAPS values (2393, 2331, 'mwac-p3', NULL, 1, 221.330, 25.260);
 insert into MAPITEMS values (2393, 4, 2360);
 insert into MAPS values (2394, 2331, 'mwac-p4', NULL, 1, 221.330, 25.260);
 insert into MAPITEMS values (2394, 4, 2378);
 insert into CENTRELINE values (2397, 2331, NULL, '2016-07-23', NULL, 221.33, 0.00, 0.00);
 insert into TOPO values (16, 2397);
 insert into PERSON values (21, 'Kenneth', 'Tan');
insert into TOPO values (21, 2397);
 insert into EXPLO values (16, 2397);
 insert into EXPLO values (21, 2397);
 insert into SHOT values (433, 452, 453, 2397, 8.73, 185.28, 44.00, 8.76, 184.79, 43.60, 0.09, 144.64, -16.58);
insert into SHOT values (434, 453, 454, 2397, 11.45, 206.28, 86.00, 11.44, 205.67, 85.72, 0.06, 196.97, -12.15);
insert into SHOT values (435, 454, 455, 2397, 5.37, 147.28, -2.00, 5.43, 147.19, -2.01, 0.06, 139.34, -2.49);
insert into SHOT values (436, 455, 456, 2397, 13.77, 227.28, -14.00, 13.77, 226.21, -14.08, 0.25, 134.94, -4.33);
insert into SHOT values (437, 456, 457, 2397, 8.90, 308.28, -12.00, 8.85, 308.19, -12.20, 0.06, 141.21, -19.74);
insert into SHOT values (438, 457, 458, 2397, 21.93, 350.28, -9.00, 21.89, 351.24, -9.33, 0.39, 89.81, -17.94);
insert into SHOT values (439, 458, 459, 2397, 3.88, 316.28, -16.00, 3.82, 316.21, -16.25, 0.06, 140.07, -0.51);
insert into SHOT values (440, 459, 460, 2397, 4.28, 342.28, -29.00, 4.24, 342.40, -29.20, 0.04, 151.16, 6.98);
insert into SHOT values (441, 460, 461, 2397, 3.05, 1.28, 16.00, 3.01, 1.78, 16.02, 0.05, 148.96, -12.56);
insert into SHOT values (442, 461, 462, 2397, 4.63, 44.28, 52.00, 4.63, 44.57, 52.02, 0.01, 137.49, 5.81);
insert into SHOT values (443, 462, 463, 2397, 4.03, 130.28, 53.00, 4.06, 130.25, 52.44, 0.05, 129.04, 1.68);
insert into SHOT values (444, 463, 464, 2397, 2.16, 88.28, 18.00, 2.19, 88.62, 18.10, 0.03, 113.93, 23.25);
insert into SHOT values (445, 464, 465, 2397, 2.00, 25.28, -43.00, 2.00, 26.04, -43.22, 0.02, 129.33, -16.71);
insert into SHOT values (446, 465, 466, 2397, 4.66, 322.28, -20.00, 4.60, 322.33, -20.20, 0.06, 137.93, 3.72);
insert into SHOT values (447, 466, 467, 2397, 12.36, 351.28, 25.00, 12.32, 351.80, 25.27, 0.12, 111.20, 17.28);
insert into SHOT values (448, 467, 468, 2397, 8.21, 342.28, 3.00, 8.15, 342.57, 2.95, 0.07, 125.21, -8.03);
insert into SHOT values (449, 468, 469, 2397, 7.65, 336.28, 34.00, 7.60, 336.54, 34.34, 0.07, 131.75, 9.96);
insert into SHOT values (450, 469, 470, 2397, 13.39, 346.28, 1.00, 13.34, 346.83, 0.94, 0.14, 96.56, -5.69);
insert into SHOT values (451, 470, 471, 2397, 8.25, 350.28, 13.00, 8.21, 350.64, 13.03, 0.07, 119.75, -5.02);
insert into SHOT values (452, 471, 472, 2397, 6.05, 17.28, 4.00, 6.02, 17.83, 4.00, 0.06, 132.01, -1.81);
insert into SHOT values (453, 472, 473, 2397, 3.97, 262.28, -29.00, 3.94, 261.99, -29.14, 0.03, 113.38, 7.98);
insert into SHOT values (454, 473, 474, 2397, 3.52, 4.28, -90.00, 3.53, 135.00, -89.54, 0.03, 135.00, -19.47);
insert into SHOT values (455, 474, 475, 2397, 2.52, 340.28, 22.00, 2.48, 340.38, 22.29, 0.04, 154.77, -5.26);
insert into SHOT values (456, 475, 476, 2397, 10.30, 331.28, -4.00, 10.25, 331.56, -4.14, 0.07, 106.72, -16.82);
insert into SHOT values (457, 476, 477, 2397, 2.68, 348.28, 74.00, 2.66, 348.69, 74.42, 0.03, 156.53, -32.50);
insert into SHOT values (458, 477, 478, 2397, 14.48, 341.28, 1.00, 14.43, 341.78, 0.95, 0.14, 94.78, -5.26);
insert into SHOT values (459, 478, 479, 2397, 4.21, 4.28, 90.00, 4.20, 135.00, 89.81, 0.02, 135.00, -35.26);
insert into SHOT values (460, 479, 480, 2397, 17.30, 347.28, 1.00, 17.25, 347.99, 0.93, 0.22, 90.66, -5.69);
insert into SHOT values (461, 480, 481, 2397, 7.60, 343.28, -14.00, 7.56, 343.59, -14.17, 0.06, 121.80, -10.53);
insert into SURVEY values (2399, 24, 'colony', 'colony.primadona.sistem_prima', NULL);
 insert into CENTRELINE values (2400, 2399, NULL, NULL, NULL, 0.00, 0.00, 0.00);
 insert into SCRAPS values (2401, 2399, 'colonyp_1', 1);
 insert into SCRAPS values (2429, 2399, 'colonyp_3', 1);
 insert into SCRAPS values (2436, 2399, 'colonyp_2', 1);
 insert into MAPS values (2459, 2399, 'mcolony-p', NULL, 1, 83.820, 48.340);
 insert into MAPITEMS values (2459, 4, 2460);
 insert into MAPITEMS values (2459, 4, 2461);
 insert into MAPITEMS values (2459, 4, 2462);
 insert into MAPS values (2460, 2399, 'mcolony-p1', NULL, 1, 83.820, 48.340);
 insert into MAPITEMS values (2460, 4, 2401);
 insert into MAPS values (2461, 2399, 'mcolony-p2', NULL, 1, 83.820, 48.340);
 insert into MAPITEMS values (2461, 4, 2436);
 insert into MAPS values (2462, 2399, 'mcolony-p3', NULL, 1, 83.820, 48.340);
 insert into MAPITEMS values (2462, 4, 2429);
 insert into CENTRELINE values (2463, 2399, NULL, '2016-07-22', '2016-07-22', 83.82, 0.00, 0.00);
 insert into TOPO values (19, 2463);
 insert into TOPO values (16, 2463);
 insert into TOPO values (20, 2463);
 insert into EXPLO values (19, 2463);
 insert into EXPLO values (16, 2463);
 insert into EXPLO values (17, 2463);
 insert into EXPLO values (20, 2463);
 insert into SHOT values (462, 482, 483, 2463, 11.32, 149.27, -5.00, 11.32, 149.23, -4.97, 0.01, 64.72, 35.37);
insert into SHOT values (463, 483, 484, 2463, 7.95, 186.27, -15.00, 7.96, 186.27, -15.00, 0.01, 185.57, -19.02);
insert into SHOT values (464, 484, 485, 2463, 2.80, 202.27, -19.00, 2.80, 202.40, -18.95, 0.01, 269.00, 13.80);
insert into SHOT values (465, 485, 486, 2463, 4.60, 146.27, 18.00, 4.60, 146.27, 17.98, 0.00, 142.86, -40.54);
insert into SHOT values (466, 486, 487, 2463, 5.70, 162.27, 11.00, 5.70, 162.21, 11.02, 0.01, 92.99, 20.09);
insert into SHOT values (467, 487, 488, 2463, 1.94, 105.27, 24.00, 1.93, 105.14, 24.16, 0.01, 305.55, 4.48);
insert into SHOT values (468, 488, 489, 2463, 2.30, 200.27, 76.00, 2.30, 200.07, 76.06, 0.00, 55.35, -26.16);
insert into SHOT values (469, 489, 490, 2463, 1.21, 110.27, 39.00, 1.21, 110.56, 38.96, 0.00, 206.68, -17.67);
insert into SHOT values (470, 482, 491, 2463, 46.00, 4.27, -90.00, 46.00, 90.00, -90.00, 0.00, 4.27, 0.00);
insert into SURVEY values (2465, 24, 'udc', 'udc.primadona.sistem_prima', 'Upside Down Chamber');
 insert into CENTRELINE values (2466, 2465, NULL, NULL, NULL, 0.00, 0.00, 0.00);
 insert into SCRAPS values (2467, 2465, 'udcp_1', 1);
 insert into SCRAPS values (2488, 2465, 'udcp_2', 1);
 insert into MAPS values (2496, 2465, 'mudc-p', NULL, 1, 119.110, 58.210);
 insert into MAPITEMS values (2496, 4, 2497);
 insert into MAPITEMS values (2496, 4, 2498);
 insert into MAPS values (2497, 2465, 'mudc-p1', NULL, 1, 119.110, 58.210);
 insert into MAPITEMS values (2497, 4, 2467);
 insert into MAPS values (2498, 2465, 'mudc-p2', NULL, 1, 119.110, 58.210);
 insert into MAPITEMS values (2498, 4, 2488);
 insert into CENTRELINE values (2499, 2465, NULL, '2016-07-23', NULL, 119.11, 0.00, 0.00);
 insert into PERSON values (22, 'Arun', 'Paul');
insert into TOPO values (22, 2499);
 insert into TOPO values (18, 2499);
 insert into EXPLO values (22, 2499);
 insert into EXPLO values (18, 2499);
 insert into SHOT values (471, 492, 493, 2499, 12.00, 326.28, 51.00, 12.00, 326.23, 50.97, 0.01, 262.22, -38.38);
insert into SHOT values (472, 493, 494, 2499, 12.44, 338.28, 27.00, 12.44, 338.29, 27.01, 0.00, 41.18, 29.41);
insert into SHOT values (473, 494, 495, 2499, 3.82, 324.28, 43.00, 3.82, 324.32, 43.04, 0.01, 33.13, 64.23);
insert into SHOT values (474, 495, 496, 2499, 4.20, 278.28, 14.00, 4.19, 278.19, 13.93, 0.01, 156.78, -40.43);
insert into SHOT values (475, 496, 497, 2499, 13.00, 349.28, 32.00, 13.00, 349.23, 32.00, 0.01, 256.30, 6.90);
insert into SHOT values (476, 496, 498, 2499, 25.42, 158.28, -2.00, 25.42, 158.28, -2.01, 0.00, 271.91, -39.96);
insert into SHOT values (477, 498, 499, 2499, 4.83, 174.28, 65.00, 4.83, 174.37, 65.03, 0.00, 286.44, 33.94);
insert into SHOT values (478, 499, 500, 2499, 15.60, 135.28, 39.00, 15.60, 135.27, 39.02, 0.00, 340.56, 33.65);
insert into SHOT values (479, 500, 501, 2499, 25.30, 148.28, 80.00, 25.31, 148.19, 79.98, 0.01, 107.64, 22.92);
insert into SHOT values (480, 501, 502, 2499, 2.50, 149.28, 34.00, 2.49, 149.46, 33.92, 0.01, 280.60, -41.35);
insert into SURVEY values (2501, 24, 'galerija_resurvey', 'galerija_resurvey.primadona.sistem_prima', NULL);
 insert into CENTRELINE values (2502, 2501, NULL, NULL, NULL, 0.00, 0.00, 0.00);
 insert into CENTRELINE values (2503, 2501, NULL, '2016-07-19', NULL, 0.00, 0.00, 57.40);
 insert into TOPO values (20, 2503);
 insert into TOPO values (18, 2503);
 insert into SHOT values (481, 503, 504, 2503, 17.84, 240.27, -2.00, 18.02, 241.84, -2.13, 0.53, 310.63, -5.18);
insert into SHOT_FLAG values(481, 'dpl');
insert into SHOT values (482, 505, 503, 2503, 8.56, 265.27, -11.00, 8.74, 265.13, -10.68, 0.19, 258.54, 4.02);
insert into SHOT_FLAG values(482, 'dpl');
insert into SHOT values (483, 506, 505, 2503, 12.80, 258.27, 1.00, 12.98, 258.45, 0.71, 0.20, 270.30, -18.54);
insert into SHOT_FLAG values(483, 'dpl');
insert into SHOT values (484, 507, 506, 2503, 13.20, 200.27, 4.00, 13.31, 203.23, 3.66, 0.70, 281.85, -5.84);
insert into SHOT_FLAG values(484, 'dpl');
insert into SHOT values (485, 508, 507, 2503, 5.00, 296.27, -26.00, 5.15, 295.35, -25.43, 0.17, 270.23, -6.08);
insert into SHOT_FLAG values(485, 'dpl');
insert into SURVEY values (2505, 24, 'cattlegrid', 'cattlegrid.primadona.sistem_prima', NULL);
 insert into CENTRELINE values (2506, 2505, NULL, NULL, NULL, 0.00, 0.00, 0.00);
 insert into SCRAPS values (2507, 2505, 'cattlegridp_1', 1);
 insert into SCRAPS values (2515, 2505, 'cattlegridp_2', 1);
 insert into MAPS values (2553, 2505, 'mcattlegrid-p', NULL, 1, 87.400, 24.250);
 insert into MAPITEMS values (2553, 4, 2554);
 insert into MAPITEMS values (2553, 4, 2555);
 insert into MAPS values (2554, 2505, 'mcattlegrid-p1', NULL, 1, 87.400, 24.250);
 insert into MAPITEMS values (2554, 4, 2507);
 insert into MAPS values (2555, 2505, 'mcattlegrid-p2', NULL, 1, 87.400, 24.250);
 insert into MAPITEMS values (2555, 4, 2515);
 insert into CENTRELINE values (2556, 2505, NULL, '2016-07-22', '2016-07-22', 87.40, 0.00, 0.00);
 insert into TOPO values (20, 2556);
 insert into TOPO values (18, 2556);
 insert into EXPLO values (20, 2556);
 insert into SHOT values (486, 509, 510, 2556, 9.40, 100.27, 65.00, 9.39, 100.29, 64.97, 0.01, 141.83, -79.19);
insert into SHOT values (487, 510, 511, 2556, 0.92, 334.27, 35.00, 0.92, 334.11, 35.04, 0.00, 290.38, 36.85);
insert into SHOT values (488, 511, 512, 2556, 2.17, 260.27, 20.00, 2.11, 259.20, 20.29, 0.08, 110.10, -9.31);
insert into SHOT values (489, 512, 513, 2556, 6.07, 331.27, -22.00, 5.95, 331.61, -22.64, 0.14, 138.01, -6.49);
insert into SHOT values (490, 513, 514, 2556, 4.95, 36.27, -29.00, 4.92, 37.43, -29.30, 0.09, 148.87, -6.20);
insert into SHOT values (491, 514, 515, 2556, 2.73, 355.27, -7.00, 2.62, 356.02, -7.24, 0.12, 158.63, 1.31);
insert into SHOT values (492, 515, 516, 2556, 4.68, 56.27, -2.00, 4.68, 56.24, -1.96, 0.00, 359.29, 46.04);
insert into SHOT values (493, 515, 517, 2556, 2.40, 196.27, 0.00, 2.47, 195.28, 0.00, 0.08, 163.48, 0.00);
insert into SHOT values (494, 517, 518, 2556, 3.34, 240.27, -5.00, 3.32, 239.10, -5.18, 0.07, 135.42, -7.20);
insert into SHOT values (495, 518, 519, 2556, 3.92, 297.27, 5.00, 3.79, 296.77, 5.00, 0.14, 131.59, -4.94);
insert into SHOT values (496, 519, 520, 2556, 2.91, 333.27, 8.00, 2.78, 333.71, 8.06, 0.13, 143.83, -6.65);
insert into SHOT values (497, 520, 521, 2556, 2.16, 17.27, 6.00, 2.08, 18.35, 6.08, 0.09, 172.46, -3.59);
insert into SHOT values (498, 521, 522, 2556, 1.95, 82.27, 17.00, 2.02, 83.17, 16.70, 0.08, 105.99, 7.50);
insert into SHOT values (499, 522, 523, 2556, 5.34, 5.27, 16.00, 5.25, 6.26, 16.16, 0.13, 142.40, -5.31);
insert into SHOT values (500, 511, 524, 2556, 6.66, 221.27, 27.00, 6.65, 222.67, 27.20, 0.15, 319.00, 6.44);
insert into SHOT values (501, 524, 525, 2556, 5.29, 253.27, -2.00, 5.35, 254.48, -1.82, 0.13, 316.46, 6.61);
insert into SHOT values (502, 525, 526, 2556, 3.58, 329.27, 15.00, 3.71, 329.15, 14.68, 0.13, 325.71, 5.90);
insert into SHOT values (503, 526, 527, 2556, 3.82, 332.27, 32.00, 3.94, 331.99, 31.48, 0.13, 324.56, 15.86);
insert into SHOT values (504, 527, 528, 2556, 3.10, 146.27, 64.00, 3.05, 146.43, 65.13, 0.08, 323.55, -12.25);
insert into SHOT values (505, 528, 529, 2556, 2.63, 204.27, 63.00, 2.61, 205.91, 63.49, 0.04, 333.53, -4.46);
insert into SHOT values (506, 529, 530, 2556, 4.85, 159.27, 48.00, 4.77, 159.66, 48.94, 0.11, 328.47, -2.18);
insert into SHOT values (507, 530, 531, 2556, 4.53, 128.27, 8.00, 4.40, 128.00, 8.24, 0.13, 317.13, -0.19);
insert into SURVEY values (2558, 24, 'the_stile', 'the_stile.primadona.sistem_prima', NULL);
 insert into CENTRELINE values (2559, 2558, NULL, NULL, NULL, 0.00, 0.00, 0.00);
 insert into SCRAPS values (2560, 2558, 'the_stilep_1', 1);
 insert into SCRAPS values (2586, 2558, 'the_stilep_2', 1);
 insert into MAPS values (2599, 2558, 'mthe_stile-p', NULL, 1, 65.380, 17.270);
 insert into MAPITEMS values (2599, 4, 2600);
 insert into MAPITEMS values (2599, 4, 2601);
 insert into MAPS values (2600, 2558, 'mthe_stile-p1', NULL, 1, 65.380, 17.270);
 insert into MAPITEMS values (2600, 4, 2560);
 insert into MAPS values (2601, 2558, 'mthe_stile-p2', NULL, 1, 65.380, 17.270);
 insert into MAPITEMS values (2601, 4, 2586);
 insert into CENTRELINE values (2603, 2558, NULL, '2016-07-20', NULL, 65.38, 0.00, 0.00);
 insert into TOPO values (22, 2603);
 insert into TOPO values (17, 2603);
 insert into EXPLO values (22, 2603);
 insert into EXPLO values (17, 2603);
 insert into SHOT values (508, 532, 533, 2603, 7.99, 75.27, -27.00, 7.94, 73.88, -27.22, 0.18, 325.00, -0.82);
insert into SHOT values (509, 533, 534, 2603, 4.17, 117.27, -16.00, 4.04, 116.83, -16.25, 0.14, 310.20, 8.20);
insert into SHOT values (510, 534, 535, 2603, 4.27, 14.27, -1.00, 4.36, 13.27, -0.92, 0.12, 332.80, 2.25);
insert into SHOT values (511, 535, 536, 2603, 3.97, 344.27, 1.00, 4.09, 343.82, 1.12, 0.13, 329.56, 4.84);
insert into SHOT values (512, 536, 537, 2603, 3.95, 55.27, 4.00, 3.93, 54.12, 4.08, 0.08, 313.40, 3.17);
insert into SHOT values (513, 537, 538, 2603, 4.66, 338.27, -4.00, 4.79, 337.89, -3.83, 0.14, 324.61, 2.12);
insert into SHOT values (514, 538, 539, 2603, 3.66, 323.27, 0.00, 3.79, 323.25, 0.15, 0.13, 322.61, 4.27);
insert into SHOT values (515, 539, 540, 2603, 3.68, 17.27, -7.00, 3.75, 16.24, -6.90, 0.09, 331.50, -0.93);
insert into SHOT values (516, 540, 541, 2603, 2.79, 71.27, -3.00, 2.75, 70.18, -2.92, 0.07, 301.19, 5.01);
insert into SHOT values (517, 541, 542, 2603, 1.92, 304.27, -8.00, 2.05, 304.78, -7.84, 0.13, 312.08, -5.48);
insert into SHOT values (518, 542, 543, 2603, 3.36, 66.27, -35.00, 3.32, 65.14, -35.16, 0.07, 298.60, 14.20);
insert into SHOT values (519, 543, 544, 2603, 5.67, 359.27, -42.00, 5.74, 358.54, -41.18, 0.12, 332.04, 6.60);
insert into SHOT values (520, 544, 545, 2603, 8.08, 248.27, -25.00, 8.12, 249.77, -24.69, 0.20, 323.89, 7.09);
insert into SHOT values (521, 545, 546, 2603, 4.30, 235.27, -17.00, 4.31, 236.46, -16.85, 0.09, 316.00, 4.74);
insert into SHOT values (522, 546, 547, 2603, 1.78, 286.27, -45.00, 1.85, 287.07, -44.16, 0.08, 301.11, -23.48);
insert into SHOT values (523, 547, 548, 2603, 1.13, 288.27, 21.00, 1.25, 289.52, 20.66, 0.12, 301.07, 16.99);
insert into SURVEY values (2605, 24, 'quantum_state', 'quantum_state.primadona.sistem_prima', NULL);
 insert into CENTRELINE values (2606, 2605, NULL, NULL, NULL, 0.00, 0.00, 0.00);
 insert into SCRAPS values (2607, 2605, 'quantum_statep_1', 1);
 insert into SCRAPS values (2629, 2605, 'quantum_statep_2', 1);
 insert into MAPS values (2638, 2605, 'mquantum_state-p', NULL, 1, 70.400, 29.900);
 insert into MAPITEMS values (2638, 4, 2639);
 insert into MAPITEMS values (2638, 4, 2640);
 insert into MAPS values (2639, 2605, 'mquantum_state-p1', NULL, 1, 70.400, 29.900);
 insert into MAPITEMS values (2639, 4, 2607);
 insert into MAPS values (2640, 2605, 'mquantum_state-p2', NULL, 1, 70.400, 29.900);
 insert into MAPITEMS values (2640, 4, 2629);
 insert into CENTRELINE values (2641, 2605, NULL, '2016-07-18', NULL, 70.40, 0.00, 0.00);
 insert into PERSON values (23, 'Miriam', 'North');
insert into TOPO values (23, 2641);
 insert into TOPO values (21, 2641);
 insert into TOPO values (18, 2641);
 insert into EXPLO values (18, 2641);
 insert into SHOT values (524, 549, 550, 2641, 4.90, 304.27, 6.00, 4.90, 304.21, 5.97, 0.01, 215.18, -22.62);
insert into SHOT values (525, 551, 550, 2641, 4.80, 154.27, -20.00, 4.81, 154.29, -19.95, 0.01, 162.30, 13.82);
insert into SHOT values (526, 551, 552, 2641, 7.00, 224.27, 5.00, 7.01, 224.25, 4.99, 0.01, 195.99, -0.71);
insert into SHOT values (527, 553, 552, 2641, 5.90, 133.27, 10.00, 5.90, 133.33, 9.95, 0.01, 183.72, -32.47);
insert into SHOT values (528, 553, 554, 2641, 2.40, 224.27, 10.00, 2.40, 224.14, 9.82, 0.01, 180.36, -41.36);
insert into SHOT values (529, 555, 554, 2641, 6.60, 344.27, -25.00, 6.60, 344.17, -25.02, 0.01, 228.46, -3.54);
insert into SHOT values (530, 556, 555, 2641, 3.00, 314.27, -30.00, 3.00, 314.38, -29.96, 0.01, 2.36, 0.00);
insert into SHOT values (531, 556, 557, 2641, 4.20, 114.27, 5.00, 4.20, 114.30, 5.06, 0.01, 270.36, 43.76);
insert into SHOT values (532, 558, 557, 2641, 2.60, 354.27, -27.00, 2.60, 354.29, -27.04, 0.01, 167.21, 4.14);
insert into SHOT values (533, 558, 559, 2641, 2.40, 114.27, 0.00, 2.40, 114.33, 0.00, 0.00, 147.16, 0.00);
insert into SHOT values (534, 560, 559, 2641, 14.60, 99.27, -68.00, 14.60, 99.26, -68.00, 0.00, 58.48, -50.03);
insert into SHOT values (535, 561, 560, 2641, 4.50, 294.27, -59.00, 4.49, 294.24, -58.99, 0.01, 135.09, 61.56);
insert into SHOT values (536, 562, 561, 2641, 7.50, 56.27, -37.00, 7.50, 56.23, -37.03, 0.01, 338.74, -54.06);
insert into SURVEY values (2643, 24, 'terminus', 'terminus.primadona.sistem_prima', NULL);
 insert into CENTRELINE values (2644, 2643, NULL, NULL, NULL, 0.00, 0.00, 0.00);
 insert into SCRAPS values (2645, 2643, 'terminusp_1', 1);
 insert into SCRAPS values (2657, 2643, 'terminusp_2', 1);
 insert into SCRAPS values (2666, 2643, 'terminusp_3', 1);
 insert into MAPS values (2682, 2643, 'mterminus-p', NULL, 1, 51.290, 9.420);
 insert into MAPITEMS values (2682, 4, 2683);
 insert into MAPITEMS values (2682, 4, 2684);
 insert into MAPITEMS values (2682, 4, 2685);
 insert into MAPS values (2683, 2643, 'mterminus-p1', NULL, 1, 51.290, 9.420);
 insert into MAPITEMS values (2683, 4, 2645);
 insert into MAPS values (2684, 2643, 'mterminus-p2', NULL, 1, 51.290, 9.420);
 insert into MAPITEMS values (2684, 4, 2657);
 insert into MAPS values (2685, 2643, 'mterminus-p3', NULL, 1, 51.290, 9.420);
 insert into MAPITEMS values (2685, 4, 2666);
 insert into CENTRELINE values (2688, 2643, NULL, '2016-07-21', NULL, 51.29, 0.00, 0.00);
 insert into PERSON values (24, 'William', 'French');
insert into TOPO values (24, 2688);
 insert into TOPO values (23, 2688);
 insert into EXPLO values (24, 2688);
 insert into EXPLO values (23, 2688);
 insert into SHOT values (537, 563, 564, 2688, 3.62, 309.27, -12.00, 3.62, 309.27, -12.12, 0.01, 144.65, -75.78);
insert into SHOT values (538, 565, 563, 2688, 3.53, 9.27, 53.00, 3.53, 9.20, 52.97, 0.00, 324.68, 11.20);
insert into SHOT values (539, 566, 565, 2688, 4.04, 298.27, 12.00, 4.04, 298.25, 12.00, 0.00, 173.29, 1.09);
insert into SHOT values (540, 567, 566, 2688, 2.20, 336.27, 5.00, 2.20, 336.36, 4.95, 0.00, 26.69, -23.40);
insert into SHOT values (541, 568, 567, 2688, 1.93, 297.27, 26.00, 1.93, 297.16, 26.16, 0.01, 159.80, 36.93);
insert into SHOT values (542, 568, 569, 2688, 3.60, 175.27, 8.00, 3.60, 175.33, 7.99, 0.00, 307.73, -12.40);
insert into SHOT values (543, 570, 569, 2688, 5.60, 4.27, -90.00, 5.60, 90.00, -90.00, 0.00, 4.27, -81.86);
insert into SHOT values (544, 571, 570, 2688, 3.34, 80.27, -35.00, 3.34, 80.09, -35.11, 0.01, 319.64, -22.51);
insert into SHOT values (545, 572, 571, 2688, 7.57, 63.27, 2.00, 7.57, 63.30, 2.04, 0.01, 128.93, 58.19);
insert into SHOT values (546, 573, 574, 2688, 4.81, 37.27, 1.00, 4.81, 37.39, 0.95, 0.01, 133.40, -21.35);
insert into SHOT values (547, 575, 573, 2688, 2.22, 235.27, -23.00, 2.22, 235.38, -22.84, 0.01, 353.75, 61.07);
insert into SHOT values (548, 572, 575, 2688, 2.60, 127.27, -31.00, 2.60, 127.33, -31.05, 0.00, 265.68, -14.73);
insert into SHOT values (549, 576, 572, 2688, 5.39, 176.27, -18.00, 5.40, 176.31, -18.03, 0.01, 213.51, -38.34);
insert into SHOT values (550, 576, 577, 2688, 0.84, 102.27, 0.00, 0.84, 102.38, 0.00, 0.00, 209.35, 0.00);
insert into SURVEY values (2690, 24, 'dejavu', 'dejavu.primadona.sistem_prima', NULL);
 insert into CENTRELINE values (2691, 2690, NULL, NULL, NULL, 0.00, 0.00, 0.00);
 insert into SCRAPS values (2692, 2690, 'dejavup_1', 1);
 insert into SCRAPS values (2729, 2690, 'dejavup_2', 1);
 insert into MAPS values (2736, 2690, 'mdejavu-p', NULL, 1, 90.690, 19.530);
 insert into MAPITEMS values (2736, 4, 2737);
 insert into MAPITEMS values (2736, 4, 2738);
 insert into MAPS values (2737, 2690, 'mdejavu-p1', NULL, 1, 90.690, 19.530);
 insert into MAPITEMS values (2737, 4, 2692);
 insert into MAPS values (2738, 2690, 'mdejavu-p2', NULL, 1, 90.690, 19.530);
 insert into MAPITEMS values (2738, 4, 2729);
 insert into CENTRELINE values (2739, 2690, NULL, '2016-07-20', '2016-07-20', 90.69, 0.00, 9.06);
 insert into TOPO values (17, 2739);
 insert into PERSON values (25, 'Clare', 'Tan');
insert into TOPO values (25, 2739);
 insert into EXPLO values (17, 2739);
 insert into EXPLO values (25, 2739);
 insert into SHOT values (551, 578, 579, 2739, 5.01, 25.27, 36.00, 5.02, 25.24, 36.02, 0.01, 353.94, 47.00);
insert into SHOT values (552, 579, 580, 2739, 6.22, 318.27, 13.00, 6.22, 318.28, 13.02, 0.01, 131.21, 9.26);
insert into SHOT values (553, 580, 581, 2739, 4.22, 295.27, -17.00, 4.22, 295.23, -16.95, 0.00, 193.19, 50.93);
insert into SHOT values (554, 581, 582, 2739, 3.54, 82.27, 5.00, 3.54, 82.17, 4.87, 0.01, 322.67, -48.86);
insert into SHOT values (555, 582, 583, 2739, 4.92, 64.27, -2.00, 4.92, 64.32, -1.98, 0.00, 175.22, 21.61);
insert into SHOT values (556, 583, 584, 2739, 4.92, 65.27, 37.00, 4.92, 65.33, 37.00, 0.00, 164.93, -14.30);
insert into SHOT values (557, 584, 585, 2739, 1.75, 111.27, -11.00, 1.75, 111.18, -10.89, 0.01, 346.61, 49.17);
insert into SHOT values (558, 585, 586, 2739, 6.65, 42.27, 44.00, 6.65, 42.29, 43.99, 0.00, 78.25, 13.31);
insert into SHOT values (559, 586, 587, 2739, 15.05, 312.27, 25.00, 15.05, 312.30, 25.00, 0.01, 29.38, -4.31);
insert into SHOT values (560, 587, 588, 2739, 2.39, 175.27, -31.00, 2.40, 175.26, -30.88, 0.01, 171.66, 6.37);
insert into SHOT values (561, 588, 589, 2739, 18.76, 225.27, 12.00, 18.76, 225.29, 12.00, 0.00, 320.85, -5.89);
insert into SHOT values (562, 588, 590, 2739, 17.26, 214.27, -21.00, 17.26, 214.30, -21.02, 0.01, 314.73, -30.36);
insert into SHOT values (563, 578, 591, 2739, 9.06, 143.27, 10.00, 9.06, 143.25, 10.04, 0.01, 73.69, 54.82);
insert into SHOT_FLAG values(563, 'dpl');
insert into SURVEY values (2741, 24, 'tight_and_scrotty', 'tight_and_scrotty.primadona.sistem_prima', NULL);
 insert into CENTRELINE values (2742, 2741, NULL, NULL, NULL, 0.00, 0.00, 0.00);
 insert into SCRAPS values (2743, 2741, 'tight_and_scrotty-p1', 1);
 insert into MAPS values (2766, 2741, 'mtight_and_scrotty-p', NULL, 1, 43.790, 21.400);
 insert into MAPITEMS values (2766, 4, 2743);
 insert into CENTRELINE values (2767, 2741, NULL, '2016-07-26', NULL, 43.79, 0.00, 0.00);
 insert into TOPO values (16, 2767);
 insert into TOPO values (23, 2767);
 insert into EXPLO values (16, 2767);
 insert into EXPLO values (23, 2767);
 insert into EXPLO values (25, 2767);
 insert into EXPLO values (18, 2767);
 insert into SHOT values (564, 592, 593, 2767, 13.75, 184.28, 72.00, 13.74, 184.32, 71.98, 0.01, 228.05, -58.80);
insert into SHOT values (565, 593, 594, 2767, 3.25, 189.28, 5.00, 3.25, 189.26, 5.13, 0.01, 19.70, 50.19);
insert into SHOT values (566, 595, 594, 2767, 3.43, 4.28, -90.00, 3.43, 90.00, -90.00, 0.00, 4.28, -79.32);
insert into SHOT values (567, 596, 595, 2767, 4.40, 334.28, 3.00, 4.40, 334.25, 2.99, 0.00, 297.22, -4.91);
insert into SHOT values (568, 597, 596, 2767, 7.52, 4.28, 5.00, 7.52, 4.29, 5.04, 0.00, 110.81, 72.05);
insert into SHOT values (569, 597, 598, 2767, 4.67, 4.28, 90.00, 4.67, 90.00, 90.00, 0.00, 4.28, 77.38);
insert into SHOT values (570, 599, 598, 2767, 4.80, 349.28, 0.00, 4.80, 349.32, 0.00, 0.00, 39.43, 0.00);
insert into SHOT values (571, 599, 600, 2767, 1.97, 24.28, 25.00, 1.97, 24.13, 24.93, 0.01, 301.16, -28.35);
insert into SURVEY values (2769, 24, 'gamblers_ruin', 'gamblers_ruin.primadona.sistem_prima', NULL);
 insert into CENTRELINE values (2770, 2769, NULL, NULL, NULL, 0.00, 0.00, 0.00);
 insert into SCRAPS values (2771, 2769, 'gamblers_ruin-p1', 1);
 insert into MAPS values (2787, 2769, 'mgamblers_ruin-p', NULL, 1, 40.510, 25.770);
 insert into MAPITEMS values (2787, 4, 2771);
 insert into CENTRELINE values (2788, 2769, NULL, '2016-07-26', '2016-07-26', 40.51, 0.00, 0.00);
 insert into TOPO values (16, 2788);
 insert into TOPO values (23, 2788);
 insert into EXPLO values (16, 2788);
 insert into SHOT values (572, 601, 602, 2788, 8.67, 164.28, 45.00, 8.67, 164.29, 45.00, 0.00, 311.12, -18.54);
insert into SHOT values (573, 602, 603, 2788, 4.92, 169.28, 40.00, 4.92, 169.29, 40.00, 0.00, 337.45, -36.68);
insert into SHOT values (574, 603, 604, 2788, 5.87, 149.28, 5.00, 5.87, 149.27, 4.98, 0.00, 141.83, -22.10);
insert into SHOT values (575, 605, 604, 2788, 5.76, 4.28, -90.00, 5.76, 90.00, -90.00, 0.00, 4.28, 23.83);
insert into SHOT values (576, 605, 606, 2788, 4.87, 139.28, 75.00, 4.87, 139.20, 75.08, 0.01, 336.06, 45.97);
insert into SHOT values (577, 607, 606, 2788, 3.23, 319.28, -25.00, 3.23, 319.29, -24.91, 0.01, 354.15, 73.97);
insert into SHOT values (578, 608, 607, 2788, 5.08, 14.28, -45.00, 5.08, 14.19, -45.08, 0.01, 258.61, -53.12);
insert into SHOT values (579, 608, 609, 2788, 2.11, 144.28, 15.00, 2.11, 144.36, 14.81, 0.01, 180.01, -48.62);
insert into SURVEY values (2790, 24, 'memorylane', 'memorylane.primadona.sistem_prima', 'Memory Lane, resurvey of lower entrance series');
 insert into CENTRELINE values (2791, 2790, NULL, NULL, NULL, 0.00, 0.00, 0.00);
 insert into CENTRELINE values (2792, 2790, NULL, '2016-07-18', NULL, 0.00, 0.00, 118.39);
 insert into TOPO values (16, 2792);
 insert into TOPO values (20, 2792);
 insert into SHOT values (580, 610, 611, 2792, 2.37, 231.27, -17.00, 2.08, 232.28, -14.50, 0.31, 43.48, 33.74);
insert into SHOT_FLAG values(580, 'dpl');
insert into SHOT values (581, 611, 612, 2792, 5.68, 352.27, 23.00, 6.00, 353.46, 24.75, 0.38, 19.91, 50.04);
insert into SHOT_FLAG values(581, 'dpl');
insert into SHOT values (582, 612, 613, 2792, 8.05, 42.27, 8.00, 8.35, 41.34, 11.12, 0.55, 10.74, 62.41);
insert into SHOT_FLAG values(582, 'dpl');
insert into SHOT values (583, 613, 614, 2792, 11.14, 346.27, 34.00, 11.49, 348.38, 36.11, 0.64, 69.80, 57.64);
insert into SHOT_FLAG values(583, 'dpl');
insert into SHOT values (584, 614, 615, 2792, 8.18, 11.27, 85.00, 8.50, 11.81, 82.41, 0.50, 12.74, 34.38);
insert into SHOT_FLAG values(584, 'dpl');
insert into SHOT values (585, 615, 616, 2792, 6.43, 322.27, 7.00, 6.60, 324.57, 9.94, 0.46, 28.19, 51.24);
insert into SHOT_FLAG values(585, 'dpl');
insert into SHOT values (586, 616, 617, 2792, 19.18, 27.27, 72.00, 19.58, 27.20, 68.29, 1.31, 26.88, -2.23);
insert into SHOT_FLAG values(586, 'dpl');
insert into SHOT values (587, 617, 618, 2792, 3.08, 15.27, 3.00, 3.35, 15.50, 5.32, 0.30, 18.18, 30.21);
insert into SHOT_FLAG values(587, 'dpl');
insert into SHOT values (588, 618, 619, 2792, 8.85, 290.27, 21.00, 8.97, 293.42, 24.70, 0.74, 35.63, 51.26);
insert into SHOT_FLAG values(588, 'dpl');
insert into SHOT values (589, 619, 620, 2792, 22.62, 25.27, 82.00, 22.62, 25.35, 81.99, 0.01, 61.41, 1.15);
insert into SHOT_FLAG values(589, 'dpl');
insert into SHOT values (590, 620, 621, 2792, 8.92, 29.27, 28.00, 8.92, 29.27, 27.96, 0.01, 265.10, -81.40);
insert into SHOT_FLAG values(590, 'dpl');
insert into SHOT values (591, 621, 622, 2792, 4.22, 281.27, 18.00, 4.23, 281.34, 18.06, 0.01, 323.56, 41.59);
insert into SHOT_FLAG values(591, 'dpl');
insert into SHOT values (592, 622, 623, 2792, 9.67, 309.27, -18.00, 9.67, 309.26, -18.01, 0.00, 196.83, -44.74);
insert into SHOT_FLAG values(592, 'dpl');
insert into MAPS values (2808, 24, 'm2017', NULL, 1, 1722.680, 198.080);
 insert into MAPITEMS values (2808, 4, 3131);
 insert into MAPITEMS values (2808, 4, 3554);
 insert into MAPITEMS values (2808, 4, 3800);
 insert into MAPITEMS values (2808, 4, 2891);
 insert into MAPITEMS values (2808, 4, 3691);
 insert into MAPITEMS values (2808, 4, 3369);
 insert into MAPITEMS values (2808, 4, 3836);
 insert into MAPITEMS values (2808, 4, 2854);
 insert into MAPITEMS values (2808, 4, 2997);
 insert into MAPITEMS values (2808, 4, 3320);
 insert into MAPITEMS values (2808, 4, 3648);
 insert into MAPITEMS values (2808, 4, 3663);
 insert into MAPITEMS values (2808, 4, 3741);
 insert into MAPITEMS values (2808, 4, 3224);
 insert into MAPITEMS values (2808, 4, 3772);
 insert into MAPITEMS values (2808, 4, 3283);
 insert into MAPITEMS values (2808, 4, 2945);
 insert into MAPITEMS values (2808, 4, 3441);
 insert into MAPITEMS values (2808, 4, 3064);
 insert into MAPITEMS values (2808, 4, 3486);
 insert into MAPITEMS values (2808, 4, 2973);
 insert into MAPITEMS values (2808, 4, 3861);
 insert into SURVEY values (2809, 24, 'buckwheat', 'buckwheat.primadona.sistem_prima', NULL);
 insert into CENTRELINE values (2810, 2809, NULL, NULL, NULL, 0.00, 0.00, 0.00);
 insert into CENTRELINE values (2811, 2809, NULL, '2017-07-19', NULL, 0.00, 0.00, 37.49);
 insert into TOPO values (15, 2811);
 insert into TOPO values (17, 2811);
 insert into SHOT values (593, 624, 625, 2811, 3.60, 341.40, -2.00, 3.54, 340.54, -1.94, 0.08, 204.89, 4.19);
insert into SHOT_FLAG values(593, 'dpl');
insert into SHOT values (594, 625, 626, 2811, 4.71, 4.40, -90.00, 4.71, 206.57, -89.46, 0.04, 206.57, -0.00);
insert into SHOT_FLAG values(594, 'dpl');
insert into SHOT values (595, 626, 627, 2811, 4.38, 15.40, -34.00, 4.29, 14.90, -34.36, 0.10, 213.87, 16.73);
insert into SHOT_FLAG values(595, 'dpl');
insert into SHOT values (596, 627, 628, 2811, 17.36, 4.40, 90.00, 17.37, 244.44, 89.16, 0.26, 244.44, 2.25);
insert into SHOT_FLAG values(596, 'dpl');
insert into SHOT values (597, 628, 629, 2811, 3.06, 13.40, 56.00, 3.03, 12.45, 56.58, 0.05, 226.60, -7.76);
insert into SHOT_FLAG values(597, 'dpl');
insert into SHOT values (598, 629, 630, 2811, 4.38, 32.40, 18.00, 4.28, 31.81, 18.39, 0.11, 233.87, -1.76);
insert into SHOT_FLAG values(598, 'dpl');
insert into SURVEY values (2813, 24, 'TTTr', 'TTTr.primadona.sistem_prima', 'TTT branch resurvey');
 insert into CENTRELINE values (2814, 2813, NULL, NULL, NULL, 0.00, 0.00, 0.00);
 insert into CENTRELINE values (2815, 2813, NULL, '2017-07-17', NULL, 35.31, 0.00, 280.31);
 insert into TOPO values (15, 2815);
 insert into TOPO values (17, 2815);
 insert into SHOT values (599, 631, 632, 2815, 4.59, 119.40, 9.00, 4.52, 120.30, 9.17, 0.10, 256.15, 1.10);
insert into SHOT_FLAG values(599, 'dpl');
insert into SHOT values (600, 632, 633, 2815, 16.70, 4.40, 90.00, 16.72, 244.54, 89.20, 0.23, 244.54, 4.91);
insert into SHOT_FLAG values(600, 'dpl');
insert into SHOT values (601, 633, 634, 2815, 5.03, 4.40, 90.00, 5.04, 248.20, 89.39, 0.05, 248.20, 10.52);
insert into SHOT values (602, 634, 635, 2815, 7.26, 256.40, 4.00, 7.38, 256.17, 4.04, 0.13, 242.82, 6.22);
insert into SHOT values (603, 635, 636, 2815, 8.97, 156.40, 74.00, 8.99, 157.68, 74.01, 0.06, 243.99, 17.48);
insert into SHOT values (604, 636, 637, 2815, 7.55, 199.40, 18.00, 7.63, 200.38, 17.78, 0.15, 255.63, -1.18);
insert into SHOT values (605, 637, 638, 2815, 6.50, 311.40, -19.00, 6.54, 310.16, -18.62, 0.15, 243.67, 10.25);
insert into SHOT values (606, 638, 639, 2815, 13.02, 4.40, 90.00, 13.03, 246.80, 89.33, 0.15, 246.80, 3.76);
insert into SHOT_FLAG values(606, 'dpl');
insert into SHOT values (607, 639, 640, 2815, 4.40, 16.40, -7.00, 4.11, 16.52, -6.99, 0.29, 194.63, 7.15);
insert into SHOT_FLAG values(607, 'dpl');
insert into SHOT values (608, 640, 641, 2815, 5.63, 61.40, 0.00, 5.44, 63.48, 0.53, 0.28, 195.39, 10.30);
insert into SHOT_FLAG values(608, 'dpl');
insert into SHOT values (609, 641, 642, 2815, 9.74, 41.40, 4.00, 9.49, 43.24, 4.89, 0.42, 172.19, 17.99);
insert into SHOT_FLAG values(609, 'dpl');
insert into SHOT values (610, 642, 643, 2815, 2.66, 80.40, -5.00, 2.54, 82.73, -4.74, 0.16, 220.11, 7.80);
insert into SHOT_FLAG values(610, 'dpl');
insert into SHOT values (611, 643, 644, 2815, 10.91, 9.40, -1.00, 10.63, 8.93, -0.38, 0.32, 206.64, 22.34);
insert into SHOT_FLAG values(611, 'dpl');
insert into SHOT values (612, 644, 645, 2815, 2.95, 260.40, 5.00, 3.08, 258.14, 5.22, 0.17, 216.21, 7.52);
insert into SHOT_FLAG values(612, 'dpl');
insert into SHOT values (613, 645, 646, 2815, 4.89, 347.40, 27.00, 4.69, 346.23, 28.54, 0.25, 186.67, 4.50);
insert into SHOT_FLAG values(613, 'dpl');
insert into SHOT values (614, 646, 647, 2815, 3.77, 20.40, -6.00, 3.49, 20.58, -5.92, 0.28, 198.19, 6.98);
insert into SHOT_FLAG values(614, 'dpl');
insert into SHOT values (615, 647, 648, 2815, 3.85, 307.40, -28.00, 3.74, 304.99, -28.10, 0.18, 179.82, 15.21);
insert into SHOT_FLAG values(615, 'dpl');
insert into SHOT values (616, 648, 649, 2815, 3.27, 45.40, -9.00, 3.02, 46.63, -8.95, 0.26, 210.75, 9.31);
insert into SHOT_FLAG values(616, 'dpl');
insert into SHOT values (617, 649, 650, 2815, 5.28, 4.40, 90.00, 5.33, 195.26, 88.77, 0.12, 195.26, 23.68);
insert into SHOT_FLAG values(617, 'dpl');
insert into SHOT values (618, 650, 651, 2815, 2.85, 39.40, 1.00, 2.60, 40.63, 1.54, 0.26, 207.09, 4.45);
insert into SHOT_FLAG values(618, 'dpl');
insert into SHOT values (619, 651, 652, 2815, 6.74, 141.40, 10.00, 6.92, 143.84, 10.07, 0.34, 201.18, 6.74);
insert into SHOT_FLAG values(619, 'dpl');
insert into SHOT values (620, 652, 653, 2815, 8.60, 49.40, 39.00, 8.46, 51.27, 41.38, 0.44, 198.16, 24.00);
insert into SHOT_FLAG values(620, 'dpl');
insert into SHOT values (621, 653, 654, 2815, 3.40, 61.40, 9.00, 3.22, 63.19, 9.67, 0.21, 213.68, 2.18);
insert into SHOT_FLAG values(621, 'dpl');
insert into SHOT values (622, 654, 655, 2815, 5.14, 72.40, -18.00, 4.98, 74.70, -18.01, 0.25, 201.43, 11.16);
insert into SHOT_FLAG values(622, 'dpl');
insert into SHOT values (623, 655, 656, 2815, 3.49, 37.40, 50.00, 3.35, 38.49, 52.18, 0.19, 205.61, -7.02);
insert into SHOT_FLAG values(623, 'dpl');
insert into SHOT values (624, 656, 657, 2815, 14.10, 64.40, -2.00, 13.95, 68.64, -1.27, 1.06, 164.38, 9.86);
insert into SHOT_FLAG values(624, 'dpl');
insert into SHOT values (625, 657, 658, 2815, 18.90, 18.40, 57.00, 18.91, 18.69, 63.66, 2.20, 197.10, 30.03);
insert into SHOT_FLAG values(625, 'dpl');
insert into SHOT values (626, 658, 659, 2815, 21.08, 4.40, 90.00, 21.15, 195.26, 87.84, 0.80, 195.26, 3.58);
insert into SHOT_FLAG values(626, 'dpl');
insert into SHOT values (627, 659, 660, 2815, 13.09, 36.40, 38.00, 12.94, 38.03, 41.60, 0.88, 193.27, 37.13);
insert into SHOT_FLAG values(627, 'dpl');
insert into SHOT values (628, 660, 661, 2815, 9.27, 51.40, -6.00, 9.05, 53.77, -5.71, 0.44, 172.73, 9.00);
insert into SHOT_FLAG values(628, 'dpl');
insert into SHOT values (629, 661, 662, 2815, 3.11, 50.40, 22.00, 2.91, 51.97, 23.24, 0.22, 210.72, -3.93);
insert into SHOT_FLAG values(629, 'dpl');
insert into SHOT values (630, 662, 663, 2815, 4.59, 39.40, 7.00, 4.34, 40.47, 7.68, 0.27, 202.08, 4.36);
insert into SHOT_FLAG values(630, 'dpl');
insert into SHOT values (631, 663, 664, 2815, 2.28, 4.40, 90.00, 2.33, 194.04, 87.97, 0.10, 194.04, 31.23);
insert into SHOT_FLAG values(631, 'dpl');
insert into SHOT values (632, 664, 665, 2815, 3.24, 45.40, 25.00, 3.04, 46.78, 26.14, 0.22, 207.71, -7.69);
insert into SHOT_FLAG values(632, 'dpl');
insert into SHOT values (633, 665, 666, 2815, 5.96, 27.40, 4.00, 5.68, 28.01, 4.74, 0.29, 195.26, 10.64);
insert into SHOT_FLAG values(633, 'dpl');
insert into SHOT values (634, 666, 667, 2815, 4.08, 65.40, 9.00, 3.91, 67.43, 9.57, 0.22, 207.75, 3.01);
insert into SHOT_FLAG values(634, 'dpl');
insert into SHOT values (635, 667, 668, 2815, 3.10, 1.40, 34.00, 2.90, 0.73, 35.88, 0.22, 188.49, -8.59);
insert into SHOT_FLAG values(635, 'dpl');
insert into SHOT values (636, 668, 669, 2815, 2.97, 61.40, -15.00, 2.77, 63.15, -15.04, 0.21, 218.24, 13.18);
insert into SHOT_FLAG values(636, 'dpl');
insert into SHOT values (637, 669, 670, 2815, 3.52, 120.40, 43.00, 3.61, 122.97, 42.80, 0.15, 180.19, 19.77);
insert into SHOT_FLAG values(637, 'dpl');
insert into SHOT values (638, 670, 671, 2815, 7.00, 8.40, 30.00, 6.78, 8.10, 32.06, 0.33, 193.80, 17.54);
insert into SHOT_FLAG values(638, 'dpl');
insert into SHOT values (639, 671, 672, 2815, 5.81, 56.40, -27.00, 5.61, 58.17, -27.63, 0.26, 200.54, 8.20);
insert into SHOT_FLAG values(639, 'dpl');
insert into SHOT values (640, 672, 673, 2815, 11.50, 26.40, 46.00, 11.36, 27.19, 49.82, 0.78, 197.62, 31.44);
insert into SHOT_FLAG values(640, 'dpl');
insert into SHOT values (641, 673, 674, 2815, 3.89, 4.40, 90.00, 3.94, 198.43, 88.62, 0.11, 198.43, 27.79);
insert into SHOT_FLAG values(641, 'dpl');
insert into SHOT values (642, 674, 675, 2815, 16.32, 38.40, 6.00, 16.09, 40.93, 7.61, 0.87, 151.18, 29.01);
insert into SHOT_FLAG values(642, 'dpl');
insert into SHOT values (643, 675, 676, 2815, 4.62, 51.40, -15.00, 4.39, 52.97, -15.20, 0.26, 204.66, 10.07);
insert into SHOT_FLAG values(643, 'dpl');
insert into SURVEY values (2817, 24, 'fenestrator', 'fenestrator.primadona.sistem_prima', NULL);
 insert into CENTRELINE values (2818, 2817, NULL, NULL, NULL, 0.00, 0.00, 0.00);
 insert into SCRAPS values (2819, 2817, 'fenestratorp_1', 1);
 insert into SCRAPS values (2847, 2817, 'fenestratorp_2', 1);
 insert into MAPS values (2854, 2817, 'mfenestrator-p', NULL, 1, 51.240, 4.810);
 insert into MAPITEMS values (2854, 4, 2819);
 insert into MAPITEMS values (2854, 4, 2847);
 insert into MAPS values (2855, 2817, 'mfenestratorp_1', NULL, 1, 51.240, 4.810);
 insert into MAPITEMS values (2855, 4, 2819);
 insert into MAPS values (2856, 2817, 'mfenestratorp_2', NULL, 1, 51.240, 4.810);
 insert into MAPITEMS values (2856, 4, 2847);
 insert into CENTRELINE values (2857, 2817, NULL, '2017-07-14', '2017-07-14', 51.24, 0.00, 0.00);
 insert into PERSON values (26, 'Benjamin', 'Honan');
insert into TOPO values (26, 2857);
 insert into TOPO values (18, 2857);
 insert into EXPLO values (26, 2857);
 insert into SHOT values (644, 677, 678, 2857, 5.04, 357.40, -20.00, 5.04, 357.46, -20.07, 0.01, 103.08, -50.33);
insert into SHOT values (645, 679, 677, 2857, 2.59, 24.40, 10.00, 2.59, 24.35, 10.02, 0.00, 231.33, 3.12);
insert into SHOT values (646, 680, 679, 2857, 2.46, 66.40, -24.00, 2.46, 66.40, -23.98, 0.00, 72.85, 39.10);
insert into SHOT values (647, 681, 680, 2857, 2.92, 71.40, 45.00, 2.93, 71.39, 45.03, 0.01, 66.55, 57.07);
insert into SHOT values (648, 682, 681, 2857, 1.45, 4.40, -90.00, 1.45, 90.00, -90.00, 0.00, 4.40, 88.41);
insert into SHOT values (649, 683, 682, 2857, 4.59, 357.40, 20.00, 4.59, 357.34, 20.00, 0.00, 286.78, 1.68);
insert into SHOT values (650, 684, 683, 2857, 14.34, 10.40, 0.00, 14.34, 10.41, 0.00, 0.00, 157.19, 0.00);
insert into SHOT values (651, 685, 684, 2857, 8.22, 11.40, 1.00, 8.22, 11.43, 0.98, 0.01, 60.16, -27.29);
insert into SHOT values (652, 686, 685, 2857, 3.23, 230.40, -5.00, 3.23, 230.42, -4.97, 0.00, 325.23, 47.46);
insert into SHOT values (653, 687, 686, 2857, 6.40, 132.40, -45.00, 6.40, 132.40, -45.04, 0.01, 305.49, -61.64);
insert into SURVEY values (2859, 24, 'battery_flattery', 'battery_flattery.primadona.sistem_prima', NULL);
 insert into CENTRELINE values (2860, 2859, NULL, NULL, NULL, 0.00, 0.00, 0.00);
 insert into SCRAPS values (2861, 2859, 'battery_flatteryp_1', 1);
 insert into SCRAPS values (2879, 2859, 'scrap28', 1);
 insert into SCRAPS values (2881, 2859, 'battery_flatteryp_2', 1);
 insert into MAPS values (2891, 2859, 'mbattery_flattery-p', NULL, 1, 63.420, 23.430);
 insert into MAPITEMS values (2891, 4, 2861);
 insert into MAPITEMS values (2891, 4, 2881);
 insert into MAPS values (2892, 2859, 'mbattery_flatteryp_1', NULL, 1, 63.420, 23.430);
 insert into MAPITEMS values (2892, 4, 2861);
 insert into MAPS values (2893, 2859, 'mbattery_flatteryp_2', NULL, 1, 63.420, 23.430);
 insert into MAPITEMS values (2893, 4, 2881);
 insert into CENTRELINE values (2894, 2859, NULL, '2017-07-20', NULL, 63.42, 0.00, 0.00);
 insert into TOPO values (26, 2894);
 insert into TOPO values (18, 2894);
 insert into EXPLO values (26, 2894);
 insert into EXPLO values (25, 2894);
 insert into EXPLO values (18, 2894);
 insert into SHOT values (654, 688, 689, 2894, 1.44, 252.40, 43.00, 1.44, 252.42, 42.77, 0.01, 255.79, -18.14);
insert into SHOT values (655, 690, 688, 2894, 3.00, 264.40, 0.00, 2.99, 264.44, 0.00, 0.01, 64.12, 0.00);
insert into SHOT values (656, 691, 690, 2894, 7.85, 319.40, 23.00, 7.85, 319.32, 23.02, 0.01, 229.34, 15.57);
insert into SHOT values (657, 692, 691, 2894, 11.04, 326.40, -7.00, 11.04, 326.43, -7.02, 0.01, 51.65, -42.34);
insert into SHOT values (658, 693, 692, 2894, 5.06, 252.40, 0.00, 5.06, 252.39, 0.00, 0.00, 89.94, 0.00);
insert into SHOT values (659, 694, 693, 2894, 5.38, 191.40, 5.00, 5.38, 191.41, 5.02, 0.00, 350.08, 15.97);
insert into SHOT values (660, 695, 694, 2894, 7.50, 301.40, 19.00, 7.50, 301.34, 18.98, 0.01, 236.79, -11.68);
insert into SHOT values (661, 696, 695, 2894, 2.12, 214.40, -26.00, 2.12, 214.28, -26.08, 0.01, 71.25, -5.43);
insert into SHOT values (662, 697, 689, 2894, 17.30, 4.40, -90.00, 17.30, 90.00, -90.00, 0.00, 4.40, -71.56);
insert into SHOT values (663, 698, 697, 2894, 2.73, 309.40, -11.00, 2.74, 309.26, -10.96, 0.01, 263.96, 5.61);
insert into SURVEY values (2896, 24, 'plumbers_p', 'plumbers_p.primadona.sistem_prima', NULL);
 insert into CENTRELINE values (2897, 2896, NULL, NULL, NULL, 0.00, 0.00, 0.00);
 insert into SCRAPS values (2898, 2896, 'plumbers_pp_2', 1);
 insert into SCRAPS values (2929, 2896, 'plumbers_pp_1', 1);
 insert into MAPS values (2945, 2896, 'mplumbers_p-p', NULL, 1, 107.670, 24.790);
 insert into MAPITEMS values (2945, 4, 2946);
 insert into MAPITEMS values (2945, 4, 2947);
 insert into MAPS values (2946, 2896, 'mplumbers_pp_1', NULL, 1, 107.670, 24.790);
 insert into MAPITEMS values (2946, 4, 2929);
 insert into MAPS values (2947, 2896, 'mplumbers_pp_2', NULL, 1, 107.670, 24.790);
 insert into MAPITEMS values (2947, 4, 2898);
 insert into CENTRELINE values (2949, 2896, NULL, '2017-07-20', NULL, 107.67, 0.00, 0.00);
 insert into TOPO values (26, 2949);
 insert into TOPO values (25, 2949);
 insert into TOPO values (18, 2949);
 insert into EXPLO values (26, 2949);
 insert into EXPLO values (25, 2949);
 insert into EXPLO values (18, 2949);
 insert into SHOT values (664, 699, 700, 2949, 1.25, 234.40, 30.00, 1.25, 234.40, 29.81, 0.01, 50.65, -86.95);
insert into SHOT values (665, 701, 699, 2949, 1.92, 289.40, 29.00, 1.93, 289.40, 29.14, 0.01, 290.04, 54.80);
insert into SHOT values (666, 702, 701, 2949, 2.71, 300.40, 8.00, 2.71, 300.49, 7.86, 0.01, 66.81, -54.65);
insert into SHOT values (667, 703, 702, 2949, 3.12, 226.40, -5.00, 3.12, 226.30, -4.96, 0.01, 172.94, 16.22);
insert into SHOT values (668, 704, 703, 2949, 5.14, 201.40, -2.00, 5.14, 201.47, -2.01, 0.01, 295.53, -5.59);
insert into SHOT values (669, 705, 704, 2949, 5.92, 177.40, 4.00, 5.92, 177.38, 3.97, 0.00, 103.47, -53.99);
insert into SHOT values (670, 706, 705, 2949, 4.96, 172.40, -1.00, 4.96, 172.36, -0.92, 0.01, 136.53, 47.79);
insert into SHOT values (671, 707, 706, 2949, 3.47, 172.40, -20.00, 3.47, 172.42, -20.06, 0.00, 328.88, -52.59);
insert into SHOT values (672, 708, 707, 2949, 5.20, 164.40, 11.00, 5.19, 164.41, 10.99, 0.01, 337.18, -17.57);
insert into SHOT values (673, 709, 708, 2949, 3.09, 156.40, -1.00, 3.10, 156.41, -0.92, 0.01, 160.73, 22.68);
insert into SHOT values (674, 710, 709, 2949, 6.80, 182.40, -3.00, 6.80, 182.45, -3.04, 0.01, 309.89, -29.19);
insert into SHOT values (675, 711, 710, 2949, 8.24, 164.40, 0.00, 8.24, 164.38, 0.00, 0.01, 130.99, 0.00);
insert into SHOT values (676, 712, 711, 2949, 3.08, 161.40, 1.00, 3.08, 161.45, 1.12, 0.01, 239.62, 67.32);
insert into SHOT values (677, 713, 712, 2949, 0.96, 264.40, 33.00, 0.96, 265.00, 32.92, 0.01, 8.50, -18.23);
insert into SHOT values (678, 713, 714, 2949, 7.52, 322.40, 37.00, 7.52, 322.44, 37.03, 0.01, 68.53, 42.72);
insert into SHOT values (679, 714, 715, 2949, 5.65, 326.40, 11.00, 5.65, 326.40, 10.92, 0.01, 301.07, -83.63);
insert into SHOT values (680, 715, 716, 2949, 5.47, 322.40, -34.00, 5.46, 322.35, -33.93, 0.01, 226.79, 64.29);
insert into SHOT values (681, 716, 717, 2949, 1.27, 174.40, -10.00, 1.27, 174.47, -10.46, 0.01, 336.59, -61.40);
insert into SHOT values (682, 717, 718, 2949, 5.55, 124.40, -63.00, 5.54, 124.32, -62.99, 0.01, 15.91, 54.32);
insert into SHOT values (683, 717, 719, 2949, 9.71, 6.40, 79.00, 9.72, 6.51, 79.01, 0.01, 109.16, 66.32);
insert into SHOT values (684, 719, 720, 2949, 7.75, 286.40, 72.00, 7.75, 286.47, 71.97, 0.00, 326.30, -8.50);
insert into SHOT values (685, 720, 721, 2949, 1.92, 194.40, 10.00, 1.92, 194.40, 9.91, 0.00, 8.99, -66.99);
insert into SHOT values (686, 721, 722, 2949, 4.62, 97.40, 23.00, 4.62, 97.43, 23.04, 0.01, 130.29, 53.86);
insert into SHOT values (687, 722, 723, 2949, 2.35, 179.40, 20.00, 2.35, 179.48, 19.90, 0.01, 239.50, -45.89);
insert into SURVEY values (2951, 24, 'upotyn', 'upotyn.primadona.sistem_prima', NULL);
 insert into CENTRELINE values (2952, 2951, NULL, NULL, NULL, 0.00, 0.00, 0.00);
 insert into SCRAPS values (2953, 2951, 'upotynp_1', 1);
 insert into MAPS values (2973, 2951, 'mupotyn-p', NULL, 1, 32.160, 8.210);
 insert into MAPITEMS values (2973, 4, 2953);
 insert into CENTRELINE values (2974, 2951, NULL, '2017-07-20', '2017-07-20', 32.16, 0.00, 28.23);
 insert into TOPO values (25, 2974);
 insert into TOPO values (18, 2974);
 insert into EXPLO values (18, 2974);
 insert into SHOT values (688, 724, 725, 2974, 3.70, 340.40, 2.00, 3.70, 340.39, 2.02, 0.00, 173.08, 13.94);
insert into SHOT values (689, 726, 724, 2974, 4.08, 343.40, -11.00, 4.08, 343.33, -11.01, 0.01, 288.00, -13.82);
insert into SHOT values (690, 727, 726, 2974, 5.19, 347.40, 4.00, 5.19, 347.39, 3.98, 0.00, 192.31, -36.72);
insert into SHOT values (691, 728, 727, 2974, 4.41, 355.40, 17.00, 4.42, 355.38, 16.98, 0.01, 344.29, 5.61);
insert into SHOT values (692, 729, 728, 2974, 4.24, 15.40, 1.00, 4.23, 15.48, 0.95, 0.01, 149.41, -25.72);
insert into SHOT values (693, 730, 729, 2974, 4.30, 325.40, -11.00, 4.31, 325.41, -10.98, 0.01, 330.62, 4.30);
insert into SHOT values (694, 731, 730, 2974, 6.24, 282.40, -13.00, 6.24, 282.34, -12.97, 0.01, 197.49, 32.22);
insert into SHOT values (695, 732, 731, 2974, 2.34, 333.40, -28.00, 2.34, 333.56, -28.03, 0.01, 63.14, -14.06);
insert into SHOT_FLAG values(695, 'dpl');
insert into SHOT values (696, 733, 732, 2974, 5.70, 6.40, -2.00, 5.70, 6.35, -2.01, 0.01, 258.32, -11.93);
insert into SHOT_FLAG values(696, 'dpl');
insert into SHOT values (697, 734, 733, 2974, 9.80, 13.40, 0.00, 9.80, 13.45, 0.00, 0.01, 109.84, 0.00);
insert into SHOT_FLAG values(697, 'dpl');
insert into SHOT values (698, 735, 734, 2974, 4.26, 326.40, 1.00, 4.26, 326.38, 1.08, 0.01, 308.42, 56.76);
insert into SHOT_FLAG values(698, 'dpl');
insert into SHOT values (699, 735, 736, 2974, 6.13, 303.40, 51.00, 6.13, 303.36, 51.05, 0.01, 170.13, 59.06);
insert into SHOT_FLAG values(699, 'dpl');
insert into SURVEY values (2976, 24, 'hallelujah', 'hallelujah.primadona.sistem_prima', NULL);
 insert into CENTRELINE values (2977, 2976, NULL, NULL, NULL, 0.00, 0.00, 0.00);
 insert into SCRAPS values (2978, 2976, 'hallelujahp_1', 1);
 insert into MAPS values (2997, 2976, 'mhallelujah-p', NULL, 1, 34.460, 6.020);
 insert into MAPITEMS values (2997, 4, 2978);
 insert into CENTRELINE values (2998, 2976, NULL, '2017-07-20', NULL, 34.46, 0.00, 0.00);
 insert into TOPO values (26, 2998);
 insert into TOPO values (18, 2998);
 insert into EXPLO values (26, 2998);
 insert into EXPLO values (25, 2998);
 insert into EXPLO values (18, 2998);
 insert into SHOT values (700, 737, 738, 2998, 3.57, 335.40, 3.00, 3.57, 335.30, 3.05, 0.01, 255.56, 27.39);
insert into SHOT values (701, 739, 738, 2998, 4.71, 154.40, -3.00, 4.71, 154.42, -2.92, 0.01, 307.58, 65.53);
insert into SHOT values (702, 740, 739, 2998, 3.99, 142.40, -23.00, 3.99, 142.41, -23.02, 0.00, 265.65, -45.68);
insert into SHOT values (703, 741, 740, 2998, 4.36, 145.40, -36.00, 4.36, 145.50, -35.94, 0.01, 204.41, 20.89);
insert into SHOT values (704, 742, 741, 2998, 2.44, 69.40, 24.00, 2.44, 69.29, 23.90, 0.01, 31.29, -20.00);
insert into SHOT values (705, 743, 742, 2998, 8.19, 153.40, -7.00, 8.19, 153.40, -7.01, 0.00, 173.43, -51.92);
insert into SHOT values (706, 744, 743, 2998, 4.18, 142.40, -12.00, 4.18, 142.46, -12.02, 0.00, 262.63, -11.13);
insert into SHOT values (707, 745, 744, 2998, 2.30, 164.40, -15.00, 2.30, 164.34, -14.87, 0.01, 94.73, 64.12);
insert into SHOT values (708, 745, 746, 2998, 0.72, 248.40, -6.00, 0.72, 248.79, -5.56, 0.01, 310.40, 43.45);
insert into SURVEY values (3000, 24, 'sweet_baby_jesus', 'sweet_baby_jesus.primadona.sistem_prima', NULL);
 insert into CENTRELINE values (3001, 3000, NULL, NULL, NULL, 0.00, 0.00, 0.00);
 insert into SCRAPS values (3002, 3000, 'sweet_baby_jesusp_1', 1);
 insert into SCRAPS values (3033, 3000, 'sweet_baby_jesusp_2', 1);
 insert into SCRAPS values (3052, 3000, 'sweet_baby_jesusp_3', 1);
 insert into MAPS values (3064, 3000, 'msweet_baby_jesus-p', NULL, 1, 105.170, 18.790);
 insert into MAPITEMS values (3064, 4, 3065);
 insert into MAPITEMS values (3064, 4, 3066);
 insert into MAPITEMS values (3064, 4, 3067);
 insert into MAPS values (3065, 3000, 'msweet_baby_jesusp_1', NULL, 1, 105.170, 18.790);
 insert into MAPITEMS values (3065, 4, 3002);
 insert into MAPS values (3066, 3000, 'msweet_baby_jesusp_2', NULL, 1, 105.170, 18.790);
 insert into MAPITEMS values (3066, 4, 3033);
 insert into MAPS values (3067, 3000, 'msweet_baby_jesusp_3', NULL, 1, 105.170, 18.790);
 insert into MAPITEMS values (3067, 4, 3052);
 insert into CENTRELINE values (3070, 3000, NULL, '2017-07-28', NULL, 105.17, 0.00, 6.89);
 insert into PERSON values (27, 'Rebecca', 'Diss');
insert into TOPO values (27, 3070);
 insert into TOPO values (18, 3070);
 insert into EXPLO values (27, 3070);
 insert into EXPLO values (18, 3070);
 insert into SHOT values (709, 747, 748, 3070, 5.90, 185.40, -9.00, 5.85, 186.07, -9.44, 0.09, 315.07, -23.10);
insert into SHOT values (710, 749, 747, 3070, 2.60, 77.40, 11.00, 2.54, 76.58, 10.88, 0.07, 291.02, -13.89);
insert into SHOT values (711, 750, 749, 3070, 3.66, 172.40, 13.00, 3.57, 172.92, 12.77, 0.09, 331.01, -21.27);
insert into SHOT values (712, 751, 750, 3070, 2.58, 89.40, 17.00, 2.51, 88.81, 16.91, 0.08, 289.88, -18.81);
insert into SHOT values (713, 752, 751, 3070, 6.55, 101.40, 5.00, 6.47, 100.91, 4.70, 0.10, 316.57, -22.97);
insert into SHOT values (714, 753, 752, 3070, 8.23, 156.40, -6.00, 8.14, 156.86, -6.56, 0.13, 302.09, -31.48);
insert into SHOT values (715, 754, 753, 3070, 1.29, 248.40, 9.00, 1.32, 249.34, 8.29, 0.04, 284.26, -17.94);
insert into SHOT values (716, 755, 754, 3070, 9.17, 184.40, -12.00, 9.17, 184.41, -11.96, 0.01, 335.23, 62.12);
insert into SHOT values (717, 756, 755, 3070, 6.20, 117.40, -12.00, 6.20, 117.41, -12.02, 0.00, 285.67, -12.72);
insert into SHOT values (718, 757, 756, 3070, 10.73, 163.40, -49.00, 10.73, 163.42, -48.99, 0.00, 191.93, -26.95);
insert into SHOT values (719, 758, 757, 3070, 2.59, 153.40, -10.00, 2.59, 153.23, -9.99, 0.01, 84.81, -1.79);
insert into SHOT values (720, 759, 758, 3070, 6.45, 165.40, -5.00, 6.45, 165.40, -4.98, 0.00, 162.31, 46.42);
insert into SHOT values (721, 760, 759, 3070, 5.12, 173.40, -21.00, 5.12, 173.40, -21.05, 0.01, 154.39, -69.69);
insert into SHOT values (722, 761, 760, 3070, 3.89, 188.40, -21.00, 3.89, 188.55, -20.95, 0.01, 285.85, 22.70);
insert into SHOT values (723, 762, 761, 3070, 6.05, 110.40, 0.00, 6.06, 110.38, 0.00, 0.01, 95.27, 0.00);
insert into SHOT values (724, 763, 762, 3070, 1.63, 138.40, -41.00, 1.63, 138.64, -41.12, 0.01, 269.67, -5.32);
insert into SHOT values (725, 764, 763, 3070, 3.44, 162.40, -25.00, 3.44, 162.44, -24.96, 0.00, 305.15, 50.53);
insert into SHOT values (726, 765, 764, 3070, 5.67, 131.40, 4.00, 5.67, 131.35, 3.94, 0.01, 84.61, -36.59);
insert into SHOT values (727, 766, 765, 3070, 9.20, 149.40, -1.00, 9.20, 149.42, -1.00, 0.00, 224.21, 10.54);
insert into SHOT values (728, 767, 766, 3070, 4.22, 4.40, 90.00, 4.22, 90.00, 90.00, 0.00, 4.40, 61.85);
insert into SHOT values (729, 768, 767, 3070, 1.81, 38.40, -16.00, 1.81, 38.45, -16.06, 0.00, 192.72, -17.05);
insert into SHOT_FLAG values(729, 'dpl');
insert into SHOT values (730, 769, 768, 3070, 5.08, 337.40, 7.00, 5.09, 337.40, 7.00, 0.01, 332.86, 9.21);
insert into SHOT_FLAG values(730, 'dpl');
insert into SURVEY values (3072, 24, 'alabaster', 'alabaster.primadona.sistem_prima', NULL);
 insert into CENTRELINE values (3073, 3072, NULL, NULL, NULL, 0.00, 0.00, 0.00);
 insert into SCRAPS values (3074, 3072, 'alabasterp_1', 1);
 insert into SCRAPS values (3093, 3072, 'alabasterp_2', 1);
 insert into SCRAPS values (3105, 3072, 'alabasterp_4', 1);
 insert into SCRAPS values (3118, 3072, 'alabasterp_3', 1);
 insert into MAPS values (3131, 3072, 'malabaster-p', NULL, 1, 113.610, 46.460);
 insert into MAPITEMS values (3131, 4, 3132);
 insert into MAPITEMS values (3131, 4, 3133);
 insert into MAPITEMS values (3131, 4, 3134);
 insert into MAPITEMS values (3131, 4, 3135);
 insert into MAPS values (3132, 3072, 'malabasterp_1', NULL, 1, 113.610, 46.460);
 insert into MAPITEMS values (3132, 4, 3074);
 insert into MAPS values (3133, 3072, 'malabasterp_2', NULL, 1, 113.610, 46.460);
 insert into MAPITEMS values (3133, 4, 3093);
 insert into MAPS values (3134, 3072, 'malabasterp_3', NULL, 1, 113.610, 46.460);
 insert into MAPITEMS values (3134, 4, 3118);
 insert into MAPS values (3135, 3072, 'malabasterp_4', NULL, 1, 113.610, 46.460);
 insert into MAPITEMS values (3135, 4, 3105);
 insert into CENTRELINE values (3139, 3072, NULL, '2017-07-30', NULL, 113.61, 0.00, 0.00);
 insert into TOPO values (24, 3139);
 insert into TOPO values (17, 3139);
 insert into EXPLO values (24, 3139);
 insert into EXPLO values (17, 3139);
 insert into SHOT values (731, 770, 771, 3139, 13.23, 326.40, 82.00, 13.23, 326.31, 82.01, 0.00, 197.35, -17.90);
insert into SHOT values (732, 771, 772, 3139, 5.10, 46.40, 26.00, 5.10, 46.41, 26.05, 0.00, 160.68, 77.23);
insert into SHOT values (733, 772, 773, 3139, 2.55, 346.40, 31.00, 2.55, 346.53, 30.88, 0.01, 35.06, -26.56);
insert into SHOT values (734, 773, 774, 3139, 6.84, 8.40, 16.00, 6.88, 7.54, 15.52, 0.12, 305.81, -22.04);
insert into SHOT values (735, 774, 775, 3139, 3.10, 12.40, 37.00, 3.12, 11.71, 36.37, 0.05, 332.60, -18.27);
insert into SHOT values (736, 775, 776, 3139, 4.24, 62.40, 24.00, 4.20, 61.70, 23.89, 0.06, 295.93, -22.72);
insert into SHOT values (737, 776, 777, 3139, 6.55, 24.40, 8.00, 6.58, 23.50, 7.60, 0.12, 312.53, -21.00);
insert into SHOT values (738, 777, 778, 3139, 2.34, 297.40, -24.00, 2.44, 297.83, -23.96, 0.10, 307.87, -22.69);
insert into SHOT values (739, 773, 779, 3139, 3.23, 26.40, 35.00, 3.23, 27.15, 35.42, 0.04, 141.89, 24.57);
insert into SHOT values (740, 779, 780, 3139, 6.19, 51.40, 76.00, 6.23, 52.52, 75.95, 0.05, 115.60, 45.88);
insert into SHOT values (741, 780, 781, 3139, 1.22, 173.40, -9.00, 1.29, 172.82, -8.44, 0.08, 163.54, 0.64);
insert into SHOT values (742, 781, 782, 3139, 3.85, 4.40, 90.00, 3.89, 135.00, 89.58, 0.05, 135.00, 54.74);
insert into SHOT values (743, 782, 783, 3139, 2.70, 125.40, 29.00, 2.79, 125.51, 28.91, 0.09, 128.55, 26.20);
insert into SHOT values (744, 783, 784, 3139, 4.95, 192.40, 2.00, 5.00, 191.67, 2.29, 0.08, 138.05, 19.11);
insert into SHOT values (745, 784, 785, 3139, 2.91, 269.40, 64.00, 2.91, 268.15, 64.75, 0.05, 126.89, 18.06);
insert into SHOT values (746, 785, 786, 3139, 7.02, 349.40, 8.00, 6.95, 349.95, 8.52, 0.11, 128.85, 27.78);
insert into SHOT values (747, 786, 787, 3139, 6.88, 36.40, 66.00, 6.92, 37.12, 66.26, 0.06, 149.15, 50.00);
insert into SHOT values (748, 787, 788, 3139, 5.25, 44.40, 20.00, 5.26, 45.33, 20.24, 0.08, 133.21, 17.02);
insert into SHOT values (749, 788, 789, 3139, 2.70, 81.40, 11.00, 2.76, 82.14, 11.29, 0.07, 113.79, 20.93);
insert into SHOT values (750, 789, 790, 3139, 4.65, 68.40, 19.00, 4.70, 69.16, 19.13, 0.08, 121.70, 19.71);
insert into SHOT values (751, 790, 791, 3139, 5.39, 29.40, 2.00, 5.36, 30.25, 2.46, 0.09, 138.61, 26.58);
insert into SHOT values (752, 791, 792, 3139, 2.27, 88.40, 12.00, 2.34, 89.00, 12.08, 0.08, 107.24, 13.74);
insert into SHOT values (753, 792, 793, 3139, 5.76, 81.40, 13.00, 5.83, 82.10, 13.19, 0.10, 129.82, 20.43);
insert into SHOT values (754, 793, 794, 3139, 4.40, 352.40, 9.00, 4.33, 352.87, 9.43, 0.08, 146.67, 14.99);
insert into SHOT values (755, 794, 795, 3139, 0.29, 278.40, -2.00, 0.21, 275.44, 0.00, 0.08, 106.25, 7.22);
insert into SURVEY values (3141, 24, 'jack_of_hearts', 'jack_of_hearts.primadona.sistem_prima', NULL);
 insert into CENTRELINE values (3142, 3141, NULL, NULL, NULL, 0.00, 0.00, 0.00);
 insert into SCRAPS values (3143, 3141, 'jack_of_heartsp_1', 1);
 insert into SCRAPS values (3164, 3141, 'jack_of_heartsp_2', 1);
 insert into SCRAPS values (3173, 3141, 'jack_of_heartsp_3', 1);
 insert into SCRAPS values (3194, 3141, 'jack_of_heartsp_4', 1);
 insert into MAPS values (3224, 3141, 'mjack_of_hearts-p', NULL, 1, 158.690, 62.810);
 insert into MAPITEMS values (3224, 4, 3225);
 insert into MAPITEMS values (3224, 4, 3226);
 insert into MAPITEMS values (3224, 4, 3227);
 insert into MAPITEMS values (3224, 4, 3228);
 insert into MAPS values (3225, 3141, 'mjack_of_heartsp_1', NULL, 1, 158.690, 62.810);
 insert into MAPITEMS values (3225, 4, 3143);
 insert into MAPS values (3226, 3141, 'mjack_of_heartsp_2', NULL, 1, 158.690, 62.810);
 insert into MAPITEMS values (3226, 4, 3164);
 insert into MAPS values (3227, 3141, 'mjack_of_heartsp_3', NULL, 1, 158.690, 62.810);
 insert into MAPITEMS values (3227, 4, 3173);
 insert into MAPS values (3228, 3141, 'mjack_of_heartsp_4', NULL, 1, 158.690, 62.810);
 insert into MAPITEMS values (3228, 4, 3194);
 insert into CENTRELINE values (3232, 3141, NULL, '2017-07-20', NULL, 158.69, 0.00, 33.24);
 insert into TOPO values (15, 3232);
 insert into TOPO values (17, 3232);
 insert into EXPLO values (15, 3232);
 insert into EXPLO values (17, 3232);
 insert into SHOT values (756, 796, 797, 3232, 12.60, 4.40, 90.00, 12.60, 90.00, 90.00, 0.00, 4.40, 72.17);
insert into SHOT values (757, 798, 797, 3232, 4.42, 136.40, 9.00, 4.42, 136.39, 8.98, 0.00, 337.20, -42.99);
insert into SHOT values (758, 799, 800, 3232, 5.60, 205.40, -14.00, 5.59, 205.43, -14.07, 0.01, 4.58, -31.80);
insert into SHOT values (759, 799, 801, 3232, 2.80, 339.40, -6.00, 2.80, 339.42, -6.14, 0.01, 356.06, -65.08);
insert into SHOT values (760, 802, 801, 3232, 1.91, 208.40, 3.00, 1.91, 208.18, 3.00, 0.01, 106.80, 0.29);
insert into SHOT values (761, 803, 802, 3232, 8.66, 162.40, -13.00, 8.66, 162.40, -13.02, 0.00, 334.94, -29.67);
insert into SHOT values (762, 804, 803, 3232, 3.40, 183.40, -19.00, 3.40, 183.39, -19.04, 0.00, 144.09, -70.20);
insert into SHOT values (763, 804, 805, 3232, 8.99, 332.40, -3.00, 8.99, 332.41, -3.00, 0.00, 350.58, 7.11);
insert into SHOT values (764, 806, 805, 3232, 3.08, 166.40, -60.00, 3.08, 166.42, -60.14, 0.01, 342.71, -20.30);
insert into SHOT values (765, 807, 806, 3232, 3.63, 128.40, 4.00, 3.63, 128.39, 4.10, 0.01, 109.10, 71.72);
insert into SHOT values (766, 807, 808, 3232, 7.61, 346.40, 12.00, 7.62, 346.41, 12.05, 0.01, 3.95, 57.17);
insert into SHOT values (767, 808, 809, 3232, 3.04, 344.40, 12.00, 3.04, 344.37, 11.98, 0.00, 184.84, -26.91);
insert into SHOT values (768, 810, 809, 3232, 6.59, 172.40, -5.00, 6.59, 172.47, -4.96, 0.01, 251.61, 26.56);
insert into SHOT values (769, 810, 811, 3232, 4.45, 4.40, 90.00, 4.45, 90.00, 90.00, 0.00, 4.40, 71.07);
insert into SHOT values (770, 811, 812, 3232, 1.68, 311.40, 41.00, 1.68, 311.19, 40.77, 0.01, 279.65, -13.54);
insert into SHOT values (771, 812, 813, 3232, 6.76, 27.40, 47.00, 6.77, 27.51, 47.03, 0.01, 110.43, 34.18);
insert into SHOT values (772, 813, 814, 3232, 4.27, 64.40, 8.00, 4.27, 64.34, 7.95, 0.01, 311.32, -43.79);
insert into SHOT values (773, 815, 814, 3232, 3.68, 163.40, -36.00, 3.68, 163.39, -36.12, 0.01, 349.87, -65.63);
insert into SHOT values (774, 815, 816, 3232, 3.80, 24.40, -10.00, 3.80, 24.44, -9.99, 0.00, 64.09, -1.74);
insert into SHOT values (775, 816, 817, 3232, 6.35, 4.40, 90.00, 6.35, 90.00, 90.00, 0.00, 4.40, -76.25);
insert into SHOT values (776, 817, 818, 3232, 6.70, 352.40, 16.00, 6.70, 352.32, 15.95, 0.01, 244.69, -36.76);
insert into SHOT values (777, 818, 819, 3232, 5.85, 4.40, 90.00, 5.85, 90.00, 90.00, 0.00, 4.40, 81.51);
insert into SHOT values (778, 819, 820, 3232, 3.96, 338.40, 12.00, 3.96, 338.47, 12.11, 0.01, 103.77, 47.55);
insert into SHOT values (779, 820, 821, 3232, 3.28, 315.40, -13.00, 3.29, 315.38, -13.01, 0.01, 306.55, -16.24);
insert into SHOT values (780, 798, 821, 3232, 4.77, 188.40, -27.00, 4.76, 188.40, -26.97, 0.01, 10.76, 50.33);
insert into SHOT values (781, 798, 822, 3232, 5.73, 333.40, 31.00, 5.73, 333.54, 30.97, 0.01, 47.96, -5.38);
insert into SHOT values (782, 822, 823, 3232, 5.35, 333.40, 17.00, 5.35, 333.28, 17.06, 0.01, 242.84, 29.47);
insert into SHOT values (783, 823, 824, 3232, 19.73, 4.40, 90.00, 19.73, 90.00, 90.00, 0.00, 4.40, 14.46);
insert into SHOT values (784, 824, 825, 3232, 7.58, 133.40, 7.00, 7.58, 133.38, 6.97, 0.01, 101.16, -45.75);
insert into SHOT_FLAG values(784, 'dpl');
insert into SHOT values (785, 826, 825, 3232, 7.75, 323.40, 21.00, 7.75, 323.43, 20.95, 0.01, 69.66, -60.82);
insert into SHOT_FLAG values(785, 'dpl');
insert into SHOT values (786, 826, 827, 3232, 4.80, 136.40, -4.00, 4.80, 136.27, -4.06, 0.01, 46.23, -25.34);
insert into SHOT_FLAG values(786, 'dpl');
insert into SHOT values (787, 828, 827, 3232, 3.95, 177.40, 4.00, 3.94, 177.38, 4.07, 0.01, 11.12, 34.71);
insert into SHOT_FLAG values(787, 'dpl');
insert into SHOT values (788, 828, 829, 3232, 5.16, 285.40, 0.00, 5.17, 285.38, 0.00, 0.01, 267.20, 0.00);
insert into SHOT_FLAG values(788, 'dpl');
insert into SHOT values (789, 829, 830, 3232, 4.00, 4.40, -90.00, 4.00, 90.00, -90.00, 0.00, 4.40, 0.00);
insert into SHOT_FLAG values(789, 'dpl');
insert into SURVEY values (3234, 24, 'more_like_welding', 'more_like_welding.primadona.sistem_prima', 'More like Welding');
 insert into CENTRELINE values (3235, 3234, NULL, NULL, NULL, 0.00, 0.00, 0.00);
 insert into SCRAPS values (3236, 3234, 'more_like_welding-p1', 1);
 insert into SCRAPS values (3259, 3234, 'more_like_welding-p2', 1);
 insert into SCRAPS values (3271, 3234, 'more_like_welding-p3', 1);
 insert into MAPS values (3283, 3234, 'mmore_like_welding-p', NULL, 1, 87.370, 39.790);
 insert into MAPITEMS values (3283, 4, 3284);
 insert into MAPITEMS values (3283, 4, 3285);
 insert into MAPITEMS values (3283, 4, 3286);
 insert into MAPS values (3284, 3234, 'mmore_like_welding-p1', NULL, 1, 87.370, 39.790);
 insert into MAPITEMS values (3284, 4, 3236);
 insert into MAPS values (3285, 3234, 'mmore_like_welding-p2', NULL, 1, 87.370, 39.790);
 insert into MAPITEMS values (3285, 4, 3259);
 insert into MAPS values (3286, 3234, 'mmore_like_welding-p3', NULL, 1, 87.370, 39.790);
 insert into MAPITEMS values (3286, 4, 3271);
 insert into CENTRELINE values (3288, 3234, NULL, '2017-07-31', NULL, 87.37, 0.00, 18.42);
 insert into TOPO values (17, 3288);
 insert into PERSON values (28, 'David', 'Wilson');
insert into TOPO values (28, 3288);
 insert into EXPLO values (17, 3288);
 insert into EXPLO values (28, 3288);
 insert into SHOT values (790, 831, 832, 3288, 2.20, 56.40, 30.00, 2.25, 56.72, 30.09, 0.05, 69.89, 33.23);
insert into SHOT_FLAG values(790, 'dpl');
insert into SHOT values (791, 832, 833, 3288, 16.22, 4.40, 90.00, 16.27, 82.87, 89.72, 0.09, 82.87, 31.81);
insert into SHOT_FLAG values(791, 'dpl');
insert into SHOT values (792, 833, 834, 3288, 11.10, 193.40, 16.00, 11.09, 192.73, 16.77, 0.19, 81.74, 46.17);
insert into SHOT values (793, 834, 835, 3288, 6.32, 182.40, 0.00, 6.31, 181.91, 0.45, 0.07, 85.39, 42.15);
insert into SHOT values (794, 835, 836, 3288, 4.13, 194.40, -31.00, 4.09, 194.00, -30.74, 0.05, 58.40, 45.92);
insert into SHOT values (795, 837, 838, 3288, 3.64, 4.40, 90.00, 3.64, 90.00, 90.00, 0.00, 4.40, -84.31);
insert into SHOT values (796, 838, 839, 3288, 5.75, 78.40, 68.00, 5.75, 78.48, 68.00, 0.00, 180.40, -23.65);
insert into SHOT values (797, 839, 840, 3288, 6.89, 67.40, 29.00, 6.90, 67.39, 28.97, 0.01, 54.93, -2.45);
insert into SHOT values (798, 840, 841, 3288, 3.70, 139.40, -15.00, 3.70, 139.54, -15.03, 0.01, 221.99, -15.68);
insert into SHOT values (799, 841, 842, 3288, 2.50, 4.40, -90.00, 2.50, 90.00, -90.00, 0.00, 4.40, 0.00);
insert into SHOT values (800, 840, 836, 3288, 7.69, 24.40, 2.00, 7.69, 24.36, 2.01, 0.01, 283.93, 16.60);
insert into SHOT values (801, 836, 843, 3288, 16.60, 133.40, 13.00, 16.65, 132.59, 13.83, 0.34, 40.50, 47.04);
insert into SHOT values (802, 843, 844, 3288, 17.21, 4.40, 90.00, 17.25, 83.66, 89.70, 0.10, 83.66, 23.83);
insert into SHOT values (803, 844, 845, 3288, 1.84, 115.40, -1.00, 1.88, 115.20, -0.61, 0.04, 105.76, 16.98);
insert into SURVEY values (3290, 24, 'hammerhead', 'hammerhead.primadona.sistem_prima', NULL);
 insert into CENTRELINE values (3291, 3290, NULL, NULL, NULL, 0.00, 0.00, 0.00);
 insert into SCRAPS values (3292, 3290, 'hammerhead-p1', 1);
 insert into MAPS values (3320, 3290, 'mhammerhead-p', NULL, 1, 58.630, 20.660);
 insert into MAPITEMS values (3320, 4, 3292);
 insert into CENTRELINE values (3321, 3290, NULL, '2017-07-14', NULL, 58.63, 0.00, 0.00);
 insert into TOPO values (15, 3321);
 insert into TOPO values (25, 3321);
 insert into EXPLO values (15, 3321);
 insert into EXPLO values (2, 3321);
 insert into EXPLO values (25, 3321);
 insert into PERSON values (29, 'James', 'Wilson');
insert into EXPLO values (29, 3321);
 insert into SHOT values (804, 846, 847, 3321, 13.80, 264.40, 12.00, 13.81, 264.39, 12.00, 0.01, 249.43, 7.24);
insert into SHOT values (805, 846, 848, 3321, 6.50, 101.40, -24.00, 6.50, 101.37, -23.98, 0.01, 344.86, 46.47);
insert into SHOT values (806, 848, 849, 3321, 7.01, 22.40, 27.00, 7.00, 22.42, 27.00, 0.01, 179.11, -27.43);
insert into SHOT values (807, 849, 850, 3321, 5.91, 84.40, 56.00, 5.91, 84.44, 56.00, 0.00, 159.98, 7.92);
insert into SHOT values (808, 850, 851, 3321, 3.84, 342.40, 37.00, 3.85, 342.39, 36.92, 0.01, 339.22, -7.56);
insert into SHOT values (809, 851, 852, 3321, 10.65, 67.40, 2.00, 10.65, 67.41, 1.99, 0.00, 99.05, -22.74);
insert into SHOT values (810, 852, 853, 3321, 9.25, 4.40, 90.00, 9.25, 90.00, 90.00, 0.00, 4.40, 0.00);
insert into SHOT values (811, 853, 854, 3321, 1.67, 37.40, 23.00, 1.67, 37.32, 22.96, 0.00, 251.11, -33.26);
insert into SURVEY values (3323, 24, 'electric_dreams', 'electric_dreams.primadona.sistem_prima', NULL);
 insert into CENTRELINE values (3324, 3323, NULL, NULL, NULL, 0.00, 0.00, 0.00);
 insert into SCRAPS values (3325, 3323, 'electric_dreams-p1', 1);
 insert into SCRAPS values (3337, 3323, 'electric_dreams-p3', 1);
 insert into SCRAPS values (3347, 3323, 'electric_dreams-p2', 1);
 insert into MAPS values (3369, 3323, 'melectric_dreams-p', NULL, 1, 151.600, 49.830);
 insert into MAPITEMS values (3369, 4, 3325);
 insert into MAPITEMS values (3369, 4, 3347);
 insert into MAPITEMS values (3369, 4, 3337);
 insert into CENTRELINE values (3372, 3323, NULL, '2017-07-07', '2017-07-07', 151.60, 0.00, 0.00);
 insert into TOPO values (16, 3372);
 insert into TOPO values (18, 3372);
 insert into TOPO values (28, 3372);
 insert into EXPLO values (18, 3372);
 insert into SHOT values (812, 855, 856, 3372, 1.12, 299.40, 1.00, 1.16, 298.77, 0.00, 0.05, 283.14, -23.23);
insert into SHOT values (813, 857, 855, 3372, 6.27, 273.40, 0.00, 6.31, 273.27, -0.45, 0.07, 254.53, -49.60);
insert into SHOT values (814, 858, 857, 3372, 3.85, 201.40, 9.00, 3.87, 201.80, 8.63, 0.04, 253.92, -33.12);
insert into SHOT values (815, 859, 858, 3372, 12.83, 257.40, -4.00, 12.88, 257.49, -4.72, 0.17, 288.08, -75.79);
insert into SHOT values (816, 860, 859, 3372, 9.30, 274.40, 13.00, 9.34, 274.27, 12.24, 0.13, 257.45, -59.27);
insert into SHOT values (817, 861, 860, 3372, 15.11, 4.40, -90.00, 15.16, 261.87, -89.73, 0.09, 261.87, -35.26);
insert into SHOT values (818, 862, 861, 3372, 7.25, 277.40, -7.00, 7.31, 277.29, -7.39, 0.08, 263.40, -46.13);
insert into SHOT values (819, 863, 862, 3372, 11.63, 4.40, -90.00, 11.68, 255.96, -89.80, 0.06, 255.96, -50.49);
insert into SHOT values (820, 864, 863, 3372, 4.80, 132.40, -55.00, 4.81, 132.77, -55.54, 0.05, 280.74, -48.37);
insert into SHOT values (821, 865, 864, 3372, 13.70, 179.40, -13.00, 13.72, 180.26, -13.79, 0.28, 277.97, -42.85);
insert into SHOT values (822, 866, 865, 3372, 4.88, 169.40, -8.00, 4.89, 169.88, -8.47, 0.06, 255.69, -45.17);
insert into SHOT values (823, 867, 866, 3372, 8.51, 160.40, -14.00, 8.51, 161.02, -14.56, 0.12, 262.79, -41.68);
insert into SHOT values (824, 868, 867, 3372, 8.06, 176.40, -20.00, 8.07, 176.89, -20.52, 0.10, 277.69, -47.67);
insert into SHOT values (825, 869, 868, 3372, 6.90, 279.40, -50.00, 6.97, 279.23, -49.90, 0.07, 265.75, -39.15);
insert into SHOT values (826, 870, 869, 3372, 6.16, 302.40, -6.00, 6.20, 302.06, -6.39, 0.07, 255.50, -43.42);
insert into SHOT values (827, 871, 870, 3372, 5.98, 276.40, -16.00, 6.04, 276.34, -16.35, 0.07, 269.64, -47.46);
insert into SHOT values (828, 872, 871, 3372, 4.43, 329.40, 7.00, 4.44, 329.01, 6.60, 0.04, 261.88, -43.25);
insert into SHOT values (829, 873, 872, 3372, 4.76, 223.40, -10.00, 4.81, 223.72, -10.30, 0.06, 254.41, -33.09);
insert into SHOT values (830, 874, 873, 3372, 1.00, 4.40, -90.00, 1.05, 270.00, -89.45, 0.05, 270.00, -78.69);
insert into SHOT values (831, 875, 874, 3372, 3.55, 274.40, 33.00, 3.57, 274.38, 32.54, 0.03, 273.32, -23.13);
insert into SHOT values (832, 876, 875, 3372, 3.85, 222.40, 30.00, 3.86, 222.58, 29.53, 0.03, 250.75, -47.09);
insert into SHOT values (833, 877, 876, 3372, 3.99, 231.40, 73.00, 3.96, 231.79, 72.39, 0.06, 246.84, -55.95);
insert into SHOT values (834, 878, 877, 3372, 2.67, 16.40, 6.00, 2.65, 16.09, 5.64, 0.03, 228.29, -36.14);
insert into SHOT values (835, 879, 878, 3372, 1.00, 4.40, 90.00, 0.96, 270.00, 89.40, 0.04, 270.00, -75.96);
insert into SURVEY values (3374, 24, 'stranglehold', 'stranglehold.primadona.sistem_prima', NULL);
 insert into CENTRELINE values (3375, 3374, NULL, NULL, NULL, 0.00, 0.00, 0.00);
 insert into SCRAPS values (3376, 3374, 'import0', 1);
 insert into SCRAPS values (3380, 3374, 'stranglehold-p1', 1);
 insert into SCRAPS values (3409, 3374, 'stranglehold-p2', 1);
 insert into SCRAPS values (3434, 3374, 'stranglehold-p3', 1);
 insert into MAPS values (3441, 3374, 'mstranglehold-p', NULL, 1, 123.220, 26.410);
 insert into MAPITEMS values (3441, 4, 3380);
 insert into MAPITEMS values (3441, 4, 3409);
 insert into MAPITEMS values (3441, 4, 3434);
 insert into CENTRELINE values (3444, 3374, NULL, '2017-07-19', '2017-07-19', 123.22, 0.00, 0.00);
 insert into TOPO values (16, 3444);
 insert into TOPO values (28, 3444);
 insert into EXPLO values (16, 3444);
 insert into EXPLO values (28, 3444);
 insert into SHOT values (836, 880, 881, 3444, 3.50, 4.40, -90.00, 3.50, 90.00, -90.00, 0.00, 4.40, 0.00);
insert into SHOT values (837, 882, 880, 3444, 2.77, 23.40, -45.00, 2.77, 23.43, -44.97, 0.00, 41.55, -22.28);
insert into SHOT values (838, 883, 882, 3444, 6.10, 311.40, 6.00, 6.10, 311.39, 6.02, 0.00, 160.91, 50.29);
insert into SHOT values (839, 884, 883, 3444, 2.84, 23.40, 13.00, 2.84, 23.42, 13.02, 0.00, 70.23, 46.15);
insert into SHOT values (840, 885, 884, 3444, 1.20, 4.40, 90.00, 1.20, 90.00, 90.00, 0.00, 4.40, 84.74);
insert into SHOT values (841, 886, 885, 3444, 10.50, 4.40, -90.00, 10.50, 90.00, -90.00, 0.00, 4.40, 0.00);
insert into SHOT values (842, 887, 888, 3444, 3.86, 54.40, 34.00, 3.86, 54.42, 34.05, 0.00, 214.59, 23.53);
insert into SHOT values (843, 888, 889, 3444, 4.15, 152.40, 6.00, 4.15, 152.44, 5.95, 0.00, 221.99, -49.38);
insert into SHOT values (844, 889, 890, 3444, 2.43, 176.40, 14.00, 2.43, 176.35, 14.07, 0.00, 31.40, 29.88);
insert into SHOT values (845, 890, 891, 3444, 2.55, 47.40, 2.00, 2.55, 47.54, 2.02, 0.01, 140.57, 8.84);
insert into SHOT values (846, 891, 892, 3444, 2.46, 4.40, 90.00, 2.46, 90.00, 90.00, 0.00, 4.40, -87.42);
insert into SHOT values (847, 892, 893, 3444, 5.92, 93.40, 3.00, 5.92, 93.39, 3.00, 0.00, 290.76, 6.16);
insert into SHOT values (848, 893, 894, 3444, 2.79, 187.40, 54.00, 2.78, 187.39, 54.02, 0.01, 10.85, -48.30);
insert into SHOT values (849, 894, 895, 3444, 5.34, 159.40, 16.00, 5.34, 159.48, 16.08, 0.01, 230.10, 45.56);
insert into SHOT values (850, 895, 886, 3444, 7.06, 69.40, 38.00, 7.06, 69.38, 37.94, 0.01, 43.24, -62.09);
insert into SHOT values (851, 886, 896, 3444, 1.88, 137.40, 5.00, 1.88, 137.38, 5.18, 0.01, 121.54, 66.26);
insert into SHOT values (852, 896, 897, 3444, 6.58, 42.40, 50.00, 6.58, 42.41, 50.02, 0.00, 210.37, -8.38);
insert into SHOT values (853, 897, 898, 3444, 3.12, 106.40, 1.00, 3.12, 106.40, 0.92, 0.01, 285.94, -58.61);
insert into SHOT values (854, 898, 899, 3444, 2.74, 204.40, 22.00, 2.74, 204.44, 22.09, 0.01, 351.52, 44.62);
insert into SHOT values (855, 899, 900, 3444, 4.00, 129.40, -11.00, 4.00, 129.32, -11.09, 0.01, 68.92, -47.25);
insert into SHOT values (856, 900, 901, 3444, 5.22, 23.40, 0.00, 5.22, 23.37, 0.00, 0.00, 257.22, 0.00);
insert into SHOT values (857, 901, 902, 3444, 2.17, 347.40, -12.00, 2.17, 347.47, -11.98, 0.00, 115.59, 19.09);
insert into SHOT values (858, 902, 903, 3444, 1.64, 1.40, 4.00, 1.64, 1.40, 4.18, 0.01, 0.55, 51.32);
insert into SHOT values (859, 903, 904, 3444, 3.11, 127.40, 32.00, 3.11, 127.61, 32.02, 0.01, 212.81, 11.44);
insert into SHOT values (860, 904, 905, 3444, 2.37, 108.40, 14.00, 2.37, 108.28, 13.94, 0.01, 340.75, -28.44);
insert into SHOT values (861, 905, 906, 3444, 4.28, 16.40, -24.00, 4.28, 16.49, -23.99, 0.01, 98.44, 7.71);
insert into SHOT values (862, 906, 907, 3444, 3.59, 151.40, 15.00, 3.59, 151.44, 14.99, 0.01, 179.72, 8.75);
insert into SHOT values (863, 907, 908, 3444, 2.63, 34.40, -7.00, 2.63, 34.24, -6.98, 0.01, 322.04, 3.81);
insert into SHOT values (864, 908, 909, 3444, 2.37, 4.40, 90.00, 2.37, 90.00, 90.00, 0.00, 4.40, 85.99);
insert into SHOT values (865, 909, 910, 3444, 5.84, 50.40, 0.00, 5.84, 50.42, 0.00, 0.00, 174.84, 0.00);
insert into SHOT values (866, 910, 911, 3444, 4.33, 181.40, 56.00, 4.33, 181.42, 56.01, 0.00, 304.05, 14.40);
insert into SHOT values (867, 911, 912, 3444, 3.88, 0.40, 1.00, 3.88, 0.44, 0.89, 0.01, 76.92, -68.57);
insert into SURVEY values (3446, 24, 'the_atrium', 'the_atrium.primadona.sistem_prima', NULL);
 insert into CENTRELINE values (3447, 3446, NULL, NULL, NULL, 0.00, 0.00, 0.00);
 insert into SCRAPS values (3448, 3446, 'the_atrium-p1', 1);
 insert into SCRAPS values (3467, 3446, 'the_atrium-p2', 1);
 insert into MAPS values (3486, 3446, 'mthe_atrium-p', NULL, 1, 77.780, 45.730);
 insert into MAPITEMS values (3486, 4, 3448);
 insert into MAPITEMS values (3486, 4, 3467);
 insert into CENTRELINE values (3487, 3446, NULL, '2017-07-31', '2017-07-31', 77.78, 0.00, 0.00);
 insert into TOPO values (17, 3487);
 insert into TOPO values (28, 3487);
 insert into EXPLO values (17, 3487);
 insert into SHOT values (868, 913, 914, 3487, 2.80, 279.40, -37.00, 2.81, 279.25, -37.04, 0.01, 215.80, -36.62);
insert into SHOT values (869, 914, 915, 3487, 9.24, 320.40, -80.00, 9.24, 320.56, -79.99, 0.00, 36.31, -4.76);
insert into SHOT values (870, 915, 916, 3487, 15.60, 4.40, -90.00, 15.60, 90.00, -90.00, 0.00, 4.40, 58.98);
insert into SHOT values (871, 913, 917, 3487, 7.43, 122.40, -8.00, 7.43, 122.46, -8.04, 0.01, 196.01, -38.60);
insert into SHOT values (872, 917, 918, 3487, 10.53, 59.40, -43.00, 10.53, 59.41, -42.99, 0.00, 78.35, 53.56);
insert into SHOT values (873, 918, 919, 3487, 8.07, 40.40, 12.00, 8.07, 40.43, 12.01, 0.00, 105.47, 30.06);
insert into SHOT values (874, 913, 920, 3487, 19.30, 70.40, 57.00, 19.29, 70.43, 57.00, 0.01, 206.17, -46.09);
insert into SHOT values (875, 920, 921, 3487, 4.81, 128.40, 41.00, 4.81, 128.29, 41.03, 0.01, 45.97, 30.98);
insert into SURVEY values (3489, 24, 'apple_crumble', 'apple_crumble.primadona.sistem_prima', 'Apple Crumble');
 insert into CENTRELINE values (3490, 3489, NULL, NULL, NULL, 0.00, 0.00, 0.00);
 insert into SCRAPS values (3491, 3489, 'apple_crumble-p1', 1);
 insert into SCRAPS values (3505, 3489, 'apple_crumble-p2', 1);
 insert into SCRAPS values (3522, 3489, 'apple_crumble-p3', 1);
 insert into MAPS values (3554, 3489, 'mapple_crumble-p', NULL, 1, 97.620, 20.590);
 insert into MAPITEMS values (3554, 4, 3491);
 insert into MAPITEMS values (3554, 4, 3505);
 insert into MAPITEMS values (3554, 4, 3522);
 insert into CENTRELINE values (3557, 3489, NULL, '2017-07-24', '2017-07-24', 97.62, 0.00, 32.87);
 insert into TOPO values (17, 3557);
 insert into TOPO values (29, 3557);
 insert into EXPLO values (17, 3557);
 insert into SHOT values (876, 922, 923, 3557, 4.04, 169.40, -24.00, 4.04, 169.54, -24.08, 0.01, 255.76, -36.66);
insert into SHOT values (877, 924, 922, 3557, 5.90, 138.40, -22.00, 5.90, 138.33, -21.98, 0.01, 84.25, 1.25);
insert into SHOT values (878, 925, 922, 3557, 2.83, 211.40, -9.00, 2.83, 211.24, -8.94, 0.01, 123.60, 19.55);
insert into SHOT values (879, 926, 925, 3557, 2.66, 218.40, -41.00, 2.66, 218.53, -40.93, 0.01, 317.42, 49.14);
insert into SHOT values (880, 927, 926, 3557, 4.56, 163.40, -12.00, 4.56, 163.31, -12.03, 0.01, 52.39, -14.66);
insert into SHOT values (881, 928, 927, 3557, 3.10, 187.40, 24.00, 3.10, 187.50, 23.97, 0.01, 252.83, -9.24);
insert into SHOT values (882, 929, 930, 3557, 5.41, 277.40, 2.00, 5.41, 277.44, 2.01, 0.00, 25.19, 17.04);
insert into SHOT values (883, 931, 929, 3557, 6.78, 164.40, -10.00, 6.78, 164.44, -10.03, 0.01, 281.15, -25.68);
insert into SHOT values (884, 932, 931, 3557, 2.50, 244.40, -55.00, 2.50, 244.33, -55.08, 0.00, 97.90, -33.37);
insert into SHOT values (885, 933, 932, 3557, 2.48, 168.40, -8.00, 2.48, 168.51, -7.87, 0.01, 221.33, 42.06);
insert into SHOT values (886, 928, 933, 3557, 3.95, 279.40, -25.00, 3.95, 279.49, -25.01, 0.01, 19.31, -6.77);
insert into SHOT values (887, 934, 928, 3557, 7.14, 188.40, -50.00, 7.14, 188.39, -50.00, 0.00, 65.04, -36.29);
insert into SHOT values (888, 935, 934, 3557, 2.83, 162.40, -5.00, 2.83, 162.46, -5.06, 0.00, 221.37, -42.77);
insert into SHOT values (889, 936, 935, 3557, 2.56, 4.40, 90.00, 2.56, 90.00, 90.00, 0.00, 4.40, 87.04);
insert into SHOT values (890, 937, 936, 3557, 5.74, 95.40, -61.00, 5.74, 95.36, -61.00, 0.00, 346.93, 9.02);
insert into SHOT values (891, 938, 937, 3557, 4.60, 169.40, -54.00, 4.60, 169.35, -53.96, 0.00, 130.76, 22.62);
insert into SHOT values (892, 939, 938, 3557, 2.63, 169.40, -6.00, 2.63, 169.42, -6.11, 0.01, 311.73, -74.04);
insert into SHOT values (893, 940, 939, 3557, 7.56, 280.40, 14.00, 7.55, 280.37, 14.02, 0.01, 131.57, 9.29);
insert into SHOT values (894, 940, 941, 3557, 5.00, 4.40, 90.00, 5.00, 90.00, 90.00, 0.00, 4.40, 0.00);
insert into SHOT values (895, 942, 939, 3557, 2.60, 158.40, -48.00, 2.60, 158.44, -47.93, 0.00, 189.53, 41.60);
insert into SHOT values (896, 943, 942, 3557, 12.75, 168.40, 12.00, 12.74, 168.38, 12.00, 0.01, 20.76, -6.94);
insert into SHOT values (897, 944, 943, 3557, 18.65, 47.40, 43.00, 18.65, 47.41, 43.01, 0.00, 189.72, 18.12);
insert into SHOT_FLAG values(897, 'dpl');
insert into SHOT values (898, 945, 944, 3557, 9.02, 2.40, 13.00, 9.02, 2.41, 13.01, 0.00, 121.83, 24.28);
insert into SHOT_FLAG values(898, 'dpl');
insert into SHOT values (899, 946, 945, 3557, 3.92, 295.40, -6.00, 3.92, 295.38, -6.01, 0.00, 144.40, -5.04);
insert into SHOT_FLAG values(899, 'dpl');
insert into SHOT values (900, 947, 946, 3557, 1.28, 208.40, -12.00, 1.28, 208.61, -11.72, 0.01, 286.56, 52.66);
insert into SHOT_FLAG values(900, 'dpl');
insert into SURVEY values (3559, 24, 'hammerhead2', 'hammerhead2.primadona.sistem_prima', 'Hammerhead 2');
 insert into CENTRELINE values (3560, 3559, NULL, NULL, NULL, 0.00, 0.00, 0.00);
 insert into SCRAPS values (3561, 3559, 'hammerhead2-p1', 1);
 insert into SCRAPS values (3595, 3559, 'hammerhead2-p2', 1);
 insert into MAPS values (3648, 3559, 'mhammerhead2-p', NULL, 1, 159.990, 36.440);
 insert into MAPITEMS values (3648, 4, 3561);
 insert into MAPITEMS values (3648, 4, 3595);
 insert into CENTRELINE values (3650, 3559, NULL, '2017-07-18', '2017-07-18', 159.99, 0.00, 0.00);
 insert into TOPO values (2, 3650);
 insert into TOPO values (29, 3650);
 insert into EXPLO values (2, 3650);
 insert into SHOT values (901, 948, 949, 3650, 9.95, 87.40, 35.00, 9.96, 87.40, 34.99, 0.01, 88.92, 20.41);
insert into SHOT values (902, 948, 950, 3650, 5.73, 254.40, -34.00, 5.73, 254.47, -34.09, 0.01, 35.49, -32.17);
insert into SHOT values (903, 950, 951, 3650, 8.32, 4.40, -90.00, 8.32, 90.00, -90.00, 0.00, 4.40, 65.57);
insert into SHOT values (904, 948, 952, 3650, 5.00, 179.40, 31.00, 2.69, 134.66, 28.46, 3.35, 31.91, -22.72);
insert into SHOT values (905, 952, 953, 3650, 10.95, 211.40, -17.00, 10.52, 192.54, -55.61, 7.56, 53.01, -46.41);
insert into SHOT values (906, 953, 954, 3650, 2.82, 104.40, 37.00, 2.82, 104.41, 37.06, 0.00, 272.28, 63.99);
insert into SHOT values (907, 954, 955, 3650, 8.11, 4.40, -90.00, 8.11, 90.00, -90.00, 0.00, 4.40, 74.11);
insert into SHOT values (908, 955, 956, 3650, 8.44, 161.40, 4.00, 8.44, 161.44, 4.01, 0.01, 266.31, 12.67);
insert into SHOT values (909, 957, 956, 3650, 3.40, 346.40, 8.00, 3.41, 346.29, 7.93, 0.01, 312.29, -15.96);
insert into SHOT values (910, 957, 958, 3650, 2.89, 219.40, 2.00, 2.89, 219.53, 1.98, 0.01, 285.39, -6.97);
insert into SHOT values (911, 958, 959, 3650, 17.40, 220.40, -64.00, 17.40, 220.37, -64.01, 0.00, 108.30, -14.73);
insert into SHOT values (912, 960, 961, 3650, 16.65, 219.40, -10.00, 16.64, 219.38, -10.00, 0.01, 84.68, 9.34);
insert into SHOT values (913, 960, 962, 3650, 8.96, 29.40, 9.00, 8.96, 29.43, 8.99, 0.01, 90.33, -15.99);
insert into SHOT values (914, 963, 962, 3650, 2.77, 218.40, -48.00, 2.77, 218.23, -47.94, 0.01, 170.27, -11.20);
insert into SHOT values (915, 963, 964, 3650, 5.26, 72.40, 18.00, 5.26, 72.43, 17.94, 0.01, 148.79, -59.90);
insert into SHOT values (916, 965, 964, 3650, 6.53, 141.40, 24.00, 6.53, 141.40, 23.96, 0.01, 319.11, -65.45);
insert into SHOT values (917, 966, 965, 3650, 8.30, 189.40, 13.00, 8.30, 189.39, 13.02, 0.00, 150.23, 62.67);
insert into SHOT values (918, 966, 967, 3650, 3.57, 17.40, -11.00, 3.56, 17.30, -11.00, 0.01, 242.82, 7.61);
insert into SHOT values (919, 967, 959, 3650, 4.35, 349.40, -17.00, 4.35, 349.47, -16.98, 0.01, 78.52, 18.63);
insert into SHOT values (920, 964, 968, 3650, 5.26, 84.40, -40.00, 5.26, 84.45, -39.99, 0.00, 182.77, 18.05);
insert into SHOT values (921, 969, 968, 3650, 4.08, 277.40, 18.00, 4.08, 277.40, 17.98, 0.00, 278.21, -21.33);
insert into SHOT values (922, 969, 970, 3650, 8.30, 22.40, 2.00, 8.30, 22.39, 2.00, 0.00, 316.66, 15.16);
insert into SHOT values (923, 970, 971, 3650, 2.95, 89.40, -2.00, 2.95, 89.42, -1.94, 0.00, 115.05, 53.79);
insert into SURVEY values (3652, 24, 'hammerhead3', 'hammerhead3.primadona.sistem_prima', 'Hammerhead 3');
 insert into CENTRELINE values (3653, 3652, NULL, NULL, NULL, 0.00, 0.00, 0.00);
 insert into SCRAPS values (3654, 3652, 'hammerhead3-p1', 1);
 insert into MAPS values (3663, 3652, 'mhammerhead3-p', NULL, 1, 22.720, 15.140);
 insert into MAPITEMS values (3663, 4, 3654);
 insert into CENTRELINE values (3664, 3652, NULL, '2017-07-19', '2017-07-19', 22.72, 0.00, 0.00);
 insert into TOPO values (15, 3664);
 insert into TOPO values (17, 3664);
 insert into EXPLO values (15, 3664);
 insert into EXPLO values (17, 3664);
 insert into SHOT values (924, 972, 973, 3664, 8.76, 4.40, 90.00, 8.76, 90.00, 90.00, 0.00, 4.40, -16.19);
insert into SHOT values (925, 973, 974, 3664, 3.75, 20.40, 32.00, 3.75, 20.43, 31.91, 0.01, 116.06, -76.91);
insert into SHOT values (926, 974, 975, 3664, 2.54, 4.40, 90.00, 2.54, 90.00, 90.00, 0.00, 4.40, -76.31);
insert into SHOT values (927, 975, 976, 3664, 7.67, 22.40, 14.00, 7.67, 22.36, 14.04, 0.01, 263.74, 36.77);
insert into SURVEY values (3666, 24, 'dogfish', 'dogfish.primadona.sistem_prima', 'Dogfish');
 insert into CENTRELINE values (3667, 3666, NULL, NULL, NULL, 0.00, 0.00, 0.00);
 insert into SCRAPS values (3668, 3666, 'dogfish-p1', 1);
 insert into SCRAPS values (3679, 3666, 'dogfish-p2', 1);
 insert into MAPS values (3691, 3666, 'mdogfish-p', NULL, 1, 35.600, 15.150);
 insert into MAPITEMS values (3691, 4, 3668);
 insert into MAPITEMS values (3691, 4, 3679);
 insert into MAPS values (3692, 3666, 'mdogfish-p1', NULL, 1, 35.600, 15.150);
 insert into MAPITEMS values (3692, 4, 3668);
 insert into MAPS values (3693, 3666, 'mdogfish-p2', NULL, 1, 35.600, 15.150);
 insert into MAPITEMS values (3693, 4, 3679);
 insert into CENTRELINE values (3694, 3666, NULL, '2017-07-18', '2017-07-18', 35.60, 0.00, 0.00);
 insert into TOPO values (15, 3694);
 insert into TOPO values (17, 3694);
 insert into EXPLO values (15, 3694);
 insert into EXPLO values (17, 3694);
 insert into SHOT values (928, 977, 978, 3694, 4.70, 111.40, -5.00, 4.70, 111.42, -5.00, 0.00, 158.27, -11.58);
insert into SHOT values (929, 977, 979, 3694, 4.25, 287.40, 25.00, 4.24, 287.40, 24.96, 0.01, 107.87, -46.33);
insert into SHOT values (930, 979, 980, 3694, 6.24, 232.40, 41.00, 6.24, 232.42, 41.06, 0.01, 18.48, 59.46);
insert into SHOT values (931, 980, 981, 3694, 2.49, 221.40, -33.00, 2.49, 221.31, -33.05, 0.01, 164.37, -46.39);
insert into SHOT values (932, 982, 983, 3694, 6.28, 210.40, -25.00, 6.28, 210.39, -25.05, 0.01, 174.90, -81.71);
insert into SHOT values (933, 982, 984, 3694, 2.62, 40.40, 36.00, 2.63, 40.43, 35.89, 0.01, 47.13, 0.02);
insert into SHOT values (934, 984, 985, 3694, 3.77, 15.40, 18.00, 3.76, 15.40, 17.96, 0.01, 197.23, -35.20);
insert into SHOT values (935, 985, 986, 3694, 3.11, 127.40, 59.00, 3.11, 127.37, 59.10, 0.01, 319.01, 48.04);
insert into SHOT values (936, 986, 977, 3694, 2.14, 176.40, 35.00, 2.14, 176.40, 35.05, 0.00, 191.44, 79.22);
insert into SURVEY values (3696, 24, 'high_and_dry', 'high_and_dry.primadona.sistem_prima', 'High and Dry');
 insert into CENTRELINE values (3697, 3696, NULL, NULL, NULL, 0.00, 0.00, 0.00);
 insert into SCRAPS values (3698, 3696, 'high_and_dry-p1', 1);
 insert into SCRAPS values (3732, 3696, 'high_and_dry-p2', 1);
 insert into MAPS values (3741, 3696, 'mhigh_and_dry-p', NULL, 1, 57.690, 37.910);
 insert into MAPITEMS values (3741, 4, 3698);
 insert into MAPITEMS values (3741, 4, 3732);
 insert into CENTRELINE values (3742, 3696, NULL, '2017-07-26', '2017-07-26', 57.69, 0.00, 0.00);
 insert into TOPO values (24, 3742);
 insert into TOPO values (17, 3742);
 insert into TOPO values (29, 3742);
 insert into EXPLO values (17, 3742);
 insert into SHOT values (937, 987, 988, 3742, 2.00, 236.40, 4.00, 2.00, 236.47, 4.02, 0.00, 24.32, 6.28);
insert into SHOT values (938, 987, 989, 3742, 6.20, 4.40, 90.00, 6.20, 90.00, 90.00, 0.00, 4.40, 64.46);
insert into SHOT values (939, 989, 990, 3742, 4.94, 4.40, 90.00, 4.94, 90.00, 90.00, 0.00, 4.40, 72.34);
insert into SHOT values (940, 990, 991, 3742, 2.33, 81.40, -9.00, 2.33, 81.52, -8.88, 0.01, 131.68, 36.41);
insert into SHOT values (941, 991, 992, 3742, 8.68, 103.40, 55.00, 8.68, 103.37, 55.02, 0.01, 322.21, -2.74);
insert into SHOT values (942, 992, 993, 3742, 4.58, 156.40, 11.00, 4.58, 156.40, 10.95, 0.00, 115.31, -86.30);
insert into SHOT values (943, 993, 994, 3742, 15.09, 132.40, 69.00, 15.09, 132.45, 69.00, 0.01, 224.00, 25.72);
insert into SHOT values (944, 994, 995, 3742, 6.38, 77.40, 4.00, 6.38, 77.38, 3.96, 0.01, 326.34, -66.29);
insert into SHOT values (945, 995, 996, 3742, 3.55, 4.40, 90.00, 3.55, 90.00, 90.00, 0.00, 4.40, 86.11);
insert into SHOT values (946, 996, 997, 3742, 2.70, 48.40, 18.00, 2.70, 48.31, 18.09, 0.01, 356.78, 47.35);
insert into SHOT values (947, 997, 998, 3742, 1.24, 241.40, 11.00, 1.24, 241.13, 10.66, 0.01, 189.89, -41.46);
insert into SURVEY values (3744, 24, 'mandare_low', 'mandare_low.primadona.sistem_prima', 'Mandare resurvey');
 insert into CENTRELINE values (3745, 3744, NULL, NULL, NULL, 0.00, 0.00, 0.00);
 insert into SCRAPS values (3746, 3744, 'mandare_low-p1', 1);
 insert into MAPS values (3772, 3744, 'mmandare_resurvey-p', NULL, 1, 0.000, 6.420);
 insert into MAPITEMS values (3772, 4, 3746);
 insert into CENTRELINE values (3773, 3744, NULL, '2017-07-22', '2001-07-30', 0.00, 0.00, 28.38);
 insert into TOPO values (27, 3773);
 insert into PERSON values (30, 'Larry', 'Jiang');
insert into TOPO values (30, 3773);
 insert into TOPO values (17, 3773);
 insert into SHOT values (948, 999, 1000, 3773, 2.83, 169.40, -22.00, 2.83, 169.46, -21.99, 0.00, 252.39, 2.81);
insert into SHOT_FLAG values(948, 'dpl');
insert into SHOT values (949, 1000, 1001, 3773, 5.07, 4.40, -90.00, 5.07, 90.00, -90.00, 0.00, 4.40, 74.53);
insert into SHOT_FLAG values(949, 'dpl');
insert into SHOT values (950, 1001, 1002, 3773, 3.34, 8.40, -5.00, 3.34, 8.47, -4.98, 0.00, 112.16, 14.61);
insert into SHOT_FLAG values(950, 'dpl');
insert into SHOT values (951, 1002, 1003, 3773, 6.34, 31.40, 23.00, 6.34, 31.40, 22.94, 0.01, 207.03, -78.65);
insert into SHOT_FLAG values(951, 'dpl');
insert into SHOT values (952, 1003, 1004, 3773, 6.81, 51.40, 3.00, 6.81, 51.45, 3.03, 0.01, 118.31, 31.81);
insert into SHOT_FLAG values(952, 'dpl');
insert into SHOT values (953, 1004, 1005, 3773, 3.99, 14.40, -21.00, 3.99, 14.30, -21.00, 0.01, 287.76, -0.95);
insert into SHOT_FLAG values(953, 'dpl');
insert into SURVEY values (3775, 24, 'batmere', 'batmere.primadona.sistem_prima', 'Batmere');
 insert into CENTRELINE values (3776, 3775, NULL, NULL, NULL, 0.00, 0.00, 0.00);
 insert into SCRAPS values (3777, 3775, 'batmere-p1', 1);
 insert into MAPS values (3800, 3775, 'mbatmere-p', NULL, 1, 66.330, 5.620);
 insert into MAPITEMS values (3800, 4, 3777);
 insert into CENTRELINE values (3801, 3775, NULL, '2017-07-22', '2017-07-22', 66.33, 0.00, 0.00);
 insert into TOPO values (27, 3801);
 insert into TOPO values (30, 3801);
 insert into TOPO values (17, 3801);
 insert into EXPLO values (17, 3801);
 insert into SHOT values (954, 1006, 1007, 3801, 5.88, 351.40, -7.00, 5.88, 351.43, -7.03, 0.00, 101.89, -51.44);
insert into SHOT values (955, 1007, 1008, 3801, 4.16, 4.40, 90.00, 4.16, 90.00, 90.00, 0.00, 4.40, 79.92);
insert into SHOT values (956, 1008, 1009, 3801, 5.13, 295.40, -3.00, 5.13, 295.42, -2.90, 0.01, 318.25, 68.18);
insert into SHOT values (957, 1009, 1010, 3801, 7.43, 334.40, 6.00, 7.42, 334.41, 5.95, 0.01, 145.12, -54.15);
insert into SHOT values (958, 1010, 1011, 3801, 6.72, 257.40, 0.00, 6.72, 257.45, 0.00, 0.01, 342.70, 0.00);
insert into SHOT values (959, 1011, 1012, 3801, 7.49, 346.40, 1.00, 7.49, 346.41, 0.99, 0.00, 38.45, -27.01);
insert into SHOT values (960, 1012, 1013, 3801, 5.89, 358.40, -1.00, 5.88, 358.44, -0.97, 0.01, 147.26, 19.05);
insert into SHOT values (961, 1013, 1014, 3801, 7.90, 5.40, -11.00, 7.90, 5.40, -11.02, 0.00, 163.24, -80.20);
insert into SHOT values (962, 1014, 1015, 3801, 7.20, 342.40, -2.00, 7.20, 342.37, -1.99, 0.00, 285.34, 15.87);
insert into SHOT values (963, 1015, 1016, 3801, 1.85, 219.40, -11.00, 1.85, 219.40, -10.93, 0.01, 39.35, 35.23);
insert into SHOT values (964, 1016, 1017, 3801, 6.68, 331.40, 27.00, 6.67, 331.37, 27.00, 0.01, 189.07, -24.66);
insert into SURVEY values (3803, 24, 'entirely_my_fault', 'entirely_my_fault.primadona.sistem_prima', 'Entirely my fault');
 insert into CENTRELINE values (3804, 3803, NULL, NULL, NULL, 0.00, 0.00, 0.00);
 insert into SCRAPS values (3805, 3803, 'entirely_my_fault-p1', 1);
 insert into SCRAPS values (3822, 3803, 'entirely_my_fault-p2', 1);
 insert into MAPS values (3836, 3803, 'mentirely_my_fault-p', NULL, 1, 78.540, 34.310);
 insert into MAPITEMS values (3836, 4, 3805);
 insert into MAPITEMS values (3836, 4, 3822);
 insert into CENTRELINE values (3837, 3803, NULL, '2017-07-21', '2017-07-21', 78.54, 0.00, 17.26);
 insert into TOPO values (16, 3837);
 insert into TOPO values (29, 3837);
 insert into EXPLO values (16, 3837);
 insert into SHOT values (965, 1018, 1019, 3837, 9.30, 4.40, -90.00, 9.30, 90.00, -90.00, 0.00, 4.40, 54.89);
insert into SHOT values (966, 1020, 1018, 3837, 9.19, 4.40, -90.00, 9.19, 90.00, -90.00, 0.00, 4.40, -59.77);
insert into SHOT values (967, 1021, 1020, 3837, 7.52, 245.40, -55.00, 7.52, 245.34, -55.00, 0.00, 157.97, 0.28);
insert into SHOT values (968, 1022, 1021, 3837, 3.71, 222.40, -23.00, 3.71, 222.51, -22.98, 0.01, 284.57, -2.98);
insert into SHOT values (969, 1023, 1022, 3837, 2.72, 191.40, -35.00, 2.72, 191.36, -34.93, 0.01, 176.03, 1.25);
insert into SHOT values (970, 1024, 1023, 3837, 3.28, 181.40, 8.00, 3.27, 181.41, 8.08, 0.01, 354.93, 26.20);
insert into SHOT values (971, 1025, 1026, 3837, 3.85, 178.40, -25.00, 3.84, 178.35, -25.09, 0.01, 18.07, -19.30);
insert into SHOT values (972, 1027, 1025, 3837, 12.83, 234.40, -80.00, 12.83, 234.31, -80.00, 0.01, 153.86, -55.00);
insert into SHOT values (973, 1028, 1027, 3837, 3.66, 269.40, -70.00, 3.65, 269.54, -69.98, 0.01, 29.06, 69.05);
insert into SHOT values (974, 1029, 1028, 3837, 5.25, 335.40, -46.00, 5.25, 335.33, -46.06, 0.01, 197.31, -29.08);
insert into SHOT values (975, 1030, 1029, 3837, 4.41, 284.40, -62.00, 4.41, 284.50, -61.91, 0.01, 317.55, 28.73);
insert into SHOT values (976, 1030, 1031, 3837, 1.62, 328.40, 5.00, 1.63, 328.37, 5.29, 0.01, 321.23, 51.56);
insert into SHOT values (977, 1031, 1024, 3837, 0.99, 5.40, 1.00, 0.99, 5.83, 0.58, 0.01, 128.56, -39.75);
insert into SHOT values (978, 1024, 1032, 3837, 3.26, 43.40, 43.00, 3.26, 43.13, 43.09, 0.01, 313.30, 30.78);
insert into SHOT values (979, 1032, 1033, 3837, 6.95, 6.40, 43.00, 6.95, 6.44, 43.01, 0.00, 109.90, 1.77);
insert into SHOT values (980, 1033, 1034, 3837, 8.43, 12.40, 1.00, 8.43, 12.40, 0.95, 0.01, 179.24, -73.67);
insert into SHOT_FLAG values(980, 'dpl');
insert into SHOT values (981, 1034, 1035, 3837, 4.95, 25.40, -23.00, 4.95, 25.33, -22.95, 0.01, 311.62, 34.64);
insert into SHOT_FLAG values(981, 'dpl');
insert into SHOT values (982, 1035, 1036, 3837, 3.88, 105.40, 6.00, 3.89, 105.44, 6.05, 0.01, 118.27, 21.70);
insert into SHOT_FLAG values(982, 'dpl');
insert into SURVEY values (3839, 24, 'what_a_disappointment', 'what_a_disappointment.primadona.sistem_prima', 'What a Disappointment');
 insert into CENTRELINE values (3840, 3839, NULL, NULL, NULL, 0.00, 0.00, 0.00);
 insert into SCRAPS values (3841, 3839, 'what_a_disappointment-p1', 1);
 insert into SCRAPS values (3850, 3839, 'what_a_disappointment-p2', 1);
 insert into MAPS values (3861, 3839, 'mwhat_a_disappointment-p', NULL, 1, 39.170, 25.420);
 insert into MAPITEMS values (3861, 4, 3841);
 insert into MAPITEMS values (3861, 4, 3850);
 insert into CENTRELINE values (3863, 3839, NULL, '2017-07-29', '2017-07-29', 39.17, 0.00, 0.00);
 insert into TOPO values (24, 3863);
 insert into TOPO values (16, 3863);
 insert into EXPLO values (16, 3863);
 insert into SHOT values (983, 1037, 1038, 3863, 2.08, 4.40, -90.00, 2.08, 90.00, -90.00, 0.00, 4.40, 84.31);
insert into SHOT values (984, 1039, 1037, 3863, 2.16, 4.40, -90.00, 2.16, 90.00, -90.00, 0.00, 4.40, -84.73);
insert into SHOT values (985, 1039, 1040, 3863, 5.27, 329.40, 39.00, 5.27, 329.49, 39.02, 0.01, 44.72, 27.90);
insert into SHOT values (986, 1040, 1041, 3863, 6.20, 343.40, -9.00, 6.20, 343.40, -9.00, 0.00, 330.03, -3.61);
insert into SHOT values (987, 1041, 1042, 3863, 4.07, 359.40, 18.00, 4.07, 359.41, 17.90, 0.01, 150.45, -84.97);
insert into SHOT values (988, 1042, 1043, 3863, 6.45, 57.40, 66.00, 6.46, 57.46, 66.04, 0.01, 183.54, 66.42);
insert into SHOT values (989, 1043, 1044, 3863, 11.82, 81.40, 76.00, 11.82, 81.36, 75.99, 0.00, 45.73, 16.84);
insert into SHOT values (990, 1044, 1045, 3863, 1.12, 41.40, 11.00, 1.11, 41.28, 10.89, 0.01, 236.78, -23.58);
insert into SURVEY values (3865, 24, 'testing_the_waters', 'testing_the_waters.primadona.sistem_prima', 'Testing the waters');
 insert into CENTRELINE values (3866, 3865, NULL, NULL, NULL, 0.00, 0.00, 0.00);
 insert into CENTRELINE values (3867, 3865, NULL, '2017-07-14', NULL, 0.00, 0.00, 75.00);
 insert into TOPO values (16, 3867);
 insert into TOPO values (29, 3867);
 insert into SHOT values (991, 1046, 1047, 3867, 6.51, 63.40, 12.00, 6.51, 63.31, 11.97, 0.01, 337.02, -20.64);
insert into SHOT_FLAG values(991, 'dpl');
insert into SHOT values (992, 1047, 1048, 3867, 3.13, 350.40, 15.00, 3.13, 350.48, 15.18, 0.01, 102.92, 65.90);
insert into SHOT_FLAG values(992, 'dpl');
insert into SHOT values (993, 1048, 1049, 3867, 4.42, 336.40, -27.00, 4.42, 336.36, -27.02, 0.00, 290.57, -44.64);
insert into SHOT_FLAG values(993, 'dpl');
insert into SHOT values (994, 1049, 1050, 3867, 1.05, 37.40, -31.00, 1.05, 37.76, -31.02, 0.01, 146.07, 7.45);
insert into SHOT_FLAG values(994, 'dpl');
insert into SHOT values (995, 1050, 1051, 3867, 2.89, 49.40, -15.00, 2.89, 49.35, -15.03, 0.00, 9.47, -31.30);
insert into SHOT_FLAG values(995, 'dpl');
insert into SHOT values (996, 1051, 1052, 3867, 2.45, 29.40, -5.00, 2.44, 29.31, -4.94, 0.01, 231.54, 18.95);
insert into SHOT_FLAG values(996, 'dpl');
insert into SHOT values (997, 1052, 1053, 3867, 4.82, 123.40, 5.00, 4.82, 123.36, 5.00, 0.00, 22.08, -1.57);
insert into SHOT_FLAG values(997, 'dpl');
insert into SHOT values (998, 1053, 1054, 3867, 1.60, 86.40, -42.00, 0.47, 7.13, -69.87, 1.33, 274.18, 28.33);
insert into SHOT_FLAG values(998, 'dpl');
insert into SHOT values (999, 1054, 1055, 3867, 1.49, 86.40, -50.00, 0.52, 336.80, -73.06, 1.20, 274.49, 32.19);
insert into SHOT_FLAG values(999, 'dpl');
insert into SHOT values (1000, 1055, 1056, 3867, 5.75, 26.40, -7.00, 5.66, 8.99, -5.98, 1.72, 285.12, 3.69);
insert into SHOT_FLAG values(1000, 'dpl');
insert into SHOT values (1001, 1056, 1057, 3867, 8.91, 39.40, 50.00, 8.77, 20.22, 57.03, 2.06, 271.56, 15.07);
insert into SHOT_FLAG values(1001, 'dpl');
insert into SHOT values (1002, 1057, 1058, 3867, 2.91, 85.40, 12.00, 1.38, 74.36, 20.29, 1.60, 274.38, -4.49);
insert into SHOT_FLAG values(1002, 'dpl');
insert into SHOT values (1003, 1058, 1059, 3867, 10.42, 47.40, 42.00, 10.27, 26.01, 51.07, 3.10, 281.01, 19.19);
insert into SHOT_FLAG values(1003, 'dpl');
insert into SHOT values (1004, 1059, 1060, 3867, 1.67, 103.40, 25.00, 0.30, 71.57, 83.98, 1.54, 284.04, -15.27);
insert into SHOT_FLAG values(1004, 'dpl');
insert into SHOT values (1005, 1060, 1061, 3867, 2.25, 34.40, 20.00, 1.85, 14.93, 22.29, 0.76, 262.85, -5.23);
insert into SHOT_FLAG values(1005, 'dpl');
insert into SHOT values (1006, 1061, 1062, 3867, 2.90, 108.40, 11.00, 1.25, 110.90, 20.06, 1.68, 286.64, -4.22);
insert into SHOT_FLAG values(1006, 'dpl');
insert into SHOT values (1007, 1062, 1063, 3867, 2.05, 4.40, 90.00, 2.21, 285.78, 77.52, 0.49, 285.78, 12.96);
insert into SHOT_FLAG values(1007, 'dpl');
insert into SHOT values (1008, 1063, 1064, 3867, 1.90, 4.40, 90.00, 2.06, 284.93, 76.95, 0.48, 284.93, 13.29);
insert into SHOT_FLAG values(1008, 'dpl');
insert into SHOT values (1009, 1064, 1065, 3867, 7.88, 236.40, 16.00, 9.24, 249.35, 13.51, 2.34, 295.94, -0.29);
insert into SHOT_FLAG values(1009, 'dpl');
insert into MAPS values (3883, 24, 'm2018', NULL, 1, 1981.350, 433.870);
 insert into MAPITEMS values (3883, 4, 5660);
 insert into MAPITEMS values (3883, 4, 5776);
 insert into MAPITEMS values (3883, 4, 5468);
 insert into MAPITEMS values (3883, 4, 5094);
 insert into MAPITEMS values (3883, 4, 6299);
 insert into MAPITEMS values (3883, 4, 5713);
 insert into MAPITEMS values (3883, 4, 5079);
 insert into MAPITEMS values (3883, 4, 4033);
 insert into MAPITEMS values (3883, 4, 4060);
 insert into MAPITEMS values (3883, 4, 4419);
 insert into MAPITEMS values (3883, 4, 4479);
 insert into MAPITEMS values (3883, 4, 5402);
 insert into MAPITEMS values (3883, 4, 5433);
 insert into MAPITEMS values (3883, 4, 4108);
 insert into MAPITEMS values (3883, 4, 4128);
 insert into MAPITEMS values (3883, 4, 3960);
 insert into MAPITEMS values (3883, 4, 5532);
 insert into MAPITEMS values (3883, 4, 5143);
 insert into MAPITEMS values (3883, 4, 5886);
 insert into MAPITEMS values (3883, 4, 4828);
 insert into MAPITEMS values (3883, 4, 6365);
 insert into MAPITEMS values (3883, 4, 6344);
 insert into SURVEY values (3884, 24, 'pivnica_resurvey', 'pivnica_resurvey.primadona.sistem_prima', 'Pivnica resurvey');
 insert into CENTRELINE values (3885, 3884, NULL, NULL, NULL, 0.00, 0.00, 0.00);
 insert into CENTRELINE values (3886, 3884, NULL, '2018-07-16', NULL, 0.00, 0.00, 95.31);
 insert into PERSON values (31, 'Nick', 'Koukoulekeidis');
insert into TOPO values (31, 3886);
 insert into TOPO values (29, 3886);
 insert into SHOT values (1010, 1066, 1067, 3886, 9.85, 61.52, 22.00, 9.75, 62.15, 22.75, 0.19, 206.76, 24.86);
insert into SHOT_FLAG values(1010, 'dpl');
insert into SHOT values (1011, 1068, 1066, 3886, 5.87, 267.52, 22.00, 5.95, 266.68, 21.82, 0.11, 220.51, 5.66);
insert into SHOT_FLAG values(1011, 'dpl');
insert into SHOT values (1012, 1068, 1069, 3886, 3.42, 4.52, -90.00, 3.42, 45.00, -89.29, 0.04, 45.00, 0.00);
insert into SHOT_FLAG values(1012, 'dpl');
insert into SHOT values (1013, 1070, 1069, 3886, 6.81, 75.52, -2.00, 6.71, 76.30, -1.88, 0.13, 212.09, 7.66);
insert into SHOT_FLAG values(1013, 'dpl');
insert into SHOT values (1014, 1070, 1071, 3886, 1.59, 297.52, -62.00, 1.88, 296.57, -59.31, 0.31, 293.24, -45.08);
insert into SHOT_FLAG values(1014, 'dpl');
insert into SHOT values (1015, 1072, 1071, 3886, 3.39, 14.52, 53.00, 3.50, 18.26, 53.66, 0.18, 92.05, 39.13);
insert into SHOT_FLAG values(1015, 'dpl');
insert into SHOT values (1016, 1072, 1073, 3886, 14.91, 4.52, -90.00, 15.06, 285.00, -87.79, 0.60, 285.00, -13.58);
insert into SHOT_FLAG values(1016, 'dpl');
insert into SHOT values (1017, 1074, 1073, 3886, 3.94, 57.52, -1.00, 4.20, 59.83, 0.27, 0.32, 90.98, 16.14);
insert into SHOT_FLAG values(1017, 'dpl');
insert into SHOT values (1018, 1075, 1074, 3886, 3.61, 56.52, -14.00, 3.83, 58.90, -12.38, 0.28, 90.43, 10.85);
insert into SHOT_FLAG values(1018, 'dpl');
insert into SHOT values (1019, 1076, 1075, 3886, 16.95, 39.52, 66.00, 17.15, 43.06, 64.02, 0.76, 76.95, -4.84);
insert into SHOT_FLAG values(1019, 'dpl');
insert into SHOT values (1020, 1076, 1077, 3886, 3.68, 261.52, -48.00, 4.02, 262.93, -46.60, 0.36, 274.31, -31.24);
insert into SHOT_FLAG values(1020, 'dpl');
insert into SHOT values (1021, 1077, 1078, 3886, 21.29, 4.52, -90.00, 21.46, 285.58, -87.12, 1.09, 285.58, -7.39);
insert into SHOT_FLAG values(1021, 'dpl');
insert into SURVEY values (3888, 24, 'pivnica_2_resurvey', 'pivnica_2_resurvey.primadona.sistem_prima', 'pivnica_2_resurvey');
 insert into CENTRELINE values (3889, 3888, NULL, NULL, NULL, 0.00, 0.00, 0.00);
 insert into CENTRELINE values (3890, 3888, NULL, '2018-08-05', NULL, 85.74, 0.00, 0.00);
 insert into SHOT values (1022, 1079, 1080, 3890, 0.48, 107.93, -4.00, 0.48, 108.43, -3.62, 0.01, 245.14, 29.56);
insert into SHOT values (1023, 1079, 1081, 3890, 0.62, 36.43, 8.50, 0.61, 36.30, 8.42, 0.01, 231.00, -17.11);
insert into SHOT values (1024, 1079, 1082, 3890, 1.04, 3.43, 2.90, 1.03, 3.33, 2.77, 0.01, 197.60, -20.12);
insert into SHOT values (1025, 1079, 1083, 3890, 1.19, 315.33, 5.20, 1.19, 315.00, 5.29, 0.01, 247.65, 16.15);
insert into SHOT values (1026, 1079, 1084, 3890, 1.72, 261.53, -5.30, 1.73, 261.30, -5.32, 0.01, 217.81, -6.51);
insert into SHOT values (1027, 1079, 1085, 3890, 1.25, 282.13, 2.70, 1.25, 282.03, 2.75, 0.00, 163.01, 24.07);
insert into SHOT values (1028, 1079, 1086, 3890, 0.88, 192.63, 2.10, 0.88, 193.09, 1.95, 0.01, 256.32, -15.83);
insert into SHOT values (1029, 1079, 1087, 3890, 1.98, 207.53, 10.20, 1.98, 207.48, 10.17, 0.00, 159.18, -16.65);
insert into SHOT values (1030, 1079, 1088, 3890, 2.27, 201.33, 19.90, 2.27, 201.40, 19.81, 0.00, 243.76, -33.67);
insert into SHOT values (1031, 1079, 1089, 3890, 3.40, 176.43, 80.80, 3.40, 176.88, 80.69, 0.01, 207.24, 24.01);
insert into SHOT values (1032, 1079, 1090, 3890, 2.08, 251.73, 75.30, 2.08, 251.22, 75.28, 0.01, 165.06, -22.19);
insert into SHOT values (1033, 1079, 1091, 3890, 1.72, 263.83, 61.70, 1.72, 263.66, 61.64, 0.01, 163.34, -60.75);
insert into SHOT values (1034, 1079, 1092, 3890, 1.55, 255.53, 47.90, 1.55, 255.56, 47.80, 0.00, 264.62, -0.94);
insert into SHOT values (1035, 1079, 1093, 3890, 1.42, 266.83, 35.90, 1.42, 266.52, 35.77, 0.01, 193.17, -21.92);
insert into SHOT values (1036, 1079, 1094, 3890, 2.21, 198.73, 38.20, 2.22, 198.75, 38.18, 0.01, 203.60, 30.12);
insert into SHOT values (1037, 1094, 1095, 3890, 1.04, 93.73, -4.70, 1.04, 93.89, -4.98, 0.01, 239.33, -43.70);
insert into SHOT values (1038, 1094, 1096, 3890, 1.03, 120.83, 0.10, 1.03, 121.06, 0.00, 0.01, 244.50, -20.06);
insert into SHOT values (1039, 1094, 1097, 3890, 1.37, 139.53, -0.60, 1.37, 139.44, -0.84, 0.01, 21.71, -67.47);
insert into SHOT values (1040, 1094, 1098, 3890, 2.93, 158.03, -1.10, 2.93, 158.16, -1.17, 0.01, 241.20, -29.01);
insert into SHOT values (1041, 1094, 1099, 3890, 4.67, 165.83, -1.00, 4.67, 165.87, -1.10, 0.01, 227.05, -64.50);
insert into SHOT values (1042, 1094, 1100, 3890, 15.48, 170.43, -3.40, 15.48, 170.43, -3.41, 0.00, 152.22, -37.20);
insert into SHOT values (1043, 1094, 1101, 3890, 10.81, 171.03, -3.20, 10.81, 171.04, -3.24, 0.01, 293.76, -66.10);
insert into SHOT values (1044, 1094, 1102, 3890, 6.58, 171.63, -2.90, 6.58, 171.60, -2.96, 0.01, 65.62, -61.47);
insert into SHOT values (1045, 1094, 1103, 3890, 4.19, 175.83, -3.10, 4.19, 175.89, -3.15, 0.01, 303.88, -34.19);
insert into SHOT values (1046, 1094, 1104, 3890, 3.22, 177.83, -2.70, 3.22, 177.86, -2.85, 0.01, 337.15, -61.74);
insert into SHOT values (1047, 1094, 1105, 3890, 2.71, 175.13, -1.90, 2.71, 175.13, -1.90, 0.00, 175.29, -6.72);
insert into SHOT values (1048, 1094, 1106, 3890, 4.44, 164.23, -1.80, 4.44, 164.30, -1.81, 0.01, 277.49, -5.05);
insert into SHOT values (1049, 1094, 1107, 3890, 4.17, 159.73, -2.20, 4.17, 159.78, -2.20, 0.00, 252.67, 1.19);
insert into SHOT values (1050, 1094, 1108, 3890, 3.81, 154.03, -1.60, 3.81, 153.97, -1.66, 0.01, 30.14, -38.24);
insert into SHOT values (1051, 1094, 1109, 3890, 1.96, 141.33, 0.50, 1.96, 141.43, 0.29, 0.01, 273.07, -57.02);
insert into SHOT values (1052, 1094, 1110, 3890, 1.36, 125.63, 0.60, 1.35, 125.69, 0.42, 0.01, 292.81, -36.27);
insert into SHOT values (1053, 1094, 1111, 3890, 1.03, 104.33, 3.80, 1.02, 104.17, 3.36, 0.01, 307.32, -48.79);
insert into SHOT values (1054, 1094, 1112, 3890, 1.14, 84.23, 7.30, 1.14, 83.88, 7.08, 0.01, 321.55, -30.96);
insert into SHOT values (1055, 1094, 1113, 3890, 1.11, 52.83, 6.10, 1.11, 52.72, 5.68, 0.01, 8.93, -68.03);
insert into SHOT values (1056, 1094, 1114, 3890, 1.44, 26.63, 6.30, 1.44, 26.57, 5.98, 0.01, 288.97, -78.30);
insert into SHOT values (1057, 1094, 1115, 3890, 2.56, 14.83, 2.00, 2.56, 14.74, 2.02, 0.01, 236.68, 6.42);
insert into SHOT values (1058, 1094, 1116, 3890, 5.93, 4.03, 1.70, 5.93, 4.06, 1.64, 0.01, 129.28, -53.96);
insert into SHOT values (1059, 1094, 1117, 3890, 3.18, 358.03, -25.70, 3.19, 358.00, -25.67, 0.01, 346.16, -8.50);
insert into SHOT values (1060, 1094, 1118, 3890, 3.05, 359.13, -18.00, 3.05, 359.01, -18.14, 0.01, 266.30, -51.26);
insert into SHOT values (1061, 1094, 1119, 3890, 2.89, 1.53, -10.70, 2.89, 1.41, -10.76, 0.01, 282.14, -29.70);
insert into SHOT values (1062, 1094, 1120, 3890, 2.97, 3.23, -1.70, 2.98, 3.28, -1.73, 0.01, 24.00, -16.00);
insert into SHOT values (1063, 1094, 1121, 3890, 6.82, 6.83, 8.00, 6.82, 6.80, 8.00, 0.01, 322.78, 8.81);
insert into SHOT values (1064, 1094, 1122, 3890, 1.88, 353.43, 1.60, 1.88, 353.29, 1.52, 0.01, 301.51, -22.99);
insert into SHOT values (1065, 1094, 1123, 3890, 2.04, 3.53, 4.30, 2.04, 3.38, 4.22, 0.01, 265.71, -29.16);
insert into SHOT values (1066, 1094, 1124, 3890, 7.75, 45.33, 55.30, 7.75, 45.37, 55.29, 0.00, 124.81, -29.59);
insert into SHOT values (1067, 1094, 1125, 3890, 6.38, 51.03, 51.80, 6.38, 51.07, 51.77, 0.00, 117.62, -53.47);
insert into SHOT values (1068, 1094, 1126, 3890, 4.07, 53.83, 47.20, 4.06, 53.84, 47.17, 0.01, 229.90, -63.55);
insert into SHOT values (1069, 1094, 1127, 3890, 1.91, 54.53, 40.70, 1.91, 54.55, 40.57, 0.01, 109.71, -82.56);
insert into SHOT values (1070, 1094, 1128, 3890, 2.94, 55.33, 42.80, 2.93, 55.20, 42.71, 0.01, 305.11, -56.04);
insert into SHOT values (1071, 1094, 1129, 3890, 1.30, 54.43, 23.20, 1.30, 54.18, 23.09, 0.01, 338.74, -21.76);
insert into SHOT values (1072, 1094, 1130, 3890, 1.06, 67.23, 8.10, 1.06, 67.09, 8.11, 0.00, 31.42, 8.12);
insert into SHOT values (1073, 1094, 1131, 3890, 9.46, 64.33, 66.00, 9.46, 64.30, 65.98, 0.00, 31.45, -29.18);
insert into SHOT values (1074, 1094, 1132, 3890, 8.71, 64.53, 62.00, 8.71, 64.50, 62.00, 0.00, 312.95, -11.47);
insert into SHOT values (1075, 1094, 1133, 3890, 6.29, 64.53, 58.10, 6.29, 64.51, 58.10, 0.00, 307.42, -1.70);
insert into SHOT values (1076, 1094, 1134, 3890, 4.91, 60.63, 51.50, 4.91, 60.58, 51.51, 0.00, 284.59, -34.17);
insert into SHOT values (1077, 1094, 1135, 3890, 3.17, 63.43, 47.30, 3.17, 63.43, 47.35, 0.00, 240.69, 5.82);
insert into SHOT values (1078, 1094, 1136, 3890, 9.70, 43.53, 56.30, 9.70, 43.57, 56.30, 0.00, 121.66, 0.69);
insert into SHOT values (1079, 1094, 1137, 3890, 8.51, 54.13, 61.40, 8.51, 54.09, 61.39, 0.00, 339.95, -26.39);
insert into SHOT values (1080, 1094, 1138, 3890, 3.02, 172.33, -17.90, 3.02, 172.41, -17.92, 0.00, 241.73, -24.08);
insert into SHOT values (1081, 1138, 1139, 3890, 9.06, 173.53, -0.90, 9.06, 173.53, -0.89, 0.00, 332.15, 59.49);
insert into SHOT values (1082, 1138, 1140, 3890, 3.98, 177.33, -0.50, 3.97, 177.26, -0.58, 0.01, 40.17, -36.05);
insert into SHOT values (1083, 1138, 1141, 3890, 3.65, 183.53, 0.10, 3.65, 183.46, 0.00, 0.01, 57.40, -48.23);
insert into SHOT values (1084, 1138, 1142, 3890, 3.34, 213.63, 6.10, 3.34, 213.69, 6.02, 0.01, 352.95, -43.14);
insert into SHOT values (1085, 1138, 1143, 3890, 0.66, 232.33, 14.20, 0.65, 232.05, 14.16, 0.01, 81.18, -16.22);
insert into SHOT values (1086, 1138, 1144, 3890, 0.57, 270.03, 19.00, 0.57, 270.00, 18.43, 0.01, 254.58, -78.90);
insert into SHOT values (1087, 1138, 1145, 3890, 0.58, 276.93, 32.60, 0.57, 277.13, 32.65, 0.01, 78.40, -25.75);
insert into SHOT values (1088, 1138, 1146, 3890, 10.04, 71.53, 65.80, 10.05, 71.48, 65.76, 0.01, 45.68, 14.62);
insert into SHOT values (1089, 1138, 1147, 3890, 12.83, 96.33, 66.60, 12.83, 96.30, 66.57, 0.01, 71.69, -38.76);
insert into SHOT values (1090, 1138, 1148, 3890, 9.38, 125.23, 60.20, 9.38, 125.22, 60.19, 0.00, 110.55, 8.58);
insert into SHOT values (1091, 1138, 1149, 3890, 13.15, 126.33, 58.10, 13.15, 126.28, 58.10, 0.01, 15.05, -29.10);
insert into SHOT values (1092, 1138, 1150, 3890, 12.74, 138.73, 51.70, 12.74, 138.70, 51.71, 0.01, 21.04, 20.82);
insert into SHOT values (1093, 1138, 1151, 3890, 15.14, 145.43, 46.00, 15.14, 145.42, 45.99, 0.00, 84.42, -17.19);
insert into SHOT values (1094, 1138, 1152, 3890, 16.80, 149.13, 42.20, 16.80, 149.11, 42.19, 0.01, 60.73, -43.69);
insert into SHOT values (1095, 1138, 1153, 3890, 6.65, 153.43, 38.70, 6.65, 153.43, 38.73, 0.00, 323.98, 43.97);
insert into SHOT values (1096, 1138, 1154, 3890, 0.38, 77.33, 39.90, 0.38, 76.43, 38.82, 0.01, 42.60, -24.48);
insert into SHOT values (1097, 1138, 1155, 3890, 2.22, 75.13, 57.80, 2.23, 74.91, 57.64, 0.01, 45.85, 8.93);
insert into SHOT values (1098, 1138, 1156, 3890, 3.33, 80.13, 63.60, 3.33, 79.90, 63.54, 0.01, 11.58, -23.18);
insert into SHOT values (1099, 1138, 1157, 3890, 12.02, 89.53, 66.10, 12.02, 89.53, 66.10, 0.00, 69.89, 60.04);
insert into SHOT values (1100, 1138, 1158, 3890, 9.30, 53.73, 64.70, 9.30, 53.79, 64.68, 0.01, 101.89, 19.47);
insert into SHOT values (1101, 1138, 1159, 3890, 10.15, 36.83, 58.10, 10.15, 36.83, 58.04, 0.01, 34.46, -40.19);
insert into SHOT values (1102, 1138, 1160, 3890, 10.07, 22.03, 47.80, 10.07, 22.05, 47.80, 0.00, 96.63, 2.07);
insert into SHOT values (1103, 1138, 1161, 3890, 14.93, 14.63, 44.40, 14.93, 14.66, 44.38, 0.01, 101.88, -46.31);
insert into SHOT values (1104, 1138, 1162, 3890, 9.21, 19.23, 46.40, 9.21, 19.20, 46.39, 0.00, 326.49, 5.94);
insert into SHOT values (1105, 1138, 1163, 3890, 4.14, 172.33, -20.80, 4.14, 172.27, -20.82, 0.01, 32.33, 1.24);
insert into SHOT values (1106, 1138, 1164, 3890, 4.05, 172.43, -20.90, 4.05, 172.41, -20.97, 0.01, 70.98, -71.70);
insert into SHOT values (1107, 1164, 1165, 3890, 0.15, 52.53, -75.40, 0.15, 45.00, -73.14, 0.01, 359.92, 36.38);
insert into SHOT values (1108, 1164, 1166, 3890, 3.80, 182.53, 2.10, 3.80, 182.57, 2.11, 0.00, 328.33, 9.73);
insert into SHOT values (1109, 1164, 1167, 3890, 1.87, 214.83, -0.40, 1.87, 214.97, -0.31, 0.01, 338.31, 29.91);
insert into SHOT values (1110, 1164, 1168, 3890, 1.12, 241.83, 2.70, 1.12, 241.84, 3.06, 0.01, 243.59, 59.96);
insert into SHOT values (1111, 1164, 1169, 3890, 3.02, 332.33, 5.20, 3.03, 332.33, 5.31, 0.01, 331.93, 41.10);
insert into SHOT values (1112, 1164, 1170, 3890, 2.18, 303.13, 1.60, 2.18, 303.18, 1.58, 0.01, 101.86, -9.90);
insert into SHOT values (1113, 1164, 1171, 3890, 1.83, 278.03, 6.30, 1.83, 278.22, 6.28, 0.01, 10.69, -7.75);
insert into SHOT values (1114, 1164, 1172, 3890, 2.93, 25.03, 85.10, 2.93, 25.56, 85.01, 0.01, 51.79, 7.71);
insert into SHOT values (1115, 1164, 1173, 3890, 1.55, 257.23, 71.00, 1.55, 257.35, 71.14, 0.01, 54.49, 59.28);
insert into SHOT values (1116, 1164, 1174, 3890, 1.05, 254.53, 50.90, 1.05, 255.12, 51.08, 0.01, 344.96, 36.91);
insert into SHOT values (1117, 1164, 1175, 3890, 1.93, 260.23, -33.30, 1.93, 260.36, -33.32, 0.00, 355.64, -5.93);
insert into SHOT values (1118, 1175, 1176, 3890, 1.93, 255.33, -33.00, 1.92, 255.27, -33.06, 0.01, 91.01, 11.11);
insert into SHOT values (1119, 1175, 1177, 3890, 10.00, 194.73, -50.10, 10.00, 194.73, -50.11, 0.00, 16.44, 23.43);
insert into SHOT values (1120, 1178, 1177, 3890, 1.03, 31.33, -43.50, 1.03, 31.36, -43.45, 0.00, 39.68, -22.89);
insert into SHOT values (1121, 1178, 1179, 3890, 1.02, 38.63, -34.60, 1.02, 39.19, -34.67, 0.01, 135.21, -5.51);
insert into SHOT values (1122, 1178, 1180, 3890, 1.02, 189.43, 14.10, 1.02, 189.27, 14.13, 0.00, 152.89, 18.17);
insert into SHOT values (1123, 1180, 1181, 3890, 10.74, 171.53, -8.70, 10.74, 171.55, -8.73, 0.01, 280.53, -56.60);
insert into SHOT values (1124, 1180, 1182, 3890, 1.45, 118.43, -4.10, 1.45, 118.52, -3.96, 0.00, 232.50, 57.51);
insert into SHOT values (1125, 1180, 1183, 3890, 3.15, 142.43, -0.10, 3.15, 142.48, -0.18, 0.01, 190.56, -53.67);
insert into SHOT values (1126, 1180, 1184, 3890, 4.25, 151.33, 0.10, 4.25, 151.33, 0.13, 0.00, 134.11, 60.11);
insert into SHOT values (1127, 1180, 1185, 3890, 9.18, 161.43, -2.60, 9.18, 161.43, -2.62, 0.00, 353.82, -48.53);
insert into SHOT values (1128, 1180, 1186, 3890, 5.72, 179.53, 1.80, 5.72, 179.50, 1.80, 0.00, 133.33, 4.30);
insert into SHOT values (1129, 1180, 1187, 3890, 3.72, 187.63, 2.00, 3.71, 187.58, 2.01, 0.01, 37.45, 1.64);
insert into SHOT values (1130, 1180, 1188, 3890, 2.41, 191.43, 3.00, 2.41, 191.50, 3.09, 0.01, 251.01, 50.42);
insert into SHOT values (1131, 1180, 1189, 3890, 1.22, 192.63, 1.70, 1.22, 192.78, 1.88, 0.01, 269.15, 48.74);
insert into SHOT values (1132, 1180, 1190, 3890, 4.21, 82.03, 58.50, 4.21, 81.91, 58.48, 0.01, 16.84, 4.19);
insert into SHOT values (1133, 1180, 1191, 3890, 11.49, 81.23, 61.80, 11.50, 81.21, 61.79, 0.01, 59.83, 40.58);
insert into SHOT values (1134, 1180, 1192, 3890, 1.11, 97.63, -0.80, 1.11, 97.77, -1.03, 0.01, 181.37, -59.83);
insert into SHOT values (1135, 1180, 1193, 3890, 1.64, 33.83, 1.20, 1.64, 33.79, 1.05, 0.01, 234.73, -51.13);
insert into SHOT values (1136, 1180, 1194, 3890, 1.33, 40.23, 1.90, 1.33, 40.14, 1.72, 0.01, 15.81, -37.30);
insert into SHOT values (1137, 1180, 1195, 3890, 1.93, 23.93, 3.90, 1.93, 23.90, 3.86, 0.00, 269.86, -50.07);
insert into SHOT values (1138, 1180, 1196, 3890, 0.67, 0.63, 1.50, 0.67, 0.86, 1.71, 0.00, 84.12, 43.01);
insert into SHOT values (1139, 1180, 1197, 3890, 0.91, 5.53, 4.90, 0.91, 5.71, 5.05, 0.00, 133.20, 32.36);
insert into SHOT values (1140, 1137, 1198, 3890, 0.14, 273.33, 52.30, 0.14, 270.00, 50.71, 0.01, 222.33, -6.54);
insert into SHOT values (1141, 1137, 1199, 3890, 2.27, 178.23, -0.40, 2.27, 178.23, -0.50, 0.00, 183.82, -74.65);
insert into SHOT values (1142, 1137, 1200, 3890, 1.27, 209.83, -4.30, 1.27, 209.80, -4.51, 0.00, 181.10, -73.88);
insert into SHOT values (1143, 1137, 1201, 3890, 0.32, 241.03, 2.00, 0.32, 240.26, 1.78, 0.01, 182.34, -12.87);
insert into SHOT values (1144, 1137, 1202, 3890, 0.56, 290.73, -4.10, 0.56, 291.04, -4.11, 0.00, 46.50, 0.67);
insert into SHOT values (1145, 1137, 1203, 3890, 1.04, 329.43, 3.10, 1.04, 329.23, 2.76, 0.01, 204.09, -53.95);
insert into SHOT values (1146, 1137, 1204, 3890, 9.17, 325.33, -51.50, 9.17, 325.28, -51.53, 0.01, 209.82, -31.51);
insert into SHOT values (1147, 1137, 1205, 3890, 8.61, 319.13, -57.00, 8.61, 319.07, -57.02, 0.01, 194.76, 8.58);
insert into SHOT values (1148, 1137, 1206, 3890, 8.12, 285.43, -67.50, 8.12, 285.46, -67.46, 0.01, 304.64, 18.69);
insert into SHOT values (1149, 1137, 1207, 3890, 15.87, 204.23, -52.00, 15.87, 204.23, -52.01, 0.00, 183.89, -86.64);
insert into SHOT values (1150, 1137, 1208, 3890, 10.60, 209.43, -56.30, 10.60, 209.44, -56.31, 0.00, 358.61, -28.64);
insert into SHOT values (1151, 1137, 1209, 3890, 9.68, 215.63, -60.40, 9.69, 215.65, -60.38, 0.01, 230.38, -29.04);
insert into SHOT values (1152, 1137, 1210, 3890, 9.83, 231.03, -65.30, 9.83, 231.03, -65.32, 0.00, 47.75, 7.39);
insert into SHOT values (1153, 1137, 1211, 3890, 11.59, 177.33, -14.90, 11.59, 177.34, -14.90, 0.00, 220.23, 3.99);
insert into SHOT values (1154, 1137, 1212, 3890, 16.26, 178.93, -19.20, 16.26, 178.92, -19.21, 0.01, 50.49, -30.08);
insert into SHOT values (1155, 1137, 1213, 3890, 11.04, 181.63, -25.80, 11.05, 181.61, -25.81, 0.01, 147.32, -43.31);
insert into SHOT values (1156, 1137, 1214, 3890, 16.41, 188.43, -33.20, 16.41, 188.42, -33.22, 0.01, 48.07, -45.83);
insert into SHOT values (1157, 1137, 1215, 3890, 3.04, 346.13, 4.20, 3.04, 346.06, 4.15, 0.01, 223.38, -29.15);
insert into SHOT values (1158, 1215, 1216, 3890, 3.05, 350.63, 4.20, 3.05, 350.72, 4.14, 0.01, 103.36, -32.35);
insert into SHOT values (1159, 1215, 1217, 3890, 0.43, 93.03, -1.00, 0.43, 92.66, -1.33, 0.00, 13.71, -41.58);
insert into SHOT values (1160, 1215, 1218, 3890, 0.70, 151.83, -4.10, 0.70, 151.59, -4.12, 0.01, 4.08, 0.50);
insert into SHOT values (1161, 1215, 1219, 3890, 12.98, 171.73, -7.20, 12.98, 171.69, -7.22, 0.01, 64.54, -19.92);
insert into SHOT values (1162, 1215, 1220, 3890, 1.80, 182.73, -8.40, 1.80, 182.57, -8.30, 0.01, 105.38, 30.43);
insert into SHOT values (1163, 1215, 1221, 3890, 0.17, 291.73, -4.40, 0.16, 291.80, -3.54, 0.01, 110.30, 20.95);
insert into SHOT values (1164, 1215, 1222, 3890, 0.81, 347.43, -1.90, 0.81, 347.86, -2.13, 0.01, 91.42, -26.99);
insert into SHOT values (1165, 1215, 1223, 3890, 2.07, 87.23, 63.30, 2.07, 86.92, 63.28, 0.01, 11.12, 7.95);
insert into SHOT values (1166, 1215, 1224, 3890, 1.66, 87.13, 63.20, 1.66, 86.95, 63.09, 0.00, 44.37, -25.50);
insert into SHOT values (1167, 1215, 1225, 3890, 1.67, 86.93, 63.30, 1.67, 86.95, 63.25, 0.00, 103.72, -69.17);
insert into SHOT values (1168, 1215, 1226, 3890, 1.66, 84.63, 64.30, 1.67, 84.45, 64.25, 0.01, 51.20, 44.99);
insert into SHOT values (1169, 1215, 1227, 3890, 1.20, 69.73, 85.70, 1.20, 71.57, 85.48, 0.01, 101.80, 30.57);
insert into SHOT values (1170, 1215, 1228, 3890, 2.47, 266.93, 76.80, 2.47, 266.93, 76.90, 0.01, 86.48, 58.50);
insert into SHOT values (1171, 1215, 1229, 3890, 1.55, 250.23, 53.40, 1.55, 250.39, 53.32, 0.01, 352.97, -59.29);
insert into SHOT values (1172, 1215, 1230, 3890, 2.14, 198.63, 10.90, 2.14, 198.61, 11.05, 0.01, 46.39, 70.96);
insert into SHOT values (1173, 1215, 1231, 3890, 1.39, 234.13, 17.40, 1.39, 233.91, 17.60, 0.01, 120.15, 37.67);
insert into SHOT values (1174, 1215, 1232, 3890, 1.30, 228.93, 38.60, 1.30, 228.60, 38.64, 0.01, 113.03, -9.15);
insert into SHOT values (1175, 1215, 1233, 3890, 4.39, 335.83, -3.20, 4.39, 335.89, -3.13, 0.01, 76.94, 46.97);
insert into SHOT values (1176, 1215, 1234, 3890, 2.39, 310.63, 4.60, 2.38, 310.73, 4.57, 0.01, 99.37, -11.71);
insert into SHOT values (1177, 1215, 1235, 3890, 2.00, 301.53, 9.00, 2.00, 301.76, 8.92, 0.01, 28.18, -19.97);
insert into SHOT values (1178, 1215, 1236, 3890, 7.90, 345.53, -23.50, 7.90, 345.54, -23.49, 0.01, 1.83, 1.34);
insert into SHOT values (1179, 1225, 1237, 3890, 7.07, 345.33, -23.60, 7.07, 345.34, -23.59, 0.00, 14.29, 10.31);
insert into SHOT values (1180, 1237, 1238, 3890, 8.69, 351.73, 36.90, 8.69, 351.73, 36.90, 0.00, 349.69, 37.71);
insert into SHOT values (1181, 1237, 1239, 3890, 2.71, 6.73, 39.30, 2.71, 6.85, 39.39, 0.01, 122.25, 35.44);
insert into SHOT values (1182, 1237, 1240, 3890, 2.16, 34.83, 41.90, 2.16, 34.88, 41.83, 0.00, 79.50, -54.84);
insert into SHOT values (1183, 1237, 1241, 3890, 1.65, 59.73, 48.80, 1.65, 59.67, 48.71, 0.00, 31.60, -30.26);
insert into SHOT values (1184, 1237, 1242, 3890, 1.52, 104.73, 46.20, 1.52, 104.83, 46.19, 0.00, 134.54, 39.56);
insert into SHOT values (1185, 1237, 1243, 3890, 1.77, 132.43, 37.80, 1.77, 132.38, 38.01, 0.01, 327.84, 50.33);
insert into SHOT values (1186, 1237, 1244, 3890, 2.74, 150.53, 28.10, 2.74, 150.46, 28.12, 0.00, 12.22, -7.39);
insert into SHOT values (1187, 1237, 1245, 3890, 5.34, 166.13, 18.90, 5.34, 166.16, 18.89, 0.01, 190.98, 3.04);
insert into SHOT values (1188, 1237, 1246, 3890, 8.02, 170.93, 15.60, 8.02, 170.92, 15.62, 0.00, 129.63, 46.13);
insert into SHOT values (1189, 1237, 1247, 3890, 6.76, 173.93, 16.30, 6.76, 173.89, 16.33, 0.01, 64.45, 31.20);
insert into SHOT values (1190, 1237, 1248, 3890, 2.36, 183.03, 18.60, 2.36, 183.08, 18.56, 0.00, 334.33, -34.45);
insert into SHOT values (1191, 1237, 1249, 3890, 1.72, 189.43, 22.10, 1.72, 189.40, 22.22, 0.00, 28.40, 50.62);
insert into SHOT values (1192, 1237, 1250, 3890, 1.37, 201.03, 26.70, 1.37, 201.10, 26.90, 0.01, 342.14, 60.47);
insert into SHOT values (1193, 1237, 1251, 3890, 0.95, 231.53, 36.00, 0.95, 231.34, 36.08, 0.00, 137.16, 32.02);
insert into SHOT values (1194, 1237, 1252, 3890, 0.76, 266.43, 47.60, 0.76, 266.63, 47.63, 0.00, 37.81, -26.99);
insert into SHOT values (1195, 1237, 1253, 3890, 0.86, 318.33, 48.90, 0.86, 318.62, 49.27, 0.01, 111.53, 17.09);
insert into SHOT values (1196, 1237, 1254, 3890, 1.02, 254.23, 66.20, 1.02, 254.25, 66.68, 0.01, 73.10, 46.48);
insert into SHOT values (1197, 1237, 1255, 3890, 1.29, 258.73, 74.00, 1.29, 258.69, 73.94, 0.00, 248.12, -1.14);
insert into SHOT values (1198, 1237, 1256, 3890, 2.75, 304.93, 84.10, 2.75, 304.82, 84.16, 0.01, 136.69, 60.78);
insert into SHOT values (1199, 1237, 1257, 3890, 1.39, 84.23, 79.60, 1.39, 85.43, 79.63, 0.01, 176.17, 28.45);
insert into SHOT values (1200, 1237, 1258, 3890, 2.04, 86.13, 64.80, 2.05, 86.05, 64.76, 0.01, 67.70, 48.58);
insert into SHOT values (1201, 1237, 1259, 3890, 1.68, 55.03, 58.00, 1.68, 55.06, 58.09, 0.01, 117.51, 84.36);
insert into SHOT values (1202, 1237, 1260, 3890, 3.76, 346.13, 43.50, 3.76, 346.22, 43.51, 0.00, 60.80, 22.47);
insert into SHOT values (1203, 1260, 1261, 3890, 5.49, 355.43, 34.30, 5.49, 355.45, 34.27, 0.00, 124.02, -67.60);
insert into SHOT values (1204, 1260, 1262, 3890, 5.32, 9.53, 31.00, 5.31, 9.48, 31.04, 0.01, 215.19, -0.02);
insert into SHOT values (1205, 1260, 1263, 3890, 6.32, 25.33, 31.60, 6.31, 25.33, 31.62, 0.01, 209.72, -14.46);
insert into SHOT values (1206, 1260, 1264, 3890, 5.64, 45.63, 31.30, 5.64, 45.59, 31.32, 0.00, 270.90, -1.01);
insert into SHOT values (1207, 1260, 1265, 3890, 4.24, 69.83, 34.70, 4.24, 69.85, 34.68, 0.00, 228.23, -52.63);
insert into SHOT values (1208, 1260, 1266, 3890, 3.15, 93.53, 34.40, 3.15, 93.54, 34.45, 0.00, 270.99, 4.85);
insert into SHOT values (1209, 1260, 1267, 3890, 3.23, 115.33, 34.90, 3.23, 115.50, 34.94, 0.01, 213.61, 13.96);
insert into SHOT values (1210, 1260, 1268, 3890, 1.19, 319.33, 75.10, 1.19, 318.99, 75.16, 0.00, 195.81, 0.33);
insert into SHOT values (1211, 1260, 1269, 3890, 3.21, 340.43, 39.50, 3.21, 340.39, 39.51, 0.00, 185.57, -25.12);
insert into SHOT values (1212, 1260, 1270, 3890, 4.48, 350.53, 31.50, 4.48, 350.51, 31.47, 0.00, 324.54, -16.24);
insert into SHOT values (1213, 1260, 1271, 3890, 1.67, 176.53, 56.50, 1.67, 176.89, 56.46, 0.01, 270.45, -24.15);
insert into SHOT values (1214, 1260, 1272, 3890, 2.85, 167.03, 36.90, 2.85, 167.06, 36.90, 0.00, 302.96, -34.04);
insert into SHOT values (1215, 1260, 1273, 3890, 4.35, 164.43, 32.00, 4.36, 164.46, 32.01, 0.01, 181.17, 37.38);
insert into SHOT values (1216, 1260, 1274, 3890, 6.30, 163.23, 28.00, 6.30, 163.29, 28.01, 0.01, 230.85, 20.29);
insert into SHOT values (1217, 1260, 1275, 3890, 10.56, 158.83, 30.50, 10.56, 158.88, 30.49, 0.01, 228.02, 2.91);
insert into SHOT values (1218, 1260, 1276, 3890, 12.79, 162.43, 25.30, 12.80, 162.44, 25.31, 0.01, 183.88, 33.52);
insert into SHOT values (1219, 1260, 1277, 3890, 2.09, 72.23, 23.70, 2.09, 72.32, 23.74, 0.00, 211.14, -0.86);
insert into SHOT values (1220, 1277, 1278, 3890, 2.10, 71.63, 25.90, 2.10, 71.47, 25.98, 0.01, 328.99, 26.43);
insert into SHOT values (1221, 1277, 1279, 3890, 18.97, 330.13, 87.10, 18.97, 329.96, 87.10, 0.01, 221.87, 54.74);
insert into SHOT values (1222, 1277, 1280, 3890, 18.90, 9.13, 85.40, 18.90, 9.09, 85.39, 0.00, 351.14, 14.14);
insert into SHOT values (1223, 1277, 1281, 3890, 11.00, 30.63, 82.60, 11.00, 30.55, 82.60, 0.00, 296.82, 38.06);
insert into SHOT values (1224, 1277, 1282, 3890, 9.23, 338.63, 74.80, 9.23, 338.73, 74.77, 0.01, 15.69, 23.67);
insert into SHOT values (1225, 1277, 1283, 3890, 6.81, 337.53, 67.90, 6.81, 337.53, 67.88, 0.00, 341.44, 7.61);
insert into SHOT values (1226, 1277, 1284, 3890, 5.91, 336.43, 58.20, 5.91, 336.56, 58.16, 0.01, 43.82, -20.63);
insert into SHOT values (1227, 1277, 1285, 3890, 5.22, 334.03, 49.10, 5.22, 333.96, 49.14, 0.01, 232.11, 45.75);
insert into SHOT values (1228, 1277, 1286, 3890, 4.75, 334.83, 37.20, 4.75, 334.86, 37.14, 0.01, 350.98, -17.73);
insert into SHOT values (1229, 1277, 1287, 3890, 3.89, 335.43, 19.30, 3.89, 335.39, 19.35, 0.01, 286.34, 49.89);
insert into SHOT values (1230, 1277, 1288, 3890, 4.12, 333.73, 2.50, 4.12, 333.75, 2.51, 0.00, 119.94, 8.24);
insert into SHOT values (1231, 1277, 1289, 3890, 3.55, 301.93, 11.20, 3.55, 301.87, 11.20, 0.00, 248.12, 5.46);
insert into SHOT values (1232, 1277, 1290, 3890, 3.16, 285.63, 14.00, 3.16, 285.71, 13.93, 0.01, 35.36, -43.37);
insert into SHOT values (1233, 1277, 1291, 3890, 2.81, 274.73, 15.10, 2.81, 274.87, 15.08, 0.01, 30.89, -15.50);
insert into SHOT values (1234, 1277, 1292, 3890, 2.66, 253.03, 19.40, 2.66, 253.08, 19.33, 0.00, 353.37, -57.37);
insert into SHOT values (1235, 1277, 1293, 3890, 2.69, 239.83, 18.10, 2.69, 239.92, 18.21, 0.01, 6.28, 40.55);
insert into SHOT values (1236, 1277, 1294, 3890, 2.86, 228.03, 20.90, 2.86, 228.03, 20.86, 0.00, 226.78, -3.24);
insert into SHOT values (1237, 1277, 1295, 3890, 2.06, 359.63, 5.10, 2.06, 359.72, 5.02, 0.00, 119.26, -40.26);
insert into SHOT values (1238, 1295, 1296, 3890, 2.06, 13.53, 4.10, 2.06, 13.50, 4.17, 0.00, 342.07, 48.28);
insert into SHOT values (1239, 1295, 1297, 3890, 20.06, 237.63, 78.20, 20.06, 237.74, 78.20, 0.01, 319.88, 25.83);
insert into SHOT values (1240, 1297, 1298, 3890, 5.99, 291.03, 21.00, 5.99, 290.96, 21.04, 0.01, 183.03, 26.16);
insert into SHOT values (1241, 1298, 1299, 3890, 5.11, 32.73, 51.60, 5.11, 32.79, 51.55, 0.01, 91.27, -50.88);
insert into SHOT values (1242, 1299, 1300, 3890, 3.12, 291.13, -4.20, 3.12, 291.29, -4.23, 0.01, 16.16, -9.87);
insert into SCRAPS values (3891, 3888, 'pivnica_2_resurvey-1p', 1);
 insert into SCRAPS values (3917, 3888, 'pivnica_2_resurvey-2p', 1);
 insert into SCRAPS values (3939, 3888, 'pivnica_2_resurvey-3p', 1);
 insert into MAPS values (3957, 3888, 'm1p', NULL, 1, 85.740, 46.860);
 insert into MAPITEMS values (3957, 4, 3891);
 insert into MAPS values (3958, 3888, 'm2p', NULL, 1, 85.740, 46.860);
 insert into MAPITEMS values (3958, 4, 3917);
 insert into MAPS values (3959, 3888, 'm3p', NULL, 1, 85.740, 46.860);
 insert into MAPITEMS values (3959, 4, 3939);
 insert into MAPS values (3960, 3888, 'mpivnica_2_resurvey-p', NULL, 1, 85.740, 46.860);
 insert into MAPITEMS values (3960, 4, 3957);
 insert into MAPITEMS values (3960, 4, 3958);
 insert into MAPITEMS values (3960, 4, 3959);
 insert into SURVEY values (3962, 24, 'lost_in_a_dream', 'lost_in_a_dream.primadona.sistem_prima', 'Lost in a Dream');
 insert into CENTRELINE values (3963, 3962, NULL, NULL, NULL, 0.00, 0.00, 0.00);
 insert into SCRAPS values (3964, 3962, 'lost_in_a_dream-p1', 1);
 insert into SCRAPS values (3985, 3962, 'lost_in_a_dream-p2', 1);
 insert into SCRAPS values (4015, 3962, 'lost_in_a_dream-p3', 1);
 insert into MAPS values (4030, 3962, 'm1-p', NULL, 1, 78.250, 22.390);
 insert into MAPITEMS values (4030, 4, 3964);
 insert into MAPS values (4031, 3962, 'm2-p', NULL, 1, 78.250, 22.390);
 insert into MAPITEMS values (4031, 4, 3985);
 insert into MAPS values (4032, 3962, 'm3-p', NULL, 1, 78.250, 22.390);
 insert into MAPITEMS values (4032, 4, 4015);
 insert into MAPS values (4033, 3962, 'mlost_in_a_dream-p', NULL, 1, 78.250, 22.390);
 insert into MAPITEMS values (4033, 4, 4030);
 insert into MAPITEMS values (4033, 4, 4031);
 insert into MAPITEMS values (4033, 4, 4032);
 insert into CENTRELINE values (4036, 3962, NULL, '2018-07-20', NULL, 78.25, 0.00, 0.00);
 insert into PERSON values (32, 'Jack', 'Halliday');
insert into TOPO values (32, 4036);
 insert into TOPO values (18, 4036);
 insert into SHOT values (1243, 1301, 1302, 4036, 4.59, 280.43, -3.60, 4.59, 280.45, -3.63, 0.01, 78.80, -18.29);
insert into SHOT values (1244, 1302, 1303, 4036, 0.88, 222.33, 23.30, 0.89, 222.51, 23.27, 0.01, 247.07, 17.00);
insert into SHOT values (1245, 1303, 1304, 4036, 4.96, 12.13, 22.70, 4.96, 12.24, 22.66, 0.01, 112.72, -23.12);
insert into SHOT values (1246, 1304, 1305, 4036, 2.02, 105.73, 22.00, 2.02, 105.82, 22.11, 0.00, 229.64, 41.77);
insert into SHOT values (1247, 1305, 1306, 4036, 3.82, 318.73, 12.10, 3.83, 318.68, 12.07, 0.01, 295.10, -6.34);
insert into SHOT values (1248, 1306, 1307, 4036, 3.02, 48.93, -16.90, 3.02, 48.93, -16.93, 0.00, 49.55, -43.33);
insert into SHOT values (1249, 1307, 1308, 4036, 2.09, 150.03, 83.50, 2.09, 149.04, 83.60, 0.01, 19.92, 33.12);
insert into SHOT values (1250, 1308, 1309, 4036, 3.80, 40.43, 3.00, 3.79, 40.50, 3.02, 0.01, 184.96, 7.26);
insert into SHOT values (1251, 1309, 1310, 4036, 1.06, 145.03, -2.60, 1.06, 144.65, -2.72, 0.01, 21.47, -13.07);
insert into SHOT values (1252, 1310, 1311, 4036, 6.61, 28.13, 32.40, 6.61, 28.13, 32.40, 0.00, 204.48, -39.70);
insert into SHOT values (1253, 1311, 1312, 4036, 1.66, 222.93, 0.70, 1.66, 222.81, 0.69, 0.00, 174.35, -3.49);
insert into SHOT values (1254, 1312, 1313, 4036, 4.62, 339.93, 48.50, 4.62, 339.97, 48.46, 0.00, 9.35, -2.12);
insert into SHOT values (1255, 1313, 1314, 4036, 3.77, 334.33, 27.20, 3.77, 334.35, 27.31, 0.01, 126.54, 62.99);
insert into SHOT values (1256, 1314, 1315, 4036, 2.41, 302.53, 7.50, 2.42, 302.56, 7.37, 0.01, 314.50, -31.18);
insert into SHOT values (1257, 1315, 1316, 4036, 0.94, 10.53, 28.40, 0.94, 10.49, 28.65, 0.00, 199.48, 42.89);
insert into SHOT values (1258, 1316, 1317, 4036, 2.91, 314.43, 2.90, 2.90, 314.44, 2.96, 0.01, 127.99, 21.50);
insert into SHOT values (1259, 1317, 1318, 4036, 3.71, 323.13, 18.30, 3.71, 323.07, 18.20, 0.01, 289.73, -36.06);
insert into SHOT values (1260, 1318, 1319, 4036, 2.75, 99.63, 14.00, 2.75, 99.71, 14.10, 0.01, 191.03, 50.31);
insert into SHOT values (1261, 1319, 1320, 4036, 5.68, 343.13, -1.10, 5.68, 343.22, -1.11, 0.01, 56.69, -5.40);
insert into SHOT values (1262, 1320, 1321, 4036, 5.05, 60.33, 17.90, 5.05, 60.28, 17.89, 0.01, 279.63, -21.77);
insert into SHOT values (1263, 1321, 1322, 4036, 1.32, 150.53, 50.30, 1.33, 150.42, 50.17, 0.01, 139.27, 29.20);
insert into SHOT values (1264, 1322, 1323, 4036, 7.03, 90.43, 19.70, 7.02, 90.43, 19.65, 0.01, 264.15, -49.34);
insert into SHOT values (1265, 1323, 1324, 4036, 1.58, 91.93, 24.30, 1.58, 91.59, 24.29, 0.01, 5.42, -1.31);
insert into SHOT values (1266, 1324, 1325, 4036, 1.97, 232.83, 7.50, 1.97, 232.72, 7.60, 0.01, 88.35, 24.56);
insert into SURVEY values (4038, 24, 'lost_in_a_dream_2', 'lost_in_a_dream_2.primadona.sistem_prima', 'Lost in a dream 2');
 insert into CENTRELINE values (4039, 4038, NULL, NULL, NULL, 0.00, 0.00, 0.00);
 insert into SCRAPS values (4040, 4038, 'lost_in_a_dream_2-p1', 1);
 insert into MAPS values (4060, 4038, 'mlost_in_a_dream_2-p', NULL, 1, 12.370, 7.440);
 insert into MAPITEMS values (4060, 4, 4040);
 insert into CENTRELINE values (4061, 4038, NULL, '2018-07-20', NULL, 12.37, 0.00, 0.00);
 insert into TOPO values (32, 4061);
 insert into TOPO values (18, 4061);
 insert into SHOT values (1267, 1326, 1327, 4061, 2.26, 167.83, -28.70, 2.26, 167.78, -28.77, 0.01, 139.02, -57.78);
insert into SHOT values (1268, 1326, 1328, 4061, 6.32, 12.43, 39.40, 6.32, 12.53, 39.37, 0.01, 85.55, -9.23);
insert into SHOT values (1269, 1328, 1329, 4061, 3.79, 32.23, 38.20, 3.78, 32.09, 38.19, 0.01, 272.81, -24.56);
insert into SURVEY values (4063, 24, 'penny_falls', 'penny_falls.primadona.sistem_prima', 'Penny falls');
 insert into CENTRELINE values (4064, 4063, NULL, NULL, NULL, 0.00, 0.00, 0.00);
 insert into SCRAPS values (4065, 4063, 'penny_falls-p1', 1);
 insert into SCRAPS values (4082, 4063, 'penny_falls-p2', 1);
 insert into MAPS values (4106, 4063, 'm1-p', NULL, 1, 47.110, 24.830);
 insert into MAPITEMS values (4106, 4, 4065);
 insert into MAPS values (4107, 4063, 'm2-p', NULL, 1, 47.110, 24.830);
 insert into MAPITEMS values (4107, 4, 4082);
 insert into MAPS values (4108, 4063, 'mpenny_falls-p', NULL, 1, 47.110, 24.830);
 insert into MAPITEMS values (4108, 4, 4106);
 insert into MAPITEMS values (4108, 4, 4107);
 insert into CENTRELINE values (4110, 4063, NULL, '2018-07-22', NULL, 47.11, 0.00, 0.00);
 insert into TOPO values (2, 4110);
 insert into TOPO values (29, 4110);
 insert into SHOT values (1270, 1330, 1331, 4110, 4.12, 97.53, 56.00, 4.12, 97.50, 56.08, 0.01, 293.57, 44.81);
insert into SHOT values (1271, 1331, 1332, 4110, 3.70, 57.53, 49.00, 3.70, 57.62, 48.98, 0.00, 147.15, -31.56);
insert into SHOT values (1272, 1332, 1333, 4110, 2.67, 42.53, 6.00, 2.68, 42.56, 6.01, 0.01, 59.26, 8.60);
insert into SHOT values (1273, 1334, 1333, 4110, 1.68, 288.53, -15.00, 1.67, 288.77, -14.90, 0.01, 63.12, 26.38);
insert into SHOT values (1274, 1334, 1335, 4110, 5.01, 50.53, 68.00, 5.01, 50.62, 68.03, 0.01, 157.57, 54.95);
insert into SHOT values (1275, 1335, 1336, 4110, 1.61, 20.53, 16.00, 1.61, 20.77, 15.84, 0.01, 85.15, -27.12);
insert into SHOT values (1276, 1336, 1337, 4110, 1.85, 47.53, -14.00, 1.85, 47.25, -13.76, 0.01, 333.11, 40.51);
insert into SHOT values (1277, 1337, 1338, 4110, 3.70, 346.53, 0.00, 3.69, 346.53, 0.00, 0.01, 165.52, 0.00);
insert into SHOT values (1278, 1338, 1339, 4110, 4.31, 352.53, 56.00, 4.31, 352.37, 55.96, 0.01, 273.12, -25.82);
insert into SHOT values (1279, 1340, 1339, 4110, 3.23, 246.53, -13.00, 3.24, 246.44, -13.04, 0.01, 206.99, -25.50);
insert into SHOT values (1280, 1340, 1341, 4110, 2.85, 341.53, 28.00, 2.84, 341.42, 27.91, 0.01, 201.30, -47.92);
insert into SHOT values (1281, 1342, 1341, 4110, 4.77, 247.53, -30.00, 4.78, 247.53, -30.03, 0.01, 252.16, -59.64);
insert into SHOT values (1282, 1342, 1343, 4110, 5.72, 19.53, 41.00, 5.72, 19.48, 40.98, 0.00, 294.83, -39.96);
insert into SHOT values (1283, 1344, 1343, 4110, 1.89, 252.53, -52.00, 1.89, 252.50, -52.01, 0.00, 188.97, -47.14);
insert into SURVEY values (4112, 24, 'penny_falls_2', 'penny_falls_2.primadona.sistem_prima', 'Penny falls 2 (continuation)');
 insert into CENTRELINE values (4113, 4112, NULL, NULL, NULL, 0.00, 0.00, 0.00);
 insert into SCRAPS values (4114, 4112, 'penny_falls_2-p1', 1);
 insert into MAPS values (4128, 4112, 'mpenny_falls_2-p', NULL, 1, 36.690, 16.670);
 insert into MAPITEMS values (4128, 4, 4114);
 insert into CENTRELINE values (4129, 4112, NULL, '2018-07-22', NULL, 36.69, 0.00, 0.00);
 insert into TOPO values (2, 4129);
 insert into TOPO values (29, 4129);
 insert into EXPLO values (2, 4129);
 insert into EXPLO values (29, 4129);
 insert into SHOT values (1284, 1345, 1346, 4129, 10.33, 108.53, 40.00, 10.33, 108.50, 40.02, 0.01, 323.81, 0.04);
insert into SHOT values (1285, 1345, 1347, 4129, 2.74, 229.53, 0.00, 2.75, 229.58, 0.00, 0.01, 255.56, 0.00);
insert into SHOT values (1286, 1347, 1348, 4129, 15.00, 254.53, -42.00, 14.99, 254.54, -41.99, 0.01, 37.50, 53.70);
insert into SHOT values (1287, 1345, 1349, 4129, 8.62, 4.53, -90.00, 8.62, 90.00, -90.00, 0.00, 4.53, -75.81);
insert into SURVEY values (4131, 24, 'moonraker', 'moonraker.primadona.sistem_prima', 'Moonraker');
 insert into CENTRELINE values (4132, 4131, NULL, NULL, NULL, 0.00, 0.00, 0.00);
 insert into CENTRELINE values (4133, 4131, NULL, '2018-07-28', NULL, 129.44, 0.00, 0.00);
 insert into TOPO values (32, 4133);
 insert into TOPO values (17, 4133);
 insert into EXPLO values (32, 4133);
 insert into EXPLO values (17, 4133);
 insert into EXPLO values (29, 4133);
 insert into SHOT values (1288, 1350, 1351, 4133, 1.42, 69.83, -8.80, 1.42, 70.02, -8.90, 0.01, 144.45, -29.91);
insert into SHOT values (1289, 1350, 1352, 4133, 1.56, 31.63, -9.50, 1.56, 31.73, -9.58, 0.00, 91.37, -38.73);
insert into SHOT values (1290, 1350, 1353, 4133, 19.02, 9.33, -5.80, 19.02, 9.34, -5.82, 0.01, 130.14, -64.79);
insert into SHOT values (1291, 1350, 1354, 4133, 4.35, 16.73, 78.80, 4.34, 16.50, 78.78, 0.01, 284.68, -65.23);
insert into SHOT values (1292, 1350, 1355, 4133, 1.38, 281.33, 71.00, 1.38, 281.56, 70.94, 0.01, 16.90, -69.23);
insert into SHOT values (1293, 1350, 1356, 4133, 2.10, 4.03, 84.80, 2.10, 3.01, 84.80, 0.00, 272.41, -21.92);
insert into SHOT values (1294, 1350, 1357, 4133, 1.01, 87.23, 80.10, 1.00, 86.63, 80.24, 0.01, 294.95, -52.55);
insert into SHOT values (1295, 1350, 1358, 4133, 0.58, 264.23, -3.20, 0.57, 263.99, -3.99, 0.01, 105.96, -49.96);
insert into SHOT values (1296, 1350, 1359, 4133, 0.65, 262.13, 27.70, 0.65, 262.01, 27.53, 0.00, 175.99, -61.15);
insert into SHOT values (1297, 1350, 1360, 4133, 0.83, 262.73, 53.70, 0.82, 263.02, 53.20, 0.01, 310.39, -69.20);
insert into SHOT values (1298, 1350, 1361, 4133, 0.75, 224.53, -16.80, 0.75, 224.43, -17.12, 0.01, 62.01, -39.16);
insert into SHOT values (1299, 1350, 1362, 4133, 1.71, 191.93, -0.30, 1.71, 191.84, -0.34, 0.00, 48.30, -12.84);
insert into SHOT values (1300, 1350, 1363, 4133, 3.84, 151.83, -3.80, 3.84, 151.83, -3.88, 0.01, 155.77, -64.97);
insert into SHOT values (1301, 1363, 1364, 4133, 1.91, 274.43, 2.40, 1.91, 274.51, 2.40, 0.00, 44.66, 0.27);
insert into SHOT values (1302, 1363, 1365, 4133, 2.92, 299.53, 6.40, 2.92, 299.57, 6.50, 0.01, 91.85, 42.63);
insert into SHOT values (1303, 1363, 1366, 4133, 3.87, 314.43, 6.70, 3.87, 314.47, 6.68, 0.01, 96.60, -17.41);
insert into SHOT values (1304, 1363, 1367, 4133, 5.26, 306.33, 5.20, 5.26, 306.30, 5.24, 0.00, 176.30, 45.14);
insert into SHOT values (1305, 1363, 1368, 4133, 4.09, 216.73, -0.50, 4.09, 216.76, -0.42, 0.01, 243.78, 50.60);
insert into SHOT values (1306, 1363, 1369, 4133, 2.93, 229.53, 0.30, 2.93, 229.57, 0.39, 0.01, 327.88, 65.95);
insert into SHOT values (1307, 1363, 1370, 4133, 2.27, 242.43, -3.60, 2.27, 242.42, -3.53, 0.00, 232.06, 48.45);
insert into SHOT values (1308, 1363, 1371, 4133, 3.21, 239.83, -78.90, 3.21, 239.68, -78.97, 0.00, 81.99, -0.67);
insert into SHOT values (1309, 1363, 1372, 4133, 4.94, 205.63, -6.20, 4.94, 205.57, -6.16, 0.01, 116.03, 36.98);
insert into SHOT values (1310, 1363, 1373, 4133, 6.04, 204.23, -27.90, 6.04, 204.21, -27.92, 0.00, 166.37, -58.22);
insert into SHOT values (1311, 1373, 1374, 4133, 0.66, 83.43, 73.60, 0.67, 83.99, 73.38, 0.01, 105.21, 53.58);
insert into SHOT values (1312, 1373, 1375, 4133, 7.97, 93.03, 44.80, 7.97, 93.04, 44.81, 0.00, 115.49, 54.50);
insert into SHOT values (1313, 1373, 1376, 4133, 9.92, 79.23, 35.50, 9.92, 79.22, 35.56, 0.01, 279.24, 68.20);
insert into SHOT values (1314, 1373, 1377, 4133, 11.85, 67.23, 26.10, 11.85, 67.22, 26.13, 0.01, 295.57, 70.47);
insert into SHOT values (1315, 1373, 1378, 4133, 7.12, 106.03, 33.60, 7.12, 105.96, 33.61, 0.01, 1.07, -1.14);
insert into SHOT values (1316, 1373, 1379, 4133, 4.68, 128.83, 38.10, 4.68, 128.83, 38.11, 0.00, 133.48, 60.15);
insert into SHOT values (1317, 1373, 1380, 4133, 5.51, 139.73, 41.80, 5.51, 139.64, 41.86, 0.01, 50.07, 49.77);
insert into SHOT values (1318, 1373, 1381, 4133, 5.93, 26.13, 17.40, 5.93, 26.11, 17.47, 0.01, 258.62, 73.37);
insert into SHOT values (1319, 1373, 1382, 4133, 6.50, 50.33, 20.60, 6.50, 50.27, 20.62, 0.01, 330.81, 24.54);
insert into SHOT values (1320, 1373, 1383, 4133, 9.28, 64.73, 20.70, 9.28, 64.70, 20.70, 0.00, 358.68, -3.53);
insert into SHOT values (1321, 1373, 1384, 4133, 5.99, 104.33, 20.10, 5.99, 104.31, 20.12, 0.00, 354.58, 35.11);
insert into SHOT values (1322, 1384, 1385, 4133, 5.20, 265.43, 7.30, 5.20, 265.44, 7.29, 0.00, 51.99, -21.94);
insert into SHOT values (1323, 1384, 1386, 4133, 5.39, 289.03, 3.30, 5.39, 289.07, 3.29, 0.01, 332.06, -2.44);
insert into SHOT values (1324, 1384, 1387, 4133, 6.11, 312.33, -1.10, 6.12, 312.35, -1.03, 0.01, 330.02, 44.51);
insert into SHOT values (1325, 1384, 1388, 4133, 3.49, 329.13, -1.00, 3.49, 329.18, -0.98, 0.01, 5.94, 10.39);
insert into SHOT values (1326, 1384, 1389, 4133, 5.32, 355.23, 0.40, 5.32, 355.25, 0.43, 0.00, 119.32, 44.38);
insert into SHOT values (1327, 1384, 1390, 4133, 6.11, 9.83, -4.60, 6.11, 9.83, -4.60, 0.00, 155.96, 0.86);
insert into SHOT values (1328, 1384, 1391, 4133, 7.39, 17.73, -7.00, 7.39, 17.69, -6.99, 0.00, 314.27, 7.18);
insert into SHOT values (1329, 1384, 1392, 4133, 8.34, 29.53, -13.90, 8.34, 29.51, -13.87, 0.01, 359.84, 31.31);
insert into SHOT values (1330, 1384, 1393, 4133, 18.58, 28.63, -14.50, 18.58, 28.63, -14.49, 0.00, 57.41, 50.39);
insert into SHOT values (1331, 1384, 1394, 4133, 7.88, 45.33, -7.90, 7.88, 45.31, -7.88, 0.00, 346.04, 49.01);
insert into SHOT values (1332, 1384, 1395, 4133, 3.58, 56.43, -6.50, 3.58, 56.35, -6.42, 0.01, 309.83, 47.88);
insert into SHOT values (1333, 1384, 1396, 4133, 2.16, 66.23, 14.50, 2.16, 66.26, 14.51, 0.00, 231.99, -9.72);
insert into SHOT values (1334, 1384, 1397, 4133, 0.88, 147.73, 53.70, 0.88, 147.53, 53.70, 0.00, 74.92, 22.40);
insert into SHOT values (1335, 1384, 1398, 4133, 1.86, 149.13, 70.30, 1.86, 149.35, 70.27, 0.00, 223.18, -24.25);
insert into SHOT values (1336, 1384, 1399, 4133, 2.60, 339.63, 85.00, 2.60, 339.15, 85.04, 0.00, 204.66, -2.27);
insert into SHOT values (1337, 1384, 1400, 4133, 2.82, 324.83, 74.80, 2.82, 324.82, 74.66, 0.01, 323.87, -10.96);
insert into SHOT values (1338, 1384, 1401, 4133, 4.45, 322.43, 57.50, 4.46, 322.46, 57.49, 0.01, 337.08, 52.22);
insert into SHOT values (1339, 1384, 1402, 4133, 4.82, 333.93, 30.60, 4.82, 333.99, 30.66, 0.01, 44.91, 53.32);
insert into SHOT values (1340, 1384, 1403, 4133, 4.90, 337.13, 3.20, 4.90, 337.15, 3.27, 0.01, 33.49, 66.98);
insert into SHOT values (1341, 1384, 1404, 4133, 5.97, 342.63, -5.00, 5.98, 342.60, -4.99, 0.01, 312.78, 3.12);
insert into SHOT values (1342, 1384, 1405, 4133, 15.25, 28.83, -16.00, 15.25, 28.84, -15.99, 0.00, 148.53, 49.63);
insert into SHOT values (1343, 1405, 1406, 4133, 1.41, 123.83, 9.10, 1.41, 123.58, 8.98, 0.01, 34.14, -26.10);
insert into SHOT values (1344, 1405, 1407, 4133, 2.11, 120.83, 41.00, 2.11, 120.59, 40.93, 0.01, 22.88, -33.04);
insert into SHOT values (1345, 1405, 1408, 4133, 5.68, 117.53, 57.00, 5.68, 117.56, 57.00, 0.00, 266.40, -47.74);
insert into SHOT values (1346, 1405, 1409, 4133, 7.06, 111.33, 73.00, 7.06, 111.34, 73.02, 0.00, 285.09, -27.73);
insert into SHOT values (1347, 1405, 1410, 4133, 10.37, 80.83, 83.70, 10.37, 80.37, 83.71, 0.01, 338.49, 15.82);
insert into SHOT values (1348, 1405, 1411, 4133, 1.24, 298.73, -6.70, 1.24, 299.05, -6.46, 0.01, 359.59, 30.10);
insert into SHOT values (1349, 1405, 1412, 4133, 1.06, 306.93, 35.70, 1.06, 307.00, 35.66, 0.00, 326.27, 23.14);
insert into SHOT values (1350, 1405, 1413, 4133, 1.36, 310.53, 55.50, 1.36, 310.28, 55.37, 0.00, 262.83, -10.15);
insert into SHOT values (1351, 1405, 1414, 4133, 1.86, 332.13, 69.50, 1.86, 331.88, 69.30, 0.01, 307.32, -17.78);
insert into SHOT values (1352, 1405, 1415, 4133, 10.51, 212.53, 4.80, 10.51, 212.52, 4.80, 0.00, 83.12, 19.18);
insert into SHOT values (1353, 1405, 1416, 4133, 8.08, 195.53, 5.20, 8.08, 195.57, 5.18, 0.01, 297.64, -19.48);
insert into SHOT values (1354, 1405, 1417, 4133, 5.58, 184.53, 5.90, 5.58, 184.55, 5.87, 0.01, 330.05, -44.88);
insert into SHOT values (1355, 1405, 1418, 4133, 3.14, 172.13, 6.20, 3.14, 172.08, 6.22, 0.00, 48.06, 14.88);
insert into SHOT values (1356, 1405, 1419, 4133, 2.22, 173.23, 0.30, 2.22, 173.26, 0.26, 0.01, 338.46, -18.62);
insert into SHOT values (1357, 1405, 1420, 4133, 1.02, 290.23, 1.60, 1.03, 290.56, 1.68, 0.01, 336.25, 10.56);
insert into SHOT values (1358, 1405, 1421, 4133, 1.12, 315.13, 3.00, 1.13, 315.36, 3.05, 0.01, 353.05, 10.57);
insert into SHOT values (1359, 1405, 1422, 4133, 3.36, 336.33, -29.20, 3.36, 336.31, -29.18, 0.00, 327.48, -10.05);
insert into SHOT values (1360, 1422, 1423, 4133, 2.26, 89.03, -5.70, 2.26, 88.98, -5.58, 0.01, 38.87, 61.86);
insert into SHOT values (1361, 1422, 1424, 4133, 3.37, 84.03, -7.10, 3.37, 84.00, -7.15, 0.01, 62.51, -37.60);
insert into SHOT values (1362, 1422, 1425, 4133, 1.31, 128.83, 0.20, 1.31, 128.80, 0.44, 0.01, 338.81, 75.08);
insert into SHOT values (1363, 1422, 1426, 4133, 1.89, 19.93, -6.90, 1.89, 19.98, -7.00, 0.00, 173.17, -36.42);
insert into SHOT values (1364, 1422, 1427, 4133, 1.42, 297.13, -9.70, 1.42, 297.30, -9.76, 0.01, 72.87, -7.10);
insert into SHOT values (1365, 1422, 1428, 4133, 1.16, 296.23, -4.70, 1.16, 296.12, -4.44, 0.01, 252.31, 58.64);
insert into SHOT values (1366, 1422, 1429, 4133, 1.42, 308.13, -1.60, 1.42, 308.16, -1.61, 0.00, 316.49, -4.05);
insert into SHOT values (1367, 1422, 1430, 4133, 5.53, 138.23, 32.80, 5.54, 138.22, 32.81, 0.01, 133.43, 42.59);
insert into SHOT values (1368, 1422, 1431, 4133, 0.42, 121.53, 30.00, 0.42, 121.50, 30.01, 0.00, 349.34, -0.00);
insert into SHOT values (1369, 1422, 1432, 4133, 3.61, 41.13, -30.40, 3.62, 41.10, -30.41, 0.01, 23.18, -32.43);
insert into SHOT values (1370, 1432, 1433, 4133, 3.60, 39.03, -23.80, 3.59, 39.07, -23.82, 0.01, 205.28, 15.87);
insert into SHOT values (1371, 1432, 1434, 4133, 0.51, 330.63, 5.10, 0.51, 330.40, 5.64, 0.01, 197.54, 58.90);
insert into SHOT values (1372, 1432, 1435, 4133, 0.60, 29.33, 6.60, 0.60, 29.15, 6.71, 0.00, 280.79, 27.73);
insert into SHOT values (1373, 1432, 1436, 4133, 0.86, 111.13, 7.70, 0.86, 111.43, 8.05, 0.01, 240.50, 39.97);
insert into SHOT values (1374, 1432, 1437, 4133, 1.19, 100.23, 8.10, 1.19, 100.26, 8.21, 0.00, 143.44, 66.80);
insert into SHOT values (1375, 1432, 1438, 4133, 1.06, 156.03, 13.70, 1.07, 156.15, 13.53, 0.01, 169.98, -6.55);
insert into SHOT values (1376, 1432, 1439, 4133, 1.34, 162.33, 15.70, 1.34, 162.41, 16.00, 0.01, 241.54, 76.17);
insert into SHOT values (1377, 1432, 1440, 4133, 1.23, 257.43, 19.30, 1.23, 257.04, 19.47, 0.01, 157.43, 23.62);
insert into SHOT values (1378, 1432, 1441, 4133, 2.90, 250.73, 19.30, 2.90, 250.57, 19.34, 0.01, 151.23, 11.25);
insert into SHOT values (1379, 1432, 1442, 4133, 3.59, 44.93, 3.40, 3.58, 45.00, 3.52, 0.01, 186.85, 44.28);
insert into SHOT values (1380, 1442, 1443, 4133, 3.92, 129.33, 16.20, 3.91, 129.28, 16.17, 0.01, 342.17, -31.33);
insert into SHOT values (1381, 1442, 1444, 4133, 3.96, 149.23, 23.10, 3.96, 149.28, 23.06, 0.01, 264.76, -45.53);
insert into SHOT values (1382, 1442, 1445, 4133, 2.53, 175.53, 28.70, 2.53, 175.60, 28.63, 0.01, 308.69, -52.01);
insert into SHOT values (1383, 1442, 1446, 4133, 1.60, 192.93, 23.00, 1.59, 192.99, 22.90, 0.01, 354.89, -43.25);
insert into SHOT values (1384, 1442, 1447, 4133, 1.68, 211.53, 13.10, 1.68, 211.75, 13.09, 0.01, 317.37, -6.86);
insert into SHOT values (1385, 1442, 1448, 4133, 2.15, 205.63, 20.10, 2.15, 205.55, 20.14, 0.00, 82.78, 18.79);
insert into SHOT values (1386, 1442, 1449, 4133, 1.64, 98.73, 81.30, 1.64, 96.84, 81.17, 0.01, 32.16, -7.13);
insert into SHOT values (1387, 1442, 1450, 4133, 1.74, 186.93, 61.70, 1.74, 186.95, 61.63, 0.00, 204.02, -59.10);
insert into SHOT values (1388, 1442, 1451, 4133, 2.21, 179.03, 45.90, 2.20, 178.88, 45.92, 0.01, 26.81, -39.12);
insert into SHOT values (1389, 1442, 1452, 4133, 1.63, 180.13, 17.10, 1.63, 180.00, 17.10, 0.00, 120.60, 10.00);
insert into SHOT values (1390, 1442, 1453, 4133, 1.25, 180.63, -7.50, 1.25, 180.46, -7.81, 0.01, 102.09, -61.80);
insert into SHOT values (1391, 1442, 1454, 4133, 1.23, 179.53, -31.90, 1.23, 179.45, -32.00, 0.00, 18.45, -0.27);
insert into SHOT values (1392, 1442, 1455, 4133, 2.04, 117.23, -17.70, 2.04, 117.22, -17.68, 0.00, 112.94, 6.23);
insert into SHOT values (1393, 1455, 1456, 4133, 2.04, 125.83, -14.20, 2.03, 125.71, -14.24, 0.01, 335.72, 2.92);
insert into SHOT values (1394, 1455, 1457, 4133, 2.27, 62.33, -56.40, 2.27, 62.01, -56.37, 0.01, 339.16, 5.90);
insert into SHOT values (1395, 1457, 1458, 4133, 2.30, 57.03, -55.40, 2.31, 57.16, -55.43, 0.01, 100.28, -57.14);
insert into SHOT values (1396, 1457, 1459, 4133, 2.02, 171.93, 7.60, 2.03, 171.99, 7.37, 0.01, 188.59, -43.03);
insert into SHOT values (1397, 1457, 1460, 4133, 2.38, 185.03, 7.00, 2.39, 185.08, 6.98, 0.01, 203.42, -0.38);
insert into SHOT values (1398, 1457, 1461, 4133, 1.41, 197.93, 7.10, 1.41, 197.92, 6.93, 0.00, 29.45, -71.48);
insert into SHOT values (1399, 1457, 1462, 4133, 1.41, 162.83, 25.40, 1.41, 162.70, 25.15, 0.01, 127.86, -43.77);
insert into SHOT values (1400, 1457, 1463, 4133, 3.08, 164.93, 68.70, 3.08, 164.97, 68.71, 0.00, 289.49, 21.73);
insert into SHOT values (1401, 1457, 1464, 4133, 4.19, 202.43, 77.70, 4.19, 202.28, 77.63, 0.01, 173.64, -37.66);
insert into SHOT values (1402, 1457, 1465, 4133, 3.92, 281.93, 78.80, 3.91, 281.46, 78.88, 0.01, 146.07, -31.03);
insert into SHOT values (1403, 1457, 1466, 4133, 4.57, 287.03, 67.10, 4.57, 287.01, 67.11, 0.00, 156.06, 12.39);
insert into SHOT values (1404, 1457, 1467, 4133, 4.49, 50.53, 44.10, 4.49, 50.54, 44.05, 0.00, 74.99, -77.75);
insert into SHOT values (1405, 1457, 1468, 4133, 4.74, 67.03, 27.60, 4.74, 67.03, 27.52, 0.01, 76.70, -66.77);
insert into SHOT values (1406, 1457, 1469, 4133, 4.57, 67.43, 22.50, 4.57, 67.44, 22.39, 0.01, 115.94, -80.81);
insert into SHOT values (1407, 1457, 1470, 4133, 1.85, 103.43, 14.10, 1.86, 103.50, 14.04, 0.01, 124.77, -6.73);
insert into SHOT values (1408, 1457, 1471, 4133, 1.46, 123.53, 9.10, 1.46, 123.69, 9.06, 0.00, 205.28, -12.47);
insert into SHOT values (1409, 1457, 1472, 4133, 2.28, 175.63, -19.90, 2.28, 175.72, -19.97, 0.01, 235.18, -43.34);
insert into SHOT values (1410, 1472, 1473, 4133, 1.27, 137.53, -84.10, 1.27, 138.01, -83.91, 0.01, 153.46, 38.30);
insert into SHOT values (1411, 1472, 1474, 4133, 1.28, 297.53, -54.60, 1.27, 297.61, -54.80, 0.01, 109.73, 22.80);
insert into SHOT values (1412, 1472, 1475, 4133, 0.30, 302.83, 2.80, 0.30, 302.62, 1.93, 0.01, 143.78, -56.96);
insert into SHOT values (1413, 1472, 1476, 4133, 0.94, 303.73, 61.10, 0.93, 304.05, 61.43, 0.01, 106.01, -19.85);
insert into SHOT values (1414, 1472, 1477, 4133, 1.68, 275.73, 76.70, 1.67, 276.01, 76.81, 0.01, 72.62, -46.00);
insert into SHOT values (1415, 1472, 1478, 4133, 1.25, 18.03, 88.60, 1.25, 18.43, 88.55, 0.00, 29.75, 18.66);
insert into SHOT values (1416, 1472, 1479, 4133, 0.41, 93.43, 79.50, 0.41, 97.13, 78.60, 0.01, 135.60, -22.04);
insert into SHOT values (1417, 1472, 1480, 4133, 4.15, 219.43, -1.80, 4.14, 219.42, -1.80, 0.01, 48.02, 3.42);
insert into SHOT values (1418, 1480, 1481, 4133, 4.13, 222.13, -1.30, 4.14, 222.06, -1.25, 0.01, 182.53, 25.38);
insert into SHOT values (1419, 1480, 1482, 4133, 0.43, 313.33, 11.10, 0.43, 312.09, 10.84, 0.01, 197.76, -15.54);
insert into SHOT values (1420, 1480, 1483, 4133, 0.58, 327.33, 54.60, 0.58, 327.26, 54.69, 0.00, 154.07, -41.47);
insert into SHOT values (1421, 1480, 1484, 4133, 2.20, 319.93, 83.10, 2.20, 319.64, 83.13, 0.00, 176.37, -60.96);
insert into SHOT values (1422, 1480, 1485, 4133, 1.31, 122.13, 74.30, 1.31, 122.35, 74.26, 0.00, 187.73, -37.04);
insert into SHOT values (1423, 1480, 1486, 4133, 1.23, 122.03, 56.00, 1.23, 122.54, 56.00, 0.01, 210.77, 2.67);
insert into SHOT values (1424, 1480, 1487, 4133, 0.46, 156.33, 38.90, 0.46, 157.01, 38.97, 0.00, 240.30, 14.82);
insert into SHOT values (1425, 1480, 1488, 4133, 0.89, 267.93, -81.10, 0.89, 265.91, -80.94, 0.01, 205.52, -7.33);
insert into SHOT values (1426, 1480, 1489, 4133, 0.91, 288.73, -44.10, 0.91, 288.71, -43.90, 0.00, 279.07, 71.15);
insert into SHOT values (1427, 1480, 1490, 4133, 2.21, 245.53, 8.70, 2.21, 245.43, 8.58, 0.01, 198.39, -38.85);
insert into SHOT values (1428, 1480, 1491, 4133, 0.72, 11.13, 9.90, 0.71, 11.47, 9.67, 0.01, 152.41, -29.47);
insert into SHOT values (1429, 1480, 1492, 4133, 1.61, 27.43, 8.90, 1.61, 27.37, 8.95, 0.00, 236.08, 15.75);
insert into SHOT values (1430, 1480, 1493, 4133, 2.49, 234.03, 10.60, 2.49, 233.97, 10.64, 0.00, 161.66, 38.21);
insert into SHOT values (1431, 1480, 1494, 4133, 2.43, 234.03, 10.60, 2.43, 233.85, 10.66, 0.01, 156.45, 21.42);
insert into SHOT values (1432, 1480, 1495, 4133, 2.42, 242.23, 11.50, 2.42, 242.14, 11.42, 0.01, 199.12, -24.87);
insert into SHOT values (1433, 1480, 1496, 4133, 2.11, 69.13, -6.00, 2.11, 69.32, -5.99, 0.01, 185.55, 4.14);
insert into SHOT values (1434, 1480, 1497, 4133, 1.75, 91.63, -9.00, 1.75, 91.66, -8.87, 0.00, 111.62, 57.31);
insert into SHOT values (1435, 1480, 1498, 4133, 1.44, 121.93, -11.60, 1.44, 122.01, -11.58, 0.00, 144.86, -5.23);
insert into SHOT values (1436, 1480, 1499, 4133, 1.44, 142.73, -9.60, 1.44, 142.73, -9.59, 0.00, 131.82, 35.69);
insert into SHOT values (1437, 1480, 1500, 4133, 1.68, 153.23, -3.80, 1.68, 153.43, -3.75, 0.01, 236.32, 12.40);
insert into SHOT values (1438, 1480, 1501, 4133, 4.87, 172.93, -6.90, 4.87, 172.99, -6.96, 0.01, 248.54, -41.34);
insert into SHOT values (1439, 1480, 1502, 4133, 5.08, 178.63, -4.00, 5.08, 178.64, -4.06, 0.01, 199.05, -54.31);
insert into SHOT values (1440, 1480, 1503, 4133, 6.13, 193.53, -3.00, 6.14, 193.49, -2.99, 0.01, 166.45, 5.52);
insert into SHOT values (1441, 1480, 1504, 4133, 7.69, 202.63, -5.60, 7.70, 202.65, -5.59, 0.01, 222.73, 2.97);
insert into SHOT values (1442, 1480, 1505, 4133, 1.13, 249.53, 4.40, 1.14, 249.33, 4.54, 0.01, 217.01, 23.93);
insert into SHOT values (1443, 1480, 1506, 4133, 1.91, 232.93, 1.40, 1.91, 232.65, 1.50, 0.01, 158.69, 19.11);
insert into SHOT values (1444, 1480, 1507, 4133, 2.62, 221.93, -10.40, 2.62, 221.86, -10.33, 0.00, 145.46, 41.17);
insert into SHOT values (1445, 1480, 1508, 4133, 3.63, 215.63, -17.70, 3.63, 215.48, -17.62, 0.01, 154.04, 19.67);
insert into SHOT values (1446, 1508, 1509, 4133, 3.64, 214.43, -16.40, 3.64, 214.51, -16.42, 0.01, 272.44, -21.51);
insert into SHOT values (1447, 1508, 1510, 4133, 3.40, 72.53, 5.40, 3.39, 72.42, 5.41, 0.01, 293.07, 0.19);
insert into SHOT values (1448, 1508, 1511, 4133, 3.51, 96.33, 7.60, 3.50, 96.29, 7.55, 0.01, 293.62, -25.89);
insert into SHOT values (1449, 1508, 1512, 4133, 4.09, 110.63, 8.40, 4.08, 110.59, 8.31, 0.01, 309.11, -40.85);
insert into SHOT values (1450, 1508, 1513, 4133, 3.48, 129.23, 9.60, 3.47, 129.31, 9.61, 0.01, 269.77, -2.55);
insert into SHOT values (1451, 1508, 1514, 4133, 3.39, 149.33, 10.30, 3.38, 149.27, 10.22, 0.01, 350.67, -34.66);
insert into SHOT values (1452, 1508, 1515, 4133, 3.20, 170.53, 11.60, 3.20, 170.63, 11.55, 0.01, 288.06, -29.30);
insert into SHOT values (1453, 1508, 1516, 4133, 4.18, 181.93, 24.00, 4.17, 181.95, 24.03, 0.01, 346.79, -1.37);
insert into SHOT values (1454, 1508, 1517, 4133, 3.41, 162.53, 85.60, 3.41, 163.74, 85.79, 0.01, 318.15, 0.22);
insert into SHOT values (1455, 1508, 1518, 4133, 1.49, 175.63, 79.40, 1.48, 175.76, 79.49, 0.01, 344.81, -53.30);
insert into SHOT values (1456, 1508, 1519, 4133, 2.31, 120.83, 48.50, 2.31, 120.77, 48.61, 0.01, 315.15, -0.81);
insert into SHOT values (1457, 1508, 1520, 4133, 2.99, 116.53, 24.00, 2.98, 116.57, 23.92, 0.01, 269.88, -57.49);
insert into SHOT values (1458, 1508, 1521, 4133, 1.11, 116.63, -56.10, 1.11, 116.15, -56.62, 0.01, 335.35, -46.55);
insert into SHOT values (1459, 1508, 1522, 4133, 2.15, 130.23, -21.70, 2.15, 130.32, -21.86, 0.01, 271.55, -44.39);
insert into SHOT values (1460, 1508, 1523, 4133, 3.83, 186.63, 22.70, 3.83, 186.66, 22.59, 0.01, 262.23, -74.77);
insert into SHOT values (1461, 1523, 1524, 4133, 1.69, 234.93, -1.00, 1.70, 235.09, -1.01, 0.01, 277.51, -4.06);
insert into SHOT values (1462, 1523, 1525, 4133, 4.54, 254.93, -4.70, 4.54, 255.01, -4.68, 0.01, 352.07, 16.80);
insert into SHOT values (1463, 1523, 1526, 4133, 2.75, 273.73, -5.60, 2.75, 273.77, -5.43, 0.01, 27.97, 74.54);
insert into SHOT values (1464, 1523, 1527, 4133, 2.33, 283.93, -5.60, 2.33, 283.98, -5.42, 0.01, 20.92, 75.09);
insert into SHOT values (1465, 1523, 1528, 4133, 2.05, 348.13, -16.50, 2.06, 348.01, -16.38, 0.01, 318.91, 14.59);
insert into SHOT values (1466, 1523, 1529, 4133, 4.27, 9.53, -7.90, 4.28, 9.51, -7.79, 0.01, 359.25, 37.82);
insert into SHOT values (1467, 1523, 1530, 4133, 6.88, 26.33, -4.60, 6.88, 26.30, -4.58, 0.00, 336.54, 24.65);
insert into SHOT values (1468, 1523, 1531, 4133, 9.74, 32.23, -5.90, 9.74, 32.18, -5.89, 0.01, 302.35, 8.53);
insert into SHOT values (1469, 1523, 1532, 4133, 5.92, 26.13, -11.20, 5.92, 26.04, -11.20, 0.01, 309.86, -0.79);
insert into SHOT values (1470, 1523, 1533, 4133, 3.93, 305.73, -3.10, 3.94, 305.79, -3.06, 0.01, 333.04, 14.90);
insert into SHOT values (1471, 1523, 1534, 4133, 4.54, 246.33, -3.70, 4.54, 246.44, -3.66, 0.01, 355.79, 18.26);
insert into SHOT values (1472, 1534, 1535, 4133, 1.85, 284.53, 62.80, 1.85, 284.36, 62.84, 0.01, 213.45, 60.84);
insert into SHOT values (1473, 1534, 1536, 4133, 1.51, 274.43, 70.60, 1.51, 273.43, 70.57, 0.01, 179.57, -26.06);
insert into SHOT values (1474, 1534, 1537, 4133, 1.09, 88.23, 67.50, 1.09, 88.60, 67.90, 0.01, 247.30, 21.59);
insert into SHOT values (1475, 1534, 1538, 4133, 1.51, 113.73, 2.40, 1.51, 113.85, 2.28, 0.00, 201.37, -45.95);
insert into SHOT values (1476, 1534, 1539, 4133, 1.62, 92.03, 3.20, 1.61, 92.13, 3.20, 0.01, 246.90, -3.51);
insert into SHOT values (1477, 1534, 1540, 4133, 1.27, 126.83, 3.20, 1.27, 126.96, 3.17, 0.01, 270.84, -10.19);
insert into SHOT values (1478, 1534, 1541, 4133, 1.52, 118.63, -38.50, 1.52, 118.73, -38.70, 0.01, 269.29, -42.40);
insert into SHOT values (1479, 1534, 1542, 4133, 1.74, 86.13, 4.10, 1.74, 86.36, 4.29, 0.01, 192.43, 37.22);
insert into SHOT values (1480, 1534, 1543, 4133, 3.44, 65.43, 0.10, 3.44, 65.45, 0.17, 0.00, 106.93, 68.21);
insert into SHOT values (1481, 1534, 1544, 4133, 9.04, 53.53, -1.00, 9.04, 53.55, -1.01, 0.00, 150.34, -34.64);
insert into SHOT values (1482, 1534, 1545, 4133, 1.64, 50.23, 2.50, 1.64, 50.46, 2.45, 0.01, 175.11, -10.62);
insert into SHOT values (1483, 1534, 1546, 4133, 5.99, 64.13, -0.50, 5.99, 64.16, -0.48, 0.00, 171.26, 31.30);
insert into SHOT values (1484, 1457, 1547, 4133, 1.43, 99.43, -35.20, 1.43, 99.38, -35.45, 0.01, 297.40, -61.64);
insert into SHOT values (1485, 1547, 1548, 4133, 1.43, 95.23, -26.50, 1.44, 95.36, -26.46, 0.01, 121.30, -16.56);
insert into SHOT values (1486, 1547, 1549, 4133, 3.62, 91.33, 86.90, 3.63, 92.86, 86.83, 0.01, 141.87, 37.34);
insert into SHOT values (1487, 1547, 1550, 4133, 5.62, 315.03, 77.50, 5.62, 315.00, 77.51, 0.00, 209.42, 79.07);
insert into SHOT values (1488, 1547, 1551, 4133, 4.10, 293.83, 66.10, 4.10, 293.79, 66.11, 0.00, 205.43, 52.80);
insert into SHOT values (1489, 1547, 1552, 4133, 6.64, 21.23, 48.20, 6.64, 21.34, 48.22, 0.01, 126.09, 0.24);
insert into SHOT values (1490, 1547, 1553, 4133, 2.68, 9.43, 49.70, 2.69, 9.63, 49.77, 0.01, 89.82, 44.99);
insert into SHOT values (1491, 1553, 1554, 4133, 2.67, 21.83, 47.50, 2.66, 21.86, 47.45, 0.01, 188.93, -61.91);
insert into SHOT values (1492, 1553, 1555, 4133, 2.65, 90.03, 87.30, 2.64, 90.00, 87.40, 0.01, 270.73, -55.60);
insert into SHOT values (1493, 1553, 1556, 4133, 2.24, 129.43, 56.90, 2.23, 129.69, 56.85, 0.01, 237.66, -48.34);
insert into SHOT values (1494, 1553, 1557, 4133, 3.32, 125.93, 34.30, 3.32, 125.95, 34.29, 0.00, 231.25, -39.21);
insert into SHOT values (1495, 1553, 1558, 4133, 1.54, 130.53, -1.70, 1.54, 130.52, -1.86, 0.00, 356.40, -86.21);
insert into SHOT values (1496, 1553, 1559, 4133, 1.60, 111.33, -9.50, 1.60, 111.53, -9.70, 0.01, 179.81, -44.42);
insert into SHOT values (1497, 1553, 1560, 4133, 3.36, 40.53, -72.20, 3.36, 40.24, -72.29, 0.01, 264.54, -6.44);
insert into SHOT values (1498, 1553, 1561, 4133, 1.20, 108.43, -65.90, 1.20, 109.18, -66.12, 0.01, 223.65, -33.10);
insert into SHOT values (1499, 1553, 1562, 4133, 1.59, 134.53, -38.90, 1.59, 134.67, -38.94, 0.00, 223.67, -26.26);
insert into SHOT values (1500, 1553, 1563, 4133, 1.72, 136.53, -24.00, 1.72, 136.55, -24.03, 0.00, 286.52, -20.67);
insert into SHOT values (1501, 1553, 1564, 4133, 1.83, 139.53, 1.50, 1.83, 139.87, 1.25, 0.01, 221.54, -35.32);
insert into SHOT values (1502, 1553, 1565, 4133, 2.21, 181.73, -1.20, 2.21, 181.81, -1.30, 0.01, 246.13, -45.28);
insert into SHOT values (1503, 1553, 1566, 4133, 3.11, 199.53, -4.30, 3.12, 199.54, -4.41, 0.01, 205.08, -40.82);
insert into SHOT values (1504, 1553, 1567, 4133, 3.21, 213.13, -5.00, 3.21, 213.14, -5.00, 0.00, 229.58, -4.23);
insert into SHOT values (1505, 1553, 1568, 4133, 4.48, 225.73, 6.10, 4.48, 225.73, 6.02, 0.01, 219.90, -85.28);
insert into SHOT values (1506, 1553, 1569, 4133, 5.69, 123.03, 1.80, 5.69, 123.02, 1.71, 0.01, 95.81, -78.01);
insert into SHOT values (1507, 1569, 1570, 4133, 0.97, 250.53, 8.70, 0.98, 250.63, 8.84, 0.01, 266.40, 28.59);
insert into SHOT values (1508, 1569, 1571, 4133, 1.38, 278.33, 5.70, 1.38, 277.95, 5.82, 0.01, 188.34, 18.10);
insert into SHOT values (1509, 1569, 1572, 4133, 2.20, 302.83, 1.90, 2.20, 302.75, 2.08, 0.01, 229.51, 66.30);
insert into SHOT values (1510, 1569, 1573, 4133, 1.74, 332.43, 3.80, 1.74, 332.10, 3.97, 0.01, 215.39, 22.99);
insert into SHOT values (1511, 1569, 1574, 4133, 1.41, 344.93, 8.30, 1.41, 344.56, 8.59, 0.01, 224.85, 32.32);
insert into SHOT values (1512, 1569, 1575, 4133, 1.40, 7.83, 3.50, 1.40, 7.84, 3.70, 0.01, 184.30, 45.99);
insert into SHOT values (1513, 1569, 1576, 4133, 1.42, 21.63, 7.70, 1.41, 21.42, 7.75, 0.01, 226.86, -1.26);
insert into SHOT values (1514, 1569, 1577, 4133, 0.82, 205.83, 15.90, 0.82, 206.24, 16.20, 0.01, 268.64, 39.84);
insert into SHOT values (1515, 1569, 1578, 4133, 1.41, 220.23, 86.30, 1.41, 220.60, 86.26, 0.00, 246.75, 65.42);
insert into SHOT values (1516, 1569, 1579, 4133, 2.93, 316.03, 66.80, 2.94, 315.70, 66.75, 0.01, 265.40, 38.79);
insert into SHOT values (1517, 1569, 1580, 4133, 3.22, 307.23, 49.90, 3.23, 306.98, 49.93, 0.01, 240.70, 35.34);
insert into SHOT values (1518, 1569, 1581, 4133, 4.69, 310.13, 30.60, 4.69, 310.08, 30.62, 0.00, 242.41, 34.21);
insert into SHOT values (1519, 1569, 1582, 4133, 5.21, 306.33, 16.90, 5.21, 306.27, 16.95, 0.01, 230.98, 47.31);
insert into SHOT values (1520, 1569, 1583, 4133, 6.21, 305.23, 6.20, 6.21, 305.18, 6.19, 0.01, 260.32, -5.47);
insert into SHOT values (1521, 1569, 1584, 4133, 5.79, 306.33, -8.30, 5.79, 306.27, -8.24, 0.01, 225.66, 44.62);
insert into SHOT values (1522, 1569, 1585, 4133, 6.01, 299.93, -0.20, 6.01, 299.85, -0.19, 0.01, 189.77, 6.51);
insert into SHOT values (1523, 1569, 1586, 4133, 2.52, 14.33, 1.10, 2.52, 14.26, 1.14, 0.00, 251.73, 23.62);
insert into SHOT values (1524, 1586, 1587, 4133, 0.58, 276.03, 4.60, 0.59, 275.91, 4.90, 0.01, 261.98, 34.26);
insert into SHOT values (1525, 1586, 1588, 4133, 0.69, 293.43, 47.20, 0.69, 292.71, 47.57, 0.01, 178.52, 30.20);
insert into SHOT values (1526, 1586, 1589, 4133, 0.62, 36.03, 77.50, 0.62, 36.03, 77.43, 0.01, 35.97, 68.79);
insert into SHOT values (1527, 1586, 1590, 4133, 0.55, 118.13, 76.90, 0.55, 118.61, 76.94, 0.00, 177.00, 74.06);
insert into SHOT values (1528, 1586, 1591, 4133, 1.27, 335.83, -77.00, 1.26, 335.22, -76.89, 0.01, 258.04, 67.51);
insert into SHOT values (1529, 1586, 1592, 4133, 3.21, 333.63, -9.10, 3.21, 333.60, -9.14, 0.00, 277.14, -47.79);
insert into SHOT values (1530, 1592, 1593, 4133, 1.15, 119.93, 0.80, 1.16, 120.11, 0.99, 0.01, 151.33, 28.76);
insert into SHOT values (1531, 1592, 1594, 4133, 1.73, 139.73, 6.80, 1.73, 139.72, 6.97, 0.01, 327.70, 81.13);
insert into SHOT values (1532, 1592, 1595, 4133, 0.78, 71.93, -6.60, 0.78, 72.03, -5.87, 0.01, 96.05, 70.53);
insert into SHOT values (1533, 1592, 1596, 4133, 6.06, 63.13, 0.20, 6.06, 63.14, 0.28, 0.01, 78.16, 63.10);
insert into SHOT values (1534, 1592, 1597, 4133, 5.01, 47.83, -3.50, 5.01, 47.92, -3.43, 0.01, 152.00, 35.59);
insert into SHOT values (1535, 1592, 1598, 4133, 0.34, 109.73, 20.60, 0.34, 110.14, 20.58, 0.00, 170.71, 8.17);
insert into SHOT values (1536, 1592, 1599, 4133, 0.75, 343.33, -83.40, 0.74, 345.96, -83.64, 0.01, 118.60, 43.03);
insert into SHOT values (1537, 1592, 1600, 4133, 0.78, 118.63, -68.00, 0.78, 118.30, -67.70, 0.00, 90.05, 42.24);
insert into SHOT values (1538, 1592, 1601, 4133, 0.96, 124.53, -50.80, 0.96, 124.99, -50.49, 0.01, 178.76, 32.95);
insert into SHOT values (1539, 1592, 1602, 4133, 1.23, 129.73, -32.80, 1.23, 129.52, -32.47, 0.01, 80.49, 52.06);
insert into SHOT values (1540, 1592, 1603, 4133, 3.54, 69.93, -5.70, 3.54, 69.92, -5.67, 0.00, 53.12, 41.32);
insert into SHOT values (1541, 1592, 1604, 4133, 4.20, 69.33, 0.00, 4.20, 69.36, 0.00, 0.00, 171.34, 0.00);
insert into SHOT values (1542, 1604, 1605, 4133, 3.06, 150.83, 30.10, 3.06, 150.82, 30.20, 0.01, 345.59, 73.16);
insert into SHOT values (1543, 1604, 1606, 4133, 8.24, 189.13, 50.50, 8.24, 189.10, 50.48, 0.01, 163.62, 18.87);
insert into SHOT values (1544, 1604, 1607, 4133, 2.95, 216.33, 32.40, 2.96, 216.36, 32.50, 0.01, 233.04, 59.14);
insert into SHOT values (1545, 1604, 1608, 4133, 2.72, 230.23, 33.10, 2.72, 230.16, 33.18, 0.01, 150.18, 59.95);
insert into SHOT values (1546, 1604, 1609, 4133, 2.02, 304.63, 42.30, 2.02, 304.65, 42.29, 0.00, 328.90, 23.67);
insert into SHOT values (1547, 1604, 1610, 4133, 1.72, 350.23, 46.90, 1.72, 350.22, 46.95, 0.00, 343.64, 65.28);
insert into SHOT values (1548, 1604, 1611, 4133, 1.83, 37.03, 43.20, 1.83, 37.04, 43.49, 0.01, 213.87, 50.43);
insert into SHOT values (1549, 1604, 1612, 4133, 1.61, 69.23, 33.50, 1.62, 69.15, 33.43, 0.01, 50.62, 12.77);
insert into SHOT values (1550, 1604, 1613, 4133, 2.11, 300.33, -7.60, 2.11, 300.49, -7.36, 0.01, 53.28, 54.18);
insert into SHOT values (1551, 1604, 1614, 4133, 3.23, 254.33, 3.30, 3.23, 254.32, 3.38, 0.01, 77.43, 39.79);
insert into SHOT values (1552, 1604, 1615, 4133, 3.64, 245.23, 7.20, 3.64, 245.28, 7.26, 0.01, 342.39, 48.86);
insert into SHOT values (1553, 1604, 1616, 4133, 2.54, 230.03, 12.50, 2.54, 230.08, 12.52, 0.00, 7.75, 4.53);
insert into SHOT values (1554, 1604, 1617, 4133, 2.58, 219.23, 16.30, 2.59, 219.27, 16.40, 0.01, 245.85, 53.55);
insert into SHOT values (1555, 1604, 1618, 4133, 1.71, 80.03, -10.50, 1.71, 80.09, -10.42, 0.00, 105.93, 21.15);
insert into SHOT values (1556, 1618, 1619, 4133, 1.71, 82.73, -7.90, 1.71, 82.87, -7.74, 0.01, 181.93, 48.86);
insert into SHOT values (1557, 1618, 1620, 4133, 1.98, 156.93, 0.40, 1.98, 157.07, 0.58, 0.01, 285.00, 45.26);
insert into SHOT values (1558, 1618, 1621, 4133, 1.52, 178.93, 7.00, 1.52, 179.24, 7.17, 0.01, 259.03, 29.61);
insert into SHOT values (1559, 1618, 1622, 4133, 1.39, 218.63, 10.40, 1.40, 218.79, 10.32, 0.01, 253.35, -7.70);
insert into SHOT values (1560, 1618, 1623, 4133, 1.33, 247.73, 7.20, 1.33, 247.71, 7.35, 0.00, 84.85, 71.97);
insert into SHOT values (1561, 1618, 1624, 4133, 2.21, 326.23, 10.90, 2.21, 326.09, 10.96, 0.01, 222.87, 21.35);
insert into SHOT values (1562, 1618, 1625, 4133, 1.47, 293.23, -89.20, 1.47, 296.57, -89.13, 0.00, 329.12, -3.69);
insert into SHOT values (1563, 1618, 1626, 4133, 2.88, 123.73, -67.60, 2.88, 123.84, -67.62, 0.00, 257.34, 43.63);
insert into SHOT values (1564, 1618, 1627, 4133, 3.94, 119.43, -48.50, 3.94, 119.42, -48.54, 0.00, 305.24, 10.59);
insert into SHOT values (1565, 1618, 1628, 4133, 4.68, 122.13, -40.90, 4.67, 122.16, -40.91, 0.01, 282.32, 35.76);
insert into SHOT values (1566, 1618, 1629, 4133, 4.75, 119.43, -34.10, 4.74, 119.44, -34.11, 0.01, 293.80, 25.65);
insert into SHOT values (1567, 1629, 1630, 4133, 1.26, 189.83, 21.00, 1.26, 189.78, 20.92, 0.00, 140.34, -51.30);
insert into SHOT values (1568, 1629, 1631, 4133, 1.11, 221.73, 35.60, 1.12, 221.42, 35.63, 0.01, 173.52, 30.73);
insert into SHOT values (1569, 1629, 1632, 4133, 1.58, 251.43, 29.00, 1.58, 251.43, 29.13, 0.00, 333.31, 87.99);
insert into SHOT values (1570, 1629, 1633, 4133, 2.39, 263.83, 20.40, 2.38, 263.83, 20.39, 0.01, 83.32, -23.30);
insert into SHOT values (1571, 1629, 1634, 4133, 2.69, 275.63, 13.80, 2.69, 275.49, 13.77, 0.01, 182.24, -14.94);
insert into SHOT values (1572, 1629, 1635, 4133, 4.07, 280.33, 10.10, 4.07, 280.36, 10.05, 0.00, 51.16, -55.50);
insert into SHOT values (1573, 1629, 1636, 4133, 3.98, 288.33, 10.00, 3.98, 288.30, 9.99, 0.00, 164.55, -23.07);
insert into SHOT values (1574, 1629, 1637, 4133, 4.01, 256.63, 5.80, 4.01, 256.66, 5.87, 0.01, 26.47, 58.21);
insert into SHOT values (1575, 1629, 1638, 4133, 1.28, 22.03, 1.20, 1.27, 22.14, 1.35, 0.01, 179.77, 26.89);
insert into SHOT values (1576, 1629, 1639, 4133, 1.30, 54.53, 4.00, 1.30, 54.72, 3.96, 0.00, 123.52, -8.40);
insert into SHOT values (1577, 1629, 1640, 4133, 1.89, 68.93, 0.50, 1.90, 68.98, 0.60, 0.01, 85.57, 28.46);
insert into SHOT values (1578, 1629, 1641, 4133, 2.38, 79.33, 0.70, 2.38, 79.35, 0.72, 0.00, 117.71, 31.41);
insert into SHOT values (1579, 1629, 1642, 4133, 2.62, 77.43, -2.60, 2.63, 77.45, -2.62, 0.01, 86.75, -11.89);
insert into SHOT values (1580, 1629, 1643, 4133, 1.68, 56.83, 3.00, 1.69, 56.88, 3.06, 0.01, 70.30, 18.89);
insert into SHOT values (1581, 1643, 1644, 4133, 1.67, 62.13, 2.80, 1.67, 62.05, 2.75, 0.00, 272.73, -19.28);
insert into SHOT values (1582, 1643, 1645, 4133, 4.00, 149.03, -38.20, 4.00, 149.19, -38.27, 0.01, 238.14, -35.22);
insert into SHOT values (1583, 1645, 1646, 4133, 1.49, 23.03, 3.40, 1.49, 23.30, 3.45, 0.01, 81.99, 11.21);
insert into SHOT values (1584, 1645, 1647, 4133, 5.40, 53.93, -1.50, 5.41, 53.96, -1.48, 0.01, 76.93, 11.01);
insert into SHOT values (1585, 1645, 1648, 4133, 4.74, 66.43, -5.10, 4.74, 66.42, -5.08, 0.00, 53.73, 22.03);
insert into SHOT values (1586, 1645, 1649, 4133, 4.31, 75.83, -8.90, 4.31, 75.87, -8.81, 0.01, 149.44, 66.76);
insert into SHOT values (1587, 1645, 1650, 4133, 4.09, 87.43, -13.70, 4.09, 87.40, -13.58, 0.01, 12.19, 78.68);
insert into SHOT values (1588, 1645, 1651, 4133, 4.04, 95.73, -20.90, 4.04, 95.77, -20.86, 0.01, 125.32, 12.07);
insert into SHOT values (1589, 1645, 1652, 4133, 3.92, 106.03, -16.50, 3.93, 106.03, -16.42, 0.01, 106.41, 23.03);
insert into SHOT values (1590, 1645, 1653, 4133, 6.50, 51.13, 81.80, 6.51, 51.53, 81.76, 0.01, 102.51, 37.49);
insert into SHOT values (1591, 1645, 1654, 4133, 10.28, 34.83, 82.10, 10.29, 34.93, 82.10, 0.01, 86.80, 68.00);
insert into SHOT values (1592, 1645, 1655, 4133, 6.42, 345.83, 83.00, 6.43, 345.96, 83.00, 0.01, 47.80, 75.03);
insert into SHOT values (1593, 1645, 1656, 4133, 4.97, 352.43, 58.10, 4.97, 352.55, 58.14, 0.01, 119.53, 5.00);
insert into SHOT values (1594, 1645, 1657, 4133, 2.58, 293.43, 19.20, 2.58, 293.51, 19.27, 0.01, 77.44, 14.81);
insert into SHOT values (1595, 1645, 1658, 4133, 3.12, 309.93, 15.40, 3.12, 310.00, 15.45, 0.01, 95.15, 12.35);
insert into SHOT values (1596, 1645, 1659, 4133, 3.40, 49.13, -37.50, 3.40, 49.05, -37.47, 0.00, 3.40, -2.46);
insert into SHOT values (1597, 1659, 1660, 4133, 1.79, 102.43, 4.00, 1.80, 102.56, 4.15, 0.01, 132.59, 31.36);
insert into SHOT values (1598, 1659, 1661, 4133, 2.33, 140.23, 5.40, 2.34, 140.23, 5.40, 0.01, 139.67, 4.46);
insert into SHOT values (1599, 1659, 1662, 4133, 3.65, 162.03, 6.60, 3.65, 162.01, 6.60, 0.00, 131.10, 16.01);
insert into SHOT values (1600, 1659, 1663, 4133, 12.59, 187.03, 0.50, 12.59, 187.02, 0.50, 0.01, 175.24, 1.49);
insert into SHOT values (1601, 1659, 1664, 4133, 3.91, 195.23, 1.80, 3.92, 195.10, 1.90, 0.01, 144.58, 32.61);
insert into SHOT values (1602, 1659, 1665, 4133, 3.11, 212.23, 3.00, 3.11, 212.10, 3.13, 0.01, 113.77, 46.58);
insert into SHOT values (1603, 1659, 1666, 4133, 2.56, 237.83, -1.90, 2.56, 237.61, -1.79, 0.01, 143.15, 27.03);
insert into SHOT values (1604, 1659, 1667, 4133, 2.11, 260.53, -1.60, 2.11, 260.45, -1.36, 0.01, 171.74, 71.75);
insert into SHOT values (1605, 1659, 1668, 4133, 1.93, 258.43, 0.40, 1.93, 258.34, 0.59, 0.01, 165.77, 65.68);
insert into SHOT values (1606, 1659, 1669, 4133, 2.38, 78.03, 86.50, 2.38, 78.69, 86.32, 0.01, 91.01, 29.44);
insert into SHOT values (1607, 1659, 1670, 4133, 3.61, 302.93, 65.60, 3.61, 302.94, 65.64, 0.00, 110.73, 52.71);
insert into SHOT values (1608, 1659, 1671, 4133, 2.93, 301.83, 44.30, 2.93, 301.72, 44.41, 0.01, 164.23, 30.75);
insert into SHOT values (1609, 1659, 1672, 4133, 2.30, 314.33, 39.30, 2.30, 314.32, 39.44, 0.01, 139.04, 33.43);
insert into SHOT values (1610, 1659, 1673, 4133, 1.87, 293.83, 18.90, 1.86, 293.80, 19.12, 0.01, 119.50, 23.95);
insert into SHOT values (1611, 1659, 1674, 4133, 1.88, 294.13, 4.70, 1.88, 293.96, 4.89, 0.01, 180.18, 45.17);
insert into SHOT values (1612, 1659, 1675, 4133, 8.43, 359.23, 43.50, 8.43, 359.25, 43.56, 0.01, 151.42, 55.36);
insert into SHOT values (1613, 1675, 1676, 4133, 1.28, 13.53, -7.50, 1.28, 13.71, -7.65, 0.01, 140.73, -30.54);
insert into SHOT values (1614, 1675, 1677, 4133, 4.02, 26.13, -6.00, 4.02, 26.12, -6.00, 0.00, 312.06, 13.49);
insert into SHOT values (1615, 1675, 1678, 4133, 26.33, 27.13, -10.80, 26.33, 27.12, -10.81, 0.01, 296.38, -59.00);
insert into SHOT values (1616, 1675, 1679, 4133, 25.10, 31.53, -10.50, 25.11, 31.53, -10.51, 0.01, 52.86, -45.92);
insert into SHOT values (1617, 1675, 1680, 4133, 6.92, 36.53, -9.00, 6.92, 36.55, -9.06, 0.01, 140.73, -69.15);
insert into SHOT values (1618, 1675, 1681, 4133, 4.13, 57.53, -5.30, 4.13, 57.51, -5.28, 0.00, 15.59, 33.78);
insert into SHOT values (1619, 1675, 1682, 4133, 3.38, 71.33, -5.90, 3.39, 71.30, -5.93, 0.01, 53.20, -22.88);
insert into SHOT values (1620, 1675, 1683, 4133, 2.89, 89.23, 0.70, 2.89, 89.21, 0.59, 0.01, 24.00, -77.52);
insert into SHOT values (1621, 1675, 1684, 4133, 1.53, 219.53, -80.50, 1.53, 220.10, -80.66, 0.00, 8.58, -11.51);
insert into SHOT values (1622, 1675, 1685, 4133, 2.00, 21.93, -61.70, 2.00, 22.25, -61.62, 0.01, 85.92, 9.15);
insert into SHOT values (1623, 1675, 1686, 4133, 3.33, 32.13, -53.30, 3.33, 32.10, -53.23, 0.00, 19.34, -1.01);
insert into SHOT values (1624, 1675, 1687, 4133, 4.01, 34.63, -45.40, 4.02, 34.59, -45.42, 0.01, 0.37, -56.71);
insert into SHOT values (1625, 1675, 1688, 4133, 6.02, 28.03, -36.30, 6.02, 28.04, -36.36, 0.01, 176.49, -66.29);
insert into SHOT values (1626, 1675, 1689, 4133, 6.31, 28.13, -36.40, 6.32, 28.18, -36.42, 0.01, 80.24, -44.29);
insert into SHOT values (1627, 1689, 1690, 4133, 18.57, 5.43, 0.60, 18.56, 5.41, 0.62, 0.01, 229.08, 32.43);
insert into SHOT values (1628, 1689, 1691, 4133, 23.79, 17.53, -0.80, 23.79, 17.52, -0.79, 0.01, 233.08, 22.11);
insert into SHOT values (1629, 1689, 1692, 4133, 20.40, 32.73, -0.60, 20.39, 32.71, -0.59, 0.01, 267.01, 22.50);
insert into SHOT values (1630, 1689, 1693, 4133, 18.20, 43.43, -1.50, 18.19, 43.42, -1.48, 0.01, 247.55, 39.46);
insert into SHOT values (1631, 1689, 1694, 4133, 1.84, 66.13, -2.10, 1.84, 66.23, -1.87, 0.01, 199.50, 59.44);
insert into SHOT values (1632, 1689, 1695, 4133, 1.95, 108.23, 1.30, 1.95, 108.25, 1.47, 0.01, 263.41, 73.74);
insert into SHOT values (1633, 1689, 1696, 4133, 2.33, 128.83, 1.60, 2.33, 128.89, 1.72, 0.01, 274.00, 48.05);
insert into SHOT values (1634, 1689, 1697, 4133, 3.34, 158.93, 9.00, 3.34, 159.04, 9.13, 0.01, 254.22, 49.96);
insert into SHOT values (1635, 1689, 1698, 4133, 3.94, 140.33, 37.90, 3.94, 140.36, 37.94, 0.01, 302.58, -2.88);
insert into SHOT values (1636, 1689, 1699, 4133, 6.06, 162.63, 78.40, 6.06, 162.76, 78.44, 0.01, 307.70, 38.02);
insert into SHOT values (1637, 1689, 1700, 4133, 15.01, 12.33, -49.10, 15.00, 12.28, -49.09, 0.01, 262.87, 32.61);
insert into SCRAPS values (4134, 4131, 'moonraker-p1', 1);
 insert into SCRAPS values (4196, 4131, 'moonraker-p3', 1);
 insert into SCRAPS values (4301, 4131, 'moonraker-p4', 1);
 insert into SCRAPS values (4314, 4131, 'moonraker-p2', 1);
 insert into MAPS values (4415, 4131, 'm4p', NULL, 1, 129.440, 26.770);
 insert into MAPITEMS values (4415, 4, 4301);
 insert into MAPS values (4416, 4131, 'm1p', NULL, 1, 129.440, 26.770);
 insert into MAPITEMS values (4416, 4, 4134);
 insert into MAPS values (4417, 4131, 'm2p', NULL, 1, 129.440, 26.770);
 insert into MAPITEMS values (4417, 4, 4314);
 insert into MAPS values (4418, 4131, 'm3p', NULL, 1, 129.440, 26.770);
 insert into MAPITEMS values (4418, 4, 4196);
 insert into MAPS values (4419, 4131, 'mmoonraker-p', NULL, 1, 129.440, 26.770);
 insert into MAPITEMS values (4419, 4, 4416);
 insert into MAPITEMS values (4419, 4, 4417);
 insert into MAPITEMS values (4419, 4, 4418);
 insert into SURVEY values (4423, 24, 'moonraker_2', 'moonraker_2.primadona.sistem_prima', 'Moonraker_2');
 insert into CENTRELINE values (4424, 4423, NULL, NULL, NULL, 0.00, 0.00, 0.00);
 insert into CENTRELINE values (4425, 4423, NULL, '2018-07-28', NULL, 48.55, 0.00, 0.00);
 insert into TOPO values (17, 4425);
 insert into TOPO values (25, 4425);
 insert into PERSON values (33, 'Iztok', 'Mozir');
insert into EXPLO values (33, 4425);
 insert into EXPLO values (17, 4425);
 insert into EXPLO values (25, 4425);
 insert into SHOT values (1638, 1701, 1702, 4425, 2.71, 98.73, -2.40, 2.71, 98.70, -2.32, 0.01, 76.83, 42.25);
insert into SHOT values (1639, 1701, 1703, 4425, 1.09, 90.53, 18.40, 1.10, 90.55, 18.60, 0.01, 94.61, 45.76);
insert into SHOT values (1640, 1701, 1704, 4425, 0.64, 68.93, 39.10, 0.65, 69.04, 39.17, 0.01, 77.68, 43.56);
insert into SHOT values (1641, 1701, 1705, 4425, 0.65, 350.73, 72.20, 0.65, 351.47, 71.93, 0.00, 27.35, 14.28);
insert into SHOT values (1642, 1701, 1706, 4425, 0.36, 15.53, 11.40, 0.36, 16.39, 12.72, 0.01, 90.17, 58.00);
insert into SHOT values (1643, 1701, 1707, 4425, 8.82, 187.63, 0.00, 8.82, 187.62, 0.00, 0.00, 22.37, 0.00);
insert into SHOT values (1644, 1707, 1708, 4425, 1.53, 70.73, 0.70, 1.53, 70.97, 0.75, 0.01, 130.20, 9.70);
insert into SHOT values (1645, 1707, 1709, 4425, 1.58, 92.13, -0.70, 1.58, 92.17, -0.72, 0.00, 137.78, -21.20);
insert into SHOT values (1646, 1707, 1710, 4425, 1.25, 218.23, 4.90, 1.25, 218.16, 5.04, 0.00, 157.97, 61.17);
insert into SHOT values (1647, 1707, 1711, 4425, 0.47, 281.63, -5.60, 0.47, 281.07, -4.88, 0.01, 203.30, 51.52);
insert into SHOT values (1648, 1707, 1712, 4425, 1.27, 109.13, 86.10, 1.27, 110.56, 86.15, 0.00, 223.53, 51.52);
insert into SHOT values (1649, 1707, 1713, 4425, 1.50, 103.33, 55.30, 1.51, 103.55, 55.45, 0.01, 196.29, 64.20);
insert into SHOT values (1650, 1707, 1714, 4425, 1.32, 91.93, 29.40, 1.32, 91.99, 29.46, 0.00, 153.58, 53.99);
insert into SHOT values (1651, 1707, 1715, 4425, 1.90, 124.63, 3.70, 1.90, 124.70, 3.92, 0.01, 183.76, 70.73);
insert into SHOT values (1652, 1707, 1716, 4425, 2.95, 195.53, -4.80, 2.95, 195.41, -4.67, 0.01, 71.37, 42.91);
insert into SHOT values (1653, 1716, 1717, 4425, 0.64, 91.63, -5.40, 0.63, 91.82, -5.44, 0.01, 254.64, 1.83);
insert into SHOT values (1654, 1716, 1718, 4425, 0.98, 130.93, 42.40, 0.98, 131.63, 42.41, 0.01, 228.90, -5.19);
insert into SHOT values (1655, 1716, 1719, 4425, 1.57, 107.63, -39.70, 1.57, 107.84, -39.90, 0.01, 196.43, -58.56);
insert into SHOT values (1656, 1716, 1720, 4425, 1.69, 105.53, -51.80, 1.69, 105.64, -52.02, 0.01, 268.26, -15.27);
insert into SHOT values (1657, 1716, 1721, 4425, 8.01, 187.13, -7.40, 8.02, 187.15, -7.38, 0.01, 208.06, 10.20);
insert into SHOT values (1658, 1721, 1722, 4425, 0.61, 102.53, 2.20, 0.61, 102.23, 1.87, 0.01, 65.87, -32.14);
insert into SHOT values (1659, 1721, 1723, 4425, 1.07, 222.73, 62.60, 1.07, 222.51, 62.79, 0.00, 67.33, 0.48);
insert into SHOT values (1660, 1721, 1724, 4425, 1.20, 274.73, 23.30, 1.20, 275.19, 23.05, 0.01, 349.99, -26.60);
insert into SHOT values (1661, 1721, 1725, 4425, 1.58, 283.43, -0.80, 1.58, 283.51, -1.09, 0.01, 313.00, -60.06);
insert into SHOT values (1662, 1721, 1726, 4425, 1.01, 271.73, 38.70, 1.01, 272.17, 38.55, 0.01, 341.17, -12.80);
insert into SHOT values (1663, 1721, 1727, 4425, 4.27, 187.13, 5.70, 4.26, 187.18, 5.65, 0.01, 335.49, -31.64);
insert into SHOT values (1664, 1727, 1728, 4425, 4.12, 187.03, 5.20, 4.12, 187.00, 5.16, 0.00, 42.63, -48.54);
insert into SHOT values (1665, 1727, 1729, 4425, 4.05, 186.83, 6.80, 4.05, 186.72, 6.81, 0.01, 69.82, 3.07);
insert into SHOT values (1666, 1727, 1730, 4425, 0.73, 93.03, -4.40, 0.73, 93.14, -4.69, 0.01, 116.07, -48.56);
insert into SHOT values (1667, 1727, 1731, 4425, 1.21, 83.43, -26.30, 1.21, 83.66, -26.42, 0.01, 150.16, -39.08);
insert into SHOT values (1668, 1727, 1732, 4425, 0.90, 115.93, 86.80, 0.90, 111.80, 86.58, 0.01, 67.79, 15.09);
insert into SHOT values (1669, 1727, 1733, 4425, 1.44, 272.03, 9.50, 1.44, 272.02, 9.59, 0.00, 247.52, 73.49);
insert into SHOT values (1670, 1727, 1734, 4425, 1.60, 280.73, -17.00, 1.60, 280.57, -17.12, 0.01, 145.28, -20.59);
insert into SHOT values (1671, 1727, 1735, 4425, 1.58, 281.03, 17.80, 1.57, 281.16, 17.76, 0.01, 71.31, -23.34);
insert into SHOT values (1672, 1727, 1736, 4425, 3.47, 179.13, 49.60, 3.47, 178.98, 49.56, 0.01, 102.53, -23.20);
insert into SHOT values (1673, 1727, 1737, 4425, 3.41, 178.03, 50.20, 3.41, 177.90, 50.22, 0.01, 73.16, 1.72);
insert into SHOT values (1674, 1738, 1739, 4425, 6.56, 286.73, -50.40, 6.56, 286.66, -50.35, 0.01, 236.81, 35.01);
insert into SHOT values (1675, 1737, 1738, 4425, 6.64, 285.23, -50.30, 6.64, 285.18, -50.33, 0.00, 148.51, -13.98);
insert into SHOT values (1676, 1738, 1740, 4425, 6.65, 277.93, -51.60, 6.65, 277.91, -51.53, 0.01, 271.65, 10.00);
insert into SHOT values (1677, 1737, 1741, 4425, 5.75, 169.13, 7.30, 5.75, 169.18, 7.30, 0.01, 280.15, -6.09);
insert into SHOT values (1678, 1741, 1742, 4425, 0.81, 92.53, 5.80, 0.81, 92.83, 5.63, 0.01, 132.09, -15.60);
insert into SHOT values (1679, 1741, 1743, 4425, 1.17, 85.73, -13.30, 1.17, 85.99, -13.29, 0.01, 136.65, -7.25);
insert into SHOT values (1680, 1741, 1744, 4425, 0.43, 268.23, -13.20, 0.42, 267.21, -13.69, 0.01, 129.90, -9.34);
insert into SHOT values (1681, 1741, 1745, 4425, 1.16, 255.03, -36.10, 1.16, 254.48, -36.05, 0.01, 145.27, 19.92);
insert into SHOT values (1682, 1741, 1746, 4425, 0.72, 69.53, -81.40, 0.72, 73.30, -81.63, 0.01, 186.45, 13.89);
insert into SHOT values (1683, 1741, 1747, 4425, 0.93, 10.23, -77.60, 0.93, 11.89, -77.96, 0.01, 145.20, -12.03);
insert into SHOT values (1684, 1741, 1748, 4425, 7.05, 188.33, -5.60, 7.06, 188.27, -5.61, 0.01, 140.62, -11.67);
insert into SHOT values (1685, 1748, 1749, 4425, 0.82, 119.73, 0.30, 0.81, 119.40, 0.70, 0.01, 342.65, 39.44);
insert into SHOT values (1686, 1748, 1750, 4425, 0.60, 133.03, 65.60, 0.60, 133.36, 65.76, 0.00, 233.91, 67.66);
insert into SHOT values (1687, 1748, 1751, 4425, 3.01, 207.93, 85.20, 3.01, 208.61, 85.22, 0.00, 321.29, 9.72);
insert into SHOT values (1688, 1748, 1752, 4425, 5.08, 292.53, 78.70, 5.08, 292.44, 78.70, 0.00, 201.83, -45.73);
insert into SHOT values (1689, 1748, 1753, 4425, 6.26, 283.13, 45.30, 6.26, 283.12, 45.29, 0.00, 266.51, 12.16);
insert into SHOT values (1690, 1748, 1754, 4425, 1.65, 288.13, 19.60, 1.66, 288.32, 19.76, 0.01, 336.53, 43.18);
insert into SHOT values (1691, 1754, 1755, 4425, 1.64, 289.43, 20.10, 1.64, 289.38, 20.02, 0.00, 133.31, -47.29);
insert into SCRAPS values (4426, 4423, 'moonraker_2-p1', 1);
 insert into MAPS values (4479, 4423, 'mmoonraker_2-p', NULL, 1, 48.550, 5.840);
 insert into MAPITEMS values (4479, 4, 4426);
 insert into SURVEY values (4481, 24, 'the_aqueduct', 'the_aqueduct.primadona.sistem_prima', 'The_Aqueduct');
 insert into CENTRELINE values (4482, 4481, NULL, NULL, NULL, 0.00, 0.00, 0.00);
 insert into CENTRELINE values (4483, 4481, NULL, '2018-08-06', NULL, 183.19, 0.00, 0.00);
 insert into SHOT values (1692, 1756, 1757, 4483, 0.48, 358.63, 86.00, 0.48, 0.00, 86.42, 0.00, 167.03, 18.16);
insert into SHOT values (1693, 1756, 1758, 4483, 0.63, 290.23, 62.40, 0.63, 290.32, 62.79, 0.00, 103.57, 23.03);
insert into SHOT values (1694, 1756, 1759, 4483, 0.48, 103.63, 21.90, 0.49, 104.04, 21.65, 0.01, 125.06, 6.28);
insert into SHOT values (1695, 1756, 1760, 4483, 0.81, 95.93, -3.10, 0.81, 95.64, -2.81, 0.01, 57.02, 30.05);
insert into SHOT values (1696, 1756, 1761, 4483, 1.29, 92.93, -19.80, 1.29, 92.82, -19.39, 0.01, 75.24, 40.65);
insert into SHOT values (1697, 1756, 1762, 4483, 1.58, 10.03, 3.90, 1.58, 10.24, 3.99, 0.01, 112.47, 23.37);
insert into SHOT values (1698, 1756, 1763, 4483, 1.39, 45.33, -4.30, 1.39, 45.58, -4.13, 0.01, 136.26, 34.55);
insert into SHOT values (1699, 1756, 1764, 4483, 1.61, 63.13, -12.90, 1.61, 63.11, -12.92, 0.00, 4.42, -37.82);
insert into SHOT values (1700, 1756, 1765, 4483, 1.08, 137.73, 0.60, 1.08, 137.62, 1.06, 0.01, 103.14, 66.83);
insert into SHOT values (1701, 1756, 1766, 4483, 1.60, 174.13, -1.70, 1.60, 173.90, -1.43, 0.01, 81.97, 48.80);
insert into SHOT values (1702, 1756, 1767, 4483, 2.27, 191.53, 1.80, 2.27, 191.46, 2.02, 0.01, 49.06, 61.58);
insert into SHOT values (1703, 1756, 1768, 4483, 9.78, 202.73, -2.60, 9.78, 202.71, -2.58, 0.01, 78.31, 34.53);
insert into SHOT values (1704, 1756, 1769, 4483, 11.86, 198.93, -2.40, 11.86, 198.91, -2.37, 0.01, 107.22, 55.21);
insert into SHOT values (1705, 1756, 1770, 4483, 2.20, 204.93, -2.40, 2.19, 204.81, -2.35, 0.01, 63.69, 16.22);
insert into SHOT values (1706, 1756, 1771, 4483, 1.10, 212.13, -2.00, 1.10, 211.95, -1.57, 0.01, 78.58, 60.30);
insert into SHOT values (1707, 1756, 1772, 4483, 0.68, 214.73, -0.70, 0.68, 214.16, 0.00, 0.01, 99.19, 47.99);
insert into SHOT values (1708, 1756, 1773, 4483, 7.59, 204.63, -2.50, 7.59, 204.64, -2.49, 0.00, 6.64, 20.74);
insert into SHOT values (1709, 1756, 1774, 4483, 3.12, 190.53, -2.60, 3.12, 190.34, -2.57, 0.01, 120.60, 7.77);
insert into SHOT values (1710, 1756, 1775, 4483, 3.58, 194.73, -2.40, 3.58, 194.58, -2.40, 0.01, 94.28, -0.51);
insert into SHOT values (1711, 1756, 1776, 4483, 6.02, 196.93, -2.10, 6.02, 196.90, -2.09, 0.01, 157.47, 6.52);
insert into SHOT values (1712, 1756, 1777, 4483, 1.75, 65.03, -20.00, 1.75, 65.30, -19.66, 0.01, 114.29, 40.12);
insert into SHOT values (1713, 1777, 1778, 4483, 1.20, 279.43, 5.10, 1.20, 279.62, 4.78, 0.01, 347.65, -57.57);
insert into SHOT values (1714, 1777, 1779, 4483, 1.24, 316.73, 1.90, 1.25, 316.95, 1.84, 0.01, 355.89, -8.31);
insert into SHOT values (1715, 1777, 1780, 4483, 1.56, 334.23, 3.90, 1.56, 334.09, 3.68, 0.01, 244.45, -58.48);
insert into SHOT values (1716, 1777, 1781, 4483, 2.12, 321.23, 4.70, 2.13, 321.13, 4.59, 0.01, 290.73, -26.48);
insert into SHOT values (1717, 1777, 1782, 4483, 0.28, 287.03, 19.40, 0.29, 287.10, 18.31, 0.01, 289.48, -20.74);
insert into SHOT values (1718, 1777, 1783, 4483, 0.80, 296.83, 14.70, 0.80, 296.90, 14.49, 0.00, 34.77, -73.58);
insert into SHOT values (1719, 1777, 1784, 4483, 0.53, 117.13, -84.40, 0.53, 116.57, -85.18, 0.01, 300.74, -19.83);
insert into SHOT values (1720, 1777, 1785, 4483, 0.74, 104.43, -78.70, 0.74, 102.09, -78.90, 0.01, 356.04, -35.24);
insert into SHOT values (1721, 1777, 1786, 4483, 3.80, 358.73, 3.80, 3.80, 358.64, 3.77, 0.01, 263.25, -16.82);
insert into SHOT values (1722, 1786, 1787, 4483, 2.05, 199.53, 1.50, 2.05, 199.41, 1.40, 0.01, 74.93, -34.62);
insert into SHOT values (1723, 1786, 1788, 4483, 3.98, 189.83, -5.20, 3.98, 189.89, -5.20, 0.01, 329.24, 6.50);
insert into SHOT values (1724, 1786, 1789, 4483, 3.86, 193.23, -4.00, 3.85, 193.24, -4.02, 0.01, 9.04, -4.98);
insert into SHOT values (1725, 1786, 1790, 4483, 3.59, 177.03, -6.70, 3.59, 176.94, -6.72, 0.01, 82.56, -12.07);
insert into SHOT values (1726, 1786, 1791, 4483, 2.41, 165.83, -9.80, 2.41, 165.85, -9.81, 0.00, 333.20, 4.04);
insert into SHOT values (1727, 1786, 1792, 4483, 1.75, 154.13, -15.20, 1.75, 154.04, -15.22, 0.00, 97.97, -20.08);
insert into SHOT values (1728, 1786, 1793, 4483, 1.54, 145.23, -19.80, 1.54, 145.11, -19.72, 0.00, 85.98, 24.00);
insert into SHOT values (1729, 1786, 1794, 4483, 0.98, 113.13, -11.50, 0.98, 112.80, -11.83, 0.01, 336.71, -30.32);
insert into SHOT values (1730, 1786, 1795, 4483, 1.15, 97.93, -14.40, 1.15, 97.77, -14.64, 0.01, 318.99, -39.27);
insert into SHOT values (1731, 1786, 1796, 4483, 1.63, 58.53, -14.50, 1.64, 58.42, -14.51, 0.01, 32.97, -14.30);
insert into SHOT values (1732, 1786, 1797, 4483, 2.90, 38.03, -14.20, 2.90, 37.93, -14.16, 0.01, 339.47, 13.24);
insert into SHOT values (1733, 1786, 1798, 4483, 6.56, 17.73, -4.80, 6.56, 17.71, -4.81, 0.00, 346.35, -16.40);
insert into SHOT values (1734, 1798, 1799, 4483, 6.49, 199.53, 3.90, 6.49, 199.50, 3.89, 0.01, 63.10, -15.01);
insert into SHOT values (1735, 1798, 1800, 4483, 5.88, 192.23, -2.70, 5.88, 192.19, -2.73, 0.01, 88.06, -34.74);
insert into SHOT values (1736, 1798, 1801, 4483, 4.76, 184.23, -12.40, 4.76, 184.19, -12.37, 0.01, 140.94, 24.12);
insert into SHOT values (1737, 1798, 1802, 4483, 3.17, 175.63, -22.90, 3.17, 175.68, -22.85, 0.00, 304.41, 49.96);
insert into SHOT values (1738, 1798, 1803, 4483, 1.90, 152.53, -36.20, 1.90, 152.43, -36.13, 0.00, 82.35, 37.50);
insert into SHOT values (1739, 1798, 1804, 4483, 2.76, 100.33, -53.90, 2.76, 100.27, -53.90, 0.00, 6.37, 1.81);
insert into SHOT values (1740, 1798, 1805, 4483, 3.33, 58.43, -49.00, 3.33, 58.50, -49.00, 0.01, 200.23, 38.73);
insert into SHOT values (1741, 1798, 1806, 4483, 0.14, 42.33, -39.10, 0.14, 45.00, -38.50, 0.01, 92.67, -13.99);
insert into SHOT values (1742, 1798, 1807, 4483, 0.14, 43.03, -37.50, 0.14, 45.00, -38.50, 0.01, 105.79, -47.52);
insert into SHOT values (1743, 1798, 1808, 4483, 4.40, 43.13, -37.50, 4.40, 43.14, -37.48, 0.00, 54.38, -18.77);
insert into SHOT values (1744, 1798, 1809, 4483, 0.12, 43.33, -37.70, 0.12, 45.00, -35.26, 0.01, 79.07, 34.43);
insert into SHOT values (1745, 1798, 1810, 4483, 6.30, 44.03, -36.90, 6.30, 44.03, -36.90, 0.00, 218.16, 44.31);
insert into SHOT values (1746, 1810, 1811, 4483, 0.93, 294.93, 6.80, 0.92, 295.17, 6.84, 0.01, 84.34, -0.89);
insert into SHOT values (1747, 1810, 1812, 4483, 1.19, 337.23, -3.20, 1.19, 337.31, -3.36, 0.01, 357.76, -38.78);
insert into SHOT values (1748, 1810, 1813, 4483, 2.07, 357.33, -8.90, 2.08, 357.49, -8.86, 0.01, 36.17, 1.62);
insert into SHOT values (1749, 1810, 1814, 4483, 3.36, 348.93, -3.20, 3.36, 348.99, -3.24, 0.01, 120.06, -27.43);
insert into SHOT values (1750, 1810, 1815, 4483, 1.18, 268.43, 24.40, 1.17, 268.39, 24.15, 0.01, 97.88, -60.38);
insert into SHOT values (1751, 1810, 1816, 4483, 0.51, 280.63, 79.00, 0.51, 282.53, 79.55, 0.01, 70.06, -5.99);
insert into SHOT values (1752, 1810, 1817, 4483, 1.01, 280.93, 61.80, 1.01, 281.07, 62.23, 0.01, 93.36, -0.77);
insert into SHOT values (1753, 1810, 1818, 4483, 2.24, 275.93, 56.40, 2.23, 276.03, 56.38, 0.01, 57.23, -58.49);
insert into SHOT values (1754, 1810, 1819, 4483, 1.58, 279.33, 45.20, 1.57, 279.38, 45.39, 0.01, 93.44, -7.43);
insert into SHOT values (1755, 1810, 1820, 4483, 1.26, 289.63, 31.20, 1.25, 289.62, 31.22, 0.01, 112.23, -26.17);
insert into SHOT values (1756, 1810, 1821, 4483, 1.03, 295.63, 12.10, 1.02, 296.05, 11.84, 0.01, 61.54, -32.95);
insert into SHOT values (1757, 1810, 1822, 4483, 0.86, 308.03, -6.70, 0.86, 308.35, -6.68, 0.00, 36.27, 4.11);
insert into SHOT values (1758, 1810, 1823, 4483, 6.55, 11.33, -12.00, 6.55, 11.35, -12.07, 0.01, 149.44, -74.29);
insert into SHOT values (1759, 1823, 1824, 4483, 0.88, 117.83, -1.10, 0.88, 117.73, -0.65, 0.01, 68.33, 73.18);
insert into SHOT values (1760, 1823, 1825, 4483, 1.32, 152.93, 4.60, 1.32, 152.85, 4.78, 0.00, 37.76, 63.61);
insert into SHOT values (1761, 1823, 1826, 4483, 1.84, 172.43, 4.70, 1.83, 172.45, 5.01, 0.01, 348.87, 49.14);
insert into SHOT values (1762, 1823, 1827, 4483, 2.48, 184.03, 6.30, 2.47, 183.97, 6.50, 0.01, 20.26, 39.56);
insert into SHOT values (1763, 1823, 1828, 4483, 9.17, 197.83, 10.80, 9.17, 197.85, 10.82, 0.01, 340.28, 18.32);
insert into SHOT values (1764, 1823, 1829, 4483, 3.58, 194.53, 11.50, 3.58, 194.55, 11.62, 0.01, 2.13, 46.65);
insert into SHOT values (1765, 1823, 1830, 4483, 2.69, 186.83, 8.50, 2.69, 186.70, 8.56, 0.01, 76.36, 19.82);
insert into SHOT values (1766, 1823, 1831, 4483, 1.47, 51.93, -4.10, 1.48, 51.89, -3.88, 0.01, 43.83, 31.92);
insert into SHOT values (1767, 1823, 1832, 4483, 2.39, 30.93, -3.60, 2.40, 30.96, -3.59, 0.01, 45.01, 0.71);
insert into SHOT values (1768, 1823, 1833, 4483, 2.56, 30.33, -2.30, 2.56, 30.27, -2.24, 0.00, 321.32, 44.26);
insert into SHOT values (1769, 1823, 1834, 4483, 4.54, 26.43, -2.30, 4.55, 26.40, -2.27, 0.01, 5.57, 15.58);
insert into SHOT values (1770, 1823, 1835, 4483, 4.74, 25.23, -3.00, 4.75, 25.21, -2.90, 0.01, 15.43, 43.86);
insert into SHOT values (1771, 1823, 1836, 4483, 4.73, 25.93, 4.40, 4.74, 25.97, 4.48, 0.01, 41.33, 31.40);
insert into SHOT values (1772, 1823, 1837, 4483, 4.56, 26.13, -3.90, 4.57, 26.17, -3.89, 0.01, 48.49, 1.02);
insert into SHOT values (1773, 1837, 1838, 4483, 0.68, 276.73, -3.40, 0.69, 276.71, -3.34, 0.01, 274.24, 3.19);
insert into SHOT values (1774, 1837, 1839, 4483, 0.81, 252.83, 1.50, 0.82, 252.90, 2.11, 0.01, 261.23, 53.82);
insert into SHOT values (1775, 1837, 1840, 4483, 0.90, 289.23, 29.50, 0.90, 289.36, 29.84, 0.01, 348.86, 73.45);
insert into SHOT values (1776, 1837, 1841, 4483, 0.76, 290.93, -29.60, 0.76, 290.35, -29.23, 0.01, 204.68, 38.91);
insert into SHOT values (1777, 1837, 1842, 4483, 0.78, 305.83, -89.90, 0.78, 90.00, -90.00, 0.00, 125.83, -0.05);
insert into SHOT values (1778, 1837, 1843, 4483, 0.85, 273.83, -59.30, 0.85, 273.90, -58.86, 0.01, 278.15, 7.04);
insert into SHOT values (1779, 1837, 1844, 4483, 0.63, 270.53, -31.40, 0.63, 270.00, -30.65, 0.01, 204.63, 56.34);
insert into SHOT values (1780, 1837, 1845, 4483, 0.63, 274.13, -29.70, 0.63, 274.16, -29.34, 0.00, 277.84, 26.86);
insert into SHOT values (1781, 1837, 1846, 4483, 0.97, 194.83, 0.30, 0.97, 194.89, 0.59, 0.01, 216.27, 59.58);
insert into SHOT values (1782, 1837, 1847, 4483, 9.43, 204.83, 4.20, 9.43, 204.82, 4.19, 0.00, 186.30, -7.50);
insert into SHOT values (1783, 1837, 1848, 4483, 5.13, 209.43, 3.80, 5.13, 209.47, 3.80, 0.01, 248.57, 0.17);
insert into SHOT values (1784, 1837, 1849, 4483, 3.18, 215.03, 3.10, 3.18, 215.14, 3.24, 0.01, 270.76, 47.81);
insert into SHOT values (1785, 1837, 1850, 4483, 2.51, 221.63, 2.90, 2.52, 221.61, 2.96, 0.01, 216.30, 20.95);
insert into SHOT values (1786, 1837, 1851, 4483, 1.48, 230.53, 2.30, 1.48, 230.49, 2.33, 0.00, 89.48, 20.74);
insert into SHOT values (1787, 1837, 1852, 4483, 1.06, 246.03, 0.80, 1.06, 246.09, 1.08, 0.01, 290.80, 72.84);
insert into SHOT values (1788, 1837, 1853, 4483, 1.31, 349.33, -15.00, 1.31, 349.05, -14.64, 0.01, 238.72, 53.41);
insert into SHOT values (1789, 1837, 1854, 4483, 1.57, 355.43, -12.50, 1.57, 355.14, -12.49, 0.01, 284.78, -1.33);
insert into SHOT values (1790, 1837, 1855, 4483, 2.51, 5.33, -9.80, 2.51, 5.34, -9.65, 0.01, 175.96, 69.64);
insert into SHOT values (1791, 1837, 1856, 4483, 4.07, 10.63, -9.70, 4.07, 10.64, -9.63, 0.01, 182.54, 62.83);
insert into SHOT values (1792, 1837, 1857, 4483, 6.27, 14.63, -12.80, 6.26, 14.61, -12.73, 0.01, 216.83, 50.96);
insert into SHOT values (1793, 1857, 1858, 4483, 1.18, 140.23, 8.20, 1.17, 139.88, 7.83, 0.01, 20.49, -45.23);
insert into SHOT values (1794, 1857, 1859, 4483, 1.57, 167.83, 6.90, 1.57, 167.75, 6.60, 0.01, 21.96, -65.70);
insert into SHOT values (1795, 1857, 1860, 4483, 2.38, 178.63, 7.50, 2.37, 178.54, 7.51, 0.01, 22.08, -3.86);
insert into SHOT values (1796, 1857, 1861, 4483, 2.91, 183.83, 6.30, 2.90, 183.77, 6.13, 0.01, 28.73, -53.91);
insert into SHOT values (1797, 1857, 1862, 4483, 4.37, 193.23, 8.10, 4.37, 193.23, 8.03, 0.01, 8.66, -74.67);
insert into SHOT values (1798, 1857, 1863, 4483, 7.95, 198.23, 9.60, 7.94, 198.23, 9.57, 0.01, 24.45, -45.61);
insert into SHOT values (1799, 1857, 1864, 4483, 1.56, 202.43, 9.30, 1.56, 202.56, 9.23, 0.00, 319.57, -27.97);
insert into SHOT values (1800, 1857, 1865, 4483, 0.81, 208.13, 11.00, 0.81, 207.86, 10.73, 0.01, 76.33, -42.13);
insert into SHOT values (1801, 1857, 1866, 4483, 0.51, 232.73, 21.00, 0.51, 233.62, 20.87, 0.01, 352.49, -18.25);
insert into SHOT values (1802, 1857, 1867, 4483, 9.97, 18.33, 1.00, 9.98, 18.34, 0.98, 0.01, 33.08, -24.43);
insert into SHOT values (1803, 1857, 1868, 4483, 3.90, 13.63, -0.80, 3.90, 13.64, -0.88, 0.01, 77.02, -79.86);
insert into SHOT values (1804, 1857, 1869, 4483, 1.20, 10.73, -2.40, 1.20, 10.56, -2.86, 0.01, 301.89, -68.58);
insert into SHOT values (1805, 1857, 1870, 4483, 4.09, 15.13, -1.20, 4.09, 15.16, -1.26, 0.01, 44.46, -49.33);
insert into SHOT values (1806, 1857, 1871, 4483, 4.99, 17.43, -1.10, 4.99, 17.49, -1.15, 0.01, 89.65, -37.58);
insert into SHOT values (1807, 1857, 1872, 4483, 4.62, 30.93, -0.80, 4.63, 30.94, -0.87, 0.01, 36.58, -30.73);
insert into SHOT values (1808, 1857, 1873, 4483, 3.21, 36.63, -0.90, 3.22, 36.66, -1.07, 0.01, 48.88, -55.57);
insert into SHOT values (1809, 1857, 1874, 4483, 2.49, 38.03, 5.30, 2.50, 37.98, 5.28, 0.01, 19.39, -0.02);
insert into SHOT values (1810, 1857, 1875, 4483, 2.28, 50.83, -3.60, 2.29, 50.87, -3.76, 0.01, 64.50, -46.64);
insert into SHOT values (1811, 1857, 1876, 4483, 1.54, 65.43, -0.40, 1.54, 65.43, -0.74, 0.01, 241.53, -86.21);
insert into SHOT values (1812, 1857, 1877, 4483, 1.34, 90.53, 1.40, 1.34, 90.43, 1.28, 0.00, 10.70, -48.03);
insert into SHOT values (1813, 1857, 1878, 4483, 1.04, 103.73, 16.70, 1.04, 103.34, 16.22, 0.01, 19.89, -52.23);
insert into SHOT values (1814, 1857, 1879, 4483, 0.96, 102.03, 26.50, 0.95, 101.44, 26.11, 0.01, 358.33, -42.58);
insert into SHOT values (1815, 1857, 1880, 4483, 0.96, 104.83, 37.30, 0.96, 104.40, 37.20, 0.01, 18.08, -16.89);
insert into SHOT values (1816, 1857, 1881, 4483, 0.57, 110.53, 58.30, 0.56, 109.65, 58.23, 0.01, 354.41, -44.38);
insert into SHOT values (1817, 1857, 1882, 4483, 0.64, 100.63, 62.50, 0.63, 99.78, 62.28, 0.01, 354.36, -59.42);
insert into SHOT values (1818, 1857, 1883, 4483, 0.24, 72.23, -66.30, 0.24, 71.57, -66.67, 0.00, 286.72, -7.05);
insert into SHOT values (1819, 1857, 1884, 4483, 0.84, 104.53, -39.20, 0.85, 104.25, -39.72, 0.01, 357.77, -69.88);
insert into SHOT values (1820, 1857, 1885, 4483, 1.20, 111.83, -10.20, 1.20, 111.35, -10.55, 0.01, 21.73, -37.14);
insert into SHOT values (1821, 1857, 1886, 4483, 3.73, 21.43, -8.00, 3.73, 21.43, -8.01, 0.00, 12.56, -26.98);
insert into SHOT values (1822, 1886, 1887, 4483, 0.80, 114.53, 4.80, 0.80, 114.33, 4.28, 0.01, 78.30, -54.97);
insert into SHOT values (1823, 1886, 1888, 4483, 0.95, 149.23, 5.30, 0.94, 149.35, 4.86, 0.01, 305.43, -58.19);
insert into SHOT values (1824, 1886, 1889, 4483, 1.15, 157.13, 8.00, 1.15, 157.26, 8.00, 0.00, 254.64, -1.06);
insert into SHOT values (1825, 1886, 1890, 4483, 2.19, 173.93, 4.80, 2.19, 173.95, 4.72, 0.00, 277.09, -77.47);
insert into SHOT values (1826, 1886, 1891, 4483, 3.29, 184.53, 2.90, 3.28, 184.55, 2.79, 0.01, 355.73, -49.39);
insert into SHOT values (1827, 1886, 1892, 4483, 1.39, 59.43, 5.80, 1.39, 59.18, 5.77, 0.01, 354.12, -3.97);
insert into SHOT values (1828, 1886, 1893, 4483, 1.66, 40.13, 12.90, 1.66, 39.99, 12.88, 0.00, 314.14, -8.28);
insert into SHOT values (1829, 1886, 1894, 4483, 1.84, 40.03, 13.10, 1.84, 39.81, 12.86, 0.01, 340.89, -40.49);
insert into SHOT values (1830, 1886, 1895, 4483, 2.63, 32.83, 12.70, 2.63, 32.76, 12.51, 0.01, 346.29, -62.45);
insert into SHOT values (1831, 1886, 1896, 4483, 1.19, 5.83, 16.10, 1.19, 6.01, 16.06, 0.00, 56.00, -0.05);
insert into SHOT values (1832, 1886, 1897, 4483, 2.25, 10.03, 18.40, 2.26, 9.95, 18.34, 0.01, 346.21, -1.53);
insert into SHOT values (1833, 1886, 1898, 4483, 1.11, 45.53, 87.20, 1.10, 45.00, 87.06, 0.01, 32.91, -74.53);
insert into SHOT values (1834, 1886, 1899, 4483, 1.19, 110.13, 66.00, 1.18, 109.18, 65.73, 0.01, 40.14, -39.57);
insert into SHOT values (1835, 1886, 1900, 4483, 0.94, 117.53, 44.70, 0.94, 117.72, 44.72, 0.00, 245.04, -23.45);
insert into SHOT values (1836, 1886, 1901, 4483, 0.80, 114.23, 17.70, 0.80, 113.89, 17.41, 0.01, 60.89, -29.33);
insert into SHOT values (1837, 1886, 1902, 4483, 0.30, 288.53, 33.30, 0.30, 288.43, 32.31, 0.01, 277.78, -64.16);
insert into SHOT values (1838, 1886, 1903, 4483, 0.62, 283.93, 64.50, 0.62, 285.07, 64.32, 0.01, 350.75, 3.91);
insert into SHOT values (1839, 1886, 1904, 4483, 1.17, 266.23, 77.20, 1.17, 267.80, 77.14, 0.01, 349.15, -7.35);
insert into SHOT values (1840, 1886, 1905, 4483, 1.10, 232.73, 84.00, 1.10, 232.13, 84.03, 0.00, 103.93, -68.72);
insert into SHOT values (1841, 1886, 1906, 4483, 4.28, 30.73, 8.30, 4.28, 30.80, 8.19, 0.01, 94.36, -53.55);
insert into SHOT values (1842, 1886, 1907, 4483, 4.28, 30.73, 8.30, 4.28, 30.80, 8.19, 0.01, 94.36, -53.55);
insert into SHOT values (1843, 1907, 1908, 4483, 1.15, 299.63, 3.50, 1.15, 299.68, 3.48, 0.00, 317.73, -3.51);
insert into SHOT values (1844, 1907, 1909, 4483, 1.42, 331.03, 0.50, 1.43, 331.10, 0.80, 0.01, 343.57, 43.42);
insert into SHOT values (1845, 1907, 1910, 4483, 1.90, 347.53, -0.50, 1.91, 347.28, -0.30, 0.01, 296.51, 31.02);
insert into SHOT values (1846, 1907, 1911, 4483, 1.74, 0.93, 3.70, 1.74, 0.66, 3.94, 0.01, 295.13, 40.35);
insert into SHOT values (1847, 1907, 1912, 4483, 1.56, 243.13, 1.80, 1.57, 243.43, 1.83, 0.01, 297.28, 5.58);
insert into SHOT values (1848, 1907, 1913, 4483, 2.77, 222.33, 3.00, 2.77, 222.51, 3.10, 0.01, 304.55, 29.93);
insert into SHOT values (1849, 1907, 1914, 4483, 5.44, 224.33, 3.20, 5.44, 224.40, 3.27, 0.01, 319.76, 42.76);
insert into SHOT values (1850, 1907, 1915, 4483, 1.37, 294.03, 27.00, 1.38, 294.06, 27.19, 0.01, 299.47, 53.76);
insert into SHOT values (1851, 1907, 1916, 4483, 0.38, 296.93, 23.30, 0.39, 296.57, 22.75, 0.01, 282.29, -1.95);
insert into SHOT values (1852, 1907, 1917, 4483, 1.01, 300.13, -27.90, 1.02, 299.98, -27.56, 0.01, 283.54, 17.58);
insert into SHOT values (1853, 1907, 1918, 4483, 1.01, 299.33, -40.50, 1.01, 299.56, -40.16, 0.01, 353.26, 57.33);
insert into SHOT values (1854, 1907, 1919, 4483, 1.14, 296.13, -3.50, 1.15, 295.89, -3.50, 0.01, 262.21, -2.72);
insert into SHOT values (1855, 1907, 1920, 4483, 5.98, 10.73, 0.90, 5.98, 10.69, 0.96, 0.01, 327.69, 44.03);
insert into SHOT values (1856, 1920, 1921, 4483, 0.91, 109.23, -6.10, 0.91, 109.44, -6.33, 0.01, 245.77, -34.65);
insert into SHOT values (1857, 1920, 1922, 4483, 0.88, 71.43, 3.00, 0.88, 71.36, 2.61, 0.01, 272.92, -63.27);
insert into SHOT values (1858, 1920, 1923, 4483, 1.97, 29.63, 10.70, 1.97, 29.74, 10.54, 0.01, 131.54, -55.77);
insert into SHOT values (1859, 1920, 1924, 4483, 2.80, 16.33, 18.80, 2.79, 16.24, 18.79, 0.01, 235.44, -19.91);
insert into SHOT values (1860, 1920, 1925, 4483, 3.39, 12.53, 23.80, 3.39, 12.47, 23.82, 0.00, 306.09, 28.20);
insert into SHOT values (1861, 1920, 1926, 4483, 0.84, 66.33, 84.00, 0.83, 69.44, 84.12, 0.01, 184.55, -45.71);
insert into SHOT values (1862, 1920, 1927, 4483, 0.72, 95.63, 60.30, 0.71, 96.52, 60.40, 0.01, 225.08, -37.43);
insert into SHOT values (1863, 1920, 1928, 4483, 0.68, 102.83, 37.80, 0.67, 102.99, 37.53, 0.01, 260.15, -59.79);
insert into SHOT values (1864, 1920, 1929, 4483, 0.65, 103.03, 15.50, 0.65, 102.93, 15.20, 0.00, 349.47, -71.29);
insert into SHOT values (1865, 1920, 1930, 4483, 0.98, 104.43, -23.80, 0.98, 104.81, -23.97, 0.01, 165.98, -33.89);
insert into SHOT values (1866, 1920, 1931, 4483, 0.90, 103.03, -55.20, 0.90, 103.50, -55.21, 0.00, 185.66, -12.94);
insert into SHOT values (1867, 1920, 1932, 4483, 0.64, 102.43, -67.30, 0.64, 104.04, -67.25, 0.01, 189.87, 3.50);
insert into SHOT values (1868, 1920, 1933, 4483, 1.16, 164.03, -7.60, 1.16, 164.40, -7.90, 0.01, 234.23, -40.17);
insert into SHOT values (1869, 1920, 1934, 4483, 1.66, 179.13, -7.20, 1.66, 179.31, -7.25, 0.01, 236.58, -18.11);
insert into SHOT values (1870, 1920, 1935, 4483, 3.48, 190.33, -8.60, 3.49, 190.36, -8.58, 0.01, 210.69, 3.83);
insert into SHOT values (1871, 1920, 1936, 4483, 5.35, 194.93, -5.90, 5.35, 194.92, -5.90, 0.00, 30.83, -1.49);
insert into SHOT values (1872, 1920, 1937, 4483, 14.86, 198.63, -2.20, 14.86, 198.65, -2.20, 0.01, 278.15, 4.13);
insert into SHOT values (1873, 1920, 1938, 4483, 2.90, 16.03, 26.30, 2.90, 16.07, 26.20, 0.01, 57.52, -63.86);
insert into SHOT values (1874, 1938, 1939, 4483, 2.90, 19.23, 34.40, 2.90, 19.04, 34.45, 0.01, 274.90, 11.03);
insert into SHOT values (1875, 1938, 1940, 4483, 0.97, 256.33, 0.50, 0.98, 256.39, 0.59, 0.01, 263.99, 11.49);
insert into SHOT values (1876, 1938, 1941, 4483, 1.26, 224.13, -9.50, 1.27, 224.03, -9.52, 0.01, 210.24, -12.36);
insert into SHOT values (1877, 1938, 1942, 4483, 3.09, 201.53, -14.40, 3.10, 201.52, -14.40, 0.01, 194.83, -14.16);
insert into SHOT values (1878, 1938, 1943, 4483, 1.03, 286.93, 16.40, 1.03, 286.42, 16.32, 0.01, 211.40, -5.10);
insert into SHOT values (1879, 1938, 1944, 4483, 1.35, 310.13, 23.80, 1.35, 309.75, 24.00, 0.01, 222.43, 32.10);
insert into SHOT values (1880, 1938, 1945, 4483, 2.10, 329.33, 21.50, 2.10, 329.24, 21.50, 0.00, 260.10, 5.78);
insert into SHOT values (1881, 1938, 1946, 4483, 4.24, 348.63, 15.60, 4.24, 348.55, 15.61, 0.01, 233.59, -2.03);
insert into SHOT values (1882, 1946, 1947, 4483, 0.87, 104.03, -0.70, 0.88, 103.88, -0.65, 0.01, 81.34, 5.89);
insert into SHOT values (1883, 1946, 1948, 4483, 1.26, 54.03, 7.90, 1.26, 54.14, 8.22, 0.01, 181.65, 66.04);
insert into SHOT values (1884, 1946, 1949, 4483, 1.94, 31.73, 9.90, 1.95, 31.78, 10.05, 0.01, 46.97, 44.06);
insert into SHOT values (1885, 1946, 1950, 4483, 2.77, 21.43, 14.30, 2.77, 21.41, 14.41, 0.01, 331.94, 74.53);
insert into SHOT values (1886, 1946, 1951, 4483, 6.30, 16.93, 14.50, 6.31, 16.95, 14.51, 0.01, 36.44, 22.56);
insert into SHOT values (1887, 1946, 1952, 4483, 1.05, 136.33, -0.20, 1.05, 136.15, 0.00, 0.01, 95.64, 36.15);
insert into SHOT values (1888, 1946, 1953, 4483, 1.75, 163.33, -4.00, 1.75, 163.33, -3.94, 0.00, 342.66, 39.75);
insert into SHOT values (1889, 1946, 1954, 4483, 2.70, 173.43, -5.30, 2.70, 173.38, -5.31, 0.00, 71.78, -13.06);
insert into SHOT values (1890, 1946, 1955, 4483, 5.03, 181.73, -10.30, 5.03, 181.74, -10.30, 0.00, 188.29, -10.56);
insert into SHOT values (1891, 1946, 1956, 4483, 4.28, 188.53, -4.60, 4.28, 188.49, -4.56, 0.00, 108.95, 46.78);
insert into SHOT values (1892, 1946, 1957, 4483, 1.46, 196.63, 0.80, 1.46, 196.70, 0.78, 0.00, 240.81, -8.79);
insert into SHOT values (1893, 1946, 1958, 4483, 1.62, 241.83, 70.40, 1.62, 241.56, 70.36, 0.01, 195.06, 47.16);
insert into SHOT values (1894, 1946, 1959, 4483, 0.94, 146.63, 70.00, 0.95, 146.31, 69.97, 0.01, 115.35, 62.34);
insert into SHOT values (1895, 1946, 1960, 4483, 0.60, 123.13, 41.30, 0.61, 123.34, 41.33, 0.01, 145.20, 42.10);
insert into SHOT values (1896, 1946, 1961, 4483, 0.75, 116.03, 8.80, 0.75, 115.53, 9.18, 0.01, 37.31, 38.44);
insert into SHOT values (1897, 1946, 1962, 4483, 0.58, 149.23, -82.70, 0.57, 146.31, -82.79, 0.01, 34.66, 52.67);
insert into SHOT values (1898, 1946, 1963, 4483, 0.75, 110.63, -47.80, 0.75, 110.96, -47.54, 0.01, 210.76, 62.67);
insert into SHOT values (1899, 1946, 1964, 4483, 3.10, 17.53, 24.80, 3.10, 17.60, 24.81, 0.00, 145.76, -4.19);
insert into SHOT values (1900, 1964, 1965, 4483, 0.74, 290.53, 12.40, 0.75, 290.92, 12.40, 0.01, 334.08, 8.59);
insert into SHOT values (1901, 1964, 1966, 4483, 1.43, 297.73, 47.60, 1.43, 297.90, 47.78, 0.01, 69.48, 47.03);
insert into SHOT values (1902, 1964, 1967, 4483, 0.59, 320.83, 69.90, 0.60, 320.91, 69.79, 0.01, 325.37, 60.14);
insert into SHOT values (1903, 1964, 1968, 4483, 0.56, 248.33, 79.40, 0.56, 253.30, 79.25, 0.01, 332.04, -2.79);
insert into SHOT values (1904, 1964, 1969, 4483, 1.20, 227.83, 3.50, 1.20, 228.05, 3.82, 0.01, 331.07, 55.36);
insert into SHOT values (1905, 1964, 1970, 4483, 3.07, 211.63, -0.00, 3.07, 211.67, 0.00, 0.00, 0.93, 0.00);
insert into SHOT values (1906, 1964, 1971, 4483, 1.13, 205.93, -4.50, 1.13, 205.88, -4.58, 0.00, 40.19, -18.30);
insert into SHOT values (1907, 1964, 1972, 4483, 0.45, 200.73, -2.30, 0.45, 200.85, -1.27, 0.01, 302.11, 83.03);
insert into SHOT values (1908, 1964, 1973, 4483, 0.65, 291.13, -10.80, 0.65, 290.97, -10.58, 0.00, 267.70, 22.00);
insert into SHOT values (1909, 1964, 1974, 4483, 0.80, 286.23, -46.00, 0.79, 286.80, -45.83, 0.01, 37.47, 42.95);
insert into SHOT values (1910, 1964, 1975, 4483, 1.01, 299.63, -70.70, 1.01, 300.38, -70.51, 0.01, 1.90, 33.16);
insert into SHOT values (1911, 1964, 1976, 4483, 1.00, 67.43, -79.00, 1.00, 66.04, -78.64, 0.01, 29.33, 11.84);
insert into SHOT values (1912, 1964, 1977, 4483, 1.20, 318.33, -83.20, 1.20, 317.73, -82.88, 0.01, 304.89, 13.00);
insert into SHOT values (1913, 1964, 1978, 4483, 1.11, 293.03, -73.20, 1.11, 293.43, -72.86, 0.01, 313.36, 21.90);
insert into SHOT values (1914, 1964, 1979, 4483, 1.00, 293.93, -60.80, 1.00, 293.96, -60.49, 0.01, 297.28, 32.48);
insert into SHOT values (1915, 1964, 1980, 4483, 3.17, 16.93, 6.60, 3.18, 16.94, 6.68, 0.01, 21.38, 35.04);
insert into SHOT values (1916, 1964, 1981, 4483, 3.50, 2.63, 5.80, 3.50, 2.63, 5.90, 0.01, 5.17, 75.80);
insert into SHOT values (1917, 1964, 1982, 4483, 1.86, 350.23, 8.90, 1.86, 350.28, 8.97, 0.00, 118.24, 47.78);
insert into SHOT values (1918, 1964, 1983, 4483, 1.04, 323.53, 11.90, 1.05, 323.35, 12.15, 0.01, 287.59, 45.89);
insert into SHOT values (1919, 1964, 1984, 4483, 0.79, 295.13, 11.70, 0.79, 295.24, 11.68, 0.00, 13.68, -7.64);
insert into SHOT values (1920, 1964, 1985, 4483, 0.81, 269.73, 9.90, 0.81, 270.00, 9.93, 0.00, 331.05, 9.78);
insert into SHOT values (1921, 1964, 1986, 4483, 4.49, 359.83, 14.20, 4.50, 359.87, 14.16, 0.01, 21.35, -10.47);
insert into SHOT values (1922, 1986, 1987, 4483, 6.37, 11.83, 6.90, 6.37, 11.77, 6.94, 0.01, 274.19, 35.61);
insert into SHOT values (1923, 1986, 1988, 4483, 5.13, 24.63, 4.60, 5.12, 24.66, 4.70, 0.01, 188.19, 46.02);
insert into SHOT values (1924, 1986, 1989, 4483, 3.39, 32.53, 4.90, 3.38, 32.51, 4.92, 0.01, 219.64, 2.51);
insert into SHOT values (1925, 1986, 1990, 4483, 2.04, 42.53, 7.20, 2.03, 42.39, 7.34, 0.01, 259.99, 27.56);
insert into SHOT values (1926, 1986, 1991, 4483, 1.25, 61.03, 12.50, 1.25, 60.90, 13.00, 0.01, 262.11, 50.62);
insert into SHOT values (1927, 1986, 1992, 4483, 0.96, 88.03, 4.20, 0.95, 88.19, 4.21, 0.01, 247.14, -2.38);
insert into SHOT values (1928, 1986, 1993, 4483, 1.03, 124.13, 6.60, 1.03, 124.62, 6.70, 0.01, 229.59, 10.05);
insert into SHOT values (1929, 1986, 1994, 4483, 1.13, 147.03, 0.30, 1.13, 147.30, 0.51, 0.01, 248.07, 37.61);
insert into SHOT values (1930, 1986, 1995, 4483, 2.02, 160.13, -10.80, 2.02, 160.29, -10.55, 0.01, 228.30, 55.49);
insert into SHOT values (1931, 1986, 1996, 4483, 3.37, 173.63, -16.90, 3.37, 173.78, -16.88, 0.01, 234.69, -2.03);
insert into SHOT values (1932, 1986, 1997, 4483, 1.88, 103.03, -53.00, 1.88, 103.30, -53.00, 0.01, 204.97, 14.91);
insert into SHOT values (1933, 1986, 1998, 4483, 0.31, 123.13, -10.80, 0.31, 124.22, -9.39, 0.01, 234.50, 52.78);
insert into SHOT values (1934, 1986, 1999, 4483, 1.40, 110.63, -32.40, 1.40, 110.90, -32.50, 0.01, 240.76, 1.26);
insert into SHOT values (1935, 1986, 2000, 4483, 0.88, 87.73, 77.80, 0.88, 90.00, 78.18, 0.01, 218.33, -0.77);
insert into SHOT values (1936, 1986, 2001, 4483, 1.17, 93.43, 43.40, 1.17, 93.41, 43.91, 0.01, 275.86, 35.34);
insert into SHOT values (1937, 1986, 2002, 4483, 0.98, 89.63, 30.40, 0.98, 90.00, 30.76, 0.01, 223.96, 28.40);
insert into SHOT values (1938, 1986, 2003, 4483, 6.94, 10.93, 32.00, 6.94, 10.87, 32.02, 0.01, 282.42, 20.80);
insert into SHOT values (1939, 2003, 2004, 4483, 4.49, 185.93, -13.80, 4.49, 185.92, -13.78, 0.00, 168.82, 18.65);
insert into SHOT values (1940, 2003, 2005, 4483, 5.19, 196.83, -11.10, 5.19, 196.76, -11.10, 0.01, 138.40, -6.57);
insert into SHOT values (1941, 2003, 2006, 4483, 3.86, 210.53, -12.30, 3.86, 210.44, -12.27, 0.01, 104.27, 20.67);
insert into SHOT values (1942, 2003, 2007, 4483, 2.35, 228.13, -10.60, 2.35, 227.98, -10.52, 0.01, 179.13, 15.37);
insert into SHOT values (1943, 2003, 2008, 4483, 1.20, 257.73, -1.80, 1.20, 257.47, -1.91, 0.01, 158.55, -22.72);
insert into SHOT values (1944, 2003, 2009, 4483, 0.94, 284.33, 0.60, 0.94, 284.18, 0.61, 0.00, 165.32, 3.25);
insert into SHOT values (1945, 2003, 2010, 4483, 0.94, 315.93, -1.30, 0.93, 315.87, -1.23, 0.01, 145.26, 11.79);
insert into SHOT values (1946, 2003, 2011, 4483, 1.06, 335.03, 1.60, 1.06, 334.89, 1.62, 0.00, 258.46, 8.25);
insert into SHOT values (1947, 2003, 2012, 4483, 1.18, 345.13, -1.70, 1.18, 345.26, -1.46, 0.01, 89.73, 62.01);
insert into SHOT values (1948, 2003, 2013, 4483, 4.95, 200.83, 13.90, 4.96, 200.81, 13.89, 0.01, 187.82, 5.45);
insert into SHOT values (1949, 2003, 2014, 4483, 7.72, 219.83, 55.90, 7.72, 219.75, 55.87, 0.01, 159.93, -21.44);
insert into SHOT values (1950, 2003, 2015, 4483, 5.75, 228.13, 55.80, 5.75, 228.01, 55.85, 0.01, 113.11, 30.19);
insert into SHOT values (1951, 2003, 2016, 4483, 4.02, 238.83, 52.60, 4.03, 238.71, 52.61, 0.01, 187.32, 45.46);
insert into SHOT values (1952, 2003, 2017, 4483, 3.38, 242.33, 48.10, 3.38, 242.30, 48.13, 0.00, 205.13, 64.62);
insert into SHOT values (1953, 2003, 2018, 4483, 11.45, 218.13, 59.80, 11.46, 218.02, 59.79, 0.01, 146.36, 19.51);
insert into SHOT values (1954, 2003, 2019, 4483, 13.36, 218.53, 61.10, 13.37, 218.47, 61.09, 0.01, 166.99, 21.96);
insert into SHOT values (1955, 2003, 2020, 4483, 9.24, 165.93, -79.40, 9.24, 165.72, -79.38, 0.01, 100.56, 18.50);
insert into SHOT values (1956, 2003, 2021, 4483, 10.85, 177.33, -68.80, 10.84, 177.37, -68.79, 0.01, 256.84, 64.20);
insert into SHOT values (1957, 2003, 2022, 4483, 9.88, 174.13, -76.30, 9.88, 174.12, -76.29, 0.00, 162.19, -24.35);
insert into SHOT values (1958, 2003, 2023, 4483, 8.89, 177.33, -85.90, 8.89, 177.32, -85.87, 0.01, 175.44, -28.38);
insert into SHOT values (1959, 2003, 2024, 4483, 1.56, 344.23, 39.40, 1.56, 344.12, 39.38, 0.00, 267.66, -4.26);
insert into SHOT values (1960, 2003, 2025, 4483, 1.56, 343.93, 39.40, 1.55, 343.99, 39.61, 0.01, 156.37, -1.13);
insert into SHOT values (1961, 2025, 2026, 4483, 1.57, 344.93, 40.80, 1.57, 344.91, 40.85, 0.00, 336.81, 57.87);
insert into SHOT values (1962, 2025, 2027, 4483, 0.44, 115.53, 6.20, 0.43, 114.78, 6.64, 0.01, 331.09, 14.28);
insert into SHOT values (1963, 2025, 2028, 4483, 0.61, 125.93, 50.40, 0.60, 125.36, 51.03, 0.01, 329.34, -0.08);
insert into SHOT values (1964, 2025, 2029, 4483, 3.52, 199.23, 83.60, 3.52, 199.36, 83.61, 0.00, 302.00, 65.17);
insert into SHOT values (1965, 2025, 2030, 4483, 1.89, 167.13, 77.90, 1.89, 166.68, 78.08, 0.01, 15.81, 17.09);
insert into SHOT values (1966, 2025, 2031, 4483, 1.25, 141.03, 62.70, 1.25, 140.71, 62.88, 0.01, 354.49, -7.62);
insert into SHOT values (1967, 2025, 2032, 4483, 0.50, 265.83, 67.50, 0.50, 266.99, 67.53, 0.00, 12.06, -25.88);
insert into SHOT values (1968, 2025, 2033, 4483, 1.89, 234.43, 82.30, 1.90, 236.31, 82.35, 0.01, 331.19, 40.20);
insert into SHOT values (1969, 2025, 2034, 4483, 5.20, 191.83, -8.60, 5.20, 191.90, -8.63, 0.01, 291.57, -21.08);
insert into SHOT values (1970, 2025, 2035, 4483, 1.06, 184.03, -2.80, 1.05, 184.36, -2.72, 0.01, 317.67, 12.15);
insert into SHOT values (1971, 2025, 2036, 4483, 0.92, 204.43, 19.60, 0.92, 204.50, 19.65, 0.00, 239.26, 37.79);
insert into SHOT values (1972, 2025, 2037, 4483, 7.80, 22.73, 50.60, 7.80, 22.68, 50.60, 0.01, 319.91, 29.29);
insert into SHOT values (1973, 2037, 2038, 4483, 0.46, 286.93, 0.40, 0.46, 286.46, 0.00, 0.01, 179.27, -39.04);
insert into SHOT values (1974, 2037, 2039, 4483, 13.95, 199.53, -51.50, 13.95, 199.52, -51.52, 0.01, 36.71, -25.54);
insert into SHOT values (1975, 2037, 2040, 4483, 5.63, 205.83, -49.60, 5.63, 205.86, -49.65, 0.01, 358.86, -30.45);
insert into SHOT values (1976, 2037, 2041, 4483, 3.23, 217.03, -32.70, 3.23, 217.08, -32.76, 0.01, 267.39, -58.84);
insert into SHOT values (1977, 2037, 2042, 4483, 1.55, 220.93, -30.60, 1.55, 220.74, -30.65, 0.00, 116.77, -12.19);
insert into SHOT values (1978, 2037, 2043, 4483, 1.11, 233.43, -28.10, 1.10, 233.37, -28.15, 0.01, 62.25, 21.31);
insert into SHOT values (1979, 2037, 2044, 4483, 0.52, 256.53, -21.30, 0.52, 256.83, -21.49, 0.00, 22.11, -19.88);
insert into SHOT values (1980, 2037, 2045, 4483, 1.04, 176.33, -41.10, 1.04, 176.33, -41.02, 0.00, 355.98, 60.16);
insert into SHOT values (1981, 2037, 2046, 4483, 1.50, 185.83, -44.90, 1.50, 185.92, -44.85, 0.00, 214.45, -18.22);
insert into SHOT values (1982, 2037, 2047, 4483, 2.84, 187.53, -49.90, 2.84, 187.55, -49.92, 0.00, 356.16, 33.89);
insert into SHOT values (1983, 2037, 2048, 4483, 0.87, 339.03, -7.50, 0.87, 339.06, -7.23, 0.01, 343.79, 36.81);
insert into SHOT values (1984, 2037, 2049, 4483, 2.36, 350.23, -10.50, 2.36, 350.33, -10.49, 0.00, 49.62, 0.89);
insert into SHOT values (1985, 2037, 2050, 4483, 3.00, 1.13, -2.60, 3.00, 1.15, -2.67, 0.01, 12.76, -46.09);
insert into SHOT values (1986, 2037, 2051, 4483, 4.32, 6.53, 9.40, 4.32, 6.61, 9.47, 0.01, 129.70, 33.17);
insert into SHOT values (1987, 2037, 2052, 4483, 5.30, 11.33, 9.20, 5.30, 11.35, 9.23, 0.00, 85.56, 52.05);
insert into SHOT values (1988, 2037, 2053, 4483, 2.98, 15.63, 11.30, 2.98, 15.70, 11.24, 0.01, 147.79, -38.60);
insert into SHOT values (1989, 2037, 2054, 4483, 1.84, 328.73, -43.90, 1.84, 328.59, -44.03, 0.01, 209.58, -48.12);
insert into SHOT values (1990, 2037, 2055, 4483, 4.14, 15.63, -40.10, 4.14, 15.57, -40.14, 0.00, 276.04, -45.32);
insert into SHOT values (1991, 2037, 2056, 4483, 4.66, 13.23, -47.80, 4.66, 13.28, -47.75, 0.01, 50.97, 25.20);
insert into SHOT values (1992, 2037, 2057, 4483, 6.23, 11.23, -55.90, 6.23, 11.21, -55.88, 0.00, 355.99, -16.04);
insert into SHOT values (1993, 2037, 2058, 4483, 7.71, 6.53, -62.10, 7.70, 6.53, -62.12, 0.01, 184.81, 41.45);
insert into SHOT values (1994, 2037, 2059, 4483, 7.98, 8.13, -67.50, 7.98, 8.10, -67.52, 0.00, 211.89, 34.91);
insert into SHOT values (1995, 2037, 2060, 4483, 0.66, 182.33, -76.60, 0.66, 180.00, -76.81, 0.01, 65.56, 16.56);
insert into SHOT values (1996, 2037, 2061, 4483, 0.75, 194.63, -62.30, 0.75, 194.83, -61.95, 0.01, 215.91, 50.78);
insert into SHOT values (1997, 2037, 2062, 4483, 5.64, 13.73, 9.40, 5.64, 13.71, 9.38, 0.00, 350.68, -13.50);
insert into SHOT values (1998, 2062, 2063, 4483, 0.57, 110.83, 0.70, 0.58, 111.25, 0.99, 0.01, 135.05, 16.38);
insert into SHOT values (1999, 2062, 2064, 4483, 1.90, 134.83, 74.20, 1.90, 135.00, 74.04, 0.01, 149.41, 16.26);
insert into SHOT values (2000, 2062, 2065, 4483, 0.93, 108.93, -70.80, 0.93, 109.03, -70.78, 0.00, 137.94, -58.95);
insert into SHOT values (2001, 2062, 2066, 4483, 2.73, 205.63, -12.30, 2.73, 205.51, -12.25, 0.01, 143.31, 13.79);
insert into SHOT values (2002, 2062, 2067, 4483, 3.38, 188.83, -7.60, 3.39, 188.73, -7.63, 0.01, 155.16, -16.00);
insert into SHOT values (2003, 2062, 2068, 4483, 3.28, 30.93, 2.90, 3.28, 31.02, 2.97, 0.01, 89.35, 33.15);
insert into SHOT values (2004, 2068, 2069, 4483, 3.28, 40.23, 9.40, 3.28, 40.24, 9.30, 0.01, 182.67, -85.28);
insert into SHOT values (2005, 2068, 2070, 4483, 0.59, 283.33, 8.30, 0.59, 282.85, 7.79, 0.01, 202.49, -45.97);
insert into SHOT values (2006, 2068, 2071, 4483, 1.18, 276.13, 64.50, 1.18, 275.60, 64.20, 0.01, 229.02, -37.87);
insert into SHOT values (2007, 2068, 2072, 4483, 0.65, 271.43, -52.40, 0.66, 271.43, -52.42, 0.01, 271.52, -54.84);
insert into SHOT values (2008, 2068, 2073, 4483, 0.47, 263.53, -62.80, 0.48, 262.23, -62.14, 0.01, 228.41, -12.74);
insert into SHOT values (2009, 2068, 2074, 4483, 1.41, 343.63, 32.20, 1.41, 343.39, 32.23, 0.01, 218.19, -12.58);
insert into SHOT values (2010, 2068, 2075, 4483, 1.70, 19.13, 34.90, 1.69, 18.96, 35.00, 0.01, 223.76, -14.77);
insert into SHOT values (2011, 2068, 2076, 4483, 3.97, 4.13, 25.20, 3.97, 4.15, 25.21, 0.00, 156.78, -6.37);
insert into SHOT values (2012, 2076, 2077, 4483, 3.95, 6.53, 25.80, 3.95, 6.46, 25.83, 0.01, 234.81, 8.63);
insert into SHOT values (2013, 2076, 2078, 4483, 0.46, 115.63, -0.90, 0.46, 116.00, -1.26, 0.01, 257.49, -30.05);
insert into SHOT values (2014, 2076, 2079, 4483, 0.86, 82.73, -79.50, 0.86, 82.41, -79.91, 0.01, 271.79, -38.84);
insert into SHOT values (2015, 2076, 2080, 4483, 0.47, 110.23, 81.60, 0.46, 116.57, 81.70, 0.01, 215.26, -32.90);
insert into SHOT values (2016, 2076, 2081, 4483, 4.10, 24.33, -7.60, 4.10, 24.29, -7.72, 0.01, 235.64, -55.42);
insert into SHOT values (2017, 2081, 2082, 4483, 0.78, 288.53, -2.50, 0.78, 288.67, -2.20, 0.00, 333.84, 57.12);
insert into SHOT values (2018, 2081, 2083, 4483, 0.90, 314.83, -86.80, 0.89, 315.00, -86.36, 0.01, 316.34, 53.63);
insert into SHOT values (2019, 2081, 2084, 4483, 1.64, 278.03, 75.50, 1.64, 278.33, 75.39, 0.00, 307.69, 27.48);
insert into SHOT values (2020, 2081, 2085, 4483, 0.78, 350.43, 13.90, 0.78, 350.17, 14.02, 0.01, 309.21, 26.15);
insert into SHOT values (2021, 2081, 2086, 4483, 1.38, 229.63, 4.90, 1.38, 229.71, 4.98, 0.00, 283.08, 40.40);
insert into SHOT values (2022, 2081, 2087, 4483, 0.72, 181.53, -4.50, 0.72, 181.59, -3.97, 0.01, 198.30, 68.11);
insert into SHOT values (2023, 2081, 2088, 4483, 5.43, 202.63, 8.70, 5.43, 202.69, 8.79, 0.01, 312.67, 54.24);
insert into SHOT values (2024, 2081, 2089, 4483, 3.02, 13.03, -2.90, 3.02, 13.02, -2.85, 0.00, 356.80, 61.05);
insert into SHOT values (2025, 2089, 2090, 4483, 3.01, 12.93, -1.40, 3.01, 12.88, -1.33, 0.01, 230.51, 38.93);
insert into SHOT values (2026, 2089, 2091, 4483, 0.49, 122.83, 1.80, 0.49, 123.37, 2.33, 0.01, 198.89, 44.29);
insert into SHOT values (2027, 2089, 2092, 4483, 0.89, 119.83, 70.60, 0.89, 119.98, 70.34, 0.00, 129.67, 6.58);
insert into SHOT values (2028, 2089, 2093, 4483, 0.97, 83.73, 79.20, 0.97, 83.66, 79.21, 0.00, 282.83, -76.24);
insert into SHOT values (2029, 2089, 2094, 4483, 1.57, 105.23, -70.00, 1.57, 105.07, -69.88, 0.01, 60.47, 67.77);
insert into SHOT values (2030, 2089, 2095, 4483, 1.91, 191.13, 0.40, 1.91, 191.19, 0.60, 0.01, 342.49, 57.68);
insert into SHOT values (2031, 2089, 2096, 4483, 1.57, 197.13, 3.50, 1.57, 197.05, 3.65, 0.01, 146.92, 54.79);
insert into SHOT values (2032, 2089, 2097, 4483, 0.80, 199.33, 5.90, 0.80, 199.12, 5.75, 0.00, 75.30, -32.28);
insert into SHOT values (2033, 2089, 2098, 4483, 1.07, 176.83, 60.30, 1.07, 176.76, 60.28, 0.00, 133.91, 30.30);
insert into SHOT values (2034, 2089, 2099, 4483, 6.53, 26.43, -29.50, 6.53, 26.43, -29.45, 0.01, 14.36, 82.85);
insert into SHOT values (2035, 2089, 2100, 4483, 6.53, 26.33, -29.50, 6.52, 26.34, -29.47, 0.01, 194.15, 55.11);
insert into SHOT values (2036, 2100, 2101, 4483, 2.64, 286.83, 52.50, 2.64, 286.97, 52.39, 0.01, 339.73, -41.94);
insert into SHOT values (2037, 2100, 2102, 4483, 3.38, 9.63, 53.20, 3.38, 9.65, 53.08, 0.01, 18.09, -58.04);
insert into SHOT values (2038, 2100, 2103, 4483, 4.99, 343.23, 75.50, 4.99, 343.30, 75.46, 0.00, 7.06, -15.70);
insert into SHOT values (2039, 2100, 2104, 4483, 3.78, 274.63, 82.60, 3.78, 274.76, 82.68, 0.01, 82.52, 15.62);
insert into SHOT values (2040, 2100, 2105, 4483, 3.85, 223.83, 77.40, 3.84, 224.03, 77.45, 0.01, 15.54, -50.15);
insert into SHOT values (2041, 2100, 2106, 4483, 0.21, 56.23, 41.70, 0.21, 55.30, 41.52, 0.00, 353.17, 6.00);
insert into SHOT values (2042, 2100, 2107, 4483, 0.82, 286.63, 38.40, 0.82, 287.04, 38.18, 0.01, 324.98, 5.08);
insert into SHOT values (2043, 2100, 2108, 4483, 3.13, 16.23, 3.90, 3.13, 16.17, 3.85, 0.00, 301.01, -40.91);
insert into SHOT values (2044, 2100, 2109, 4483, 3.04, 16.23, 4.00, 3.04, 16.28, 3.96, 0.00, 126.26, -35.32);
insert into SHOT values (2045, 2109, 2110, 4483, 0.45, 284.43, -1.70, 0.46, 285.26, -1.26, 0.01, 330.94, 20.33);
insert into SHOT values (2046, 2109, 2111, 4483, 0.60, 240.53, -66.70, 0.60, 242.35, -66.68, 0.01, 333.43, 8.05);
insert into SHOT values (2047, 2109, 2112, 4483, 0.37, 119.53, -4.60, 0.37, 119.36, -4.67, 0.00, 333.37, -9.28);
insert into SHOT values (2048, 2109, 2113, 4483, 1.35, 164.73, 4.40, 1.34, 164.82, 4.28, 0.01, 332.28, -20.38);
insert into SHOT values (2049, 2109, 2114, 4483, 1.49, 179.33, 7.40, 1.48, 179.22, 7.36, 0.01, 20.19, -13.43);
insert into SHOT values (2050, 2109, 2115, 4483, 2.70, 14.93, -21.40, 2.70, 14.98, -21.48, 0.01, 65.74, -62.63);
insert into SHOT values (2051, 2109, 2116, 4483, 2.61, 15.03, -21.50, 2.62, 15.01, -21.53, 0.01, 2.51, -36.12);
insert into SHOT values (2052, 2116, 2117, 4483, 0.47, 115.53, 15.20, 0.47, 116.00, 15.91, 0.01, 170.79, 55.96);
insert into SHOT values (2053, 2116, 2118, 4483, 2.58, 340.03, 83.30, 2.58, 340.35, 83.38, 0.00, 136.17, -30.51);
insert into SHOT values (2054, 2116, 2119, 4483, 0.70, 53.63, 66.10, 0.70, 53.53, 65.92, 0.00, 41.86, 0.52);
insert into SHOT values (2055, 2116, 2120, 4483, 0.88, 108.03, -32.60, 0.87, 108.19, -32.53, 0.01, 263.97, 39.61);
insert into SHOT values (2056, 2116, 2121, 4483, 0.63, 125.73, -65.80, 0.63, 125.54, -65.64, 0.00, 23.86, 79.12);
insert into SHOT values (2057, 2116, 2122, 4483, 4.05, 31.13, -15.20, 4.05, 31.09, -15.16, 0.00, 352.44, 22.17);
insert into SHOT values (2058, 2122, 2123, 4483, 1.11, 292.93, 8.30, 1.11, 292.58, 8.32, 0.01, 168.82, -1.66);
insert into SHOT values (2059, 2122, 2124, 4483, 2.52, 333.73, 2.90, 2.52, 333.54, 2.96, 0.01, 221.74, 15.24);
insert into SHOT values (2060, 2122, 2125, 4483, 5.46, 348.33, 0.40, 5.45, 348.26, 0.42, 0.01, 219.17, 11.73);
insert into SHOT values (2061, 2122, 2126, 4483, 7.12, 358.73, -0.10, 7.11, 358.71, -0.08, 0.01, 195.92, 15.81);
insert into SHOT values (2062, 2122, 2127, 4483, 12.48, 10.63, -1.60, 12.48, 10.63, -1.61, 0.00, 236.60, -40.36);
insert into SHOT values (2063, 2122, 2128, 4483, 12.19, 14.53, -3.90, 12.19, 14.53, -3.91, 0.00, 208.67, -16.04);
insert into SHOT values (2064, 2122, 2129, 4483, 5.54, 21.73, -6.50, 5.54, 21.76, -6.53, 0.00, 148.22, -37.22);
insert into SHOT values (2065, 2122, 2130, 4483, 2.44, 201.43, 6.30, 2.44, 201.49, 6.34, 0.01, 237.74, 26.31);
insert into SHOT values (2066, 2122, 2131, 4483, 3.35, 211.23, 8.50, 3.36, 211.20, 8.56, 0.01, 197.02, 33.68);
insert into SHOT values (2067, 2122, 2132, 4483, 1.61, 226.53, 15.40, 1.61, 226.56, 15.45, 0.00, 238.34, 30.87);
insert into SHOT values (2068, 2122, 2133, 4483, 1.28, 244.43, 25.10, 1.28, 244.54, 24.91, 0.01, 273.55, -34.09);
insert into SHOT values (2069, 2122, 2134, 4483, 7.61, 4.13, -1.80, 7.60, 4.15, -1.81, 0.01, 162.59, -8.08);
insert into SHOT values (2070, 2134, 2135, 4483, 3.86, 88.03, -75.10, 3.86, 87.69, -75.12, 0.01, 341.75, 1.95);
insert into SHOT values (2071, 2134, 2136, 4483, 2.96, 103.13, -58.20, 2.96, 102.97, -58.14, 0.01, 12.88, 51.81);
insert into SHOT values (2072, 2134, 2137, 4483, 1.34, 104.03, 4.70, 1.33, 103.93, 4.73, 0.01, 303.88, 1.70);
insert into SHOT values (2073, 2134, 2138, 4483, 1.61, 66.93, 4.30, 1.60, 66.80, 4.29, 0.01, 277.41, -5.72);
insert into SHOT values (2074, 2134, 2139, 4483, 2.21, 44.23, 4.30, 2.21, 44.08, 4.42, 0.01, 277.27, 30.42);
insert into SHOT values (2075, 2134, 2140, 4483, 3.78, 32.83, 0.40, 3.78, 32.81, 0.45, 0.01, 9.70, 42.72);
insert into SHOT values (2076, 2134, 2141, 4483, 4.91, 21.83, 0.30, 4.91, 21.76, 0.35, 0.01, 290.46, 34.37);
insert into SHOT values (2077, 2134, 2142, 4483, 3.86, 22.23, 3.10, 3.86, 22.11, 3.12, 0.01, 284.65, 8.35);
insert into SHOT values (2078, 2134, 2143, 4483, 7.89, 188.13, -2.40, 7.89, 188.17, -2.40, 0.01, 307.41, 3.62);
insert into SHOT values (2079, 2134, 2144, 4483, 6.50, 181.03, -2.00, 6.50, 181.06, -2.03, 0.01, 328.28, -28.27);
insert into SHOT values (2080, 2134, 2145, 4483, 4.23, 165.83, -2.70, 4.22, 165.86, -2.71, 0.01, 327.79, -5.28);
insert into SHOT values (2081, 2134, 2146, 4483, 3.22, 152.73, -5.20, 3.22, 152.72, -5.17, 0.00, 64.46, 64.74);
insert into SHOT values (2082, 2134, 2147, 4483, 2.20, 165.63, -2.80, 2.20, 165.77, -2.87, 0.01, 255.58, -24.81);
insert into SHOT values (2083, 2134, 2148, 4483, 10.73, 190.83, 3.60, 10.73, 190.87, 3.58, 0.01, 255.63, -25.43);
insert into SHOT values (2084, 2134, 2149, 4483, 16.39, 334.83, 86.00, 16.39, 334.77, 85.98, 0.01, 324.27, -0.66);
insert into SHOT values (2085, 2149, 2150, 4483, 2.38, 186.43, -5.40, 2.39, 186.53, -5.29, 0.01, 220.02, 29.10);
insert into SHOT values (2086, 2149, 2151, 4483, 1.87, 151.93, 2.20, 1.87, 151.93, 2.14, 0.00, 146.84, -52.22);
insert into SHOT values (2087, 2149, 2152, 4483, 1.68, 124.83, 4.80, 1.68, 125.02, 4.78, 0.01, 227.56, -5.85);
insert into SHOT values (2088, 2149, 2153, 4483, 2.83, 93.93, 4.10, 2.83, 94.06, 4.05, 0.01, 149.03, -17.21);
insert into SHOT values (2089, 2149, 2154, 4483, 5.76, 26.23, 2.20, 5.76, 26.21, 2.19, 0.01, 233.15, -12.51);
insert into SHOT values (2090, 2149, 2155, 4483, 4.91, 37.23, 3.50, 4.91, 37.29, 3.50, 0.01, 113.01, 2.75);
insert into SHOT values (2091, 2149, 2156, 4483, 3.44, 8.03, 3.10, 3.44, 8.04, 3.17, 0.00, 176.03, 72.14);
insert into SHOT values (2092, 2149, 2157, 4483, 3.94, 8.93, 4.60, 3.94, 8.93, 4.66, 0.00, 42.88, 84.01);
insert into SHOT values (2093, 2157, 2158, 4483, 3.95, 7.23, 10.20, 3.94, 7.25, 10.22, 0.01, 174.40, 4.41);
insert into SHOT values (2094, 2157, 2159, 4483, 2.45, 102.73, 3.40, 2.45, 102.73, 3.27, 0.01, 102.97, -49.31);
insert into SHOT values (2095, 2157, 2160, 4483, 4.30, 116.33, 2.10, 4.30, 116.39, 2.00, 0.01, 197.64, -61.16);
insert into SHOT values (2096, 2157, 2161, 4483, 4.09, 132.23, 3.80, 4.09, 132.32, 3.78, 0.01, 193.80, -8.31);
insert into SHOT values (2097, 2157, 2162, 4483, 4.59, 151.73, 6.50, 4.59, 151.75, 6.50, 0.00, 178.06, 6.64);
insert into SHOT values (2098, 2157, 2163, 4483, 4.82, 168.63, 0.60, 4.82, 168.64, 0.59, 0.00, 180.91, -5.60);
insert into SHOT values (2099, 2157, 2164, 4483, 3.04, 194.23, 5.10, 3.04, 194.13, 5.09, 0.01, 138.52, -2.06);
insert into SHOT values (2100, 2157, 2165, 4483, 2.49, 211.63, 10.90, 2.50, 211.48, 10.86, 0.01, 164.12, -5.70);
insert into SHOT values (2101, 2157, 2166, 4483, 2.62, 242.33, 12.70, 2.62, 242.23, 12.58, 0.01, 130.94, -51.32);
insert into SHOT values (2102, 2157, 2167, 4483, 1.88, 290.83, -0.70, 1.88, 290.84, -0.91, 0.01, 296.23, -64.39);
insert into SHOT values (2103, 2157, 2168, 4483, 2.12, 312.93, 5.10, 2.12, 312.69, 5.15, 0.01, 205.52, 9.58);
insert into SHOT values (2104, 2157, 2169, 4483, 2.75, 334.63, 5.20, 2.74, 334.65, 5.23, 0.01, 143.74, 7.61);
insert into SHOT values (2105, 2157, 2170, 4483, 6.03, 359.43, 8.00, 6.03, 359.42, 8.01, 0.00, 215.49, 32.05);
insert into SHOT values (2106, 2157, 2171, 4483, 11.20, 10.63, 6.90, 11.19, 10.63, 6.88, 0.01, 189.19, -34.24);
insert into SHOT values (2107, 2157, 2172, 4483, 24.20, 17.03, 4.50, 24.19, 17.05, 4.50, 0.01, 152.61, 8.82);
insert into SHOT values (2108, 2157, 2173, 4483, 23.09, 19.73, 3.60, 23.09, 19.73, 3.60, 0.00, 180.47, 6.73);
insert into SHOT values (2109, 2157, 2174, 4483, 7.97, 23.23, 3.40, 7.97, 23.25, 3.38, 0.00, 116.40, -52.77);
insert into SHOT values (2110, 2157, 2175, 4483, 4.02, 29.63, 2.80, 4.02, 29.69, 2.71, 0.01, 91.35, -52.91);
insert into SHOT values (2111, 2157, 2176, 4483, 3.29, 35.13, 2.80, 3.28, 35.19, 2.79, 0.01, 187.45, -5.43);
insert into SHOT values (2112, 2157, 2177, 4483, 2.33, 54.63, 2.90, 2.33, 54.81, 2.95, 0.01, 160.62, 16.02);
insert into SHOT values (2113, 2157, 2178, 4483, 2.34, 92.53, 6.80, 2.34, 92.71, 6.63, 0.01, 189.78, -43.33);
insert into SHOT values (2114, 2157, 2179, 4483, 3.99, 306.13, 57.70, 3.98, 306.01, 57.75, 0.01, 164.35, -19.27);
insert into SHOT values (2115, 2157, 2180, 4483, 3.15, 324.03, 83.30, 3.15, 322.82, 83.37, 0.01, 209.11, 10.07);
insert into SHOT values (2116, 2157, 2181, 4483, 13.99, 77.33, 73.00, 13.99, 77.43, 73.01, 0.01, 185.67, 10.36);
insert into SHOT values (2117, 2157, 2182, 4483, 6.63, 99.23, 60.40, 6.63, 99.32, 60.39, 0.01, 207.50, -42.18);
insert into SHOT values (2118, 2157, 2183, 4483, 5.14, 110.83, 42.00, 5.14, 110.85, 42.00, 0.00, 182.57, 22.33);
insert into SHOT values (2119, 2157, 2184, 4483, 4.36, 117.63, 23.60, 4.36, 117.72, 23.51, 0.01, 177.36, -38.07);
insert into SHOT values (2120, 2157, 2185, 4483, 4.05, 124.13, 1.80, 4.05, 124.12, 1.70, 0.01, 329.95, -78.27);
insert into SHOT values (2121, 2157, 2186, 4483, 4.15, 120.63, -21.20, 4.15, 120.61, -21.19, 0.00, 28.37, 25.45);
insert into SHOT values (2122, 2157, 2187, 4483, 3.49, 347.83, -11.20, 3.48, 347.83, -11.26, 0.01, 165.98, -17.30);
insert into SHOT values (2123, 2187, 2188, 4483, 4.19, 50.43, -2.70, 4.19, 50.33, -2.74, 0.01, 301.79, -19.43);
insert into SHOT values (2124, 2187, 2189, 4483, 17.67, 30.33, 1.50, 17.67, 30.32, 1.49, 0.00, 356.01, -33.11);
insert into SHOT values (2125, 2187, 2190, 4483, 2.74, 102.93, 8.90, 2.74, 102.80, 8.82, 0.01, 15.86, -33.03);
insert into SHOT values (2126, 2187, 2191, 4483, 3.77, 133.33, 10.70, 3.77, 133.36, 10.71, 0.01, 293.98, 0.42);
insert into SHOT values (2127, 2187, 2192, 4483, 7.11, 145.23, 5.60, 7.10, 145.25, 5.57, 0.01, 297.37, -32.91);
insert into SHOT values (2128, 2187, 2193, 4483, 12.88, 62.63, 74.30, 12.88, 62.48, 74.31, 0.01, 326.06, 3.25);
insert into SHOT values (2129, 2187, 2194, 4483, 14.01, 123.03, 65.70, 14.01, 123.03, 65.72, 0.00, 307.29, 15.80);
insert into SHOT values (2130, 2187, 2195, 4483, 4.28, 51.73, -28.10, 4.28, 51.67, -28.16, 0.01, 291.32, -42.05);
insert into SHOT values (2131, 2195, 2196, 4483, 2.21, 291.63, 6.80, 2.21, 291.66, 7.01, 0.01, 355.13, 82.76);
insert into SHOT values (2132, 2195, 2197, 4483, 3.07, 316.53, 4.70, 3.07, 316.59, 4.68, 0.01, 96.48, -17.36);
insert into SHOT values (2133, 2195, 2198, 4483, 5.54, 350.33, -1.10, 5.54, 350.33, -1.03, 0.01, 137.04, 86.32);
insert into SHOT values (2134, 2195, 2199, 4483, 9.59, 2.93, -0.90, 9.59, 2.93, -0.90, 0.00, 354.58, 9.59);
insert into SHOT values (2135, 2195, 2200, 4483, 10.32, 182.83, 15.20, 10.32, 182.82, 15.22, 0.01, 148.89, 48.51);
insert into SHOT values (2136, 2195, 2201, 4483, 4.08, 227.33, 17.90, 4.08, 227.30, 18.00, 0.01, 73.56, 50.41);
insert into SHOT values (2137, 2195, 2202, 4483, 3.13, 241.73, 12.40, 3.13, 241.67, 12.55, 0.01, 132.42, 67.61);
insert into SHOT values (2138, 2195, 2203, 4483, 2.33, 261.63, 12.90, 2.32, 261.62, 12.93, 0.01, 85.46, -1.41);
insert into SHOT values (2139, 2195, 2204, 4483, 2.17, 277.93, 10.80, 2.17, 278.09, 10.89, 0.01, 11.29, 29.45);
insert into SHOT values (2140, 2195, 2205, 4483, 3.09, 25.93, -5.50, 3.10, 25.98, -5.38, 0.01, 51.99, 44.24);
insert into SHOT values (2141, 2205, 2206, 4483, 10.09, 5.03, -1.50, 10.09, 5.00, -1.53, 0.01, 296.85, -48.82);
insert into SHOT values (2142, 2205, 2207, 4483, 7.36, 1.63, -1.30, 7.35, 1.64, -1.32, 0.01, 174.04, -30.39);
insert into SHOT values (2143, 2205, 2208, 4483, 6.24, 353.33, 1.20, 6.23, 353.27, 1.19, 0.01, 220.66, -4.60);
insert into SHOT values (2144, 2205, 2209, 4483, 3.41, 326.03, -3.50, 3.41, 326.03, -3.53, 0.00, 147.83, -29.02);
insert into SHOT values (2145, 2205, 2210, 4483, 2.71, 310.13, -15.40, 2.71, 310.03, -15.41, 0.00, 211.12, -4.21);
insert into SHOT values (2146, 2205, 2211, 4483, 9.66, 350.43, -63.60, 9.66, 350.34, -63.64, 0.01, 227.98, -42.54);
insert into SHOT values (2147, 2205, 2212, 4483, 10.14, 358.33, -54.50, 10.14, 358.34, -54.54, 0.01, 165.83, -38.99);
insert into SHOT values (2148, 2205, 2213, 4483, 11.99, 0.83, -45.40, 11.99, 0.82, -45.40, 0.00, 314.06, -43.31);
insert into SHOT values (2149, 2205, 2214, 4483, 8.80, 359.53, -45.40, 8.80, 359.54, -45.41, 0.00, 23.51, -71.77);
insert into SHOT values (2150, 2205, 2215, 4483, 6.49, 339.13, -52.00, 6.49, 339.02, -52.04, 0.01, 242.04, -37.70);
insert into SHOT values (2151, 2205, 2216, 4483, 12.16, 302.33, 83.40, 12.16, 302.44, 83.40, 0.00, 20.82, 12.26);
insert into SHOT values (2152, 2205, 2217, 4483, 1.50, 34.03, 87.20, 1.50, 33.69, 87.25, 0.00, 234.27, 55.27);
insert into SHOT values (2153, 2205, 2218, 4483, 15.41, 307.63, 83.90, 15.41, 307.57, 83.89, 0.00, 272.93, -41.08);
insert into SHOT values (2154, 2205, 2219, 4483, 5.19, 199.43, 7.80, 5.19, 199.42, 7.75, 0.00, 145.71, -75.99);
insert into SHOT values (2155, 2205, 2220, 4483, 3.65, 236.63, 9.00, 3.65, 236.53, 8.98, 0.01, 173.90, -7.83);
insert into SHOT values (2156, 2205, 2221, 4483, 3.14, 265.43, 11.10, 3.14, 265.34, 11.02, 0.01, 162.16, -43.31);
insert into SHOT values (2157, 2205, 2222, 4483, 5.41, 249.43, -87.40, 5.42, 248.63, -87.39, 0.01, 183.50, -55.79);
insert into SHOT values (2158, 2222, 2223, 4483, 2.16, 92.23, 14.70, 2.16, 92.19, 14.73, 0.00, 59.56, 35.38);
insert into SHOT values (2159, 2222, 2224, 4483, 2.34, 73.73, 21.10, 2.34, 73.73, 21.33, 0.01, 254.47, 52.15);
insert into SHOT values (2160, 2222, 2225, 4483, 2.79, 58.83, 22.10, 2.79, 58.77, 22.11, 0.00, 318.46, 6.80);
insert into SHOT values (2161, 2222, 2226, 4483, 3.72, 47.03, 10.20, 3.72, 46.99, 10.21, 0.00, 12.46, 15.04);
insert into SHOT values (2162, 2222, 2227, 4483, 2.74, 63.73, -4.20, 2.74, 63.72, -4.19, 0.00, 323.15, 42.73);
insert into SHOT values (2163, 2227, 2228, 4483, 0.48, 29.63, -3.10, 0.48, 29.74, -2.37, 0.01, 41.83, 52.70);
insert into SHOT values (2164, 2227, 2229, 4483, 9.51, 13.93, -4.40, 9.51, 13.92, -4.40, 0.00, 223.04, -5.48);
insert into SHOT values (2165, 2227, 2230, 4483, 2.13, 19.03, -4.90, 2.13, 18.95, -4.84, 0.00, 331.89, 24.32);
insert into SHOT values (2166, 2227, 2231, 4483, 3.58, 16.33, -4.80, 3.58, 16.30, -4.81, 0.00, 221.78, -5.27);
insert into SHOT values (2167, 2227, 2232, 4483, 3.56, 358.33, -4.40, 3.56, 358.23, -4.35, 0.01, 286.75, 24.24);
insert into SHOT values (2168, 2227, 2233, 4483, 1.87, 341.53, -3.50, 1.87, 341.57, -3.37, 0.00, 106.48, 72.13);
insert into SHOT values (2169, 2227, 2234, 4483, 1.44, 337.53, -1.00, 1.44, 337.53, -0.80, 0.01, 152.33, 83.92);
insert into SHOT values (2170, 2227, 2235, 4483, 7.08, 6.03, -35.80, 7.08, 6.00, -35.79, 0.00, 260.75, 23.82);
insert into SHOT values (2171, 2235, 2236, 4483, 0.44, 108.53, 7.80, 0.44, 108.85, 7.88, 0.00, 246.42, 4.49);
insert into SHOT values (2172, 2235, 2237, 4483, 1.37, 112.33, 66.30, 1.38, 112.38, 66.36, 0.01, 140.60, 79.84);
insert into SHOT values (2173, 2235, 2238, 4483, 6.85, 82.63, 83.00, 6.85, 82.45, 82.98, 0.00, 35.47, 16.39);
insert into SHOT values (2174, 2235, 2239, 4483, 2.03, 41.83, 86.40, 2.03, 41.99, 86.21, 0.01, 44.80, 29.50);
insert into SHOT values (2175, 2235, 2240, 4483, 0.49, 355.93, 8.00, 0.50, 356.50, 8.12, 0.01, 36.47, 13.62);
insert into SHOT values (2176, 2235, 2241, 4483, 0.19, 259.23, 6.80, 0.18, 260.54, 6.25, 0.01, 45.49, -18.44);
insert into SHOT values (2177, 2235, 2242, 4483, 1.17, 201.53, 1.70, 1.17, 201.53, 1.96, 0.01, 200.36, 66.81);
insert into SHOT values (2178, 2235, 2243, 4483, 4.31, 191.03, 1.70, 4.31, 190.97, 1.73, 0.01, 109.07, 25.01);
insert into SHOT values (2179, 2235, 2244, 4483, 2.30, 198.33, 1.30, 2.30, 198.28, 1.25, 0.00, 49.51, -27.48);
insert into SHOT values (2180, 2235, 2245, 4483, 3.06, 196.53, 2.20, 3.06, 196.54, 2.25, 0.00, 1.97, 61.91);
insert into SHOT values (2181, 2235, 2246, 4483, 0.66, 144.93, 15.40, 0.66, 144.57, 15.75, 0.01, 79.83, 46.59);
insert into SHOT values (2182, 2235, 2247, 4483, 5.61, 23.23, -2.90, 5.61, 23.23, -2.86, 0.00, 0.22, 69.12);
insert into SHOT values (2183, 2247, 2248, 4483, 2.91, 207.93, 11.70, 2.91, 207.82, 11.70, 0.01, 116.80, -1.19);
insert into SHOT values (2184, 2247, 2249, 4483, 3.71, 219.03, 9.40, 3.70, 219.00, 9.32, 0.01, 56.96, -45.00);
insert into SHOT values (2185, 2247, 2250, 4483, 4.50, 228.33, 11.60, 4.50, 228.31, 11.55, 0.01, 78.15, -59.04);
insert into SHOT values (2186, 2247, 2251, 4483, 3.28, 238.53, 14.40, 3.28, 238.51, 14.30, 0.01, 191.01, -74.76);
insert into SHOT values (2187, 2247, 2252, 4483, 1.77, 259.23, 20.20, 1.77, 259.23, 20.19, 0.00, 78.73, -31.58);
insert into SHOT values (2188, 2247, 2253, 4483, 1.86, 294.53, 19.40, 1.85, 294.66, 19.22, 0.01, 75.21, -51.41);
insert into SHOT values (2189, 2247, 2254, 4483, 2.44, 324.73, 7.70, 2.43, 324.79, 7.56, 0.01, 124.08, -42.86);
insert into SHOT values (2190, 2247, 2255, 4483, 2.00, 305.23, 2.00, 2.00, 305.20, 2.01, 0.00, 138.89, 2.84);
insert into SHOT values (2191, 2247, 2256, 4483, 7.38, 341.83, 1.90, 7.38, 341.84, 1.86, 0.01, 358.08, -68.93);
insert into SHOT values (2192, 2247, 2257, 4483, 8.24, 356.93, 4.40, 8.24, 356.93, 4.39, 0.00, 182.65, -28.80);
insert into SHOT values (2193, 2247, 2258, 4483, 4.24, 338.73, -57.30, 4.24, 338.71, -57.37, 0.01, 168.88, -23.03);
insert into SHOT values (2194, 2247, 2259, 4483, 5.78, 264.13, -80.40, 5.78, 264.05, -80.39, 0.00, 218.11, -27.27);
insert into SHOT values (2195, 2247, 2260, 4483, 7.51, 297.63, -85.10, 7.52, 297.76, -85.08, 0.01, 326.04, -68.01);
insert into SHOT values (2196, 2247, 2261, 4483, 2.31, 228.33, -57.40, 2.31, 228.25, -57.41, 0.00, 186.87, -56.48);
insert into SHOT values (2197, 2247, 2262, 4483, 2.34, 216.63, -37.70, 2.34, 216.44, -37.67, 0.01, 131.89, 8.76);
insert into SHOT values (2198, 2247, 2263, 4483, 3.43, 210.23, -14.40, 3.43, 210.19, -14.52, 0.01, 81.31, -68.52);
insert into SHOT values (2199, 2247, 2264, 4483, 2.98, 285.23, 77.70, 2.98, 285.57, 77.72, 0.00, 38.17, -21.29);
insert into SHOT values (2200, 2247, 2265, 4483, 4.93, 218.93, 64.20, 4.93, 218.95, 64.19, 0.00, 242.62, 37.13);
insert into SHOT values (2201, 2247, 2266, 4483, 2.82, 340.03, 33.70, 2.81, 340.02, 33.68, 0.01, 166.51, -41.85);
insert into SHOT values (2202, 2247, 2267, 4483, 6.50, 354.63, -2.40, 6.50, 354.61, -2.47, 0.01, 330.60, -58.36);
insert into SCRAPS values (4484, 4481, 'The_Aqueduct-1p', 1);
 insert into SCRAPS values (4605, 4481, 'the_aqueduct-p4', 1);
 insert into SCRAPS values (4695, 4481, 'the_aqueduct-p2', 1);
 insert into SCRAPS values (4733, 4481, 'the_aqueduct-p3', 1);
 insert into MAPS values (4824, 4481, 'm1p', NULL, 1, 183.190, 29.720);
 insert into MAPITEMS values (4824, 4, 4484);
 insert into MAPS values (4825, 4481, 'm2p', NULL, 1, 183.190, 29.720);
 insert into MAPITEMS values (4825, 4, 4695);
 insert into MAPS values (4826, 4481, 'm3p', NULL, 1, 183.190, 29.720);
 insert into MAPITEMS values (4826, 4, 4733);
 insert into MAPS values (4827, 4481, 'm4p', NULL, 1, 183.190, 29.720);
 insert into MAPITEMS values (4827, 4, 4605);
 insert into MAPS values (4828, 4481, 'mthe_aqueduct-p', NULL, 1, 183.190, 29.720);
 insert into MAPITEMS values (4828, 4, 4824);
 insert into MAPITEMS values (4828, 4, 4825);
 insert into MAPITEMS values (4828, 4, 4826);
 insert into MAPITEMS values (4828, 4, 4827);
 insert into SURVEY values (4833, 24, 'klic_globin', 'klic_globin.primadona.sistem_prima', 'Klic Globin');
 insert into CENTRELINE values (4834, 4833, NULL, NULL, NULL, 0.00, 0.00, 0.00);
 insert into CENTRELINE values (4835, 4833, NULL, '2018-07-27', NULL, 100.98, 0.00, 0.00);
 insert into EXPLO values (32, 4835);
 insert into EXPLO values (17, 4835);
 insert into EXPLO values (29, 4835);
 insert into SHOT values (2203, 2268, 2269, 4835, 6.42, 104.33, -0.30, 6.42, 104.34, -0.36, 0.01, 190.06, -78.62);
insert into SHOT values (2204, 2268, 2270, 4835, 8.13, 68.53, 0.20, 8.14, 68.51, 0.21, 0.01, 46.83, 15.36);
insert into SHOT values (2205, 2268, 2271, 4835, 11.38, 31.53, 1.30, 11.38, 31.53, 1.31, 0.00, 18.52, 36.36);
insert into SHOT values (2206, 2268, 2272, 4835, 12.18, 353.13, -0.80, 12.18, 353.16, -0.80, 0.01, 100.28, 0.46);
insert into SHOT values (2207, 2268, 2273, 4835, 8.66, 325.63, -0.20, 8.66, 325.69, -0.20, 0.01, 76.52, 1.40);
insert into SHOT values (2208, 2268, 2274, 4835, 6.88, 141.23, 2.80, 6.89, 141.20, 2.75, 0.01, 110.16, -40.39);
insert into SHOT values (2209, 2268, 2275, 4835, 6.30, 176.33, 23.40, 6.30, 176.33, 23.38, 0.00, 266.92, -81.22);
insert into SHOT values (2210, 2268, 2276, 4835, 4.43, 212.43, 16.60, 4.42, 212.38, 16.55, 0.01, 62.62, -37.31);
insert into SHOT values (2211, 2268, 2277, 4835, 3.38, 221.23, 14.30, 3.37, 221.15, 14.25, 0.01, 68.88, -27.82);
insert into SHOT values (2212, 2268, 2278, 4835, 4.48, 240.23, 10.90, 4.47, 240.22, 10.83, 0.01, 62.56, -36.69);
insert into SHOT values (2213, 2268, 2279, 4835, 4.73, 245.53, 7.90, 4.73, 245.52, 7.91, 0.00, 79.09, -1.51);
insert into SHOT values (2214, 2268, 2280, 4835, 8.55, 268.83, 0.60, 8.54, 268.86, 0.60, 0.01, 57.70, 2.91);
insert into SHOT values (2215, 2268, 2281, 4835, 12.15, 286.53, -2.10, 12.15, 286.51, -2.12, 0.01, 177.79, -49.18);
insert into SHOT values (2216, 2268, 2282, 4835, 6.46, 105.43, 27.90, 6.46, 105.42, 27.85, 0.01, 100.59, -22.85);
insert into SHOT values (2217, 2268, 2283, 4835, 39.97, 73.63, 82.10, 39.97, 73.64, 82.09, 0.01, 80.81, -4.11);
insert into SHOT values (2218, 2268, 2284, 4835, 14.67, 210.03, 53.70, 14.67, 209.99, 53.70, 0.01, 97.73, -25.85);
insert into SHOT values (2219, 2268, 2285, 4835, 11.06, 144.63, 63.00, 11.06, 144.57, 63.00, 0.01, 37.97, -39.86);
insert into SHOT values (2220, 2268, 2286, 4835, 27.23, 82.63, 73.30, 27.23, 82.66, 73.30, 0.00, 182.04, -20.47);
insert into SHOT values (2221, 2268, 2287, 4835, 16.79, 39.63, 50.40, 16.78, 39.65, 50.38, 0.01, 126.33, -53.92);
insert into SHOT values (2222, 2268, 2288, 4835, 18.46, 20.53, 45.80, 18.46, 20.56, 45.79, 0.01, 109.20, -29.04);
insert into SHOT values (2223, 2268, 2289, 4835, 8.14, 267.13, 3.40, 8.13, 267.11, 3.38, 0.01, 117.47, -24.09);
insert into SHOT values (2224, 2268, 2290, 4835, 9.91, 277.23, -1.70, 9.90, 277.25, -1.74, 0.01, 61.76, -37.39);
insert into SHOT values (2225, 2268, 2291, 4835, 11.04, 286.03, -0.60, 11.04, 286.04, -0.62, 0.00, 7.72, -65.59);
insert into SHOT values (2226, 2268, 2292, 4835, 11.94, 293.83, 1.00, 11.94, 293.82, 1.01, 0.00, 168.08, 28.61);
insert into SHOT values (2227, 2268, 2293, 4835, 12.10, 300.63, -1.20, 12.10, 300.61, -1.23, 0.01, 185.49, -64.67);
insert into SHOT values (2228, 2268, 2294, 4835, 11.73, 307.83, -1.70, 11.73, 307.83, -1.71, 0.00, 127.85, -59.25);
insert into SHOT values (2229, 2268, 2295, 4835, 8.14, 310.13, -1.80, 8.14, 310.11, -1.83, 0.01, 166.86, -49.40);
insert into SHOT values (2230, 2268, 2296, 4835, 8.85, 324.23, -2.20, 8.85, 324.24, -2.20, 0.00, 355.00, -3.14);
insert into SHOT values (2231, 2268, 2297, 4835, 9.58, 340.03, 0.00, 9.58, 340.03, 0.00, 0.00, 150.47, 0.00);
insert into SHOT values (2232, 2268, 2298, 4835, 10.38, 351.43, -0.20, 10.38, 351.46, -0.22, 0.01, 119.01, -24.64);
insert into SHOT values (2233, 2268, 2299, 4835, 13.56, 4.93, 0.50, 13.56, 4.95, 0.51, 0.01, 83.06, 17.58);
insert into SHOT values (2234, 2268, 2300, 4835, 14.42, 7.43, 1.60, 14.42, 7.46, 1.59, 0.01, 117.58, -19.60);
insert into SHOT values (2235, 2268, 2301, 4835, 10.96, 298.93, -1.30, 10.96, 298.93, -1.31, 0.00, 146.26, -86.35);
insert into SHOT values (2236, 2301, 2302, 4835, 10.95, 295.23, 2.50, 10.94, 295.23, 2.51, 0.01, 113.30, 19.44);
insert into SHOT values (2237, 2301, 2303, 4835, 2.31, 248.33, -0.60, 2.30, 248.34, -0.75, 0.01, 65.35, -38.69);
insert into SHOT values (2238, 2301, 2304, 4835, 1.81, 252.03, 44.40, 1.81, 251.99, 44.48, 0.00, 174.39, 74.77);
insert into SHOT values (2239, 2301, 2305, 4835, 1.77, 7.73, 89.80, 1.77, 45.00, 89.54, 0.01, 67.08, 0.06);
insert into SHOT values (2240, 2301, 2306, 4835, 1.62, 67.73, 28.10, 1.62, 67.90, 27.90, 0.01, 102.06, -21.44);
insert into SHOT values (2241, 2301, 2307, 4835, 2.97, 70.33, -7.70, 2.98, 70.40, -7.72, 0.01, 95.33, -13.48);
insert into SHOT values (2242, 2301, 2308, 4835, 2.82, 203.23, 10.70, 2.82, 203.14, 10.62, 0.01, 142.03, -37.82);
insert into SHOT values (2243, 2301, 2309, 4835, 3.01, 173.63, 18.40, 3.01, 173.57, 18.39, 0.00, 116.92, -1.76);
insert into SHOT values (2244, 2301, 2310, 4835, 7.02, 166.33, 1.80, 7.02, 166.32, 1.80, 0.00, 146.21, -10.38);
insert into SHOT values (2245, 2301, 2311, 4835, 4.23, 182.53, -2.50, 4.23, 182.44, -2.58, 0.01, 73.75, -39.54);
insert into SHOT values (2246, 2301, 2312, 4835, 8.90, 135.43, -5.00, 8.91, 135.41, -5.02, 0.01, 117.84, -26.40);
insert into SHOT values (2247, 2301, 2313, 4835, 17.43, 110.13, -3.80, 17.43, 110.11, -3.82, 0.01, 5.76, -45.41);
insert into SHOT values (2248, 2301, 2314, 4835, 2.14, 133.03, 21.10, 2.14, 132.97, 21.10, 0.00, 12.07, -9.36);
insert into SHOT values (2249, 2301, 2315, 4835, 5.53, 325.43, 23.30, 5.53, 325.43, 23.34, 0.00, 135.90, 41.77);
insert into SHOT values (2250, 2315, 2316, 4835, 1.75, 189.73, -1.20, 1.74, 189.57, -1.31, 0.01, 51.62, -25.01);
insert into SHOT values (2251, 2315, 2317, 4835, 1.59, 230.83, 39.90, 1.59, 230.68, 40.01, 0.01, 85.09, 0.96);
insert into SHOT values (2252, 2315, 2318, 4835, 3.57, 295.23, 37.00, 3.57, 295.31, 36.86, 0.01, 350.39, -60.16);
insert into SHOT values (2253, 2315, 2319, 4835, 5.73, 312.23, 37.80, 5.73, 312.32, 37.77, 0.01, 19.98, -14.53);
insert into SHOT values (2254, 2315, 2320, 4835, 10.04, 314.93, 42.50, 10.04, 314.95, 42.48, 0.00, 17.96, -49.17);
insert into SHOT values (2255, 2315, 2321, 4835, 6.87, 324.83, 20.20, 6.87, 324.86, 20.19, 0.00, 94.39, -28.99);
insert into SHOT values (2256, 2315, 2322, 4835, 9.19, 342.33, 20.60, 9.19, 342.34, 20.57, 0.01, 21.82, -41.71);
insert into SHOT values (2257, 2315, 2323, 4835, 5.44, 342.63, 2.90, 5.44, 342.66, 2.84, 0.01, 24.46, -44.79);
insert into SHOT values (2258, 2315, 2324, 4835, 7.74, 6.73, 3.90, 7.74, 6.77, 3.85, 0.01, 78.36, -49.77);
insert into SHOT values (2259, 2315, 2325, 4835, 6.25, 19.83, 4.20, 6.26, 19.86, 4.12, 0.01, 42.20, -42.24);
insert into SHOT values (2260, 2315, 2326, 4835, 3.65, 44.63, -3.40, 3.66, 44.56, -3.45, 0.01, 3.24, -26.99);
insert into SHOT values (2261, 2315, 2327, 4835, 4.67, 39.93, -18.40, 4.68, 39.97, -18.45, 0.01, 72.39, -43.60);
insert into SHOT values (2262, 2315, 2328, 4835, 3.27, 68.63, -5.10, 3.28, 68.62, -5.08, 0.01, 66.23, 5.17);
insert into SHOT values (2263, 2315, 2329, 4835, 7.21, 346.43, 16.00, 7.21, 346.48, 15.94, 0.01, 66.14, -46.27);
insert into SHOT values (2264, 2329, 2330, 4835, 5.72, 305.43, 64.70, 5.73, 305.37, 64.66, 0.01, 290.20, 44.99);
insert into SHOT values (2265, 2329, 2331, 4835, 9.59, 221.83, 50.70, 9.59, 221.87, 50.65, 0.01, 247.27, -6.45);
insert into SHOT values (2266, 2329, 2332, 4835, 9.28, 213.13, 35.30, 9.28, 213.14, 35.34, 0.01, 341.85, 69.43);
insert into SHOT values (2267, 2329, 2333, 4835, 7.56, 199.53, 29.70, 7.56, 199.57, 29.72, 0.01, 259.92, 40.86);
insert into SHOT values (2268, 2329, 2334, 4835, 2.70, 187.13, 74.00, 2.71, 187.70, 73.98, 0.01, 258.69, 30.47);
insert into SHOT values (2269, 2329, 2335, 4835, 1.74, 130.13, 41.90, 1.75, 130.31, 42.02, 0.01, 182.65, 56.29);
insert into SHOT values (2270, 2329, 2336, 4835, 2.79, 55.43, -2.00, 2.78, 55.40, -1.85, 0.01, 249.58, 49.40);
insert into SHOT values (2271, 2268, 2337, 4835, 7.18, 24.63, -31.50, 7.19, 24.68, -31.46, 0.01, 60.84, 8.65);
insert into SHOT values (2272, 2337, 2338, 4835, 3.26, 328.43, -29.00, 3.26, 328.21, -29.03, 0.01, 217.83, 2.35);
insert into SHOT values (2273, 2338, 2339, 4835, 2.43, 186.73, -0.90, 2.43, 186.63, -0.94, 0.01, 57.43, -18.37);
insert into SHOT values (2274, 2268, 2340, 4835, 11.47, 80.73, 53.10, 11.47, 80.73, 53.08, 0.00, 83.41, -36.82);
insert into SHOT values (2275, 2340, 2341, 4835, 13.60, 219.93, 0.80, 13.60, 219.93, 0.80, 0.00, 228.80, 2.38);
insert into SHOT values (2276, 2340, 2342, 4835, 13.26, 247.13, 0.50, 13.26, 247.15, 0.52, 0.01, 320.21, 42.04);
insert into SHOT values (2277, 2340, 2343, 4835, 12.37, 271.23, 1.50, 12.37, 271.21, 1.48, 0.01, 149.58, -33.43);
insert into SHOT values (2278, 2340, 2344, 4835, 12.04, 299.03, 6.10, 12.04, 299.03, 6.10, 0.00, 292.92, 14.80);
insert into SHOT values (2279, 2340, 2345, 4835, 12.67, 324.33, 6.30, 12.67, 324.34, 6.30, 0.00, 97.86, -4.91);
insert into SHOT values (2280, 2340, 2346, 4835, 13.21, 339.03, 4.90, 13.21, 339.03, 4.91, 0.00, 76.51, 64.30);
insert into SHOT values (2281, 2340, 2347, 4835, 10.44, 356.03, 7.40, 10.44, 356.01, 7.37, 0.01, 302.83, -53.99);
insert into SHOT values (2282, 2340, 2348, 4835, 6.60, 353.83, 20.20, 6.60, 353.88, 20.20, 0.01, 72.75, 9.39);
insert into SHOT values (2283, 2340, 2349, 4835, 7.33, 157.33, 88.80, 7.33, 156.80, 88.81, 0.00, 26.74, 41.10);
insert into SHOT values (2284, 2349, 2350, 4835, 10.97, 207.73, -0.10, 10.97, 207.71, -0.10, 0.00, 86.10, -11.94);
insert into SHOT values (2285, 2349, 2351, 4835, 12.29, 238.63, 0.30, 12.29, 238.61, 0.28, 0.01, 122.48, -49.76);
insert into SHOT values (2286, 2349, 2352, 4835, 11.61, 269.43, -0.50, 11.61, 269.41, -0.49, 0.00, 194.09, 17.41);
insert into SHOT values (2287, 2349, 2353, 4835, 12.06, 294.13, -2.40, 12.06, 294.10, -2.42, 0.01, 210.77, -37.94);
insert into SHOT values (2288, 2349, 2354, 4835, 12.02, 280.73, -7.30, 12.02, 280.73, -7.32, 0.01, 80.72, -32.27);
insert into SHOT values (2289, 2349, 2355, 4835, 17.91, 253.63, -51.10, 17.91, 253.63, -51.11, 0.00, 75.40, -64.42);
insert into SHOT values (2290, 2349, 2356, 4835, 22.89, 267.73, -53.10, 22.89, 267.71, -53.11, 0.01, 151.19, -41.79);
insert into SHOT values (2291, 2349, 2357, 4835, 24.05, 287.03, -51.80, 24.05, 287.01, -51.80, 0.01, 172.01, -1.52);
insert into SHOT values (2292, 2349, 2358, 4835, 4.20, 15.23, -7.80, 4.19, 15.21, -7.81, 0.01, 210.40, 0.05);
insert into SHOT values (2293, 2349, 2359, 4835, 8.19, 352.83, -7.10, 8.19, 352.86, -7.09, 0.01, 127.56, 21.21);
insert into SHOT values (2294, 2349, 2360, 4835, 10.05, 347.73, -7.30, 10.05, 347.72, -7.32, 0.00, 236.52, -65.69);
insert into SHOT values (2295, 2349, 2361, 4835, 13.27, 329.83, -6.80, 13.27, 329.83, -6.80, 0.00, 119.58, 22.32);
insert into SHOT values (2296, 2349, 2362, 4835, 12.37, 342.03, -7.20, 12.37, 342.01, -7.20, 0.00, 221.93, 4.35);
insert into SHOT values (2297, 2349, 2363, 4835, 13.30, 329.63, 85.90, 13.29, 329.66, 85.90, 0.01, 117.32, -81.44);
insert into SHOT values (2298, 2363, 2364, 4835, 13.29, 0.73, 87.30, 13.29, 0.92, 87.33, 0.01, 161.14, 36.89);
insert into SHOT values (2299, 2363, 2365, 4835, 4.52, 354.43, -5.30, 4.52, 354.39, -5.20, 0.01, 281.20, 67.94);
insert into SHOT values (2300, 2363, 2366, 4835, 12.37, 331.03, -3.30, 12.37, 331.03, -3.29, 0.00, 154.64, 24.96);
insert into SHOT values (2301, 2363, 2367, 4835, 12.69, 310.63, -4.40, 12.69, 310.64, -4.38, 0.00, 63.92, 49.30);
insert into SHOT values (2302, 2363, 2368, 4835, 11.86, 282.93, -4.80, 11.86, 282.91, -4.79, 0.00, 195.96, 29.83);
insert into SHOT values (2303, 2363, 2369, 4835, 12.46, 197.23, -2.00, 12.47, 197.23, -1.98, 0.01, 197.21, 36.43);
insert into SHOT values (2304, 2363, 2370, 4835, 19.42, 208.13, -6.10, 19.42, 208.12, -6.09, 0.01, 98.26, 45.61);
insert into SHOT values (2305, 2363, 2371, 4835, 11.33, 226.03, -6.00, 11.33, 226.04, -5.98, 0.01, 348.04, 50.90);
insert into SHOT values (2306, 2363, 2372, 4835, 8.91, 242.73, -4.10, 8.91, 242.74, -4.06, 0.01, 342.79, 71.34);
insert into SHOT values (2307, 2363, 2373, 4835, 11.11, 258.03, -5.60, 11.11, 258.00, -5.58, 0.01, 208.95, 29.62);
insert into SHOT values (2308, 2363, 2374, 4835, 8.65, 271.83, 83.40, 8.66, 271.74, 83.43, 0.01, 114.82, 60.90);
insert into SHOT values (2309, 2374, 2375, 4835, 8.64, 253.33, 83.70, 8.63, 253.47, 83.69, 0.01, 318.88, -71.20);
insert into SHOT values (2310, 2374, 2376, 4835, 12.68, 338.43, 6.60, 12.68, 338.38, 6.57, 0.01, 247.29, -37.79);
insert into SHOT values (2311, 2374, 2377, 4835, 12.69, 324.93, 2.50, 12.70, 324.92, 2.48, 0.01, 307.88, -28.33);
insert into SHOT values (2312, 2374, 2378, 4835, 10.52, 307.13, 2.70, 10.52, 307.11, 2.67, 0.01, 213.15, -59.20);
insert into SHOT values (2313, 2374, 2379, 4835, 9.35, 289.73, 1.60, 9.35, 289.75, 1.59, 0.01, 336.59, -10.84);
insert into SHOT values (2314, 2374, 2380, 4835, 10.05, 248.73, 2.40, 10.05, 248.75, 2.39, 0.00, 314.82, -11.57);
insert into SHOT values (2315, 2374, 2381, 4835, 22.74, 198.43, -2.90, 22.74, 198.43, -2.90, 0.00, 193.23, 7.29);
insert into SHOT values (2316, 2374, 2382, 4835, 21.33, 212.43, -6.20, 21.34, 212.45, -6.22, 0.01, 261.46, -35.10);
insert into SHOT values (2317, 2374, 2383, 4835, 13.14, 227.53, -6.80, 13.14, 227.55, -6.82, 0.01, 271.27, -34.61);
insert into SHOT values (2318, 2374, 2384, 4835, 10.98, 245.23, -8.50, 10.98, 245.23, -8.54, 0.01, 31.35, -88.04);
insert into SHOT values (2319, 2374, 2385, 4835, 31.60, 219.73, -63.90, 31.60, 219.75, -63.90, 0.01, 292.81, -24.99);
insert into SHOT values (2320, 2374, 2386, 4835, 2.66, 168.33, 87.00, 2.65, 171.87, 86.95, 0.01, 245.82, -35.38);
insert into SHOT values (2321, 2386, 2387, 4835, 2.75, 118.23, 84.30, 2.75, 118.44, 84.31, 0.00, 218.43, 73.86);
insert into SHOT values (2322, 2386, 2388, 4835, 18.68, 195.73, -2.70, 18.68, 195.70, -2.70, 0.01, 85.22, -0.37);
insert into SHOT values (2323, 2386, 2389, 4835, 21.16, 211.83, -3.80, 21.15, 211.83, -3.80, 0.01, 27.57, 13.37);
insert into SHOT values (2324, 2386, 2390, 4835, 13.03, 230.23, -6.50, 13.03, 230.23, -6.48, 0.01, 10.62, 66.23);
insert into SHOT values (2325, 2386, 2391, 4835, 9.59, 256.73, -10.60, 9.58, 256.75, -10.58, 0.01, 48.34, 33.75);
insert into SHOT values (2326, 2386, 2392, 4835, 8.85, 353.93, -1.30, 8.85, 353.97, -1.29, 0.01, 72.05, 7.17);
insert into SHOT values (2327, 2386, 2393, 4835, 12.07, 331.23, -2.80, 12.07, 331.25, -2.80, 0.00, 44.02, -5.65);
insert into SHOT values (2328, 2386, 2394, 4835, 11.12, 310.93, -3.90, 11.12, 310.94, -3.87, 0.01, 45.38, 65.04);
insert into SHOT values (2329, 2386, 2395, 4835, 9.37, 295.23, -1.20, 9.37, 295.28, -1.16, 0.01, 31.59, 36.37);
insert into SHOT values (2330, 2386, 2396, 4835, 15.15, 218.03, 86.20, 15.15, 217.67, 86.22, 0.01, 83.97, 21.07);
insert into SHOT values (2331, 2386, 2397, 4835, 3.37, 252.43, 82.30, 3.37, 253.18, 82.34, 0.01, 4.20, 3.49);
insert into SHOT values (2332, 2397, 2398, 4835, 8.28, 80.33, 85.40, 8.29, 80.54, 85.37, 0.01, 106.20, 49.91);
insert into SHOT values (2333, 2397, 2399, 4835, 13.24, 209.23, 89.00, 13.24, 208.81, 89.01, 0.00, 59.72, 31.63);
insert into SHOT values (2334, 2399, 2400, 4835, 13.85, 249.73, 88.90, 13.85, 248.20, 88.89, 0.01, 184.25, 17.91);
insert into SHOT values (2335, 2399, 2401, 4835, 13.27, 248.53, 89.10, 13.27, 247.17, 89.11, 0.01, 133.00, 16.78);
insert into SHOT values (2336, 2399, 2402, 4835, 2.07, 16.83, 19.90, 2.07, 16.76, 20.08, 0.01, 228.73, 49.50);
insert into SHOT values (2337, 2402, 2403, 4835, 2.32, 170.13, 51.20, 2.31, 170.08, 51.11, 0.01, 19.07, -73.93);
insert into SCRAPS values (4836, 4833, 'klic_globin-p1', 1);
 insert into SCRAPS values (5068, 4833, 'klic_globin-p2', 1);
 insert into MAPS values (5079, 4833, 'mklic_globin-p', NULL, 1, 100.980, 65.470);
 insert into MAPITEMS values (5079, 4, 4836);
 insert into MAPITEMS values (5079, 4, 5068);
 insert into SURVEY values (5081, 24, 'deeper_than_most', 'deeper_than_most.primadona.sistem_prima', 'Tiger Tiger streamway');
 insert into CENTRELINE values (5082, 5081, NULL, NULL, NULL, 0.00, 0.00, 0.00);
 insert into SCRAPS values (5083, 5081, 'deeper_than_most-p1', 1);
 insert into MAPS values (5094, 5081, 'mdeeper_than_most-p', NULL, 1, 17.900, 16.450);
 insert into MAPITEMS values (5094, 4, 5083);
 insert into CENTRELINE values (5095, 5081, NULL, '2018-07-26', NULL, 17.90, 0.00, 0.00);
 insert into TOPO values (16, 5095);
 insert into PERSON values (34, 'Ben', 'Richards');
insert into TOPO values (34, 5095);
 insert into EXPLO values (16, 5095);
 insert into EXPLO values (34, 5095);
 insert into PERSON values (35, 'Alexander', 'Seaton');
insert into EXPLO values (35, 5095);
 insert into SHOT values (2338, 2404, 2405, 5095, 6.80, 318.53, -61.00, 6.80, 318.57, -61.03, 0.00, 92.35, -38.25);
insert into SHOT values (2339, 2405, 2406, 5095, 11.10, 240.53, -71.00, 11.10, 240.67, -71.01, 0.01, 334.34, -28.08);
insert into SURVEY values (5097, 24, 'tiger_tiger', 'tiger_tiger.primadona.sistem_prima', 'Tiger Tiger streamway');
 insert into CENTRELINE values (5098, 5097, NULL, NULL, NULL, 0.00, 0.00, 0.00);
 insert into SCRAPS values (5099, 5097, 'tiger_tiger-p1', 1);
 insert into MAPS values (5143, 5097, 'mtiger_tiger-p', NULL, 1, 60.520, 10.480);
 insert into MAPITEMS values (5143, 4, 5099);
 insert into CENTRELINE values (5144, 5097, NULL, '2018-07-22', NULL, 60.52, 0.00, 0.00);
 insert into TOPO values (2, 5144);
 insert into TOPO values (29, 5144);
 insert into EXPLO values (2, 5144);
 insert into EXPLO values (29, 5144);
 insert into SHOT values (2340, 2407, 2408, 5144, 3.73, 307.53, -17.00, 3.73, 307.48, -17.00, 0.00, 201.53, 10.47);
insert into SHOT values (2341, 2409, 2407, 5144, 9.52, 316.53, -6.00, 9.52, 316.50, -5.97, 0.01, 263.18, 40.73);
insert into SHOT values (2342, 2410, 2409, 5144, 5.27, 354.53, -13.00, 5.27, 354.52, -13.05, 0.00, 186.36, -71.33);
insert into SHOT values (2343, 2411, 2410, 5144, 5.69, 337.53, -9.00, 5.68, 337.59, -9.01, 0.01, 110.70, 0.72);
insert into SHOT values (2344, 2412, 2411, 5144, 2.30, 346.53, -2.00, 2.31, 346.45, -1.99, 0.01, 316.55, 2.39);
insert into SHOT values (2345, 2413, 2412, 5144, 5.05, 314.53, -8.00, 5.05, 314.59, -7.97, 0.01, 58.46, 24.58);
insert into SHOT values (2346, 2414, 2413, 5144, 5.62, 270.53, -16.00, 5.63, 270.53, -15.99, 0.01, 272.84, -6.59);
insert into SHOT values (2347, 2415, 2414, 5144, 6.00, 294.53, -5.00, 5.99, 294.55, -4.98, 0.01, 98.47, 20.27);
insert into SHOT values (2348, 2416, 2415, 5144, 4.10, 272.53, -9.00, 4.10, 272.40, -8.97, 0.01, 207.49, 8.22);
insert into SHOT values (2349, 2417, 2416, 5144, 2.92, 345.53, -8.00, 2.92, 345.58, -8.07, 0.00, 85.98, -52.99);
insert into SHOT values (2350, 2418, 2417, 5144, 4.37, 275.53, -9.00, 4.37, 275.58, -8.94, 0.01, 318.42, 31.88);
insert into SHOT values (2351, 2419, 2418, 5144, 2.45, 292.53, -45.00, 2.45, 292.42, -45.15, 0.01, 176.33, -63.99);
insert into SHOT values (2352, 2419, 2420, 5144, 3.50, 107.53, -21.00, 3.51, 107.60, -21.05, 0.01, 145.40, -38.02);
insert into SURVEY values (5146, 24, 'mouseleum', 'mouseleum.primadona.sistem_prima', 'mouseleum');
 insert into CENTRELINE values (5147, 5146, NULL, NULL, NULL, 0.00, 0.00, 0.00);
 insert into CENTRELINE values (5148, 5146, NULL, '2018-07-28', NULL, 109.13, 0.00, 0.00);
 insert into TOPO values (17, 5148);
 insert into TOPO values (25, 5148);
 insert into EXPLO values (33, 5148);
 insert into EXPLO values (17, 5148);
 insert into EXPLO values (25, 5148);
 insert into SHOT values (2353, 2421, 2422, 5148, 3.27, 173.53, 26.80, 3.27, 173.51, 26.89, 0.01, 81.27, 79.68);
insert into SHOT values (2354, 2422, 2423, 5148, 5.03, 131.63, 43.10, 5.03, 131.69, 43.16, 0.01, 267.42, 30.80);
insert into SHOT values (2355, 2423, 2424, 5148, 3.87, 359.33, 22.60, 3.87, 359.36, 22.46, 0.01, 14.30, -43.32);
insert into SHOT values (2356, 2424, 2425, 5148, 5.30, 155.53, 9.00, 5.31, 155.54, 9.00, 0.01, 164.51, 8.91);
insert into SHOT values (2357, 2425, 2426, 5148, 7.52, 130.93, 41.20, 7.52, 130.99, 41.19, 0.01, 236.39, -29.53);
insert into SHOT values (2358, 2426, 2427, 5148, 1.79, 192.43, -11.30, 1.78, 192.21, -11.31, 0.01, 61.79, 4.82);
insert into SHOT values (2359, 2427, 2428, 5148, 5.67, 164.33, -7.70, 5.67, 164.40, -7.71, 0.01, 269.94, -2.19);
insert into SHOT values (2360, 2428, 2429, 5148, 6.01, 325.43, 85.20, 6.01, 325.67, 85.26, 0.01, 127.37, 9.07);
insert into SHOT values (2361, 2429, 2430, 5148, 2.13, 210.83, 45.60, 2.13, 210.70, 45.79, 0.01, 94.34, 65.48);
insert into SHOT values (2362, 2430, 2431, 5148, 2.83, 176.63, 9.40, 2.82, 176.71, 9.38, 0.01, 329.55, -14.90);
insert into SHOT values (2363, 2431, 2432, 5148, 5.50, 185.33, 34.00, 5.50, 185.29, 33.95, 0.01, 89.92, -58.44);
insert into SHOT values (2364, 2432, 2433, 5148, 3.74, 354.03, 61.80, 3.74, 353.84, 61.79, 0.01, 290.17, 31.02);
insert into SHOT values (2365, 2433, 2434, 5148, 3.87, 195.43, 49.40, 3.87, 195.41, 49.39, 0.00, 180.10, 35.65);
insert into SHOT values (2366, 2434, 2435, 5148, 7.30, 159.13, 27.40, 7.30, 159.13, 27.39, 0.00, 167.48, 7.12);
insert into SHOT values (2367, 2435, 2436, 5148, 4.81, 260.73, -11.80, 4.81, 260.72, -11.87, 0.01, 246.15, -61.52);
insert into SHOT values (2368, 2436, 2437, 5148, 9.96, 265.73, 72.70, 9.96, 265.73, 72.72, 0.00, 80.24, 9.00);
insert into SHOT values (2369, 2437, 2438, 5148, 1.80, 226.13, -12.00, 1.80, 226.15, -11.87, 0.00, 286.68, 79.54);
insert into SHOT values (2370, 2438, 2439, 5148, 4.41, 239.13, 54.80, 4.40, 239.19, 54.81, 0.01, 23.43, -37.07);
insert into SHOT values (2371, 2439, 2440, 5148, 6.61, 0.23, 12.70, 6.61, 0.27, 12.75, 0.01, 67.74, 55.60);
insert into SHOT values (2372, 2440, 2441, 5148, 9.74, 190.43, 44.20, 9.74, 190.47, 44.18, 0.01, 246.73, -3.34);
insert into SHOT values (2373, 2440, 2442, 5148, 7.97, 10.93, -13.10, 7.97, 10.92, -13.13, 0.00, 221.68, -55.85);
insert into SCRAPS values (5149, 5146, 'mouseleum-p1', 1);
 insert into SCRAPS values (5251, 5146, 'mouseleum-p2', 1);
 insert into SCRAPS values (5320, 5146, 'mouseleum-p3', 1);
 insert into SCRAPS values (5364, 5146, 'mouseleum-p4', 1);
 insert into MAPS values (5398, 5146, 'm1p', NULL, 1, 109.130, 51.720);
 insert into MAPITEMS values (5398, 4, 5149);
 insert into MAPS values (5399, 5146, 'm2p', NULL, 1, 109.130, 51.720);
 insert into MAPITEMS values (5399, 4, 5251);
 insert into MAPS values (5400, 5146, 'm3p', NULL, 1, 109.130, 51.720);
 insert into MAPITEMS values (5400, 4, 5320);
 insert into MAPS values (5401, 5146, 'm4p', NULL, 1, 109.130, 51.720);
 insert into MAPITEMS values (5401, 4, 5364);
 insert into MAPS values (5402, 5146, 'mmouseleum-p', NULL, 1, 109.130, 51.720);
 insert into MAPITEMS values (5402, 4, 5398);
 insert into MAPITEMS values (5402, 4, 5399);
 insert into MAPITEMS values (5402, 4, 5400);
 insert into SURVEY values (5405, 24, 'mouseleum_2', 'mouseleum_2.primadona.sistem_prima', 'Mouseleum 2 (continuation)');
 insert into CENTRELINE values (5406, 5405, NULL, NULL, NULL, 0.00, 0.00, 0.00);
 insert into SCRAPS values (5407, 5405, 'mouseleum_2-p1', 1);
 insert into SCRAPS values (5420, 5405, 'mouseleum_2-p2', 1);
 insert into MAPS values (5431, 5405, 'm1-p', NULL, 1, 33.170, 21.120);
 insert into MAPITEMS values (5431, 4, 5407);
 insert into MAPS values (5432, 5405, 'm2-p', NULL, 1, 33.170, 21.120);
 insert into MAPITEMS values (5432, 4, 5420);
 insert into MAPS values (5433, 5405, 'mmouseleum_2-p', NULL, 1, 33.170, 21.120);
 insert into MAPITEMS values (5433, 4, 5431);
 insert into MAPITEMS values (5433, 4, 5432);
 insert into CENTRELINE values (5434, 5405, NULL, '2018-08-01', NULL, 33.17, 0.00, 0.00);
 insert into TOPO values (28, 5434);
 insert into TOPO values (29, 5434);
 insert into EXPLO values (28, 5434);
 insert into EXPLO values (29, 5434);
 insert into SHOT values (2374, 2443, 2444, 5434, 5.86, 341.53, -18.00, 5.86, 341.60, -17.99, 0.01, 55.50, 6.95);
insert into SHOT values (2375, 2445, 2443, 5434, 4.52, 18.53, -59.00, 4.51, 18.36, -59.08, 0.01, 233.40, 19.78);
insert into SHOT values (2376, 2446, 2445, 5434, 4.00, 294.53, -56.00, 4.00, 294.61, -56.08, 0.01, 74.30, -37.12);
insert into SHOT values (2377, 2447, 2446, 5434, 2.11, 12.53, 6.00, 2.11, 12.65, 5.98, 0.01, 72.12, -6.34);
insert into SHOT values (2378, 2448, 2447, 5434, 4.07, 252.53, -73.00, 4.07, 252.47, -72.92, 0.01, 240.80, 20.90);
insert into SHOT values (2379, 2449, 2448, 5434, 7.40, 140.53, -36.00, 7.40, 140.49, -35.99, 0.00, 71.38, -4.84);
insert into SHOT values (2380, 2450, 2449, 5434, 5.21, 239.53, -52.00, 5.21, 239.68, -51.95, 0.01, 320.50, 33.10);
insert into SURVEY values (5436, 24, 'chocolate_river', 'chocolate_river.primadona.sistem_prima', 'Chocolate River (continuation of Mouseleum 2');
 insert into CENTRELINE values (5437, 5436, NULL, NULL, NULL, 0.00, 0.00, 0.00);
 insert into SCRAPS values (5438, 5436, 'chocolate_river-p1', 1);
 insert into SCRAPS values (5450, 5436, 'chocolate_river-p2', 1);
 insert into MAPS values (5466, 5436, 'm1-p', NULL, 1, 67.710, 17.080);
 insert into MAPITEMS values (5466, 4, 5438);
 insert into MAPS values (5467, 5436, 'm2-p', NULL, 1, 67.710, 17.080);
 insert into MAPITEMS values (5467, 4, 5450);
 insert into MAPS values (5468, 5436, 'mchocolate_river-p', NULL, 1, 67.710, 17.080);
 insert into MAPITEMS values (5468, 4, 5467);
 insert into MAPITEMS values (5468, 4, 5466);
 insert into CENTRELINE values (5470, 5436, NULL, '2018-08-02', NULL, 67.71, 0.00, 0.00);
 insert into TOPO values (28, 5470);
 insert into TOPO values (29, 5470);
 insert into EXPLO values (28, 5470);
 insert into EXPLO values (29, 5470);
 insert into SHOT values (2381, 2451, 2452, 5470, 15.10, 58.53, -1.00, 15.10, 58.54, -1.02, 0.01, 121.25, -61.68);
insert into SHOT values (2382, 2453, 2451, 5470, 14.80, 3.53, 0.00, 14.81, 3.52, 0.00, 0.01, 351.36, 0.00);
insert into SHOT values (2383, 2454, 2453, 5470, 5.69, 325.53, -10.00, 5.69, 325.54, -9.92, 0.01, 78.27, 79.38);
insert into SHOT values (2384, 2455, 2454, 5470, 3.75, 247.53, -55.00, 3.75, 247.36, -54.92, 0.01, 196.78, 12.41);
insert into SHOT values (2385, 2456, 2455, 5470, 7.25, 232.53, -22.00, 7.26, 232.55, -22.02, 0.01, 262.54, -39.82);
insert into SHOT values (2386, 2457, 2456, 5470, 2.21, 25.53, -29.00, 2.22, 25.64, -28.86, 0.01, 50.07, 8.96);
insert into SHOT values (2387, 2458, 2457, 5470, 2.57, 4.53, -90.00, 2.57, 90.00, -90.00, 0.00, 4.53, 81.96);
insert into SHOT values (2388, 2459, 2458, 5470, 3.28, 328.53, -25.00, 3.28, 328.34, -25.06, 0.01, 236.08, -21.34);
insert into SHOT values (2389, 2460, 2459, 5470, 4.27, 333.53, -54.00, 4.27, 333.74, -53.97, 0.01, 69.42, 25.81);
insert into SHOT values (2390, 2461, 2460, 5470, 2.94, 14.53, -32.00, 2.94, 14.43, -32.08, 0.01, 237.49, -17.28);
insert into SHOT values (2391, 2462, 2461, 5470, 5.85, 339.53, 0.00, 5.85, 339.49, 0.00, 0.00, 261.76, 0.00);
insert into SURVEY values (5492, 24, 'purgatory', 'purgatory.primadona.sistem_prima', 'purgatory');
 insert into CENTRELINE values (5493, 5492, NULL, NULL, NULL, 0.00, 0.00, 0.00);
 insert into CENTRELINE values (5494, 5492, NULL, '2018-07-24', NULL, 30.88, 0.00, 0.00);
 insert into SHOT values (2392, 2463, 2464, 5494, 3.40, 260.33, 16.40, 3.40, 260.28, 16.42, 0.01, 110.20, 0.40);
insert into SHOT values (2393, 2463, 2465, 5494, 3.08, 269.83, 14.70, 3.08, 269.81, 14.67, 0.00, 219.81, -50.57);
insert into SHOT values (2394, 2463, 2466, 5494, 7.56, 240.03, 57.20, 7.57, 240.00, 57.20, 0.01, 210.91, 48.73);
insert into SHOT values (2395, 2463, 2467, 5494, 6.51, 163.33, 34.20, 6.51, 163.28, 34.19, 0.01, 111.86, 8.53);
insert into SHOT values (2396, 2463, 2468, 5494, 5.35, 164.93, 13.70, 5.35, 164.95, 13.73, 0.00, 238.40, 55.62);
insert into SHOT values (2397, 2463, 2469, 5494, 3.69, 254.63, 7.10, 3.69, 254.64, 7.16, 0.00, 43.02, 75.55);
insert into SHOT values (2398, 2463, 2470, 5494, 6.05, 191.73, 10.90, 6.05, 191.74, 10.95, 0.01, 219.00, 55.85);
insert into SHOT values (2399, 2463, 2471, 5494, 5.63, 219.03, 14.70, 5.63, 219.04, 14.71, 0.00, 299.19, 51.89);
insert into SHOT values (2400, 2463, 2472, 5494, 5.00, 238.43, 14.00, 5.00, 238.41, 14.01, 0.00, 87.02, 6.69);
insert into SHOT values (2401, 2463, 2473, 5494, 4.42, 251.93, 15.10, 4.42, 251.86, 15.07, 0.01, 207.31, -11.73);
insert into SHOT values (2402, 2463, 2474, 5494, 5.62, 164.93, 12.80, 5.62, 164.87, 12.85, 0.01, 69.69, 43.60);
insert into SHOT values (2403, 2463, 2475, 5494, 2.49, 141.13, 17.80, 2.49, 141.15, 17.74, 0.00, 153.81, -14.03);
insert into SHOT values (2404, 2463, 2476, 5494, 5.84, 209.93, 12.40, 5.84, 209.84, 12.45, 0.01, 140.49, 34.18);
insert into SHOT values (2405, 2463, 2477, 5494, 6.69, 230.33, 17.60, 6.69, 230.34, 17.66, 0.01, 300.39, 74.13);
insert into SHOT values (2406, 2463, 2478, 5494, 6.56, 239.83, 24.90, 6.56, 239.81, 24.90, 0.00, 80.56, -26.11);
insert into SHOT values (2407, 2463, 2479, 5494, 7.08, 216.93, 28.90, 7.08, 216.87, 28.88, 0.01, 142.43, -14.39);
insert into SHOT values (2408, 2463, 2480, 5494, 7.86, 171.03, 43.20, 7.86, 171.06, 43.20, 0.00, 263.33, -8.31);
insert into SHOT values (2409, 2463, 2481, 5494, 9.50, 226.93, 56.90, 9.50, 226.87, 56.88, 0.01, 182.33, 13.48);
insert into SHOT values (2410, 2463, 2482, 5494, 14.37, 224.73, 76.20, 14.38, 224.65, 76.20, 0.01, 155.09, 42.80);
insert into SHOT values (2411, 2463, 2483, 5494, 5.36, 202.73, -11.80, 5.36, 202.75, -11.73, 0.01, 257.92, 63.36);
insert into SHOT values (2412, 2463, 2484, 5494, 2.90, 262.53, 5.50, 2.90, 262.43, 5.54, 0.01, 154.95, 22.15);
insert into SHOT values (2413, 2463, 2485, 5494, 2.97, 266.63, 7.50, 2.97, 266.50, 7.54, 0.01, 184.33, 19.07);
insert into SHOT values (2414, 2463, 2486, 5494, 3.66, 254.23, 8.00, 3.66, 254.16, 8.00, 0.01, 203.64, 6.84);
insert into SHOT values (2415, 2486, 2487, 5494, 3.61, 254.93, 8.30, 3.61, 254.91, 8.28, 0.00, 214.45, -41.69);
insert into SHOT values (2416, 2486, 2488, 5494, 3.69, 253.83, 8.00, 3.69, 253.80, 8.10, 0.01, 193.51, 70.81);
insert into SHOT values (2417, 2486, 2489, 5494, 3.72, 253.63, 7.80, 3.72, 253.58, 7.89, 0.01, 99.85, 39.61);
insert into SHOT values (2418, 2486, 2490, 5494, 1.68, 199.83, 13.20, 1.68, 199.65, 13.41, 0.01, 105.74, 52.15);
insert into SHOT values (2419, 2486, 2491, 5494, 2.60, 172.93, 5.20, 2.60, 172.90, 5.29, 0.00, 109.28, 74.23);
insert into SHOT values (2420, 2486, 2492, 5494, 4.91, 156.43, 5.40, 4.91, 156.37, 5.37, 0.01, 86.77, -22.05);
insert into SHOT values (2421, 2486, 2493, 5494, 6.63, 137.73, 5.30, 6.63, 137.70, 5.28, 0.01, 351.68, -26.17);
insert into SHOT values (2422, 2486, 2494, 5494, 5.45, 122.53, 4.50, 5.45, 122.52, 4.53, 0.00, 325.89, 54.82);
insert into SHOT values (2423, 2486, 2495, 5494, 5.08, 108.73, 4.40, 5.08, 108.65, 4.40, 0.01, 26.82, 2.22);
insert into SHOT values (2424, 2486, 2496, 5494, 4.96, 42.33, 7.90, 4.96, 42.36, 7.88, 0.00, 140.19, -30.99);
insert into SHOT values (2425, 2486, 2497, 5494, 4.79, 63.33, 8.70, 4.79, 63.27, 8.76, 0.01, 347.41, 49.79);
insert into SHOT values (2426, 2486, 2498, 5494, 5.26, 103.53, 8.00, 5.27, 103.53, 7.97, 0.01, 106.28, -19.12);
insert into SHOT values (2427, 2486, 2499, 5494, 5.39, 91.33, 35.80, 5.39, 91.31, 35.86, 0.01, 339.35, 79.52);
insert into SHOT values (2428, 2486, 2500, 5494, 9.59, 107.53, 56.90, 9.60, 107.54, 56.89, 0.01, 115.23, 43.38);
insert into SHOT values (2429, 2486, 2501, 5494, 13.19, 113.53, 75.30, 13.19, 113.42, 75.31, 0.01, 10.84, 15.70);
insert into SHOT values (2430, 2486, 2502, 5494, 0.83, 232.93, -0.00, 0.83, 232.85, 0.00, 0.00, 81.00, 0.00);
insert into SHOT values (2431, 2486, 2503, 5494, 2.27, 193.83, -4.60, 2.27, 193.79, -4.54, 0.00, 165.31, 34.58);
insert into SHOT values (2432, 2486, 2504, 5494, 3.16, 180.03, 6.60, 3.16, 180.00, 6.72, 0.01, 122.69, 75.61);
insert into SHOT values (2433, 2486, 2505, 5494, 4.46, 155.73, 0.40, 4.46, 155.62, 0.39, 0.01, 49.56, -7.47);
insert into SHOT values (2434, 2486, 2506, 5494, 5.03, 140.63, 1.20, 5.03, 140.65, 1.25, 0.01, 184.01, 61.63);
insert into SHOT values (2435, 2486, 2507, 5494, 5.05, 49.63, 6.00, 5.06, 49.60, 6.02, 0.01, 29.36, 15.46);
insert into SHOT values (2436, 2486, 2508, 5494, 5.02, 78.23, 8.40, 5.02, 78.26, 8.48, 0.01, 207.02, 61.05);
insert into SHOT values (2437, 2486, 2509, 5494, 5.19, 108.83, 9.40, 5.19, 108.79, 9.42, 0.00, 56.92, 28.32);
insert into SHOT values (2438, 2486, 2510, 5494, 6.36, 89.73, 45.30, 6.36, 89.74, 45.25, 0.01, 101.64, -5.93);
insert into SHOT values (2439, 2486, 2511, 5494, 12.16, 92.23, 70.80, 12.17, 92.15, 70.79, 0.01, 36.62, 43.58);
insert into SHOT values (2440, 2486, 2512, 5494, 2.47, 253.23, 73.50, 2.47, 253.38, 73.56, 0.00, 34.34, 30.06);
insert into SHOT values (2441, 2486, 2513, 5494, 6.94, 177.53, -59.30, 6.94, 177.41, -59.31, 0.01, 91.07, -20.27);
insert into SHOT values (2442, 2486, 2514, 5494, 6.75, 161.53, -62.10, 6.74, 161.51, -62.12, 0.01, 351.98, 42.90);
insert into SHOT values (2443, 2486, 2515, 5494, 6.71, 153.83, -65.90, 6.71, 153.81, -65.87, 0.01, 125.25, 70.63);
insert into SHOT values (2444, 2486, 2516, 5494, 6.68, 143.53, -69.60, 6.68, 143.38, -69.58, 0.01, 67.73, 9.37);
insert into SHOT values (2445, 2486, 2517, 5494, 6.55, 124.53, -73.00, 6.55, 124.35, -73.00, 0.01, 22.77, 32.83);
insert into SHOT values (2446, 2486, 2518, 5494, 6.42, 108.23, -75.10, 6.42, 108.00, -75.09, 0.01, 17.81, 31.86);
insert into SHOT values (2447, 2486, 2519, 5494, 6.46, 123.13, -76.30, 6.45, 122.96, -76.33, 0.01, 348.04, 44.77);
insert into SHOT values (2448, 2486, 2520, 5494, 6.38, 89.93, -78.70, 6.37, 90.00, -78.69, 0.01, 184.85, 75.77);
insert into SHOT values (2449, 2486, 2521, 5494, 6.27, 57.83, -78.30, 6.27, 57.80, -78.26, 0.00, 51.82, -3.26);
insert into SHOT values (2450, 2486, 2522, 5494, 7.04, 97.73, -55.80, 7.04, 97.70, -55.80, 0.00, 330.68, 48.71);
insert into SHOT values (2451, 2486, 2523, 5494, 6.40, 122.03, -40.10, 6.40, 121.97, -40.10, 0.01, 356.26, 21.17);
insert into SHOT values (2452, 2486, 2524, 5494, 6.24, 200.23, -58.40, 6.24, 200.21, -58.36, 0.01, 167.17, 67.13);
insert into SHOT values (2453, 2486, 2525, 5494, 5.58, 180.73, -42.10, 5.58, 180.69, -42.09, 0.00, 92.45, 21.26);
insert into SHOT values (2454, 2486, 2526, 5494, 5.24, 232.53, -79.20, 5.24, 232.43, -79.18, 0.00, 195.77, -45.79);
insert into SHOT values (2455, 2526, 2527, 5494, 3.98, 169.93, 0.40, 3.97, 169.85, 0.43, 0.01, 24.46, 13.26);
insert into SHOT values (2456, 2526, 2528, 5494, 4.38, 154.63, 2.10, 4.38, 154.55, 2.23, 0.01, 42.18, 55.55);
insert into SHOT values (2457, 2526, 2529, 5494, 4.91, 134.83, -1.70, 4.91, 134.83, -1.63, 0.01, 260.55, 81.44);
insert into SHOT values (2458, 2526, 2530, 5494, 5.17, 112.03, 6.80, 5.17, 111.97, 6.89, 0.01, 11.48, 55.35);
insert into SHOT values (2459, 2526, 2531, 5494, 4.52, 92.23, 5.80, 4.53, 92.16, 5.83, 0.01, 54.12, 21.80);
insert into SHOT values (2460, 2526, 2532, 5494, 4.66, 148.73, 17.20, 4.66, 148.70, 17.24, 0.01, 349.24, 22.32);
insert into SHOT values (2461, 2526, 2533, 5494, 3.61, 169.93, 26.70, 3.61, 169.81, 26.84, 0.01, 47.84, 44.92);
insert into SHOT values (2462, 2526, 2534, 5494, 5.39, 185.53, 24.50, 5.39, 185.50, 24.56, 0.01, 51.51, 57.69);
insert into SHOT values (2463, 2526, 2535, 5494, 4.86, 188.93, 36.30, 4.86, 188.81, 36.33, 0.01, 94.64, 19.83);
insert into SHOT values (2464, 2526, 2536, 5494, 3.91, 188.53, 47.20, 3.91, 188.47, 47.29, 0.01, 28.29, 7.72);
insert into SHOT values (2465, 2526, 2537, 5494, 4.28, 198.83, 34.40, 4.28, 198.85, 34.44, 0.00, 351.96, 37.06);
insert into SHOT values (2466, 2526, 2538, 5494, 2.47, 201.93, 35.30, 2.47, 201.85, 35.37, 0.00, 89.26, 44.22);
insert into SHOT values (2467, 2526, 2539, 5494, 4.91, 194.73, 19.10, 4.90, 194.76, 19.16, 0.01, 355.76, 24.72);
insert into SHOT values (2468, 2526, 2540, 5494, 6.52, 188.53, 6.70, 6.52, 188.53, 6.79, 0.01, 1.94, 67.27);
insert into SHOT values (2469, 2526, 2541, 5494, 9.33, 182.63, -4.60, 9.33, 182.59, -4.55, 0.01, 88.39, 53.00);
insert into SHOT values (2470, 2526, 2542, 5494, 7.58, 186.63, -4.70, 7.58, 186.62, -4.69, 0.00, 24.08, 13.89);
insert into SHOT values (2471, 2526, 2543, 5494, 2.40, 185.63, -9.70, 2.39, 185.59, -9.61, 0.01, 24.47, 42.87);
insert into SHOT values (2472, 2526, 2544, 5494, 8.58, 180.63, -9.90, 8.58, 180.61, -9.87, 0.01, 54.89, 59.69);
insert into SHOT values (2473, 2526, 2545, 5494, 4.23, 173.53, -15.00, 4.23, 173.54, -14.94, 0.00, 253.95, 82.18);
insert into SHOT values (2474, 2526, 2546, 5494, 4.56, 175.33, -19.20, 4.55, 175.34, -19.09, 0.01, 337.42, 77.08);
insert into SHOT values (2475, 2526, 2547, 5494, 2.80, 179.63, -22.10, 2.79, 179.56, -22.07, 0.01, 36.29, 33.18);
insert into SHOT values (2476, 2526, 2548, 5494, 2.99, 173.23, -24.90, 2.98, 173.22, -24.77, 0.01, 2.58, 70.58);
insert into SHOT values (2477, 2526, 2549, 5494, 4.21, 199.43, 9.40, 4.20, 199.44, 9.45, 0.01, 11.73, 18.54);
insert into SHOT values (2478, 2526, 2550, 5494, 5.44, 141.63, 16.00, 5.44, 141.60, 16.00, 0.00, 95.17, 8.01);
insert into SHOT values (2479, 2526, 2551, 5494, 7.46, 124.53, 27.20, 7.46, 124.50, 27.19, 0.00, 79.29, 0.76);
insert into SHOT values (2480, 2526, 2552, 5494, 7.60, 118.43, 27.40, 7.61, 118.39, 27.40, 0.01, 72.01, 20.95);
insert into SHOT values (2481, 2526, 2553, 5494, 10.10, 181.53, -5.30, 10.10, 181.48, -5.29, 0.01, 67.80, 18.90);
insert into SHOT values (2482, 2526, 2554, 5494, 2.92, 181.93, -5.20, 2.91, 181.78, -5.12, 0.01, 50.81, 24.86);
insert into SHOT values (2483, 2554, 2555, 5494, 1.25, 147.13, 11.10, 1.25, 147.35, 11.10, 0.01, 272.01, -6.43);
insert into SHOT values (2484, 2554, 2556, 5494, 1.38, 165.23, 8.10, 1.38, 165.56, 7.94, 0.01, 277.27, -27.74);
insert into SHOT values (2485, 2554, 2557, 5494, 5.44, 178.03, 2.20, 5.44, 178.10, 2.21, 0.01, 291.10, 8.66);
insert into SHOT values (2486, 2554, 2558, 5494, 4.30, 188.43, 3.00, 4.30, 188.43, 3.06, 0.01, 197.64, 64.50);
insert into SHOT values (2487, 2554, 2559, 5494, 3.20, 194.33, 3.40, 3.20, 194.30, 3.40, 0.01, 174.79, 2.52);
insert into SHOT values (2488, 2554, 2560, 5494, 1.82, 202.03, 6.60, 1.82, 202.04, 6.61, 0.00, 205.85, 10.32);
insert into SHOT values (2489, 2554, 2561, 5494, 1.74, 212.83, 10.20, 1.74, 212.86, 10.25, 0.00, 239.73, 44.41);
insert into SHOT values (2490, 2554, 2562, 5494, 0.81, 222.63, 14.70, 0.81, 222.42, 14.96, 0.01, 170.45, 51.26);
insert into SHOT values (2491, 2554, 2563, 5494, 1.86, 250.63, 35.30, 1.87, 250.50, 35.26, 0.01, 230.93, 26.89);
insert into SHOT values (2492, 2554, 2564, 5494, 2.40, 212.83, 40.00, 2.40, 212.83, 39.86, 0.01, 213.35, -23.87);
insert into SHOT values (2493, 2554, 2565, 5494, 3.44, 191.83, 49.60, 3.44, 191.92, 49.62, 0.00, 305.86, 4.68);
insert into SHOT values (2494, 2554, 2566, 5494, 3.05, 205.53, 67.20, 3.05, 205.48, 67.13, 0.00, 190.99, -25.57);
insert into SHOT values (2495, 2554, 2567, 5494, 3.22, 232.33, 73.70, 3.22, 232.62, 73.66, 0.01, 296.50, -6.26);
insert into SHOT values (2496, 2554, 2568, 5494, 1.68, 179.03, 70.80, 1.68, 178.96, 70.92, 0.00, 14.30, 54.12);
insert into SHOT values (2497, 2554, 2569, 5494, 2.55, 262.93, 86.60, 2.55, 262.41, 86.60, 0.00, 176.66, 72.91);
insert into SHOT values (2498, 2554, 2570, 5494, 3.86, 205.43, 12.80, 3.86, 205.48, 12.86, 0.01, 262.15, 51.03);
insert into SHOT values (2499, 2554, 2571, 5494, 0.81, 217.83, 17.80, 0.82, 218.20, 17.85, 0.01, 263.23, 18.64);
insert into SHOT values (2500, 2554, 2572, 5494, 4.09, 216.93, 17.10, 4.09, 216.90, 17.05, 0.01, 195.49, -26.95);
insert into SHOT values (2501, 2554, 2573, 5494, 1.92, 206.53, 9.10, 1.92, 206.57, 8.97, 0.01, 221.27, -36.30);
insert into SHOT values (2502, 2554, 2574, 5494, 3.62, 215.93, 18.40, 3.62, 216.00, 18.35, 0.01, 288.19, -28.95);
insert into SHOT values (2503, 2554, 2575, 5494, 3.65, 217.13, 17.20, 3.65, 217.20, 17.19, 0.01, 270.04, 6.96);
insert into SHOT values (2504, 2575, 2576, 5494, 2.06, 262.03, 2.80, 2.06, 261.91, 2.78, 0.01, 207.06, -6.96);
insert into SHOT values (2505, 2575, 2577, 5494, 2.44, 270.63, 3.90, 2.44, 270.47, 4.00, 0.01, 147.63, 27.24);
insert into SHOT values (2506, 2575, 2578, 5494, 2.94, 283.23, 5.10, 2.94, 283.23, 5.07, 0.00, 92.32, -63.33);
insert into SHOT values (2507, 2575, 2579, 5494, 3.22, 293.03, 5.10, 3.22, 292.96, 5.17, 0.01, 159.48, 37.71);
insert into SHOT values (2508, 2575, 2580, 5494, 3.53, 300.93, 4.30, 3.53, 300.94, 4.22, 0.00, 335.62, -78.20);
insert into SHOT values (2509, 2575, 2581, 5494, 4.64, 304.93, 5.00, 4.64, 304.86, 4.95, 0.01, 181.91, -34.39);
insert into SHOT values (2510, 2575, 2582, 5494, 4.94, 311.23, 5.20, 4.94, 311.21, 5.23, 0.00, 177.07, 45.08);
insert into SHOT values (2511, 2575, 2583, 5494, 2.48, 324.13, 3.50, 2.47, 324.06, 3.47, 0.01, 174.59, -13.44);
insert into SHOT values (2512, 2575, 2584, 5494, 2.13, 338.73, 7.50, 2.13, 338.65, 7.54, 0.00, 299.02, 24.40);
insert into SHOT values (2513, 2575, 2585, 5494, 1.79, 2.23, 6.20, 1.79, 2.25, 6.09, 0.00, 25.26, -58.86);
insert into SHOT values (2514, 2575, 2586, 5494, 1.76, 22.53, 2.90, 1.76, 22.47, 2.94, 0.01, 223.29, 10.85);
insert into SHOT values (2515, 2575, 2587, 5494, 9.04, 34.63, 1.70, 9.04, 34.68, 1.71, 0.01, 135.02, 13.21);
insert into SHOT values (2516, 2575, 2588, 5494, 3.40, 282.23, -4.60, 3.40, 282.27, -4.56, 0.00, 43.89, 40.48);
insert into SHOT values (2517, 2575, 2589, 5494, 2.67, 272.63, 10.50, 2.67, 272.62, 10.58, 0.00, 97.16, 53.36);
insert into SHOT values (2518, 2575, 2590, 5494, 4.78, 309.43, 11.10, 4.78, 309.46, 11.10, 0.00, 71.68, -4.36);
insert into SHOT values (2519, 2575, 2591, 5494, 4.72, 307.83, -2.60, 4.72, 307.84, -2.55, 0.01, 111.23, 41.46);
insert into SHOT values (2520, 2575, 2592, 5494, 1.79, 1.93, -0.20, 1.79, 1.92, -0.32, 0.00, 349.78, -74.51);
insert into SHOT values (2521, 2575, 2593, 5494, 4.86, 315.83, 8.00, 4.86, 315.84, 8.05, 0.01, 116.94, 41.60);
insert into SHOT values (2522, 2593, 2594, 5494, 1.71, 148.83, 2.60, 1.71, 148.92, 2.35, 0.01, 290.49, -59.18);
insert into SHOT values (2523, 2593, 2595, 5494, 1.78, 128.13, 6.70, 1.78, 128.10, 6.46, 0.01, 335.63, -78.09);
insert into SHOT values (2524, 2593, 2596, 5494, 2.13, 109.53, 6.80, 2.13, 109.64, 6.75, 0.01, 227.77, -25.79);
insert into SHOT values (2525, 2593, 2597, 5494, 1.80, 98.03, 8.60, 1.80, 98.08, 8.64, 0.00, 237.51, 16.88);
insert into SHOT values (2526, 2593, 2598, 5494, 4.15, 134.23, -3.80, 4.15, 134.31, -3.87, 0.01, 256.59, -33.53);
insert into SHOT values (2527, 2593, 2599, 5494, 4.51, 146.03, -6.80, 4.51, 146.03, -6.88, 0.01, 327.05, -52.74);
insert into SHOT values (2528, 2593, 2600, 5494, 1.37, 170.63, -6.60, 1.37, 170.68, -6.72, 0.00, 329.11, -38.35);
insert into SHOT values (2529, 2593, 2601, 5494, 1.08, 191.13, -6.60, 1.08, 191.31, -6.92, 0.01, 312.10, -55.78);
insert into SHOT values (2530, 2593, 2602, 5494, 1.40, 177.43, 21.40, 1.40, 177.36, 21.40, 0.00, 34.36, -17.52);
insert into SHOT values (2531, 2593, 2603, 5494, 3.18, 147.83, 36.90, 3.18, 147.88, 36.96, 0.00, 301.40, 7.87);
insert into SHOT values (2532, 2593, 2604, 5494, 3.40, 156.03, 42.00, 3.40, 156.18, 41.95, 0.01, 259.13, -36.81);
insert into SHOT values (2533, 2593, 2605, 5494, 2.94, 170.93, 39.90, 2.94, 171.08, 39.79, 0.01, 244.11, -42.89);
insert into SHOT values (2534, 2593, 2606, 5494, 3.36, 169.53, 48.30, 3.35, 169.70, 48.19, 0.01, 251.86, -52.71);
insert into SHOT values (2535, 2593, 2607, 5494, 3.25, 161.73, 35.80, 3.25, 161.84, 35.83, 0.01, 295.01, -8.82);
insert into SHOT values (2536, 2593, 2608, 5494, 1.50, 122.53, -5.60, 1.50, 122.41, -5.74, 0.00, 26.22, -50.39);
insert into SHOT values (2537, 2593, 2609, 5494, 1.27, 139.53, -20.40, 1.27, 139.76, -20.68, 0.01, 210.51, -54.52);
insert into SHOT values (2538, 2593, 2610, 5494, 2.24, 152.93, -27.10, 2.24, 152.92, -27.03, 0.01, 151.12, 4.76);
insert into SHOT values (2539, 2554, 2611, 5494, 4.87, 189.83, -29.00, 4.87, 189.86, -28.97, 0.00, 224.55, 13.25);
insert into SHOT values (2540, 2611, 2612, 5494, 3.16, 199.23, 14.70, 3.16, 199.33, 14.69, 0.01, 330.44, -15.02);
insert into SHOT values (2541, 2611, 2613, 5494, 2.48, 211.13, 17.50, 2.47, 211.13, 17.41, 0.01, 29.59, -46.86);
insert into SHOT values (2542, 2611, 2614, 5494, 1.92, 216.33, 18.20, 1.92, 216.30, 18.21, 0.00, 137.66, 23.63);
insert into SHOT values (2543, 2611, 2615, 5494, 1.08, 244.33, 21.70, 1.08, 244.71, 21.67, 0.01, 310.24, 5.25);
insert into SHOT values (2544, 2611, 2616, 5494, 1.16, 272.73, 29.80, 1.17, 272.83, 29.84, 0.01, 294.99, 35.07);
insert into SHOT values (2545, 2611, 2617, 5494, 1.42, 288.83, 18.60, 1.43, 288.97, 18.39, 0.01, 312.66, -19.19);
insert into SHOT values (2546, 2611, 2618, 5494, 1.74, 309.53, 13.40, 1.74, 309.50, 13.26, 0.01, 301.78, -31.89);
insert into SHOT values (2547, 2611, 2619, 5494, 2.34, 325.73, 14.20, 2.34, 325.75, 14.07, 0.01, 335.00, -34.02);
insert into SHOT values (2548, 2611, 2620, 5494, 2.87, 340.13, 13.10, 2.87, 340.14, 13.09, 0.00, 11.57, -22.50);
insert into SHOT values (2549, 2611, 2621, 5494, 3.31, 0.13, 11.40, 3.31, 0.18, 11.31, 0.01, 27.96, -35.23);
insert into SHOT values (2550, 2611, 2622, 5494, 4.34, 13.33, 12.50, 4.34, 13.38, 12.51, 0.00, 132.31, 8.26);
insert into SHOT values (2551, 2611, 2623, 5494, 2.52, 24.63, 14.20, 2.52, 24.68, 14.24, 0.00, 111.69, 40.50);
insert into SHOT values (2552, 2611, 2624, 5494, 2.13, 38.03, 16.60, 2.13, 38.05, 16.61, 0.00, 50.73, 24.31);
insert into SHOT values (2553, 2611, 2625, 5494, 1.91, 52.63, 18.50, 1.91, 52.62, 18.60, 0.00, 46.52, 78.87);
insert into SHOT values (2554, 2611, 2626, 5494, 1.86, 152.33, 16.10, 1.86, 152.29, 16.24, 0.00, 0.97, 57.91);
insert into SHOT values (2555, 2611, 2627, 5494, 2.04, 122.53, 13.80, 2.04, 122.40, 13.91, 0.01, 356.10, 32.89);
insert into SHOT values (2556, 2611, 2628, 5494, 2.21, 100.33, 15.20, 2.21, 100.26, 15.20, 0.00, 38.84, 10.73);
insert into SHOT values (2557, 2611, 2629, 5494, 2.07, 89.33, 10.20, 2.07, 89.16, 10.28, 0.01, 25.22, 27.13);
insert into SHOT values (2558, 2611, 2630, 5494, 4.34, 317.83, -16.20, 4.34, 317.82, -16.18, 0.00, 303.07, 19.61);
insert into SHOT values (2559, 2611, 2631, 5494, 3.84, 337.93, -12.50, 3.85, 337.94, -12.46, 0.01, 348.61, 10.78);
insert into SHOT values (2560, 2611, 2632, 5494, 3.92, 16.73, -8.90, 3.92, 16.66, -8.95, 0.01, 282.95, -36.68);
insert into SHOT values (2561, 2611, 2633, 5494, 3.29, 32.83, -2.60, 3.29, 32.82, -2.62, 0.00, 223.24, -17.15);
insert into SHOT values (2562, 2611, 2634, 5494, 2.36, 35.83, -0.30, 2.36, 35.85, -0.24, 0.00, 201.82, 32.47);
insert into SHOT values (2563, 2611, 2635, 5494, 2.05, 55.23, 10.10, 2.05, 55.29, 10.11, 0.00, 115.74, 11.57);
insert into SHOT values (2564, 2611, 2636, 5494, 1.89, 66.03, 12.90, 1.89, 65.94, 12.86, 0.00, 293.36, -27.86);
insert into SHOT values (2565, 2611, 2637, 5494, 1.82, 334.43, 32.60, 1.82, 334.44, 32.65, 0.00, 148.76, -8.95);
insert into SHOT values (2566, 2611, 2638, 5494, 3.61, 352.93, 34.80, 3.61, 352.83, 34.81, 0.01, 250.23, -2.99);
insert into SHOT values (2567, 2611, 2639, 5494, 3.17, 293.03, 80.20, 3.17, 292.78, 80.14, 0.01, 252.86, -46.22);
insert into SHOT values (2568, 2611, 2640, 5494, 3.69, 356.13, 76.20, 3.69, 356.10, 76.16, 0.00, 343.36, -61.38);
insert into SHOT values (2569, 2611, 2641, 5494, 3.18, 205.83, 13.40, 3.18, 205.90, 13.47, 0.01, 332.20, 31.21);
insert into SHOT values (2570, 2641, 2642, 5494, 3.05, 239.13, -8.10, 3.05, 239.10, -8.11, 0.00, 107.41, -7.96);
insert into SHOT values (2571, 2641, 2643, 5494, 2.35, 246.13, -7.50, 2.35, 245.96, -7.57, 0.01, 175.48, -24.74);
insert into SHOT values (2572, 2641, 2644, 5494, 2.53, 257.03, -9.50, 2.53, 257.02, -9.56, 0.00, 83.50, -56.29);
insert into SHOT values (2573, 2641, 2645, 5494, 2.39, 250.93, -17.90, 2.39, 250.77, -18.00, 0.01, 184.57, -38.41);
insert into SHOT values (2574, 2641, 2646, 5494, 3.19, 237.73, -14.90, 3.19, 237.70, -14.87, 0.01, 221.60, 2.75);
insert into SHOT values (2575, 2641, 2647, 5494, 1.59, 264.73, -12.20, 1.59, 264.47, -12.32, 0.01, 199.12, -27.75);
insert into SHOT values (2576, 2641, 2648, 5494, 1.23, 284.83, -8.40, 1.23, 284.72, -8.39, 0.00, 249.62, -4.59);
insert into SHOT values (2577, 2641, 2649, 5494, 0.86, 310.83, -3.40, 0.86, 310.75, -3.34, 0.00, 197.35, 37.32);
insert into SHOT values (2578, 2641, 2650, 5494, 0.75, 281.83, 13.80, 0.75, 281.93, 13.93, 0.00, 75.98, 20.27);
insert into SHOT values (2579, 2641, 2651, 5494, 1.12, 241.83, 11.10, 1.12, 241.81, 10.80, 0.01, 226.65, -74.13);
insert into SHOT values (2580, 2641, 2652, 5494, 1.50, 243.73, 3.50, 1.50, 243.43, 3.44, 0.01, 160.78, -11.56);
insert into SHOT values (2581, 2641, 2653, 5494, 1.08, 233.93, -5.10, 1.08, 233.66, -5.29, 0.01, 184.59, -31.12);
insert into SHOT values (2582, 2641, 2654, 5494, 1.08, 234.53, -13.00, 1.08, 234.65, -13.34, 0.01, 282.83, -66.40);
insert into SHOT values (2583, 2641, 2655, 5494, 1.90, 280.03, -23.90, 1.90, 279.95, -23.92, 0.00, 167.28, -5.27);
insert into SHOT values (2584, 2641, 2656, 5494, 1.09, 302.13, -25.70, 1.09, 302.07, -26.11, 0.01, 142.49, -68.24);
insert into SHOT values (2585, 2641, 2657, 5494, 1.20, 296.63, -39.70, 1.20, 296.57, -40.03, 0.01, 125.28, -27.91);
insert into SHOT values (2586, 2641, 2658, 5494, 1.76, 273.23, -29.80, 1.76, 273.01, -30.03, 0.01, 140.92, -34.71);
insert into SHOT values (2587, 2641, 2659, 5494, 7.17, 201.93, -46.60, 7.17, 201.93, -46.60, 0.00, 277.51, -51.06);
insert into SHOT values (2588, 2641, 2660, 5494, 5.39, 192.13, -41.80, 5.40, 192.06, -41.85, 0.01, 110.64, -59.28);
insert into SHOT values (2589, 2641, 2661, 5494, 1.77, 201.53, -40.40, 1.77, 201.25, -40.39, 0.01, 142.97, -20.31);
insert into SHOT values (2590, 2641, 2662, 5494, 1.59, 213.53, -42.20, 1.60, 213.29, -42.10, 0.01, 175.94, -13.62);
insert into SHOT values (2591, 2641, 2663, 5494, 1.59, 228.03, -44.80, 1.59, 227.86, -44.67, 0.01, 192.56, 3.76);
insert into SHOT values (2592, 2641, 2664, 5494, 1.07, 213.73, -61.20, 1.07, 214.00, -61.11, 0.00, 251.32, -30.45);
insert into SHOT values (2593, 2641, 2665, 5494, 0.72, 194.73, -62.70, 0.72, 194.04, -62.73, 0.00, 98.94, -2.80);
insert into SHOT values (2594, 2641, 2666, 5494, 0.76, 160.53, -47.50, 0.76, 160.87, -47.20, 0.01, 191.14, 3.14);
insert into SHOT values (2595, 2641, 2667, 5494, 0.63, 2.53, 14.90, 0.62, 2.86, 14.91, 0.01, 158.99, -12.75);
insert into SHOT values (2596, 2641, 2668, 5494, 1.94, 14.53, 17.90, 1.93, 14.49, 17.79, 0.01, 203.40, -39.13);
insert into SHOT values (2597, 2641, 2669, 5494, 1.57, 78.93, 15.30, 1.57, 78.99, 15.11, 0.01, 102.51, -47.44);
insert into SHOT values (2598, 2641, 2670, 5494, 1.77, 71.03, 6.70, 1.77, 71.05, 6.50, 0.01, 237.34, -66.29);
insert into SHOT values (2599, 2641, 2671, 5494, 2.70, 65.93, 8.10, 2.70, 65.93, 8.09, 0.00, 238.52, -32.75);
insert into SHOT values (2600, 2641, 2672, 5494, 3.14, 67.53, 12.80, 3.14, 67.54, 12.70, 0.01, 128.15, -82.81);
insert into SHOT values (2601, 2641, 2673, 5494, 4.34, 54.53, 11.60, 4.33, 54.59, 11.58, 0.01, 197.45, -19.65);
insert into SHOT values (2602, 2641, 2674, 5494, 1.89, 60.63, 3.90, 1.88, 60.71, 3.65, 0.01, 213.31, -55.61);
insert into SHOT values (2603, 2641, 2675, 5494, 1.57, 50.73, -8.20, 1.57, 50.76, -8.44, 0.01, 218.90, -52.10);
insert into SHOT values (2604, 2641, 2676, 5494, 2.50, 245.93, -13.90, 2.49, 245.87, -13.92, 0.01, 91.04, 5.69);
insert into SHOT values (2605, 2641, 2677, 5494, 4.03, 51.53, 2.30, 4.02, 51.56, 2.28, 0.01, 205.89, -16.56);
insert into SHOT values (2606, 2641, 2678, 5494, 4.36, 42.23, -0.10, 4.36, 42.21, -0.13, 0.00, 351.93, -58.20);
insert into SHOT values (2607, 2641, 2679, 5494, 4.40, 37.73, -0.10, 4.40, 37.70, -0.13, 0.00, 267.09, -44.68);
insert into SHOT values (2608, 2641, 2680, 5494, 4.82, 32.23, -1.50, 4.82, 32.27, -1.55, 0.01, 175.19, -32.22);
insert into SHOT values (2609, 2641, 2681, 5494, 6.81, 12.63, -7.50, 6.81, 12.66, -7.51, 0.00, 69.11, -14.37);
insert into SHOT values (2610, 2641, 2682, 5494, 6.25, 12.83, -1.00, 6.25, 12.86, -1.01, 0.00, 139.20, -12.67);
insert into SHOT values (2611, 2641, 2683, 5494, 5.82, 19.83, 0.70, 5.81, 19.81, 0.69, 0.01, 220.10, -10.40);
insert into SHOT values (2612, 2641, 2684, 5494, 4.69, 31.43, -10.10, 4.69, 31.45, -10.19, 0.01, 89.80, -71.71);
insert into SHOT values (2613, 2641, 2685, 5494, 4.41, 40.53, -11.80, 4.41, 40.59, -11.90, 0.01, 103.83, -58.18);
insert into SHOT values (2614, 2641, 2686, 5494, 6.82, 13.83, -7.20, 6.82, 13.85, -7.24, 0.01, 92.99, -60.48);
insert into SHOT values (2615, 2641, 2687, 5494, 2.32, 2.13, -3.80, 2.32, 2.23, -3.96, 0.01, 128.93, -49.90);
insert into SHOT values (2616, 2641, 2688, 5494, 6.25, 8.93, 0.40, 6.25, 8.93, 0.37, 0.01, 177.31, -41.20);
insert into SHOT values (2617, 2641, 2689, 5494, 12.39, 15.13, 4.00, 12.39, 15.15, 3.98, 0.01, 108.61, -41.24);
insert into SHOT values (2618, 2641, 2690, 5494, 5.85, 20.63, 4.90, 5.84, 20.61, 4.91, 0.01, 213.58, 2.98);
insert into SHOT values (2619, 2641, 2691, 5494, 4.56, 34.13, -13.70, 4.56, 34.23, -13.71, 0.01, 148.54, -0.12);
insert into SCRAPS values (5495, 5492, 'purgatory-1p', 1);
 insert into MAPS values (5532, 5492, 'mpurgatory-p', NULL, 1, 30.880, 7.770);
 insert into MAPITEMS values (5532, 4, 5495);
 insert into SURVEY values (5534, 24, 'bath', 'bath.primadona.sistem_prima', 'Bath');
 insert into CENTRELINE values (5535, 5534, NULL, NULL, NULL, 0.00, 0.00, 0.00);
 insert into CENTRELINE values (5536, 5534, NULL, '2018-07-24', NULL, 106.59, 0.00, 0.00);
 insert into PERSON values (36, 'Chris', 'Bradley');
insert into TOPO values (36, 5536);
 insert into PERSON values (37, 'Jennifer', 'Ryder');
insert into TOPO values (37, 5536);
 insert into EXPLO values (36, 5536);
 insert into EXPLO values (17, 5536);
 insert into EXPLO values (37, 5536);
 insert into SHOT values (2620, 2692, 2693, 5536, 3.56, 359.63, -0.10, 3.56, 359.68, -0.16, 0.00, 88.55, -49.90);
insert into SHOT values (2621, 2692, 2694, 5536, 3.01, 342.73, -1.70, 3.01, 342.77, -1.72, 0.00, 131.60, -8.91);
insert into SHOT values (2622, 2692, 2695, 5536, 4.17, 316.83, -5.60, 4.17, 316.85, -5.64, 0.00, 351.95, -42.05);
insert into SHOT values (2623, 2692, 2696, 5536, 2.79, 310.83, -4.50, 2.80, 310.78, -4.51, 0.01, 286.58, -11.15);
insert into SHOT values (2624, 2692, 2697, 5536, 2.02, 301.23, -7.40, 2.02, 301.31, -7.40, 0.00, 63.13, 2.88);
insert into SHOT values (2625, 2692, 2698, 5536, 3.77, 11.53, -3.60, 3.77, 11.49, -3.65, 0.01, 330.79, -40.73);
insert into SHOT values (2626, 2692, 2699, 5536, 1.43, 145.03, 0.50, 1.43, 144.98, 0.40, 0.00, 11.94, -54.56);
insert into SHOT values (2627, 2692, 2700, 5536, 1.43, 171.93, 6.90, 1.42, 171.87, 6.85, 0.01, 6.43, -17.75);
insert into SHOT values (2628, 2692, 2701, 5536, 2.92, 195.93, 7.10, 2.92, 196.00, 7.07, 0.01, 233.36, -8.59);
insert into SHOT values (2629, 2692, 2702, 5536, 2.68, 304.33, -17.20, 2.68, 304.19, -17.13, 0.01, 237.22, 20.08);
insert into SHOT values (2630, 2702, 2703, 5536, 1.38, 333.33, -8.00, 1.39, 333.62, -8.29, 0.01, 21.30, -39.87);
insert into SHOT values (2631, 2702, 2704, 5536, 2.23, 4.73, -4.10, 2.23, 4.89, -4.11, 0.01, 64.00, -4.30);
insert into SHOT values (2632, 2702, 2705, 5536, 2.07, 27.33, -2.00, 2.07, 27.31, -2.21, 0.01, 8.39, -74.51);
insert into SHOT values (2633, 2702, 2706, 5536, 2.56, 47.53, 1.30, 2.56, 47.53, 1.12, 0.01, 51.04, -70.32);
insert into SHOT values (2634, 2702, 2707, 5536, 3.85, 82.93, -5.80, 3.86, 82.82, -5.80, 0.01, 46.70, -4.38);
insert into SHOT values (2635, 2702, 2708, 5536, 3.36, 109.63, -3.50, 3.36, 109.52, -3.58, 0.01, 9.77, -36.51);
insert into SHOT values (2636, 2702, 2709, 5536, 2.70, 122.33, -2.10, 2.70, 122.28, -2.12, 0.00, 0.01, -20.44);
insert into SHOT values (2637, 2702, 2710, 5536, 1.64, 126.03, -1.50, 1.64, 125.82, -1.75, 0.01, 44.04, -50.04);
insert into SHOT values (2638, 2702, 2711, 5536, 5.40, 280.23, -88.30, 5.40, 281.31, -88.38, 0.01, 78.49, -16.93);
insert into SHOT values (2639, 2702, 2712, 5536, 5.64, 11.33, -70.50, 5.64, 11.31, -70.47, 0.01, 3.35, -41.17);
insert into SHOT values (2640, 2702, 2713, 5536, 7.16, 45.63, -59.70, 7.17, 45.67, -59.68, 0.01, 64.56, -42.96);
insert into SHOT values (2641, 2702, 2714, 5536, 7.72, 49.83, -55.80, 7.73, 49.86, -55.80, 0.01, 80.54, -48.15);
insert into SHOT values (2642, 2702, 2715, 5536, 3.68, 49.63, -53.50, 3.68, 49.63, -53.48, 0.00, 48.72, -29.82);
insert into SHOT values (2643, 2702, 2716, 5536, 3.07, 50.23, -41.10, 3.07, 50.26, -41.11, 0.00, 90.70, -43.91);
insert into SHOT values (2644, 2702, 2717, 5536, 2.44, 45.03, -30.30, 2.44, 45.00, -30.27, 0.00, 341.59, 43.54);
insert into SHOT values (2645, 2702, 2718, 5536, 1.98, 40.93, -29.60, 1.99, 40.78, -29.53, 0.01, 13.32, -11.85);
insert into SHOT values (2646, 2702, 2719, 5536, 5.96, 42.03, -56.60, 5.97, 42.04, -56.59, 0.01, 50.91, -43.42);
insert into SHOT values (2647, 2719, 2720, 5536, 1.83, 110.33, 42.10, 1.83, 110.31, 42.25, 0.00, 297.13, 40.42);
insert into SHOT values (2648, 2719, 2721, 5536, 3.72, 193.43, 30.80, 3.72, 193.38, 30.86, 0.01, 135.59, 61.63);
insert into SHOT values (2649, 2719, 2722, 5536, 3.86, 103.43, -4.60, 3.86, 103.39, -4.61, 0.00, 324.89, -5.91);
insert into SHOT values (2650, 2719, 2723, 5536, 1.20, 114.63, -75.80, 1.20, 113.96, -75.71, 0.00, 42.08, 42.88);
insert into SHOT values (2651, 2719, 2724, 5536, 0.55, 5.73, 50.20, 0.55, 6.52, 50.01, 0.01, 93.56, -27.65);
insert into SHOT values (2652, 2719, 2725, 5536, 3.18, 289.23, 20.40, 3.18, 289.23, 20.45, 0.00, 109.46, 18.63);
insert into SHOT values (2653, 2719, 2726, 5536, 4.39, 250.13, 15.20, 4.39, 250.11, 15.20, 0.00, 88.23, -13.74);
insert into SHOT values (2654, 2719, 2727, 5536, 5.65, 244.23, 63.60, 5.65, 244.25, 63.62, 0.00, 44.47, -13.32);
insert into SHOT values (2655, 2719, 2728, 5536, 5.85, 215.83, 50.60, 5.85, 215.79, 50.62, 0.00, 80.09, -7.97);
insert into SHOT values (2656, 2719, 2729, 5536, 4.23, 193.33, 47.90, 4.23, 193.25, 47.92, 0.00, 97.15, 21.20);
insert into SHOT values (2657, 2719, 2730, 5536, 5.19, 259.13, 61.20, 5.19, 259.14, 61.26, 0.01, 73.08, 19.18);
insert into SHOT values (2658, 2719, 2731, 5536, 3.37, 286.33, 40.70, 3.37, 286.38, 40.75, 0.00, 46.71, 43.19);
insert into SHOT values (2659, 2719, 2732, 5536, 4.23, 260.03, 22.40, 4.23, 259.98, 22.38, 0.00, 147.25, -31.04);
insert into SHOT values (2660, 2719, 2733, 5536, 2.58, 296.03, 25.20, 2.58, 296.13, 25.19, 0.01, 338.01, 13.71);
insert into SHOT values (2661, 2719, 2734, 5536, 3.63, 233.93, -1.10, 3.63, 233.86, -1.11, 0.00, 130.75, -3.92);
insert into SHOT values (2662, 2719, 2735, 5536, 1.28, 215.23, -62.90, 1.28, 215.88, -63.03, 0.01, 329.91, -4.13);
insert into SHOT values (2663, 2719, 2736, 5536, 2.87, 242.73, -8.70, 2.87, 242.71, -8.62, 0.00, 90.04, 68.82);
insert into SHOT values (2664, 2719, 2737, 5536, 0.86, 212.93, -21.10, 0.86, 213.29, -21.14, 0.01, 311.74, -4.44);
insert into SHOT values (2665, 2719, 2738, 5536, 1.24, 195.43, -42.30, 1.23, 195.26, -42.30, 0.01, 44.06, 38.49);
insert into SHOT values (2666, 2719, 2739, 5536, 0.49, 3.23, 40.50, 0.49, 3.09, 40.81, 0.00, 205.85, 38.43);
insert into SHOT values (2667, 2719, 2740, 5536, 1.23, 164.53, 15.50, 1.23, 164.32, 15.57, 0.00, 58.66, 16.31);
insert into SHOT values (2668, 2719, 2741, 5536, 1.91, 128.23, -8.80, 1.91, 128.33, -8.74, 0.00, 233.51, 32.58);
insert into SHOT values (2669, 2719, 2742, 5536, 2.15, 118.53, -24.70, 2.15, 118.40, -24.72, 0.01, 53.64, -18.35);
insert into SHOT values (2670, 2719, 2743, 5536, 2.45, 66.13, -25.60, 2.45, 65.98, -25.61, 0.01, 355.52, -13.46);
insert into SHOT values (2671, 2719, 2744, 5536, 4.60, 97.93, -7.40, 4.60, 97.93, -7.37, 0.00, 115.53, 49.45);
insert into SHOT values (2672, 2719, 2745, 5536, 5.11, 110.93, -5.60, 5.11, 110.86, -5.62, 0.01, 358.65, -11.82);
insert into SHOT values (2673, 2719, 2746, 5536, 3.97, 101.73, -8.00, 3.97, 101.74, -7.96, 0.00, 144.46, 64.70);
insert into SHOT values (2674, 2719, 2747, 5536, 4.32, 101.93, -7.80, 4.32, 101.86, -7.85, 0.01, 27.62, -36.02);
insert into SHOT values (2675, 2719, 2748, 5536, 3.97, 101.63, -7.80, 3.97, 101.60, -7.82, 0.00, 316.45, -18.01);
insert into SHOT values (2676, 2748, 2749, 5536, 2.48, 318.73, 3.30, 2.48, 318.77, 3.47, 0.01, 104.12, 65.37);
insert into SHOT values (2677, 2748, 2750, 5536, 7.03, 279.43, 5.70, 7.03, 279.38, 5.72, 0.01, 172.31, 17.12);
insert into SHOT values (2678, 2748, 2751, 5536, 4.25, 278.63, -2.40, 4.24, 278.68, -2.43, 0.01, 69.56, -13.00);
insert into SHOT values (2679, 2748, 2752, 5536, 0.61, 316.63, 72.90, 0.62, 317.29, 73.31, 0.01, 96.81, 65.32);
insert into SHOT values (2680, 2748, 2753, 5536, 0.63, 191.23, -81.30, 0.63, 192.53, -81.54, 0.00, 337.37, 36.19);
insert into SHOT values (2681, 2748, 2754, 5536, 1.98, 225.83, 3.70, 1.98, 225.62, 3.77, 0.01, 113.74, 15.87);
insert into SHOT values (2682, 2748, 2755, 5536, 0.30, 36.83, 7.90, 0.30, 36.87, 7.59, 0.00, 41.36, -23.36);
insert into SHOT values (2683, 2748, 2756, 5536, 1.12, 130.63, 11.70, 1.12, 130.21, 11.81, 0.01, 61.64, 18.39);
insert into SHOT values (2684, 2748, 2757, 5536, 1.39, 242.93, -34.60, 1.39, 242.99, -34.61, 0.00, 301.41, -26.17);
insert into SHOT values (2685, 2748, 2758, 5536, 1.60, 179.33, -7.70, 1.60, 179.28, -7.52, 0.01, 163.19, 42.73);
insert into SHOT values (2686, 2748, 2759, 5536, 1.67, 144.53, 4.40, 1.68, 144.50, 4.45, 0.01, 136.96, 19.03);
insert into SHOT values (2687, 2748, 2760, 5536, 0.68, 138.63, 65.50, 0.68, 137.86, 65.45, 0.00, 65.96, 17.22);
insert into SHOT values (2688, 2748, 2761, 5536, 3.79, 157.33, 5.00, 3.79, 157.24, 5.00, 0.01, 50.54, -3.07);
insert into SHOT values (2689, 2748, 2762, 5536, 3.56, 157.93, -8.20, 3.57, 157.87, -8.22, 0.01, 128.49, -16.66);
insert into SHOT values (2690, 2748, 2763, 5536, 1.69, 181.53, 20.30, 1.70, 181.44, 20.35, 0.01, 158.02, 31.67);
insert into SHOT values (2691, 2748, 2764, 5536, 3.77, 158.53, 1.40, 3.77, 158.54, 1.37, 0.00, 172.82, -37.50);
insert into SHOT values (2692, 2764, 2765, 5536, 2.29, 80.93, -8.70, 2.29, 80.87, -8.52, 0.01, 57.03, 48.91);
insert into SHOT values (2693, 2764, 2766, 5536, 2.03, 83.13, 36.00, 2.03, 83.00, 36.16, 0.01, 351.75, 62.77);
insert into SHOT values (2694, 2764, 2767, 5536, 1.54, 66.83, 68.50, 1.55, 67.07, 68.59, 0.01, 151.85, 71.57);
insert into SHOT values (2695, 2764, 2768, 5536, 1.67, 60.63, -11.60, 1.67, 60.78, -11.39, 0.01, 118.51, 49.11);
insert into SHOT values (2696, 2764, 2769, 5536, 4.49, 57.13, -52.00, 4.48, 57.12, -51.95, 0.01, 255.90, 78.03);
insert into SHOT values (2697, 2764, 2770, 5536, 3.77, 27.23, -70.00, 3.77, 27.16, -69.94, 0.00, 1.23, 37.44);
insert into SHOT values (2698, 2764, 2771, 5536, 5.09, 76.53, -46.30, 5.09, 76.52, -46.30, 0.00, 15.77, -7.98);
insert into SHOT values (2699, 2764, 2772, 5536, 0.85, 10.33, -14.30, 0.85, 10.49, -14.30, 0.00, 97.79, -1.23);
insert into SHOT values (2700, 2764, 2773, 5536, 3.61, 78.63, -42.00, 3.61, 78.61, -41.93, 0.01, 355.67, 80.13);
insert into SHOT values (2701, 2773, 2774, 5536, 3.62, 256.53, -6.50, 3.61, 256.47, -6.52, 0.01, 104.45, -1.46);
insert into SHOT values (2702, 2773, 2775, 5536, 2.66, 215.43, -17.90, 2.65, 215.33, -17.99, 0.01, 70.32, -17.49);
insert into SHOT values (2703, 2773, 2776, 5536, 1.43, 104.93, -78.20, 1.43, 103.57, -77.97, 0.01, 54.40, -1.38);
insert into SHOT values (2704, 2773, 2777, 5536, 5.21, 186.23, -11.90, 5.21, 186.19, -11.96, 0.01, 124.68, -57.66);
insert into SHOT values (2705, 2773, 2778, 5536, 2.51, 198.53, -16.90, 2.51, 198.43, -16.90, 0.00, 132.66, -4.57);
insert into SHOT values (2706, 2773, 2779, 5536, 3.50, 180.43, -12.60, 3.49, 180.34, -12.56, 0.01, 44.12, 24.12);
insert into SHOT values (2707, 2773, 2780, 5536, 2.81, 271.23, 17.90, 2.81, 271.29, 17.85, 0.01, 50.77, -40.19);
insert into SHOT values (2708, 2773, 2781, 5536, 2.35, 296.03, 2.30, 2.35, 296.02, 2.20, 0.00, 183.02, -85.62);
insert into SHOT values (2709, 2773, 2782, 5536, 3.50, 282.43, -10.40, 3.50, 282.42, -10.38, 0.00, 113.39, 42.06);
insert into SHOT values (2710, 2773, 2783, 5536, 3.68, 261.23, -12.00, 3.67, 261.19, -12.10, 0.01, 97.47, -32.97);
insert into SHOT values (2711, 2773, 2784, 5536, 2.77, 305.83, -13.90, 2.77, 305.76, -14.00, 0.01, 178.23, -49.47);
insert into SHOT values (2712, 2773, 2785, 5536, 2.34, 284.23, 41.70, 2.34, 284.28, 41.81, 0.00, 80.05, 43.00);
insert into SHOT values (2713, 2773, 2786, 5536, 4.21, 274.43, 60.10, 4.21, 274.38, 60.13, 0.00, 129.90, 6.72);
insert into SHOT values (2714, 2773, 2787, 5536, 4.46, 266.53, 51.30, 4.46, 266.50, 51.33, 0.00, 107.08, -11.24);
insert into SHOT values (2715, 2773, 2788, 5536, 4.32, 268.53, 40.40, 4.32, 268.61, 40.39, 0.00, 344.83, 1.47);
insert into SHOT values (2716, 2773, 2789, 5536, 2.05, 297.63, -3.10, 2.05, 297.69, -3.08, 0.00, 77.76, 13.11);
insert into SHOT values (2717, 2773, 2790, 5536, 3.67, 255.13, -12.50, 3.67, 255.11, -12.60, 0.01, 96.00, -62.27);
insert into SHOT values (2718, 2773, 2791, 5536, 2.33, 267.33, -30.90, 2.33, 267.41, -31.06, 0.01, 65.48, -23.80);
insert into SHOT values (2719, 2773, 2792, 5536, 1.76, 37.03, -39.20, 1.76, 36.95, -39.14, 0.00, 310.26, 53.76);
insert into SHOT values (2720, 2773, 2793, 5536, 1.52, 127.53, -34.00, 1.52, 127.60, -33.96, 0.00, 165.46, -0.62);
insert into SHOT values (2721, 2773, 2794, 5536, 1.77, 101.73, -26.20, 1.77, 101.59, -26.10, 0.01, 60.90, 14.36);
insert into SHOT values (2722, 2773, 2795, 5536, 4.78, 190.03, -7.70, 4.77, 189.98, -7.70, 0.01, 46.15, 3.95);
insert into SHOT values (2723, 2795, 2796, 5536, 0.63, 231.13, 80.50, 0.63, 228.81, 80.27, 0.01, 168.65, -15.70);
insert into SHOT values (2724, 2795, 2797, 5536, 3.63, 113.93, 2.10, 3.62, 113.95, 2.06, 0.01, 281.90, -26.87);
insert into SHOT values (2725, 2795, 2798, 5536, 1.17, 89.83, 6.60, 1.17, 90.00, 6.39, 0.01, 212.53, -47.05);
insert into SHOT values (2726, 2795, 2799, 5536, 0.49, 314.53, 0.10, 0.49, 314.17, 0.00, 0.00, 190.50, -13.12);
insert into SHOT values (2727, 2795, 2800, 5536, 1.70, 354.13, 4.50, 1.69, 354.22, 4.40, 0.01, 149.75, -26.47);
insert into SHOT values (2728, 2795, 2801, 5536, 6.85, 7.43, -0.10, 6.85, 7.38, -0.08, 0.01, 245.06, 18.10);
insert into SHOT values (2729, 2795, 2802, 5536, 1.17, 18.63, 23.20, 1.17, 18.43, 23.16, 0.00, 285.13, -14.19);
insert into SHOT values (2730, 2795, 2803, 5536, 0.98, 59.83, 8.40, 0.98, 60.26, 8.23, 0.01, 165.60, -22.81);
insert into SHOT values (2731, 2795, 2804, 5536, 2.28, 32.73, 7.00, 2.28, 32.70, 7.07, 0.01, 222.52, 22.68);
insert into SHOT values (2732, 2795, 2805, 5536, 1.44, 31.93, -18.20, 1.44, 31.83, -18.24, 0.00, 253.41, -3.80);
insert into SHOT values (2733, 2795, 2806, 5536, 1.86, 19.03, -21.10, 1.86, 18.85, -21.14, 0.01, 265.13, -4.04);
insert into SHOT values (2734, 2795, 2807, 5536, 1.04, 31.63, -41.00, 1.03, 31.85, -41.19, 0.01, 190.80, 15.19);
insert into SHOT values (2735, 2795, 2808, 5536, 0.55, 281.13, 18.90, 0.55, 281.09, 19.10, 0.00, 126.40, 69.15);
insert into SHOT values (2736, 2795, 2809, 5536, 0.65, 204.53, 12.90, 0.65, 204.15, 12.42, 0.01, 139.85, -47.54);
insert into SHOT values (2737, 2795, 2810, 5536, 0.71, 201.13, 77.30, 0.71, 201.80, 76.82, 0.01, 220.36, -24.48);
insert into SHOT values (2738, 2795, 2811, 5536, 1.62, 166.83, 34.70, 1.62, 167.01, 34.59, 0.01, 228.02, -25.20);
insert into SHOT values (2739, 2795, 2812, 5536, 2.18, 119.73, -5.80, 2.18, 119.88, -5.79, 0.01, 216.94, 3.05);
insert into SHOT values (2740, 2795, 2813, 5536, 1.17, 118.33, -31.70, 1.17, 118.89, -31.96, 0.01, 219.21, -27.74);
insert into SHOT values (2741, 2795, 2814, 5536, 2.26, 144.23, 25.00, 2.27, 144.30, 24.80, 0.01, 162.14, -30.79);
insert into SHOT values (2742, 2795, 2815, 5536, 2.98, 138.43, 15.30, 2.98, 138.38, 15.17, 0.01, 82.43, -67.31);
insert into SHOT values (2743, 2795, 2816, 5536, 3.66, 121.73, 9.30, 3.66, 121.75, 9.28, 0.00, 254.02, -33.32);
insert into SHOT values (2744, 2795, 2817, 5536, 4.46, 132.43, 12.00, 4.46, 132.49, 12.02, 0.01, 181.37, 21.68);
insert into SHOT values (2745, 2795, 2818, 5536, 2.83, 127.63, 18.60, 2.83, 127.72, 18.56, 0.01, 239.99, -28.12);
insert into SHOT values (2746, 2795, 2819, 5536, 3.48, 116.33, 9.60, 3.48, 116.49, 9.60, 0.01, 213.02, -2.06);
insert into SHOT values (2747, 2795, 2820, 5536, 1.26, 98.53, 8.20, 1.26, 98.78, 8.23, 0.01, 213.23, 2.71);
insert into SHOT values (2748, 2795, 2821, 5536, 2.27, 115.53, 17.30, 2.27, 115.74, 17.20, 0.01, 223.58, -31.18);
insert into SHOT values (2749, 2795, 2822, 5536, 4.74, 107.93, 0.90, 4.74, 107.94, 0.85, 0.00, 150.42, -72.79);
insert into SHOT values (2750, 2795, 2823, 5536, 3.70, 111.23, 2.30, 3.69, 111.28, 2.33, 0.01, 256.78, 13.37);
insert into SHOT values (2751, 2795, 2824, 5536, 2.79, 133.93, 4.90, 2.79, 133.98, 4.94, 0.00, 233.55, 33.01);
insert into SHOT values (2752, 2795, 2825, 5536, 4.71, 136.33, 12.00, 4.71, 136.41, 12.00, 0.01, 190.16, 5.34);
insert into SHOT values (2753, 2795, 2826, 5536, 4.12, 128.43, 11.40, 4.12, 128.46, 11.35, 0.01, 271.75, -47.79);
insert into SHOT values (2754, 2795, 2827, 5536, 3.89, 132.63, 16.30, 3.89, 132.61, 16.26, 0.00, 117.71, -29.05);
insert into SHOT values (2755, 2795, 2828, 5536, 2.12, 135.73, 10.60, 2.12, 135.97, 10.59, 0.01, 210.49, 0.14);
insert into SHOT values (2756, 2828, 2829, 5536, 3.31, 79.93, -9.10, 3.31, 79.79, -9.20, 0.01, 13.74, -37.09);
insert into SHOT values (2757, 2828, 2830, 5536, 0.82, 88.03, 82.00, 0.82, 85.24, 81.54, 0.01, 44.40, -13.37);
insert into SHOT values (2758, 2828, 2831, 5536, 0.79, 164.23, 21.20, 0.78, 164.05, 21.04, 0.01, 358.62, -32.84);
insert into SHOT values (2759, 2828, 2832, 5536, 2.33, 134.73, 14.30, 2.33, 134.46, 14.18, 0.01, 33.58, -27.33);
insert into SHOT values (2760, 2828, 2833, 5536, 1.58, 91.63, 3.40, 1.58, 91.45, 3.26, 0.01, 35.58, -32.24);
insert into SHOT values (2761, 2828, 2834, 5536, 0.88, 39.43, -0.00, 0.88, 39.47, 0.00, 0.00, 77.12, 0.00);
insert into SHOT values (2762, 2828, 2835, 5536, 1.15, 357.03, -2.10, 1.15, 357.01, -1.99, 0.00, 350.43, 42.30);
insert into SHOT values (2763, 2828, 2836, 5536, 5.29, 65.13, -27.50, 5.29, 65.07, -27.45, 0.01, 24.96, 20.66);
insert into SHOT values (2764, 2828, 2837, 5536, 3.96, 30.33, -51.50, 3.96, 30.41, -51.46, 0.01, 67.54, -8.70);
insert into SHOT values (2765, 2828, 2838, 5536, 0.87, 80.83, -26.90, 0.88, 80.42, -27.12, 0.01, 32.74, -40.38);
insert into SHOT values (2766, 2828, 2839, 5536, 3.33, 80.23, -8.90, 3.34, 80.22, -8.96, 0.01, 78.86, -31.07);
insert into SHOT values (2767, 2828, 2840, 5536, 1.43, 83.33, 12.90, 1.44, 83.03, 12.87, 0.01, 34.61, 4.42);
insert into SHOT values (2768, 2828, 2841, 5536, 3.13, 74.93, -12.70, 3.13, 74.83, -12.72, 0.01, 15.34, -16.96);
insert into SHOT values (2769, 2841, 2842, 5536, 0.51, 2.23, 80.60, 0.51, 0.00, 80.91, 0.01, 225.03, -34.56);
insert into SHOT values (2770, 2841, 2843, 5536, 1.11, 329.43, 17.40, 1.11, 329.31, 17.32, 0.00, 212.51, -39.84);
insert into SHOT values (2771, 2841, 2844, 5536, 0.94, 275.13, 77.90, 0.94, 276.01, 78.27, 0.01, 69.06, 7.52);
insert into SHOT values (2772, 2841, 2845, 5536, 1.30, 269.73, 45.90, 1.29, 269.36, 45.94, 0.01, 140.57, -25.83);
insert into SHOT values (2773, 2841, 2846, 5536, 1.42, 296.43, -17.70, 1.42, 296.38, -17.66, 0.00, 145.44, 34.62);
insert into SHOT values (2774, 2841, 2847, 5536, 3.45, 275.83, -22.80, 3.45, 275.78, -22.87, 0.01, 125.81, -31.94);
insert into SHOT values (2775, 2841, 2848, 5536, 3.80, 273.53, 0.10, 3.80, 273.47, 0.15, 0.01, 143.34, 35.71);
insert into SHOT values (2776, 2841, 2849, 5536, 3.51, 280.03, -37.60, 3.51, 279.94, -37.57, 0.00, 200.18, 19.85);
insert into SHOT values (2777, 2841, 2850, 5536, 3.28, 320.33, -46.70, 3.28, 320.42, -46.80, 0.01, 103.17, -24.92);
insert into SHOT values (2778, 2841, 2851, 5536, 1.86, 336.93, -40.70, 1.86, 337.07, -40.60, 0.00, 44.63, 37.69);
insert into SHOT values (2779, 2841, 2852, 5536, 0.90, 311.93, 30.40, 0.90, 311.88, 30.56, 0.01, 298.14, 58.58);
insert into SHOT values (2780, 2841, 2853, 5536, 0.87, 148.63, 10.20, 0.87, 148.35, 9.92, 0.01, 75.90, -42.99);
insert into SHOT values (2781, 2841, 2854, 5536, 3.10, 174.43, -47.50, 3.11, 174.53, -47.48, 0.01, 211.37, -34.24);
insert into SHOT values (2782, 2841, 2855, 5536, 0.91, 176.63, 28.90, 0.91, 176.42, 28.76, 0.01, 146.43, 2.16);
insert into SHOT values (2783, 2841, 2856, 5536, 0.90, 255.03, 67.10, 0.90, 255.17, 67.04, 0.00, 286.05, 28.10);
insert into SHOT values (2784, 2841, 2857, 5536, 3.34, 316.23, -39.60, 3.34, 316.26, -39.60, 0.00, 12.27, -29.89);
insert into SHOT values (2785, 2841, 2858, 5536, 3.18, 257.83, -42.00, 3.18, 257.79, -42.03, 0.00, 177.84, -52.20);
insert into SHOT values (2786, 2841, 2859, 5536, 0.44, 190.43, -67.80, 0.44, 190.01, -67.17, 0.01, 179.23, -21.94);
insert into SHOT values (2787, 2841, 2860, 5536, 0.84, 169.53, 25.10, 0.84, 169.43, 25.26, 0.00, 139.11, 54.30);
insert into SHOT values (2788, 2841, 2861, 5536, 0.89, 157.73, -2.60, 0.89, 157.48, -2.58, 0.00, 47.68, 5.22);
insert into SHOT values (2789, 2841, 2862, 5536, 2.57, 163.83, -42.50, 2.57, 163.76, -42.55, 0.00, 94.79, -59.19);
insert into SHOT values (2790, 2862, 2863, 5536, 1.98, 38.23, 3.10, 1.98, 38.21, 3.19, 0.01, 227.07, 32.32);
insert into SHOT values (2791, 2862, 2864, 5536, 3.40, 5.13, 0.60, 3.39, 5.07, 0.68, 0.01, 211.51, 31.10);
insert into SHOT values (2792, 2862, 2865, 5536, 4.12, 337.13, -0.30, 4.11, 337.11, -0.28, 0.01, 166.89, 14.36);
insert into SHOT values (2793, 2862, 2866, 5536, 4.25, 319.63, -0.80, 4.25, 319.68, -0.81, 0.00, 47.60, -10.15);
insert into SHOT values (2794, 2862, 2867, 5536, 4.36, 308.43, -3.00, 4.36, 308.37, -2.90, 0.01, 171.09, 53.02);
insert into SHOT values (2795, 2862, 2868, 5536, 1.36, 286.03, -7.70, 1.36, 285.89, -7.59, 0.01, 245.75, 23.55);
insert into SHOT values (2796, 2862, 2869, 5536, 1.40, 249.43, 0.10, 1.40, 249.49, 0.41, 0.01, 19.91, 74.54);
insert into SHOT values (2797, 2862, 2870, 5536, 2.03, 183.83, 0.70, 2.04, 183.95, 0.84, 0.01, 224.06, 38.62);
insert into SHOT values (2798, 2862, 2871, 5536, 0.93, 213.33, 62.50, 0.94, 213.69, 62.47, 0.01, 253.66, 50.16);
insert into SHOT values (2799, 2862, 2872, 5536, 1.42, 194.23, 31.70, 1.42, 194.38, 31.84, 0.01, 289.61, 49.48);
insert into SHOT values (2800, 2862, 2873, 5536, 1.66, 216.33, 16.10, 1.67, 216.37, 16.02, 0.01, 225.72, -2.70);
insert into SHOT values (2801, 2862, 2874, 5536, 2.28, 350.83, 44.50, 2.28, 350.77, 44.63, 0.01, 187.89, 19.42);
insert into SHOT values (2802, 2862, 2875, 5536, 3.00, 339.23, 47.50, 3.00, 339.15, 47.67, 0.01, 193.09, 57.78);
insert into SHOT values (2803, 2862, 2876, 5536, 3.31, 6.73, 13.80, 3.31, 6.79, 13.82, 0.00, 123.81, 6.20);
insert into SHOT values (2804, 2862, 2877, 5536, 1.83, 349.73, 24.00, 1.83, 349.63, 24.22, 0.01, 200.35, 46.84);
insert into SHOT values (2805, 2862, 2878, 5536, 1.87, 335.53, 34.20, 1.88, 335.59, 34.39, 0.01, 17.33, 74.75);
insert into SHOT values (2806, 2862, 2879, 5536, 1.61, 318.83, 34.60, 1.61, 318.98, 34.76, 0.01, 45.08, 58.94);
insert into SHOT values (2807, 2862, 2880, 5536, 2.95, 300.03, -12.40, 2.95, 299.94, -12.32, 0.01, 252.26, 31.01);
insert into SHOT values (2808, 2862, 2881, 5536, 1.09, 37.73, -16.30, 1.09, 37.64, -15.97, 0.01, 356.40, 66.83);
insert into SHOT values (2809, 2862, 2882, 5536, 0.66, 327.93, -44.40, 0.66, 327.99, -44.28, 0.00, 43.20, 72.01);
insert into SHOT values (2810, 2862, 2883, 5536, 0.80, 278.93, -49.30, 0.80, 278.75, -48.75, 0.01, 258.43, 53.95);
insert into SHOT values (2811, 2862, 2884, 5536, 4.02, 306.93, -3.30, 4.02, 306.90, -3.28, 0.00, 235.46, 33.89);
insert into SHOT values (2812, 2884, 2885, 5536, 4.32, 89.43, 6.10, 4.32, 89.47, 6.11, 0.01, 122.45, 9.62);
insert into SHOT values (2813, 2884, 2886, 5536, 4.15, 74.73, 6.50, 4.15, 74.68, 6.50, 0.00, 31.11, 2.65);
insert into SHOT values (2814, 2884, 2887, 5536, 2.55, 60.83, 5.60, 2.56, 60.81, 5.62, 0.01, 54.39, 13.01);
insert into SHOT values (2815, 2884, 2888, 5536, 2.42, 43.23, 0.90, 2.42, 43.33, 0.95, 0.00, 138.27, 25.50);
insert into SHOT values (2816, 2884, 2889, 5536, 1.65, 81.93, 53.40, 1.66, 81.87, 53.34, 0.01, 72.88, 40.54);
insert into SHOT values (2817, 2884, 2890, 5536, 2.87, 119.43, 70.40, 2.88, 119.23, 70.45, 0.01, 25.95, 62.01);
insert into SHOT values (2818, 2884, 2891, 5536, 3.75, 114.63, 52.90, 3.75, 114.53, 52.86, 0.00, 55.04, -11.69);
insert into SHOT values (2819, 2884, 2892, 5536, 3.41, 97.33, 39.90, 3.42, 97.23, 39.88, 0.01, 55.81, 22.42);
insert into SHOT values (2820, 2884, 2893, 5536, 1.50, 169.83, 12.90, 1.50, 169.77, 13.08, 0.01, 115.78, 69.23);
insert into SHOT values (2821, 2884, 2894, 5536, 1.76, 171.73, 35.90, 1.76, 171.53, 35.85, 0.01, 80.22, -22.25);
insert into SHOT values (2822, 2884, 2895, 5536, 4.53, 122.23, 3.90, 4.53, 122.25, 3.93, 0.00, 272.26, 30.16);
insert into SHOT values (2823, 2884, 2896, 5536, 4.49, 108.33, 8.00, 4.49, 108.35, 8.06, 0.01, 202.12, 67.94);
insert into SHOT values (2824, 2884, 2897, 5536, 3.47, 100.43, 56.90, 3.47, 100.36, 56.99, 0.01, 308.71, 33.44);
insert into SHOT values (2825, 2884, 2898, 5536, 2.63, 138.23, 77.20, 2.63, 137.79, 77.27, 0.01, 21.94, 47.52);
insert into SHOT values (2826, 2884, 2899, 5536, 1.42, 82.43, 81.40, 1.43, 81.87, 81.44, 0.01, 346.39, 70.84);
insert into SHOT values (2827, 2884, 2900, 5536, 0.63, 14.33, 7.80, 0.63, 14.93, 8.25, 0.01, 130.63, 31.61);
insert into SHOT values (2828, 2884, 2901, 5536, 0.48, 269.73, 10.10, 0.48, 270.00, 10.84, 0.01, 48.60, 59.67);
insert into SHOT values (2829, 2884, 2902, 5536, 0.96, 208.83, 9.60, 0.96, 209.00, 9.57, 0.00, 258.40, -1.53);
insert into SHOT values (2830, 2884, 2903, 5536, 1.37, 174.73, 8.20, 1.37, 174.50, 8.39, 0.01, 87.29, 40.50);
insert into SHOT values (2831, 2884, 2904, 5536, 1.55, 161.63, 8.00, 1.55, 161.80, 8.15, 0.01, 228.88, 40.23);
insert into SHOT values (2832, 2884, 2905, 5536, 1.72, 143.93, 6.20, 1.72, 143.80, 6.34, 0.01, 56.55, 48.27);
insert into SHOT values (2833, 2884, 2906, 5536, 2.28, 133.13, 7.90, 2.28, 133.03, 8.07, 0.01, 24.46, 57.45);
insert into SHOT values (2834, 2884, 2907, 5536, 4.65, 123.43, 4.00, 4.65, 123.48, 4.07, 0.01, 196.53, 49.03);
insert into SHOT values (2835, 2884, 2908, 5536, 4.49, 114.63, 3.20, 4.50, 114.62, 3.19, 0.01, 111.79, -7.09);
insert into SHOT values (2836, 2884, 2909, 5536, 1.69, 107.43, 3.90, 1.69, 107.58, 4.06, 0.01, 165.49, 44.16);
insert into SHOT values (2837, 2884, 2910, 5536, 4.47, 90.63, 5.40, 4.47, 90.64, 5.39, 0.00, 175.47, -26.69);
insert into SHOT values (2838, 2884, 2911, 5536, 2.60, 103.33, -14.80, 2.60, 103.32, -14.69, 0.01, 98.21, 46.17);
insert into SHOT values (2839, 2884, 2912, 5536, 2.42, 117.43, -17.60, 2.42, 117.34, -17.55, 0.00, 45.49, 25.85);
insert into SHOT values (2840, 2884, 2913, 5536, 2.18, 70.73, -16.60, 2.18, 70.70, -16.54, 0.00, 281.82, 53.10);
insert into SHOT values (2841, 2884, 2914, 5536, 2.50, 92.73, -14.90, 2.50, 92.85, -14.85, 0.01, 212.32, 25.29);
insert into SHOT values (2842, 2862, 2915, 5536, 3.79, 202.23, 0.90, 3.79, 202.17, 0.91, 0.00, 120.54, 6.62);
insert into SHOT values (2843, 2915, 2916, 5536, 0.85, 197.43, 64.40, 0.85, 197.45, 64.52, 0.00, 359.11, 83.12);
insert into SHOT values (2844, 2915, 2917, 5536, 3.35, 178.33, 2.10, 3.35, 178.46, 2.22, 0.01, 244.62, 40.18);
insert into SHOT values (2845, 2915, 2918, 5536, 1.51, 199.13, 2.60, 1.51, 199.40, 2.66, 0.01, 312.01, 11.00);
insert into SHOT values (2846, 2915, 2919, 5536, 7.01, 16.13, 3.50, 7.01, 16.10, 3.52, 0.00, 245.52, 28.09);
insert into SHOT values (2847, 2915, 2920, 5536, 0.32, 88.53, 3.70, 0.32, 88.21, 3.57, 0.00, 23.34, -18.45);
insert into SHOT values (2848, 2915, 2921, 5536, 10.06, 178.53, -46.60, 10.06, 178.59, -46.60, 0.01, 268.63, -4.89);
insert into SHOT values (2849, 2915, 2922, 5536, 4.51, 200.13, -54.40, 4.50, 200.30, -54.37, 0.01, 307.38, 40.41);
insert into SHOT values (2850, 2915, 2923, 5536, 1.24, 261.13, -80.30, 1.24, 261.87, -80.14, 0.00, 301.93, 28.35);
insert into SHOT values (2851, 2915, 2924, 5536, 9.43, 150.93, -59.20, 9.43, 150.99, -59.22, 0.01, 271.48, -0.07);
insert into SHOT values (2852, 2915, 2925, 5536, 13.94, 155.93, -65.90, 13.94, 155.96, -65.88, 0.01, 211.96, 54.73);
insert into SHOT values (2853, 2915, 2926, 5536, 10.97, 188.03, -65.00, 10.97, 188.06, -65.00, 0.00, 284.94, 38.91);
insert into SHOT values (2854, 2915, 2927, 5536, 14.04, 163.43, -67.20, 14.04, 163.43, -67.21, 0.01, 337.84, 30.29);
insert into SHOT values (2855, 2915, 2928, 5536, 7.34, 149.93, -54.70, 7.34, 149.99, -54.72, 0.01, 275.40, 4.72);
insert into SHOT values (2856, 2915, 2929, 5536, 6.32, 192.93, -60.50, 6.32, 193.01, -60.52, 0.01, 310.50, 7.39);
insert into SHOT values (2857, 2915, 2930, 5536, 10.78, 192.03, -68.20, 10.78, 192.12, -68.22, 0.01, 313.21, -6.59);
insert into SHOT values (2858, 2915, 2931, 5536, 9.27, 144.53, -63.30, 9.27, 144.59, -63.33, 0.01, 286.18, 11.78);
insert into SHOT values (2859, 2915, 2932, 5536, 0.75, 169.63, -18.90, 0.75, 170.27, -18.67, 0.01, 255.32, 20.11);
insert into SHOT values (2860, 2915, 2933, 5536, 4.70, 168.03, -16.30, 4.70, 168.09, -16.32, 0.01, 296.75, -7.54);
insert into SHOT values (2861, 2915, 2934, 5536, 1.71, 182.03, 17.80, 1.72, 182.11, 18.00, 0.01, 220.04, 62.64);
insert into SHOT values (2862, 2915, 2935, 5536, 0.81, 236.43, 1.10, 0.82, 236.50, 1.41, 0.01, 247.71, 38.12);
insert into SHOT values (2863, 2915, 2936, 5536, 10.68, 185.13, -58.50, 10.68, 185.14, -58.47, 0.01, 213.38, 68.48);
insert into SHOT values (2864, 2915, 2937, 5536, 14.02, 160.33, -65.20, 14.01, 160.33, -65.18, 0.01, 174.89, 70.01);
insert into SHOT values (2865, 2915, 2938, 5536, 0.22, 171.53, -62.40, 0.21, 174.29, -62.12, 0.01, 279.20, 44.32);
insert into SHOT values (2866, 2915, 2939, 5536, 14.23, 171.43, -62.50, 14.23, 171.43, -62.49, 0.00, 169.84, 37.90);
insert into SHOT values (2867, 2915, 2940, 5536, 14.29, 171.43, -62.40, 14.29, 171.49, -62.38, 0.01, 243.39, 26.39);
insert into SHOT values (2868, 2940, 2941, 5536, 0.21, 171.53, -62.40, 0.21, 167.47, -64.12, 0.01, 42.28, -24.84);
insert into SHOT values (2869, 2940, 2942, 5536, 2.73, 38.43, 0.90, 2.73, 38.46, 0.84, 0.00, 65.63, -37.06);
insert into SHOT values (2870, 2940, 2943, 5536, 3.67, 5.83, 1.60, 3.67, 5.94, 1.56, 0.01, 87.08, -18.09);
insert into SHOT values (2871, 2940, 2944, 5536, 3.07, 339.33, 3.10, 3.07, 339.38, 3.17, 0.00, 49.93, 53.68);
insert into SHOT values (2872, 2940, 2945, 5536, 3.75, 14.43, 33.30, 3.75, 14.39, 33.28, 0.00, 349.03, 14.08);
insert into SHOT values (2873, 2940, 2946, 5536, 9.52, 8.13, 48.70, 9.52, 8.14, 48.69, 0.00, 93.78, -48.80);
insert into SHOT values (2874, 2940, 2947, 5536, 13.43, 352.73, 63.10, 13.43, 352.72, 63.10, 0.00, 344.43, 48.50);
insert into SHOT values (2875, 2940, 2948, 5536, 7.76, 327.33, 64.80, 7.76, 327.46, 64.76, 0.01, 22.75, -8.71);
insert into SHOT values (2876, 2940, 2949, 5536, 8.15, 5.23, 46.60, 8.15, 5.22, 46.57, 0.00, 357.89, -24.20);
insert into SHOT values (2877, 2940, 2950, 5536, 4.24, 32.63, 72.50, 4.24, 32.57, 72.40, 0.01, 22.50, -29.26);
insert into SHOT values (2878, 2940, 2951, 5536, 4.24, 77.83, 69.60, 4.24, 77.55, 69.49, 0.01, 32.34, -22.41);
insert into SHOT values (2879, 2940, 2952, 5536, 3.63, 30.23, 45.20, 3.63, 30.27, 45.23, 0.00, 91.45, 61.30);
insert into SHOT values (2880, 2940, 2953, 5536, 3.72, 8.73, 26.90, 3.72, 8.84, 26.84, 0.01, 82.14, -24.45);
insert into SHOT values (2881, 2940, 2954, 5536, 2.57, 309.23, 16.00, 2.57, 309.42, 16.02, 0.01, 25.78, 10.66);
insert into SHOT values (2882, 2940, 2955, 5536, 1.46, 281.53, 62.10, 1.46, 281.80, 62.05, 0.00, 350.21, -4.82);
insert into SHOT values (2883, 2940, 2956, 5536, 3.07, 96.13, 10.80, 3.07, 96.09, 10.70, 0.01, 40.83, -65.01);
insert into SHOT values (2884, 2940, 2957, 5536, 2.43, 122.63, 14.30, 2.44, 122.55, 14.26, 0.01, 93.54, -1.73);
insert into SHOT values (2885, 2940, 2958, 5536, 1.98, 141.53, 13.30, 1.98, 141.34, 13.47, 0.01, 7.88, 27.50);
insert into SHOT values (2886, 2940, 2959, 5536, 3.52, 163.93, 6.40, 3.52, 163.90, 6.36, 0.00, 48.82, -49.79);
insert into SHOT values (2887, 2940, 2960, 5536, 1.66, 188.03, 7.30, 1.66, 188.03, 7.27, 0.00, 348.72, -65.56);
insert into SHOT values (2888, 2940, 2961, 5536, 0.86, 235.03, 11.90, 0.86, 235.18, 12.09, 0.00, 349.33, 48.06);
insert into SHOT values (2889, 2940, 2962, 5536, 4.27, 46.63, 69.80, 4.27, 46.37, 69.76, 0.01, 346.75, 19.01);
insert into SHOT values (2890, 2940, 2963, 5536, 11.46, 1.53, 62.30, 11.47, 1.50, 62.29, 0.01, 338.02, 33.21);
insert into SHOT values (2891, 2940, 2964, 5536, 13.06, 353.43, 66.00, 13.06, 353.41, 65.99, 0.00, 326.77, -14.43);
insert into SHOT values (2892, 2940, 2965, 5536, 14.35, 346.43, 69.30, 14.35, 346.43, 69.30, 0.00, 148.96, -77.33);
insert into SHOT values (2893, 2940, 2966, 5536, 7.65, 332.83, 49.70, 7.65, 332.87, 49.64, 0.01, 357.44, -28.37);
insert into SHOT values (2894, 2940, 2967, 5536, 2.69, 177.73, 14.90, 2.68, 177.57, 14.90, 0.01, 42.55, -9.40);
insert into SHOT values (2895, 2940, 2968, 5536, 3.38, 162.63, 12.00, 3.38, 162.55, 11.97, 0.01, 27.84, -24.53);
insert into SHOT values (2896, 2940, 2969, 5536, 2.11, 143.93, 19.00, 2.11, 143.76, 19.07, 0.01, 64.45, 27.53);
insert into SHOT values (2897, 2940, 2970, 5536, 2.05, 130.83, 20.00, 2.05, 130.79, 19.95, 0.00, 104.13, -25.35);
insert into SHOT values (2898, 2940, 2971, 5536, 3.06, 106.93, 17.90, 3.06, 106.76, 17.88, 0.01, 28.73, -3.29);
insert into SHOT values (2899, 2940, 2972, 5536, 3.13, 92.23, 9.00, 3.13, 92.22, 9.00, 0.00, 82.16, 22.30);
insert into SHOT values (2900, 2940, 2973, 5536, 2.84, 173.53, 7.30, 2.83, 173.46, 7.31, 0.01, 15.01, -5.28);
insert into SHOT values (2901, 2973, 2974, 5536, 2.90, 118.73, -7.20, 2.90, 118.88, -7.13, 0.01, 202.88, 24.06);
insert into SHOT values (2902, 2973, 2975, 5536, 4.10, 113.33, -30.70, 4.10, 113.37, -30.63, 0.01, 145.54, 33.41);
insert into SHOT values (2903, 2973, 2976, 5536, 10.45, 103.43, -41.30, 10.46, 103.47, -41.29, 0.01, 151.20, -20.36);
insert into SHOT values (2904, 2973, 2977, 5536, 11.26, 95.63, -50.00, 11.26, 95.63, -50.03, 0.01, 263.23, -55.93);
insert into SHOT values (2905, 2973, 2978, 5536, 9.59, 82.33, -51.20, 9.59, 82.35, -51.17, 0.01, 116.72, 36.34);
insert into SHOT values (2906, 2973, 2979, 5536, 3.10, 132.03, -34.70, 3.10, 132.14, -34.63, 0.01, 220.71, 44.04);
insert into SHOT values (2907, 2973, 2980, 5536, 4.69, 131.63, -58.40, 4.69, 131.71, -58.29, 0.01, 157.96, 29.47);
insert into SHOT values (2908, 2973, 2981, 5536, 0.96, 56.73, -6.30, 0.96, 56.98, -5.98, 0.01, 147.59, 52.16);
insert into SHOT values (2909, 2973, 2982, 5536, 0.61, 108.03, 77.20, 0.62, 111.04, 76.93, 0.01, 169.68, 31.82);
insert into SHOT values (2910, 2973, 2983, 5536, 1.52, 326.93, 7.70, 1.52, 326.94, 7.58, 0.00, 138.19, -50.65);
insert into SHOT values (2911, 2973, 2984, 5536, 6.46, 343.63, 7.50, 6.46, 343.58, 7.48, 0.01, 222.34, -25.33);
insert into SHOT values (2912, 2973, 2985, 5536, 5.37, 11.63, 1.80, 5.36, 11.62, 1.82, 0.01, 193.37, 10.12);
insert into SHOT values (2913, 2973, 2986, 5536, 4.81, 54.93, -76.30, 4.81, 55.05, -76.34, 0.01, 206.89, 31.40);
insert into SHOT values (2914, 2973, 2987, 5536, 9.04, 79.43, -48.30, 9.04, 79.46, -48.31, 0.00, 204.52, -5.87);
insert into SHOT values (2915, 2973, 2988, 5536, 9.33, 73.53, -56.10, 9.33, 73.59, -56.10, 0.01, 181.64, 35.56);
insert into SHOT values (2916, 2973, 2989, 5536, 9.17, 63.43, -57.50, 9.17, 63.49, -57.48, 0.01, 139.78, 36.23);
insert into SHOT values (2917, 2973, 2990, 5536, 3.12, 128.83, -35.80, 3.12, 128.91, -35.71, 0.01, 201.94, 53.77);
insert into SHOT values (2918, 2973, 2991, 5536, 4.68, 127.33, -53.60, 4.69, 127.41, -53.57, 0.01, 165.12, -26.45);
insert into SHOT values (2919, 2973, 2992, 5536, 4.86, 125.63, -66.40, 4.86, 125.81, -66.35, 0.01, 192.90, 27.40);
insert into SHOT values (2920, 2973, 2993, 5536, 9.23, 75.53, -57.30, 9.23, 75.60, -57.31, 0.01, 163.68, -23.71);
insert into SHOT values (2921, 2973, 2994, 5536, 9.16, 66.23, -57.10, 9.16, 66.27, -57.12, 0.01, 210.07, 7.93);
insert into SHOT values (2922, 2973, 2995, 5536, 9.82, 86.23, -50.00, 9.82, 86.28, -49.99, 0.01, 164.36, 24.56);
insert into SHOT values (2923, 2973, 2996, 5536, 10.57, 105.03, -41.50, 10.57, 105.07, -41.46, 0.01, 150.47, 24.33);
insert into SHOT values (2924, 2973, 2997, 5536, 6.54, 96.73, -38.40, 6.54, 96.83, -38.38, 0.01, 180.43, 13.46);
insert into SHOT values (2925, 2973, 2998, 5536, 6.94, 89.13, -37.80, 6.94, 89.16, -37.79, 0.01, 220.42, 37.33);
insert into SHOT values (2926, 2973, 2999, 5536, 1.14, 85.43, -15.90, 1.14, 85.80, -15.84, 0.01, 201.32, 16.20);
insert into SHOT values (2927, 2973, 3000, 5536, 2.08, 103.03, -12.20, 2.08, 103.08, -12.21, 0.00, 202.02, -13.31);
insert into SHOT values (2928, 2973, 3001, 5536, 5.66, 85.83, -55.50, 5.66, 85.89, -55.45, 0.01, 141.30, 47.16);
insert into SHOT values (2929, 3001, 3002, 5536, 5.67, 82.53, -52.70, 5.67, 82.46, -52.75, 0.01, 294.69, 2.57);
insert into SHOT values (2930, 3001, 3003, 5536, 3.17, 241.33, 22.90, 3.17, 241.33, 22.86, 0.00, 61.27, -56.29);
insert into SHOT values (2931, 3001, 3004, 5536, 3.51, 266.23, 37.60, 3.51, 266.30, 37.53, 0.01, 300.55, -15.23);
insert into SHOT values (2932, 3001, 3005, 5536, 5.12, 239.73, 60.50, 5.12, 239.78, 60.45, 0.01, 291.02, -65.84);
insert into SHOT values (2933, 3001, 3006, 5536, 4.40, 194.23, 87.10, 4.40, 195.26, 87.03, 0.01, 231.44, -32.82);
insert into SHOT values (2934, 3001, 3007, 5536, 3.46, 126.13, 25.40, 3.45, 126.14, 25.38, 0.01, 301.08, -37.81);
insert into SHOT values (2935, 3001, 3008, 5536, 2.15, 83.73, 19.70, 2.15, 83.75, 19.60, 0.01, 240.00, -63.63);
insert into SHOT values (2936, 3001, 3009, 5536, 3.85, 58.23, -41.70, 3.85, 58.25, -41.85, 0.01, 226.18, -59.46);
insert into SHOT values (2937, 3001, 3010, 5536, 2.80, 70.53, -13.70, 2.80, 70.43, -13.85, 0.01, 303.53, -50.39);
insert into SHOT values (2938, 3001, 3011, 5536, 5.19, 120.83, -7.60, 5.19, 120.85, -7.63, 0.01, 147.64, -38.77);
insert into SHOT values (2939, 3001, 3012, 5536, 5.00, 134.63, -4.70, 4.99, 134.67, -4.71, 0.01, 275.43, -2.69);
insert into SHOT values (2940, 3001, 3013, 5536, 5.45, 139.93, -25.80, 5.46, 139.96, -25.85, 0.01, 167.02, -55.99);
insert into SHOT values (2941, 3001, 3014, 5536, 5.81, 134.83, -38.50, 5.81, 134.91, -38.53, 0.01, 227.03, -25.53);
insert into SHOT values (2942, 3001, 3015, 5536, 5.65, 107.63, -48.90, 5.65, 107.70, -48.90, 0.01, 177.69, -24.08);
insert into SHOT values (2943, 3001, 3016, 5536, 11.48, 162.33, -51.00, 11.49, 162.37, -51.01, 0.01, 207.34, -49.36);
insert into SHOT values (2944, 3001, 3017, 5536, 11.31, 162.63, -49.70, 11.31, 162.66, -49.72, 0.01, 289.03, -43.03);
insert into SHOT values (2945, 3001, 3018, 5536, 12.06, 157.33, -56.70, 12.06, 157.35, -56.70, 0.00, 258.21, -3.96);
insert into SHOT values (2946, 3001, 3019, 5536, 2.84, 187.53, 32.50, 2.84, 187.66, 32.33, 0.01, 229.13, -35.67);
insert into SHOT values (2947, 3001, 3020, 5536, 1.83, 154.43, 11.30, 1.83, 154.58, 11.04, 0.01, 254.59, -60.76);
insert into SHOT values (2948, 3001, 3021, 5536, 12.79, 160.93, -53.10, 12.79, 160.93, -53.10, 0.00, 165.62, -41.73);
insert into SHOT values (2949, 3021, 3022, 5536, 12.79, 168.73, -51.00, 12.79, 168.75, -51.02, 0.01, 316.85, -3.41);
insert into SHOT values (2950, 3021, 3023, 5536, 6.93, 353.83, 78.20, 6.93, 353.53, 78.18, 0.01, 277.93, -24.81);
insert into SHOT values (2951, 3021, 3024, 5536, 14.98, 347.73, 56.60, 14.98, 347.68, 56.58, 0.01, 287.74, -39.01);
insert into SHOT values (2952, 3021, 3025, 5536, 14.26, 352.23, 49.10, 14.26, 352.18, 49.10, 0.01, 263.57, 11.91);
insert into SHOT values (2953, 3021, 3026, 5536, 6.05, 345.73, 9.80, 6.05, 345.73, 9.80, 0.00, 355.93, 5.73);
insert into SHOT values (2954, 3021, 3027, 5536, 6.78, 345.93, 30.00, 6.78, 345.92, 29.98, 0.01, 333.92, 0.00);
insert into SHOT values (2955, 3021, 3028, 5536, 7.23, 341.33, 48.50, 7.23, 341.26, 48.45, 0.01, 283.19, -38.09);
insert into SHOT values (2956, 3021, 3029, 5536, 6.54, 347.73, -5.70, 6.54, 347.67, -5.70, 0.01, 279.13, -3.82);
insert into SHOT values (2957, 3021, 3030, 5536, 7.32, 316.53, 1.80, 7.32, 316.49, 1.80, 0.01, 274.82, 0.67);
insert into SHOT values (2958, 3021, 3031, 5536, 6.04, 312.83, 34.60, 6.04, 312.80, 34.59, 0.00, 274.46, 3.48);
insert into SHOT values (2959, 3021, 3032, 5536, 6.34, 317.33, 61.20, 6.34, 317.39, 61.15, 0.01, 3.47, -52.89);
insert into SHOT values (2960, 3021, 3033, 5536, 3.34, 287.33, -10.80, 3.34, 287.39, -10.87, 0.01, 34.10, -49.86);
insert into SHOT values (2961, 3021, 3034, 5536, 3.15, 285.53, 26.40, 3.15, 285.61, 26.37, 0.00, 342.61, -6.93);
insert into SHOT values (2962, 3021, 3035, 5536, 5.29, 289.13, 69.00, 5.29, 289.10, 69.02, 0.00, 136.37, 40.15);
insert into SHOT values (2963, 3021, 3036, 5536, 1.59, 35.03, 33.10, 1.59, 34.89, 33.21, 0.00, 260.77, 20.43);
insert into SHOT values (2964, 3021, 3037, 5536, 6.73, 18.83, 86.90, 6.73, 17.45, 86.88, 0.01, 306.54, -0.94);
insert into SHOT values (2965, 3021, 3038, 5536, 2.20, 29.13, 39.60, 2.20, 28.99, 39.61, 0.01, 261.39, -24.36);
insert into SHOT values (2966, 3021, 3039, 5536, 2.72, 274.33, 0.40, 2.73, 274.41, 0.42, 0.01, 301.52, 6.29);
insert into SHOT values (2967, 3021, 3040, 5536, 4.38, 284.83, 61.60, 4.38, 284.70, 61.52, 0.01, 243.21, -22.62);
insert into SHOT values (2968, 3021, 3041, 5536, 5.60, 302.43, 74.40, 5.60, 302.53, 74.39, 0.00, 24.70, -53.70);
insert into SHOT values (2969, 3021, 3042, 5536, 8.41, 317.63, -3.40, 8.41, 317.61, -3.41, 0.00, 223.25, -22.91);
insert into SHOT values (2970, 3021, 3043, 5536, 8.06, 335.43, -0.20, 8.06, 335.44, -0.21, 0.00, 88.94, -46.43);
insert into SHOT values (2971, 3021, 3044, 5536, 5.34, 6.83, 10.40, 5.34, 6.77, 10.35, 0.01, 318.92, -31.08);
insert into SHOT values (2972, 3021, 3045, 5536, 6.52, 307.33, 1.70, 6.52, 307.27, 1.67, 0.01, 257.25, -23.60);
insert into SHOT values (2973, 3045, 3046, 5536, 2.54, 206.63, 44.90, 2.54, 206.42, 44.88, 0.01, 104.39, -23.95);
insert into SHOT values (2974, 3045, 3047, 5536, 2.69, 210.73, 21.90, 2.68, 210.69, 21.89, 0.01, 43.75, -23.70);
insert into SHOT values (2975, 3045, 3048, 5536, 6.86, 137.23, 15.30, 6.86, 137.14, 15.30, 0.01, 42.51, -1.01);
insert into SHOT values (2976, 3045, 3049, 5536, 6.83, 114.83, 15.30, 6.83, 114.78, 15.29, 0.01, 8.57, -20.01);
insert into SHOT values (2977, 3045, 3050, 5536, 5.66, 97.63, 12.20, 5.67, 97.57, 12.23, 0.01, 57.98, 26.06);
insert into SHOT values (2978, 3045, 3051, 5536, 3.82, 69.53, 6.10, 3.82, 69.51, 6.16, 0.00, 46.96, 62.49);
insert into SHOT values (2979, 3045, 3052, 5536, 2.82, 32.73, 6.60, 2.83, 32.78, 6.70, 0.01, 58.54, 42.27);
insert into SHOT values (2980, 3045, 3053, 5536, 5.50, 93.73, 7.50, 5.51, 93.67, 7.51, 0.01, 62.67, 12.29);
insert into SHOT values (2981, 3045, 3054, 5536, 8.35, 121.03, 31.40, 8.35, 120.99, 31.40, 0.00, 35.32, -5.56);
insert into SHOT values (2982, 3045, 3055, 5536, 6.69, 95.53, 39.10, 6.69, 95.52, 39.09, 0.00, 89.40, 18.09);
insert into SHOT values (2983, 3045, 3056, 5536, 6.53, 83.03, 38.90, 6.53, 83.00, 38.86, 0.01, 61.86, -5.33);
insert into SHOT values (2984, 3045, 3057, 5536, 3.03, 47.53, 46.60, 3.03, 47.52, 46.50, 0.01, 46.32, -13.97);
insert into SHOT values (2985, 3045, 3058, 5536, 8.21, 115.73, 48.90, 8.22, 115.66, 48.88, 0.01, 70.86, 21.12);
insert into SHOT values (2986, 3045, 3059, 5536, 7.05, 126.33, 45.40, 7.05, 126.29, 45.40, 0.00, 37.68, 4.02);
insert into SHOT values (2987, 3045, 3060, 5536, 1.30, 185.83, -25.20, 1.30, 185.37, -25.08, 0.01, 88.80, 20.45);
insert into SHOT values (2988, 3045, 3061, 5536, 1.40, 237.63, -79.80, 1.40, 236.98, -80.19, 0.01, 73.71, -12.27);
insert into SHOT values (2989, 3045, 3062, 5536, 1.27, 189.23, -10.30, 1.27, 189.24, -10.46, 0.00, 6.00, -40.79);
insert into SHOT values (2990, 3045, 3063, 5536, 1.75, 164.53, 51.10, 1.75, 164.20, 50.99, 0.01, 97.48, -15.64);
insert into SHOT values (2991, 3045, 3064, 5536, 2.29, 228.13, -4.20, 2.29, 228.20, -4.26, 0.01, 7.83, -27.04);
insert into SHOT values (2992, 3045, 3065, 5536, 2.62, 208.73, 22.60, 2.62, 208.69, 22.68, 0.00, 66.63, 48.42);
insert into SHOT values (2993, 3045, 3066, 5536, 4.85, 222.83, -14.90, 4.85, 222.75, -14.94, 0.01, 112.73, -23.73);
insert into SHOT values (2994, 3045, 3067, 5536, 2.86, 237.03, -19.10, 2.85, 236.96, -19.03, 0.01, 83.26, 38.71);
insert into SHOT values (2995, 3067, 3068, 5536, 2.86, 235.03, -18.30, 2.86, 235.20, -18.34, 0.01, 322.21, -13.70);
insert into SHOT values (2996, 3067, 3069, 5536, 0.55, 172.03, 46.50, 0.54, 172.30, 46.25, 0.01, 333.00, -58.26);
insert into SHOT values (2997, 3067, 3070, 5536, 0.22, 101.73, -67.30, 0.23, 104.04, -68.56, 0.01, 228.73, -59.42);
insert into SHOT values (2998, 3067, 3071, 5536, 0.97, 201.33, 1.90, 0.97, 201.80, 1.77, 0.01, 292.54, -15.06);
insert into SHOT values (2999, 3067, 3072, 5536, 2.06, 161.73, -1.20, 2.05, 161.83, -1.40, 0.01, 314.61, -40.25);
insert into SHOT values (3000, 3067, 3073, 5536, 6.25, 148.43, -0.80, 6.25, 148.42, -0.83, 0.01, 333.98, -29.73);
insert into SHOT values (3001, 3067, 3074, 5536, 1.26, 125.43, 4.40, 1.26, 125.59, 4.10, 0.01, 244.30, -58.41);
insert into SHOT values (3002, 3067, 3075, 5536, 1.32, 78.73, 10.00, 1.31, 78.43, 9.63, 0.01, 320.38, -50.38);
insert into SHOT values (3003, 3067, 3076, 5536, 2.49, 88.13, 29.50, 2.48, 88.14, 29.45, 0.01, 262.07, -45.23);
insert into SHOT values (3004, 3067, 3077, 5536, 2.91, 113.83, 22.30, 2.91, 113.90, 22.24, 0.01, 230.81, -48.49);
insert into SHOT values (3005, 3067, 3078, 5536, 1.83, 186.03, -5.30, 1.83, 185.99, -5.34, 0.00, 32.04, -21.18);
insert into SHOT values (3006, 3067, 3079, 5536, 5.30, 140.13, 10.20, 5.29, 140.14, 10.12, 0.01, 308.79, -58.52);
insert into SHOT values (3007, 3067, 3080, 5536, 6.33, 145.73, 6.90, 6.33, 145.70, 6.90, 0.00, 20.98, -8.30);
insert into SHOT values (3008, 3067, 3081, 5536, 3.05, 143.33, 2.60, 3.05, 143.28, 2.45, 0.01, 4.01, -65.78);
insert into SHOT values (3009, 3067, 3082, 5536, 6.94, 150.43, 3.90, 6.93, 150.47, 3.89, 0.01, 284.93, -15.21);
insert into SHOT values (3010, 3067, 3083, 5536, 7.00, 151.13, 4.20, 7.00, 151.12, 4.18, 0.00, 342.98, -37.11);
insert into SHOT values (3011, 3083, 3084, 5536, 5.82, 150.63, 1.00, 5.82, 150.66, 0.99, 0.00, 283.59, -19.78);
insert into SHOT values (3012, 3084, 3085, 5536, 3.54, 182.43, 4.70, 3.55, 182.43, 4.69, 0.01, 186.86, -0.70);
insert into SHOT values (3013, 3084, 3086, 5536, 2.76, 172.43, 16.70, 2.76, 172.39, 16.64, 0.00, 71.58, -61.66);
insert into SHOT values (3014, 3084, 3087, 5536, 1.44, 150.23, 19.50, 1.44, 150.05, 19.41, 0.01, 106.61, -6.26);
insert into SHOT values (3015, 3084, 3088, 5536, 1.20, 86.43, 57.20, 1.20, 86.48, 57.19, 0.00, 112.93, 45.05);
insert into SHOT values (3016, 3084, 3089, 5536, 1.10, 43.03, -79.50, 1.10, 45.00, -79.61, 0.01, 153.80, 12.23);
insert into SHOT values (3017, 3084, 3090, 5536, 1.43, 46.53, -10.50, 1.42, 46.74, -10.52, 0.01, 182.86, 4.61);
insert into SHOT values (3018, 3084, 3091, 5536, 1.50, 3.63, -5.40, 1.50, 3.84, -5.36, 0.01, 93.64, 11.84);
insert into SHOT values (3019, 3084, 3092, 5536, 0.39, 253.83, 12.20, 0.38, 253.01, 12.00, 0.01, 122.04, -18.55);
insert into SHOT values (3020, 3084, 3093, 5536, 2.33, 285.03, -0.20, 2.33, 284.93, -0.25, 0.00, 175.66, -24.43);
insert into SHOT values (3021, 3084, 3094, 5536, 3.98, 298.83, -4.90, 3.98, 298.83, -4.91, 0.00, 116.20, -0.51);
insert into SHOT values (3022, 3084, 3095, 5536, 1.91, 285.63, -14.50, 1.91, 285.69, -14.55, 0.00, 23.21, -40.78);
insert into SHOT values (3023, 3084, 3096, 5536, 3.08, 294.83, -15.40, 3.07, 294.75, -15.47, 0.01, 143.71, -13.92);
insert into SHOT values (3024, 3084, 3097, 5536, 2.55, 287.93, -21.40, 2.55, 287.90, -21.38, 0.00, 233.98, 18.18);
insert into SHOT values (3025, 3084, 3098, 5536, 3.30, 307.33, -5.80, 3.30, 307.32, -5.74, 0.00, 137.11, 73.72);
insert into SHOT values (3026, 3084, 3099, 5536, 4.52, 297.63, -0.50, 4.51, 297.59, -0.51, 0.01, 142.58, -4.29);
insert into SHOT values (3027, 3084, 3100, 5536, 1.21, 0.13, 77.60, 1.21, 0.00, 77.57, 0.00, 286.55, -71.31);
insert into SHOT values (3028, 3084, 3101, 5536, 1.36, 86.33, 65.30, 1.37, 86.99, 65.28, 0.01, 155.89, 32.24);
insert into SHOT values (3029, 3084, 3102, 5536, 3.40, 305.33, -1.60, 3.39, 305.28, -1.69, 0.01, 151.35, -40.27);
insert into SHOT values (3030, 3084, 3103, 5536, 1.86, 287.33, -7.90, 1.86, 287.35, -8.03, 0.00, 316.21, -67.38);
insert into SHOT values (3031, 3084, 3104, 5536, 3.22, 307.93, -5.70, 3.21, 308.02, -5.71, 0.01, 85.35, -1.48);
insert into SHOT values (3032, 3104, 3105, 5536, 1.98, 254.43, 12.30, 1.99, 254.46, 12.21, 0.01, 264.41, -15.48);
insert into SHOT values (3033, 3104, 3106, 5536, 1.34, 255.33, 53.40, 1.35, 254.93, 53.21, 0.01, 223.02, 22.05);
insert into SHOT values (3034, 3104, 3107, 5536, 1.63, 257.13, -31.60, 1.63, 257.16, -31.36, 0.01, 264.00, 31.77);
insert into SHOT values (3035, 3104, 3108, 5536, 1.39, 259.73, -51.50, 1.40, 259.46, -51.25, 0.01, 236.48, -11.94);
insert into SHOT values (3036, 3104, 3109, 5536, 1.96, 267.43, -65.40, 1.96, 267.21, -65.24, 0.01, 235.56, 19.44);
insert into SHOT values (3037, 3104, 3110, 5536, 11.11, 289.13, -40.00, 11.12, 289.12, -39.96, 0.01, 278.56, 8.49);
insert into SHOT values (3038, 3104, 3111, 5536, 11.65, 289.93, -42.10, 11.65, 289.88, -42.09, 0.01, 210.12, 3.85);
insert into SHOT values (3039, 3104, 3112, 5536, 4.44, 285.03, -19.40, 4.44, 284.93, -19.33, 0.01, 222.40, 31.39);
insert into SHOT values (3040, 3104, 3113, 5536, 2.41, 276.23, 19.30, 2.42, 276.04, 19.31, 0.01, 232.86, 17.30);
insert into SHOT values (3041, 3104, 3114, 5536, 0.71, 288.73, 76.20, 0.71, 287.35, 76.34, 0.00, 174.87, 6.43);
insert into SHOT values (3042, 3104, 3115, 5536, 0.56, 20.43, 42.70, 0.56, 20.22, 43.18, 0.01, 212.66, 1.96);
insert into SHOT values (3043, 3104, 3116, 5536, 1.06, 221.73, 0.40, 1.06, 221.95, 0.54, 0.01, 283.57, 29.30);
insert into SHOT values (3044, 3104, 3117, 5536, 2.48, 143.73, 1.10, 2.48, 143.87, 1.16, 0.01, 262.02, 18.72);
insert into SHOT values (3045, 3104, 3118, 5536, 5.65, 156.43, 11.30, 5.65, 156.49, 11.33, 0.01, 251.89, 25.65);
insert into SHOT values (3046, 3104, 3119, 5536, 3.75, 151.53, 9.70, 3.75, 151.56, 9.67, 0.00, 252.07, -37.89);
insert into SHOT values (3047, 3104, 3120, 5536, 3.51, 143.53, 10.80, 3.52, 143.59, 10.82, 0.01, 176.56, 17.00);
insert into SHOT values (3048, 3104, 3121, 5536, 2.35, 144.43, -0.10, 2.34, 144.55, 0.00, 0.01, 281.35, 29.55);
insert into SHOT values (3049, 3104, 3122, 5536, 2.74, 147.83, -11.80, 2.74, 147.97, -11.81, 0.01, 271.69, 2.24);
insert into SHOT values (3050, 3104, 3123, 5536, 1.63, 148.43, -23.80, 1.63, 148.44, -23.89, 0.00, 305.37, -64.34);
insert into SHOT values (3051, 3104, 3124, 5536, 1.44, 152.43, -30.50, 1.44, 152.61, -30.51, 0.00, 267.64, 11.19);
insert into SHOT values (3052, 3104, 3125, 5536, 1.60, 144.83, -52.40, 1.60, 145.01, -52.44, 0.00, 229.51, -37.00);
insert into SHOT values (3053, 3104, 3126, 5536, 2.07, 235.63, 38.80, 2.08, 235.82, 38.75, 0.01, 275.38, 18.99);
insert into SHOT values (3054, 3104, 3127, 5536, 2.02, 255.73, -8.60, 2.03, 255.55, -8.52, 0.01, 209.95, 13.26);
insert into SHOT values (3055, 3104, 3128, 5536, 3.73, 294.23, -38.50, 3.73, 294.02, -38.44, 0.01, 225.37, 10.03);
insert into SHOT values (3056, 3128, 3129, 5536, 3.99, 306.83, 0.40, 3.99, 306.96, 0.43, 0.01, 23.75, 13.06);
insert into SHOT values (3057, 3128, 3130, 5536, 1.29, 257.73, -0.00, 1.29, 257.91, 0.00, 0.00, 6.99, 0.00);
insert into SHOT values (3058, 3128, 3131, 5536, 1.48, 212.23, -3.50, 1.48, 211.96, -3.50, 0.01, 92.49, 2.59);
insert into SHOT values (3059, 3128, 3132, 5536, 1.35, 174.73, -1.20, 1.35, 174.46, -1.28, 0.01, 56.17, -13.55);
insert into SHOT values (3060, 3128, 3133, 5536, 1.72, 118.83, 6.40, 1.72, 118.66, 6.34, 0.01, 31.36, -19.54);
insert into SHOT values (3061, 3128, 3134, 5536, 1.76, 158.53, 43.70, 1.75, 158.28, 43.61, 0.01, 45.74, -45.36);
insert into SHOT values (3062, 3128, 3135, 5536, 2.59, 194.33, 50.90, 2.59, 194.21, 50.96, 0.00, 57.76, 0.46);
insert into SHOT values (3063, 3128, 3136, 5536, 2.34, 243.63, 57.90, 2.34, 243.64, 57.97, 0.01, 59.67, -25.76);
insert into SHOT values (3064, 3128, 3137, 5536, 2.65, 285.43, 54.50, 2.65, 285.48, 54.59, 0.00, 79.21, 36.69);
insert into SHOT values (3065, 3128, 3138, 5536, 0.48, 8.23, 17.80, 0.49, 8.65, 16.75, 0.01, 30.94, -36.94);
insert into SHOT values (3066, 3128, 3139, 5536, 0.41, 60.93, 16.00, 0.42, 60.26, 15.26, 0.01, 33.14, -16.54);
insert into SHOT values (3067, 3128, 3140, 5536, 0.61, 317.73, 27.70, 0.61, 318.01, 27.49, 0.00, 83.73, -46.94);
insert into SHOT values (3068, 3128, 3141, 5536, 2.21, 247.43, -47.90, 2.20, 247.62, -48.11, 0.01, 42.92, -1.12);
insert into SHOT values (3069, 3128, 3142, 5536, 2.00, 215.03, -43.60, 2.00, 215.12, -43.73, 0.01, 12.09, -7.04);
insert into SHOT values (3070, 3128, 3143, 5536, 2.02, 176.63, -62.90, 2.02, 176.23, -63.13, 0.01, 34.23, -9.65);
insert into SHOT values (3071, 3128, 3144, 5536, 1.46, 288.33, -75.50, 1.47, 289.44, -75.75, 0.01, 54.21, -36.95);
insert into SHOT values (3072, 3144, 3145, 5536, 1.46, 279.43, -74.40, 1.45, 278.75, -74.26, 0.01, 211.89, 50.79);
insert into SHOT values (3073, 3144, 3146, 5536, 3.84, 333.63, -4.80, 3.84, 333.64, -4.78, 0.00, 353.66, 37.17);
insert into SHOT values (3074, 3144, 3147, 5536, 4.62, 295.13, -4.80, 4.62, 295.06, -4.72, 0.01, 200.86, 51.62);
insert into SHOT values (3075, 3144, 3148, 5536, 4.81, 277.73, -4.90, 4.81, 277.67, -4.89, 0.00, 194.13, 10.82);
insert into SHOT values (3076, 3144, 3149, 5536, 3.65, 326.13, 35.80, 3.65, 326.15, 35.85, 0.01, 359.71, 67.08);
insert into SHOT values (3077, 3144, 3150, 5536, 1.92, 326.53, 76.70, 1.92, 325.95, 76.57, 0.01, 283.75, 12.83);
insert into SHOT values (3078, 3144, 3151, 5536, 3.75, 266.03, 77.90, 3.75, 265.66, 77.82, 0.01, 226.44, 22.42);
insert into SHOT values (3079, 3144, 3152, 5536, 0.68, 52.53, 2.30, 0.68, 52.79, 2.53, 0.00, 167.28, 38.10);
insert into SHOT values (3080, 3144, 3153, 5536, 1.09, 30.93, -0.80, 1.09, 31.05, -0.53, 0.01, 181.66, 46.57);
insert into SHOT values (3081, 3144, 3154, 5536, 2.53, 4.23, -2.40, 2.53, 4.09, -2.27, 0.01, 261.83, 43.01);
insert into SHOT values (3082, 3144, 3155, 5536, 3.54, 352.33, 0.90, 3.54, 352.21, 0.97, 0.01, 286.09, 29.76);
insert into SHOT values (3083, 3144, 3156, 5536, 1.29, 131.23, 5.10, 1.29, 131.52, 5.35, 0.01, 243.33, 36.74);
insert into SHOT values (3084, 3144, 3157, 5536, 1.62, 189.33, 16.50, 1.62, 189.64, 16.51, 0.01, 288.42, -0.69);
insert into SHOT values (3085, 3144, 3158, 5536, 1.79, 217.43, 25.80, 1.79, 217.44, 25.82, 0.00, 250.48, 57.05);
insert into SHOT values (3086, 3144, 3159, 5536, 2.40, 226.73, 57.20, 2.40, 226.87, 57.20, 0.00, 289.25, 36.20);
insert into SHOT values (3087, 3144, 3160, 5536, 3.33, 219.53, 72.70, 3.33, 219.66, 72.75, 0.00, 3.59, 9.61);
insert into SHOT values (3088, 3144, 3161, 5536, 4.42, 163.43, 72.10, 4.42, 163.71, 72.17, 0.01, 285.48, 26.92);
insert into SHOT values (3089, 3144, 3162, 5536, 3.63, 329.93, 32.30, 3.63, 329.84, 32.33, 0.01, 205.02, 2.97);
insert into SHOT values (3090, 3144, 3163, 5536, 5.16, 306.93, 34.00, 5.16, 306.92, 34.04, 0.00, 250.93, 86.24);
insert into SHOT values (3091, 3144, 3164, 5536, 4.58, 282.33, 7.80, 4.59, 282.32, 7.89, 0.01, 280.33, 49.86);
insert into SHOT values (3092, 3144, 3165, 5536, 1.73, 262.13, 20.50, 1.74, 262.22, 20.58, 0.01, 292.18, 38.44);
insert into SHOT values (3093, 3144, 3166, 5536, 1.69, 265.53, 51.00, 1.69, 265.68, 51.16, 0.01, 6.04, 65.88);
insert into SHOT values (3094, 3144, 3167, 5536, 3.81, 285.43, 72.30, 3.81, 285.47, 72.25, 0.00, 298.99, 5.34);
insert into SHOT values (3095, 3144, 3168, 5536, 2.58, 301.23, 50.00, 2.58, 301.20, 50.02, 0.00, 277.44, 62.35);
insert into SHOT values (3096, 3144, 3169, 5536, 2.33, 292.83, 31.80, 2.34, 292.82, 31.78, 0.01, 290.07, 23.05);
insert into SHOT values (3097, 3144, 3170, 5536, 4.55, 291.63, 7.60, 4.56, 291.57, 7.69, 0.01, 253.46, 46.63);
insert into SHOT values (3098, 3144, 3171, 5536, 5.58, 294.03, -23.60, 5.58, 294.01, -23.57, 0.00, 172.36, 63.47);
insert into SHOT values (3099, 3144, 3172, 5536, 5.00, 317.63, -28.40, 5.00, 317.58, -28.29, 0.01, 276.98, 54.39);
insert into SHOT values (3100, 3144, 3173, 5536, 0.79, 298.03, -46.00, 0.79, 297.95, -45.27, 0.01, 290.96, 54.19);
insert into SHOT values (3101, 3144, 3174, 5536, 0.83, 263.23, -41.60, 0.83, 263.56, -41.40, 0.00, 311.18, 12.28);
insert into SHOT values (3102, 3144, 3175, 5536, 0.87, 337.63, -35.80, 0.86, 337.44, -35.39, 0.01, 209.37, 72.10);
insert into SHOT values (3103, 3144, 3176, 5536, 19.71, 302.93, -85.00, 19.71, 302.68, -84.98, 0.01, 245.10, 29.22);
insert into SCRAPS values (5537, 5534, 'bath-1p', 1);
 insert into SCRAPS values (5589, 5534, 'bath-2p', 1);
 insert into SCRAPS values (5628, 5534, 'bath-3p', 1);
 insert into MAPS values (5657, 5534, 'm1p', NULL, 1, 106.590, 42.630);
 insert into MAPITEMS values (5657, 4, 5537);
 insert into MAPS values (5658, 5534, 'm2p', NULL, 1, 106.590, 42.630);
 insert into MAPITEMS values (5658, 4, 5589);
 insert into MAPS values (5659, 5534, 'm3p', NULL, 1, 106.590, 42.630);
 insert into MAPITEMS values (5659, 4, 5628);
 insert into MAPS values (5660, 5534, 'mbath-p', NULL, 1, 106.590, 42.630);
 insert into MAPITEMS values (5660, 4, 5657);
 insert into MAPITEMS values (5660, 4, 5658);
 insert into MAPITEMS values (5660, 4, 5659);
 insert into SURVEY values (5665, 24, 'holy_moley', 'holy_moley.primadona.sistem_prima', 'holy_moley');
 insert into CENTRELINE values (5666, 5665, NULL, NULL, NULL, 0.00, 0.00, 0.00);
 insert into CENTRELINE values (5667, 5665, NULL, '2018-07-12', NULL, 47.75, 0.00, 0.00);
 insert into EXPLO values (36, 5667);
 insert into EXPLO values (18, 5667);
 insert into EXPLO values (28, 5667);
 insert into SHOT values (3104, 3177, 3178, 5667, 5.76, 357.52, 16.00, 5.82, 356.93, 15.45, 0.10, 318.39, -22.41);
insert into SHOT values (3105, 3178, 3179, 5667, 4.56, 303.52, 0.00, 4.65, 303.69, -0.37, 0.10, 312.00, -18.03);
insert into SHOT values (3106, 3179, 3180, 5667, 4.01, 26.52, 10.00, 4.03, 25.79, 9.70, 0.06, 324.27, -15.90);
insert into SHOT values (3107, 3180, 3181, 5667, 5.88, 321.52, 3.00, 5.98, 321.33, 2.59, 0.11, 309.55, -20.84);
insert into SHOT values (3108, 3181, 3182, 5667, 10.10, 6.52, 8.00, 10.15, 5.47, 7.36, 0.22, 295.24, -28.48);
insert into SHOT values (3109, 3182, 3183, 5667, 6.97, 150.52, 44.00, 6.88, 150.78, 44.44, 0.10, 318.06, -12.22);
insert into SHOT values (3110, 3183, 3184, 5667, 6.04, 151.52, -4.00, 5.95, 151.75, -4.43, 0.10, 316.48, -22.94);
insert into SHOT values (3111, 3184, 3185, 5667, 2.78, 42.52, 44.00, 2.76, 41.54, 43.82, 0.04, 297.07, -30.79);
insert into SHOT values (3112, 3185, 3186, 5667, 1.65, 134.52, 0.00, 1.56, 134.48, -0.37, 0.09, 315.24, -6.05);
insert into SCRAPS values (5668, 5665, 'holy_moley-p1', 1);
 insert into SCRAPS values (5701, 5665, 'holy_moley-p2', 1);
 insert into MAPS values (5711, 5665, 'm1p', NULL, 1, 47.750, 10.040);
 insert into MAPITEMS values (5711, 4, 5668);
 insert into MAPS values (5712, 5665, 'm2p', NULL, 1, 47.750, 10.040);
 insert into MAPITEMS values (5712, 4, 5701);
 insert into MAPS values (5713, 5665, 'mholy_moley-p', NULL, 1, 47.750, 10.040);
 insert into MAPITEMS values (5713, 4, 5711);
 insert into MAPITEMS values (5713, 4, 5712);
 insert into SURVEY values (5716, 24, 'adequately_hammered', 'adequately_hammered.primadona.sistem_prima', 'Adequately Hammered');
 insert into CENTRELINE values (5717, 5716, NULL, NULL, NULL, 0.00, 0.00, 0.00);
 insert into CENTRELINE values (5718, 5716, NULL, '2018-07-16', NULL, 16.73, 0.00, 0.00);
 insert into TOPO values (27, 5718);
 insert into PERSON values (38, 'David', 'Kirkpatrick');
insert into TOPO values (38, 5718);
 insert into EXPLO values (27, 5718);
 insert into EXPLO values (38, 5718);
 insert into EXPLO values (37, 5718);
 insert into SHOT values (3113, 3187, 3188, 5718, 3.00, 49.52, 0.00, 2.99, 48.80, -0.38, 0.04, 305.22, -27.02);
insert into SHOT values (3114, 3188, 3189, 5718, 13.73, 4.52, 90.00, 13.70, 0.00, 88.87, 0.27, 0.00, -6.34);
insert into SURVEY values (5720, 24, 'canticle_for_migovec', 'canticle_for_migovec.primadona.sistem_prima', NULL);
 insert into CENTRELINE values (5721, 5720, NULL, NULL, NULL, 0.00, 0.00, 0.00);
 insert into SCRAPS values (5722, 5720, 'canticle_for_migovec-p1', 1);
 insert into SCRAPS values (5737, 5720, 'canticle_for_migovec-p3', 1);
 insert into SCRAPS values (5757, 5720, 'canticle_for_migovec-p2', 1);
 insert into MAPS values (5773, 5720, 'mcanticle_for_migovec-p1', NULL, 1, 189.340, 58.970);
 insert into MAPITEMS values (5773, 4, 5722);
 insert into MAPS values (5774, 5720, 'mcanticle_for_migovec-p2', NULL, 1, 189.340, 58.970);
 insert into MAPITEMS values (5774, 4, 5757);
 insert into MAPS values (5775, 5720, 'mcanticle_for_migovec-p3', NULL, 1, 189.340, 58.970);
 insert into MAPITEMS values (5775, 4, 5737);
 insert into MAPS values (5776, 5720, 'mcanticle_for_migovec-p', NULL, 1, 189.340, 58.970);
 insert into MAPITEMS values (5776, 4, 5773);
 insert into MAPITEMS values (5776, 4, 5774);
 insert into MAPITEMS values (5776, 4, 5775);
 insert into CENTRELINE values (5777, 5720, NULL, '2018-07-28', NULL, 189.34, 0.00, 0.00);
 insert into TOPO values (25, 5777);
 insert into TOPO values (18, 5777);
 insert into SHOT values (3115, 3190, 3191, 5777, 5.11, 15.13, 39.50, 5.11, 15.13, 39.47, 0.00, 14.72, -5.45);
insert into SHOT values (3116, 3191, 3192, 5777, 3.08, 26.43, 14.60, 3.07, 26.39, 14.72, 0.01, 215.95, 17.96);
insert into SHOT values (3117, 3192, 3193, 5777, 2.00, 97.53, 0.70, 2.01, 97.44, 0.57, 0.01, 74.79, -30.08);
insert into SHOT values (3118, 3193, 3194, 5777, 2.04, 16.33, 0.40, 2.04, 16.22, 0.28, 0.01, 303.55, -45.21);
insert into SHOT values (3119, 3194, 3195, 5777, 5.57, 71.23, -15.40, 5.57, 71.23, -15.29, 0.01, 71.08, 56.94);
insert into SHOT values (3120, 3195, 3196, 5777, 4.41, 27.23, 8.00, 4.40, 27.15, 7.96, 0.01, 248.60, -23.35);
insert into SHOT values (3121, 3196, 3197, 5777, 3.52, 59.23, 20.10, 3.52, 59.24, 20.11, 0.00, 190.24, 14.40);
insert into SHOT values (3122, 3197, 3198, 5777, 4.15, 60.23, -5.70, 4.15, 60.27, -5.66, 0.01, 94.94, 21.27);
insert into SHOT values (3123, 3198, 3199, 5777, 5.37, 28.23, 10.90, 5.37, 28.17, 10.84, 0.01, 314.35, -43.50);
insert into SHOT values (3124, 3199, 3200, 5777, 3.56, 73.63, 24.40, 3.56, 73.69, 24.40, 0.00, 188.58, -9.55);
insert into SHOT values (3125, 3200, 3201, 5777, 7.28, 26.63, 3.10, 7.28, 26.64, 3.15, 0.01, 48.25, 68.14);
insert into SHOT values (3126, 3201, 3202, 5777, 3.47, 339.73, -2.90, 3.47, 339.73, -2.97, 0.00, 141.03, -75.43);
insert into SHOT values (3127, 3202, 3203, 5777, 2.00, 353.53, -22.90, 2.00, 353.45, -22.95, 0.00, 254.92, -35.89);
insert into SHOT values (3128, 3203, 3204, 5777, 8.17, 345.43, 6.20, 8.17, 345.45, 6.25, 0.01, 105.15, 64.66);
insert into SHOT values (3129, 3204, 3205, 5777, 4.13, 324.93, 2.90, 4.13, 324.96, 2.77, 0.01, 0.96, -64.84);
insert into SHOT values (3130, 3205, 3206, 5777, 3.36, 18.53, 6.20, 3.36, 18.49, 6.32, 0.01, 332.30, 66.12);
insert into SHOT values (3131, 3206, 3207, 5777, 8.58, 312.43, 5.30, 8.58, 312.39, 5.28, 0.01, 225.68, -24.56);
insert into SHOT values (3132, 3207, 3208, 5777, 1.74, 7.73, -0.90, 1.74, 7.94, -0.99, 0.01, 123.38, -20.24);
insert into SHOT values (3133, 3208, 3209, 5777, 2.79, 56.03, -19.70, 2.79, 56.01, -19.67, 0.00, 36.28, 10.13);
insert into SHOT values (3134, 3209, 3210, 5777, 7.90, 354.23, 2.60, 7.90, 354.18, 2.61, 0.01, 253.66, 13.88);
insert into SHOT values (3135, 3210, 3211, 5777, 4.77, 56.63, 1.50, 4.78, 56.61, 1.44, 0.01, 48.01, -24.73);
insert into SHOT values (3136, 3211, 3212, 5777, 3.98, 341.63, -6.90, 3.98, 341.57, -6.78, 0.01, 272.61, 60.20);
insert into SHOT values (3137, 3212, 3213, 5777, 14.19, 90.83, 54.20, 14.19, 90.83, 54.20, 0.00, 94.34, 72.40);
insert into SHOT values (3138, 3213, 3214, 5777, 2.14, 186.03, 15.00, 2.14, 186.10, 14.87, 0.01, 213.88, -36.48);
insert into SHOT values (3139, 3214, 3215, 5777, 6.81, 105.83, 51.10, 6.81, 105.85, 51.06, 0.01, 122.12, 1.39);
insert into SHOT values (3140, 3215, 3216, 5777, 9.27, 137.23, 40.50, 9.26, 137.24, 40.53, 0.01, 302.80, -2.71);
insert into SHOT values (3141, 3216, 3217, 5777, 1.67, 21.03, -7.70, 1.68, 21.16, -7.54, 0.01, 49.46, 24.86);
insert into SHOT values (3142, 3217, 3218, 5777, 5.00, 279.93, 60.40, 5.00, 279.77, 60.30, 0.01, 231.38, -38.75);
insert into SHOT values (3143, 3218, 3219, 5777, 2.06, 84.93, -12.90, 2.06, 84.86, -12.90, 0.00, 356.63, -2.41);
insert into SHOT values (3144, 3219, 3220, 5777, 10.23, 129.83, 11.40, 10.24, 129.78, 11.44, 0.01, 71.40, 41.02);
insert into SHOT values (3145, 3220, 3221, 5777, 3.17, 224.13, 12.20, 3.18, 224.09, 12.18, 0.01, 204.06, 0.87);
insert into SHOT values (3146, 3221, 3222, 5777, 3.08, 171.63, 5.00, 3.07, 171.55, 4.85, 0.01, 30.35, -52.52);
insert into SHOT values (3147, 3222, 3223, 5777, 3.00, 83.33, 62.60, 3.01, 83.34, 62.68, 0.01, 252.21, 78.67);
insert into SHOT values (3148, 3223, 3224, 5777, 6.34, 128.33, -0.50, 6.34, 128.41, -0.54, 0.01, 202.03, -27.55);
insert into SHOT values (3149, 3224, 3225, 5777, 4.15, 227.73, -10.00, 4.14, 227.78, -10.01, 0.01, 24.76, 3.66);
insert into SHOT values (3150, 3225, 3226, 5777, 19.61, 165.93, 88.40, 19.61, 166.46, 88.38, 0.01, 199.39, -14.03);
insert into SHOT values (3151, 3226, 3227, 5777, 1.64, 89.83, 9.50, 1.64, 89.65, 9.46, 0.01, 25.89, -6.76);
insert into SURVEY values (5779, 24, 'testify', 'testify.primadona.sistem_prima', NULL);
 insert into CENTRELINE values (5780, 5779, NULL, NULL, NULL, 0.00, 0.00, 0.00);
 insert into SCRAPS values (5781, 5779, 'testify-p1', 1);
 insert into SCRAPS values (5798, 5779, 'testify-p2', 1);
 insert into SCRAPS values (5816, 5779, 'testify-p3', 1);
 insert into SCRAPS values (5831, 5779, 'testify-p4', 1);
 insert into SCRAPS values (5851, 5779, 'testify-p5', 1);
 insert into SCRAPS values (5860, 5779, 'testify-p6', 1);
 insert into MAPS values (5880, 5779, 'mtestify-p1', NULL, 1, 311.030, 61.730);
 insert into MAPITEMS values (5880, 4, 5781);
 insert into MAPS values (5881, 5779, 'mtestify-p2', NULL, 1, 311.030, 61.730);
 insert into MAPITEMS values (5881, 4, 5798);
 insert into MAPS values (5882, 5779, 'mtestify-p3', NULL, 1, 311.030, 61.730);
 insert into MAPITEMS values (5882, 4, 5816);
 insert into MAPS values (5883, 5779, 'mtestify-p4', NULL, 1, 311.030, 61.730);
 insert into MAPITEMS values (5883, 4, 5831);
 insert into MAPS values (5884, 5779, 'mtestify-p5', NULL, 1, 311.030, 61.730);
 insert into MAPITEMS values (5884, 4, 5851);
 insert into MAPS values (5885, 5779, 'mtestify-p6', NULL, 1, 311.030, 61.730);
 insert into MAPITEMS values (5885, 4, 5860);
 insert into MAPS values (5886, 5779, 'mtestify-p', NULL, 1, 311.030, 61.730);
 insert into MAPITEMS values (5886, 4, 5880);
 insert into MAPITEMS values (5886, 4, 5881);
 insert into MAPITEMS values (5886, 4, 5882);
 insert into MAPITEMS values (5886, 4, 5883);
 insert into MAPITEMS values (5886, 4, 5884);
 insert into MAPITEMS values (5886, 4, 5885);
 insert into CENTRELINE values (5892, 5779, NULL, '2018-08-05', '2018-08-05', 311.03, 0.00, 0.00);
 insert into PERSON values (39, 'Andy', 'Jurd');
insert into TOPO values (39, 5892);
 insert into TOPO values (25, 5892);
 insert into SHOT values (3152, 3228, 3229, 5892, 4.68, 79.53, -23.00, 4.68, 79.58, -23.00, 0.00, 126.51, -16.45);
insert into SHOT values (3153, 3228, 3230, 5892, 3.36, 163.53, 39.00, 3.36, 163.51, 39.12, 0.01, 356.18, 53.29);
insert into SHOT values (3154, 3230, 3231, 5892, 2.14, 282.53, 26.00, 2.13, 282.66, 25.88, 0.01, 70.56, -45.19);
insert into SHOT values (3155, 3231, 3232, 5892, 5.00, 166.53, 26.00, 5.01, 166.64, 26.04, 0.01, 214.97, 34.72);
insert into SHOT values (3156, 3233, 3232, 5892, 7.05, 297.53, -16.00, 7.05, 297.51, -15.98, 0.00, 191.70, 52.17);
insert into SHOT values (3157, 3233, 3234, 5892, 5.72, 160.53, 16.00, 5.72, 160.44, 16.04, 0.01, 61.42, 21.73);
insert into SHOT values (3158, 3234, 3235, 5892, 5.97, 98.53, 19.00, 5.97, 98.56, 18.97, 0.01, 220.97, -46.17);
insert into SHOT values (3159, 3235, 3236, 5892, 8.30, 200.53, 4.00, 8.30, 200.58, 4.01, 0.01, 302.12, 7.98);
insert into SHOT values (3160, 3236, 3237, 5892, 4.20, 158.53, 12.00, 4.21, 158.48, 11.93, 0.01, 136.87, -19.04);
insert into SHOT values (3161, 3237, 3238, 5892, 6.94, 85.53, 13.00, 6.94, 85.50, 12.99, 0.00, 333.08, -18.52);
insert into SHOT values (3162, 3238, 3239, 5892, 2.50, 78.53, 39.00, 2.50, 78.40, 39.17, 0.01, 312.14, 50.67);
insert into SHOT values (3163, 3239, 3240, 5892, 3.25, 25.53, 4.00, 3.25, 25.62, 3.89, 0.01, 154.14, -47.65);
insert into SHOT values (3164, 3240, 3241, 5892, 5.89, 70.53, -1.00, 5.89, 70.46, -0.97, 0.01, 341.70, 20.30);
insert into SHOT values (3165, 3241, 3242, 5892, 5.04, 35.53, 4.00, 5.04, 35.52, 3.98, 0.00, 229.25, -33.17);
insert into SHOT values (3166, 3242, 3243, 5892, 4.20, 66.53, -4.00, 4.21, 66.55, -3.95, 0.01, 78.35, 23.12);
insert into SHOT values (3167, 3243, 3244, 5892, 5.10, 22.53, -1.00, 5.10, 22.49, -1.01, 0.00, 269.80, -14.17);
insert into SHOT values (3168, 3244, 3245, 5892, 3.74, 56.53, -10.00, 3.74, 56.53, -10.02, 0.00, 243.42, -11.47);
insert into SHOT values (3169, 3245, 3246, 5892, 3.93, 334.53, 1.00, 3.92, 334.48, 1.02, 0.01, 182.01, 10.61);
insert into SHOT values (3170, 3246, 3247, 5892, 5.47, 22.53, -5.00, 5.48, 22.52, -5.03, 0.01, 16.30, -24.90);
insert into SHOT values (3171, 3247, 3248, 5892, 6.02, 263.53, 3.00, 6.02, 263.50, 3.05, 0.01, 127.62, 48.40);
insert into SHOT values (3172, 3249, 3248, 5892, 3.66, 167.53, -3.00, 3.66, 167.52, -2.97, 0.00, 145.51, 46.15);
insert into SHOT values (3173, 3249, 3250, 5892, 4.40, 37.53, 12.00, 4.40, 37.54, 11.95, 0.01, 211.31, -53.35);
insert into SHOT values (3174, 3250, 3251, 5892, 5.36, 84.53, -15.00, 5.36, 84.47, -14.91, 0.01, 43.44, 38.85);
insert into SHOT values (3175, 3251, 3252, 5892, 3.70, 64.53, 2.00, 3.69, 64.48, 1.86, 0.01, 269.19, -47.41);
insert into SHOT values (3176, 3252, 3253, 5892, 5.61, 42.53, 20.00, 5.61, 42.62, 20.01, 0.01, 126.62, 9.01);
insert into SHOT values (3177, 3253, 3254, 5892, 7.04, 84.53, -3.00, 7.04, 84.53, -3.01, 0.00, 91.78, -43.26);
insert into SHOT values (3178, 3254, 3255, 5892, 3.12, 9.53, 11.00, 3.12, 9.40, 11.09, 0.01, 266.78, 33.26);
insert into SHOT values (3179, 3255, 3256, 5892, 4.62, 40.53, -1.00, 4.62, 40.61, -0.99, 0.01, 96.47, 4.41);
insert into SHOT values (3180, 3256, 3257, 5892, 3.76, 333.53, -4.00, 3.77, 333.43, -3.96, 0.01, 285.94, 15.00);
insert into SHOT values (3181, 3257, 3258, 5892, 4.17, 14.53, 3.00, 4.17, 14.60, 3.02, 0.01, 101.79, 18.42);
insert into SHOT values (3182, 3258, 3259, 5892, 4.44, 83.53, 22.00, 4.44, 83.58, 21.97, 0.01, 187.24, -40.23);
insert into SHOT values (3183, 3259, 3260, 5892, 6.68, 47.53, -1.00, 6.68, 47.55, -1.03, 0.00, 83.03, -45.77);
insert into SHOT values (3184, 3260, 3261, 5892, 7.14, 88.53, 9.00, 7.14, 88.54, 9.02, 0.00, 164.35, 74.86);
insert into SHOT values (3185, 3261, 3262, 5892, 4.36, 350.53, 12.00, 4.37, 350.43, 12.03, 0.01, 291.98, 21.18);
insert into SHOT values (3186, 3263, 3264, 5892, 3.14, 253.53, -5.00, 3.14, 253.48, -4.93, 0.00, 185.05, 48.75);
insert into SHOT values (3187, 3264, 3265, 5892, 3.52, 210.53, -12.00, 3.52, 210.59, -11.99, 0.01, 351.01, 17.73);
insert into SHOT values (3188, 3265, 3266, 5892, 2.62, 260.53, -3.00, 2.62, 260.54, -3.06, 0.00, 59.98, -73.06);
insert into SHOT values (3189, 3266, 3262, 5892, 2.42, 231.53, -6.00, 2.43, 231.56, -5.92, 0.01, 243.79, 25.15);
insert into SHOT values (3190, 3261, 3267, 5892, 2.30, 46.53, 35.00, 2.30, 46.29, 35.05, 0.01, 297.64, 5.34);
insert into SHOT values (3191, 3267, 3268, 5892, 3.85, 138.53, 31.00, 3.85, 138.44, 30.96, 0.01, 58.77, -28.17);
insert into SHOT values (3192, 3268, 3269, 5892, 3.90, 55.53, 24.00, 3.90, 55.64, 24.06, 0.01, 157.26, 28.16);
insert into SHOT values (3193, 3269, 3270, 5892, 4.05, 3.53, -6.00, 4.05, 3.42, -6.09, 0.01, 268.81, -39.55);
insert into SHOT values (3194, 3270, 3271, 5892, 3.62, 345.53, 15.00, 3.62, 345.61, 15.03, 0.01, 40.75, 28.71);
insert into SHOT values (3195, 3271, 3272, 5892, 4.92, 16.53, -1.00, 4.93, 16.12, -0.70, 0.05, 309.05, 34.08);
insert into SHOT values (3196, 3272, 3273, 5892, 2.90, 55.53, 7.00, 2.90, 55.20, 7.34, 0.02, 310.03, 44.25);
insert into SHOT values (3197, 3273, 3274, 5892, 4.80, 84.53, 0.00, 4.77, 84.23, 0.24, 0.04, 308.66, 29.02);
insert into SHOT values (3198, 3274, 3275, 5892, 5.12, 116.53, 30.00, 5.09, 116.51, 30.43, 0.05, 299.04, 25.23);
insert into SHOT values (3199, 3275, 3276, 5892, 3.01, 148.53, 8.00, 2.98, 148.57, 8.28, 0.03, 324.28, 21.98);
insert into SHOT values (3200, 3276, 3277, 5892, 4.65, 124.53, 4.00, 4.61, 124.45, 4.35, 0.05, 313.12, 30.76);
insert into SHOT values (3201, 3277, 3278, 5892, 2.49, 86.53, 16.00, 2.46, 86.36, 16.27, 0.03, 280.05, 7.05);
insert into SHOT values (3202, 3278, 3279, 5892, 4.44, 116.53, 9.00, 4.40, 116.39, 9.41, 0.05, 310.70, 29.90);
insert into SHOT values (3203, 3279, 3280, 5892, 6.16, 91.53, 13.00, 6.14, 91.25, 13.38, 0.05, 315.36, 38.80);
insert into SHOT values (3204, 3280, 3281, 5892, 3.84, 218.53, 8.00, 3.84, 218.92, 8.23, 0.03, 304.72, 31.13);
insert into SHOT values (3205, 3281, 3282, 5892, 7.47, 237.53, -11.00, 7.48, 237.95, -10.63, 0.07, 310.04, 38.60);
insert into SHOT values (3206, 3282, 3283, 5892, 2.53, 204.53, 8.00, 2.52, 204.92, 8.45, 0.03, 332.99, 39.65);
insert into SHOT values (3207, 3283, 3284, 5892, 3.85, 254.53, -16.00, 3.87, 254.73, -15.76, 0.03, 286.98, 24.78);
insert into SHOT values (3208, 3284, 3285, 5892, 2.93, 281.53, -22.00, 2.96, 281.76, -21.64, 0.03, 301.03, 13.01);
insert into SHOT values (3209, 3285, 3286, 5892, 4.19, 331.53, -14.00, 4.22, 331.43, -13.58, 0.04, 319.83, 34.71);
insert into SHOT values (3210, 3286, 3287, 5892, 1.84, 269.53, -9.00, 1.87, 269.69, -8.61, 0.03, 278.48, 13.33);
insert into SHOT values (3211, 3287, 3288, 5892, 6.21, 338.53, -12.00, 6.24, 338.39, -11.65, 0.05, 315.37, 39.20);
insert into SHOT values (3212, 3288, 3289, 5892, 3.85, 264.53, -13.00, 3.88, 264.85, -12.66, 0.04, 296.12, 21.97);
insert into SHOT values (3213, 3289, 3290, 5892, 2.20, 301.53, -2.00, 2.23, 301.62, -1.80, 0.03, 307.88, 11.65);
insert into SHOT values (3214, 3290, 3271, 5892, 2.77, 304.53, -10.00, 2.81, 304.55, -9.64, 0.04, 305.92, 15.25);
insert into SHOT values (3215, 3281, 3291, 5892, 4.20, 49.53, -9.00, 4.20, 49.59, -9.04, 0.01, 119.94, -31.78);
insert into SHOT values (3216, 3291, 3292, 5892, 28.91, 4.53, 90.00, 28.91, 90.00, 90.00, 0.00, 4.53, 38.99);
insert into SHOT values (3217, 3292, 3293, 5892, 1.77, 30.53, -48.00, 1.77, 30.47, -47.91, 0.01, 264.65, 72.74);
insert into SURVEY values (5898, 24, 'dysentry', 'dysentry.primadona.sistem_prima', 'Dysentry');
 insert into CENTRELINE values (5899, 5898, NULL, NULL, NULL, 0.00, 0.00, 0.00);
 insert into CENTRELINE values (5900, 5898, NULL, '2018-07-22', NULL, 193.48, 0.00, 0.00);
 insert into TOPO values (17, 5900);
 insert into TOPO values (28, 5900);
 insert into SHOT values (3218, 3294, 3295, 5900, 1.69, 288.93, 14.00, 1.69, 288.88, 14.05, 0.00, 148.40, 27.73);
insert into SHOT values (3219, 3295, 3296, 5900, 1.69, 285.93, 15.70, 1.68, 285.75, 15.84, 0.01, 145.01, 18.89);
insert into SHOT values (3220, 3295, 3297, 5900, 3.86, 26.73, 25.00, 3.85, 26.71, 25.02, 0.01, 215.60, -12.98);
insert into SHOT values (3221, 3297, 3298, 5900, 8.32, 350.03, 2.80, 8.33, 350.03, 2.82, 0.01, 352.75, 32.66);
insert into SHOT values (3222, 3298, 3299, 5900, 2.96, 23.63, -0.70, 2.96, 23.71, -0.77, 0.01, 113.88, -42.58);
insert into SHOT values (3223, 3298, 3300, 5900, 2.78, 62.33, 1.20, 2.79, 62.42, 1.03, 0.01, 95.71, -43.71);
insert into SHOT values (3224, 3298, 3301, 5900, 2.53, 79.43, 1.90, 2.53, 79.53, 1.81, 0.01, 132.80, -33.35);
insert into SHOT values (3225, 3298, 3302, 5900, 3.26, 97.23, 2.20, 3.27, 97.21, 2.10, 0.01, 91.67, -31.85);
insert into SHOT values (3226, 3298, 3303, 5900, 3.62, 122.73, 2.40, 3.63, 122.73, 2.37, 0.01, 122.56, -10.41);
insert into SHOT values (3227, 3298, 3304, 5900, 4.38, 132.63, 4.40, 4.39, 132.59, 4.31, 0.01, 110.75, -39.89);
insert into SHOT values (3228, 3298, 3305, 5900, 4.96, 145.43, 3.90, 4.97, 145.44, 3.81, 0.01, 160.92, -52.07);
insert into SHOT values (3229, 3298, 3306, 5900, 6.79, 157.43, 2.60, 6.80, 157.40, 2.53, 0.01, 137.20, -41.41);
insert into SHOT values (3230, 3298, 3307, 5900, 11.11, 162.93, 1.20, 11.11, 162.89, 1.19, 0.01, 102.73, -16.54);
insert into SHOT values (3231, 3298, 3308, 5900, 14.67, 171.33, 1.40, 14.67, 171.30, 1.37, 0.01, 104.33, -44.59);
insert into SHOT values (3232, 3298, 3309, 5900, 15.63, 176.03, -0.60, 15.64, 176.00, -0.62, 0.01, 140.82, -30.18);
insert into SHOT values (3233, 3298, 3310, 5900, 3.43, 179.13, -1.00, 3.43, 179.00, -1.00, 0.01, 96.83, -1.02);
insert into SHOT values (3234, 3298, 3311, 5900, 3.27, 184.53, 0.30, 3.27, 184.39, 0.18, 0.01, 91.73, -41.51);
insert into SHOT values (3235, 3298, 3312, 5900, 1.34, 197.03, -2.30, 1.34, 196.95, -2.57, 0.01, 83.38, -71.69);
insert into SHOT values (3236, 3298, 3313, 5900, 1.70, 205.63, -84.60, 1.71, 205.02, -84.44, 0.01, 187.99, -52.41);
insert into SHOT values (3237, 3298, 3314, 5900, 1.13, 273.23, -61.70, 1.13, 273.24, -62.04, 0.01, 91.75, -46.08);
insert into SHOT values (3238, 3298, 3315, 5900, 0.87, 273.83, -47.70, 0.87, 273.95, -48.19, 0.01, 77.57, -56.49);
insert into SHOT values (3239, 3298, 3316, 5900, 1.30, 274.93, -26.10, 1.30, 274.93, -26.48, 0.01, 94.56, -68.80);
insert into SHOT values (3240, 3298, 3317, 5900, 2.44, 275.73, -16.90, 2.44, 275.66, -16.94, 0.00, 134.59, -9.33);
insert into SHOT values (3241, 3298, 3318, 5900, 2.81, 279.03, -11.10, 2.81, 278.98, -11.29, 0.01, 128.33, -65.07);
insert into SHOT values (3242, 3298, 3319, 5900, 0.95, 214.83, -10.80, 0.95, 214.54, -10.90, 0.01, 143.62, -21.96);
insert into SHOT values (3243, 3298, 3320, 5900, 1.12, 238.13, -9.50, 1.12, 237.61, -9.79, 0.01, 129.66, -26.14);
insert into SHOT values (3244, 3298, 3321, 5900, 1.34, 250.63, -9.20, 1.33, 250.46, -9.49, 0.01, 98.67, -35.92);
insert into SHOT values (3245, 3298, 3322, 5900, 1.88, 267.43, -10.40, 1.87, 267.20, -10.46, 0.01, 133.84, -3.55);
insert into SHOT values (3246, 3298, 3323, 5900, 1.35, 336.63, -29.00, 1.35, 336.93, -29.35, 0.01, 114.48, -30.72);
insert into SHOT values (3247, 3298, 3324, 5900, 1.37, 326.33, -27.40, 1.37, 326.44, -27.47, 0.00, 116.77, 5.49);
insert into SHOT values (3248, 3298, 3325, 5900, 2.23, 287.33, -13.30, 2.23, 287.18, -13.50, 0.01, 164.77, -46.93);
insert into SHOT values (3249, 3325, 3326, 5900, 0.56, 274.53, 18.30, 0.56, 274.32, 18.71, 0.00, 179.41, 64.83);
insert into SHOT values (3250, 3325, 3327, 5900, 0.45, 280.73, 62.00, 0.45, 280.78, 61.88, 0.00, 285.66, 46.66);
insert into SHOT values (3251, 3325, 3328, 5900, 0.46, 72.73, 77.30, 0.46, 73.30, 76.94, 0.00, 90.49, 20.07);
insert into SHOT values (3252, 3325, 3329, 5900, 0.52, 92.13, 62.10, 0.52, 92.29, 61.46, 0.01, 98.09, 3.66);
insert into SHOT values (3253, 3325, 3330, 5900, 0.70, 95.73, 28.80, 0.70, 95.62, 29.02, 0.00, 343.60, 65.67);
insert into SHOT values (3254, 3325, 3331, 5900, 0.98, 166.93, 8.90, 0.98, 166.83, 8.83, 0.00, 17.62, -26.39);
insert into SHOT values (3255, 3325, 3332, 5900, 0.83, 184.83, 6.70, 0.83, 184.88, 6.93, 0.00, 335.33, 63.89);
insert into SHOT values (3256, 3325, 3333, 5900, 0.92, 199.53, 11.10, 0.92, 199.44, 11.29, 0.00, 63.52, 55.90);
insert into SHOT values (3257, 3325, 3334, 5900, 0.87, 228.83, 6.30, 0.87, 228.75, 6.60, 0.00, 127.55, 75.82);
insert into SHOT values (3258, 3325, 3335, 5900, 0.54, 29.23, 16.00, 0.55, 29.48, 15.85, 0.01, 43.13, 6.87);
insert into SHOT values (3259, 3325, 3336, 5900, 2.02, 10.43, 7.10, 2.02, 10.64, 7.11, 0.01, 101.04, 2.52);
insert into SHOT values (3260, 3325, 3337, 5900, 1.93, 8.73, 4.40, 1.93, 8.68, 4.46, 0.00, 223.60, 34.48);
insert into SHOT values (3261, 3325, 3338, 5900, 2.19, 356.23, 5.10, 2.19, 356.33, 5.23, 0.01, 46.42, 47.17);
insert into SHOT values (3262, 3325, 3339, 5900, 2.18, 350.73, 2.60, 2.18, 350.75, 2.63, 0.00, 53.38, 43.01);
insert into SHOT values (3263, 3325, 3340, 5900, 2.09, 0.23, 1.00, 2.09, 0.27, 1.10, 0.00, 79.19, 63.14);
insert into SHOT values (3264, 3340, 3341, 5900, 0.60, 205.43, 9.00, 0.59, 205.25, 8.73, 0.01, 40.40, -29.42);
insert into SHOT values (3265, 3340, 3342, 5900, 0.45, 209.03, 38.90, 0.44, 209.54, 39.08, 0.01, 359.30, -22.54);
insert into SHOT values (3266, 3340, 3343, 5900, 0.32, 218.33, 40.40, 0.32, 218.29, 40.94, 0.00, 43.69, 58.01);
insert into SHOT values (3267, 3340, 3344, 5900, 0.53, 198.83, -15.80, 0.53, 198.43, -16.51, 0.01, 59.48, -47.03);
insert into SHOT values (3268, 3340, 3345, 5900, 0.96, 242.83, 6.10, 0.96, 243.17, 5.99, 0.01, 352.37, -18.56);
insert into SHOT values (3269, 3340, 3346, 5900, 1.34, 264.43, 3.00, 1.34, 264.42, 3.00, 0.00, 90.79, -4.05);
insert into SHOT values (3270, 3340, 3347, 5900, 1.31, 274.33, 5.20, 1.31, 274.40, 5.26, 0.00, 29.29, 34.90);
insert into SHOT values (3271, 3340, 3348, 5900, 1.22, 290.83, 2.20, 1.22, 291.10, 2.34, 0.01, 355.21, 25.66);
insert into SHOT values (3272, 3340, 3349, 5900, 1.12, 281.73, -4.10, 1.12, 281.92, -4.11, 0.00, 52.22, 0.91);
insert into SHOT values (3273, 3349, 3350, 5900, 1.72, 104.03, 9.00, 1.71, 104.04, 9.07, 0.01, 281.98, 6.37);
insert into SHOT values (3274, 3349, 3351, 5900, 1.83, 105.83, 5.60, 1.83, 105.95, 5.65, 0.00, 213.98, 19.64);
insert into SHOT values (3275, 3349, 3352, 5900, 0.82, 87.93, 6.00, 0.81, 87.88, 5.64, 0.01, 275.61, -48.82);
insert into SHOT values (3276, 3349, 3353, 5900, 1.09, 86.83, 4.90, 1.09, 86.82, 4.76, 0.01, 268.30, -35.50);
insert into SHOT values (3277, 3349, 3354, 5900, 0.71, 71.63, 9.60, 0.71, 71.57, 9.79, 0.00, 261.29, 19.84);
insert into SHOT values (3278, 3349, 3355, 5900, 0.86, 54.13, 10.40, 0.85, 54.22, 10.15, 0.01, 223.63, -33.75);
insert into SHOT values (3279, 3349, 3356, 5900, 1.37, 34.23, 7.60, 1.37, 34.16, 7.58, 0.00, 233.64, -14.16);
insert into SHOT values (3280, 3349, 3357, 5900, 1.50, 30.83, 11.30, 1.49, 30.76, 11.19, 0.01, 230.25, -38.78);
insert into SHOT values (3281, 3349, 3358, 5900, 0.24, 106.73, 69.80, 0.23, 104.04, 69.45, 0.01, 9.36, -53.32);
insert into SHOT values (3282, 3349, 3359, 5900, 0.32, 104.63, 50.10, 0.32, 104.04, 49.34, 0.01, 37.16, -67.30);
insert into SHOT values (3283, 3349, 3360, 5900, 0.48, 106.83, 33.60, 0.48, 107.53, 33.12, 0.01, 212.17, -48.13);
insert into SHOT values (3284, 3349, 3361, 5900, 0.41, 200.03, 7.10, 0.41, 200.22, 7.04, 0.00, 343.40, -16.03);
insert into SHOT values (3285, 3349, 3362, 5900, 1.58, 20.73, 3.40, 1.57, 20.51, 3.28, 0.01, 237.83, -20.97);
insert into SHOT values (3286, 3362, 3363, 5900, 1.58, 15.23, 8.60, 1.59, 15.54, 8.71, 0.01, 74.99, 20.37);
insert into SHOT values (3287, 3362, 3364, 5900, 0.81, 223.23, -9.30, 0.80, 222.95, -9.32, 0.01, 71.79, 6.53);
insert into SHOT values (3288, 3362, 3365, 5900, 0.80, 241.13, 0.60, 0.80, 241.50, 0.72, 0.01, 4.63, 14.43);
insert into SHOT values (3289, 3362, 3366, 5900, 0.99, 256.53, 0.90, 0.99, 256.53, 1.16, 0.01, 76.26, 58.66);
insert into SHOT values (3290, 3362, 3367, 5900, 2.06, 271.23, 0.40, 2.05, 271.40, 0.56, 0.01, 58.01, 26.69);
insert into SHOT values (3291, 3362, 3368, 5900, 2.26, 285.23, 1.00, 2.26, 285.39, 1.01, 0.01, 2.93, 4.86);
insert into SHOT values (3292, 3362, 3369, 5900, 2.33, 287.23, -0.00, 2.32, 287.27, 0.00, 0.01, 90.15, 0.00);
insert into SHOT values (3293, 3362, 3370, 5900, 0.26, 234.73, 33.60, 0.26, 234.78, 35.79, 0.01, 53.34, 35.82);
insert into SHOT values (3294, 3362, 3371, 5900, 0.43, 226.43, 5.50, 0.43, 226.91, 5.38, 0.01, 1.08, -13.56);
insert into SHOT values (3295, 3362, 3372, 5900, 0.79, 230.73, -23.40, 0.78, 231.22, -23.34, 0.01, 8.03, 22.49);
insert into SHOT values (3296, 3362, 3373, 5900, 0.61, 235.13, -39.00, 0.60, 234.61, -39.19, 0.01, 83.27, 23.38);
insert into SHOT values (3297, 3362, 3374, 5900, 0.38, 224.63, -70.10, 0.37, 225.00, -70.02, 0.01, 22.74, 73.05);
insert into SHOT values (3298, 3362, 3375, 5900, 0.66, 163.43, -9.00, 0.66, 162.96, -8.77, 0.01, 40.22, 27.36);
insert into SHOT values (3299, 3362, 3376, 5900, 1.05, 175.63, -5.80, 1.05, 175.60, -5.48, 0.01, 11.86, 75.18);
insert into SHOT values (3300, 3362, 3377, 5900, 1.31, 181.23, -3.90, 1.30, 180.88, -3.96, 0.01, 50.07, -4.95);
insert into SHOT values (3301, 3362, 3378, 5900, 2.22, 198.63, -7.10, 2.21, 198.60, -7.01, 0.01, 25.44, 27.60);
insert into SHOT values (3302, 3362, 3379, 5900, 1.94, 285.13, 4.20, 1.93, 285.33, 4.15, 0.01, 56.54, -12.62);
insert into SHOT values (3303, 3379, 3380, 5900, 1.96, 330.53, -4.10, 1.96, 330.55, -4.10, 0.00, 135.97, 2.82);
insert into SHOT values (3304, 3380, 3381, 5900, 1.97, 331.13, -2.60, 1.97, 330.83, -2.33, 0.01, 251.09, 42.41);
insert into SHOT values (3305, 3382, 3380, 5900, 2.15, 134.93, -2.30, 2.16, 134.81, -2.39, 0.01, 107.91, -21.48);
insert into SHOT values (3306, 3382, 3383, 5900, 2.17, 142.73, -5.50, 2.17, 142.71, -5.55, 0.00, 122.48, -42.69);
insert into SHOT values (3307, 3382, 3384, 5900, 1.11, 312.53, 5.30, 1.11, 312.80, 5.18, 0.01, 57.16, -25.11);
insert into SHOT values (3308, 3382, 3385, 5900, 2.90, 310.33, 2.60, 2.89, 310.36, 2.58, 0.01, 118.98, -8.97);
insert into SHOT values (3309, 3385, 3386, 5900, 3.03, 115.63, -0.80, 3.03, 115.63, -0.76, 0.00, 281.30, 53.23);
insert into SHOT values (3310, 3387, 3385, 5900, 4.03, 112.33, 0.70, 4.03, 112.30, 0.71, 0.00, 71.56, 16.96);
insert into SHOT values (3311, 3387, 3388, 5900, 0.57, 205.93, 2.70, 0.57, 206.11, 3.02, 0.00, 332.70, 53.57);
insert into SHOT values (3312, 3387, 3389, 5900, 0.85, 147.63, 1.40, 0.84, 147.63, 1.36, 0.01, 326.96, -4.79);
insert into SHOT values (3313, 3387, 3390, 5900, 1.16, 125.83, 4.00, 1.16, 125.48, 3.96, 0.01, 13.56, -6.94);
insert into SHOT values (3314, 3387, 3391, 5900, 1.55, 115.83, 5.30, 1.55, 115.73, 5.55, 0.01, 18.27, 70.01);
insert into SHOT values (3315, 3387, 3392, 5900, 2.47, 95.83, 6.30, 2.47, 95.85, 6.28, 0.00, 251.90, -22.44);
insert into SHOT values (3316, 3387, 3393, 5900, 2.50, 103.93, 6.50, 2.50, 103.76, 6.67, 0.01, 353.29, 41.65);
insert into SHOT values (3317, 3387, 3394, 5900, 2.65, 104.73, 6.20, 2.65, 104.72, 6.28, 0.00, 98.74, 61.53);
insert into SHOT values (3318, 3387, 3395, 5900, 0.28, 69.93, 55.00, 0.28, 68.20, 54.92, 0.00, 350.17, 7.34);
insert into SHOT values (3319, 3387, 3396, 5900, 0.32, 92.23, 82.30, 0.32, 90.00, 82.87, 0.00, 300.36, 41.21);
insert into SHOT values (3320, 3387, 3397, 5900, 0.38, 254.23, 76.80, 0.38, 257.47, 76.01, 0.01, 298.92, 0.31);
insert into SHOT values (3321, 3387, 3398, 5900, 0.40, 258.03, 60.40, 0.41, 258.69, 59.77, 0.01, 278.38, 17.96);
insert into SHOT values (3322, 3387, 3399, 5900, 0.45, 263.73, 42.10, 0.45, 264.81, 42.16, 0.01, 16.24, -14.06);
insert into SHOT values (3323, 3387, 3400, 5900, 0.55, 263.63, 30.90, 0.55, 263.93, 31.53, 0.01, 337.69, 71.10);
insert into SHOT values (3324, 3387, 3401, 5900, 0.65, 262.93, 20.60, 0.66, 263.45, 20.54, 0.01, 308.52, 9.35);
insert into SHOT values (3325, 3387, 3402, 5900, 0.64, 256.33, 6.90, 0.64, 256.40, 7.15, 0.00, 274.27, 49.58);
insert into SHOT values (3326, 3387, 3403, 5900, 0.50, 253.93, -12.20, 0.50, 254.54, -11.59, 0.01, 355.72, 46.75);
insert into SHOT values (3327, 3387, 3404, 5900, 0.45, 250.53, -30.30, 0.45, 250.64, -29.29, 0.01, 262.70, 62.08);
insert into SHOT values (3328, 3387, 3405, 5900, 0.35, 248.63, -50.40, 0.35, 249.15, -50.23, 0.00, 300.23, -7.03);
insert into SHOT values (3329, 3387, 3406, 5900, 0.49, 250.53, -68.60, 0.48, 250.56, -68.17, 0.01, 254.62, 76.51);
insert into SHOT values (3330, 3387, 3407, 5900, 2.30, 18.13, -5.80, 2.30, 18.04, -5.73, 0.01, 340.48, 23.25);
insert into SHOT values (3331, 3407, 3408, 5900, 2.31, 19.03, -1.90, 2.31, 18.99, -1.99, 0.01, 225.43, -42.59);
insert into SHOT values (3332, 3407, 3409, 5900, 0.24, 18.73, 65.20, 0.24, 18.43, 66.67, 0.01, 203.48, 20.13);
insert into SHOT values (3333, 3407, 3410, 5900, 0.48, 250.33, 82.60, 0.48, 251.57, 82.49, 0.00, 294.47, 63.84);
insert into SHOT values (3334, 3407, 3411, 5900, 0.52, 220.33, 63.50, 0.53, 219.81, 63.50, 0.01, 177.23, 56.09);
insert into SHOT values (3335, 3407, 3412, 5900, 0.66, 227.43, 47.80, 0.66, 227.73, 47.69, 0.00, 268.93, 16.87);
insert into SHOT values (3336, 3407, 3413, 5900, 0.38, 81.93, 9.50, 0.38, 82.30, 9.13, 0.00, 202.14, -43.65);
insert into SHOT values (3337, 3407, 3414, 5900, 0.34, 39.73, 17.00, 0.34, 40.03, 17.03, 0.00, 91.84, 15.13);
insert into SHOT values (3338, 3407, 3415, 5900, 0.15, 357.93, 21.60, 0.15, 355.91, 23.15, 0.01, 277.19, 43.76);
insert into SHOT values (3339, 3407, 3416, 5900, 0.50, 322.03, 10.20, 0.50, 322.43, 10.37, 0.00, 53.24, 22.72);
insert into SHOT values (3340, 3407, 3417, 5900, 0.66, 304.03, 9.80, 0.66, 303.69, 9.62, 0.00, 194.08, -30.00);
insert into SHOT values (3341, 3407, 3418, 5900, 2.22, 288.23, 7.30, 2.22, 288.27, 7.25, 0.00, 50.01, -46.21);
insert into SHOT values (3342, 3407, 3419, 5900, 2.21, 278.33, 5.60, 2.21, 278.35, 5.70, 0.01, 291.95, 47.19);
insert into SHOT values (3343, 3407, 3420, 5900, 0.78, 268.93, 8.00, 0.78, 268.51, 8.13, 0.01, 157.63, 13.60);
insert into SHOT values (3344, 3407, 3421, 5900, 2.22, 280.43, 2.60, 2.22, 280.40, 2.58, 0.00, 140.54, -22.22);
insert into SHOT values (3345, 3407, 3422, 5900, 1.89, 279.13, 0.90, 1.89, 279.11, 0.91, 0.00, 273.69, 4.30);
insert into SHOT values (3346, 3422, 3423, 5900, 0.39, 318.33, 12.30, 0.38, 318.24, 12.03, 0.01, 144.02, -28.36);
insert into SHOT values (3347, 3422, 3424, 5900, 0.68, 355.93, 7.20, 0.68, 356.58, 7.64, 0.01, 110.30, 29.45);
insert into SHOT values (3348, 3422, 3425, 5900, 0.91, 13.53, 4.00, 0.91, 14.04, 3.78, 0.01, 108.73, -23.22);
insert into SHOT values (3349, 3422, 3426, 5900, 3.31, 27.63, -1.20, 3.31, 27.73, -1.21, 0.01, 109.94, -6.65);
insert into SHOT values (3350, 3422, 3427, 5900, 0.60, 53.53, 5.10, 0.60, 53.90, 4.81, 0.01, 186.15, -32.23);
insert into SHOT values (3351, 3422, 3428, 5900, 0.82, 66.13, 3.90, 0.82, 66.25, 4.19, 0.00, 120.24, 62.55);
insert into SHOT values (3352, 3422, 3429, 5900, 0.85, 56.83, 7.30, 0.85, 57.06, 7.41, 0.00, 107.22, 23.88);
insert into SHOT values (3353, 3422, 3430, 5900, 0.27, 272.73, -2.20, 0.27, 272.12, -2.12, 0.00, 190.10, 7.23);
insert into SHOT values (3354, 3422, 3431, 5900, 1.06, 33.13, 51.50, 1.06, 33.21, 51.62, 0.00, 193.03, 9.20);
insert into SHOT values (3355, 3422, 3432, 5900, 1.30, 32.33, 34.50, 1.30, 32.80, 34.65, 0.01, 126.85, 22.48);
insert into SHOT values (3356, 3422, 3433, 5900, 1.61, 31.33, 19.90, 1.61, 31.48, 19.98, 0.00, 137.31, 24.72);
insert into SHOT values (3357, 3422, 3434, 5900, 1.62, 29.33, 14.20, 1.62, 29.34, 14.28, 0.00, 46.30, 66.96);
insert into SHOT values (3358, 3422, 3435, 5900, 3.63, 27.73, 5.90, 3.62, 27.77, 5.86, 0.01, 179.03, -26.88);
insert into SHOT values (3359, 3422, 3436, 5900, 3.31, 27.03, -2.00, 3.32, 27.11, -2.07, 0.01, 64.66, -30.55);
insert into SHOT values (3360, 3422, 3437, 5900, 3.72, 24.93, -11.80, 3.72, 25.02, -11.79, 0.01, 112.38, 7.16);
insert into SHOT values (3361, 3422, 3438, 5900, 3.20, 20.83, -16.00, 3.20, 20.97, -15.98, 0.01, 128.48, 14.08);
insert into SHOT values (3362, 3422, 3439, 5900, 1.71, 33.03, 9.20, 1.71, 33.12, 9.11, 0.01, 179.97, -32.86);
insert into SHOT values (3363, 3439, 3440, 5900, 4.34, 325.73, -72.30, 4.34, 325.83, -72.31, 0.01, 97.01, 55.73);
insert into SHOT values (3364, 3439, 3441, 5900, 4.20, 349.03, -63.90, 4.20, 349.11, -63.82, 0.01, 16.06, 15.26);
insert into SHOT values (3365, 3439, 3442, 5900, 0.19, 353.33, -56.20, 0.19, 354.81, -53.63, 0.01, 24.46, 55.04);
insert into SHOT values (3366, 3439, 3443, 5900, 2.35, 357.83, -48.90, 2.35, 358.15, -48.78, 0.01, 53.86, 4.69);
insert into SHOT values (3367, 3439, 3444, 5900, 1.23, 286.23, 1.80, 1.23, 286.52, 1.86, 0.01, 3.73, 11.88);
insert into SHOT values (3368, 3439, 3445, 5900, 1.08, 306.33, 2.90, 1.07, 306.66, 3.20, 0.01, 83.35, 30.61);
insert into SHOT values (3369, 3439, 3446, 5900, 0.82, 326.43, -2.00, 0.82, 326.89, -1.39, 0.01, 23.88, 47.53);
insert into SHOT values (3370, 3439, 3447, 5900, 0.62, 325.73, -3.30, 0.62, 326.82, -2.76, 0.01, 45.22, 25.22);
insert into SHOT values (3371, 3439, 3448, 5900, 1.28, 271.43, 4.10, 1.27, 271.80, 4.50, 0.01, 37.58, 39.26);
insert into SHOT values (3372, 3439, 3449, 5900, 0.73, 270.73, 1.20, 0.73, 270.78, 1.57, 0.00, 343.76, 80.58);
insert into SHOT values (3373, 3439, 3450, 5900, 0.77, 199.53, 7.90, 0.77, 199.15, 8.21, 0.01, 103.39, 39.49);
insert into SHOT values (3374, 3439, 3451, 5900, 1.78, 213.43, -1.50, 1.78, 213.51, -1.29, 0.01, 2.22, 52.41);
insert into SHOT values (3375, 3439, 3452, 5900, 0.75, 203.63, -7.40, 0.74, 203.10, -6.94, 0.01, 80.08, 38.84);
insert into SHOT values (3376, 3439, 3453, 5900, 1.08, 302.03, 1.90, 1.08, 302.51, 2.12, 0.01, 34.06, 24.60);
insert into SHOT values (3377, 3453, 3454, 5900, 1.08, 307.43, 13.00, 1.08, 307.30, 12.80, 0.01, 276.16, -34.19);
insert into SHOT values (3378, 3453, 3455, 5900, 1.50, 226.43, -25.00, 1.50, 226.48, -24.77, 0.01, 240.00, 33.76);
insert into SHOT values (3379, 3453, 3456, 5900, 1.15, 196.03, -32.00, 1.15, 196.03, -31.95, 0.00, 195.94, -12.15);
insert into SHOT values (3380, 3453, 3457, 5900, 0.54, 182.03, -7.90, 0.54, 182.12, -7.38, 0.01, 191.29, 37.16);
insert into SHOT values (3381, 3453, 3458, 5900, 0.55, 214.03, -9.20, 0.55, 213.69, -9.45, 0.00, 90.50, -28.49);
insert into SHOT values (3382, 3453, 3459, 5900, 0.67, 227.23, -0.70, 0.67, 226.81, -0.85, 0.01, 160.62, -18.79);
insert into SHOT values (3383, 3453, 3460, 5900, 0.44, 210.23, 64.60, 0.45, 210.47, 63.75, 0.01, 215.77, 16.52);
insert into SHOT values (3384, 3453, 3461, 5900, 0.63, 352.83, -80.90, 0.63, 353.66, -81.69, 0.01, 164.58, 12.70);
insert into SHOT values (3385, 3453, 3462, 5900, 0.84, 240.03, -67.40, 0.85, 238.74, -67.22, 0.01, 182.41, -27.28);
insert into SHOT values (3386, 3453, 3463, 5900, 0.96, 232.73, -58.50, 0.96, 232.22, -58.32, 0.01, 187.81, -13.14);
insert into SHOT values (3387, 3453, 3464, 5900, 3.72, 226.43, -45.30, 3.72, 226.39, -45.17, 0.01, 213.89, 28.48);
insert into SHOT values (3388, 3453, 3465, 5900, 3.30, 222.53, -37.90, 3.30, 222.51, -37.93, 0.00, 174.18, -71.56);
insert into SHOT values (3389, 3453, 3466, 5900, 2.82, 219.43, -33.80, 2.82, 219.46, -33.81, 0.00, 274.13, -35.20);
insert into SHOT values (3390, 3453, 3467, 5900, 2.43, 203.23, -55.80, 2.43, 203.20, -55.71, 0.01, 195.69, -2.22);
insert into SHOT values (3391, 3453, 3468, 5900, 1.50, 226.23, -27.00, 1.51, 226.21, -26.84, 0.01, 222.53, 7.68);
insert into SHOT values (3392, 3468, 3469, 5900, 1.51, 217.23, -14.50, 1.50, 217.18, -14.63, 0.01, 47.37, -17.87);
insert into SHOT values (3393, 3468, 3470, 5900, 1.97, 214.73, -55.50, 1.97, 214.40, -55.46, 0.01, 117.44, 29.08);
insert into SHOT values (3394, 3470, 3471, 5900, 1.99, 212.03, -55.30, 1.99, 212.01, -55.38, 0.00, 59.48, -77.27);
insert into SHOT values (3395, 3470, 3472, 5900, 2.32, 291.13, -4.30, 2.32, 291.25, -4.44, 0.01, 341.88, -42.96);
insert into SHOT values (3396, 3470, 3473, 5900, 2.18, 310.63, -2.00, 2.19, 310.54, -2.10, 0.01, 282.45, -30.71);
insert into SHOT values (3397, 3470, 3474, 5900, 1.03, 333.73, 1.00, 1.04, 333.68, 0.55, 0.01, 327.79, -45.85);
insert into SHOT values (3398, 3470, 3475, 5900, 0.93, 356.23, 0.50, 0.93, 356.31, 0.00, 0.01, 30.51, -73.64);
insert into SHOT values (3399, 3470, 3476, 5900, 1.18, 5.53, 3.10, 1.19, 5.33, 2.90, 0.01, 334.30, -25.50);
insert into SHOT values (3400, 3470, 3477, 5900, 1.30, 50.73, 4.40, 1.30, 50.65, 3.98, 0.01, 261.46, -70.54);
insert into SHOT values (3401, 3470, 3478, 5900, 1.00, 65.23, 0.80, 1.00, 65.22, 0.57, 0.00, 64.69, -59.38);
insert into SHOT values (3402, 3470, 3479, 5900, 0.56, 74.63, 11.70, 0.56, 74.20, 11.29, 0.01, 15.23, -36.64);
insert into SHOT values (3403, 3470, 3480, 5900, 1.86, 311.53, -41.70, 1.87, 311.80, -41.63, 0.01, 358.10, -16.00);
insert into SHOT values (3404, 3470, 3481, 5900, 2.12, 305.43, -29.30, 2.13, 305.57, -29.26, 0.01, 337.30, -15.50);
insert into SHOT values (3405, 3470, 3482, 5900, 3.46, 304.03, -29.20, 3.46, 304.06, -29.25, 0.00, 91.39, -32.23);
insert into SHOT values (3406, 3470, 3483, 5900, 2.92, 303.23, -18.80, 2.92, 303.35, -18.96, 0.01, 23.28, -56.98);
insert into SHOT values (3407, 3470, 3484, 5900, 2.33, 300.83, -0.30, 2.33, 300.96, -0.49, 0.01, 7.59, -51.98);
insert into SHOT values (3408, 3470, 3485, 5900, 2.27, 303.33, 11.20, 2.27, 303.48, 11.16, 0.01, 5.12, -7.83);
insert into SHOT values (3409, 3470, 3486, 5900, 2.37, 305.53, 22.00, 2.37, 305.57, 21.80, 0.01, 332.61, -65.71);
insert into SHOT values (3410, 3470, 3487, 5900, 2.28, 309.33, 38.10, 2.28, 309.36, 37.91, 0.01, 324.73, -62.18);
insert into SHOT values (3411, 3470, 3488, 5900, 2.52, 314.13, 47.20, 2.52, 314.29, 46.96, 0.01, 352.98, -48.50);
insert into SHOT values (3412, 3470, 3489, 5900, 2.85, 319.83, 52.90, 2.85, 319.94, 52.77, 0.01, 351.45, -25.63);
insert into SHOT values (3413, 3470, 3490, 5900, 2.34, 300.13, -14.60, 2.34, 300.18, -14.59, 0.00, 337.51, -2.41);
insert into SHOT values (3414, 3490, 3491, 5900, 2.35, 300.63, -9.20, 2.35, 300.54, -9.29, 0.01, 245.12, -45.50);
insert into SHOT values (3415, 3490, 3492, 5900, 0.76, 160.73, -8.70, 0.76, 160.60, -9.06, 0.01, 112.83, -66.48);
insert into SHOT values (3416, 3490, 3493, 5900, 0.68, 181.33, -8.10, 0.68, 181.71, -8.49, 0.01, 304.48, -37.99);
insert into SHOT values (3417, 3490, 3494, 5900, 0.87, 57.33, -3.30, 0.87, 57.23, -3.30, 0.00, 314.72, 2.95);
insert into SHOT values (3418, 3490, 3495, 5900, 1.12, 36.13, -4.60, 1.12, 36.25, -4.61, 0.00, 133.70, -4.04);
insert into SHOT values (3419, 3490, 3496, 5900, 1.31, 27.73, -3.90, 1.31, 27.74, -3.93, 0.00, 32.06, -13.83);
insert into SHOT values (3420, 3490, 3497, 5900, 3.90, 221.83, -84.20, 3.90, 221.88, -84.27, 0.00, 37.48, 0.43);
insert into SHOT values (3421, 3490, 3498, 5900, 3.53, 159.73, -82.60, 3.54, 159.59, -82.55, 0.01, 145.03, -65.45);
insert into SHOT values (3422, 3490, 3499, 5900, 2.39, 141.13, -75.40, 2.40, 141.04, -75.40, 0.01, 117.24, -73.41);
insert into SHOT values (3423, 3490, 3500, 5900, 1.70, 132.33, -65.70, 1.70, 132.11, -65.67, 0.00, 69.21, -11.64);
insert into SHOT values (3424, 3490, 3501, 5900, 1.24, 131.73, -52.90, 1.24, 131.76, -52.83, 0.00, 140.96, -19.64);
insert into SHOT values (3425, 3490, 3502, 5900, 1.30, 120.93, -41.50, 1.30, 121.07, -41.92, 0.01, 274.23, -58.65);
insert into SHOT values (3426, 3490, 3503, 5900, 1.39, 117.93, -33.30, 1.39, 117.67, -33.51, 0.01, 40.62, -51.80);
insert into SHOT values (3427, 3490, 3504, 5900, 1.63, 117.73, -21.40, 1.63, 117.92, -21.59, 0.01, 220.59, -45.39);
insert into SHOT values (3428, 3490, 3505, 5900, 2.59, 182.93, -65.10, 2.59, 183.15, -65.08, 0.00, 257.77, -9.68);
insert into SHOT values (3429, 3505, 3506, 5900, 0.49, 51.83, -12.10, 0.50, 51.71, -12.80, 0.01, 40.78, -54.86);
insert into SHOT values (3430, 3505, 3507, 5900, 0.75, 17.03, -8.90, 0.75, 17.22, -9.17, 0.01, 63.64, -49.48);
insert into SHOT values (3431, 3505, 3508, 5900, 1.72, 6.93, -3.70, 1.73, 7.00, -3.65, 0.01, 26.29, 8.31);
insert into SHOT values (3432, 3505, 3509, 5900, 4.75, 3.33, 8.20, 4.76, 3.41, 8.10, 0.01, 48.11, -37.64);
insert into SHOT values (3433, 3505, 3510, 5900, 3.03, 354.23, 9.60, 3.03, 354.23, 9.51, 0.01, 166.98, -65.01);
insert into SHOT values (3434, 3505, 3511, 5900, 1.96, 329.03, 11.70, 1.96, 329.29, 11.49, 0.01, 60.37, -39.93);
insert into SHOT values (3435, 3505, 3512, 5900, 1.37, 299.33, 14.60, 1.36, 299.48, 14.43, 0.01, 83.49, -42.13);
insert into SHOT values (3436, 3505, 3513, 5900, 1.05, 286.03, 14.20, 1.04, 286.10, 13.91, 0.01, 96.97, -41.97);
insert into SHOT values (3437, 3505, 3514, 5900, 1.07, 283.73, 8.00, 1.07, 283.64, 7.52, 0.01, 205.39, -80.00);
insert into SHOT values (3438, 3505, 3515, 5900, 1.13, 264.43, 5.40, 1.13, 264.39, 5.08, 0.01, 204.56, -82.78);
insert into SHOT values (3439, 3505, 3516, 5900, 1.27, 238.53, 3.20, 1.27, 238.57, 3.17, 0.00, 35.64, -19.54);
insert into SHOT values (3440, 3505, 3517, 5900, 1.75, 219.13, 0.10, 1.75, 218.97, 0.00, 0.01, 119.41, -31.75);
insert into SHOT values (3441, 3505, 3518, 5900, 2.35, 209.33, -1.20, 2.35, 209.29, -1.22, 0.00, 155.61, -23.94);
insert into SHOT values (3442, 3505, 3519, 5900, 0.92, 203.53, 7.40, 0.91, 203.45, 6.93, 0.01, 32.70, -47.70);
insert into SHOT values (3443, 3505, 3520, 5900, 4.66, 29.23, 75.20, 4.66, 29.57, 75.12, 0.01, 82.49, -31.33);
insert into SHOT values (3444, 3505, 3521, 5900, 2.07, 322.23, 78.20, 2.06, 322.59, 78.04, 0.01, 352.57, -48.94);
insert into SHOT values (3445, 3505, 3522, 5900, 1.67, 285.23, 73.30, 1.67, 285.78, 73.37, 0.01, 37.53, 4.99);
insert into SHOT values (3446, 3505, 3523, 5900, 0.93, 266.23, 51.40, 0.92, 265.99, 51.56, 0.01, 101.44, -36.73);
insert into SHOT values (3447, 3505, 3524, 5900, 0.87, 264.83, 12.30, 0.86, 265.24, 12.05, 0.01, 44.62, -29.72);
insert into SHOT values (3448, 3505, 3525, 5900, 1.11, 266.73, -7.90, 1.10, 266.85, -8.34, 0.01, 70.02, -42.34);
insert into SHOT values (3449, 3505, 3526, 5900, 1.49, 267.63, -75.00, 1.49, 268.49, -75.21, 0.01, 41.63, -5.51);
insert into SHOT values (3450, 3505, 3527, 5900, 1.68, 285.03, -59.50, 1.68, 285.02, -59.65, 0.00, 106.82, -33.89);
insert into SHOT values (3451, 3505, 3528, 5900, 1.59, 286.03, -45.60, 1.59, 286.16, -45.66, 0.00, 345.01, -53.26);
insert into SHOT values (3452, 3505, 3529, 5900, 2.80, 206.23, -16.00, 2.80, 206.28, -16.18, 0.01, 352.69, -61.32);
insert into SHOT values (3453, 3530, 3531, 5900, 0.43, 110.83, -0.20, 0.43, 110.56, 0.00, 0.00, 326.53, 23.51);
insert into SHOT values (3454, 3530, 3532, 5900, 0.58, 111.53, 31.90, 0.58, 111.37, 32.11, 0.00, 70.82, 59.62);
insert into SHOT values (3455, 3530, 3533, 5900, 0.94, 94.03, 52.70, 0.94, 94.01, 52.70, 0.00, 90.18, 51.77);
insert into SHOT values (3456, 3530, 3534, 5900, 1.20, 104.03, 74.70, 1.20, 104.47, 74.57, 0.00, 139.38, 30.54);
insert into SHOT values (3457, 3530, 3535, 5900, 5.25, 14.03, 7.90, 5.26, 14.01, 7.98, 0.01, 356.05, 59.90);
insert into SHOT values (3458, 3530, 3536, 5900, 4.60, 7.73, 14.40, 4.60, 7.75, 14.49, 0.01, 168.61, 49.56);
insert into SHOT values (3459, 3530, 3537, 5900, 0.70, 351.93, 20.20, 0.70, 352.12, 20.86, 0.01, 100.82, 74.44);
insert into SHOT values (3460, 3530, 3538, 5900, 0.81, 184.13, 0.80, 0.81, 184.24, 1.41, 0.01, 218.37, 72.27);
insert into SHOT values (3461, 3530, 3539, 5900, 2.16, 202.53, -3.70, 2.16, 202.64, -3.45, 0.01, 283.90, 65.16);
insert into SHOT values (3462, 3530, 3540, 5900, 1.70, 227.33, -3.80, 1.70, 227.39, -3.71, 0.00, 265.38, 42.82);
insert into SHOT values (3463, 3530, 3541, 5900, 0.87, 261.03, 2.60, 0.87, 260.75, 2.63, 0.00, 199.08, 6.50);
insert into SHOT values (3464, 3530, 3542, 5900, 1.09, 257.83, 3.50, 1.10, 257.87, 3.66, 0.01, 264.98, 27.92);
insert into SHOT values (3465, 3530, 3543, 5900, 0.48, 82.83, -6.20, 0.48, 82.72, -6.02, 0.00, 276.73, 27.86);
insert into SHOT values (3466, 3530, 3544, 5900, 1.16, 59.63, -2.90, 1.16, 59.46, -2.47, 0.01, 6.75, 64.00);
insert into SHOT values (3467, 3530, 3545, 5900, 1.31, 7.23, -3.00, 1.31, 7.02, -2.62, 0.01, 295.64, 59.46);
insert into SHOT values (3468, 3530, 3546, 5900, 0.74, 100.13, 45.60, 0.74, 100.01, 45.66, 0.00, 16.98, 50.19);
insert into SHOT values (3469, 3530, 3547, 5900, 0.79, 100.53, 73.90, 0.79, 100.78, 74.29, 0.01, 270.23, 10.35);
insert into SHOT values (3470, 3530, 3548, 5900, 1.20, 216.43, 88.20, 1.20, 213.69, 88.28, 0.00, 82.14, 13.84);
insert into SHOT values (3471, 3530, 3549, 5900, 1.04, 276.23, 55.60, 1.04, 275.81, 55.41, 0.01, 237.75, 15.10);
insert into SHOT values (3472, 3530, 3550, 5900, 0.87, 284.23, 36.30, 0.87, 284.04, 36.57, 0.01, 188.49, 64.74);
insert into SHOT values (3473, 3530, 3551, 5900, 1.16, 286.73, 9.00, 1.16, 286.70, 9.39, 0.01, 275.51, 72.03);
insert into SHOT values (3474, 3530, 3552, 5900, 4.19, 348.13, 32.70, 4.19, 348.05, 32.77, 0.01, 263.86, 54.64);
insert into SHOT values (3475, 3530, 3553, 5900, 4.56, 348.23, 32.60, 4.56, 348.13, 32.63, 0.01, 262.95, 27.44);
insert into SHOT values (3476, 3530, 3554, 5900, 4.61, 348.23, 32.60, 4.61, 348.26, 32.68, 0.01, 128.92, 63.14);
insert into SHOT values (3477, 3530, 3555, 5900, 4.20, 347.93, 32.20, 4.21, 347.84, 32.18, 0.01, 304.93, 13.42);
insert into SHOT values (3478, 3554, 3556, 5900, 4.18, 348.23, 32.60, 4.18, 348.21, 32.55, 0.00, 331.23, -34.41);
insert into SHOT values (3479, 3530, 3557, 5900, 0.41, 90.63, 1.70, 0.41, 90.00, 2.79, 0.01, 2.62, 60.23);
insert into SHOT values (3480, 3530, 3558, 5900, 0.28, 77.53, 47.80, 0.28, 77.47, 48.72, 0.00, 260.27, 34.87);
insert into SHOT values (3481, 3530, 3559, 5900, 0.81, 8.03, -74.70, 0.81, 8.13, -74.79, 0.00, 174.54, 38.03);
insert into SHOT values (3482, 3530, 3560, 5900, 1.81, 2.03, 4.40, 1.81, 1.91, 4.44, 0.01, 227.08, 12.36);
insert into SHOT values (3483, 3530, 3561, 5900, 4.41, 350.13, 4.20, 4.41, 350.04, 4.29, 0.01, 242.59, 47.04);
insert into SHOT values (3484, 3530, 3562, 5900, 2.21, 172.83, -1.40, 2.21, 172.97, -1.30, 0.01, 289.10, 32.59);
insert into SHOT values (3485, 3530, 3563, 5900, 1.90, 172.63, -14.70, 1.90, 172.80, -14.66, 0.01, 293.97, 18.42);
insert into SHOT values (3486, 3556, 3564, 5900, 3.30, 356.13, 1.90, 3.30, 356.00, 1.91, 0.01, 264.82, 4.67);
insert into SHOT values (3487, 3564, 3565, 5900, 1.18, 202.73, -5.60, 1.18, 202.62, -5.86, 0.01, 49.13, -44.84);
insert into SHOT values (3488, 3564, 3566, 5900, 0.79, 222.03, -5.80, 0.78, 221.88, -5.86, 0.01, 58.12, -1.30);
insert into SHOT values (3489, 3564, 3567, 5900, 3.68, 244.33, -0.20, 3.67, 244.34, -0.16, 0.01, 56.93, 19.67);
insert into SHOT values (3490, 3564, 3568, 5900, 1.34, 268.53, 16.90, 1.34, 268.66, 16.94, 0.00, 29.81, 7.62);
insert into SHOT values (3491, 3564, 3569, 5900, 1.07, 294.03, 16.70, 1.07, 294.30, 16.90, 0.01, 65.87, 20.77);
insert into SHOT values (3492, 3564, 3570, 5900, 1.17, 325.13, 5.30, 1.17, 325.49, 5.39, 0.01, 55.38, 14.54);
insert into SHOT values (3493, 3564, 3571, 5900, 1.33, 343.63, 4.10, 1.33, 343.76, 4.32, 0.01, 125.11, 45.30);
insert into SHOT values (3494, 3564, 3572, 5900, 0.44, 144.93, 6.60, 0.45, 144.16, 6.42, 0.01, 104.50, -3.59);
insert into SHOT values (3495, 3564, 3573, 5900, 0.68, 172.13, 5.90, 0.68, 171.51, 5.90, 0.01, 89.84, 0.79);
insert into SHOT values (3496, 3564, 3574, 5900, 0.18, 221.43, 65.80, 0.18, 213.69, 65.74, 0.01, 117.92, -22.73);
insert into SHOT values (3497, 3564, 3575, 5900, 4.44, 251.13, 4.00, 4.44, 251.16, 4.01, 0.00, 20.51, 5.41);
insert into SHOT values (3498, 3564, 3576, 5900, 4.64, 251.23, 3.80, 4.64, 251.21, 3.83, 0.00, 89.55, 35.61);
insert into SHOT values (3499, 3564, 3577, 5900, 4.44, 251.13, 4.10, 4.44, 251.16, 4.13, 0.00, 11.34, 43.86);
insert into SHOT values (3500, 3577, 3578, 5900, 0.41, 132.93, 3.40, 0.41, 133.03, 2.79, 0.00, 166.04, -73.27);
insert into SHOT values (3501, 3577, 3579, 5900, 0.62, 138.93, 14.30, 0.63, 138.99, 13.82, 0.01, 143.41, -19.58);
insert into SHOT values (3502, 3577, 3580, 5900, 0.46, 150.83, -55.10, 0.46, 150.52, -55.19, 0.00, 96.67, -57.82);
insert into SHOT values (3503, 3577, 3581, 5900, 0.85, 180.73, -83.10, 0.86, 180.00, -83.29, 0.01, 31.54, -68.11);
insert into SHOT values (3504, 3577, 3582, 5900, 0.84, 197.63, -74.50, 0.84, 195.26, -74.28, 0.01, 127.23, -3.15);
insert into SHOT values (3505, 3577, 3583, 5900, 9.63, 202.13, -5.40, 9.63, 202.12, -5.42, 0.00, 39.43, -66.96);
insert into SHOT values (3506, 3583, 3584, 5900, 1.01, 105.03, 81.70, 1.01, 105.95, 81.72, 0.00, 200.32, 13.86);
insert into SHOT values (3507, 3583, 3585, 5900, 1.22, 57.03, 64.40, 1.22, 57.53, 64.63, 0.01, 197.92, -1.86);
insert into SHOT values (3508, 3583, 3586, 5900, 0.59, 316.63, 58.40, 0.59, 316.33, 58.69, 0.01, 153.90, -25.61);
insert into SHOT values (3509, 3583, 3587, 5900, 0.53, 311.73, 27.00, 0.53, 311.53, 27.17, 0.00, 150.41, -7.08);
insert into SHOT values (3510, 3583, 3588, 5900, 0.54, 329.43, 5.10, 0.54, 329.59, 5.36, 0.01, 130.73, 22.90);
insert into SHOT values (3511, 3583, 3589, 5900, 2.72, 16.13, 5.70, 2.72, 16.09, 5.70, 0.00, 268.18, -4.88);
insert into SHOT values (3512, 3583, 3590, 5900, 10.15, 23.13, 5.50, 10.15, 23.14, 5.48, 0.00, 126.70, -50.46);
insert into SHOT values (3513, 3583, 3591, 5900, 2.20, 266.83, -17.50, 2.20, 266.71, -17.50, 0.01, 127.69, 13.92);
insert into SHOT values (3514, 3591, 3592, 5900, 2.20, 271.83, -13.20, 2.20, 271.87, -13.14, 0.00, 24.23, 51.08);
insert into SHOT values (3515, 3591, 3593, 5900, 2.03, 151.23, 0.70, 2.03, 151.41, 0.57, 0.01, 263.67, -33.99);
insert into SHOT values (3516, 3591, 3594, 5900, 2.34, 183.63, -0.90, 2.35, 183.67, -0.98, 0.01, 202.15, -31.15);
insert into SHOT values (3517, 3591, 3595, 5900, 1.99, 195.93, -1.40, 1.99, 196.06, -1.44, 0.01, 306.52, -15.09);
insert into SHOT values (3518, 3591, 3596, 5900, 2.46, 212.33, -0.50, 2.46, 212.40, -0.47, 0.01, 253.81, 17.05);
insert into SHOT values (3519, 3591, 3597, 5900, 2.76, 227.23, -0.70, 2.76, 227.35, -0.62, 0.01, 314.95, 32.06);
insert into SHOT values (3520, 3591, 3598, 5900, 2.79, 237.13, -1.10, 2.79, 237.28, -1.03, 0.01, 299.71, 23.24);
insert into SHOT values (3521, 3591, 3599, 5900, 2.18, 240.33, -0.20, 2.19, 240.39, -0.26, 0.01, 262.57, -21.88);
insert into SHOT values (3522, 3591, 3600, 5900, 0.57, 257.03, -1.80, 0.58, 256.93, -1.99, 0.01, 246.54, -21.73);
insert into SHOT values (3523, 3591, 3601, 5900, 0.43, 302.43, 14.20, 0.43, 302.15, 14.90, 0.01, 152.11, 48.56);
insert into SHOT values (3524, 3591, 3602, 5900, 1.34, 52.63, 9.80, 1.34, 52.70, 9.88, 0.00, 156.89, 49.10);
insert into SHOT values (3525, 3591, 3603, 5900, 1.45, 81.03, 9.50, 1.45, 81.13, 9.55, 0.00, 220.31, 9.58);
insert into SHOT values (3526, 3591, 3604, 5900, 1.97, 88.23, 6.20, 1.97, 88.25, 6.11, 0.00, 104.25, -47.37);
insert into SHOT values (3527, 3591, 3605, 5900, 1.65, 112.83, 3.40, 1.65, 112.83, 3.47, 0.00, 118.60, 44.83);
insert into SHOT values (3528, 3591, 3606, 5900, 1.78, 124.53, 7.00, 1.78, 124.59, 7.12, 0.01, 283.68, 28.26);
insert into SHOT values (3529, 3591, 3607, 5900, 2.03, 152.13, 0.80, 2.03, 152.04, 0.85, 0.00, 13.25, 20.55);
insert into SHOT values (3530, 3591, 3608, 5900, 2.02, 189.23, -1.00, 2.02, 189.42, -1.14, 0.01, 299.97, -33.63);
insert into SHOT values (3531, 3591, 3609, 5900, 2.52, 224.83, -5.10, 2.52, 224.84, -5.01, 0.00, 293.33, 81.67);
insert into SHOT values (3532, 3609, 3610, 5900, 0.59, 347.73, 2.90, 0.60, 347.37, 2.89, 0.01, 311.73, 1.36);
insert into SHOT values (3533, 3609, 3611, 5900, 1.20, 313.53, -6.40, 1.20, 313.31, -6.68, 0.01, 256.63, -48.60);
insert into SHOT values (3534, 3609, 3612, 5900, 1.84, 280.83, -7.90, 1.84, 280.75, -8.12, 0.01, 177.55, -71.85);
insert into SHOT values (3535, 3609, 3613, 5900, 0.44, 269.83, -6.70, 0.44, 270.00, -7.77, 0.01, 293.80, -69.23);
insert into SHOT values (3536, 3609, 3614, 5900, 0.81, 282.63, -4.00, 0.81, 282.84, -4.24, 0.01, 335.85, -43.40);
insert into SHOT values (3537, 3609, 3615, 5900, 2.34, 292.63, -2.50, 2.34, 292.62, -2.69, 0.01, 286.09, -74.22);
insert into SHOT values (3538, 3609, 3616, 5900, 2.58, 289.93, -5.60, 2.58, 289.77, -5.77, 0.01, 229.86, -46.22);
insert into SHOT values (3539, 3616, 3617, 5900, 0.42, 336.73, 83.20, 0.42, 338.20, 82.69, 0.01, 355.36, 34.30);
insert into SHOT values (3540, 3616, 3618, 5900, 0.31, 170.13, 72.40, 0.31, 167.47, 72.92, 0.01, 59.14, 44.60);
insert into SHOT values (3541, 3616, 3619, 5900, 0.71, 167.33, 2.50, 0.71, 166.94, 2.43, 0.00, 64.98, -11.36);
insert into SHOT values (3542, 3616, 3620, 5900, 1.54, 181.83, 5.60, 1.54, 181.50, 5.60, 0.01, 78.04, -1.76);
insert into SHOT values (3543, 3616, 3621, 5900, 1.48, 199.63, 5.10, 1.47, 199.55, 5.46, 0.01, 31.14, 40.35);
insert into SHOT values (3544, 3616, 3622, 5900, 0.85, 220.13, 2.50, 0.84, 220.16, 2.73, 0.01, 38.01, 13.89);
insert into SHOT values (3545, 3616, 3623, 5900, 0.63, 224.03, -0.90, 0.62, 223.70, -0.92, 0.01, 69.39, -0.72);
insert into SHOT values (3546, 3616, 3624, 5900, 0.71, 137.03, -2.10, 0.71, 136.15, -1.62, 0.01, 34.78, 28.42);
insert into SHOT values (3547, 3616, 3625, 5900, 0.73, 140.83, -0.50, 0.73, 139.99, 0.00, 0.01, 56.45, 30.83);
insert into SHOT values (3548, 3616, 3626, 5900, 3.53, 197.93, -10.30, 3.52, 197.81, -10.30, 0.01, 63.37, 6.65);
insert into SHOT values (3549, 3616, 3627, 5900, 3.42, 196.13, -6.50, 3.41, 196.08, -6.39, 0.01, 41.44, 51.20);
insert into SHOT values (3550, 3627, 3628, 5900, 3.44, 196.13, -3.80, 3.44, 196.06, -3.83, 0.00, 127.88, -25.31);
insert into SHOT values (3551, 3627, 3629, 5900, 1.90, 172.83, 3.60, 1.90, 172.72, 3.62, 0.00, 66.24, 11.31);
insert into SHOT values (3552, 3627, 3630, 5900, 2.54, 185.93, 1.90, 2.53, 185.89, 1.81, 0.01, 22.64, -37.68);
insert into SHOT values (3553, 3627, 3631, 5900, 2.98, 202.43, 0.90, 2.98, 202.52, 0.77, 0.01, 322.47, -51.53);
insert into SHOT values (3554, 3627, 3632, 5900, 1.31, 214.83, 3.90, 1.31, 215.03, 3.94, 0.00, 308.55, 11.04);
insert into SHOT values (3555, 3627, 3633, 5900, 0.94, 257.03, 2.40, 0.93, 257.01, 2.45, 0.01, 80.70, 6.89);
insert into SHOT values (3556, 3627, 3634, 5900, 1.42, 296.23, 7.50, 1.42, 296.20, 7.30, 0.01, 126.34, -55.84);
insert into SHOT values (3557, 3627, 3635, 5900, 1.57, 317.63, 8.50, 1.57, 317.60, 8.40, 0.00, 309.50, -24.45);
insert into SHOT values (3558, 3627, 3636, 5900, 0.98, 343.33, 6.10, 0.98, 343.24, 5.88, 0.01, 186.67, -49.76);
insert into SHOT values (3559, 3627, 3637, 5900, 1.08, 2.53, 11.10, 1.08, 2.70, 10.67, 0.01, 69.44, -66.09);
insert into SHOT values (3560, 3627, 3638, 5900, 1.22, 23.83, 6.30, 1.22, 23.82, 6.12, 0.00, 11.27, -79.37);
insert into SHOT values (3561, 3627, 3639, 5900, 0.74, 56.03, 6.10, 0.74, 56.09, 6.21, 0.00, 189.69, 48.70);
insert into SHOT values (3562, 3627, 3640, 5900, 0.67, 64.33, 22.50, 0.67, 64.26, 21.91, 0.01, 49.25, -66.46);
insert into SHOT values (3563, 3627, 3641, 5900, 0.65, 105.93, 68.70, 0.65, 104.62, 68.39, 0.01, 31.63, -44.87);
insert into SHOT values (3564, 3627, 3642, 5900, 0.58, 98.03, 46.40, 0.58, 98.53, 46.08, 0.01, 136.52, -0.20);
insert into SHOT values (3565, 3627, 3643, 5900, 1.22, 295.93, -1.20, 1.22, 295.73, -1.41, 0.01, 222.65, -44.93);
insert into SHOT values (3566, 3627, 3644, 5900, 1.29, 300.03, 18.70, 1.29, 299.92, 18.53, 0.00, 235.45, -54.87);
insert into SHOT values (3567, 3627, 3645, 5900, 1.13, 300.83, 28.90, 1.13, 300.96, 28.58, 0.01, 351.03, -63.10);
insert into SHOT values (3568, 3627, 3646, 5900, 0.84, 307.93, 49.10, 0.84, 308.33, 48.97, 0.01, 62.93, -48.84);
insert into SHOT values (3569, 3627, 3647, 5900, 0.72, 312.83, 69.70, 0.71, 313.36, 69.72, 0.01, 86.49, -58.70);
insert into SHOT values (3570, 3627, 3648, 5900, 0.61, 272.43, 82.50, 0.61, 270.00, 82.41, 0.01, 187.61, -54.58);
insert into SHOT values (3571, 3627, 3649, 5900, 2.66, 221.93, -6.80, 2.65, 221.92, -6.93, 0.01, 43.26, -35.57);
insert into SHOT values (3572, 3649, 3650, 5900, 2.66, 228.93, -5.60, 2.66, 228.98, -5.60, 0.00, 261.57, -5.65);
insert into SHOT values (3573, 3649, 3651, 5900, 1.56, 11.93, 3.60, 1.56, 11.89, 3.68, 0.00, 207.67, 28.67);
insert into SHOT values (3574, 3649, 3652, 5900, 1.74, 355.83, 0.80, 1.74, 355.70, 0.99, 0.01, 212.86, 42.58);
insert into SHOT values (3575, 3649, 3653, 5900, 2.14, 346.53, 0.40, 2.14, 346.48, 0.54, 0.01, 232.93, 71.03);
insert into SHOT values (3576, 3649, 3654, 5900, 2.08, 347.43, 6.30, 2.07, 347.38, 6.37, 0.01, 179.43, 12.58);
insert into SHOT values (3577, 3649, 3655, 5900, 0.28, 308.13, -8.10, 0.28, 307.69, -8.19, 0.00, 239.36, -13.69);
insert into SHOT values (3578, 3649, 3656, 5900, 0.57, 340.83, -3.70, 0.56, 340.28, -3.05, 0.01, 203.67, 40.56);
insert into SHOT values (3579, 3649, 3657, 5900, 2.28, 344.23, -5.20, 2.28, 344.12, -5.04, 0.01, 208.31, 48.86);
insert into SHOT values (3580, 3649, 3658, 5900, 1.78, 356.23, 8.00, 1.77, 356.08, 8.11, 0.01, 204.21, 13.17);
insert into SHOT values (3581, 3658, 3659, 5900, 0.72, 221.13, 1.00, 0.72, 221.04, 0.80, 0.00, 56.96, -31.68);
insert into SHOT values (3582, 3658, 3660, 5900, 0.95, 245.23, -3.30, 0.95, 245.61, -3.64, 0.01, 8.73, -35.27);
insert into SHOT values (3583, 3658, 3661, 5900, 1.50, 264.53, -3.20, 1.50, 264.63, -3.06, 0.00, 16.18, 51.37);
insert into SHOT values (3584, 3658, 3662, 5900, 1.81, 287.63, -1.80, 1.81, 287.73, -1.90, 0.01, 62.27, -33.71);
insert into SHOT values (3585, 3658, 3663, 5900, 1.99, 281.93, -2.40, 2.00, 282.15, -2.30, 0.01, 332.94, 18.01);
insert into SHOT values (3586, 3658, 3664, 5900, 1.53, 150.33, 0.30, 1.53, 150.26, 0.37, 0.00, 104.57, 36.89);
insert into SHOT values (3587, 3658, 3665, 5900, 1.85, 162.13, -2.60, 1.84, 161.96, -2.49, 0.01, 17.34, 22.82);
insert into SHOT values (3588, 3658, 3666, 5900, 1.90, 167.83, -1.00, 1.89, 167.80, -0.91, 0.01, 355.02, 24.24);
insert into SHOT values (3589, 3658, 3667, 5900, 1.86, 282.23, -3.90, 1.86, 282.46, -4.01, 0.01, 27.18, -23.87);
insert into SHOT values (3590, 3658, 3668, 5900, 1.86, 283.83, -4.40, 1.86, 284.04, -4.32, 0.01, 6.57, 21.47);
insert into SHOT values (3591, 3668, 3669, 5900, 1.87, 285.23, -3.80, 1.87, 285.23, -3.99, 0.01, 95.35, -86.30);
insert into SHOT values (3592, 3668, 3670, 5900, 3.66, 28.43, 5.80, 3.66, 28.40, 5.81, 0.00, 236.07, 1.91);
insert into SHOT values (3593, 3668, 3671, 5900, 3.76, 30.73, 8.70, 3.76, 30.78, 8.73, 0.01, 168.76, 13.93);
insert into SHOT values (3594, 3668, 3672, 5900, 5.07, 31.83, 4.80, 5.07, 31.80, 4.76, 0.01, 238.27, -40.34);
insert into SHOT values (3595, 3668, 3673, 5900, 2.96, 22.83, -2.70, 2.96, 22.92, -2.71, 0.01, 149.97, -5.41);
insert into SHOT values (3596, 3668, 3674, 5900, 3.62, 16.13, -7.80, 3.61, 16.06, -7.79, 0.01, 228.83, 8.96);
insert into SHOT values (3597, 3668, 3675, 5900, 2.28, 13.23, -11.80, 2.28, 13.23, -11.91, 0.00, 193.49, -54.32);
insert into SHOT values (3598, 3668, 3676, 5900, 5.77, 25.13, 7.10, 5.77, 25.13, 7.07, 0.01, 197.20, -37.51);
insert into SHOT values (3599, 3668, 3677, 5900, 5.36, 25.73, 6.20, 5.36, 25.70, 6.21, 0.00, 261.12, 20.27);
insert into SHOT values (3600, 3677, 3678, 5900, 0.94, 305.63, -5.00, 0.94, 305.39, -5.51, 0.01, 168.03, -55.34);
insert into SHOT values (3601, 3677, 3679, 5900, 0.77, 346.13, -0.60, 0.77, 346.50, -0.74, 0.01, 61.56, -20.22);
insert into SHOT values (3602, 3677, 3680, 5900, 0.89, 329.43, 2.60, 0.88, 329.37, 2.59, 0.01, 157.84, -3.61);
insert into SHOT values (3603, 3677, 3681, 5900, 0.52, 259.03, 4.90, 0.52, 258.91, 4.40, 0.00, 225.01, -66.25);
insert into SHOT values (3604, 3677, 3682, 5900, 0.74, 243.53, -2.20, 0.74, 243.43, -2.33, 0.00, 100.62, -39.29);
insert into SHOT values (3605, 3677, 3683, 5900, 1.27, 229.33, -3.20, 1.27, 229.15, -3.61, 0.01, 154.42, -66.54);
insert into SHOT values (3606, 3677, 3684, 5900, 1.93, 225.43, -6.70, 1.93, 225.21, -6.84, 0.01, 130.96, -33.82);
insert into SHOT values (3607, 3677, 3685, 5900, 2.36, 306.73, -2.90, 2.36, 306.72, -2.91, 0.00, 302.13, -30.17);
insert into SHOT values (3608, 3677, 3686, 5900, 2.03, 305.83, -0.70, 2.03, 305.97, -0.85, 0.01, 72.08, -40.49);
insert into SHOT values (3609, 3686, 3687, 5900, 2.03, 312.33, 0.70, 2.02, 312.20, 0.85, 0.01, 173.99, 37.26);
insert into SHOT values (3610, 3686, 3688, 5900, 5.26, 344.53, -4.90, 5.26, 344.51, -4.91, 0.00, 245.37, -20.00);
insert into SHOT values (3611, 3686, 3689, 5900, 4.04, 344.43, -5.30, 4.03, 344.41, -5.26, 0.01, 179.72, 32.26);
insert into SHOT values (3612, 3689, 3690, 5900, 4.04, 339.83, -2.00, 4.04, 339.73, -1.98, 0.01, 271.23, 7.48);
insert into SHOT values (3613, 3689, 3691, 5900, 1.25, 312.13, -0.70, 1.25, 312.09, -0.91, 0.01, 298.32, -54.39);
insert into SHOT values (3614, 3689, 3692, 5900, 1.73, 278.53, 2.70, 1.73, 278.65, 2.65, 0.00, 344.97, -20.82);
insert into SHOT values (3615, 3689, 3693, 5900, 2.09, 262.43, 7.90, 2.10, 262.53, 7.95, 0.01, 289.89, 18.08);
insert into SHOT values (3616, 3689, 3694, 5900, 1.92, 244.13, 9.10, 1.92, 244.11, 8.97, 0.01, 237.58, -36.30);
insert into SHOT values (3617, 3689, 3695, 5900, 1.44, 226.23, 2.30, 1.44, 226.41, 2.39, 0.01, 349.03, 21.86);
insert into SHOT values (3618, 3689, 3696, 5900, 1.06, 87.53, -0.40, 1.05, 87.27, -0.55, 0.01, 295.30, -14.66);
insert into SHOT values (3619, 3689, 3697, 5900, 4.44, 165.43, 6.10, 4.44, 165.43, 6.08, 0.00, 342.16, -31.57);
insert into SHOT values (3620, 3689, 3698, 5900, 3.56, 160.63, 9.60, 3.56, 160.69, 9.55, 0.01, 287.33, -38.57);
insert into SHOT values (3621, 3689, 3699, 5900, 7.80, 185.53, 62.60, 7.79, 185.60, 62.60, 0.01, 303.60, -43.67);
insert into SHOT values (3622, 3689, 3700, 5900, 5.42, 189.33, 55.80, 5.42, 189.43, 55.74, 0.01, 239.08, -20.70);
insert into SHOT values (3623, 3689, 3701, 5900, 4.38, 199.83, 44.80, 4.37, 199.95, 44.76, 0.01, 302.12, -42.13);
insert into SHOT values (3624, 3689, 3702, 5900, 0.92, 204.93, 41.60, 0.92, 205.07, 41.71, 0.00, 359.21, -11.79);
insert into SHOT values (3625, 3689, 3703, 5900, 3.81, 210.83, 41.00, 3.81, 210.93, 40.97, 0.01, 263.18, 3.61);
insert into SHOT values (3626, 3689, 3704, 5900, 2.39, 256.43, 40.80, 2.39, 256.58, 40.77, 0.01, 344.10, -19.22);
insert into SHOT values (3627, 3689, 3705, 5900, 1.88, 280.93, 31.20, 1.88, 281.10, 31.07, 0.01, 348.41, -36.25);
insert into SHOT values (3628, 3689, 3706, 5900, 1.57, 256.63, 19.40, 1.57, 256.72, 19.36, 0.00, 15.49, -29.63);
insert into SHOT values (3629, 3689, 3707, 5900, 0.93, 190.63, 18.70, 0.93, 191.18, 18.89, 0.01, 307.49, 10.87);
insert into SHOT values (3630, 3689, 3708, 5900, 1.66, 179.23, 3.90, 1.65, 179.31, 3.81, 0.01, 338.47, -24.23);
insert into SHOT values (3631, 3709, 3689, 5900, 6.75, 10.73, -60.10, 6.78, 9.52, -59.45, 0.11, 329.11, 6.02);
insert into SHOT values (3632, 3710, 3711, 5900, 6.77, 17.73, -51.10, 6.77, 17.67, -51.11, 0.00, 276.90, -16.33);
insert into SHOT values (3633, 3710, 3712, 5900, 3.33, 23.93, -50.90, 3.33, 23.88, -50.97, 0.01, 280.37, -73.00);
insert into SHOT values (3634, 3710, 3713, 5900, 6.76, 10.53, -59.90, 6.76, 10.55, -59.93, 0.00, 168.15, -26.01);
insert into SHOT values (3635, 3710, 3714, 5900, 3.71, 319.73, 87.40, 3.70, 319.76, 87.36, 0.01, 322.92, -72.07);
insert into SHOT values (3636, 3710, 3715, 5900, 1.32, 312.13, 51.30, 1.33, 312.09, 50.95, 0.01, 309.09, -0.95);
insert into SHOT values (3637, 3710, 3716, 5900, 1.05, 303.93, 14.00, 1.05, 303.85, 13.73, 0.01, 286.56, -39.73);
insert into SHOT values (3638, 3710, 3717, 5900, 0.44, 118.93, 42.00, 0.43, 119.74, 41.96, 0.01, 253.41, -34.37);
insert into SHOT values (3639, 3710, 3718, 5900, 1.18, 121.43, 69.90, 1.18, 121.70, 70.20, 0.01, 283.39, 16.77);
insert into SHOT values (3640, 3710, 3719, 5900, 2.42, 89.33, 84.60, 2.42, 90.00, 84.78, 0.01, 250.88, 5.17);
insert into SHOT values (3641, 3710, 3720, 5900, 14.56, 169.23, 82.70, 14.56, 169.42, 82.69, 0.01, 246.40, -17.29);
insert into SHOT values (3642, 3710, 3721, 5900, 6.58, 207.93, 68.20, 6.58, 208.03, 68.17, 0.01, 260.33, 5.68);
insert into SHOT values (3643, 3710, 3722, 5900, 6.12, 209.13, 63.70, 6.11, 209.12, 63.66, 0.01, 187.77, -78.72);
insert into SHOT values (3644, 3710, 3723, 5900, 4.22, 229.03, 2.50, 4.22, 229.13, 2.44, 0.01, 303.03, -26.35);
insert into SHOT values (3645, 3710, 3724, 5900, 2.88, 245.13, -0.80, 2.89, 245.21, -0.79, 0.01, 279.75, 1.61);
insert into SHOT values (3646, 3710, 3725, 5900, 1.55, 256.33, 9.20, 1.55, 256.42, 9.26, 0.00, 297.21, 30.44);
insert into SHOT values (3647, 3710, 3726, 5900, 1.35, 275.93, 6.00, 1.35, 275.96, 5.93, 0.00, 286.82, -13.13);
insert into SHOT values (3648, 3710, 3727, 5900, 1.08, 278.93, 8.20, 1.08, 279.11, 7.95, 0.01, 316.07, -35.10);
insert into SHOT values (3649, 3709, 3728, 5900, 1.05, 186.63, 5.00, 1.05, 186.58, 4.91, 0.00, 144.60, -51.46);
insert into SHOT values (3650, 3709, 3729, 5900, 1.53, 204.83, 5.40, 1.53, 204.88, 5.63, 0.01, 349.43, 67.54);
insert into SHOT values (3651, 3709, 3730, 5900, 3.71, 219.13, 0.20, 3.70, 219.19, 0.31, 0.01, 7.82, 40.95);
insert into SHOT values (3652, 3710, 3731, 5900, 4.11, 222.53, 7.10, 4.11, 222.61, 7.13, 0.01, 330.42, 16.90);
insert into SHOT values (3653, 3731, 3732, 5900, 0.62, 290.73, -1.40, 0.62, 290.77, -1.85, 0.00, 335.28, -81.65);
insert into SHOT values (3654, 3731, 3733, 5900, 0.85, 231.03, 2.50, 0.85, 230.71, 2.01, 0.01, 178.16, -50.22);
insert into SHOT values (3655, 3731, 3734, 5900, 0.67, 187.13, 3.60, 0.68, 186.81, 3.39, 0.01, 155.53, -16.19);
insert into SHOT values (3656, 3731, 3735, 5900, 0.55, 143.93, 19.70, 0.55, 143.57, 19.03, 0.01, 106.15, -45.50);
insert into SHOT values (3657, 3731, 3736, 5900, 0.72, 94.63, 21.90, 0.72, 95.12, 21.13, 0.01, 145.96, -49.18);
insert into SHOT values (3658, 3731, 3737, 5900, 0.88, 71.43, 11.40, 0.88, 71.77, 11.14, 0.01, 154.34, -36.64);
insert into SHOT values (3659, 3731, 3738, 5900, 1.84, 67.23, 6.10, 1.84, 67.50, 5.93, 0.01, 159.63, -32.21);
insert into SHOT values (3660, 3731, 3739, 5900, 1.29, 125.13, 65.70, 1.28, 125.79, 65.63, 0.01, 222.51, -42.72);
insert into SHOT values (3661, 3731, 3740, 5900, 1.41, 167.13, 83.10, 1.41, 166.76, 82.89, 0.01, 155.10, 2.27);
insert into SHOT values (3662, 3731, 3741, 5900, 1.42, 290.63, 75.90, 1.41, 290.56, 75.99, 0.01, 116.35, -59.84);
insert into SHOT values (3663, 3731, 3742, 5900, 0.89, 328.63, 69.90, 0.88, 328.39, 69.81, 0.01, 213.91, -76.69);
insert into SHOT values (3664, 3731, 3743, 5900, 0.64, 316.03, 8.80, 0.64, 315.64, 8.14, 0.01, 189.46, -56.53);
insert into SHOT values (3665, 3731, 3744, 5900, 2.69, 227.53, 5.30, 2.69, 227.57, 5.11, 0.01, 253.07, -61.64);
insert into SHOT values (3666, 3744, 3745, 5900, 3.23, 191.93, 30.10, 3.23, 191.75, 30.06, 0.01, 128.20, 0.73);
insert into SHOT values (3667, 3744, 3746, 5900, 3.49, 192.73, 29.70, 3.49, 192.57, 29.70, 0.01, 110.66, 5.80);
insert into SHOT values (3668, 3744, 3747, 5900, 5.59, 191.63, 31.00, 5.60, 191.54, 30.98, 0.01, 140.19, 6.10);
insert into SHOT values (3669, 3747, 3748, 5900, 1.23, 301.63, 3.90, 1.24, 301.76, 4.17, 0.01, 321.97, 37.48);
insert into SHOT values (3670, 3747, 3749, 5900, 1.24, 279.83, 6.50, 1.24, 279.85, 6.50, 0.00, 93.71, -5.36);
insert into SHOT values (3671, 3747, 3750, 5900, 1.50, 255.23, 7.50, 1.50, 255.22, 7.65, 0.00, 249.06, 63.06);
insert into SHOT values (3672, 3747, 3751, 5900, 1.98, 230.03, 7.10, 1.98, 230.16, 7.24, 0.01, 297.94, 47.35);
insert into SHOT values (3673, 3747, 3752, 5900, 3.39, 239.33, 2.90, 3.38, 239.41, 2.88, 0.01, 15.19, -11.45);
insert into SHOT values (3674, 3747, 3753, 5900, 4.28, 244.83, 2.30, 4.28, 244.81, 2.28, 0.00, 157.60, -61.20);
insert into SHOT values (3675, 3747, 3709, 5900, 4.55, 237.33, 21.80, 4.55, 237.36, 21.79, 0.00, 279.94, 3.99);
insert into SHOT values (3676, 3709, 3754, 5900, 2.48, 221.23, 10.60, 2.46, 219.62, 10.79, 0.07, 111.79, 3.04);
insert into SHOT values (3677, 3709, 3755, 5900, 2.48, 224.13, 13.70, 2.48, 223.99, 13.79, 0.01, 93.65, 19.25);
insert into SHOT values (3678, 3709, 3756, 5900, 0.58, 119.23, 11.90, 0.58, 118.37, 11.92, 0.01, 33.56, 2.70);
insert into SHOT values (3679, 3754, 3757, 5900, 0.63, 127.73, 45.30, 0.62, 127.65, 44.87, 0.01, 336.60, -80.87);
insert into SHOT values (3680, 3754, 3758, 5900, 0.29, 133.13, 63.90, 0.29, 131.63, 65.15, 0.01, 336.64, -3.12);
insert into SHOT values (3681, 3754, 3759, 5900, 2.46, 201.03, 2.00, 2.45, 201.02, 1.87, 0.01, 23.54, -48.14);
insert into SHOT values (3682, 3754, 3760, 5900, 2.13, 62.03, 1.60, 2.13, 61.99, 1.61, 0.00, 342.53, 21.55);
insert into SHOT values (3683, 3754, 3761, 5900, 2.64, 244.83, -48.50, 2.58, 243.28, -49.08, 0.08, 102.26, 19.99);
insert into SHOT values (3684, 3761, 3762, 5900, 1.29, 277.73, -23.60, 1.29, 277.79, -23.77, 0.00, 51.89, -63.76);
insert into SHOT values (3685, 3761, 3763, 5900, 5.29, 264.03, -27.90, 5.17, 263.05, -28.53, 0.15, 114.42, 2.00);
insert into SHOT values (3686, 3763, 3764, 5900, 5.29, 266.73, -22.10, 5.30, 266.73, -22.07, 0.01, 269.23, 1.95);
insert into SHOT values (3687, 3763, 3765, 5900, 0.78, 240.63, 0.30, 0.78, 240.80, 0.00, 0.00, 353.65, -57.46);
insert into SHOT values (3688, 3763, 3766, 5900, 0.79, 295.33, 3.10, 0.80, 295.28, 2.88, 0.01, 290.13, -20.13);
insert into SHOT values (3689, 3763, 3767, 5900, 2.56, 321.43, 7.30, 2.57, 321.38, 7.16, 0.01, 305.56, -32.62);
insert into SHOT values (3690, 3763, 3768, 5900, 3.26, 301.03, 10.80, 3.26, 300.96, 10.77, 0.01, 264.80, -8.31);
insert into SHOT values (3691, 3763, 3769, 5900, 3.54, 288.83, 10.40, 3.55, 288.90, 10.40, 0.01, 325.40, 7.03);
insert into SHOT values (3692, 3763, 3770, 5900, 1.04, 7.13, 4.50, 1.04, 6.65, 4.41, 0.01, 278.02, -10.40);
insert into SHOT values (3693, 3763, 3771, 5900, 1.89, 19.73, -5.70, 1.89, 19.59, -5.77, 0.01, 266.49, -25.58);
insert into SHOT values (3694, 3763, 3772, 5900, 3.34, 29.93, -7.30, 3.34, 29.90, -7.40, 0.01, 246.30, -61.70);
insert into SHOT values (3695, 3763, 3773, 5900, 3.12, 296.53, 12.20, 3.12, 296.48, 12.21, 0.00, 217.41, 15.26);
insert into SHOT values (3696, 3773, 3774, 5900, 1.72, 243.43, 6.80, 1.72, 243.58, 6.68, 0.01, 327.94, -37.53);
insert into SHOT values (3697, 3773, 3775, 5900, 6.52, 220.93, 11.20, 6.52, 220.94, 11.15, 0.01, 355.53, -69.42);
insert into SHOT values (3698, 3773, 3776, 5900, 3.14, 211.83, 14.60, 3.14, 211.97, 14.56, 0.01, 283.02, -10.85);
insert into SHOT values (3699, 3773, 3777, 5900, 2.44, 198.83, 16.00, 2.44, 198.90, 15.94, 0.00, 270.01, -39.31);
insert into SHOT values (3700, 3773, 3778, 5900, 1.86, 184.03, 13.50, 1.86, 184.13, 13.40, 0.01, 323.96, -39.39);
insert into SHOT values (3701, 3773, 3779, 5900, 1.59, 173.63, 12.70, 1.59, 173.70, 12.73, 0.00, 304.54, 9.46);
insert into SHOT values (3702, 3773, 3780, 5900, 9.56, 230.53, 11.80, 9.56, 230.55, 11.76, 0.01, 262.14, -37.44);
insert into SHOT values (3703, 3780, 3781, 5900, 1.68, 328.53, -4.50, 1.68, 328.68, -4.44, 0.01, 70.40, 21.02);
insert into SHOT values (3704, 3780, 3782, 5900, 0.88, 338.53, 58.30, 0.88, 338.43, 58.35, 0.00, 246.30, 58.54);
insert into SHOT values (3705, 3780, 3783, 5900, 1.04, 345.23, 28.90, 1.04, 345.35, 28.80, 0.00, 99.96, -49.77);
insert into SHOT values (3706, 3780, 3784, 5900, 1.48, 343.53, -63.30, 1.48, 343.47, -63.17, 0.00, 328.33, 38.94);
insert into SHOT values (3707, 3780, 3785, 5900, 1.52, 38.43, 3.10, 1.52, 38.60, 3.01, 0.01, 81.85, -18.02);
insert into SHOT values (3708, 3780, 3786, 5900, 2.96, 48.03, -5.10, 2.96, 47.88, -5.03, 0.01, 346.98, 20.35);
insert into SHOT values (3709, 3780, 3787, 5900, 5.05, 58.93, -10.80, 5.05, 58.94, -10.73, 0.01, 105.47, 78.08);
insert into SHOT values (3710, 3780, 3788, 5900, 10.22, 56.13, -10.70, 10.22, 56.12, -10.71, 0.00, 38.78, -35.14);
insert into SHOT values (3711, 3780, 3789, 5900, 1.74, 277.83, -13.90, 1.74, 277.84, -13.99, 0.00, 89.87, -31.15);
insert into SHOT values (3712, 3780, 3790, 5900, 1.74, 283.73, -13.10, 1.73, 284.04, -12.99, 0.01, 38.74, 23.42);
insert into SHOT values (3713, 3780, 3791, 5900, 2.51, 256.53, 26.90, 2.51, 256.52, 27.06, 0.01, 77.13, 32.17);
insert into SHOT values (3714, 3791, 3792, 5900, 0.89, 200.33, -0.80, 0.89, 200.48, -0.65, 0.01, 348.97, 27.89);
insert into SHOT values (3715, 3791, 3793, 5900, 1.14, 235.63, -6.00, 1.14, 235.75, -6.02, 0.00, 271.46, -11.19);
insert into SHOT values (3716, 3791, 3794, 5900, 2.44, 255.33, -2.20, 2.44, 255.51, -2.35, 0.01, 350.16, -39.25);
insert into SHOT values (3717, 3791, 3795, 5900, 2.80, 301.43, -8.40, 2.81, 301.46, -8.39, 0.01, 312.12, -6.44);
insert into SHOT values (3718, 3791, 3796, 5900, 2.38, 328.73, -9.30, 2.38, 328.74, -9.42, 0.01, 344.48, -63.71);
insert into SHOT values (3719, 3791, 3797, 5900, 1.51, 44.83, -9.50, 1.51, 44.73, -9.51, 0.00, 1.74, -11.81);
insert into SHOT values (3720, 3791, 3798, 5900, 4.51, 81.03, -20.80, 4.51, 80.98, -20.80, 0.01, 297.91, 16.90);
insert into SHOT values (3721, 3791, 3799, 5900, 2.53, 298.23, -6.60, 2.54, 298.19, -6.57, 0.01, 283.60, 7.79);
insert into SHOT values (3722, 3799, 3800, 5900, 2.54, 307.83, -17.10, 2.54, 307.81, -17.15, 0.00, 295.77, -49.56);
insert into SHOT values (3723, 3799, 3801, 5900, 1.34, 12.03, 22.20, 1.34, 12.03, 21.84, 0.01, 12.86, -43.13);
insert into SHOT values (3724, 3799, 3802, 5900, 0.73, 90.63, 19.70, 0.73, 90.83, 19.18, 0.01, 131.98, -58.52);
insert into SHOT values (3725, 3799, 3803, 5900, 2.28, 178.33, 4.80, 2.28, 178.23, 4.78, 0.00, 74.11, -11.75);
insert into SHOT values (3726, 3799, 3804, 5900, 2.70, 199.63, 25.00, 2.69, 199.62, 25.03, 0.01, 21.43, -11.55);
insert into SHOT values (3727, 3799, 3805, 5900, 1.15, 217.33, 31.00, 1.15, 217.57, 30.94, 0.01, 329.27, -27.06);
insert into SHOT values (3728, 3799, 3806, 5900, 2.37, 273.63, 25.10, 2.37, 273.74, 25.00, 0.01, 24.04, -48.91);
insert into SHOT values (3729, 3806, 3807, 5900, 2.37, 273.23, 26.70, 2.37, 273.26, 26.85, 0.01, 77.86, 51.80);
insert into SHOT values (3730, 3806, 3808, 5900, 2.83, 224.03, -8.00, 2.83, 223.99, -7.91, 0.01, 205.13, 35.13);
insert into SHOT values (3731, 3806, 3809, 5900, 4.08, 248.23, -11.20, 4.08, 248.17, -11.15, 0.01, 211.16, 21.53);
insert into SHOT values (3732, 3806, 3810, 5900, 2.00, 121.03, -1.80, 2.00, 121.06, -1.72, 0.00, 276.59, 42.87);
insert into SHOT values (3733, 3806, 3811, 5900, 2.61, 133.93, -0.90, 2.61, 133.91, -0.88, 0.00, 45.43, 59.46);
insert into SHOT values (3734, 3806, 3812, 5900, 0.63, 146.03, -81.60, 0.63, 147.99, -81.35, 0.01, 201.23, 39.40);
insert into SHOT values (3735, 3806, 3813, 5900, 4.57, 267.93, -27.50, 4.57, 267.88, -27.50, 0.00, 163.42, 3.17);
insert into SHOT values (3736, 3813, 3814, 5900, 5.13, 295.83, -17.40, 5.13, 295.78, -17.35, 0.01, 235.04, 42.23);
insert into SHOT values (3737, 3813, 3815, 5900, 1.53, 300.43, -4.20, 1.53, 300.26, -4.12, 0.01, 237.07, 22.08);
insert into SHOT values (3738, 3813, 3816, 5900, 1.69, 300.53, 5.70, 1.69, 300.38, 5.78, 0.00, 199.04, 26.04);
insert into SHOT values (3739, 3813, 3817, 5900, 2.48, 297.93, 10.60, 2.48, 297.93, 10.70, 0.01, 113.31, 42.44);
insert into SHOT values (3740, 3763, 3818, 5900, 1.35, 321.23, 14.10, 1.20, 321.65, 14.50, 0.15, 137.94, -10.95);
insert into SHOT values (3741, 3818, 3819, 5900, 1.35, 323.93, 11.80, 1.35, 323.91, 11.94, 0.00, 315.44, 55.70);
insert into SHOT values (3742, 3818, 3820, 5900, 1.52, 192.73, 79.20, 1.52, 192.09, 79.12, 0.00, 128.44, -41.30);
insert into SHOT values (3743, 3818, 3821, 5900, 1.24, 323.43, 72.30, 1.24, 324.64, 72.14, 0.01, 32.67, -8.60);
insert into SHOT values (3744, 3818, 3822, 5900, 0.44, 15.63, 66.30, 0.44, 16.39, 66.11, 0.00, 97.72, -50.50);
insert into SHOT values (3745, 3818, 3823, 5900, 0.38, 147.33, 2.20, 0.38, 146.73, 2.99, 0.01, 94.21, 47.16);
insert into SHOT values (3746, 3818, 3824, 5900, 0.44, 159.73, 16.50, 0.44, 158.96, 17.28, 0.01, 33.59, 36.13);
insert into SHOT values (3747, 3818, 3825, 5900, 1.46, 266.03, 5.80, 1.46, 266.05, 5.89, 0.00, 304.43, 64.51);
insert into SHOT values (3748, 3818, 3826, 5900, 2.41, 225.83, 8.50, 2.41, 225.85, 8.59, 0.00, 333.47, 74.57);
insert into SHOT values (3749, 3818, 3827, 5900, 1.17, 211.33, 7.70, 1.17, 211.22, 7.87, 0.00, 81.34, 48.72);
insert into SHOT values (3750, 3818, 3828, 5900, 1.25, 191.73, 4.70, 1.25, 191.58, 4.59, 0.00, 93.64, -37.18);
insert into SHOT values (3751, 3818, 3829, 5900, 0.93, 211.43, 5.80, 0.93, 211.28, 5.56, 0.00, 101.26, -58.23);
insert into SHOT values (3752, 3818, 3830, 5900, 6.56, 32.73, -14.30, 6.56, 32.74, -14.29, 0.00, 55.89, 4.38);
insert into SHOT values (3753, 3818, 3831, 5900, 2.18, 33.43, -9.80, 2.19, 33.47, -9.73, 0.01, 42.99, 6.19);
insert into SHOT values (3754, 3818, 3832, 5900, 4.47, 45.13, -7.80, 4.48, 45.09, -7.83, 0.01, 16.48, -30.86);
insert into SHOT values (3755, 3818, 3833, 5900, 3.76, 37.93, -13.20, 3.77, 39.37, -13.18, 0.09, 120.72, -0.86);
insert into SHOT values (3756, 3833, 3834, 5900, 3.75, 35.93, -13.50, 3.75, 35.87, -13.40, 0.01, 4.05, 36.72);
insert into SHOT values (3757, 3833, 3835, 5900, 0.84, 319.03, 1.90, 0.84, 319.33, 2.04, 0.01, 4.63, 19.23);
insert into SHOT values (3758, 3833, 3836, 5900, 1.05, 27.33, -8.00, 1.06, 27.30, -7.62, 0.01, 23.24, 42.04);
insert into SHOT values (3759, 3833, 3837, 5900, 1.02, 92.73, 7.60, 1.02, 92.27, 7.89, 0.01, 0.74, 32.23);
insert into SHOT values (3760, 3833, 3838, 5900, 1.01, 124.53, 20.10, 1.01, 123.86, 20.20, 0.01, 48.50, 14.23);
insert into SHOT values (3761, 3833, 3839, 5900, 1.03, 124.63, 12.30, 1.03, 124.48, 12.33, 0.00, 45.93, 12.40);
insert into SHOT values (3762, 3833, 3840, 5900, 2.57, 18.23, -15.70, 2.53, 19.92, -15.82, 0.08, 136.88, 3.79);
insert into SHOT values (3763, 3840, 3841, 5900, 2.58, 29.93, 8.80, 2.58, 29.88, 8.92, 0.01, 279.08, 69.40);
insert into SHOT values (3764, 3840, 3842, 5900, 0.63, 161.63, 10.70, 0.62, 161.86, 11.12, 0.01, 325.56, 18.46);
insert into SHOT values (3765, 3840, 3843, 5900, 1.65, 165.23, 34.30, 1.64, 165.45, 34.50, 0.01, 316.51, 0.95);
insert into SHOT values (3766, 3840, 3844, 5900, 1.44, 166.03, 53.00, 1.44, 166.61, 53.10, 0.01, 275.96, -0.22);
insert into SHOT values (3767, 3840, 3845, 5900, 1.04, 172.73, 54.80, 1.04, 173.23, 55.05, 0.01, 308.32, 1.29);
insert into SHOT values (3768, 3840, 3846, 5900, 1.51, 104.63, 27.30, 1.65, 104.98, 26.72, 0.14, 108.70, 20.27);
insert into SHOT values (3769, 3846, 3847, 5900, 2.48, 62.03, -16.30, 2.56, 63.43, -16.10, 0.10, 99.60, -8.00);
insert into SHOT values (3770, 3847, 3848, 5900, 2.48, 66.33, -16.00, 2.48, 66.23, -15.93, 0.01, 310.02, 39.63);
insert into SHOT values (3771, 3847, 3689, 5900, 2.04, 94.43, -18.20, 2.18, 95.24, -17.61, 0.15, 106.35, -9.03);
insert into SHOT values (3772, 3564, 3849, 5900, 3.33, 353.43, 1.40, 3.33, 353.45, 1.38, 0.00, 21.22, -23.73);
insert into SHOT values (3773, 3849, 3850, 5900, 1.46, 353.63, -9.30, 1.46, 353.62, -9.08, 0.01, 181.42, 72.23);
insert into SHOT values (3774, 3850, 3851, 5900, 2.38, 68.83, -2.30, 2.38, 68.82, -2.41, 0.01, 67.17, -59.20);
insert into SHOT values (3775, 3851, 3852, 5900, 2.38, 60.93, -0.70, 2.38, 61.06, -0.72, 0.01, 179.56, -8.16);
insert into SHOT values (3776, 3851, 3853, 5900, 1.87, 70.03, 2.90, 1.87, 70.02, 2.75, 0.01, 66.67, -41.79);
insert into SHOT values (3777, 3853, 3854, 5900, 1.87, 85.23, -5.60, 1.86, 85.36, -5.54, 0.01, 223.39, 20.25);
insert into SHOT values (3778, 3853, 3855, 5900, 1.67, 14.23, 51.20, 1.67, 13.90, 51.54, 0.01, 238.79, 45.46);
insert into SHOT values (3779, 3853, 3856, 5900, 1.78, 13.53, 50.60, 1.78, 13.42, 50.92, 0.01, 206.62, 25.54);
insert into SHOT values (3780, 3853, 3857, 5900, 1.78, 13.03, 45.30, 1.78, 12.93, 45.42, 0.01, 274.56, 65.16);
insert into SHOT values (3781, 3853, 3858, 5900, 1.39, 17.03, -24.30, 1.39, 17.00, -24.25, 0.00, 215.43, 50.93);
insert into SHOT values (3782, 3853, 3859, 5900, 1.99, 355.63, -19.80, 1.98, 355.39, -19.75, 0.01, 226.24, 22.28);
insert into SHOT values (3783, 3859, 3529, 5900, 3.32, 7.83, 3.00, 3.32, 7.79, 2.93, 0.01, 345.00, -33.74);
insert into SHOT values (3784, 3530, 3860, 5900, 1.37, 0.73, 18.70, 1.37, 0.44, 18.70, 0.01, 290.63, 6.30);
insert into SHOT values (3785, 3529, 3861, 5900, 1.39, 1.73, 19.60, 1.39, 1.75, 19.73, 0.00, 26.14, 71.25);
insert into SHOT values (3786, 3530, 3862, 5900, 1.57, 1.53, 19.80, 1.58, 1.55, 20.04, 0.01, 11.15, 67.40);
insert into SCRAPS values (5901, 5898, 'dysentry-1p', 1);
 insert into SCRAPS values (5961, 5898, 'dysentry-p5', 1);
 insert into SCRAPS values (6039, 5898, 'dysentry-p4', 1);
 insert into SCRAPS values (6112, 5898, 'dysentry-p2', 1);
 insert into SCRAPS values (6164, 5898, 'dysentry-p3', 1);
 insert into SCRAPS values (6216, 5898, 'dysentry-p6', 1);
 insert into MAPS values (6293, 5898, 'm1p', NULL, 1, 193.480, 10.400);
 insert into MAPITEMS values (6293, 4, 5901);
 insert into MAPS values (6294, 5898, 'm2p', NULL, 1, 193.480, 10.400);
 insert into MAPITEMS values (6294, 4, 6112);
 insert into MAPS values (6295, 5898, 'm3p', NULL, 1, 193.480, 10.400);
 insert into MAPITEMS values (6295, 4, 6164);
 insert into MAPS values (6296, 5898, 'm4p', NULL, 1, 193.480, 10.400);
 insert into MAPITEMS values (6296, 4, 6039);
 insert into MAPS values (6297, 5898, 'm5p', NULL, 1, 193.480, 10.400);
 insert into MAPITEMS values (6297, 4, 5961);
 insert into MAPS values (6298, 5898, 'm6p', NULL, 1, 193.480, 10.400);
 insert into MAPITEMS values (6298, 4, 6216);
 insert into MAPS values (6299, 5898, 'mdysentry-p', NULL, 1, 193.480, 10.400);
 insert into MAPITEMS values (6299, 4, 6293);
 insert into MAPITEMS values (6299, 4, 6294);
 insert into MAPITEMS values (6299, 4, 6295);
 insert into MAPITEMS values (6299, 4, 6296);
 insert into MAPITEMS values (6299, 4, 6297);
 insert into MAPITEMS values (6299, 4, 6298);
 insert into SURVEY values (6306, 24, 'come_up_smiling_2', 'come_up_smiling_2.primadona.sistem_prima', 'Come up Smiling');
 insert into CENTRELINE values (6307, 6306, NULL, NULL, NULL, 0.00, 0.00, 0.00);
 insert into SCRAPS values (6308, 6306, 'import0', 1);
 insert into SCRAPS values (6334, 6306, 'come_up_smiling_2-p1', 1);
 insert into MAPS values (6344, 6306, 'mcome_up_smiling_2-p', NULL, 1, 25.610, 7.860);
 insert into MAPITEMS values (6344, 4, 6334);
 insert into CENTRELINE values (6345, 6306, NULL, '2018-07-18', '2018-07-18', 25.61, 0.00, 0.00);
 insert into TOPO values (22, 6345);
 insert into TOPO values (18, 6345);
 insert into EXPLO values (32, 6345);
 insert into EXPLO values (22, 6345);
 insert into EXPLO values (18, 6345);
 insert into SHOT values (3787, 3863, 3864, 6345, 0.35, 85.42, 75.00, 0.35, 83.66, 75.09, 0.00, 353.87, 34.62);
insert into SHOT values (3788, 3863, 3865, 6345, 3.51, 80.32, 68.30, 3.51, 80.25, 68.28, 0.00, 18.99, -32.20);
insert into SHOT values (3789, 3863, 3866, 6345, 2.70, 92.52, 50.80, 2.70, 92.36, 50.99, 0.01, 317.00, 47.25);
insert into SHOT values (3790, 3863, 3867, 6345, 2.66, 102.72, 15.90, 2.65, 102.67, 15.96, 0.01, 302.91, 11.15);
insert into SHOT values (3791, 3863, 3868, 6345, 1.57, 123.42, -24.30, 1.57, 123.58, -24.14, 0.01, 247.03, 52.81);
insert into SHOT values (3792, 3863, 3869, 6345, 1.67, 184.82, -83.10, 1.66, 185.71, -83.05, 0.01, 268.49, 68.42);
insert into SHOT values (3793, 3863, 3870, 6345, 6.99, 150.52, 17.80, 6.65, 152.42, 17.78, 0.41, 298.08, -15.29);
insert into SHOT values (3794, 3870, 3871, 6345, 3.11, 86.82, 63.80, 3.11, 86.66, 63.81, 0.00, 346.11, -6.65);
insert into SHOT values (3795, 3870, 3872, 6345, 3.38, 50.12, 41.10, 3.39, 50.08, 40.98, 0.01, 36.91, -12.35);
insert into SHOT values (3796, 3870, 3873, 6345, 1.86, 47.62, 5.40, 1.86, 47.62, 5.54, 0.01, 46.08, 60.39);
insert into SHOT values (3797, 3870, 3874, 6345, 2.50, 67.92, -43.30, 2.50, 67.79, -43.13, 0.01, 32.44, 31.69);
insert into SHOT values (3798, 3870, 3875, 6345, 1.65, 78.92, -69.00, 1.65, 78.31, -68.96, 0.01, 357.37, 3.63);
insert into SHOT values (3799, 3870, 3876, 6345, 6.26, 115.72, -3.70, 5.91, 115.13, -5.14, 0.39, 305.38, -19.04);
insert into SHOT values (3800, 3876, 3877, 6345, 3.35, 43.22, 86.10, 3.35, 41.42, 86.12, 0.01, 303.29, -17.22);
insert into SHOT values (3801, 3876, 3878, 6345, 2.76, 18.32, 46.50, 2.76, 18.34, 46.37, 0.01, 22.46, -16.16);
insert into SHOT values (3802, 3876, 3879, 6345, 1.44, 19.32, 8.50, 1.45, 19.20, 8.75, 0.01, 347.95, 49.11);
insert into SHOT values (3803, 3876, 3880, 6345, 1.96, 26.92, -21.00, 1.97, 26.84, -20.85, 0.01, 9.47, 15.52);
insert into SHOT values (3804, 3876, 3881, 6345, 2.52, 76.82, -77.30, 2.52, 76.46, -77.28, 0.00, 8.71, -23.69);
insert into SHOT values (3805, 3876, 3882, 6345, 9.37, 126.12, 42.30, 9.04, 126.19, 44.74, 0.51, 305.29, 6.01);
insert into SHOT values (3806, 3882, 3883, 6345, 4.97, 358.72, 4.10, 4.96, 358.73, 4.04, 0.01, 176.90, -41.39);
insert into SHOT values (3807, 3882, 3884, 6345, 5.94, 357.82, 17.00, 5.93, 357.78, 16.96, 0.01, 214.64, -40.88);
insert into SHOT values (3808, 3882, 3885, 6345, 3.55, 7.52, -6.30, 3.54, 7.51, -6.32, 0.01, 194.28, -3.01);
insert into SHOT values (3809, 3882, 3886, 6345, 1.86, 22.82, -31.90, 1.86, 22.82, -32.18, 0.01, 205.12, -49.79);
insert into SHOT values (3810, 3882, 3887, 6345, 1.15, 59.12, -70.20, 1.16, 58.78, -70.51, 0.01, 271.25, -61.45);
insert into SHOT values (3811, 3882, 3888, 6345, 2.46, 203.52, -18.20, 2.44, 206.90, -19.41, 0.15, 310.85, -16.38);
insert into SHOT values (3812, 3888, 3889, 6345, 0.53, 53.02, 6.10, 0.41, 39.99, 2.83, 0.17, 267.52, -12.70);
insert into SURVEY values (6347, 24, 'come_up_smiling', 'come_up_smiling.primadona.sistem_prima', 'Come up Smiling');
 insert into CENTRELINE values (6348, 6347, NULL, NULL, NULL, 0.00, 0.00, 0.00);
 insert into SCRAPS values (6349, 6347, 'come_up_smiling-p1', 1);
 insert into MAPS values (6365, 6347, 'mcome_up_smiling-p', NULL, 1, 65.920, 13.780);
 insert into MAPITEMS values (6365, 4, 6349);
 insert into CENTRELINE values (6366, 6347, NULL, '2018-07-16', '2018-07-16', 65.92, 0.00, 0.00);
 insert into TOPO values (22, 6366);
 insert into TOPO values (18, 6366);
 insert into EXPLO values (32, 6366);
 insert into EXPLO values (22, 6366);
 insert into EXPLO values (18, 6366);
 insert into SHOT values (3813, 3890, 3891, 6366, 1.02, 204.32, 5.70, 1.02, 203.79, 5.62, 0.01, 122.54, -7.78);
insert into SHOT values (3814, 3890, 3892, 6366, 0.45, 191.82, 85.90, 0.45, 180.00, 86.19, 0.01, 77.25, 9.67);
insert into SHOT values (3815, 3890, 3893, 6366, 2.24, 44.52, 2.80, 2.24, 44.64, 2.82, 0.01, 167.14, 6.27);
insert into SHOT values (3816, 3890, 3894, 6366, 0.85, 72.42, -84.10, 0.85, 71.57, -83.56, 0.01, 61.66, 35.82);
insert into SHOT values (3817, 3890, 3895, 6366, 10.32, 148.02, 9.20, 9.98, 150.24, 8.41, 0.53, 278.23, -20.81);
insert into SHOT values (3818, 3895, 3896, 6366, 0.78, 114.02, 75.50, 0.78, 113.96, 75.28, 0.01, 106.85, -71.81);
insert into SHOT values (3819, 3895, 3897, 6366, 0.78, 242.72, 1.70, 0.78, 242.45, 1.47, 0.01, 132.33, -38.04);
insert into SHOT values (3820, 3895, 3898, 6366, 1.99, 80.82, 2.10, 1.99, 81.01, 2.02, 0.01, 204.29, -20.49);
insert into SHOT values (3821, 3895, 3899, 6366, 0.20, 163.82, -87.50, 0.20, 180.00, -87.14, 0.00, 236.29, -3.73);
insert into SHOT values (3822, 3895, 3900, 6366, 10.90, 147.82, 4.20, 10.91, 147.84, 4.21, 0.01, 172.84, 10.83);
insert into SHOT values (3823, 3895, 3901, 6366, 10.49, 147.82, 4.20, 10.16, 150.15, 2.88, 0.58, 276.03, -26.24);
insert into SHOT values (3824, 3901, 3902, 6366, 1.01, 200.62, 3.00, 1.00, 200.42, 3.42, 0.01, 52.97, 47.25);
insert into SHOT values (3825, 3901, 3903, 6366, 0.75, 129.62, 83.90, 0.75, 125.54, 83.46, 0.01, 84.51, 26.14);
insert into SHOT values (3826, 3901, 3904, 6366, 1.76, 59.82, -0.10, 1.77, 59.81, 0.00, 0.01, 57.96, 17.02);
insert into SHOT values (3827, 3901, 3905, 6366, 0.93, 118.42, -82.40, 0.93, 118.61, -82.24, 0.00, 128.47, 38.08);
insert into SHOT values (3828, 3901, 3906, 6366, 7.21, 117.92, 12.30, 6.84, 117.41, 11.98, 0.38, 307.60, -17.91);
insert into SHOT values (3829, 3906, 3907, 6366, 2.04, 222.12, 28.90, 2.04, 222.27, 29.03, 0.01, 335.62, 38.93);
insert into SHOT values (3830, 3906, 3908, 6366, 2.72, 224.12, 9.50, 2.72, 224.10, 9.51, 0.00, 207.98, 12.49);
insert into SHOT values (3831, 3906, 3909, 6366, 1.70, 223.92, -16.10, 1.71, 224.01, -15.98, 0.01, 242.75, 10.39);
insert into SHOT values (3832, 3906, 3910, 6366, 5.18, 173.52, 4.30, 4.94, 176.39, 3.37, 0.36, 307.93, -15.89);
insert into SHOT values (3833, 3910, 3911, 6366, 0.89, 280.32, 30.20, 0.89, 280.57, 30.53, 0.01, 72.36, 18.08);
insert into SHOT values (3834, 3910, 3912, 6366, 1.84, 284.62, -2.10, 1.84, 284.49, -1.87, 0.01, 190.75, 59.81);
insert into SHOT values (3835, 3910, 3913, 6366, 1.44, 294.22, -61.00, 1.44, 294.72, -61.17, 0.01, 61.89, -4.15);
insert into SHOT values (3836, 3910, 3914, 6366, 6.27, 223.22, -10.60, 6.35, 226.95, -11.53, 0.42, 306.19, -15.95);
insert into SHOT values (3837, 3914, 3915, 6366, 1.31, 220.92, 6.20, 1.31, 220.65, 6.12, 0.01, 152.55, -12.38);
insert into SHOT values (3838, 3914, 3916, 6366, 6.58, 332.82, 0.80, 6.58, 332.77, 0.78, 0.01, 238.84, -17.61);
insert into SHOT values (3839, 3914, 3917, 6366, 1.82, 341.62, 74.20, 1.82, 341.20, 74.16, 0.00, 265.74, -18.08);
insert into SHOT values (3840, 3914, 3918, 6366, 2.03, 23.12, 5.80, 2.02, 23.12, 5.96, 0.01, 203.19, 31.28);
insert into SHOT values (3841, 3914, 3919, 6366, 1.28, 58.02, -87.00, 1.28, 63.43, -87.00, 0.01, 149.90, -15.49);
insert into SHOT values (3842, 3914, 3920, 6366, 5.71, 148.52, 4.70, 5.37, 150.14, 3.84, 0.38, 304.02, -16.52);
insert into SHOT values (3843, 3920, 3921, 6366, 1.41, 257.52, 52.70, 1.41, 257.25, 52.44, 0.01, 226.63, -11.59);
insert into SHOT values (3844, 3920, 3922, 6366, 2.16, 261.52, 3.80, 2.16, 261.46, 3.72, 0.00, 143.69, -47.48);
insert into SHOT values (3845, 3920, 3923, 6366, 1.43, 267.62, -59.50, 1.43, 267.65, -59.29, 0.01, 271.04, 23.73);
insert into SHOT values (3846, 3920, 3924, 6366, 17.45, 220.72, -42.20, 17.62, 227.37, -43.19, 1.53, 317.19, -12.75);
insert into SHOT values (3847, 3924, 3925, 6366, 3.35, 340.62, -10.50, 3.35, 340.69, -10.49, 0.00, 46.54, 7.22);
insert into SHOT values (3848, 3924, 3926, 6366, 3.37, 338.92, -10.40, 3.37, 338.94, -10.44, 0.00, 145.97, -25.24);
insert into SHOT values (3849, 3924, 3927, 6366, 3.29, 349.52, -12.70, 3.57, 347.52, -13.13, 0.30, 324.58, -16.80);
insert into SURVEY values (6368, 24, 'lumos', 'lumos.primadona.sistem_prima', 'Lumos');
 insert into CENTRELINE values (6369, 6368, NULL, NULL, NULL, 0.00, 0.00, 0.00);
 insert into CENTRELINE values (6370, 6368, NULL, '2018-07-30', '2018-07-30', 114.39, 0.00, 0.00);
 insert into TOPO values (27, 6370);
 insert into PERSON values (40, 'David', 'Kirkpatrik');
insert into TOPO values (40, 6370);
 insert into TOPO values (37, 6370);
 insert into EXPLO values (27, 6370);
 insert into EXPLO values (40, 6370);
 insert into EXPLO values (37, 6370);
 insert into SHOT values (3850, 3928, 3929, 6370, 9.90, 76.53, -41.00, 7.92, 118.11, -54.05, 5.05, 218.85, 0.96);
insert into SHOT values (3851, 3930, 3931, 6370, 9.50, 170.53, 24.00, 8.97, 130.08, 15.20, 6.18, 60.06, -14.18);
insert into SHOT values (3852, 3931, 3932, 6370, 3.42, 312.53, 7.00, 3.81, 341.76, -3.61, 1.97, 44.91, -19.47);
insert into SHOT values (3853, 3932, 3933, 6370, 6.20, 171.53, 9.00, 4.97, 132.71, -4.39, 4.07, 45.43, -19.35);
insert into SHOT values (3854, 3933, 3934, 6370, 5.75, 268.53, 26.00, 3.69, 308.56, 20.13, 3.59, 46.97, -20.42);
insert into SHOT values (3855, 3934, 3935, 6370, 4.58, 286.53, 9.00, 3.73, 325.29, -4.00, 3.00, 51.35, -18.98);
insert into SHOT values (3856, 3935, 3936, 6370, 1.95, 276.53, 1.00, 1.09, 17.35, -22.18, 2.40, 71.74, -10.67);
insert into SHOT values (3857, 3936, 3937, 6370, 2.29, 280.53, -10.00, 1.41, 346.41, -28.85, 2.10, 67.76, -7.72);
insert into SHOT values (3858, 3937, 3938, 6370, 4.99, 238.53, -8.00, 2.36, 266.32, -43.57, 3.64, 45.40, -14.89);
insert into SHOT values (3859, 3938, 3939, 6370, 2.71, 215.53, -60.00, 2.53, 54.64, -81.35, 1.73, 39.68, -5.09);
insert into SHOT values (3860, 3939, 3940, 6370, 3.02, 265.53, -21.00, 1.74, 326.84, -46.24, 2.48, 60.24, -4.10);
insert into SHOT values (3861, 3940, 3941, 6370, 6.63, 4.53, 90.00, 5.67, 42.53, 71.46, 2.20, 42.53, -34.71);
insert into SHOT values (3862, 3941, 3929, 6370, 1.00, 279.53, -40.00, 1.04, 21.54, -38.50, 1.23, 59.04, -0.34);
insert into SHOT values (3863, 3942, 3943, 6370, 4.54, 216.53, -17.00, 4.54, 216.58, -16.89, 0.01, 257.65, 51.40);
insert into SHOT values (3864, 3943, 3944, 6370, 4.90, 200.53, -4.00, 3.83, 191.60, -22.87, 1.89, 41.94, -37.39);
insert into SHOT values (3865, 3944, 3945, 6370, 8.50, 4.53, -90.00, 8.50, 90.00, -90.00, 0.00, 4.53, 0.00);
insert into SHOT values (3866, 3945, 3946, 6370, 4.50, 304.53, -7.00, 4.50, 304.51, -7.02, 0.00, 191.75, -42.72);
insert into SHOT values (3867, 3947, 3944, 6370, 6.50, 144.53, -37.00, 6.16, 158.03, -21.12, 2.20, 218.04, 50.40);
insert into SHOT values (3868, 3948, 3947, 6370, 3.35, 244.53, 30.00, 3.35, 244.49, 29.91, 0.01, 199.06, -63.78);
insert into SHOT values (3869, 3947, 3949, 6370, 1.66, 214.53, 0.00, 0.47, 176.19, -71.53, 1.61, 37.99, -16.24);
insert into SHOT values (3870, 3949, 3950, 6370, 1.60, 4.53, 90.00, 0.43, 46.97, 18.84, 1.52, 46.97, -74.30);
insert into SHOT values (3871, 3950, 3951, 6370, 2.15, 203.53, -25.00, 1.62, 192.17, -49.92, 1.00, 36.05, -19.27);
insert into SHOT values (3872, 3943, 3951, 6370, 3.30, 302.53, -30.00, 3.05, 289.48, -15.59, 1.06, 212.92, 51.37);
insert into SHOT values (3873, 3942, 3952, 6370, 2.80, 106.53, 5.00, 2.80, 106.48, 5.13, 0.01, 311.14, 47.75);
insert into SHOT values (3874, 3952, 3953, 6370, 2.60, 89.53, 35.00, 2.60, 89.46, 34.97, 0.00, 6.35, -27.43);
insert into SHOT values (3875, 3953, 3954, 6370, 2.05, 49.53, 4.00, 2.05, 49.76, 3.92, 0.01, 149.67, -19.43);
insert into SHOT values (3876, 3954, 3932, 6370, 4.00, 0.53, 7.00, 4.00, 0.58, 7.04, 0.00, 90.26, 36.95);
insert into SURVEY values (6372, 24, 'diagonalley', 'diagonalley.primadona.sistem_prima', 'Diagonalley');
 insert into CENTRELINE values (6373, 6372, NULL, NULL, NULL, 0.00, 0.00, 0.00);
 insert into CENTRELINE values (6374, 6372, NULL, '2018-07-30', '2018-07-30', 16.15, 0.00, 0.00);
 insert into TOPO values (27, 6374);
 insert into TOPO values (38, 6374);
 insert into TOPO values (37, 6374);
 insert into EXPLO values (27, 6374);
 insert into EXPLO values (38, 6374);
 insert into EXPLO values (37, 6374);
 insert into SHOT values (3877, 3955, 3956, 6374, 9.70, 4.53, -90.00, 9.70, 90.00, -90.00, 0.00, 4.53, -53.75);
insert into SHOT values (3878, 3956, 3957, 6374, 1.55, 153.53, 14.00, 1.54, 153.43, 13.87, 0.01, 356.50, -38.35);
insert into SHOT values (3879, 3957, 3958, 6374, 4.90, 4.53, -90.00, 4.90, 90.00, -90.00, 0.00, 4.53, 82.87);
insert into SURVEY values (6376, 24, 'damp_squib', 'damp_squib.primadona.sistem_prima', 'Damp Squib');
 insert into CENTRELINE values (6377, 6376, NULL, NULL, NULL, 0.00, 0.00, 0.00);
 insert into CENTRELINE values (6378, 6376, NULL, '2018-08-01', '2018-08-01', 94.18, 0.00, 0.00);
 insert into TOPO values (22, 6378);
 insert into TOPO values (25, 6378);
 insert into EXPLO values (22, 6378);
 insert into EXPLO values (25, 6378);
 insert into SHOT values (3880, 3959, 3960, 6378, 1.93, 99.53, -51.00, 1.93, 99.46, -50.96, 0.00, 63.51, -2.55);
insert into SHOT values (3881, 3960, 3961, 6378, 6.23, 58.53, -37.00, 6.22, 58.58, -37.04, 0.01, 205.95, -4.74);
insert into SHOT values (3882, 3961, 3962, 6378, 4.02, 9.53, 1.00, 4.03, 9.58, 1.00, 0.01, 36.91, -1.20);
insert into SHOT values (3883, 3962, 3963, 6378, 1.83, 91.53, 5.00, 1.83, 91.57, 5.02, 0.00, 240.72, 10.46);
insert into SHOT values (3884, 3963, 3964, 6378, 4.30, 297.53, 16.00, 4.29, 297.56, 15.95, 0.01, 95.22, -43.98);
insert into SHOT values (3885, 3964, 3965, 6378, 8.35, 345.53, 22.00, 8.36, 345.50, 22.00, 0.01, 303.67, 17.33);
insert into SHOT values (3886, 3965, 3966, 6378, 1.28, 329.53, 55.00, 1.28, 329.57, 55.17, 0.00, 140.45, 22.38);
insert into SHOT values (3887, 3966, 3967, 6378, 7.85, 25.53, -8.00, 7.85, 25.54, -7.99, 0.01, 183.00, 28.50);
insert into SHOT values (3888, 3967, 3968, 6378, 4.12, 30.53, 83.00, 4.11, 30.58, 82.86, 0.01, 33.36, -45.95);
insert into SHOT values (3889, 3968, 3969, 6378, 1.58, 151.53, 62.00, 1.59, 152.06, 61.91, 0.01, 204.41, 29.54);
insert into SHOT values (3890, 3969, 3970, 6378, 1.85, 313.53, 71.00, 1.85, 313.67, 70.83, 0.01, 327.33, 7.32);
insert into SHOT values (3891, 3970, 3971, 6378, 2.42, 28.53, 12.00, 2.42, 28.51, 11.93, 0.00, 299.57, -78.36);
insert into SHOT values (3892, 3971, 3972, 6378, 1.95, 331.53, 26.00, 1.95, 331.68, 26.18, 0.01, 97.14, 43.06);
insert into SHOT values (3893, 3972, 3973, 6378, 7.59, 4.53, 90.00, 7.59, 90.00, 90.00, 0.00, 4.53, 79.69);
insert into SHOT values (3894, 3974, 3973, 6378, 5.20, 309.53, -23.00, 5.20, 309.58, -22.98, 0.00, 29.09, 24.68);
insert into SHOT values (3895, 3974, 3975, 6378, 0.76, 349.53, 8.00, 0.76, 349.29, 7.56, 0.01, 268.72, -60.76);
insert into SHOT values (3896, 3975, 3976, 6378, 29.43, 4.53, 90.00, 29.43, 90.00, 90.00, 0.00, 4.53, 31.90);
insert into SHOT values (3897, 3976, 3977, 6378, 3.49, 116.53, 58.00, 3.49, 116.29, 57.97, 0.01, 41.27, 2.22);
insert into SURVEY values (6384, 21, 's_ubend', 's_ubend.sistem_prima', 'U-bend 571');
 insert into CENTRELINE values (6385, 6384, NULL, NULL, NULL, 0.00, 0.00, 0.00);
 insert into SURVEY values (6386, 6384, 'ubend', 'ubend.s_ubend.sistem_prima', NULL);
 insert into CENTRELINE values (6387, 6386, NULL, NULL, NULL, 0.00, 0.00, 0.00);
 insert into SCRAPS values (6388, 6386, 'ubendp_1', 1);
 insert into MAPS values (6403, 6386, 'mubendp_1', NULL, 1, 16.160, 9.090);
 insert into MAPITEMS values (6403, 4, 6388);
 insert into CENTRELINE values (6404, 6386, NULL, '2000-07-27', '2000-07-27', 16.16, 0.00, 0.00);
 insert into TOPO values (39, 6404);
 insert into PERSON values (41, 'Hugh', 'Penney');
insert into TOPO values (41, 6404);
 insert into EXPLO values (39, 6404);
 insert into SHOT values (3898, 3978, 3979, 6404, 7.15, 2.53, 90.00, 7.82, 131.63, 89.12, 0.68, 131.63, 79.81);
insert into SHOT values (3899, 3979, 3980, 6404, 2.71, 292.53, -7.00, 2.42, 291.80, -0.71, 0.40, 119.17, 48.20);
insert into SHOT values (3900, 3980, 3981, 6404, 2.02, 350.53, -23.00, 1.61, 352.18, -16.59, 0.46, 162.52, 45.92);
insert into SHOT values (3901, 3981, 3982, 6404, 2.43, 352.53, 23.00, 2.55, 354.09, 28.86, 0.29, 87.99, 77.80);
insert into SHOT values (3902, 3982, 3983, 6404, 1.85, 317.53, 10.00, 1.75, 317.91, 17.60, 0.26, 133.38, 54.05);
insert into SURVEY values (6406, 6384, 'ubend2', 'ubend2.s_ubend.sistem_prima', 'Ubend 2');
 insert into CENTRELINE values (6407, 6406, NULL, NULL, NULL, 0.00, 0.00, 0.00);
 insert into SCRAPS values (6408, 6406, 'ubend2p_1', 1);
 insert into MAPS values (6420, 6406, 'mubend2p_1', NULL, 1, 20.690, 11.700);
 insert into MAPITEMS values (6420, 4, 6408);
 insert into CENTRELINE values (6421, 6406, NULL, '2000-07-28', '2000-07-28', 20.69, 0.00, 0.00);
 insert into TOPO values (39, 6421);
 insert into TOPO values (41, 6421);
 insert into EXPLO values (39, 6421);
 insert into SHOT values (3903, 3984, 3985, 6421, 3.90, 330.54, -7.00, 3.90, 330.46, -7.06, 0.01, 267.56, -38.45);
insert into SHOT values (3904, 3985, 3986, 6421, 1.58, 337.54, -1.00, 1.58, 337.66, -0.73, 0.01, 88.07, 64.23);
insert into SHOT values (3905, 3986, 3987, 6421, 4.25, 325.54, 10.00, 4.25, 325.51, 10.03, 0.00, 241.97, 50.40);
insert into SHOT values (3906, 3987, 3988, 6421, 10.96, 2.54, 90.00, 10.96, 90.00, 90.00, 0.00, 2.54, 42.87);
insert into SURVEY values (6423, 6384, 'ubend3', 'ubend3.s_ubend.sistem_prima', NULL);
 insert into CENTRELINE values (6424, 6423, NULL, NULL, NULL, 0.00, 0.00, 0.00);
 insert into SCRAPS values (6425, 6423, 'ubend3p_1', 1);
 insert into SCRAPS values (6442, 6423, 'ubend3p_2', 1);
 insert into SCRAPS values (6462, 6423, 'ubend3p_3', 1);
 insert into MAPS values (6482, 6423, 'mubend3p_1', NULL, 1, 93.110, 68.460);
 insert into MAPITEMS values (6482, 4, 6425);
 insert into MAPS values (6483, 6423, 'mubend3p_2', NULL, 1, 93.110, 68.460);
 insert into MAPITEMS values (6483, 4, 6442);
 insert into MAPS values (6484, 6423, 'mubend3p_3', NULL, 1, 93.110, 68.460);
 insert into MAPITEMS values (6484, 4, 6462);
 insert into CENTRELINE values (6486, 6423, NULL, '2000-08-20', NULL, 93.11, 0.00, 0.00);
 insert into PERSON values (42, 'Bruce', 'Drinkwater');
insert into TOPO values (42, 6486);
 insert into TOPO values (1, 6486);
 insert into SHOT values (3907, 3989, 3990, 6486, 2.40, 112.54, 38.00, 1.82, 112.01, 33.33, 0.60, 294.71, -52.18);
insert into SHOT values (3908, 3990, 3991, 6486, 3.45, 186.54, 14.00, 3.18, 188.23, 8.33, 0.44, 342.34, -58.85);
insert into SHOT values (3909, 3991, 3992, 6486, 3.40, 136.54, 13.00, 3.04, 136.74, 7.17, 0.48, 314.44, -52.78);
insert into SHOT values (3910, 3992, 3993, 6486, 3.30, 179.54, -29.00, 3.51, 181.19, -34.32, 0.39, 260.54, -77.50);
insert into SHOT values (3911, 3993, 3994, 6486, 3.60, 2.54, -90.00, 4.26, 315.00, -89.05, 0.66, 315.00, -83.88);
insert into SHOT values (3912, 3994, 3995, 6486, 2.50, 173.54, -4.00, 2.39, 175.11, -10.38, 0.30, 329.74, -57.98);
insert into SHOT values (3913, 3995, 3996, 6486, 2.90, 150.54, -17.00, 2.91, 151.42, -23.07, 0.31, 307.64, -70.06);
insert into SHOT values (3914, 3996, 3997, 6486, 30.00, 2.54, -90.00, 30.00, 90.00, -90.00, 0.00, 2.54, 0.00);
insert into SHOT values (3915, 3997, 3998, 6486, 5.00, 211.54, -60.00, 5.00, 211.40, -60.05, 0.01, 85.06, 0.93);
insert into SHOT values (3916, 3998, 3999, 6486, 1.30, 214.54, 0.00, 1.30, 214.67, 0.00, 0.00, 286.10, 0.00);
insert into SHOT values (3917, 3999, 4000, 6486, 7.36, 2.54, -90.00, 7.36, 90.00, -90.00, 0.00, 2.54, 75.64);
insert into SHOT values (3918, 4000, 4001, 6486, 5.70, 232.54, 2.00, 5.70, 232.57, 1.91, 0.01, 21.57, -60.94);
insert into SHOT values (3919, 4001, 4002, 6486, 3.10, 2.54, -90.00, 3.10, 90.00, -90.00, 0.00, 2.54, -85.46);
insert into SHOT values (3920, 4002, 4003, 6486, 3.05, 102.54, 0.00, 3.04, 102.71, 0.00, 0.01, 223.05, 0.00);
insert into SHOT values (3921, 4003, 4004, 6486, 16.05, 2.54, -90.00, 16.05, 90.00, -90.00, 0.00, 2.54, 39.49);
insert into SURVEY values (6488, 6384, 'det', 'det.s_ubend.sistem_prima', NULL);
 insert into CENTRELINE values (6489, 6488, NULL, NULL, NULL, 0.00, 0.00, 0.00);
 insert into SCRAPS values (6490, 6488, 'detp_1', 1);
 insert into MAPS values (6502, 6488, 'mdetp_1', NULL, 1, 22.790, 15.870);
 insert into MAPITEMS values (6502, 4, 6490);
 insert into CENTRELINE values (6503, 6488, NULL, '2007-08-03', NULL, 22.79, 0.00, 0.00);
 insert into PERSON values (43, 'Alvin', 'Chow');
insert into TOPO values (43, 6503);
 insert into PERSON values (44, 'Sandeep', 'Mavadia');
insert into TOPO values (44, 6503);
 insert into SHOT values (3922, 4005, 4006, 6503, 1.57, 89.20, 6.00, 1.82, 90.64, 12.36, 0.32, 100.79, 45.41);
insert into SHOT values (3923, 4005, 4007, 6503, 1.26, 197.20, -11.00, 1.32, 200.18, -19.44, 0.21, 280.17, -71.91);
insert into SHOT values (3924, 4006, 4008, 6503, 0.66, 65.20, 0.00, 0.77, 69.89, 12.67, 0.20, 98.61, 56.60);
insert into SHOT values (3925, 4008, 4009, 6503, 2.19, 68.20, 9.00, 2.41, 69.93, 14.43, 0.32, 90.99, 54.79);
insert into SHOT values (3926, 4009, 4010, 6503, 3.91, 55.20, 0.00, 4.00, 57.11, 5.74, 0.43, 118.89, 69.76);
insert into SHOT values (3927, 4010, 4011, 6503, 13.20, 3.20, 90.00, 13.87, 132.14, 88.83, 0.73, 132.14, 67.09);
insert into SURVEY values (6505, 6384, 'drainpipe', 'drainpipe.s_ubend.sistem_prima', NULL);
 insert into CENTRELINE values (6506, 6505, NULL, NULL, NULL, 0.00, 0.00, 0.00);
 insert into SCRAPS values (6507, 6505, 'drainpipep_1', 1);
 insert into CENTRELINE values (6520, 6505, NULL, '2007-08-05', NULL, 46.19, 0.00, 0.00);
 insert into TOPO values (43, 6520);
 insert into TOPO values (44, 6520);
 insert into SHOT values (3928, 4012, 4013, 6520, 6.20, 225.20, -36.00, 6.20, 225.16, -35.94, 0.01, 185.39, 35.65);
insert into SHOT values (3929, 4012, 4014, 6520, 5.86, 63.20, 32.00, 5.86, 63.18, 32.07, 0.01, 267.25, 38.11);
insert into SHOT values (3930, 4014, 4015, 6520, 11.24, 27.20, 46.00, 11.23, 27.22, 45.99, 0.01, 174.52, -51.74);
insert into SHOT values (3931, 4015, 4016, 6520, 20.94, 3.20, 90.00, 20.94, 90.00, 90.00, 0.00, 3.20, 36.09);
insert into SHOT values (3932, 4017, 4016, 6520, 1.95, 271.20, -52.00, 2.59, 272.64, -53.94, 0.64, 277.97, -59.74);
insert into SURVEY values (6522, 6384, 'bathtub', 'bathtub.s_ubend.sistem_prima', NULL);
 insert into CENTRELINE values (6523, 6522, NULL, NULL, NULL, 0.00, 0.00, 0.00);
 insert into SCRAPS values (6524, 6522, 'bathtubp_1', 1);
 insert into MAPS values (6534, 6522, 'mbathtubp_1', NULL, 1, 23.860, 23.270);
 insert into MAPITEMS values (6534, 4, 6524);
 insert into CENTRELINE values (6535, 6522, NULL, '2007-08-04', NULL, 23.86, 0.00, 0.00);
 insert into TOPO values (43, 6535);
 insert into TOPO values (44, 6535);
 insert into SHOT values (3933, 4018, 4019, 6535, 4.44, 50.20, 30.00, 4.82, 52.18, 34.66, 0.55, 100.04, 71.07);
insert into SHOT values (3934, 4019, 4020, 6535, 13.14, 3.20, 90.00, 13.81, 129.29, 88.82, 0.73, 129.29, 67.01);
insert into SHOT values (3935, 4021, 4020, 6535, 3.02, 237.20, -60.00, 3.64, 239.38, -61.98, 0.63, 255.44, -70.78);
insert into SHOT values (3936, 4021, 4022, 6535, 3.26, 334.20, 65.00, 3.77, 335.11, 68.57, 0.56, 63.94, 87.76);
insert into SURVEY values (6542, 21, 'monatip', 'monatip.sistem_prima', NULL);
 insert into CENTRELINE values (6543, 6542, NULL, NULL, NULL, 0.00, 0.00, 0.00);
 insert into MAPS values (6544, 6542, 'mmonatip-p', NULL, 1, 193.920, 29.280);
 insert into MAPITEMS values (6544, 4, 6545);
 insert into MAPS values (6545, 6542, 'm2007', NULL, 1, 193.920, 29.280);
 insert into MAPITEMS values (6545, 4, 6616);
 insert into SURVEY values (6546, 6542, 'monatip1', 'monatip1.monatip.sistem_prima', NULL);
 insert into CENTRELINE values (6547, 6546, NULL, NULL, NULL, 0.00, 0.00, 0.00);
 insert into SCRAPS values (6548, 6546, 'monatip1p_1', 1);
 insert into SCRAPS values (6568, 6546, 'monatip1p_2', 1);
 insert into SCRAPS values (6579, 6546, 'monatip1p_3', 1);
 insert into SCRAPS values (6596, 6546, 'monatip1p_4', 1);
 insert into SCRAPS values (6602, 6546, 'monatip1p_5', 1);
 insert into SCRAPS values (6614, 6546, 'monatip', 1);
 insert into MAPS values (6616, 6546, 'mmonatip1-p', NULL, 1, 193.920, 29.280);
 insert into MAPITEMS values (6616, 4, 6617);
 insert into MAPITEMS values (6616, 4, 6618);
 insert into MAPITEMS values (6616, 4, 6619);
 insert into MAPITEMS values (6616, 4, 6620);
 insert into MAPITEMS values (6616, 4, 6621);
 insert into MAPS values (6617, 6546, 'mmonatip1p_1', NULL, 1, 193.920, 29.280);
 insert into MAPITEMS values (6617, 4, 6548);
 insert into MAPS values (6618, 6546, 'mmonatip1p_2', NULL, 1, 193.920, 29.280);
 insert into MAPITEMS values (6618, 4, 6568);
 insert into MAPS values (6619, 6546, 'mmonatip1p_3', NULL, 1, 193.920, 29.280);
 insert into MAPITEMS values (6619, 4, 6579);
 insert into MAPS values (6620, 6546, 'mmonatip1p_4', NULL, 1, 193.920, 29.280);
 insert into MAPITEMS values (6620, 4, 6596);
 insert into MAPS values (6621, 6546, 'mmonatip1p_5', NULL, 1, 193.920, 29.280);
 insert into MAPITEMS values (6621, 4, 6602);
 insert into CENTRELINE values (6623, 6546, NULL, '2007-08-06', NULL, 193.92, 0.00, 0.00);
 insert into TOPO values (2, 6623);
 insert into TOPO values (33, 6623);
 insert into SHOT values (3937, 4023, 4024, 6623, 15.90, 84.21, 5.00, 16.07, 83.30, 3.28, 0.57, 32.34, -55.47);
insert into SHOT values (3938, 4025, 4024, 6623, 5.29, 213.21, -9.00, 5.41, 214.05, -8.18, 0.16, 243.79, 20.42);
insert into SHOT values (3939, 4025, 4026, 6623, 7.52, 136.21, 7.00, 7.58, 134.46, 6.13, 0.26, 63.34, -23.93);
insert into SHOT values (3940, 4027, 4026, 6623, 6.95, 314.21, -9.00, 7.02, 312.49, -8.20, 0.24, 244.25, 21.52);
insert into SHOT values (3941, 4027, 4028, 6623, 5.00, 43.21, 15.00, 5.12, 43.86, 14.02, 0.16, 65.94, -20.29);
insert into SHOT values (3942, 4028, 4029, 6623, 1.50, 3.21, -90.00, 1.57, 63.43, -88.37, 0.08, 63.43, -57.43);
insert into SHOT values (3943, 4030, 4029, 6623, 4.08, 264.21, -17.00, 4.22, 263.91, -16.10, 0.15, 256.33, 8.53);
insert into SHOT values (3944, 4030, 4031, 6623, 3.84, 124.21, 4.00, 3.93, 123.04, 3.35, 0.13, 83.72, -17.15);
insert into SHOT values (3945, 4032, 4031, 6623, 3.33, 233.21, 2.00, 3.49, 233.62, 2.46, 0.17, 242.12, 11.64);
insert into SHOT values (3946, 4032, 4033, 6623, 2.78, 106.21, -40.00, 2.92, 105.21, -39.75, 0.15, 88.02, -33.58);
insert into SHOT values (3947, 4033, 4034, 6623, 3.60, 171.21, -28.00, 3.60, 169.79, -28.70, 0.09, 67.11, -26.42);
insert into SHOT values (3948, 4034, 4035, 6623, 10.00, 3.21, -90.00, 10.06, 71.57, -89.28, 0.14, 71.57, -25.38);
insert into SHOT values (3949, 4036, 4035, 6623, 11.55, 325.21, -23.00, 11.57, 322.75, -21.70, 0.53, 248.91, 26.13);
insert into SHOT values (3950, 4037, 4036, 6623, 4.98, 313.21, 3.00, 5.05, 311.78, 3.52, 0.15, 251.68, 19.14);
insert into SHOT values (3951, 4037, 4038, 6623, 14.10, 3.21, -90.00, 14.17, 69.15, -89.09, 0.24, 69.15, -17.30);
insert into SHOT values (3952, 4039, 4038, 6623, 9.45, 310.21, -34.00, 9.49, 308.50, -32.57, 0.34, 254.38, 31.27);
insert into SHOT values (3953, 4040, 4039, 6623, 8.28, 298.21, 46.00, 8.40, 296.91, 45.60, 0.19, 251.14, 13.63);
insert into SHOT values (3954, 4040, 4041, 6623, 8.72, 105.21, 33.00, 8.80, 104.17, 31.35, 0.30, 71.46, -34.58);
insert into SHOT values (3955, 4041, 4042, 6623, 3.21, 156.21, 11.00, 3.20, 154.82, 10.44, 0.08, 64.22, -23.08);
insert into SHOT values (3956, 4042, 4043, 6623, 9.30, 3.21, -90.00, 9.37, 71.57, -89.23, 0.14, 71.57, -28.96);
insert into SHOT values (3957, 4044, 4043, 6623, 11.90, 287.21, -70.00, 11.89, 286.40, -67.58, 0.51, 279.35, 22.33);
insert into SHOT values (3958, 4044, 4045, 6623, 10.50, 107.21, 50.00, 10.55, 106.16, 47.84, 0.42, 85.72, -32.28);
insert into SHOT values (3959, 4045, 4046, 6623, 5.51, 144.21, -7.00, 5.56, 142.67, -7.65, 0.17, 68.40, -24.26);
insert into SHOT values (3960, 4046, 4047, 6623, 10.00, 3.21, -90.00, 10.00, 90.00, -90.00, 0.00, 3.21, 0.00);
insert into SHOT values (3961, 4046, 4048, 6623, 9.10, 132.21, -14.00, 9.20, 130.26, -14.61, 0.33, 53.94, -21.01);
insert into SHOT values (3962, 4049, 4048, 6623, 7.53, 288.21, 1.00, 7.67, 286.99, 1.72, 0.23, 237.78, 25.10);
insert into SURVEY values (6625, 6542, 'monatip2', 'monatip2.monatip.sistem_prima', NULL);
 insert into CENTRELINE values (6626, 6625, NULL, NULL, NULL, 0.00, 0.00, 0.00);
 insert into SCRAPS values (6627, 6625, 'monatip2p_1', 1);
 insert into SCRAPS values (6645, 6625, 'monatip2p_2', 1);
 insert into SCRAPS values (6657, 6625, 'monatip2p_3', 1);
 insert into MAPS values (6670, 6625, 'mmonatip2p_2', NULL, 1, 60.100, 29.130);
 insert into MAPITEMS values (6670, 4, 6645);
 insert into MAPS values (6671, 6625, 'mmonatip2p_1', NULL, 1, 60.100, 29.130);
 insert into MAPITEMS values (6671, 4, 6627);
 insert into MAPS values (6672, 6625, 'mmonatip2p_3', NULL, 1, 60.100, 29.130);
 insert into MAPITEMS values (6672, 4, 6657);
 insert into CENTRELINE values (6674, 6625, NULL, '2008-07-13', NULL, 60.10, 0.00, 0.00);
 insert into TOPO values (33, 6674);
 insert into PERSON values (45, 'Samo', 'Rutar');
insert into TOPO values (45, 6674);
 insert into SHOT values (3963, 4050, 4051, 6674, 5.40, 185.30, 8.00, 5.45, 189.93, 8.13, 0.44, 271.91, 2.43);
insert into SHOT values (3964, 4051, 4052, 6674, 11.30, 124.30, -51.00, 11.09, 127.53, -55.98, 1.06, 283.42, -22.59);
insert into SHOT values (3965, 4052, 4053, 6674, 4.90, 126.30, -14.00, 4.51, 129.05, -14.76, 0.45, 278.36, 4.54);
insert into SHOT values (3966, 4053, 4054, 6674, 5.70, 142.30, 1.00, 5.41, 146.16, 1.17, 0.48, 272.35, 1.27);
insert into SHOT values (3967, 4054, 4055, 6674, 1.80, 95.30, 20.00, 1.36, 95.48, 22.49, 0.45, 274.78, -12.38);
insert into SHOT values (3968, 4055, 4056, 6674, 4.40, 161.30, -7.00, 4.24, 165.40, -7.05, 0.35, 281.11, 2.68);
insert into SHOT values (3969, 4056, 4057, 6674, 4.00, 176.30, -47.00, 3.96, 180.64, -47.04, 0.21, 276.19, 7.00);
insert into SHOT values (3970, 4057, 4058, 6674, 8.60, 169.30, -18.00, 8.53, 175.11, -18.18, 0.83, 267.72, -0.17);
insert into SHOT values (3971, 4058, 4059, 6674, 8.00, 201.30, -64.00, 8.02, 200.23, -65.51, 0.22, 40.10, -29.65);
insert into SHOT values (3972, 4059, 4060, 6674, 6.00, 155.30, -85.00, 6.06, 149.59, -84.95, 0.08, 73.66, -49.49);
insert into SURVEY values (6676, 6542, 'monatip3', 'monatip3.monatip.sistem_prima', NULL);
 insert into CENTRELINE values (6677, 6676, NULL, NULL, NULL, 0.00, 0.00, 0.00);
 insert into SCRAPS values (6678, 6676, 'monatip3p_1', 1);
 insert into SCRAPS values (6691, 6676, 'monatip3p_2', 1);
 insert into MAPS values (6707, 6676, 'mmonatip3p_1', NULL, 1, 41.850, 14.380);
 insert into MAPITEMS values (6707, 4, 6678);
 insert into MAPS values (6708, 6676, 'mmonatip3p_2', NULL, 1, 41.850, 14.380);
 insert into MAPITEMS values (6708, 4, 6691);
 insert into CENTRELINE values (6710, 6676, NULL, '2008-08-03', NULL, 41.85, 0.00, 0.00);
 insert into PERSON values (46, 'Siljo', '(Silan)');
insert into TOPO values (46, 6710);
 insert into PERSON values (47, NULL, 'Aljosa');
insert into TOPO values (47, 6710);
 insert into PERSON values (48, NULL, 'Spela');
insert into TOPO values (48, 6710);
 insert into SHOT values (3973, 4061, 4062, 6710, 6.80, 173.31, 40.00, 6.73, 171.79, 39.68, 0.16, 71.85, -26.87);
insert into SHOT values (3974, 4062, 4063, 6710, 5.75, 188.31, 0.00, 5.67, 186.89, -0.71, 0.18, 68.44, -23.33);
insert into SHOT values (3975, 4063, 4064, 6710, 6.00, 163.31, -52.00, 6.05, 161.81, -52.49, 0.12, 66.71, -36.57);
insert into SHOT values (3976, 4064, 4065, 6710, 3.40, 178.31, 9.00, 3.33, 177.04, 8.63, 0.10, 46.76, -18.13);
insert into SHOT values (3977, 4065, 4066, 6710, 7.40, 178.31, -45.00, 7.42, 176.78, -45.94, 0.19, 59.36, -31.72);
insert into SHOT values (3978, 4066, 4067, 6710, 5.10, 283.31, -65.00, 5.10, 284.51, -66.50, 0.14, 83.81, -24.28);
insert into SHOT values (3979, 4067, 4068, 6710, 7.40, 198.31, 15.00, 7.29, 196.89, 14.54, 0.22, 79.56, -23.22);
insert into SURVEY values (6712, 6542, 'broken_hammer', 'broken_hammer.monatip.sistem_prima', NULL);
 insert into CENTRELINE values (6713, 6712, NULL, NULL, NULL, 0.00, 0.00, 0.00);
 insert into SCRAPS values (6714, 6712, 'broken_hammerp_1', 1);
 insert into SCRAPS values (6734, 6712, 'broken_hammerp_2', 1);
 insert into MAPS values (6743, 6712, 'mbroken_hammerp_1', NULL, 1, 63.700, 24.440);
 insert into MAPITEMS values (6743, 4, 6714);
 insert into MAPS values (6744, 6712, 'mbroken_hammerp_2', NULL, 1, 63.700, 24.440);
 insert into MAPITEMS values (6744, 4, 6734);
 insert into CENTRELINE values (6745, 6712, NULL, '2008-08-08', NULL, 63.70, 0.00, 0.00);
 insert into TOPO values (2, 6745);
 insert into TOPO values (33, 6745);
 insert into PERSON values (49, NULL, 'Samo');
insert into TOPO values (49, 6745);
 insert into SHOT values (3980, 4069, 4070, 6745, 3.20, 195.31, -11.00, 3.12, 194.04, -11.85, 0.12, 52.06, -14.54);
insert into SHOT values (3981, 4070, 4071, 6745, 2.00, 239.31, -30.00, 1.89, 238.67, -31.24, 0.12, 68.10, 9.62);
insert into SHOT values (3982, 4071, 4072, 6745, 3.40, 198.31, -6.00, 3.30, 197.22, -6.79, 0.13, 49.03, -15.80);
insert into SHOT values (3983, 4072, 4073, 6745, 2.80, 278.31, -5.00, 2.66, 278.89, -5.60, 0.14, 87.21, -6.50);
insert into SHOT values (3984, 4073, 4074, 6745, 3.40, 272.31, -15.00, 3.27, 272.92, -15.97, 0.15, 78.96, -7.91);
insert into SHOT values (3985, 4074, 4075, 6745, 2.60, 3.31, -90.00, 2.67, 68.20, -88.84, 0.09, 68.20, -52.43);
insert into SHOT values (3986, 4075, 4076, 6745, 2.90, 268.31, 44.00, 2.75, 268.83, 44.55, 0.15, 80.25, -33.64);
insert into SHOT values (3987, 4076, 4077, 6745, 5.30, 267.31, -3.00, 5.14, 267.88, -3.79, 0.18, 69.60, -20.51);
insert into SHOT values (3988, 4077, 4078, 6745, 3.65, 247.31, 0.00, 3.48, 247.19, -0.49, 0.17, 69.81, -10.13);
insert into SHOT values (3989, 4078, 4079, 6745, 2.00, 185.31, -5.00, 1.93, 183.87, -5.93, 0.09, 40.44, -17.03);
insert into SHOT values (3990, 4079, 4080, 6745, 3.10, 314.31, 23.00, 3.00, 315.58, 22.71, 0.11, 97.46, -26.51);
insert into SHOT values (3991, 4080, 4081, 6745, 2.50, 351.31, -10.00, 2.55, 352.68, -10.38, 0.08, 42.73, -18.67);
insert into SHOT values (3992, 4081, 4082, 6745, 4.75, 315.31, -2.00, 4.69, 316.73, -2.69, 0.14, 74.70, -22.15);
insert into SHOT values (3993, 4082, 4083, 6745, 4.10, 294.31, -35.00, 4.04, 295.39, -36.09, 0.12, 81.09, -14.19);
insert into SHOT values (3994, 4083, 4084, 6745, 18.00, 3.31, -90.00, 18.06, 70.02, -88.89, 0.36, 70.02, -9.70);
insert into SURVEY values (6747, 6542, 'monatip4', 'monatip4.monatip.sistem_prima', NULL);
 insert into CENTRELINE values (6748, 6747, NULL, NULL, NULL, 0.00, 0.00, 0.00);
 insert into SCRAPS values (6749, 6747, 'monatip4p_1', 1);
 insert into SCRAPS values (6770, 6747, 'monatip4p_2', 1);
 insert into SCRAPS values (6786, 6747, 'monatip4p_3', 1);
 insert into SCRAPS values (6803, 6747, 'monatip4p_5', 1);
 insert into SCRAPS values (6821, 6747, 'monatip4p_4', 1);
 insert into MAPS values (6842, 6747, 'mmonatip4p_1', NULL, 1, 181.290, 34.360);
 insert into MAPITEMS values (6842, 4, 6749);
 insert into MAPS values (6843, 6747, 'mmonatip4p_2', NULL, 1, 181.290, 34.360);
 insert into MAPITEMS values (6843, 4, 6770);
 insert into MAPS values (6844, 6747, 'mmonatip4p_3', NULL, 1, 181.290, 34.360);
 insert into MAPITEMS values (6844, 4, 6786);
 insert into MAPS values (6845, 6747, 'mmonatip4p_4', NULL, 1, 181.290, 34.360);
 insert into MAPITEMS values (6845, 4, 6821);
 insert into MAPS values (6846, 6747, 'mmonatip4p_5', NULL, 1, 181.290, 34.360);
 insert into MAPITEMS values (6846, 4, 6803);
 insert into CENTRELINE values (6851, 6747, NULL, '2008-08-07', NULL, 181.29, 0.00, 0.00);
 insert into TOPO values (47, 6851);
 insert into PERSON values (50, 'Dan', 'Greenwald');
insert into TOPO values (50, 6851);
 insert into TOPO values (33, 6851);
 insert into SHOT values (3995, 4085, 4086, 6851, 5.97, 252.31, 3.00, 5.81, 252.44, 2.37, 0.18, 67.67, -24.08);
insert into SHOT values (3996, 4086, 4087, 6851, 2.97, 233.31, -40.00, 2.89, 232.87, -41.35, 0.11, 62.40, -0.50);
insert into SHOT values (3997, 4087, 4088, 6851, 3.45, 259.31, 14.00, 3.28, 259.50, 13.77, 0.17, 75.60, -18.36);
insert into SHOT values (3998, 4088, 4089, 6851, 3.51, 188.31, -1.00, 3.44, 187.02, -1.67, 0.11, 54.33, -19.84);
insert into SHOT values (3999, 4089, 4090, 6851, 2.65, 243.31, -3.00, 2.48, 243.12, -3.69, 0.17, 66.03, -7.19);
insert into SHOT values (4000, 4090, 4091, 6851, 2.65, 3.31, -90.00, 2.72, 63.43, -89.06, 0.08, 63.43, -57.43);
insert into SHOT values (4001, 4091, 4092, 6851, 5.38, 188.31, -45.00, 5.37, 187.09, -45.99, 0.12, 54.41, -26.78);
insert into SHOT values (4002, 4092, 4093, 6851, 12.50, 158.31, 12.00, 12.51, 155.48, 10.83, 0.66, 72.69, -22.24);
insert into SHOT values (4003, 4093, 4094, 6851, 4.04, 163.31, -15.00, 4.05, 161.75, -15.63, 0.12, 69.08, -22.66);
insert into SHOT values (4004, 4094, 4095, 6851, 4.59, 150.31, -6.00, 4.63, 148.97, -6.45, 0.12, 76.79, -19.76);
insert into SHOT values (4005, 4095, 4096, 6851, 3.70, 115.31, -3.00, 3.82, 114.15, -3.60, 0.15, 82.00, -18.18);
insert into SHOT values (4006, 4096, 4097, 6851, 3.32, 128.31, 14.00, 3.39, 127.11, 13.31, 0.11, 86.09, -12.74);
insert into SHOT values (4007, 4097, 4098, 6851, 4.54, 136.31, -14.00, 4.62, 135.09, -14.41, 0.13, 82.55, -23.63);
insert into SHOT values (4008, 4098, 4099, 6851, 4.16, 167.31, 3.00, 4.13, 165.83, 2.36, 0.12, 61.53, -23.30);
insert into SHOT values (4009, 4099, 4100, 6851, 2.65, 129.31, -12.00, 2.75, 128.19, -12.39, 0.11, 99.71, -20.23);
insert into SHOT values (4010, 4100, 4101, 6851, 4.18, 71.31, -69.00, 4.30, 71.01, -67.75, 0.15, 67.56, -30.67);
insert into SHOT values (4011, 4101, 4102, 6851, 5.16, 26.31, -6.00, 5.28, 27.35, -6.52, 0.16, 66.15, -22.26);
insert into SHOT values (4012, 4102, 4103, 6851, 4.26, 132.31, -9.00, 4.35, 130.93, -9.40, 0.14, 80.16, -18.48);
insert into SHOT values (4013, 4103, 4104, 6851, 4.30, 185.31, -2.00, 4.23, 183.93, -2.71, 0.13, 61.31, -22.13);
insert into SHOT values (4014, 4104, 4105, 6851, 3.50, 126.31, -10.00, 3.60, 125.22, -10.41, 0.12, 89.46, -20.58);
insert into SHOT values (4015, 4105, 4106, 6851, 2.85, 150.31, 12.00, 2.86, 148.86, 11.49, 0.08, 72.56, -17.26);
insert into SHOT values (4016, 4106, 4107, 6851, 2.46, 186.31, -4.00, 2.39, 184.82, -4.81, 0.10, 45.24, -16.13);
insert into SHOT values (4017, 4107, 4108, 6851, 2.42, 256.31, -21.00, 2.30, 256.42, -21.99, 0.13, 74.50, 3.20);
insert into SHOT values (4018, 4108, 4109, 6851, 5.26, 149.31, -24.00, 5.31, 147.76, -24.46, 0.15, 71.66, -24.28);
insert into SHOT values (4019, 4109, 4110, 6851, 2.38, 136.31, -8.00, 2.46, 135.00, -8.65, 0.10, 99.74, -22.55);
insert into SHOT values (4020, 4110, 4111, 6851, 2.34, 172.31, -17.00, 2.32, 170.88, -17.59, 0.06, 53.35, -14.12);
insert into SHOT values (4021, 4111, 4112, 6851, 5.39, 148.31, -25.00, 5.45, 146.76, -25.41, 0.15, 74.68, -24.11);
insert into SHOT values (4022, 4112, 4113, 6851, 4.45, 145.31, -26.00, 4.52, 143.95, -26.43, 0.12, 79.79, -29.35);
insert into SHOT values (4023, 4113, 4114, 6851, 3.85, 265.31, -2.00, 3.69, 265.65, -2.64, 0.16, 77.40, -12.66);
insert into SHOT values (4024, 4114, 4115, 6851, 3.04, 285.31, -13.00, 2.93, 286.33, -13.82, 0.13, 81.99, -7.18);
insert into SHOT values (4025, 4115, 4116, 6851, 2.80, 268.31, -43.00, 2.73, 268.82, -44.40, 0.10, 78.12, -0.23);
insert into SHOT values (4026, 4116, 4117, 6851, 2.45, 296.31, 14.00, 2.32, 297.47, 13.71, 0.14, 95.95, -17.97);
insert into SHOT values (4027, 4117, 4118, 6851, 2.04, 226.31, -16.00, 1.92, 225.66, -17.00, 0.13, 55.37, 1.00);
insert into SHOT values (4028, 4118, 4119, 6851, 2.02, 120.31, 7.00, 2.12, 119.00, 6.24, 0.11, 94.27, -8.41);
insert into SHOT values (4029, 4119, 4120, 6851, 3.67, 248.31, -36.00, 3.58, 248.31, -37.37, 0.13, 68.29, -5.73);
insert into SHOT values (4030, 4120, 4121, 6851, 2.35, 175.31, -23.00, 2.34, 173.84, -23.69, 0.06, 63.98, -20.22);
insert into SHOT values (4031, 4121, 4122, 6851, 3.01, 125.31, 2.00, 3.10, 124.10, 1.29, 0.12, 90.63, -16.92);
insert into SHOT values (4032, 4122, 4123, 6851, 3.43, 118.31, 9.00, 3.53, 117.30, 8.32, 0.12, 86.77, -12.73);
insert into SHOT values (4033, 4123, 4124, 6851, 2.03, 226.31, -24.00, 1.91, 225.70, -25.06, 0.12, 54.89, 7.24);
insert into SHOT values (4034, 4124, 4125, 6851, 1.40, 158.31, 13.00, 1.40, 156.25, 11.99, 0.06, 69.07, -26.93);
insert into SHOT values (4035, 4125, 4126, 6851, 4.33, 216.31, -11.00, 4.20, 215.51, -11.80, 0.15, 59.39, -12.91);
insert into SHOT values (4036, 4126, 4127, 6851, 4.87, 215.31, -8.00, 4.75, 214.40, -8.85, 0.16, 64.56, -18.93);
insert into SHOT values (4037, 4127, 4128, 6851, 2.38, 203.31, 8.00, 2.26, 202.32, 7.38, 0.13, 41.17, -18.19);
insert into SHOT values (4038, 4128, 4129, 6851, 1.68, 204.31, 19.00, 1.55, 202.89, 18.84, 0.14, 40.69, -20.04);
insert into SHOT values (4039, 4129, 4130, 6851, 3.02, 275.31, 4.00, 2.87, 276.01, 3.59, 0.15, 81.95, -11.46);
insert into SHOT values (4040, 4130, 4131, 6851, 2.55, 242.31, -27.00, 2.44, 241.88, -28.43, 0.13, 69.40, -1.02);
insert into SHOT values (4041, 4131, 4132, 6851, 2.26, 288.31, -29.00, 2.18, 289.49, -30.00, 0.10, 84.67, 3.35);
insert into SHOT values (4042, 4132, 4133, 6851, 4.87, 210.31, -43.00, 4.82, 209.31, -44.31, 0.13, 58.91, -21.19);
insert into SHOT values (4043, 4133, 4134, 6851, 8.21, 291.31, 11.00, 8.08, 292.73, 10.48, 0.25, 51.60, -23.01);
insert into SURVEY values (6853, 6542, 'alkatraz', 'alkatraz.monatip.sistem_prima', NULL);
 insert into CENTRELINE values (6854, 6853, NULL, NULL, NULL, 0.00, 0.00, 0.00);
 insert into SCRAPS values (6855, 6853, 'alkatrazp_1', 1);
 insert into SCRAPS values (6873, 6853, 'alkatrazp_2', 1);
 insert into MAPS values (6884, 6853, 'malkatrazp_1', NULL, 1, 94.500, 25.920);
 insert into MAPITEMS values (6884, 4, 6855);
 insert into MAPS values (6885, 6853, 'malkatrazp_2', NULL, 1, 94.500, 25.920);
 insert into MAPITEMS values (6885, 4, 6873);
 insert into CENTRELINE values (6887, 6853, NULL, '2008-07-18', NULL, 94.50, 0.00, 0.00);
 insert into TOPO values (2, 6887);
 insert into TOPO values (33, 6887);
 insert into SHOT values (4044, 4135, 4136, 6887, 5.00, 135.30, -10.00, 4.86, 137.20, -9.12, 0.23, 264.46, 25.69);
insert into SHOT values (4045, 4135, 4137, 6887, 6.45, 272.30, -3.00, 6.23, 272.95, -4.33, 0.28, 75.51, -28.52);
insert into SHOT values (4046, 4138, 4137, 6887, 10.90, 79.30, 48.00, 10.84, 79.40, 51.95, 0.75, 258.30, 35.81);
insert into SHOT values (4047, 4138, 4139, 6887, 13.65, 219.30, -27.00, 13.57, 216.59, -30.47, 1.00, 88.36, -42.93);
insert into SHOT values (4048, 4140, 4139, 6887, 8.30, 317.30, 5.00, 8.30, 317.35, 5.05, 0.01, 66.43, 41.57);
insert into SHOT values (4049, 4141, 4139, 6887, 26.20, 6.30, 18.00, 26.45, 358.57, 22.28, 3.88, 264.93, 29.93);
insert into SHOT values (4050, 4141, 4142, 6887, 24.00, 281.30, 6.00, 22.34, 277.51, 8.31, 2.43, 140.29, 17.24);
insert into SURVEY values (6889, 6542, 'doubletime', 'doubletime.monatip.sistem_prima', NULL);
 insert into CENTRELINE values (6890, 6889, NULL, NULL, NULL, 0.00, 0.00, 0.00);
 insert into SCRAPS values (6891, 6889, 'doubletimep_1', 1);
 insert into SCRAPS values (6906, 6889, 'doubletimep_2', 1);
 insert into SCRAPS values (6917, 6889, 'doubletimep_3', 1);
 insert into SCRAPS values (6930, 6889, 'doubletimep_4', 1);
 insert into MAPS values (6944, 6889, 'mdoubletimep_1', NULL, 1, 93.750, 54.640);
 insert into MAPITEMS values (6944, 4, 6891);
 insert into MAPS values (6945, 6889, 'mtherockp_2', NULL, 1, 93.750, 54.640);
 insert into MAPITEMS values (6945, 4, 6906);
 insert into MAPS values (6946, 6889, 'mdoubletimep_3', NULL, 1, 93.750, 54.640);
 insert into MAPITEMS values (6946, 4, 6917);
 insert into MAPS values (6947, 6889, 'mdoubletimep_4', NULL, 1, 93.750, 54.640);
 insert into MAPITEMS values (6947, 4, 6930);
 insert into CENTRELINE values (6950, 6889, NULL, '2008-08-07', NULL, 93.75, 0.00, 0.00);
 insert into TOPO values (50, 6950);
 insert into TOPO values (33, 6950);
 insert into SHOT values (4051, 4143, 4144, 6950, 11.80, 3.31, -44.00, 11.79, 3.31, -43.99, 0.01, 181.81, 59.84);
insert into SHOT values (4052, 4144, 4145, 6950, 22.50, 3.31, 90.00, 22.45, 94.57, 89.36, 0.26, 94.57, -11.27);
insert into SHOT values (4053, 4145, 4146, 6950, 3.76, 341.31, 42.00, 3.71, 342.03, 42.00, 0.06, 120.63, -34.26);
insert into SHOT values (4054, 4146, 4147, 6950, 3.84, 304.31, 9.00, 3.76, 304.59, 8.72, 0.08, 110.94, -21.51);
insert into SHOT values (4055, 4147, 4148, 6950, 4.53, 261.31, 45.00, 4.44, 261.17, 45.21, 0.09, 87.04, -34.80);
insert into SHOT values (4056, 4148, 4149, 6950, 3.86, 59.31, 59.00, 3.86, 59.76, 58.30, 0.05, 82.49, -35.13);
insert into SHOT values (4057, 4149, 4150, 6950, 4.43, 277.31, -5.00, 4.35, 277.29, -5.40, 0.08, 98.49, -17.01);
insert into SHOT values (4058, 4150, 4151, 6950, 6.55, 27.31, 73.00, 6.52, 28.00, 72.51, 0.07, 55.51, -41.11);
insert into SHOT values (4059, 4151, 4152, 6950, 1.58, 54.31, 44.00, 1.59, 55.21, 43.30, 0.03, 96.50, -15.60);
insert into SHOT values (4060, 4152, 4153, 6950, 2.46, 151.31, 58.00, 2.44, 150.31, 57.50, 0.04, 81.62, -46.98);
insert into SHOT values (4061, 4153, 4154, 6950, 1.54, 336.31, 61.00, 1.48, 337.75, 61.25, 0.06, 128.32, -50.84);
insert into SHOT values (4062, 4154, 4155, 6950, 2.77, 357.31, -3.00, 2.76, 357.92, -3.54, 0.04, 113.81, -37.53);
insert into SHOT values (4063, 4155, 4156, 6950, 0.95, 334.31, 42.00, 0.90, 336.12, 41.97, 0.06, 126.02, -38.68);
insert into SHOT values (4064, 4156, 4157, 6950, 2.28, 49.31, 63.00, 2.27, 50.40, 62.39, 0.03, 100.91, -40.02);
insert into SHOT values (4065, 4157, 4158, 6950, 5.11, 19.31, 34.00, 5.11, 20.05, 33.52, 0.07, 88.11, -32.36);
insert into SHOT values (4066, 4158, 4159, 6950, 2.28, 16.31, -10.00, 2.30, 16.99, -10.53, 0.04, 80.35, -38.91);
insert into SHOT values (4067, 4159, 4160, 6950, 3.76, 72.31, 8.00, 3.83, 72.52, 7.51, 0.08, 83.25, -17.66);
insert into SHOT values (4068, 4160, 4161, 6950, 5.85, 37.31, 57.00, 5.84, 37.97, 56.35, 0.08, 74.90, -37.20);
insert into SHOT values (4069, 4161, 4162, 6950, 3.90, 295.31, 36.00, 3.82, 295.57, 36.13, 0.09, 104.65, -29.55);
insert into SURVEY values (6957, 6542, 'therock', 'therock.monatip.sistem_prima', NULL);
 insert into CENTRELINE values (6958, 6957, NULL, NULL, NULL, 0.00, 0.00, 0.00);
 insert into SCRAPS values (6959, 6957, 'therockp_1', 1);
 insert into SCRAPS values (6980, 6957, 'therockp_2', 1);
 insert into SCRAPS values (6992, 6957, 'therockp_3', 1);
 insert into MAPS values (7012, 6957, 'mtherockp_1', NULL, 1, 129.350, 33.890);
 insert into MAPITEMS values (7012, 4, 6959);
 insert into MAPS values (7013, 6957, 'mtherockp_2', NULL, 1, 129.350, 33.890);
 insert into MAPITEMS values (7013, 4, 6980);
 insert into MAPS values (7014, 6957, 'mtherock_3', NULL, 1, 129.350, 33.890);
 insert into MAPITEMS values (7014, 4, 6992);
 insert into CENTRELINE values (7016, 6957, NULL, '2016-07-19', NULL, 129.35, 0.00, 0.00);
 insert into TOPO values (16, 7016);
 insert into TOPO values (20, 7016);
 insert into SHOT values (4070, 4163, 4164, 7016, 6.03, 38.27, -38.00, 6.03, 38.34, -37.96, 0.01, 93.12, 20.00);
insert into SHOT values (4071, 4164, 4165, 7016, 5.88, 219.27, -36.00, 5.89, 219.30, -35.97, 0.01, 229.30, -18.48);
insert into SHOT values (4072, 4163, 4166, 7016, 6.69, 101.27, 17.00, 6.97, 102.53, 17.87, 0.33, 132.61, 33.36);
insert into SHOT values (4073, 4166, 4167, 7016, 6.14, 148.27, 46.00, 6.43, 147.40, 45.44, 0.30, 132.61, 32.70);
insert into SHOT values (4074, 4167, 4168, 7016, 3.41, 197.27, 57.00, 3.60, 194.82, 57.08, 0.20, 156.17, 51.49);
insert into SHOT values (4075, 4168, 4169, 7016, 3.46, 131.27, 30.00, 3.77, 131.15, 30.05, 0.31, 129.81, 30.58);
insert into SHOT values (4076, 4169, 4170, 7016, 3.19, 10.27, 53.00, 3.26, 12.56, 54.68, 0.14, 125.94, 53.38);
insert into SHOT values (4077, 4170, 4171, 7016, 2.63, 95.27, 34.00, 2.91, 96.65, 34.00, 0.29, 109.17, 33.33);
insert into SHOT values (4078, 4171, 4172, 7016, 3.35, 153.27, 3.00, 3.59, 152.22, 4.15, 0.26, 137.72, 19.00);
insert into SHOT values (4079, 4172, 4173, 7016, 3.89, 206.27, -22.00, 3.88, 204.03, -20.37, 0.18, 126.38, 36.52);
insert into SHOT values (4080, 4173, 4174, 7016, 10.12, 174.27, -48.00, 10.15, 172.23, -44.41, 0.68, 145.46, 38.08);
insert into SHOT values (4081, 4174, 4175, 7016, 16.26, 146.27, -8.00, 16.54, 144.39, -3.67, 1.38, 92.41, 60.86);
insert into SHOT values (4082, 4175, 4176, 7016, 7.60, 105.27, -22.00, 7.78, 106.36, -19.14, 0.44, 130.26, 41.93);
insert into SHOT values (4083, 4176, 4177, 7016, 7.34, 48.27, -23.00, 6.79, 35.56, -23.89, 1.54, 291.11, 4.39);
insert into SHOT values (4084, 4177, 4178, 7016, 3.21, 19.27, -55.00, 3.06, 6.06, -53.92, 0.45, 277.10, 20.75);
insert into SHOT values (4085, 4178, 4179, 7016, 2.63, 232.27, -53.00, 2.98, 241.16, -47.01, 0.53, 268.75, -8.57);
insert into SHOT values (4086, 4179, 4180, 7016, 1.86, 270.27, -17.00, 2.98, 272.38, -13.79, 1.13, 275.73, -8.46);
insert into SHOT values (4087, 4180, 4181, 7016, 4.83, 234.27, -25.00, 5.54, 241.75, -20.84, 1.01, 276.02, 4.03);
insert into SHOT values (4088, 4181, 4182, 7016, 5.47, 219.27, -39.00, 5.82, 228.47, -34.53, 0.92, 277.03, 8.93);
insert into SHOT values (4089, 4182, 4183, 7016, 5.63, 215.27, -32.00, 5.99, 225.23, -28.10, 1.02, 280.16, 9.20);
insert into SHOT values (4090, 4183, 4184, 7016, 2.76, 4.27, -90.00, 2.62, 285.52, -81.79, 0.41, 285.52, 24.47);
insert into SHOT values (4091, 4184, 4185, 7016, 4.24, 232.27, -31.00, 4.85, 239.65, -26.60, 0.87, 272.24, 0.91);
insert into SHOT values (4092, 4185, 4186, 7016, 6.64, 144.27, -9.00, 5.72, 154.11, -8.74, 1.39, 279.77, 6.97);
insert into SHOT values (4093, 4186, 4187, 7016, 6.09, 252.27, 28.00, 7.15, 257.81, 24.82, 1.26, 282.37, 6.45);
insert into SURVEY values (7018, 6542, 'cloacamaxima', 'cloacamaxima.monatip.sistem_prima', NULL);
 insert into CENTRELINE values (7019, 7018, NULL, NULL, NULL, 0.00, 0.00, 0.00);
 insert into SCRAPS values (7020, 7018, 'cloacamaximap_1', 1);
 insert into SCRAPS values (7034, 7018, 'cloacamaximap_2', 1);
 insert into SCRAPS values (7048, 7018, 'cloacamaximap_3', 1);
 insert into SCRAPS values (7067, 7018, 'cloacamaximap_4', 1);
 insert into SCRAPS values (7091, 7018, 'cloacamaximap_5', 1);
 insert into MAPS values (7098, 7018, 'mcloacamaximap_1', NULL, 1, 335.610, 86.420);
 insert into MAPITEMS values (7098, 4, 7020);
 insert into MAPS values (7099, 7018, 'mcloacamaximap_2', NULL, 1, 335.610, 86.420);
 insert into MAPITEMS values (7099, 4, 7034);
 insert into MAPS values (7100, 7018, 'mcloacamaximap_3', NULL, 1, 335.610, 86.420);
 insert into MAPITEMS values (7100, 4, 7048);
 insert into MAPS values (7101, 7018, 'mcloacamaximap_4', NULL, 1, 335.610, 86.420);
 insert into MAPITEMS values (7101, 4, 7067);
 insert into MAPS values (7102, 7018, 'mcloacamaximap_5', NULL, 1, 335.610, 86.420);
 insert into MAPITEMS values (7102, 4, 7091);
 insert into CENTRELINE values (7107, 7018, NULL, '2016-07-30', NULL, 335.61, 0.00, 30.71);
 insert into TOPO values (17, 7107);
 insert into TOPO values (25, 7107);
 insert into EXPLO values (17, 7107);
 insert into EXPLO values (25, 7107);
 insert into SHOT values (4094, 4188, 4189, 7107, 1.20, 292.28, 3.00, 1.20, 292.07, 3.34, 0.01, 194.29, 58.39);
insert into SHOT values (4095, 4189, 4190, 7107, 30.10, 4.28, -90.00, 30.10, 90.00, -90.00, 0.00, 4.28, 41.31);
insert into SHOT values (4096, 4191, 4188, 7107, 5.34, 224.28, -45.00, 5.34, 224.36, -45.03, 0.01, 311.68, -38.01);
insert into SHOT values (4097, 4191, 4192, 7107, 4.06, 89.28, 9.00, 4.06, 89.29, 8.93, 0.01, 151.04, -83.01);
insert into SHOT values (4098, 4193, 4192, 7107, 4.38, 218.28, -9.00, 4.38, 218.25, -9.06, 0.01, 181.59, -50.59);
insert into SHOT values (4099, 4193, 4194, 7107, 3.72, 341.28, 6.00, 3.72, 341.22, 6.02, 0.00, 212.85, 14.11);
insert into SHOT values (4100, 4195, 4194, 7107, 4.62, 277.28, -7.00, 4.62, 277.26, -6.96, 0.00, 237.04, 61.57);
insert into SHOT values (4101, 4195, 4196, 7107, 3.55, 54.28, 23.00, 3.55, 54.22, 23.05, 0.00, 304.89, 38.66);
insert into SHOT values (4102, 4197, 4196, 7107, 3.65, 166.28, -31.00, 3.65, 166.32, -31.00, 0.00, 253.53, -2.81);
insert into SHOT values (4103, 4197, 4198, 7107, 2.65, 114.28, 1.00, 2.65, 114.25, 1.08, 0.01, 97.14, 38.23);
insert into SHOT values (4104, 4199, 4198, 7107, 7.39, 237.28, -9.00, 7.39, 237.31, -8.96, 0.01, 6.79, 46.96);
insert into SHOT values (4105, 4199, 4200, 7107, 38.50, 4.28, 90.00, 38.50, 90.00, 90.00, 0.00, 4.28, 0.00);
insert into SHOT values (4106, 4201, 4202, 7107, 5.02, 315.28, -2.00, 5.02, 315.24, -1.94, 0.01, 176.61, 48.02);
insert into SHOT values (4107, 4202, 4203, 7107, 11.80, 326.28, -45.00, 11.80, 326.29, -45.03, 0.01, 87.66, -69.92);
insert into SHOT values (4108, 4199, 4203, 7107, 6.27, 202.28, -5.00, 6.27, 202.30, -5.03, 0.00, 267.59, -59.13);
insert into SHOT values (4109, 4199, 4204, 7107, 8.31, 21.28, 31.00, 8.31, 21.23, 31.00, 0.01, 297.14, 0.35);
insert into SHOT values (4110, 4205, 4204, 7107, 2.81, 210.28, -10.00, 2.81, 210.36, -10.03, 0.01, 267.90, -23.34);
insert into SHOT values (4111, 4205, 4206, 7107, 7.77, 30.28, 12.00, 7.76, 30.28, 11.97, 0.01, 209.46, -53.90);
insert into SHOT values (4112, 4207, 4206, 7107, 2.55, 223.28, -11.00, 2.55, 223.06, -11.07, 0.01, 141.75, -19.53);
insert into SHOT values (4113, 4207, 4208, 7107, 5.60, 143.28, 4.00, 5.61, 143.21, 3.99, 0.01, 103.28, -3.65);
insert into SHOT values (4114, 4206, 4209, 7107, 21.48, 340.28, 8.00, 21.49, 340.28, 8.00, 0.01, 344.60, 4.55);
insert into SHOT values (4115, 4210, 4209, 7107, 5.77, 185.28, -13.00, 5.77, 185.31, -13.02, 0.00, 238.97, -31.35);
insert into SHOT values (4116, 4210, 4211, 7107, 10.33, 324.28, 9.00, 10.33, 324.25, 9.02, 0.01, 223.03, 42.41);
insert into SHOT values (4117, 4212, 4211, 7107, 4.72, 127.28, -10.00, 4.72, 127.22, -10.01, 0.01, 13.72, -3.94);
insert into SHOT values (4118, 4212, 4213, 7107, 16.75, 4.28, -90.00, 16.75, 90.00, -90.00, 0.00, 4.28, 0.00);
insert into SHOT values (4119, 4214, 4210, 7107, 2.84, 279.28, -7.00, 2.84, 279.40, -7.08, 0.01, 19.43, -33.48);
insert into SHOT values (4120, 4214, 4215, 7107, 3.00, 1.28, 8.00, 3.00, 1.35, 8.05, 0.00, 91.00, 33.45);
insert into SHOT values (4121, 4216, 4215, 7107, 5.38, 233.28, -20.00, 5.38, 233.29, -20.01, 0.00, 37.69, 1.07);
insert into SHOT values (4122, 4216, 4217, 7107, 4.41, 18.28, 17.00, 4.41, 18.22, 16.99, 0.01, 334.19, 6.02);
insert into SHOT values (4123, 4218, 4217, 7107, 6.53, 256.28, -14.00, 6.53, 256.31, -13.91, 0.01, 301.97, 59.78);
insert into SHOT values (4124, 4218, 4219, 7107, 2.29, 333.28, 6.00, 2.30, 333.21, 6.00, 0.01, 314.41, 4.36);
insert into SHOT values (4125, 4220, 4219, 7107, 4.18, 123.28, 64.00, 4.17, 123.17, 64.01, 0.01, 340.55, -50.40);
insert into SHOT values (4126, 4220, 4221, 7107, 5.70, 27.28, 7.00, 5.70, 27.24, 6.95, 0.01, 299.64, -54.74);
insert into SHOT values (4127, 4222, 4221, 7107, 5.07, 146.28, -33.00, 5.07, 146.31, -32.97, 0.00, 190.12, 20.92);
insert into SHOT values (4128, 4222, 4223, 7107, 6.00, 19.28, 17.00, 6.00, 19.35, 17.06, 0.01, 137.11, 34.70);
insert into SHOT values (4129, 4224, 4223, 7107, 3.54, 208.28, -22.00, 3.54, 208.21, -21.93, 0.01, 83.83, 50.85);
insert into SHOT values (4130, 4224, 4225, 7107, 1.96, 309.28, 14.00, 1.96, 309.46, 14.15, 0.01, 19.58, 42.39);
insert into SHOT values (4131, 4226, 4225, 7107, 27.22, 192.28, -14.00, 27.21, 192.29, -13.99, 0.01, 334.03, 31.94);
insert into SHOT values (4132, 4226, 4227, 7107, 8.58, 17.28, 12.00, 8.59, 17.25, 12.03, 0.01, 337.19, 42.32);
insert into SHOT values (4133, 4228, 4227, 7107, 2.19, 240.28, -16.00, 2.19, 240.39, -15.91, 0.01, 334.32, 41.36);
insert into SHOT values (4134, 4228, 4229, 7107, 9.08, 24.28, 10.00, 9.08, 24.24, 10.02, 0.01, 259.32, 25.94);
insert into SHOT values (4135, 4230, 4229, 7107, 2.97, 295.28, 31.00, 2.97, 295.06, 30.96, 0.01, 228.46, 1.81);
insert into SHOT values (4136, 4230, 4231, 7107, 1.61, 74.28, -27.00, 1.61, 74.22, -26.98, 0.00, 326.44, 31.02);
insert into SHOT values (4137, 4231, 4232, 7107, 6.54, 6.28, 16.00, 6.49, 359.63, 17.01, 0.73, 266.93, 7.61);
insert into SHOT values (4138, 4233, 4232, 7107, 4.04, 192.28, -40.00, 3.98, 186.74, -41.42, 0.32, 78.26, -6.01);
insert into SHOT values (4139, 4233, 4234, 7107, 4.14, 0.28, 17.00, 4.14, 354.62, 17.70, 0.39, 265.73, 7.24);
insert into SHOT values (4140, 4235, 4234, 7107, 2.50, 121.28, 18.00, 2.97, 118.45, 16.21, 0.50, 104.72, 6.63);
insert into SHOT_FLAG values(4140, 'dpl');
insert into SHOT values (4141, 4235, 4236, 7107, 1.92, 308.28, 6.00, 2.40, 305.09, 6.23, 0.49, 292.53, 6.92);
insert into SHOT_FLAG values(4141, 'dpl');
insert into SHOT values (4142, 4237, 4236, 7107, 3.82, 158.28, -6.00, 4.04, 153.18, -6.54, 0.41, 97.15, -8.48);
insert into SHOT_FLAG values(4142, 'dpl');
insert into SHOT values (4143, 4237, 4238, 7107, 3.95, 315.28, 7.00, 4.39, 311.56, 7.20, 0.52, 281.76, 7.63);
insert into SHOT_FLAG values(4143, 'dpl');
insert into SHOT values (4144, 4239, 4238, 7107, 12.48, 179.28, -68.00, 12.55, 173.25, -68.93, 0.53, 67.54, -15.23);
insert into SHOT_FLAG values(4144, 'dpl');
insert into SHOT values (4145, 4239, 4240, 7107, 6.04, 329.28, -30.00, 6.27, 324.31, -27.74, 0.58, 271.34, 9.99);
insert into SHOT_FLAG values(4145, 'dpl');
insert into SURVEY values (7111, 6542, 'aleksandrija', 'aleksandrija.monatip.sistem_prima', 'temp_cave_mona');
 insert into CENTRELINE values (7112, 7111, NULL, NULL, NULL, 0.00, 0.00, 0.00);
 insert into SCRAPS values (7113, 7111, 'aleksandrija-1p', 1);
 insert into MAPS values (7165, 7111, 'm1p', NULL, 1, 98.440, 31.280);
 insert into MAPITEMS values (7165, 4, 7113);
 insert into CENTRELINE values (7166, 7111, NULL, '2018-07-21', NULL, 98.44, 0.00, 0.00);
 insert into TOPO values (36, 7166);
 insert into PERSON values (51, 'Zdenko', 'Rejec');
insert into TOPO values (51, 7166);
 insert into SHOT values (4146, 4241, 4242, 7166, 1.93, 83.13, -3.50, 1.93, 83.13, -3.27, 0.01, 257.38, 71.52);
insert into SHOT values (4147, 4241, 4243, 7166, 2.04, 72.43, 0.60, 2.03, 72.55, 0.85, 0.01, 218.30, 48.84);
insert into SHOT values (4148, 4241, 4244, 7166, 2.32, 2.43, 0.20, 2.32, 2.22, 0.25, 0.01, 284.33, 12.67);
insert into SHOT values (4149, 4241, 4245, 7166, 2.16, 27.63, 20.70, 2.16, 27.45, 20.89, 0.01, 268.30, 43.16);
insert into SHOT values (4150, 4241, 4246, 7166, 4.49, 31.73, 61.10, 4.50, 31.78, 61.22, 0.01, 190.65, 57.70);
insert into SHOT values (4151, 4241, 4247, 7166, 2.27, 86.03, 42.50, 2.27, 86.21, 42.79, 0.01, 238.00, 29.54);
insert into SHOT values (4152, 4241, 4248, 7166, 2.53, 23.53, 7.30, 2.53, 23.50, 7.50, 0.01, 241.86, 77.31);
insert into SHOT values (4153, 4248, 4249, 7166, 2.35, 24.23, 10.90, 2.34, 24.11, 10.83, 0.01, 237.51, -28.18);
insert into SHOT values (4154, 4248, 4250, 7166, 0.74, 314.23, -7.90, 0.74, 313.90, -8.51, 0.01, 255.35, -59.36);
insert into SHOT values (4155, 4248, 4251, 7166, 1.59, 246.53, 9.30, 1.59, 246.37, 9.04, 0.01, 188.69, -54.12);
insert into SHOT values (4156, 4248, 4252, 7166, 0.91, 141.83, 4.70, 0.91, 141.74, 4.43, 0.01, 349.74, -56.46);
insert into SHOT values (4157, 4248, 4253, 7166, 2.92, 199.53, 4.40, 2.93, 199.61, 4.31, 0.01, 228.91, -23.64);
insert into SHOT values (4158, 4248, 4254, 7166, 2.30, 174.33, 1.50, 2.30, 174.51, 1.49, 0.01, 254.34, -1.56);
insert into SHOT values (4159, 4248, 4255, 7166, 2.27, 25.53, 15.20, 2.27, 25.40, 15.07, 0.01, 309.21, -45.31);
insert into SHOT values (4160, 4255, 4256, 7166, 0.52, 313.53, 0.80, 0.52, 312.65, 1.11, 0.01, 200.39, 17.63);
insert into SHOT values (4161, 4255, 4257, 7166, 2.63, 294.23, 1.90, 2.63, 294.03, 1.96, 0.01, 198.84, 17.17);
insert into SHOT values (4162, 4255, 4258, 7166, 1.14, 267.53, 1.60, 1.14, 267.49, 1.51, 0.00, 241.88, -46.98);
insert into SHOT values (4163, 4255, 4259, 7166, 0.65, 267.23, 24.20, 0.65, 267.09, 24.56, 0.00, 120.86, 54.38);
insert into SHOT values (4164, 4255, 4260, 7166, 0.99, 270.03, -20.50, 0.99, 270.00, -20.62, 0.00, 261.20, -50.39);
insert into SHOT values (4165, 4255, 4261, 7166, 1.48, 216.93, -2.70, 1.49, 216.79, -2.70, 0.01, 192.63, -1.93);
insert into SHOT values (4166, 4255, 4262, 7166, 0.88, 199.43, 16.30, 0.88, 199.29, 16.43, 0.00, 165.22, 40.15);
insert into SHOT values (4167, 4255, 4263, 7166, 3.51, 207.33, -26.20, 3.51, 207.22, -26.21, 0.01, 109.80, -2.96);
insert into SHOT values (4168, 4255, 4264, 7166, 0.96, 157.53, 17.40, 0.96, 157.62, 17.51, 0.00, 183.01, 39.78);
insert into SHOT values (4169, 4255, 4265, 7166, 1.12, 159.13, 30.80, 1.12, 159.30, 30.65, 0.00, 248.34, -49.28);
insert into SHOT values (4170, 4255, 4266, 7166, 2.62, 298.43, 4.00, 2.62, 298.33, 3.94, 0.01, 199.87, -32.14);
insert into SHOT values (4171, 4266, 4267, 7166, 0.75, 57.23, -30.90, 0.75, 57.05, -30.56, 0.01, 325.89, 69.13);
insert into SHOT values (4172, 4266, 4268, 7166, 1.43, 71.23, 5.60, 1.43, 71.18, 5.61, 0.00, 52.33, 8.08);
insert into SHOT values (4173, 4266, 4269, 7166, 0.88, 61.33, 39.90, 0.88, 61.53, 40.34, 0.01, 210.43, 50.44);
insert into SHOT values (4174, 4266, 4270, 7166, 0.21, 12.93, 67.00, 0.22, 14.04, 67.59, 0.01, 89.11, 76.19);
insert into SHOT values (4175, 4266, 4271, 7166, 0.50, 134.23, 57.30, 0.50, 133.53, 56.70, 0.01, 103.92, -6.50);
insert into SHOT values (4176, 4266, 4272, 7166, 6.75, 33.23, 11.20, 6.75, 33.23, 11.27, 0.01, 60.60, 76.63);
insert into SHOT values (4177, 4272, 4273, 7166, 6.64, 33.43, 11.70, 6.64, 33.40, 11.64, 0.01, 333.56, -59.76);
insert into SHOT values (4178, 4272, 4274, 7166, 6.64, 33.13, 12.20, 6.64, 33.18, 12.18, 0.01, 147.53, -27.26);
insert into SHOT values (4179, 4272, 4275, 7166, 1.66, 358.43, 14.70, 1.65, 358.57, 14.70, 0.01, 140.90, -10.76);
insert into SHOT values (4180, 4272, 4276, 7166, 0.87, 318.73, 8.20, 0.87, 318.75, 7.90, 0.01, 325.26, -49.91);
insert into SHOT values (4181, 4272, 4277, 7166, 1.25, 270.53, -3.30, 1.25, 270.46, -3.66, 0.01, 235.67, -72.26);
insert into SHOT values (4182, 4272, 4278, 7166, 0.82, 273.83, 25.30, 0.82, 273.87, 25.26, 0.00, 330.38, -35.14);
insert into SHOT values (4183, 4272, 4279, 7166, 1.35, 229.93, -3.60, 1.35, 229.81, -3.82, 0.01, 159.12, -61.88);
insert into SHOT values (4184, 4272, 4280, 7166, 1.18, 212.03, 6.80, 1.18, 212.06, 6.35, 0.01, 21.83, -69.47);
insert into SHOT values (4185, 4272, 4281, 7166, 1.29, 305.73, 72.40, 1.28, 305.71, 72.10, 0.01, 303.86, -67.28);
insert into SHOT values (4186, 4272, 4282, 7166, 1.80, 134.93, 55.80, 1.80, 135.00, 55.47, 0.01, 146.43, -52.89);
insert into SHOT values (4187, 4272, 4283, 7166, 1.22, 187.83, 45.30, 1.22, 188.04, 45.05, 0.01, 272.71, -66.25);
insert into SHOT values (4188, 4272, 4284, 7166, 1.59, 116.93, 61.90, 1.59, 116.91, 61.78, 0.00, 110.85, -46.65);
insert into SHOT values (4189, 4272, 4285, 7166, 1.68, 79.33, 75.40, 1.68, 79.22, 75.22, 0.01, 67.93, -54.15);
insert into SHOT values (4190, 4274, 4286, 7166, 1.75, 81.13, 74.80, 1.75, 81.16, 74.92, 0.00, 256.82, 19.60);
insert into SHOT values (4191, 4286, 4287, 7166, 1.75, 81.53, 73.40, 1.75, 80.91, 73.13, 0.01, 41.03, -40.12);
insert into SHOT values (4192, 4286, 4288, 7166, 0.29, 244.33, -1.60, 0.29, 245.22, -2.00, 0.01, 12.76, -18.35);
insert into SHOT values (4193, 4286, 4289, 7166, 1.33, 255.63, -45.60, 1.33, 255.66, -45.64, 0.00, 54.51, 8.11);
insert into SHOT values (4194, 4286, 4290, 7166, 1.56, 279.63, -82.40, 1.56, 281.31, -82.50, 0.01, 31.83, -29.77);
insert into SHOT values (4195, 4286, 4291, 7166, 0.96, 28.83, -0.50, 0.97, 28.42, -0.59, 0.01, 342.44, -9.77);
insert into SHOT values (4196, 4286, 4292, 7166, 0.83, 192.83, -49.80, 0.83, 192.99, -50.18, 0.01, 335.54, -66.77);
insert into SHOT values (4197, 4286, 4293, 7166, 3.55, 349.33, 11.10, 3.55, 349.43, 11.03, 0.01, 38.10, -22.10);
insert into SHOT values (4198, 4286, 4294, 7166, 3.52, 5.83, 10.60, 3.53, 5.79, 10.46, 0.01, 351.43, -43.09);
insert into SHOT values (4199, 4286, 4295, 7166, 2.25, 349.73, 11.10, 2.26, 349.86, 10.99, 0.01, 26.90, -20.69);
insert into SHOT values (4200, 4295, 4296, 7166, 0.90, 69.33, -1.70, 0.90, 69.74, -1.92, 0.01, 192.39, -22.96);
insert into SHOT values (4201, 4295, 4297, 7166, 2.51, 47.13, 7.00, 2.50, 47.12, 7.11, 0.01, 228.65, 28.24);
insert into SHOT values (4202, 4295, 4298, 7166, 1.28, 20.23, 10.10, 1.28, 20.02, 9.94, 0.01, 246.53, -35.90);
insert into SHOT values (4203, 4295, 4299, 7166, 1.24, 23.03, 27.90, 1.24, 23.06, 27.85, 0.00, 43.29, -6.72);
insert into SHOT values (4204, 4295, 4300, 7166, 1.31, 27.13, -19.00, 1.31, 26.98, -19.21, 0.01, 243.28, -33.41);
insert into SHOT values (4205, 4295, 4301, 7166, 0.85, 318.53, 4.90, 0.85, 318.37, 4.75, 0.01, 168.99, -29.39);
insert into SHOT values (4206, 4295, 4302, 7166, 1.70, 357.23, 16.90, 1.69, 357.17, 16.81, 0.01, 195.22, -40.87);
insert into SHOT values (4207, 4295, 4303, 7166, 5.28, 31.23, 2.00, 5.27, 31.19, 1.96, 0.01, 247.11, -35.34);
insert into SHOT values (4208, 4295, 4304, 7166, 4.92, 37.33, 3.00, 4.92, 37.38, 3.03, 0.01, 172.98, 19.50);
insert into SHOT values (4209, 4304, 4305, 7166, 1.18, 107.83, 30.20, 1.18, 107.72, 30.09, 0.00, 338.11, -56.38);
insert into SHOT values (4210, 4304, 4306, 7166, 0.37, 189.03, 38.50, 0.37, 190.12, 38.96, 0.01, 322.59, -2.51);
insert into SHOT values (4211, 4304, 4307, 7166, 0.81, 30.33, 38.00, 0.82, 29.74, 37.78, 0.01, 345.85, 8.02);
insert into SHOT values (4212, 4304, 4308, 7166, 0.69, 117.53, 83.20, 0.68, 113.20, 83.61, 0.01, 342.47, -32.32);
insert into SHOT values (4213, 4308, 4309, 7166, 0.69, 119.93, 81.60, 0.70, 119.05, 81.51, 0.01, 83.83, 70.25);
insert into SHOT values (4214, 4308, 4310, 7166, 1.19, 27.63, 42.90, 1.19, 27.45, 43.03, 0.00, 240.91, -0.69);
insert into SHOT values (4215, 4308, 4311, 7166, 1.85, 29.43, 4.20, 1.84, 29.36, 4.36, 0.01, 222.65, 25.32);
insert into SHOT values (4216, 4308, 4312, 7166, 1.01, 0.33, 12.70, 1.00, 0.00, 12.65, 0.01, 226.73, -14.88);
insert into SHOT values (4217, 4308, 4313, 7166, 1.76, 57.23, 13.50, 1.76, 57.43, 13.49, 0.01, 170.60, -7.57);
insert into SHOT values (4218, 4308, 4314, 7166, 1.00, 92.43, 10.90, 1.00, 92.92, 10.96, 0.01, 187.29, 6.07);
insert into SHOT values (4219, 4308, 4315, 7166, 0.48, 289.83, 11.60, 0.48, 289.98, 12.06, 0.00, 77.22, 55.59);
insert into SHOT values (4220, 4308, 4316, 7166, 7.52, 21.63, 13.50, 7.51, 21.61, 13.55, 0.01, 212.91, 26.63);
insert into SHOT values (4221, 4316, 4317, 7166, 1.88, 348.83, 52.90, 1.88, 348.89, 52.73, 0.01, 358.22, 4.15);
insert into SHOT values (4222, 4316, 4318, 7166, 2.11, 305.13, 30.90, 2.11, 305.35, 30.76, 0.01, 5.56, -23.25);
insert into SHOT values (4223, 4316, 4319, 7166, 1.73, 53.93, 61.50, 1.73, 53.82, 61.36, 0.00, 35.47, -4.19);
insert into SHOT values (4224, 4316, 4320, 7166, 1.29, 90.13, 33.40, 1.29, 90.00, 33.32, 0.00, 52.21, -1.78);
insert into SHOT values (4225, 4316, 4321, 7166, 0.84, 130.23, 26.00, 0.84, 129.61, 26.17, 0.01, 25.20, 11.93);
insert into SHOT values (4226, 4316, 4322, 7166, 0.75, 217.53, 30.50, 0.75, 217.41, 30.62, 0.00, 55.36, -8.44);
insert into SHOT values (4227, 4316, 4323, 7166, 0.70, 172.73, 22.30, 0.70, 172.00, 21.91, 0.01, 73.07, -33.91);
insert into SHOT values (4228, 4316, 4324, 7166, 2.26, 341.93, 0.20, 2.26, 341.97, 0.25, 0.00, 37.09, 47.71);
insert into SHOT values (4229, 4316, 4325, 7166, 0.83, 18.03, 10.90, 0.84, 18.43, 11.01, 0.01, 57.44, 18.26);
insert into SHOT values (4230, 4316, 4326, 7166, 4.94, 3.63, 10.00, 4.95, 3.65, 10.01, 0.01, 26.08, 22.23);
insert into SHOT values (4231, 4326, 4327, 7166, 1.43, 240.23, 11.60, 1.43, 239.95, 11.33, 0.01, 126.78, -45.81);
insert into SHOT values (4232, 4326, 4328, 7166, 1.33, 214.23, 57.30, 1.33, 214.14, 57.53, 0.01, 45.30, 7.74);
insert into SHOT values (4233, 4326, 4329, 7166, 2.22, 205.13, 66.20, 2.22, 205.13, 66.21, 0.00, 19.62, -45.99);
insert into SHOT values (4234, 4326, 4330, 7166, 0.94, 108.13, 31.50, 0.94, 108.21, 31.49, 0.00, 249.00, -32.11);
insert into SHOT values (4235, 4326, 4331, 7166, 1.31, 172.33, 31.20, 1.31, 172.30, 30.89, 0.01, 36.58, -85.94);
insert into SHOT values (4236, 4326, 4332, 7166, 1.03, 183.23, 79.00, 1.03, 182.86, 78.79, 0.00, 164.34, -15.34);
insert into SHOT values (4237, 4326, 4333, 7166, 2.14, 280.03, 19.30, 2.14, 279.98, 19.11, 0.01, 214.41, -74.97);
insert into SHOT values (4238, 4326, 4334, 7166, 3.59, 301.83, 24.70, 3.59, 301.84, 24.70, 0.00, 86.94, -6.84);
insert into SHOT values (4239, 4326, 4335, 7166, 3.33, 293.03, 25.60, 3.33, 292.97, 25.66, 0.01, 140.43, 10.84);
insert into SHOT values (4240, 4326, 4336, 7166, 3.15, 292.13, 26.50, 3.15, 292.10, 26.43, 0.01, 140.69, -67.53);
insert into SHOT values (4241, 4336, 4337, 7166, 3.15, 296.73, 25.50, 3.15, 296.75, 25.55, 0.00, 336.78, 68.90);
insert into SHOT values (4242, 4336, 4338, 7166, 1.09, 120.93, 5.90, 1.09, 121.05, 5.79, 0.00, 181.76, -36.24);
insert into SHOT values (4243, 4336, 4339, 7166, 1.38, 73.53, 7.60, 1.38, 73.42, 7.50, 0.00, 320.53, -42.85);
insert into SHOT values (4244, 4336, 4340, 7166, 0.70, 342.63, 56.10, 0.70, 342.03, 56.15, 0.00, 232.63, -13.21);
insert into SHOT values (4245, 4336, 4341, 7166, 0.68, 45.13, 52.00, 0.69, 45.00, 51.84, 0.01, 35.71, 36.12);
insert into SHOT values (4246, 4336, 4342, 7166, 2.23, 100.93, 19.10, 2.23, 100.94, 19.10, 0.00, 122.01, 15.03);
insert into SHOT values (4247, 4336, 4343, 7166, 2.63, 96.43, 14.10, 2.62, 96.32, 14.11, 0.01, 319.10, -5.58);
insert into SHOT values (4248, 4336, 4344, 7166, 1.81, 114.73, 17.10, 1.81, 114.64, 17.06, 0.00, 339.08, -29.79);
insert into SHOT values (4249, 4336, 4345, 7166, 2.13, 114.63, 17.10, 2.13, 114.68, 17.19, 0.00, 201.87, 63.80);
insert into SHOT values (4250, 4336, 4346, 7166, 2.16, 114.63, 17.00, 2.16, 114.58, 16.95, 0.00, 72.23, -32.78);
insert into SHOT values (4251, 4336, 4347, 7166, 1.83, 114.73, 17.20, 1.83, 114.66, 17.15, 0.00, 60.13, -25.20);
insert into SHOT values (4252, 4336, 4348, 7166, 0.61, 65.53, 18.30, 0.61, 65.64, 18.09, 0.00, 88.66, -27.99);
insert into SHOT values (4253, 4336, 4349, 7166, 0.94, 11.93, 11.20, 0.94, 11.92, 11.07, 0.00, 193.97, -48.76);
insert into SHOT values (4254, 4346, 4350, 7166, 2.44, 45.53, 14.20, 2.44, 45.51, 14.21, 0.00, 36.89, 22.53);
insert into SHOT values (4255, 4350, 4351, 7166, 2.46, 46.63, 17.10, 2.45, 46.56, 17.32, 0.01, 242.42, 33.01);
insert into SHOT values (4256, 4350, 4352, 7166, 0.64, 86.13, 12.90, 0.64, 86.31, 12.70, 0.00, 228.38, -41.64);
insert into SHOT values (4257, 4350, 4353, 7166, 1.35, 62.43, 50.20, 1.35, 62.24, 50.45, 0.01, 269.89, 25.18);
insert into SHOT values (4258, 4350, 4354, 7166, 1.47, 123.03, 12.50, 1.47, 123.02, 12.60, 0.00, 303.72, 25.00);
insert into SHOT values (4259, 4350, 4355, 7166, 1.14, 115.03, 50.80, 1.14, 115.50, 51.02, 0.01, 208.87, 47.84);
insert into SHOT values (4260, 4350, 4356, 7166, 0.88, 175.33, 23.30, 0.88, 175.76, 23.31, 0.01, 232.77, 14.61);
insert into SHOT values (4261, 4350, 4357, 7166, 0.88, 173.93, 23.90, 0.88, 174.29, 24.12, 0.01, 270.30, 34.09);
insert into SHOT values (4262, 4350, 4358, 7166, 0.88, 175.73, 24.30, 0.88, 176.42, 24.19, 0.01, 268.85, -12.30);
insert into SHOT values (4263, 4350, 4359, 7166, 2.84, 17.23, 20.00, 2.84, 17.21, 19.97, 0.00, 342.37, -52.50);
insert into SHOT values (4264, 4350, 4360, 7166, 3.56, 34.13, 25.00, 3.56, 34.13, 25.09, 0.01, 185.06, 80.78);
insert into SHOT values (4265, 4350, 4361, 7166, 1.06, 47.83, 24.80, 1.06, 47.97, 25.21, 0.01, 207.37, 38.36);
insert into SHOT values (4266, 4350, 4362, 7166, 2.64, 26.43, 10.80, 2.64, 26.37, 10.93, 0.01, 240.91, 48.63);
insert into SHOT values (4267, 4350, 4363, 7166, 5.44, 34.43, 19.70, 5.44, 34.40, 19.79, 0.01, 229.77, 41.06);
insert into SHOT values (4268, 4363, 4364, 7166, 5.52, 34.63, 19.60, 5.52, 34.67, 19.57, 0.01, 80.28, -17.79);
insert into SHOT values (4269, 4363, 4365, 7166, 0.49, 120.13, 57.10, 0.49, 119.48, 57.20, 0.00, 356.73, -21.50);
insert into SHOT values (4270, 4363, 4366, 7166, 1.32, 93.93, 8.20, 1.32, 93.96, 7.86, 0.01, 260.89, -67.16);
insert into SHOT values (4271, 4363, 4367, 7166, 0.97, 117.63, 1.80, 0.97, 117.62, 1.77, 0.00, 113.48, -23.07);
insert into SHOT values (4272, 4363, 4368, 7166, 0.76, 149.43, 33.40, 0.75, 149.35, 33.15, 0.01, 336.46, -50.72);
insert into SHOT values (4273, 4363, 4369, 7166, 4.00, 119.03, 6.90, 3.99, 118.96, 6.90, 0.01, 341.39, -4.39);
insert into SHOT values (4274, 4363, 4370, 7166, 4.67, 105.93, 6.70, 4.67, 105.89, 6.64, 0.01, 358.13, -61.27);
insert into SHOT values (4275, 4363, 4371, 7166, 4.69, 106.23, 6.40, 4.69, 106.18, 6.36, 0.01, 64.49, -27.31);
insert into SHOT values (4276, 4363, 4372, 7166, 2.50, 106.13, 6.30, 2.50, 106.10, 6.19, 0.01, 86.53, -56.47);
insert into SHOT values (4277, 4363, 4373, 7166, 2.85, 106.23, 6.40, 2.85, 106.20, 6.25, 0.01, 22.43, -78.91);
insert into SHOT values (4278, 4371, 4374, 7166, 2.85, 106.23, 6.40, 2.85, 106.20, 6.45, 0.00, 22.43, 56.93);
insert into SHOT values (4279, 4374, 4375, 7166, 4.71, 106.23, 6.70, 4.71, 106.27, 6.71, 0.00, 207.41, 8.36);
insert into SHOT values (4280, 4375, 4376, 7166, 0.70, 128.33, 42.30, 0.70, 128.66, 42.54, 0.01, 279.83, -10.05);
insert into SHOT values (4281, 4375, 4377, 7166, 0.69, 85.23, 41.10, 0.68, 85.52, 41.34, 0.01, 248.11, -22.21);
insert into SHOT values (4282, 4375, 4378, 7166, 0.50, 221.83, 11.80, 0.50, 222.51, 11.57, 0.01, 322.54, -20.73);
insert into SHOT values (4283, 4375, 4379, 7166, 0.35, 172.73, -42.70, 0.35, 173.16, -43.63, 0.01, 333.49, -24.68);
insert into SHOT values (4284, 4375, 4380, 7166, 1.20, 137.13, 30.10, 1.19, 137.35, 30.14, 0.01, 277.43, -15.76);
insert into SHOT values (4285, 4375, 4381, 7166, 3.05, 131.03, 10.70, 3.05, 131.08, 10.58, 0.01, 198.90, -64.82);
insert into SHOT values (4286, 4381, 4382, 7166, 1.34, 46.13, -2.20, 1.34, 45.91, -2.14, 0.01, 290.50, 14.42);
insert into SHOT values (4287, 4381, 4383, 7166, 0.62, 41.53, -43.20, 0.62, 41.42, -42.81, 0.00, 12.73, 69.21);
insert into SHOT values (4288, 4381, 4384, 7166, 1.13, 89.83, 5.20, 1.12, 89.49, 5.10, 0.01, 320.91, -15.90);
insert into SHOT values (4289, 4381, 4385, 7166, 0.53, 330.23, -82.10, 0.53, 330.26, -81.19, 0.01, 330.53, 32.58);
insert into SHOT values (4290, 4381, 4386, 7166, 1.16, 326.93, 0.90, 1.17, 326.85, 0.98, 0.01, 318.95, 9.43);
insert into SHOT values (4291, 4381, 4387, 7166, 4.80, 29.33, 22.60, 4.81, 29.28, 22.63, 0.01, 356.54, 39.66);
insert into SHOT values (4292, 4381, 4388, 7166, 4.81, 28.83, 22.60, 4.81, 28.82, 22.62, 0.00, 249.03, 53.97);
insert into SHOT values (4293, 4381, 4389, 7166, 7.46, 28.53, 22.40, 7.46, 28.50, 22.38, 0.00, 272.75, -36.61);
insert into SHOT values (4294, 4388, 4390, 7166, 4.79, 28.93, 22.40, 4.79, 28.88, 22.44, 0.01, 332.91, 46.83);
insert into SHOT values (4295, 4390, 4391, 7166, 0.90, 195.73, 21.70, 0.90, 196.04, 21.63, 0.01, 325.69, -24.96);
insert into SHOT values (4296, 4390, 4392, 7166, 0.75, 188.73, 77.20, 0.75, 187.13, 77.54, 0.01, 50.86, -11.47);
insert into SHOT values (4297, 4390, 4393, 7166, 1.23, 248.93, 27.30, 1.23, 249.08, 27.15, 0.01, 357.99, -53.89);
insert into SHOT values (4298, 4390, 4394, 7166, 1.82, 313.33, 31.00, 1.81, 313.44, 30.86, 0.01, 94.90, -56.41);
insert into SHOT values (4299, 4390, 4395, 7166, 2.35, 359.53, 50.60, 2.34, 359.62, 50.54, 0.01, 123.72, -64.54);
insert into SHOT values (4300, 4390, 4396, 7166, 3.28, 26.23, 37.90, 3.27, 26.17, 37.87, 0.01, 244.77, -49.52);
insert into SHOT values (4301, 4390, 4397, 7166, 2.02, 28.33, -16.50, 2.03, 28.28, -16.63, 0.01, 11.24, -50.47);
insert into SHOT values (4302, 4390, 4398, 7166, 2.56, 14.03, -34.50, 2.56, 13.97, -34.47, 0.00, 337.19, -0.00);
insert into SHOT values (4303, 4390, 4399, 7166, 0.98, 353.33, -45.80, 0.99, 353.29, -46.04, 0.01, 337.16, -78.37);
insert into SHOT values (4304, 4390, 4400, 7166, 2.98, 47.53, 19.90, 2.98, 47.60, 19.82, 0.01, 123.01, -48.14);
insert into SHOT values (4305, 4390, 4401, 7166, 2.84, 45.43, 47.90, 2.84, 45.42, 47.72, 0.01, 44.93, -54.05);
insert into SHOT values (4306, 4401, 4402, 7166, 2.33, 137.73, -88.10, 2.33, 140.19, -88.08, 0.00, 214.70, -20.35);
insert into SHOT values (4307, 4401, 4403, 7166, 1.16, 170.83, -8.40, 1.17, 171.03, -8.38, 0.01, 202.58, -4.03);
insert into SHOT values (4308, 4401, 4404, 7166, 0.98, 343.53, 2.40, 0.98, 343.41, 2.34, 0.00, 294.37, -22.08);
insert into SHOT values (4309, 4401, 4405, 7166, 8.06, 25.83, 48.30, 8.06, 25.80, 48.35, 0.01, 222.78, 13.85);
insert into SHOT values (4310, 4401, 4406, 7166, 8.95, 25.33, 48.10, 8.95, 25.28, 48.12, 0.01, 248.73, -12.29);
insert into SHOT values (4311, 4401, 4407, 7166, 7.94, 24.53, 47.90, 7.94, 24.54, 47.91, 0.00, 173.48, -23.81);
insert into SHOT values (4312, 4401, 4408, 7166, 6.05, 130.23, 32.50, 6.05, 130.31, 32.50, 0.01, 230.47, -5.03);
insert into SHOT values (4313, 4401, 4409, 7166, 6.63, 131.63, 32.30, 6.64, 131.68, 32.33, 0.01, 172.70, 44.10);
insert into SHOT values (4314, 4407, 4410, 7166, 6.69, 130.83, 33.40, 6.69, 130.86, 33.48, 0.01, 282.07, 48.62);
insert into SHOT values (4315, 4401, 4411, 7166, 4.33, 131.13, 33.60, 4.33, 131.29, 33.64, 0.01, 220.21, 20.19);
insert into SHOT values (4316, 4401, 4412, 7166, 6.61, 130.73, 34.10, 6.61, 130.77, 34.16, 0.01, 277.90, 27.27);
insert into SURVEY values (7168, 6542, 'cloaca_resurvey', 'cloaca_resurvey.monatip.sistem_prima', 'Cloaca Maxima resurvey');
 insert into CENTRELINE values (7169, 7168, NULL, NULL, NULL, 0.00, 0.00, 0.00);
 insert into CENTRELINE values (7170, 7168, NULL, '2018-07-26', '2018-07-24', 158.52, 0.00, 57.67);
 insert into TOPO values (22, 7170);
 insert into TOPO values (28, 7170);
 insert into EXPLO values (17, 7170);
 insert into SHOT values (4317, 4413, 4414, 7170, 23.92, 150.03, 69.10, 23.92, 150.04, 69.11, 0.01, 303.22, 46.50);
insert into SHOT values (4318, 4413, 4415, 7170, 18.10, 221.13, 7.00, 18.10, 221.14, 7.01, 0.01, 300.28, 44.16);
insert into SHOT values (4319, 4413, 4416, 7170, 3.19, 304.13, 4.40, 3.19, 304.24, 4.49, 0.01, 27.28, 40.05);
insert into SHOT values (4320, 4413, 4417, 7170, 18.25, 45.83, 2.70, 18.26, 45.82, 2.70, 0.01, 33.98, 2.05);
insert into SHOT values (4321, 4413, 4418, 7170, 32.46, 62.33, 33.00, 32.46, 62.31, 33.00, 0.01, 5.19, 8.17);
insert into SHOT values (4322, 4418, 4419, 7170, 33.18, 63.33, 41.50, 33.18, 63.34, 41.50, 0.01, 141.42, 33.29);
insert into SHOT values (4323, 4418, 4420, 7170, 13.97, 358.93, -4.20, 13.97, 358.93, -4.19, 0.00, 93.10, 75.95);
insert into SHOT values (4324, 4418, 4421, 7170, 20.01, 350.73, 50.00, 20.01, 350.74, 50.01, 0.01, 148.84, 16.80);
insert into SHOT values (4325, 4418, 4422, 7170, 18.13, 198.13, 6.30, 18.13, 198.13, 6.30, 0.01, 219.60, 5.82);
insert into SHOT values (4326, 4418, 4423, 7170, 23.81, 246.43, -2.00, 23.81, 246.42, -2.00, 0.00, 181.82, 13.58);
insert into SHOT values (4327, 4418, 4424, 7170, 11.09, 297.33, -3.10, 11.09, 297.31, -3.10, 0.00, 209.50, -3.58);
insert into SHOT values (4328, 4418, 4425, 7170, 16.41, 286.33, -62.30, 16.41, 286.30, -62.31, 0.00, 174.59, -8.77);
insert into SHOT values (4329, 4418, 4426, 7170, 28.79, 219.43, -51.10, 28.80, 219.41, -51.10, 0.01, 158.72, -38.05);
insert into SHOT values (4330, 4418, 4427, 7170, 25.52, 258.63, -38.50, 25.52, 258.62, -38.51, 0.00, 179.19, -62.93);
insert into SHOT values (4331, 4418, 4428, 7170, 29.64, 58.83, 88.00, 29.79, 57.88, 88.05, 0.15, 280.33, 80.24);
insert into SHOT values (4332, 4418, 4428, 7170, 30.70, 57.03, 88.10, 29.79, 57.88, 88.05, 0.91, 156.46, -89.04);
insert into SHOT values (4333, 4418, 4428, 7170, 29.69, 57.63, 87.90, 29.79, 57.88, 88.05, 0.12, 234.16, 54.00);
insert into SHOT values (4334, 4418, 4429, 7170, 37.76, 49.73, 88.10, 37.76, 49.84, 88.09, 0.00, 81.50, 8.90);
insert into SHOT values (4335, 4418, 4428, 7170, 29.57, 57.53, 88.10, 29.79, 57.88, 88.05, 0.22, 67.49, 80.65);
insert into SHOT values (4336, 4428, 4430, 7170, 6.30, 3.13, 4.40, 6.30, 3.10, 4.46, 0.01, 232.45, 62.94);
insert into SHOT values (4337, 4428, 4431, 7170, 12.41, 358.73, 49.30, 12.41, 358.73, 49.31, 0.00, 207.50, 68.40);
insert into SHOT values (4338, 4428, 4432, 7170, 29.73, 309.83, 75.10, 29.73, 309.85, 75.10, 0.00, 12.37, -5.26);
insert into SHOT values (4339, 4428, 4433, 7170, 25.22, 241.23, 77.90, 25.22, 241.16, 77.90, 0.01, 144.22, 2.64);
insert into SHOT values (4340, 4428, 4434, 7170, 8.72, 198.43, 37.70, 8.73, 198.41, 37.72, 0.01, 167.53, 59.50);
insert into SHOT values (4341, 4428, 4435, 7170, 15.09, 233.33, 20.70, 15.09, 233.32, 20.72, 0.01, 72.77, 72.81);
insert into SHOT values (4342, 4428, 4436, 7170, 0.43, 266.03, 7.60, 0.44, 266.01, 7.92, 0.01, 264.38, 32.97);
insert into SHOT values (4343, 4428, 4437, 7170, 6.19, 210.33, -35.20, 6.19, 210.26, -35.13, 0.01, 135.01, 54.72);
insert into SHOT values (4344, 4428, 4438, 7170, 27.89, 323.73, -70.60, 27.88, 323.74, -70.59, 0.01, 32.57, 76.90);
insert into SHOT values (4345, 4428, 4439, 7170, 13.61, 306.03, -37.80, 13.61, 306.00, -37.80, 0.01, 208.69, 15.63);
insert into SHOT values (4346, 4428, 4440, 7170, 0.56, 114.33, 81.20, 0.57, 116.57, 80.93, 0.01, 157.65, 52.33);
insert into SHOT values (4347, 4428, 4441, 7170, 6.46, 126.43, 83.30, 6.46, 126.42, 83.27, 0.01, 124.48, 43.54);
insert into SHOT values (4348, 4441, 4442, 7170, 0.52, 299.63, 47.50, 0.52, 300.14, 46.67, 0.01, 323.85, -23.35);
insert into SHOT values (4349, 4441, 4443, 7170, 7.22, 84.03, 33.20, 7.21, 84.01, 33.21, 0.01, 279.07, -21.26);
insert into SHOT values (4350, 4441, 4444, 7170, 1.02, 41.03, 8.30, 1.02, 40.97, 8.48, 0.00, 240.71, 43.47);
insert into SHOT values (4351, 4441, 4445, 7170, 11.30, 277.53, -20.00, 11.30, 277.52, -20.02, 0.01, 250.65, -58.57);
insert into SHOT values (4352, 4441, 4446, 7170, 29.71, 280.83, -58.40, 29.71, 280.85, -58.40, 0.01, 4.86, -42.83);
insert into SHOT values (4353, 4441, 4447, 7170, 20.56, 316.83, -53.40, 20.56, 316.82, -53.40, 0.00, 269.95, -55.04);
insert into SHOT values (4354, 4441, 4448, 7170, 44.21, 281.13, -71.50, 44.22, 281.13, -71.49, 0.01, 295.31, -36.25);
insert into SHOT values (4355, 4441, 4449, 7170, 2.71, 107.53, 18.20, 2.71, 107.45, 18.31, 0.01, 317.36, 26.28);
insert into SHOT_FLAG values(4355, 'dpl');
insert into SHOT values (4356, 4449, 4450, 7170, 0.43, 195.33, 6.70, 0.44, 194.68, 6.57, 0.01, 160.44, -1.12);
insert into SHOT_FLAG values(4356, 'dpl');
insert into SHOT values (4357, 4449, 4451, 7170, 1.32, 294.23, 13.00, 1.31, 293.96, 12.76, 0.01, 159.67, -39.85);
insert into SHOT_FLAG values(4357, 'dpl');
insert into SHOT values (4358, 4449, 4452, 7170, 14.32, 286.03, -21.20, 14.32, 286.00, -21.21, 0.01, 162.69, -13.40);
insert into SHOT_FLAG values(4358, 'dpl');
insert into SHOT values (4359, 4449, 4453, 7170, 15.52, 288.33, -29.80, 15.52, 288.31, -29.83, 0.01, 137.01, -46.13);
insert into SHOT_FLAG values(4359, 'dpl');
insert into SHOT values (4360, 4449, 4454, 7170, 2.28, 273.93, -20.40, 2.28, 273.76, -20.54, 0.01, 162.70, -38.22);
insert into SHOT_FLAG values(4360, 'dpl');
insert into SHOT values (4361, 4449, 4455, 7170, 2.36, 303.63, -17.80, 2.36, 303.55, -18.02, 0.01, 167.17, -62.29);
insert into SHOT_FLAG values(4361, 'dpl');
insert into SHOT values (4362, 4449, 4456, 7170, 2.42, 340.63, 24.80, 2.42, 340.57, 24.71, 0.01, 207.95, -61.42);
insert into SHOT_FLAG values(4362, 'dpl');
insert into SHOT values (4363, 4449, 4457, 7170, 1.34, 354.03, 46.90, 1.33, 354.35, 46.69, 0.01, 96.68, -57.78);
insert into SHOT_FLAG values(4363, 'dpl');
insert into SHOT values (4364, 4449, 4458, 7170, 5.47, 65.33, 40.70, 5.47, 65.35, 40.64, 0.01, 124.29, -74.58);
insert into SHOT_FLAG values(4364, 'dpl');
insert into SHOT values (4365, 4449, 4459, 7170, 4.19, 51.43, 51.70, 4.18, 51.41, 51.63, 0.01, 341.05, -83.85);
insert into SHOT_FLAG values(4365, 'dpl');
insert into SHOT values (4366, 4449, 4460, 7170, 2.92, 41.93, 18.90, 2.92, 42.06, 18.80, 0.01, 142.55, -41.03);
insert into SHOT_FLAG values(4366, 'dpl');
insert into SHOT values (4367, 4449, 4461, 7170, 0.44, 25.03, 13.40, 0.43, 25.35, 13.38, 0.01, 187.82, -13.99);
insert into SHOT_FLAG values(4367, 'dpl');
insert into SHOT values (4368, 4449, 4462, 7170, 5.57, 60.03, 45.60, 5.57, 60.15, 45.60, 0.01, 149.70, 2.76);
insert into SHOT_FLAG values(4368, 'dpl');
insert into SHOT values (4369, 4462, 4463, 7170, 0.73, 224.03, -10.20, 0.73, 224.43, -10.32, 0.01, 354.22, -6.28);
insert into SHOT_FLAG values(4369, 'dpl');
insert into SHOT values (4370, 4462, 4464, 7170, 1.90, 196.13, 26.40, 1.90, 196.41, 26.31, 0.01, 303.87, -28.78);
insert into SHOT_FLAG values(4370, 'dpl');
insert into SHOT values (4371, 4462, 4465, 7170, 1.08, 170.13, 82.10, 1.07, 171.87, 82.40, 0.01, 318.87, -49.64);
insert into SHOT_FLAG values(4371, 'dpl');
insert into SHOT values (4372, 4462, 4466, 7170, 2.73, 37.73, 14.30, 2.74, 37.65, 14.18, 0.01, 9.30, -29.02);
insert into SHOT_FLAG values(4372, 'dpl');
insert into SHOT values (4373, 4462, 4467, 7170, 2.41, 50.83, -32.00, 2.41, 50.77, -32.11, 0.01, 257.59, -32.44);
insert into SHOT_FLAG values(4373, 'dpl');
insert into SHOT values (4374, 4462, 4468, 7170, 5.76, 252.23, -58.20, 5.76, 252.34, -58.24, 0.01, 3.62, -35.42);
insert into SHOT_FLAG values(4374, 'dpl');
insert into SHOT values (4375, 4462, 4469, 7170, 3.99, 257.63, -39.70, 3.99, 257.77, -39.72, 0.01, 349.84, -9.46);
insert into SHOT_FLAG values(4375, 'dpl');
insert into SHOT values (4376, 4462, 4470, 7170, 30.07, 258.83, -43.50, 30.07, 258.84, -43.50, 0.01, 347.88, -10.24);
insert into SHOT_FLAG values(4376, 'dpl');
insert into SHOT values (4377, 4462, 4471, 7170, 2.28, 134.53, 9.40, 2.27, 134.46, 9.37, 0.01, 333.90, -16.16);
insert into SHOT_FLAG values(4377, 'dpl');
insert into SHOT values (4378, 4462, 4472, 7170, 2.93, 106.43, 5.00, 2.93, 106.32, 4.90, 0.01, 3.17, -44.48);
insert into SHOT_FLAG values(4378, 'dpl');
insert into SHOT values (4379, 4472, 4473, 7170, 0.48, 112.53, 57.40, 0.48, 112.62, 56.98, 0.00, 129.31, -71.65);
insert into SHOT_FLAG values(4379, 'dpl');
insert into SHOT values (4380, 4472, 4474, 7170, 0.68, 162.63, 21.10, 0.69, 162.70, 21.37, 0.01, 172.75, 48.72);
insert into SHOT_FLAG values(4380, 'dpl');
insert into SHOT values (4381, 4472, 4475, 7170, 0.78, 342.73, -0.60, 0.78, 342.03, -0.74, 0.01, 240.39, -10.71);
insert into SHOT_FLAG values(4381, 'dpl');
insert into SHOT values (4382, 4472, 4476, 7170, 0.49, 350.63, -36.30, 0.49, 349.82, -36.20, 0.01, 273.69, 0.87);
insert into SHOT_FLAG values(4382, 'dpl');
insert into SHOT values (4383, 4472, 4477, 7170, 2.13, 69.03, 12.60, 2.13, 69.12, 12.75, 0.01, 193.92, 52.36);
insert into SHOT_FLAG values(4383, 'dpl');
insert into SHOT values (4384, 4472, 4478, 7170, 2.36, 264.43, 13.10, 2.36, 264.26, 13.20, 0.01, 198.54, 35.45);
insert into SHOT_FLAG values(4384, 'dpl');
insert into SHOT values (4385, 4472, 4479, 7170, 5.04, 28.83, 7.20, 5.04, 28.82, 7.18, 0.00, 238.77, -55.29);
insert into SHOT_FLAG values(4385, 'dpl');
insert into SHOT values (4386, 4479, 4480, 7170, 0.24, 338.63, 50.60, 0.24, 336.80, 51.28, 0.01, 247.48, 43.11);
insert into SHOT_FLAG values(4386, 'dpl');
insert into SHOT values (4387, 4479, 4481, 7170, 1.64, 260.53, -4.50, 1.65, 260.54, -4.53, 0.01, 262.79, -10.16);
insert into SHOT_FLAG values(4387, 'dpl');
insert into SHOT values (4388, 4479, 4482, 7170, 1.67, 305.73, 12.20, 1.67, 305.54, 12.42, 0.01, 237.37, 50.58);
insert into SHOT_FLAG values(4388, 'dpl');
insert into SHOT values (4389, 4479, 4483, 7170, 1.39, 157.63, 6.20, 1.39, 157.89, 6.20, 0.01, 250.26, -1.07);
insert into SHOT_FLAG values(4389, 'dpl');
insert into SHOT values (4390, 4479, 4484, 7170, 2.46, 175.43, -10.10, 2.47, 175.51, -10.05, 0.01, 207.80, 12.01);
insert into SHOT_FLAG values(4390, 'dpl');
insert into SHOT values (4391, 4479, 4485, 7170, 1.20, 193.13, -5.10, 1.20, 192.99, -4.76, 0.01, 166.26, 47.28);
insert into SHOT_FLAG values(4391, 'dpl');
insert into SHOT values (4392, 4479, 4486, 7170, 4.35, 344.53, 8.80, 4.35, 344.48, 8.86, 0.01, 226.72, 45.88);
insert into SHOT_FLAG values(4392, 'dpl');
insert into SHOT values (4393, 4479, 4487, 7170, 2.71, 342.93, 7.20, 2.71, 342.91, 7.21, 0.00, 257.04, 26.87);
insert into SHOT_FLAG values(4393, 'dpl');
insert into SHOT values (4394, 4487, 4488, 7170, 2.45, 35.13, 14.50, 2.45, 35.03, 14.66, 0.01, 270.41, 53.72);
insert into SHOT_FLAG values(4394, 'dpl');
insert into SHOT values (4395, 4487, 4489, 7170, 1.73, 71.33, 64.40, 1.73, 71.32, 64.34, 0.00, 69.72, -4.97);
insert into SHOT_FLAG values(4395, 'dpl');
insert into SHOT values (4396, 4487, 4490, 7170, 0.75, 219.03, 63.90, 0.76, 218.93, 63.83, 0.01, 211.24, 56.43);
insert into SHOT_FLAG values(4396, 'dpl');
insert into SHOT values (4397, 4487, 4491, 7170, 1.40, 260.83, 3.60, 1.40, 260.94, 3.68, 0.00, 347.02, 36.76);
insert into SHOT_FLAG values(4397, 'dpl');
insert into SHOT values (4398, 4487, 4492, 7170, 0.59, 307.33, 15.60, 0.59, 307.07, 15.84, 0.01, 157.73, 15.12);
insert into SHOT_FLAG values(4398, 'dpl');
insert into SHOT values (4399, 4487, 4493, 7170, 0.19, 47.33, -78.50, 0.18, 56.31, -78.67, 0.01, 159.26, 45.55);
insert into SHOT_FLAG values(4399, 'dpl');
insert into SHOT values (4400, 4487, 4494, 7170, 4.55, 169.33, -9.30, 4.55, 169.34, -9.24, 0.01, 328.22, 60.76);
insert into SHOT_FLAG values(4400, 'dpl');
insert into SHOT values (4401, 4487, 4495, 7170, 2.63, 104.73, 23.50, 2.63, 104.67, 23.55, 0.00, 320.16, 17.45);
insert into SHOT_FLAG values(4401, 'dpl');
insert into SHOT values (4402, 4487, 4496, 7170, 4.87, 94.03, 15.00, 4.87, 94.02, 15.00, 0.00, 279.08, -10.29);
insert into SHOT_FLAG values(4402, 'dpl');
insert into SHOT values (4403, 4487, 4497, 7170, 7.84, 83.43, 12.90, 7.90, 83.44, 12.87, 0.06, 84.81, 9.46);
insert into SHOT_FLAG values(4403, 'dpl');
insert into SHOT values (4404, 4487, 4497, 7170, 8.04, 83.43, 12.90, 7.90, 83.44, 12.87, 0.14, 262.84, -14.34);
insert into SHOT_FLAG values(4404, 'dpl');
insert into SHOT values (4405, 4487, 4497, 7170, 7.83, 83.43, 12.80, 7.90, 83.44, 12.87, 0.07, 84.67, 21.24);
insert into SHOT_FLAG values(4405, 'dpl');
insert into SHOT values (4406, 4497, 4498, 7170, 2.13, 77.23, 19.60, 2.13, 77.35, 19.72, 0.01, 139.68, 49.16);
insert into SHOT_FLAG values(4406, 'dpl');
insert into SHOT values (4407, 4497, 4499, 7170, 1.37, 27.13, 29.10, 1.38, 27.20, 29.11, 0.01, 42.09, 30.88);
insert into SHOT_FLAG values(4407, 'dpl');
insert into SHOT values (4408, 4497, 4500, 7170, 0.86, 5.93, 58.40, 0.86, 6.34, 58.19, 0.00, 62.78, -32.54);
insert into SHOT_FLAG values(4408, 'dpl');
insert into SHOT values (4409, 4497, 4501, 7170, 1.98, 341.83, 12.20, 1.98, 341.94, 12.24, 0.00, 70.80, 22.62);
insert into SHOT_FLAG values(4409, 'dpl');
insert into SHOT values (4410, 4497, 4502, 7170, 1.47, 309.63, 15.80, 1.47, 309.55, 15.80, 0.00, 195.01, -6.51);
insert into SHOT_FLAG values(4410, 'dpl');
insert into SHOT values (4411, 4497, 4503, 7170, 1.66, 271.03, -5.30, 1.66, 271.04, -5.19, 0.00, 82.23, 51.41);
insert into SHOT_FLAG values(4411, 'dpl');
insert into SHOT values (4412, 4497, 4504, 7170, 3.88, 260.03, -17.40, 3.87, 260.03, -17.43, 0.01, 79.78, 2.41);
insert into SHOT_FLAG values(4412, 'dpl');
insert into SHOT values (4413, 4497, 4505, 7170, 2.78, 249.73, -26.40, 2.77, 249.74, -26.35, 0.01, 64.54, 43.30);
insert into SHOT_FLAG values(4413, 'dpl');
insert into SHOT values (4414, 4497, 4506, 7170, 4.95, 337.23, 23.50, 4.95, 337.33, 23.56, 0.01, 58.17, 36.54);
insert into SHOT_FLAG values(4414, 'dpl');
insert into SHOT values (4415, 4506, 4507, 7170, 1.21, 118.33, 35.90, 1.21, 118.66, 35.92, 0.01, 209.50, 4.96);
insert into SHOT_FLAG values(4415, 'dpl');
insert into SHOT values (4416, 4506, 4508, 7170, 0.56, 143.23, 64.00, 0.56, 145.01, 63.98, 0.01, 244.23, -23.28);
insert into SHOT_FLAG values(4416, 'dpl');
insert into SHOT values (4417, 4506, 4509, 7170, 0.65, 56.43, -56.60, 0.65, 56.77, -57.77, 0.01, 225.92, -33.02);
insert into SHOT_FLAG values(4417, 'dpl');
insert into SHOT values (4418, 4506, 4510, 7170, 0.50, 62.23, 20.60, 0.49, 62.88, 20.26, 0.01, 206.98, -33.13);
insert into SHOT_FLAG values(4418, 'dpl');
insert into SHOT values (4419, 4506, 4511, 7170, 1.38, 126.23, 12.70, 1.38, 126.53, 12.58, 0.01, 233.75, -24.56);
insert into SHOT_FLAG values(4419, 'dpl');
insert into SHOT values (4420, 4506, 4512, 7170, 2.23, 92.53, 18.90, 2.22, 92.73, 18.90, 0.01, 227.95, -12.67);
insert into SHOT_FLAG values(4420, 'dpl');
insert into SHOT values (4421, 4506, 4513, 7170, 0.90, 173.13, -13.00, 0.90, 173.44, -13.48, 0.01, 277.30, -56.60);
insert into SHOT_FLAG values(4421, 'dpl');
insert into SHOT values (4422, 4506, 4514, 7170, 2.59, 160.33, -21.50, 2.59, 160.36, -21.51, 0.00, 234.82, -26.72);
insert into SHOT_FLAG values(4422, 'dpl');
insert into SHOT values (4423, 4506, 4515, 7170, 5.23, 167.33, -26.50, 5.23, 167.42, -26.55, 0.01, 242.69, -39.84);
insert into SHOT_FLAG values(4423, 'dpl');
insert into SHOT values (4424, 4506, 4516, 7170, 3.17, 100.43, -1.60, 3.16, 100.56, -1.63, 0.01, 224.77, -9.26);
insert into SHOT_FLAG values(4424, 'dpl');
insert into SHOT values (4425, 4516, 4517, 7170, 3.34, 110.63, 79.50, 3.34, 110.22, 79.51, 0.01, 4.58, -42.51);
insert into SHOT_FLAG values(4425, 'dpl');
insert into SHOT values (4426, 4516, 4518, 7170, 16.85, 60.83, 54.90, 16.85, 60.79, 54.88, 0.01, 1.04, -38.71);
insert into SHOT_FLAG values(4426, 'dpl');
insert into SHOT values (4427, 4516, 4519, 7170, 14.11, 98.13, 49.10, 14.11, 98.09, 49.08, 0.01, 35.84, -34.13);
insert into SHOT_FLAG values(4427, 'dpl');
insert into SHOT values (4428, 4516, 4520, 7170, 12.92, 13.23, 31.60, 12.93, 13.23, 31.58, 0.01, 14.78, 0.74);
insert into SHOT_FLAG values(4428, 'dpl');
insert into SHOT values (4429, 4516, 4521, 7170, 10.76, 350.03, 15.70, 10.76, 350.05, 15.70, 0.00, 118.09, -20.83);
insert into SHOT_FLAG values(4429, 'dpl');
insert into SHOT values (4430, 4516, 4522, 7170, 3.66, 28.73, 68.10, 3.66, 28.81, 68.00, 0.01, 53.13, -50.67);
insert into SHOT_FLAG values(4430, 'dpl');
insert into SHOT values (4431, 4516, 4523, 7170, 0.82, 249.23, 58.20, 0.81, 249.44, 58.24, 0.01, 51.02, -53.23);
insert into SHOT_FLAG values(4431, 'dpl');
insert into SHOT values (4432, 4516, 4524, 7170, 3.42, 262.63, -7.20, 3.41, 262.71, -7.23, 0.01, 42.73, -10.50);
insert into SHOT_FLAG values(4432, 'dpl');
insert into SHOT values (4433, 4516, 4525, 7170, 0.97, 256.13, -2.80, 0.97, 256.25, -2.96, 0.00, 14.26, -47.89);
insert into SHOT_FLAG values(4433, 'dpl');
insert into SHOT values (4434, 4516, 4526, 7170, 1.15, 289.33, 5.00, 1.15, 289.38, 4.99, 0.00, 51.71, -9.64);
insert into SHOT_FLAG values(4434, 'dpl');
insert into SHOT values (4435, 4516, 4527, 7170, 0.76, 342.53, -63.40, 0.76, 343.14, -63.11, 0.01, 21.91, -4.35);
insert into SHOT_FLAG values(4435, 'dpl');
insert into SHOT values (4436, 4516, 4528, 7170, 6.88, 66.23, 7.30, 6.88, 66.25, 7.26, 0.01, 100.56, -40.85);
insert into SHOT_FLAG values(4436, 'dpl');
insert into SURVEY values (7172, 6542, 'alkatraz_disto_resurvey', 'alkatraz_disto_resurvey.monatip.sistem_prima', 'alkatraz_disto_resurvey');
 insert into CENTRELINE values (7173, 7172, NULL, NULL, NULL, 0.00, 0.00, 0.00);
 insert into CENTRELINE values (7174, 7172, NULL, '2018-07-21', NULL, 0.00, 0.00, 120.38);
 insert into SHOT values (4437, 4529, 4530, 7174, 11.74, 19.63, -1.10, 11.74, 19.61, -1.07, 0.01, 328.87, 48.62);
insert into SHOT_FLAG values(4437, 'dpl');
insert into SHOT values (4438, 4529, 4531, 7174, 6.45, 8.73, 2.90, 6.45, 8.75, 2.93, 0.01, 44.33, 43.01);
insert into SHOT_FLAG values(4438, 'dpl');
insert into SHOT values (4439, 4529, 4532, 7174, 8.48, 16.13, 2.30, 8.48, 16.10, 2.30, 0.00, 273.61, -5.33);
insert into SHOT_FLAG values(4439, 'dpl');
insert into SHOT values (4440, 4529, 4533, 7174, 12.83, 24.13, 4.70, 12.83, 24.14, 4.69, 0.00, 88.86, -20.03);
insert into SHOT_FLAG values(4440, 'dpl');
insert into SHOT values (4441, 4529, 4534, 7174, 17.42, 30.43, 5.30, 17.43, 30.44, 5.30, 0.01, 61.34, 7.72);
insert into SHOT_FLAG values(4441, 'dpl');
insert into SHOT values (4442, 4529, 4535, 7174, 19.56, 36.43, 5.60, 19.57, 36.42, 5.60, 0.01, 9.24, 10.80);
insert into SHOT_FLAG values(4442, 'dpl');
insert into SHOT values (4443, 4529, 4536, 7174, 22.63, 38.73, 7.50, 22.64, 38.72, 7.51, 0.01, 32.11, 39.93);
insert into SHOT_FLAG values(4443, 'dpl');
insert into SHOT values (4444, 4529, 4537, 7174, 23.42, 40.13, 9.70, 23.42, 40.13, 9.71, 0.00, 125.12, 54.15);
insert into SHOT_FLAG values(4444, 'dpl');
insert into SHOT values (4445, 4529, 4538, 7174, 29.29, 46.33, 10.10, 29.30, 46.32, 10.10, 0.01, 26.40, 24.10);
insert into SHOT_FLAG values(4445, 'dpl');
insert into SHOT values (4446, 4529, 4539, 7174, 33.56, 54.93, 13.70, 33.57, 54.93, 13.70, 0.01, 55.72, 14.07);
insert into SHOT_FLAG values(4446, 'dpl');
insert into SHOT values (4447, 4529, 4540, 7174, 32.94, 61.13, 15.00, 32.94, 61.12, 15.01, 0.01, 339.68, 36.77);
insert into SHOT_FLAG values(4447, 'dpl');
insert into SHOT values (4448, 4529, 4541, 7174, 25.48, 66.13, 14.70, 25.49, 66.12, 14.71, 0.01, 29.34, 36.39);
insert into SHOT_FLAG values(4448, 'dpl');
insert into SHOT values (4449, 4529, 4542, 7174, 25.09, 73.83, 11.80, 25.09, 73.83, 11.80, 0.00, 120.26, -16.73);
insert into SHOT_FLAG values(4449, 'dpl');
insert into SHOT values (4450, 4529, 4543, 7174, 24.07, 81.33, 10.30, 24.07, 81.33, 10.32, 0.01, 216.85, 71.74);
insert into SHOT_FLAG values(4450, 'dpl');
insert into SHOT values (4451, 4529, 4544, 7174, 24.72, 85.13, 9.00, 24.72, 85.11, 9.01, 0.01, 25.92, 25.95);
insert into SHOT_FLAG values(4451, 'dpl');
insert into SHOT values (4452, 4529, 4545, 7174, 22.88, 93.93, 7.80, 22.89, 93.92, 7.81, 0.01, 68.06, 42.55);
insert into SHOT_FLAG values(4452, 'dpl');
insert into SHOT values (4453, 4529, 4546, 7174, 19.46, 100.03, 8.30, 19.46, 100.02, 8.30, 0.00, 317.68, 14.73);
insert into SHOT_FLAG values(4453, 'dpl');
insert into SHOT values (4454, 4529, 4547, 7174, 19.42, 108.33, 7.70, 19.42, 108.32, 7.69, 0.00, 49.30, -53.52);
insert into SHOT_FLAG values(4454, 'dpl');
insert into SHOT values (4455, 4529, 4548, 7174, 19.62, 114.03, 8.00, 19.62, 114.02, 8.00, 0.00, 83.34, -7.71);
insert into SHOT_FLAG values(4455, 'dpl');
insert into SHOT values (4456, 4529, 4549, 7174, 18.51, 119.73, 9.00, 18.51, 119.71, 9.01, 0.01, 35.27, 34.77);
insert into SHOT_FLAG values(4456, 'dpl');
insert into SHOT values (4457, 4529, 4550, 7174, 19.51, 129.73, 9.70, 19.51, 129.73, 9.71, 0.00, 314.77, 66.57);
insert into SHOT_FLAG values(4457, 'dpl');
insert into SHOT values (4458, 4529, 4551, 7174, 20.31, 140.13, 8.60, 20.31, 140.11, 8.61, 0.01, 72.75, 26.73);
insert into SHOT_FLAG values(4458, 'dpl');
insert into SHOT values (4459, 4529, 4552, 7174, 19.21, 150.13, 8.70, 19.21, 150.11, 8.71, 0.01, 15.96, 35.68);
insert into SHOT_FLAG values(4459, 'dpl');
insert into SHOT values (4460, 4529, 4553, 7174, 22.17, 165.93, 4.60, 22.16, 165.93, 4.61, 0.01, 323.20, 16.97);
insert into SHOT_FLAG values(4460, 'dpl');
insert into SHOT values (4461, 4529, 4554, 7174, 23.57, 177.63, 4.50, 23.56, 177.63, 4.50, 0.01, 334.59, 5.18);
insert into SHOT_FLAG values(4461, 'dpl');
insert into SHOT values (4462, 4529, 4555, 7174, 21.90, 185.53, 3.30, 21.90, 185.51, 3.30, 0.01, 68.64, -6.50);
insert into SHOT_FLAG values(4462, 'dpl');
insert into SHOT values (4463, 4529, 4556, 7174, 20.01, 192.23, 2.30, 20.01, 192.21, 2.29, 0.01, 83.81, -37.10);
insert into SHOT_FLAG values(4463, 'dpl');
insert into SHOT values (4464, 4529, 4557, 7174, 19.46, 200.83, 1.10, 19.46, 200.84, 1.12, 0.01, 332.67, 47.39);
insert into SHOT_FLAG values(4464, 'dpl');
insert into SHOT values (4465, 4529, 4558, 7174, 18.48, 207.53, 1.80, 18.48, 207.54, 1.80, 0.00, 270.52, -7.20);
insert into SHOT_FLAG values(4465, 'dpl');
insert into SHOT values (4466, 4529, 4559, 7174, 18.97, 212.13, 4.90, 18.96, 212.13, 4.90, 0.01, 8.47, -3.06);
insert into SHOT_FLAG values(4466, 'dpl');
insert into SHOT values (4467, 4529, 4560, 7174, 10.96, 237.83, 7.30, 10.96, 237.82, 7.29, 0.00, 124.03, -51.88);
insert into SHOT_FLAG values(4467, 'dpl');
insert into SHOT values (4468, 4529, 4561, 7174, 9.91, 247.03, 13.30, 9.91, 247.05, 13.30, 0.00, 349.83, 2.72);
insert into SHOT_FLAG values(4468, 'dpl');
insert into SHOT values (4469, 4529, 4562, 7174, 7.93, 255.63, 13.40, 7.93, 255.66, 13.42, 0.01, 27.39, 21.45);
insert into SHOT_FLAG values(4469, 'dpl');
insert into SHOT values (4470, 4529, 4563, 7174, 7.38, 264.03, 15.90, 7.38, 264.02, 15.88, 0.00, 215.28, -49.49);
insert into SHOT_FLAG values(4470, 'dpl');
insert into SHOT values (4471, 4529, 4564, 7174, 6.93, 273.93, 19.10, 6.93, 273.94, 19.13, 0.00, 62.02, 33.88);
insert into SHOT_FLAG values(4471, 'dpl');
insert into SHOT values (4472, 4529, 4565, 7174, 7.16, 283.73, 21.50, 7.16, 283.72, 21.55, 0.01, 113.66, 73.91);
insert into SHOT_FLAG values(4472, 'dpl');
insert into SHOT values (4473, 4529, 4566, 7174, 8.59, 303.63, 27.20, 8.59, 303.63, 27.23, 0.00, 115.95, 61.99);
insert into SHOT_FLAG values(4473, 'dpl');
insert into SHOT values (4474, 4529, 4567, 7174, 11.83, 325.53, 31.30, 11.84, 325.56, 31.30, 0.01, 13.17, 29.79);
insert into SHOT_FLAG values(4474, 'dpl');
insert into SHOT values (4475, 4529, 4568, 7174, 11.57, 336.03, 32.60, 11.58, 336.04, 32.62, 0.01, 8.04, 59.60);
insert into SHOT_FLAG values(4475, 'dpl');
insert into SHOT values (4476, 4529, 4569, 7174, 8.85, 344.63, 32.00, 8.85, 344.63, 31.99, 0.00, 356.64, 3.66);
insert into SHOT_FLAG values(4476, 'dpl');
insert into SHOT values (4477, 4529, 4570, 7174, 11.48, 0.43, 34.10, 11.49, 0.42, 34.10, 0.01, 351.18, 42.76);
insert into SHOT_FLAG values(4477, 'dpl');
insert into SHOT values (4478, 4529, 4571, 7174, 9.08, 8.33, 30.40, 9.08, 8.37, 30.42, 0.01, 81.28, 40.80);
insert into SHOT_FLAG values(4478, 'dpl');
insert into SHOT values (4479, 4529, 4572, 7174, 8.73, 13.83, 20.40, 8.73, 13.85, 20.37, 0.01, 45.20, -24.93);
insert into SHOT_FLAG values(4479, 'dpl');
insert into SHOT values (4480, 4529, 4573, 7174, 16.26, 48.03, 2.50, 16.27, 48.02, 2.50, 0.01, 28.27, 6.57);
insert into SHOT_FLAG values(4480, 'dpl');
insert into SHOT values (4481, 4529, 4574, 7174, 21.65, 46.93, 10.50, 21.65, 46.92, 10.51, 0.00, 4.76, 68.30);
insert into SHOT_FLAG values(4481, 'dpl');
insert into SHOT values (4482, 4529, 4575, 7174, 36.69, 46.23, 17.60, 36.69, 46.22, 17.61, 0.01, 333.21, 45.35);
insert into SHOT_FLAG values(4482, 'dpl');
insert into SHOT values (4483, 4529, 4576, 7174, 31.37, 44.13, 28.40, 31.37, 44.12, 28.40, 0.00, 313.99, -5.84);
insert into SHOT_FLAG values(4483, 'dpl');
insert into SHOT values (4484, 4529, 4577, 7174, 33.10, 41.93, 35.60, 33.10, 41.91, 35.60, 0.01, 334.74, 14.71);
insert into SHOT_FLAG values(4484, 'dpl');
insert into SHOT values (4485, 4529, 4578, 7174, 36.72, 43.53, 41.60, 36.72, 43.52, 41.60, 0.00, 300.38, 42.79);
insert into SHOT_FLAG values(4485, 'dpl');
insert into SHOT values (4486, 4529, 4579, 7174, 42.61, 67.53, 66.10, 42.61, 67.52, 66.10, 0.00, 293.95, 59.24);
insert into SHOT_FLAG values(4486, 'dpl');
insert into SHOT values (4487, 4529, 4580, 7174, 27.76, 66.13, 68.30, 27.76, 66.11, 68.29, 0.01, 35.17, -21.04);
insert into SHOT_FLAG values(4487, 'dpl');
insert into SHOT values (4488, 4529, 4581, 7174, 24.48, 74.53, 72.00, 24.48, 74.51, 72.00, 0.00, 342.95, -46.49);
insert into SHOT_FLAG values(4488, 'dpl');
insert into SHOT values (4489, 4529, 4582, 7174, 23.94, 81.93, 74.20, 23.94, 81.88, 74.21, 0.01, 319.74, 37.64);
insert into SHOT_FLAG values(4489, 'dpl');
insert into SHOT values (4490, 4529, 4583, 7174, 23.49, 90.43, 75.70, 23.49, 90.40, 75.70, 0.00, 329.34, -31.04);
insert into SHOT_FLAG values(4490, 'dpl');
insert into SHOT values (4491, 4529, 4584, 7174, 23.20, 102.93, 76.40, 23.20, 102.92, 76.39, 0.00, 84.41, 9.71);
insert into SHOT_FLAG values(4491, 'dpl');
insert into SHOT values (4492, 4529, 4585, 7174, 23.14, 112.53, 77.70, 23.14, 112.56, 77.71, 0.00, 246.35, 17.26);
insert into SHOT_FLAG values(4492, 'dpl');
insert into SHOT values (4493, 4529, 4586, 7174, 23.22, 118.63, 76.00, 23.22, 118.62, 76.00, 0.00, 327.23, -10.30);
insert into SHOT_FLAG values(4493, 'dpl');
insert into SHOT values (4494, 4529, 4587, 7174, 26.45, 126.63, 75.80, 26.45, 126.61, 75.80, 0.00, 72.35, -32.32);
insert into SHOT_FLAG values(4494, 'dpl');
insert into SHOT values (4495, 4529, 4588, 7174, 26.43, 131.43, 76.90, 26.43, 131.41, 76.91, 0.00, 334.63, -29.15);
insert into SHOT_FLAG values(4495, 'dpl');
insert into SHOT values (4496, 4529, 4589, 7174, 27.58, 161.33, 78.70, 27.58, 161.33, 78.70, 0.00, 228.43, 84.22);
insert into SHOT_FLAG values(4496, 'dpl');
insert into SHOT values (4497, 4529, 4590, 7174, 23.56, 183.43, 76.30, 23.56, 183.39, 76.30, 0.00, 91.07, 5.04);
insert into SHOT_FLAG values(4497, 'dpl');
insert into SHOT values (4498, 4529, 4591, 7174, 22.49, 199.33, 73.90, 22.49, 199.31, 73.92, 0.01, 36.66, 17.22);
insert into SHOT_FLAG values(4498, 'dpl');
insert into SHOT values (4499, 4529, 4592, 7174, 21.66, 210.23, 70.70, 21.66, 210.22, 70.71, 0.01, 34.33, -21.67);
insert into SHOT_FLAG values(4499, 'dpl');
insert into SHOT values (4500, 4529, 4593, 7174, 19.91, 220.03, 66.50, 19.91, 219.99, 66.51, 0.01, 95.79, 12.70);
insert into SHOT_FLAG values(4500, 'dpl');
insert into SHOT values (4501, 4529, 4594, 7174, 18.03, 224.13, 62.90, 18.03, 224.16, 62.91, 0.01, 345.49, -5.17);
insert into SHOT_FLAG values(4501, 'dpl');
insert into SHOT values (4502, 4529, 4595, 7174, 18.15, 225.93, 59.40, 18.15, 225.97, 59.40, 0.01, 341.11, -19.42);
insert into SHOT_FLAG values(4502, 'dpl');
insert into SHOT values (4503, 4529, 4596, 7174, 19.20, 227.53, 54.10, 19.20, 227.52, 54.11, 0.01, 59.81, -31.52);
insert into SHOT_FLAG values(4503, 'dpl');
insert into SHOT values (4504, 4529, 4597, 7174, 19.31, 230.23, 48.40, 19.31, 230.22, 48.41, 0.00, 59.06, 0.27);
insert into SHOT_FLAG values(4504, 'dpl');
insert into SHOT values (4505, 4529, 4598, 7174, 18.54, 229.53, 43.00, 18.54, 229.52, 43.02, 0.01, 72.59, 50.45);
insert into SHOT_FLAG values(4505, 'dpl');
insert into SHOT values (4506, 4529, 4599, 7174, 16.22, 229.13, 36.70, 16.22, 229.12, 36.72, 0.01, 84.35, 61.29);
insert into SHOT_FLAG values(4506, 'dpl');
insert into SHOT values (4507, 4529, 4600, 7174, 16.15, 230.03, 30.20, 16.15, 230.06, 30.22, 0.01, 334.29, 37.76);
insert into SHOT_FLAG values(4507, 'dpl');
insert into SHOT values (4508, 4529, 4601, 7174, 16.00, 231.53, 22.90, 16.00, 231.53, 22.91, 0.00, 271.80, 75.50);
insert into SHOT_FLAG values(4508, 'dpl');
insert into SHOT values (4509, 4529, 4602, 7174, 17.53, 230.53, 16.20, 17.53, 230.52, 16.20, 0.00, 66.59, -8.66);
insert into SHOT_FLAG values(4509, 'dpl');
insert into SHOT values (4510, 4529, 4603, 7174, 22.25, 160.53, 8.60, 22.25, 160.51, 8.61, 0.01, 77.46, 26.18);
insert into SHOT_FLAG values(4510, 'dpl');
insert into SHOT values (4511, 4529, 4604, 7174, 21.43, 161.03, 16.00, 21.43, 161.02, 16.01, 0.00, 75.54, 54.81);
insert into SHOT_FLAG values(4511, 'dpl');
insert into SHOT values (4512, 4529, 4605, 7174, 21.08, 161.53, 22.30, 21.08, 161.53, 22.30, 0.00, 187.05, 32.42);
insert into SHOT_FLAG values(4512, 'dpl');
insert into SHOT values (4513, 4529, 4606, 7174, 21.24, 161.33, 27.20, 21.24, 161.32, 27.21, 0.01, 10.91, 10.35);
insert into SHOT_FLAG values(4513, 'dpl');
insert into SHOT values (4514, 4529, 4607, 7174, 21.77, 161.33, 32.60, 21.77, 161.33, 32.61, 0.01, 333.85, 10.48);
insert into SHOT_FLAG values(4514, 'dpl');
insert into SHOT values (4515, 4529, 4608, 7174, 22.65, 161.23, 38.50, 22.65, 161.21, 38.50, 0.01, 59.73, 0.43);
insert into SHOT_FLAG values(4515, 'dpl');
insert into SHOT values (4516, 4529, 4609, 7174, 21.60, 160.43, 44.10, 21.60, 160.41, 44.10, 0.01, 32.22, -15.92);
insert into SHOT_FLAG values(4516, 'dpl');
insert into SHOT values (4517, 4529, 4610, 7174, 24.03, 159.83, 50.40, 24.03, 159.83, 50.42, 0.01, 341.22, 29.78);
insert into SHOT_FLAG values(4517, 'dpl');
insert into SHOT values (4518, 4529, 4611, 7174, 23.75, 158.03, 56.70, 23.75, 158.02, 56.70, 0.00, 22.47, -11.01);
insert into SHOT_FLAG values(4518, 'dpl');
insert into SHOT values (4519, 4529, 4612, 7174, 23.32, 158.93, 60.70, 23.32, 158.94, 60.70, 0.01, 255.88, 41.72);
insert into SHOT_FLAG values(4519, 'dpl');
insert into SHOT values (4520, 4529, 4613, 7174, 24.27, 157.93, 65.00, 24.27, 157.89, 65.01, 0.01, 46.51, 27.87);
insert into SHOT_FLAG values(4520, 'dpl');
insert into SHOT values (4521, 4529, 4614, 7174, 23.76, 160.83, 70.30, 23.76, 160.82, 70.31, 0.01, 353.05, 7.38);
insert into SHOT_FLAG values(4521, 'dpl');
insert into SHOT values (4522, 4529, 4615, 7174, 26.79, 164.83, 76.70, 26.79, 164.83, 76.72, 0.01, 338.54, -9.47);
insert into SHOT_FLAG values(4522, 'dpl');
insert into SHOT values (4523, 4529, 4616, 7174, 22.90, 195.23, 83.40, 22.90, 195.20, 83.40, 0.00, 104.84, 53.96);
insert into SHOT_FLAG values(4523, 'dpl');
insert into SHOT values (4524, 4529, 4617, 7174, 21.36, 231.93, 82.10, 21.36, 231.92, 82.10, 0.00, 67.32, 66.11);
insert into SHOT_FLAG values(4524, 'dpl');
insert into SHOT values (4525, 4529, 4618, 7174, 19.17, 260.63, 78.90, 19.17, 260.64, 78.90, 0.00, 50.01, -37.88);
insert into SHOT_FLAG values(4525, 'dpl');
insert into SHOT values (4526, 4529, 4619, 7174, 15.09, 270.13, 73.60, 15.09, 270.13, 73.61, 0.00, 38.89, 78.11);
insert into SHOT_FLAG values(4526, 'dpl');
insert into SHOT values (4527, 4529, 4620, 7174, 12.65, 270.43, 68.70, 12.65, 270.50, 68.73, 0.01, 40.51, 28.07);
insert into SHOT_FLAG values(4527, 'dpl');
insert into SHOT values (4528, 4529, 4621, 7174, 12.11, 271.13, 64.60, 12.11, 271.21, 64.62, 0.01, 23.18, 4.03);
insert into SHOT_FLAG values(4528, 'dpl');
insert into SHOT values (4529, 4529, 4622, 7174, 11.42, 271.43, 60.70, 11.42, 271.43, 60.69, 0.00, 287.52, 17.21);
insert into SHOT_FLAG values(4529, 'dpl');
insert into SHOT values (4530, 4529, 4623, 7174, 11.08, 271.53, 55.00, 11.08, 271.53, 55.02, 0.00, 75.27, 50.99);
insert into SHOT_FLAG values(4530, 'dpl');
insert into SHOT values (4531, 4529, 4624, 7174, 10.49, 271.43, 49.20, 10.49, 271.42, 49.21, 0.00, 103.67, -20.68);
insert into SHOT_FLAG values(4531, 'dpl');
insert into SHOT values (4532, 4529, 4625, 7174, 9.77, 279.53, 43.60, 9.77, 279.52, 43.60, 0.00, 249.92, 43.42);
insert into SHOT_FLAG values(4532, 'dpl');
insert into SHOT values (4533, 4529, 4626, 7174, 9.99, 292.13, 35.70, 9.99, 292.17, 35.71, 0.01, 50.12, 3.51);
insert into SHOT_FLAG values(4533, 'dpl');
insert into SHOT values (4534, 4529, 4627, 7174, 9.84, 294.53, 29.10, 9.84, 294.54, 29.13, 0.01, 65.63, 61.91);
insert into SHOT_FLAG values(4534, 'dpl');
insert into SHOT values (4535, 4529, 4628, 7174, 9.38, 195.03, -7.60, 9.38, 195.02, -7.60, 0.00, 123.60, 47.18);
insert into SHOT_FLAG values(4535, 'dpl');
insert into SHOT values (4536, 4628, 4629, 7174, 9.37, 198.23, -6.80, 9.36, 198.24, -6.81, 0.01, 359.74, -4.34);
insert into SHOT_FLAG values(4536, 'dpl');
insert into SHOT values (4537, 4628, 4630, 7174, 16.20, 114.83, 10.60, 16.20, 114.81, 10.60, 0.01, 340.24, -0.11);
insert into SHOT_FLAG values(4537, 'dpl');
insert into SHOT values (4538, 4628, 4631, 7174, 15.98, 141.83, 11.20, 15.98, 141.81, 11.19, 0.01, 26.37, -47.37);
insert into SHOT_FLAG values(4538, 'dpl');
insert into SHOT values (4539, 4628, 4632, 7174, 14.93, 155.73, 11.50, 14.93, 155.70, 11.52, 0.01, 38.66, 21.57);
insert into SHOT_FLAG values(4539, 'dpl');
insert into SHOT values (4540, 4628, 4633, 7174, 13.53, 167.03, 12.10, 13.53, 167.02, 12.12, 0.00, 354.20, 66.43);
insert into SHOT_FLAG values(4540, 'dpl');
insert into SHOT values (4541, 4628, 4634, 7174, 11.04, 184.23, 13.80, 11.04, 184.23, 13.79, 0.00, 0.53, -57.45);
insert into SHOT_FLAG values(4541, 'dpl');
insert into SHOT values (4542, 4628, 4635, 7174, 10.07, 198.83, 16.20, 10.07, 198.83, 16.21, 0.00, 9.53, 10.98);
insert into SHOT_FLAG values(4542, 'dpl');
insert into SHOT values (4543, 4628, 4636, 7174, 10.96, 236.43, 24.60, 10.96, 236.42, 24.59, 0.00, 71.03, -40.18);
insert into SHOT_FLAG values(4543, 'dpl');
insert into SHOT values (4544, 4628, 4637, 7174, 10.80, 251.43, 29.00, 10.80, 251.41, 29.03, 0.01, 106.84, 45.07);
insert into SHOT_FLAG values(4544, 'dpl');
insert into SHOT values (4545, 4628, 4638, 7174, 11.68, 265.33, 29.20, 11.68, 265.33, 29.21, 0.00, 64.92, 41.84);
insert into SHOT_FLAG values(4545, 'dpl');
insert into SHOT values (4546, 4628, 4639, 7174, 11.41, 278.43, 28.90, 11.41, 278.46, 28.93, 0.01, 11.04, 41.74);
insert into SHOT_FLAG values(4546, 'dpl');
insert into SHOT values (4547, 4628, 4640, 7174, 10.18, 285.33, 29.60, 10.18, 285.32, 29.60, 0.00, 278.56, 26.53);
insert into SHOT_FLAG values(4547, 'dpl');
insert into SHOT values (4548, 4628, 4641, 7174, 7.64, 292.73, 30.30, 7.64, 292.75, 30.35, 0.01, 68.17, 49.88);
insert into SHOT_FLAG values(4548, 'dpl');
insert into SHOT values (4549, 4628, 4642, 7174, 9.25, 306.03, 29.20, 9.25, 306.03, 29.18, 0.00, 16.91, -69.38);
insert into SHOT_FLAG values(4549, 'dpl');
insert into SHOT values (4550, 4628, 4643, 7174, 12.00, 333.63, 21.80, 12.01, 333.64, 21.80, 0.01, 356.81, 24.37);
insert into SHOT_FLAG values(4550, 'dpl');
insert into SHOT values (4551, 4628, 4644, 7174, 16.47, 348.63, 20.50, 16.48, 348.64, 20.50, 0.01, 22.27, 17.84);
insert into SHOT_FLAG values(4551, 'dpl');
insert into SHOT values (4552, 4628, 4645, 7174, 18.77, 358.63, 19.60, 18.77, 358.64, 19.61, 0.01, 56.75, 36.30);
insert into SHOT_FLAG values(4552, 'dpl');
insert into SHOT values (4553, 4628, 4646, 7174, 18.54, 12.33, 18.80, 18.55, 12.33, 18.81, 0.01, 42.90, 45.98);
insert into SHOT_FLAG values(4553, 'dpl');
insert into SHOT values (4554, 4628, 4647, 7174, 22.64, 19.93, 12.00, 22.64, 19.93, 12.01, 0.00, 80.68, 45.02);
insert into SHOT_FLAG values(4554, 'dpl');
insert into SHOT values (4555, 4628, 4648, 7174, 25.49, 24.53, 9.70, 25.49, 24.53, 9.71, 0.01, 12.53, 74.77);
insert into SHOT_FLAG values(4555, 'dpl');
insert into SHOT values (4556, 4628, 4649, 7174, 32.58, 31.13, 9.00, 32.58, 31.12, 9.01, 0.01, 314.24, 31.99);
insert into SHOT_FLAG values(4556, 'dpl');
insert into SHOT values (4557, 4628, 4650, 7174, 33.26, 34.13, 9.10, 33.27, 34.13, 9.10, 0.01, 57.03, -2.89);
insert into SHOT_FLAG values(4557, 'dpl');
insert into SHOT values (4558, 4628, 4651, 7174, 38.72, 37.93, 9.50, 38.72, 37.92, 9.50, 0.01, 338.35, -5.47);
insert into SHOT_FLAG values(4558, 'dpl');
insert into SHOT values (4559, 4628, 4652, 7174, 39.94, 43.33, 9.80, 39.94, 43.33, 9.80, 0.01, 100.26, 19.01);
insert into SHOT_FLAG values(4559, 'dpl');
insert into SHOT values (4560, 4628, 4653, 7174, 35.56, 47.43, 9.40, 35.57, 47.43, 9.40, 0.01, 45.43, 16.29);
insert into SHOT_FLAG values(4560, 'dpl');
insert into SHOT values (4561, 4628, 4654, 7174, 31.81, 58.93, 9.90, 31.81, 58.92, 9.90, 0.01, 4.48, 9.11);
insert into SHOT_FLAG values(4561, 'dpl');
insert into SHOT values (4562, 4628, 4655, 7174, 30.20, 62.33, 8.90, 30.20, 62.32, 8.90, 0.00, 310.06, -28.45);
insert into SHOT_FLAG values(4562, 'dpl');
insert into SHOT values (4563, 4628, 4656, 7174, 28.52, 67.93, 9.60, 28.52, 67.92, 9.61, 0.00, 18.61, 59.86);
insert into SHOT_FLAG values(4563, 'dpl');
insert into SHOT values (4564, 4628, 4657, 7174, 23.17, 75.03, 10.00, 23.17, 75.01, 9.99, 0.01, 323.06, -33.22);
insert into SHOT_FLAG values(4564, 'dpl');
insert into SHOT values (4565, 4628, 4658, 7174, 22.14, 79.43, 10.10, 22.14, 79.43, 10.09, 0.00, 88.79, -38.82);
insert into SHOT_FLAG values(4565, 'dpl');
insert into SHOT values (4566, 4628, 4659, 7174, 21.67, 85.23, 11.60, 21.67, 85.22, 11.61, 0.01, 310.98, 28.04);
insert into SHOT_FLAG values(4566, 'dpl');
insert into SHOT values (4567, 4628, 4660, 7174, 32.22, 34.93, 8.50, 32.22, 34.92, 8.50, 0.01, 309.78, -26.03);
insert into SHOT_FLAG values(4567, 'dpl');
insert into SHOT values (4568, 4628, 4661, 7174, 36.23, 34.43, 14.70, 36.23, 34.42, 14.69, 0.01, 333.42, -42.68);
insert into SHOT_FLAG values(4568, 'dpl');
insert into SHOT values (4569, 4628, 4662, 7174, 38.33, 34.13, 21.90, 38.33, 34.12, 21.91, 0.00, 265.67, 62.02);
insert into SHOT_FLAG values(4569, 'dpl');
insert into SHOT values (4570, 4628, 4663, 7174, 40.98, 34.93, 27.30, 40.99, 34.93, 27.30, 0.01, 26.81, 52.53);
insert into SHOT_FLAG values(4570, 'dpl');
insert into SHOT values (4571, 4628, 4664, 7174, 43.42, 35.93, 32.50, 43.43, 35.93, 32.50, 0.01, 31.92, 3.72);
insert into SHOT_FLAG values(4571, 'dpl');
insert into SHOT values (4572, 4628, 4665, 7174, 46.08, 35.83, 36.60, 46.09, 35.82, 36.60, 0.01, 328.33, 43.30);
insert into SHOT_FLAG values(4572, 'dpl');
insert into SHOT values (4573, 4628, 4666, 7174, 28.88, 48.53, 56.10, 28.88, 48.52, 56.10, 0.00, 30.33, -16.81);
insert into SHOT_FLAG values(4573, 'dpl');
insert into SHOT values (4574, 4628, 4667, 7174, 27.78, 50.33, 58.10, 27.79, 50.30, 58.10, 0.01, 7.05, 34.76);
insert into SHOT_FLAG values(4574, 'dpl');
insert into SHOT values (4575, 4628, 4668, 7174, 26.62, 52.43, 61.20, 26.62, 52.42, 61.21, 0.00, 268.55, 33.74);
insert into SHOT_FLAG values(4575, 'dpl');
insert into SHOT values (4576, 4628, 4669, 7174, 28.62, 51.43, 56.30, 28.62, 51.44, 56.29, 0.01, 104.91, -5.51);
insert into SHOT_FLAG values(4576, 'dpl');
insert into SHOT values (4577, 4628, 4670, 7174, 25.85, 52.73, 63.50, 25.86, 52.71, 63.50, 0.01, 20.53, 50.88);
insert into SHOT_FLAG values(4577, 'dpl');
insert into SHOT values (4578, 4628, 4671, 7174, 28.30, 53.33, 65.80, 28.30, 53.34, 65.79, 0.01, 77.55, -27.50);
insert into SHOT_FLAG values(4578, 'dpl');
insert into SHOT values (4579, 4628, 4672, 7174, 37.79, 60.53, 65.60, 37.79, 60.53, 65.61, 0.01, 212.23, 74.70);
insert into SHOT_FLAG values(4579, 'dpl');
insert into SHOT values (4580, 4628, 4673, 7174, 46.40, 64.23, 66.50, 46.40, 64.21, 66.50, 0.01, 345.27, -17.51);
insert into SHOT_FLAG values(4580, 'dpl');
insert into SHOT values (4581, 4628, 4674, 7174, 25.93, 69.03, 68.00, 25.93, 69.01, 68.00, 0.00, 1.05, -31.57);
insert into SHOT_FLAG values(4581, 'dpl');
insert into SHOT values (4582, 4628, 4675, 7174, 24.19, 76.53, 73.10, 24.19, 76.52, 73.10, 0.01, 45.10, 66.04);
insert into SHOT_FLAG values(4582, 'dpl');
insert into SHOT values (4583, 4628, 4676, 7174, 23.44, 79.73, 78.40, 23.44, 79.74, 78.39, 0.00, 105.87, -27.39);
insert into SHOT_FLAG values(4583, 'dpl');
insert into SHOT values (4584, 4628, 4677, 7174, 22.72, 90.53, 83.00, 22.72, 90.41, 83.00, 0.01, 12.97, -6.67);
insert into SHOT_FLAG values(4584, 'dpl');
insert into SHOT values (4585, 4628, 4678, 7174, 20.73, 108.03, 84.80, 20.74, 107.95, 84.79, 0.01, 67.80, 55.34);
insert into SHOT_FLAG values(4585, 'dpl');
insert into SHOT values (4586, 4628, 4679, 7174, 18.06, 215.93, 75.80, 18.06, 215.99, 75.82, 0.01, 355.37, 13.54);
insert into SHOT_FLAG values(4586, 'dpl');
insert into SHOT values (4587, 4628, 4680, 7174, 16.78, 212.53, 67.00, 16.78, 212.52, 67.04, 0.01, 33.12, 22.15);
insert into SHOT_FLAG values(4587, 'dpl');
insert into SHOT values (4588, 4628, 4681, 7174, 13.63, 214.73, 61.10, 13.63, 214.73, 61.11, 0.01, 31.24, -29.57);
insert into SHOT_FLAG values(4588, 'dpl');
insert into SHOT values (4589, 4628, 4682, 7174, 13.10, 218.13, 53.90, 13.10, 218.10, 53.93, 0.01, 71.33, 43.59);
insert into SHOT_FLAG values(4589, 'dpl');
insert into SHOT values (4590, 4628, 4683, 7174, 11.86, 219.53, 47.40, 11.86, 219.54, 47.40, 0.00, 336.05, -2.76);
insert into SHOT_FLAG values(4590, 'dpl');
insert into SHOT values (4591, 4628, 4684, 7174, 10.60, 222.33, 40.30, 10.60, 222.34, 40.34, 0.01, 26.85, 27.38);
insert into SHOT_FLAG values(4591, 'dpl');
insert into SHOT values (4592, 4628, 4685, 7174, 10.64, 219.43, 29.50, 10.64, 219.43, 29.51, 0.00, 19.78, 9.86);
insert into SHOT_FLAG values(4592, 'dpl');
insert into SHOT values (4593, 4628, 4686, 7174, 10.58, 222.13, 23.40, 10.58, 222.12, 23.40, 0.00, 62.65, -28.56);
insert into SHOT_FLAG values(4593, 'dpl');
insert into SHOT values (4594, 4529, 4687, 7174, 18.62, 41.23, 5.60, 18.62, 41.22, 5.61, 0.00, 313.34, 40.80);
insert into SHOT_FLAG values(4594, 'dpl');
insert into SHOT values (4595, 4687, 4688, 7174, 1.95, 318.73, 11.80, 1.95, 318.81, 11.81, 0.01, 351.20, 12.65);
insert into SHOT_FLAG values(4595, 'dpl');
insert into SHOT values (4596, 4687, 4689, 7174, 2.58, 281.93, 6.10, 2.58, 281.92, 6.01, 0.00, 170.45, -88.27);
insert into SHOT_FLAG values(4596, 'dpl');
insert into SHOT values (4597, 4687, 4690, 7174, 5.43, 259.13, 6.50, 5.42, 259.09, 6.46, 0.01, 104.95, -28.89);
insert into SHOT_FLAG values(4597, 'dpl');
insert into SHOT values (4598, 4687, 4691, 7174, 10.13, 243.13, -1.00, 10.13, 243.11, -1.02, 0.01, 109.18, -33.40);
insert into SHOT_FLAG values(4598, 'dpl');
insert into SHOT values (4599, 4687, 4692, 7174, 12.72, 235.93, -2.70, 12.72, 235.91, -2.70, 0.00, 106.59, -9.87);
insert into SHOT_FLAG values(4599, 'dpl');
insert into SHOT values (4600, 4687, 4693, 7174, 26.52, 226.23, -3.30, 26.52, 226.21, -3.31, 0.01, 114.14, -22.26);
insert into SHOT_FLAG values(4600, 'dpl');
insert into SHOT values (4601, 4687, 4694, 7174, 31.21, 216.73, -4.00, 31.20, 216.72, -4.01, 0.01, 61.94, -18.45);
insert into SHOT_FLAG values(4601, 'dpl');
insert into SHOT values (4602, 4687, 4695, 7174, 37.26, 217.83, 1.70, 37.26, 217.82, 1.69, 0.01, 177.19, -69.03);
insert into SHOT_FLAG values(4602, 'dpl');
insert into SHOT values (4603, 4687, 4696, 7174, 37.14, 205.63, 1.10, 37.14, 205.63, 1.10, 0.00, 340.94, -76.74);
insert into SHOT_FLAG values(4603, 'dpl');
insert into SHOT values (4604, 4687, 4697, 7174, 38.26, 199.43, 1.30, 38.26, 199.43, 1.30, 0.00, 28.18, 33.00);
insert into SHOT_FLAG values(4604, 'dpl');
insert into SHOT values (4605, 4687, 4698, 7174, 38.62, 195.23, 1.00, 38.62, 195.22, 0.99, 0.00, 143.35, -68.05);
insert into SHOT_FLAG values(4605, 'dpl');
insert into SHOT values (4606, 4687, 4699, 7174, 37.28, 192.23, 0.60, 37.28, 192.22, 0.60, 0.00, 58.71, -4.57);
insert into SHOT_FLAG values(4606, 'dpl');
insert into SHOT values (4607, 4687, 4700, 7174, 32.48, 185.53, 0.90, 32.47, 185.51, 0.90, 0.01, 54.92, -1.13);
insert into SHOT_FLAG values(4607, 'dpl');
insert into SHOT values (4608, 4687, 4701, 7174, 28.55, 175.63, 3.20, 28.55, 175.61, 3.19, 0.01, 67.34, -30.20);
insert into SHOT_FLAG values(4608, 'dpl');
insert into SHOT values (4609, 4687, 4702, 7174, 22.07, 167.83, 8.30, 22.07, 167.82, 8.28, 0.01, 117.02, -49.53);
insert into SHOT_FLAG values(4609, 'dpl');
insert into SHOT values (4610, 4687, 4703, 7174, 18.27, 155.23, 6.40, 18.27, 155.21, 6.41, 0.01, 19.08, 32.39);
insert into SHOT_FLAG values(4610, 'dpl');
insert into SHOT values (4611, 4687, 4704, 7174, 18.85, 144.23, 7.20, 18.85, 144.20, 7.19, 0.01, 68.27, -17.81);
insert into SHOT_FLAG values(4611, 'dpl');
insert into SHOT values (4612, 4687, 4705, 7174, 18.21, 130.73, 7.10, 18.21, 130.71, 7.10, 0.01, 91.89, -8.04);
insert into SHOT_FLAG values(4612, 'dpl');
insert into SHOT values (4613, 4687, 4706, 7174, 12.45, 121.03, 7.80, 12.45, 121.04, 7.80, 0.00, 183.35, 8.25);
insert into SHOT_FLAG values(4613, 'dpl');
insert into SHOT values (4614, 4687, 4707, 7174, 11.85, 113.03, 7.70, 11.85, 113.01, 7.71, 0.00, 36.65, 29.00);
insert into SHOT_FLAG values(4614, 'dpl');
insert into SHOT values (4615, 4687, 4708, 7174, 11.60, 118.63, 10.80, 11.61, 118.61, 10.78, 0.01, 97.12, -23.55);
insert into SHOT_FLAG values(4615, 'dpl');
insert into SHOT values (4616, 4687, 4709, 7174, 17.17, 142.13, 2.90, 17.17, 142.13, 2.90, 0.00, 150.15, 15.81);
insert into SHOT_FLAG values(4616, 'dpl');
insert into SHOT values (4617, 4687, 4710, 7174, 18.39, 143.33, 13.60, 18.39, 143.32, 13.58, 0.01, 132.84, -36.15);
insert into SHOT_FLAG values(4617, 'dpl');
insert into SHOT values (4618, 4687, 4711, 7174, 21.42, 144.83, 25.60, 21.42, 144.82, 25.59, 0.01, 89.95, -69.12);
insert into SHOT_FLAG values(4618, 'dpl');
insert into SHOT values (4619, 4687, 4712, 7174, 25.73, 145.73, 34.10, 25.73, 145.73, 34.09, 0.01, 159.07, -52.50);
insert into SHOT_FLAG values(4619, 'dpl');
insert into SHOT values (4620, 4687, 4713, 7174, 29.46, 146.03, 40.50, 29.46, 146.03, 40.49, 0.00, 149.31, -41.83);
insert into SHOT_FLAG values(4620, 'dpl');
insert into SHOT values (4621, 4687, 4714, 7174, 33.71, 146.03, 47.70, 33.71, 146.02, 47.70, 0.01, 24.02, -32.26);
insert into SHOT_FLAG values(4621, 'dpl');
insert into SHOT values (4622, 4687, 4715, 7174, 35.61, 145.33, 50.80, 35.61, 145.31, 50.79, 0.01, 95.92, -44.72);
insert into SHOT_FLAG values(4622, 'dpl');
insert into SHOT values (4623, 4687, 4716, 7174, 37.13, 145.33, 52.90, 37.13, 145.31, 52.89, 0.01, 94.35, -27.94);
insert into SHOT_FLAG values(4623, 'dpl');
insert into SHOT values (4624, 4687, 4717, 7174, 39.62, 145.33, 55.00, 39.62, 145.32, 54.99, 0.01, 120.81, -70.36);
insert into SHOT_FLAG values(4624, 'dpl');
insert into SHOT values (4625, 4687, 4718, 7174, 44.37, 145.63, 56.10, 44.37, 145.60, 56.10, 0.01, 55.05, 13.79);
insert into SHOT_FLAG values(4625, 'dpl');
insert into SHOT values (4626, 4687, 4719, 7174, 30.74, 146.43, 59.10, 30.74, 146.42, 59.11, 0.00, 358.56, 49.45);
insert into SHOT_FLAG values(4626, 'dpl');
insert into SHOT values (4627, 4687, 4720, 7174, 31.30, 149.63, 63.30, 31.30, 149.62, 63.30, 0.00, 339.49, -35.45);
insert into SHOT_FLAG values(4627, 'dpl');
insert into SHOT values (4628, 4687, 4721, 7174, 32.42, 163.63, 69.20, 32.42, 163.60, 69.21, 0.01, 38.60, 22.29);
insert into SHOT_FLAG values(4628, 'dpl');
insert into SHOT values (4629, 4687, 4722, 7174, 38.02, 165.43, 75.50, 38.02, 165.39, 75.50, 0.01, 55.62, 10.48);
insert into SHOT_FLAG values(4629, 'dpl');
insert into SHOT values (4630, 4687, 4723, 7174, 48.93, 175.63, 85.40, 48.93, 175.61, 85.40, 0.00, 14.61, -40.56);
insert into SHOT_FLAG values(4630, 'dpl');
insert into SHOT values (4631, 4687, 4724, 7174, 37.27, 205.03, 87.30, 37.27, 204.96, 87.30, 0.00, 72.80, 26.03);
insert into SHOT_FLAG values(4631, 'dpl');
insert into SHOT values (4632, 4687, 4725, 7174, 37.26, 265.13, 88.10, 37.26, 265.35, 88.10, 0.01, 10.21, 5.49);
insert into SHOT_FLAG values(4632, 'dpl');
insert into SHOT values (4633, 4687, 4726, 7174, 10.30, 305.13, 86.20, 10.30, 305.34, 86.25, 0.01, 108.39, 16.81);
insert into SHOT_FLAG values(4633, 'dpl');
insert into SHOT values (4634, 4687, 4727, 7174, 8.08, 322.43, 76.90, 8.08, 322.57, 76.94, 0.01, 102.21, 2.28);
insert into SHOT_FLAG values(4634, 'dpl');
insert into SHOT values (4635, 4687, 4728, 7174, 5.60, 325.83, 68.10, 5.59, 325.93, 68.08, 0.01, 59.50, -57.22);
insert into SHOT_FLAG values(4635, 'dpl');
insert into SHOT values (4636, 4687, 4729, 7174, 3.68, 326.73, 61.90, 3.67, 326.77, 61.85, 0.01, 49.22, -78.23);
insert into SHOT_FLAG values(4636, 'dpl');
insert into SHOT values (4637, 4687, 4730, 7174, 17.01, 97.23, 32.20, 17.01, 97.22, 32.19, 0.00, 52.26, -80.38);
insert into SHOT_FLAG values(4637, 'dpl');
insert into SHOT values (4638, 4687, 4731, 7174, 15.66, 99.33, 32.00, 15.66, 99.31, 32.00, 0.01, 67.95, 14.92);
insert into SHOT_FLAG values(4638, 'dpl');
insert into SHOT values (4639, 4687, 4732, 7174, 14.55, 99.03, 31.60, 14.55, 99.01, 31.59, 0.01, 11.21, -43.43);
insert into SHOT_FLAG values(4639, 'dpl');
insert into SHOT values (4640, 4687, 4733, 7174, 16.83, 96.43, 31.50, 16.83, 96.44, 31.49, 0.01, 176.91, -42.25);
insert into SHOT_FLAG values(4640, 'dpl');
insert into SHOT values (4641, 4687, 4734, 7174, 17.47, 91.03, 32.10, 17.47, 91.01, 32.08, 0.01, 32.55, -31.09);
insert into SHOT_FLAG values(4641, 'dpl');
insert into SHOT values (4642, 4687, 4735, 7174, 17.89, 84.13, 32.60, 17.90, 84.14, 32.59, 0.01, 108.00, 9.79);
insert into SHOT_FLAG values(4642, 'dpl');
insert into SHOT values (4643, 4687, 4736, 7174, 18.16, 77.63, 32.60, 18.16, 77.63, 32.58, 0.01, 76.96, -31.52);
insert into SHOT_FLAG values(4643, 'dpl');
insert into SHOT values (4644, 4687, 4737, 7174, 18.30, 75.53, 33.00, 18.30, 75.51, 33.01, 0.01, 352.20, 38.03);
insert into SHOT_FLAG values(4644, 'dpl');
insert into SHOT values (4645, 4687, 4738, 7174, 18.58, 71.83, 33.00, 18.58, 71.83, 32.99, 0.00, 93.51, 7.08);
insert into SHOT_FLAG values(4645, 'dpl');
insert into SHOT values (4646, 4687, 4739, 7174, 19.07, 69.93, 33.20, 19.07, 69.92, 33.19, 0.00, 38.34, -28.52);
insert into SHOT_FLAG values(4646, 'dpl');
insert into SHOT values (4647, 4687, 4740, 7174, 22.64, 68.53, 34.00, 22.64, 68.53, 34.00, 0.00, 108.19, -1.97);
insert into SHOT_FLAG values(4647, 'dpl');
insert into SHOT values (4648, 4687, 4741, 7174, 24.18, 67.53, 33.80, 24.18, 67.53, 33.79, 0.00, 109.11, -22.20);
insert into SHOT_FLAG values(4648, 'dpl');
insert into SHOT values (4649, 4687, 4742, 7174, 27.46, 61.73, 34.50, 27.46, 61.72, 34.49, 0.00, 282.98, -82.16);
insert into SHOT_FLAG values(4649, 'dpl');
insert into SHOT values (4650, 4687, 4743, 7174, 11.15, 53.33, 35.50, 11.15, 53.33, 35.48, 0.01, 196.30, -70.98);
insert into SHOT_FLAG values(4650, 'dpl');
insert into SHOT values (4651, 4687, 4744, 7174, 9.40, 45.33, 37.20, 9.40, 45.32, 37.15, 0.01, 43.97, -21.82);
insert into SHOT_FLAG values(4651, 'dpl');
insert into SHOT values (4652, 4687, 4745, 7174, 7.72, 39.53, 37.10, 7.72, 39.53, 37.11, 0.00, 65.32, 66.00);
insert into SHOT_FLAG values(4652, 'dpl');
insert into SHOT values (4653, 4687, 4746, 7174, 19.54, 61.13, 32.40, 19.54, 61.12, 32.39, 0.00, 41.52, -0.74);
insert into SHOT_FLAG values(4653, 'dpl');
insert into SHOT values (4654, 4746, 4747, 7174, 3.47, 193.53, 4.10, 3.47, 193.52, 4.13, 0.01, 185.90, 21.23);
insert into SHOT_FLAG values(4654, 'dpl');
insert into SHOT values (4655, 4746, 4748, 7174, 3.48, 177.73, 5.80, 3.48, 177.68, 5.77, 0.00, 101.72, -32.13);
insert into SHOT_FLAG values(4655, 'dpl');
insert into SHOT values (4656, 4746, 4749, 7174, 3.57, 168.73, 7.70, 3.57, 168.75, 7.73, 0.00, 254.50, 44.11);
insert into SHOT_FLAG values(4656, 'dpl');
insert into SHOT values (4657, 4746, 4750, 7174, 7.13, 151.83, 41.70, 7.13, 151.90, 41.66, 0.01, 206.03, -21.04);
insert into SHOT_FLAG values(4657, 'dpl');
insert into SHOT values (4658, 4746, 4751, 7174, 1.65, 335.63, 37.60, 1.65, 335.59, 37.70, 0.00, 213.01, 74.48);
insert into SHOT_FLAG values(4658, 'dpl');
insert into SHOT values (4659, 4746, 4752, 7174, 2.84, 358.53, 46.50, 2.84, 358.53, 46.56, 0.00, 176.06, -0.84);
insert into SHOT_FLAG values(4659, 'dpl');
insert into SHOT values (4660, 4746, 4753, 7174, 3.95, 26.93, 54.90, 3.95, 27.02, 54.93, 0.01, 163.59, -17.81);
insert into SHOT_FLAG values(4660, 'dpl');
insert into SHOT values (4661, 4746, 4754, 7174, 4.39, 54.63, 49.30, 4.39, 54.70, 49.39, 0.01, 210.16, 12.03);
insert into SHOT_FLAG values(4661, 'dpl');
insert into SHOT values (4662, 4746, 4755, 7174, 6.75, 70.83, 45.10, 6.75, 70.88, 45.10, 0.01, 183.63, -14.75);
insert into SHOT_FLAG values(4662, 'dpl');
insert into SHOT values (4663, 4746, 4756, 7174, 4.36, 181.73, 18.50, 4.37, 181.66, 18.43, 0.01, 147.82, -22.11);
insert into SHOT_FLAG values(4663, 'dpl');
insert into SHOT values (4664, 4746, 4757, 7174, 6.12, 179.93, 42.00, 6.12, 179.87, 41.95, 0.01, 115.48, -48.14);
insert into SHOT_FLAG values(4664, 'dpl');
insert into SHOT values (4665, 4746, 4758, 7174, 7.69, 173.83, 55.30, 7.69, 173.83, 55.31, 0.00, 340.51, -42.35);
insert into SHOT_FLAG values(4665, 'dpl');
insert into SHOT values (4666, 4746, 4759, 7174, 11.02, 163.73, 67.40, 11.02, 163.70, 67.37, 0.01, 145.86, -33.33);
insert into SHOT_FLAG values(4666, 'dpl');
insert into SHOT values (4667, 4746, 4760, 7174, 15.60, 157.53, 75.20, 15.60, 157.56, 75.21, 0.00, 304.75, -31.18);
insert into SHOT_FLAG values(4667, 'dpl');
insert into SHOT values (4668, 4746, 4761, 7174, 22.94, 147.73, 83.00, 22.94, 147.84, 82.99, 0.01, 204.28, 8.23);
insert into SHOT_FLAG values(4668, 'dpl');
insert into SHOT values (4669, 4746, 4762, 7174, 7.58, 79.03, 41.40, 7.58, 79.05, 41.40, 0.00, 217.85, -42.09);
insert into SHOT_FLAG values(4669, 'dpl');
insert into SHOT values (4670, 4762, 4763, 7174, 6.00, 183.53, -1.50, 6.00, 183.53, -1.53, 0.00, 198.51, -39.26);
insert into SHOT_FLAG values(4670, 'dpl');
insert into SHOT values (4671, 4762, 4764, 7174, 6.67, 200.23, 1.00, 6.67, 200.17, 1.03, 0.01, 111.80, 30.76);
insert into SHOT_FLAG values(4671, 'dpl');
insert into SHOT values (4672, 4762, 4765, 7174, 7.82, 98.43, 13.00, 7.82, 98.45, 13.00, 0.00, 142.83, 11.30);
insert into SHOT_FLAG values(4672, 'dpl');
insert into SHOT values (4673, 4762, 4766, 7174, 7.81, 89.73, 8.40, 7.81, 89.70, 8.39, 0.00, 52.03, -10.48);
insert into SHOT_FLAG values(4673, 'dpl');
insert into SHOT values (4674, 4762, 4767, 7174, 7.26, 79.83, 11.20, 7.26, 79.81, 11.20, 0.00, 7.22, -4.01);
insert into SHOT_FLAG values(4674, 'dpl');
insert into SHOT values (4675, 4762, 4768, 7174, 6.55, 74.13, 9.40, 6.55, 74.12, 9.39, 0.01, 60.73, 2.45);
insert into SHOT_FLAG values(4675, 'dpl');
insert into SHOT values (4676, 4762, 4769, 7174, 9.17, 131.53, 43.00, 9.18, 131.56, 43.02, 0.01, 192.84, 56.84);
insert into SHOT_FLAG values(4676, 'dpl');
insert into SHOT values (4677, 4762, 4770, 7174, 7.08, 152.93, 41.90, 7.08, 152.90, 41.92, 0.00, 33.85, 32.71);
insert into SHOT_FLAG values(4677, 'dpl');
insert into SHOT values (4678, 4762, 4771, 7174, 6.16, 168.93, 41.40, 6.16, 168.88, 41.47, 0.01, 27.88, 50.26);
insert into SHOT_FLAG values(4678, 'dpl');
insert into SHOT values (4679, 4762, 4772, 7174, 1.66, 155.63, -80.80, 1.66, 155.38, -80.85, 0.00, 15.05, -36.81);
insert into SHOT_FLAG values(4679, 'dpl');
insert into SHOT values (4680, 4762, 4773, 7174, 1.22, 119.93, 77.70, 1.22, 119.48, 77.48, 0.01, 94.13, -22.72);
insert into SHOT_FLAG values(4680, 'dpl');
insert into SHOT values (4681, 4762, 4774, 7174, 6.34, 98.53, 3.80, 6.34, 98.54, 3.80, 0.00, 119.03, -2.30);
insert into SHOT_FLAG values(4681, 'dpl');
insert into SHOT values (4682, 4774, 4775, 7174, 2.31, 155.33, 17.00, 2.31, 155.41, 17.10, 0.01, 219.79, 53.45);
insert into SHOT_FLAG values(4682, 'dpl');
insert into SHOT values (4683, 4774, 4776, 7174, 1.89, 177.53, 17.50, 1.89, 177.46, 17.55, 0.00, 68.87, 35.42);
insert into SHOT_FLAG values(4683, 'dpl');
insert into SHOT values (4684, 4774, 4777, 7174, 1.85, 195.53, 17.70, 1.85, 195.45, 17.61, 0.00, 137.14, -43.71);
insert into SHOT_FLAG values(4684, 'dpl');
insert into SHOT values (4685, 4774, 4778, 7174, 2.60, 205.13, 12.70, 2.60, 205.25, 12.69, 0.01, 334.62, -12.75);
insert into SHOT_FLAG values(4685, 'dpl');
insert into SHOT values (4686, 4774, 4779, 7174, 3.33, 212.03, 8.00, 3.33, 212.10, 7.95, 0.01, 347.37, -30.41);
insert into SHOT_FLAG values(4686, 'dpl');
insert into SHOT values (4687, 4774, 4780, 7174, 6.63, 212.63, 6.10, 6.63, 212.68, 6.15, 0.01, 291.50, 41.87);
insert into SHOT_FLAG values(4687, 'dpl');
insert into SHOT values (4688, 4774, 4781, 7174, 6.85, 223.53, 7.10, 6.85, 223.51, 7.13, 0.00, 137.19, 60.32);
insert into SHOT_FLAG values(4688, 'dpl');
insert into SHOT values (4689, 4774, 4782, 7174, 7.37, 232.03, 6.80, 7.37, 232.05, 6.78, 0.00, 337.80, -39.98);
insert into SHOT_FLAG values(4689, 'dpl');
insert into SHOT values (4690, 4774, 4783, 7174, 8.38, 239.23, 5.90, 8.38, 239.25, 5.89, 0.01, 20.66, -14.79);
insert into SHOT_FLAG values(4690, 'dpl');
insert into SHOT values (4691, 4774, 4784, 7174, 12.00, 242.83, 3.00, 12.00, 242.84, 3.01, 0.00, 16.21, 33.44);
insert into SHOT_FLAG values(4691, 'dpl');
insert into SHOT values (4692, 4774, 4785, 7174, 13.76, 247.73, 1.90, 13.76, 247.74, 1.92, 0.01, 305.85, 39.16);
insert into SHOT_FLAG values(4692, 'dpl');
insert into SHOT values (4693, 4774, 4786, 7174, 14.36, 247.93, 2.40, 14.36, 247.94, 2.39, 0.00, 293.44, -15.92);
insert into SHOT_FLAG values(4693, 'dpl');
insert into SHOT values (4694, 4774, 4787, 7174, 40.80, 250.33, 2.10, 40.80, 250.33, 2.11, 0.01, 18.82, 33.80);
insert into SHOT_FLAG values(4694, 'dpl');
insert into SHOT values (4695, 4774, 4788, 7174, 21.20, 257.93, 9.10, 21.20, 257.92, 9.09, 0.00, 176.40, -67.40);
insert into SHOT_FLAG values(4695, 'dpl');
insert into SHOT values (4696, 4774, 4789, 7174, 20.94, 261.93, 12.60, 20.94, 261.93, 12.61, 0.00, 84.25, 33.59);
insert into SHOT_FLAG values(4696, 'dpl');
insert into SHOT values (4697, 4774, 4790, 7174, 20.12, 265.83, 16.40, 20.12, 265.84, 16.40, 0.00, 2.28, -8.17);
insert into SHOT_FLAG values(4697, 'dpl');
insert into SHOT values (4698, 4774, 4791, 7174, 9.31, 271.23, 12.90, 9.31, 271.26, 12.91, 0.01, 26.70, 13.21);
insert into SHOT_FLAG values(4698, 'dpl');
insert into SHOT values (4699, 4774, 4792, 7174, 6.01, 280.73, 13.00, 6.01, 280.73, 12.99, 0.00, 87.58, -28.13);
insert into SHOT_FLAG values(4699, 'dpl');
insert into SHOT values (4700, 4774, 4793, 7174, 6.23, 287.73, 12.80, 6.23, 287.72, 12.79, 0.00, 276.01, -4.34);
insert into SHOT_FLAG values(4700, 'dpl');
insert into SHOT values (4701, 4774, 4794, 7174, 5.77, 291.53, 7.50, 5.77, 291.54, 7.47, 0.00, 58.96, -58.64);
insert into SHOT_FLAG values(4701, 'dpl');
insert into SHOT values (4702, 4774, 4795, 7174, 1.85, 304.13, 10.10, 1.85, 304.04, 10.26, 0.01, 232.00, 62.48);
insert into SHOT_FLAG values(4702, 'dpl');
insert into SHOT values (4703, 4774, 4796, 7174, 0.40, 303.93, 5.50, 0.40, 303.69, 5.76, 0.00, 170.37, 36.43);
insert into SHOT_FLAG values(4703, 'dpl');
insert into SHOT values (4704, 4774, 4797, 7174, 5.94, 298.63, 6.90, 5.95, 298.65, 6.95, 0.01, 321.67, 46.02);
insert into SHOT_FLAG values(4704, 'dpl');
insert into SHOT values (4705, 4774, 4798, 7174, 4.76, 304.83, 12.70, 4.76, 304.82, 12.75, 0.00, 134.98, 53.48);
insert into SHOT_FLAG values(4705, 'dpl');
insert into SHOT values (4706, 4774, 4799, 7174, 4.09, 304.53, 9.00, 4.09, 304.52, 9.00, 0.00, 282.85, 5.50);
insert into SHOT_FLAG values(4706, 'dpl');
insert into SHOT values (4707, 4774, 4800, 7174, 3.99, 314.03, 11.50, 3.99, 314.07, 11.56, 0.01, 26.21, 56.45);
insert into SHOT_FLAG values(4707, 'dpl');
insert into SHOT values (4708, 4774, 4801, 7174, 4.44, 324.03, 11.30, 4.45, 324.05, 11.28, 0.01, 339.51, -0.01);
insert into SHOT_FLAG values(4708, 'dpl');
insert into SHOT values (4709, 4774, 4802, 7174, 5.13, 339.63, 15.90, 5.14, 339.62, 15.93, 0.01, 334.80, 40.12);
insert into SHOT_FLAG values(4709, 'dpl');
insert into SHOT values (4710, 4774, 4803, 7174, 4.59, 350.53, 22.50, 4.59, 350.49, 22.55, 0.00, 215.61, 45.69);
insert into SHOT_FLAG values(4710, 'dpl');
insert into SHOT values (4711, 4774, 4804, 7174, 4.76, 7.53, 30.70, 4.76, 7.44, 30.69, 0.01, 291.29, -1.62);
insert into SHOT_FLAG values(4711, 'dpl');
insert into SHOT values (4712, 4774, 4805, 7174, 4.00, 29.93, 40.10, 4.00, 30.00, 40.14, 0.01, 115.92, 41.28);
insert into SHOT_FLAG values(4712, 'dpl');
insert into SHOT values (4713, 4774, 4806, 7174, 3.36, 44.73, 50.10, 3.36, 44.81, 50.11, 0.00, 111.22, 33.26);
insert into SHOT_FLAG values(4713, 'dpl');
insert into SHOT values (4714, 4774, 4807, 7174, 5.11, 67.73, 56.90, 5.11, 67.66, 56.91, 0.00, 313.88, -12.84);
insert into SHOT_FLAG values(4714, 'dpl');
insert into SHOT values (4715, 4774, 4808, 7174, 0.32, 58.03, 46.40, 0.32, 57.72, 45.67, 0.00, 41.72, -22.40);
insert into SHOT_FLAG values(4715, 'dpl');
insert into SHOT values (4716, 4774, 4809, 7174, 1.99, 60.53, 56.00, 1.99, 60.45, 55.95, 0.00, 26.42, 4.46);
insert into SHOT_FLAG values(4716, 'dpl');
insert into SHOT values (4717, 4774, 4810, 7174, 4.87, 61.13, 62.40, 4.87, 61.04, 62.47, 0.01, 274.78, 35.94);
insert into SHOT_FLAG values(4717, 'dpl');
insert into SHOT values (4718, 4774, 4811, 7174, 6.12, 59.93, 71.50, 6.13, 59.74, 71.49, 0.01, 356.01, 42.27);
insert into SHOT_FLAG values(4718, 'dpl');
insert into SHOT values (4719, 4774, 4812, 7174, 7.39, 60.23, 76.20, 7.39, 60.09, 76.19, 0.01, 359.28, 35.56);
insert into SHOT_FLAG values(4719, 'dpl');
insert into SHOT values (4720, 4774, 4813, 7174, 9.11, 64.43, 78.30, 9.11, 64.40, 78.27, 0.00, 55.05, -9.30);
insert into SHOT_FLAG values(4720, 'dpl');
insert into SHOT values (4721, 4774, 4814, 7174, 24.28, 74.43, 81.80, 24.28, 74.40, 81.81, 0.01, 272.17, -16.71);
insert into SHOT_FLAG values(4721, 'dpl');
insert into SHOT values (4722, 4774, 4815, 7174, 26.29, 76.93, 84.10, 26.29, 76.94, 84.11, 0.00, 240.78, -15.23);
insert into SHOT_FLAG values(4722, 'dpl');
insert into SHOT values (4723, 4774, 4816, 7174, 27.11, 89.73, 86.30, 27.12, 89.67, 86.30, 0.01, 18.65, 75.22);
insert into SHOT_FLAG values(4723, 'dpl');
insert into SHOT values (4724, 4774, 4817, 7174, 29.09, 178.43, 87.50, 29.09, 178.65, 87.50, 0.01, 251.87, -24.34);
insert into SHOT_FLAG values(4724, 'dpl');
insert into SHOT values (4725, 4774, 4818, 7174, 31.23, 268.23, 81.60, 31.23, 268.24, 81.60, 0.01, 359.35, 76.03);
insert into SHOT_FLAG values(4725, 'dpl');
insert into SHOT values (4726, 4774, 4819, 7174, 32.28, 272.53, 76.70, 32.29, 272.55, 76.70, 0.01, 336.23, 62.60);
insert into SHOT_FLAG values(4726, 'dpl');
insert into SHOT values (4727, 4774, 4820, 7174, 32.26, 268.23, 72.20, 32.26, 268.26, 72.20, 0.01, 330.65, 35.15);
insert into SHOT_FLAG values(4727, 'dpl');
insert into SHOT values (4728, 4774, 4821, 7174, 24.16, 266.33, 68.10, 24.16, 266.31, 68.11, 0.01, 131.36, 42.35);
insert into SHOT_FLAG values(4728, 'dpl');
insert into SHOT values (4729, 4774, 4822, 7174, 20.38, 264.83, 61.50, 20.38, 264.87, 61.49, 0.01, 323.76, -1.93);
insert into SHOT_FLAG values(4729, 'dpl');
insert into SHOT values (4730, 4774, 4823, 7174, 26.50, 258.23, 52.50, 26.50, 258.23, 52.51, 0.01, 55.84, 61.60);
insert into SHOT_FLAG values(4730, 'dpl');
insert into SHOT values (4731, 4774, 4824, 7174, 37.43, 258.83, 48.00, 37.43, 258.83, 48.01, 0.01, 11.68, 47.61);
insert into SHOT_FLAG values(4731, 'dpl');
insert into SHOT values (4732, 4774, 4825, 7174, 35.54, 258.33, 43.50, 35.55, 258.34, 43.50, 0.01, 331.71, 38.70);
insert into SHOT_FLAG values(4732, 'dpl');
insert into SHOT values (4733, 4774, 4826, 7174, 33.88, 256.63, 37.70, 33.88, 256.63, 37.70, 0.00, 332.40, 63.22);
insert into SHOT_FLAG values(4733, 'dpl');
insert into SHOT values (4734, 4774, 4827, 7174, 37.21, 254.93, 29.50, 37.21, 254.93, 29.50, 0.00, 30.26, -45.49);
insert into SHOT_FLAG values(4734, 'dpl');
insert into SHOT values (4735, 4774, 4828, 7174, 30.19, 256.03, 21.50, 30.19, 256.03, 21.51, 0.01, 327.49, 54.90);
insert into SHOT_FLAG values(4735, 'dpl');
insert into SHOT values (4736, 4774, 4829, 7174, 30.83, 255.63, 15.40, 30.83, 255.62, 15.41, 0.00, 113.59, 45.91);
insert into SHOT_FLAG values(4736, 'dpl');
insert into SHOT values (4737, 4774, 4830, 7174, 33.23, 255.63, 9.00, 33.23, 255.62, 9.00, 0.00, 121.27, 22.79);
insert into SHOT_FLAG values(4737, 'dpl');
insert into SHOT values (4738, 4774, 4831, 7174, 1.38, 181.53, -9.40, 1.38, 181.68, -9.18, 0.01, 284.75, 54.28);
insert into SHOT_FLAG values(4738, 'dpl');
insert into SHOT values (4739, 4831, 4832, 7174, 1.25, 198.53, -40.00, 1.25, 198.25, -40.21, 0.01, 115.93, -54.08);
insert into SHOT_FLAG values(4739, 'dpl');
insert into SHOT values (4740, 4746, 4833, 7174, 6.00, 127.03, -1.90, 6.00, 127.00, -1.91, 0.00, 66.59, -21.86);
insert into SHOT_FLAG values(4740, 'dpl');
insert into SHOT values (4741, 4833, 4834, 7174, 50.29, 81.23, 50.60, 50.29, 81.23, 50.60, 0.00, 75.07, -14.11);
insert into SHOT_FLAG values(4741, 'dpl');
insert into SURVEY values (7176, 6542, 'well_hung', 'well_hung.monatip.sistem_prima', 'Well Hung');
 insert into CENTRELINE values (7177, 7176, NULL, NULL, NULL, 0.00, 0.00, 0.00);
 insert into SCRAPS values (7178, 7176, 'well_hung-p1', 1);
 insert into SCRAPS values (7190, 7176, 'well_hung-p2', 1);
 insert into MAPS values (7203, 7176, 'mwell_hung-p', NULL, 1, 64.980, 41.740);
 insert into MAPITEMS values (7203, 4, 7178);
 insert into MAPITEMS values (7203, 4, 7190);
 insert into CENTRELINE values (7205, 7176, NULL, '2018-07-16', '2018-07-16', 64.98, 0.00, 0.00);
 insert into TOPO values (22, 7205);
 insert into TOPO values (28, 7205);
 insert into EXPLO values (28, 7205);
 insert into SHOT values (4742, 4835, 4836, 7205, 5.65, 3.72, -3.50, 5.65, 3.76, -3.55, 0.01, 56.60, -48.80);
insert into SHOT values (4743, 4836, 4837, 7205, 5.68, 284.62, 10.50, 5.69, 284.61, 10.54, 0.01, 269.55, 39.04);
insert into SHOT values (4744, 4836, 4838, 7205, 26.42, 293.42, 79.80, 26.43, 293.39, 79.79, 0.01, 270.90, 47.20);
insert into SHOT values (4745, 4836, 4839, 7205, 28.42, 161.72, 84.10, 28.42, 161.81, 84.11, 0.01, 303.18, 4.27);
insert into SHOT values (4746, 4836, 4840, 7205, 6.47, 241.02, 0.60, 6.47, 241.06, 0.62, 0.00, 357.19, 28.29);
insert into SHOT values (4747, 4836, 4841, 7205, 0.85, 180.62, 15.20, 0.85, 180.70, 15.67, 0.01, 281.42, 81.34);
insert into SHOT values (4748, 4836, 4842, 7205, 3.60, 247.82, -49.90, 3.60, 247.97, -49.86, 0.01, 332.95, 32.22);
insert into SHOT values (4749, 4836, 4843, 7205, 3.47, 298.02, -6.80, 3.48, 297.97, -6.77, 0.01, 277.57, 5.80);
insert into SHOT values (4750, 4836, 4844, 7205, 26.47, 261.92, 86.90, 26.48, 261.98, 86.90, 0.01, 291.95, 71.38);
insert into SHOT values (4751, 4836, 4845, 7205, 25.85, 233.12, 83.20, 25.85, 233.24, 83.21, 0.01, 346.58, 14.96);
insert into SHOT values (4752, 4845, 4846, 7205, 4.78, 21.92, -27.50, 4.77, 21.90, -27.45, 0.01, 223.26, 57.82);
insert into SHOT values (4753, 4845, 4847, 7205, 1.63, 114.42, 51.10, 1.63, 114.81, 51.10, 0.01, 196.32, 11.73);
insert into SHOT values (4754, 4845, 4848, 7205, 7.53, 87.12, 44.00, 7.53, 87.14, 44.00, 0.00, 173.77, -23.57);
insert into SHOT values (4755, 4845, 4849, 7205, 1.16, 196.22, -14.10, 1.16, 196.50, -13.96, 0.01, 272.51, 24.57);
insert into SHOT values (4756, 4845, 4850, 7205, 28.91, 221.02, -88.50, 28.91, 220.76, -88.48, 0.01, 199.84, 0.55);
insert into SHOT values (4757, 4845, 4851, 7205, 8.41, 192.92, -77.80, 8.41, 192.95, -77.75, 0.01, 197.84, 0.47);
insert into SHOT values (4758, 4845, 4852, 7205, 8.70, 85.42, -63.40, 8.70, 85.43, -63.42, 0.00, 255.73, -15.08);
insert into SHOT values (4759, 4845, 4853, 7205, 3.34, 70.22, -29.80, 3.33, 70.19, -29.86, 0.01, 265.12, -0.83);
insert into SHOT values (4760, 4845, 4854, 7205, 1.48, 183.12, 70.30, 1.49, 183.43, 70.31, 0.01, 236.78, 63.10);
insert into SHOT values (4761, 4854, 4855, 7205, 0.82, 326.32, 15.30, 0.82, 326.31, 14.83, 0.01, 321.43, -70.22);
insert into SHOT values (4762, 4854, 4856, 7205, 2.90, 275.22, -2.80, 2.90, 275.16, -2.97, 0.01, 129.63, -54.93);
insert into SHOT values (4763, 4854, 4857, 7205, 1.43, 275.52, -3.30, 1.43, 275.63, -3.61, 0.01, 21.23, -70.25);
insert into SHOT values (4764, 4854, 4858, 7205, 0.93, 285.32, -3.70, 0.93, 284.93, -3.69, 0.01, 223.14, 0.12);
insert into SHOT values (4765, 4854, 4859, 7205, 3.11, 66.42, -8.20, 3.11, 66.43, -8.32, 0.01, 227.27, -74.95);
insert into SHOT values (4766, 4854, 4860, 7205, 0.63, 45.72, 30.10, 0.63, 45.74, 29.65, 0.01, 205.90, -84.62);
insert into SHOT values (4767, 4854, 4861, 7205, 5.93, 63.52, -38.10, 5.93, 63.54, -38.09, 0.00, 98.64, -18.47);
insert into SHOT values (4768, 4854, 4862, 7205, 4.45, 265.62, -2.30, 4.45, 265.61, -2.32, 0.00, 102.04, -21.82);
insert into SHOT values (4769, 4862, 4863, 7205, 0.84, 169.72, 31.70, 0.84, 170.27, 31.78, 0.01, 293.25, -9.72);
insert into SHOT values (4770, 4862, 4864, 7205, 2.16, 147.22, 0.60, 2.16, 147.26, 0.53, 0.00, 169.52, -32.88);
insert into SHOT values (4771, 4862, 4865, 7205, 0.78, 131.22, -7.60, 0.78, 131.33, -8.11, 0.01, 252.03, -76.90);
insert into SHOT values (4772, 4862, 4866, 7205, 1.38, 78.42, -70.60, 1.38, 78.69, -70.56, 0.00, 154.60, 36.90);
insert into SHOT values (4773, 4862, 4867, 7205, 0.69, 54.12, 9.20, 0.69, 53.97, 9.19, 0.00, 293.76, -8.68);
insert into SHOT values (4774, 4862, 4868, 7205, 0.49, 58.72, 30.70, 0.49, 58.57, 30.65, 0.00, 355.52, -7.46);
insert into SHOT values (4775, 4862, 4869, 7205, 1.79, 95.12, -5.30, 1.79, 95.17, -5.46, 0.01, 261.14, -41.37);
insert into SHOT values (4776, 4862, 4870, 7205, 1.51, 67.52, -13.10, 1.51, 67.62, -13.02, 0.00, 155.75, 42.36);
insert into SHOT values (4777, 4862, 4871, 7205, 4.61, 143.22, 2.50, 4.61, 143.30, 2.49, 0.01, 262.35, -8.36);
insert into SHOT values (4778, 4871, 4872, 7205, 0.98, 69.12, 50.70, 0.98, 69.23, 50.78, 0.00, 178.36, 54.00);
insert into SHOT values (4779, 4871, 4873, 7205, 0.29, 65.62, -0.50, 0.30, 66.04, 0.00, 0.01, 86.92, 23.32);
insert into SHOT values (4780, 4871, 4874, 7205, 0.95, 98.92, -7.60, 0.95, 99.16, -7.86, 0.01, 183.73, -47.92);
insert into SHOT values (4781, 4871, 4875, 7205, 0.82, 103.12, -52.90, 0.83, 102.65, -52.73, 0.01, 74.42, -34.80);
insert into SHOT values (4782, 4871, 4876, 7205, 1.50, 111.52, -36.30, 1.50, 111.27, -36.28, 0.01, 56.86, -17.04);
insert into SHOT values (4783, 4871, 4877, 7205, 2.00, 316.42, -25.30, 2.00, 316.57, -25.49, 0.01, 89.51, -39.56);
insert into SHOT values (4784, 4871, 4878, 7205, 1.07, 115.52, -47.00, 1.07, 115.16, -46.93, 0.01, 18.46, 28.58);
insert into SHOT values (4785, 4871, 4878, 7205, 1.07, 115.42, -46.90, 1.07, 115.16, -46.93, 0.00, 355.58, 18.15);
insert into SHOT values (4786, 4871, 4879, 7205, 3.22, 115.32, -47.00, 3.23, 115.28, -47.00, 0.01, 97.68, -44.99);
insert into SHOT values (4787, 4878, 4880, 7205, 1.05, 187.32, 54.70, 1.05, 186.55, 54.16, 0.01, 138.13, -32.24);
insert into SHOT values (4788, 4878, 4881, 7205, 0.57, 214.52, 58.60, 0.57, 214.22, 57.80, 0.01, 197.59, -49.43);
insert into SHOT values (4789, 4878, 4882, 7205, 0.62, 236.92, 17.50, 0.62, 236.04, 16.95, 0.01, 143.08, -35.20);
insert into SHOT values (4790, 4878, 4883, 7205, 1.99, 291.42, 12.50, 1.99, 291.14, 12.49, 0.01, 188.34, -4.19);
insert into SHOT values (4791, 4878, 4884, 7205, 2.73, 289.22, 52.70, 2.73, 289.09, 52.74, 0.01, 156.01, -17.65);
insert into SHOT values (4792, 4878, 4885, 7205, 1.73, 280.72, -40.00, 1.73, 280.46, -40.27, 0.01, 162.27, -49.01);
insert into SHOT values (4793, 4878, 4886, 7205, 3.65, 135.82, -3.80, 3.66, 135.89, -3.92, 0.01, 165.64, -44.58);
insert into SHOT values (4794, 4886, 4887, 7205, 1.47, 238.42, 15.40, 1.47, 238.55, 15.75, 0.01, 308.84, 70.86);
insert into SHOT values (4795, 4886, 4888, 7205, 3.68, 206.02, 70.40, 3.68, 205.94, 70.42, 0.00, 113.40, 61.36);
insert into SHOT values (4796, 4886, 4889, 7205, 17.35, 131.12, 72.40, 17.35, 131.13, 72.41, 0.00, 280.12, 48.98);
insert into SHOT values (4797, 4886, 4890, 7205, 7.91, 17.82, 64.80, 7.91, 17.79, 64.79, 0.00, 346.45, 36.21);
insert into SHOT values (4798, 4886, 4891, 7205, 2.69, 50.92, 24.40, 2.70, 50.79, 24.55, 0.01, 343.14, 55.26);
insert into SHOT values (4799, 4886, 4892, 7205, 3.01, 121.32, 37.40, 3.01, 121.29, 37.47, 0.00, 319.71, 23.70);
insert into SHOT values (4800, 4886, 4893, 7205, 3.78, 352.52, 22.00, 3.79, 352.47, 22.02, 0.01, 321.57, 31.80);
insert into SHOT values (4801, 4886, 4894, 7205, 16.32, 143.42, 72.90, 16.32, 143.39, 72.91, 0.00, 7.53, 21.28);
insert into SHOT values (4802, 4894, 4895, 7205, 0.57, 348.02, 83.20, 0.57, 351.87, 82.93, 0.01, 45.18, 35.39);
insert into SHOT values (4803, 4894, 4896, 7205, 2.54, 61.22, 52.50, 2.55, 61.45, 52.53, 0.01, 132.78, 37.35);
insert into SHOT values (4804, 4894, 4897, 7205, 1.58, 54.82, 0.00, 1.58, 54.80, 0.00, 0.00, 261.46, 0.00);
insert into SHOT values (4805, 4894, 4898, 7205, 1.93, 92.12, 7.90, 1.93, 92.10, 8.04, 0.00, 336.57, 78.88);
insert into SHOT values (4806, 4894, 4899, 7205, 7.25, 347.52, -23.60, 7.25, 347.57, -23.58, 0.01, 58.12, 22.37);
insert into SHOT values (4807, 4894, 4900, 7205, 13.49, 1.12, -60.20, 13.48, 1.11, -60.20, 0.01, 207.71, 62.08);
insert into SHOT values (4808, 4894, 4901, 7205, 2.97, 15.32, -20.20, 2.97, 15.38, -20.08, 0.01, 62.24, 55.46);
insert into SHOT values (4809, 4894, 4902, 7205, 0.42, 153.62, 6.80, 0.42, 154.06, 11.00, 0.03, 304.53, 78.05);
insert into SHOT values (4810, 4894, 4902, 7205, 0.41, 153.42, 14.00, 0.42, 154.06, 11.00, 0.02, 171.91, -53.20);
insert into STATION values (1, '2', 28, 404214.22, 5122575.81, 1572.50);
insert into STATION values (2, '1', 28, 404214.09, 5122573.23, 1570.11);
insert into STATION values (3, '3', 28, 404214.63, 5122582.29, 1575.12);
insert into STATION values (4, '4', 28, 404213.64, 5122580.85, 1576.80);
insert into STATION values (5, '5', 28, 404214.21, 5122583.58, 1579.31);
insert into STATION values (6, '6', 28, 404215.14, 5122587.65, 1579.32);
insert into STATION values (7, '7', 28, 404219.36, 5122594.62, 1578.64);
insert into STATION values (8, '8', 28, 404221.14, 5122597.08, 1577.53);
insert into STATION values (9, '9', 28, 404220.88, 5122600.93, 1579.40);
insert into STATION values (10, '10', 28, 404223.14, 5122608.19, 1582.50);
insert into STATION values (11, '11', 28, 404223.57, 5122611.29, 1582.40);
insert into STATION values (12, '12', 28, 404227.03, 5122610.61, 1577.82);
insert into STATION values (13, '13', 28, 404230.96, 5122608.17, 1579.12);
insert into STATION values (14, '14', 28, 404230.89, 5122608.19, 1583.74);
insert into STATION values (15, '15', 28, 404231.83, 5122610.55, 1584.38);
insert into STATION values (16, '16', 28, 404234.01, 5122610.51, 1585.39);
insert into STATION values (17, '17', 28, 404233.34, 5122604.58, 1584.88);
insert into STATION values (18, '18', 28, 404233.29, 5122604.60, 1587.64);
insert into STATION values (19, '19', 28, 404233.48, 5122606.87, 1588.21);
insert into STATION values (20, '20', 28, 404233.42, 5122606.89, 1591.27);
insert into STATION values (21, '21', 28, 404231.12, 5122608.29, 1590.27);
insert into STATION values (22, '22', 28, 404234.38, 5122610.16, 1589.54);
insert into STATION values (23, '23', 28, 404234.32, 5122613.27, 1589.28);
insert into STATION values (24, '24', 28, 404239.50, 5122611.55, 1589.30);
insert into STATION values (25, '25', 28, 404244.78, 5122612.73, 1586.29);
insert into STATION values (26, '26', 28, 404242.97, 5122620.33, 1587.12);
insert into STATION values (27, '27', 28, 404240.49, 5122623.20, 1585.81);
insert into STATION values (28, '28', 28, 404241.41, 5122626.92, 1584.55);
insert into STATION values (29, '29', 28, 404239.94, 5122628.40, 1587.52);
insert into STATION values (30, '30', 28, 404234.31, 5122642.67, 1591.42);
insert into STATION values (31, '31', 28, 404233.13, 5122640.38, 1590.45);
insert into STATION values (32, '32', 28, 404236.14, 5122635.62, 1579.90);
insert into STATION values (33, '1', 173, 404236.14, 5122635.62, 1579.90);
insert into STATION values (34, '2', 173, 404238.86, 5122640.67, 1578.80);
insert into STATION values (35, '3', 173, 404233.35, 5122650.49, 1578.70);
insert into STATION values (36, '4', 173, 404234.43, 5122653.20, 1598.91);
insert into STATION values (37, '5', 173, 404234.63, 5122657.24, 1600.48);
insert into STATION values (38, '6', 173, 404233.48, 5122659.34, 1601.33);
insert into STATION values (39, '7', 173, 404230.70, 5122658.63, 1603.38);
insert into STATION values (40, '8', 173, 404228.73, 5122660.35, 1604.01);
insert into STATION values (41, '9', 173, 404231.58, 5122663.75, 1605.63);
insert into STATION values (42, '10', 173, 404228.24, 5122658.43, 1609.51);
insert into STATION values (43, '11', 173, 404225.37, 5122661.96, 1610.13);
insert into STATION values (44, '12', 173, 404231.93, 5122669.87, 1611.18);
insert into STATION values (45, '13', 173, 404228.91, 5122678.88, 1616.57);
insert into STATION values (46, '14', 173, 404228.23, 5122683.62, 1624.06);
insert into STATION values (47, '15', 173, 404228.66, 5122691.15, 1641.11);
insert into STATION values (48, '16', 173, 404230.29, 5122693.10, 1643.98);
insert into STATION values (49, '17', 173, 404229.79, 5122693.94, 1644.07);
insert into STATION values (50, '18', 173, 404224.44, 5122697.06, 1646.55);
insert into STATION values (51, '19', 173, 404223.24, 5122699.06, 1646.20);
insert into STATION values (52, '20', 173, 404221.40, 5122703.20, 1667.48);
insert into STATION values (53, '21', 173, 404225.20, 5122706.17, 1668.96);
insert into STATION values (54, '21b', 173, 404223.70, 5122710.55, 1671.57);
insert into STATION values (55, '22', 173, 404222.87, 5122712.70, 1672.79);
insert into STATION values (56, '23', 173, 404215.03, 5122716.50, 1669.29);
insert into STATION values (57, '24', 173, 404216.90, 5122725.60, 1683.38);
insert into STATION values (58, '25', 173, 404216.71, 5122728.20, 1693.27);
insert into STATION values (59, '26', 173, 404216.60, 5122729.71, 1693.93);
insert into STATION values (60, '27', 173, 404215.47, 5122731.03, 1695.14);
insert into STATION values (61, '28', 173, 404218.04, 5122732.49, 1696.73);
insert into STATION values (62, '29', 173, 404217.98, 5122735.43, 1701.21);
insert into STATION values (63, '30', 173, 404216.23, 5122739.16, 1702.94);
insert into STATION values (64, '31', 173, 404211.91, 5122740.49, 1702.30);
insert into STATION values (65, '32', 173, 404206.82, 5122738.99, 1699.72);
insert into STATION values (66, '33', 173, 404202.42, 5122742.08, 1701.21);
insert into STATION values (67, '34', 173, 404212.16, 5122767.99, 1721.37);
insert into STATION values (68, '35', 173, 404208.25, 5122767.67, 1721.00);
insert into STATION_FLAG values(68, 'fix');
insert into STATION values (69, '1', 410, 404189.07, 5122388.12, 1448.76);
insert into STATION values (70, '2', 410, 404189.41, 5122391.29, 1490.22);
insert into STATION values (71, '3', 410, 404196.39, 5122396.77, 1499.63);
insert into STATION values (72, '4', 410, 404203.12, 5122402.49, 1499.55);
insert into STATION values (73, '5', 410, 404208.88, 5122407.16, 1499.49);
insert into STATION values (74, '6', 410, 404211.44, 5122411.90, 1503.66);
insert into STATION values (75, '7', 410, 404212.69, 5122414.62, 1506.96);
insert into STATION values (76, '8', 410, 404218.80, 5122421.16, 1509.94);
insert into STATION values (77, '9', 410, 404222.98, 5122424.61, 1509.90);
insert into STATION values (78, '10', 410, 404228.07, 5122429.83, 1508.37);
insert into STATION values (79, '11', 410, 404228.09, 5122429.99, 1515.13);
insert into STATION values (80, '12', 410, 404233.85, 5122435.54, 1518.57);
insert into STATION values (81, '13', 410, 404241.75, 5122443.35, 1520.29);
insert into STATION values (82, '14', 410, 404244.62, 5122446.78, 1521.82);
insert into STATION values (83, '15', 410, 404237.48, 5122453.13, 1524.31);
insert into STATION values (84, '16', 410, 404231.22, 5122464.14, 1521.61);
insert into STATION values (85, '17', 410, 404231.22, 5122473.99, 1525.18);
insert into STATION values (86, '18', 410, 404233.64, 5122475.95, 1526.60);
insert into STATION values (87, '19', 410, 404233.93, 5122480.10, 1526.61);
insert into STATION values (88, '20', 410, 404236.01, 5122483.59, 1526.63);
insert into STATION values (89, '21', 410, 404236.71, 5122489.60, 1526.65);
insert into STATION values (90, '22', 410, 404230.78, 5122499.35, 1531.11);
insert into STATION values (91, '23', 410, 404221.24, 5122515.53, 1528.51);
insert into STATION values (92, '24', 410, 404227.03, 5122517.53, 1543.81);
insert into STATION values (93, '25', 410, 404223.37, 5122523.04, 1546.55);
insert into STATION values (94, '26', 410, 404219.70, 5122524.21, 1550.94);
insert into STATION values (95, '27', 410, 404222.61, 5122529.55, 1553.19);
insert into STATION values (96, '28', 410, 404222.00, 5122540.42, 1553.25);
insert into STATION values (97, '29', 410, 404222.24, 5122545.27, 1555.01);
insert into STATION values (98, '30', 410, 404219.23, 5122548.48, 1557.30);
insert into STATION values (99, '31', 410, 404214.80, 5122553.19, 1564.57);
insert into STATION values (100, '32', 410, 404213.78, 5122556.20, 1567.01);
insert into STATION values (101, '33', 410, 404217.89, 5122566.09, 1567.07);
insert into STATION values (102, '34', 410, 404214.09, 5122573.23, 1570.11);
insert into STATION values (103, '1', 598, 404129.65, 5122314.75, 1287.54);
insert into STATION values (104, '2', 598, 404129.65, 5122314.75, 1300.14);
insert into STATION values (105, '3', 598, 404124.64, 5122318.89, 1311.40);
insert into STATION values (106, '4', 598, 404124.60, 5122320.04, 1335.26);
insert into STATION values (107, '5', 598, 404135.70, 5122323.24, 1351.53);
insert into STATION values (108, '6', 598, 404139.22, 5122324.93, 1351.44);
insert into STATION values (109, '7', 598, 404142.45, 5122329.86, 1369.86);
insert into STATION values (110, '8', 598, 404152.87, 5122327.84, 1370.76);
insert into STATION values (111, '9', 598, 404155.59, 5122331.37, 1373.80);
insert into STATION values (112, '10', 598, 404159.84, 5122344.22, 1391.25);
insert into STATION values (113, '11', 598, 404159.89, 5122345.01, 1410.04);
insert into STATION values (114, '12', 598, 404154.18, 5122348.84, 1415.82);
insert into STATION values (115, '13', 598, 404154.24, 5122349.92, 1437.81);
insert into STATION values (116, '14', 598, 404159.56, 5122351.37, 1437.77);
insert into STATION values (117, '15', 598, 404164.15, 5122356.73, 1437.72);
insert into STATION values (118, '16', 598, 404160.99, 5122361.50, 1440.58);
insert into STATION values (119, '17', 598, 404162.71, 5122374.67, 1441.46);
insert into STATION values (120, '18', 598, 404164.47, 5122372.09, 1443.17);
insert into STATION values (121, '19', 598, 404168.28, 5122376.50, 1447.70);
insert into STATION values (122, '20', 598, 404171.43, 5122375.54, 1450.18);
insert into STATION values (123, '21', 598, 404177.73, 5122377.90, 1448.98);
insert into STATION values (124, '22', 598, 404189.07, 5122388.12, 1448.76);
insert into STATION values (125, '1', 762, 404240.84, 5122620.42, 1561.20);
insert into STATION values (126, '2', 762, 404237.82, 5122623.64, 1565.61);
insert into STATION values (127, '3', 762, 404238.65, 5122626.81, 1570.76);
insert into STATION values (128, '4', 762, 404240.01, 5122633.05, 1577.77);
insert into STATION values (129, '5', 762, 404236.14, 5122635.62, 1579.90);
insert into STATION values (130, '1', 810, 404240.84, 5122620.42, 1561.20);
insert into STATION values (131, '2', 810, 404246.64, 5122623.43, 1564.54);
insert into STATION values (132, '3', 810, 404249.44, 5122624.14, 1564.07);
insert into STATION values (133, '4', 810, 404249.08, 5122619.62, 1561.40);
insert into STATION values (134, '5', 810, 404250.59, 5122612.76, 1559.31);
insert into STATION values (135, '6', 810, 404254.56, 5122607.58, 1558.93);
insert into STATION values (136, '7', 810, 404258.24, 5122603.79, 1558.16);
insert into STATION values (137, '8', 810, 404264.19, 5122601.94, 1560.13);
insert into STATION values (138, '9', 810, 404264.32, 5122596.81, 1558.48);
insert into STATION values (139, '10', 810, 404267.71, 5122592.62, 1558.55);
insert into STATION values (140, '11', 810, 404271.13, 5122589.46, 1559.85);
insert into STATION values (141, '12', 810, 404275.33, 5122587.07, 1559.83);
insert into STATION values (142, '1', 925, 404244.62, 5122446.78, 1521.82);
insert into STATION values (143, '2', 925, 404253.66, 5122455.01, 1524.30);
insert into STATION values (144, '3', 925, 404260.94, 5122457.86, 1524.27);
insert into STATION values (145, '4', 925, 404259.32, 5122464.91, 1524.50);
insert into STATION values (146, '5', 925, 404252.75, 5122471.88, 1523.43);
insert into STATION values (147, '6', 925, 404260.59, 5122484.71, 1525.95);
insert into STATION values (148, '7', 925, 404264.22, 5122492.04, 1523.89);
insert into STATION values (149, '8', 925, 404264.27, 5122493.20, 1523.74);
insert into STATION values (150, '9', 925, 404269.09, 5122498.36, 1528.57);
insert into STATION values (151, '10', 925, 404266.45, 5122506.57, 1530.88);
insert into STATION values (152, '11', 925, 404261.32, 5122514.14, 1531.83);
insert into STATION values (153, '12', 925, 404258.98, 5122513.33, 1531.78);
insert into STATION values (154, '13', 925, 404256.84, 5122523.90, 1534.37);
insert into STATION values (155, '14', 925, 404265.30, 5122530.44, 1540.79);
insert into STATION values (156, '15', 925, 404266.13, 5122533.18, 1545.35);
insert into STATION values (157, '16', 925, 404266.32, 5122538.74, 1546.42);
insert into STATION values (158, '17', 925, 404272.66, 5122541.61, 1548.09);
insert into STATION values (159, '18', 925, 404272.13, 5122549.69, 1552.79);
insert into STATION values (160, '19', 925, 404273.46, 5122556.41, 1553.85);
insert into STATION values (161, '20', 925, 404278.57, 5122564.73, 1556.22);
insert into STATION values (162, '21', 925, 404280.63, 5122565.69, 1556.57);
insert into STATION values (163, '22', 925, 404280.32, 5122571.53, 1556.96);
insert into STATION values (164, '23', 925, 404283.45, 5122571.53, 1557.22);
insert into STATION values (165, '24', 925, 404281.06, 5122580.66, 1557.19);
insert into STATION values (166, '25', 925, 404278.37, 5122581.88, 1558.34);
insert into STATION values (167, '26', 925, 404275.36, 5122585.52, 1558.32);
insert into STATION values (168, '27', 925, 404275.33, 5122587.07, 1559.83);
insert into STATION values (169, '28', 925, 404273.27, 5122589.59, 1559.83);
insert into STATION values (170, '29', 925, 404277.27, 5122591.31, 1558.90);
insert into STATION values (171, '30', 925, 404284.74, 5122586.34, 1556.67);
insert into STATION values (172, '31', 925, 404288.59, 5122588.97, 1557.83);
insert into STATION values (173, '32', 925, 404291.27, 5122588.12, 1558.53);
insert into STATION values (174, '33', 925, 404296.79, 5122580.35, 1556.50);
insert into STATION values (175, '1', 1105, 404221.46, 5122502.21, 1475.62);
insert into STATION values (176, '2', 1105, 404221.46, 5122502.21, 1503.22);
insert into STATION values (177, '3', 1105, 404221.89, 5122503.74, 1504.51);
insert into STATION values (178, '4', 1105, 404223.69, 5122507.50, 1507.53);
insert into STATION values (179, '5', 1105, 404226.49, 5122510.14, 1508.14);
insert into STATION values (180, '6', 1105, 404225.05, 5122514.27, 1510.67);
insert into STATION values (181, '7', 1105, 404229.76, 5122520.85, 1510.95);
insert into STATION values (182, '8', 1105, 404231.06, 5122525.81, 1514.16);
insert into STATION values (183, '9', 1105, 404239.27, 5122527.92, 1512.20);
insert into STATION values (184, '10', 1105, 404244.70, 5122532.70, 1515.50);
insert into STATION values (185, '11', 1105, 404248.72, 5122546.15, 1515.13);
insert into STATION values (186, '12', 1105, 404263.79, 5122552.95, 1515.64);
insert into STATION values (187, '13', 1105, 404274.78, 5122553.02, 1516.79);
insert into STATION values (188, '14', 1105, 404287.12, 5122554.87, 1515.93);
insert into STATION values (189, '15', 1105, 404292.25, 5122565.92, 1515.87);
insert into STATION values (190, '16', 1105, 404295.32, 5122568.20, 1518.62);
insert into STATION values (191, '17', 1105, 404299.44, 5122567.36, 1518.54);
insert into STATION values (192, '18', 1105, 404299.43, 5122566.96, 1539.84);
insert into STATION values (193, '19', 1105, 404299.52, 5122568.54, 1543.81);
insert into STATION values (194, '20', 1105, 404303.18, 5122578.39, 1544.36);
insert into STATION values (195, '21', 1105, 404303.19, 5122578.36, 1549.85);
insert into STATION values (196, '22', 1105, 404299.22, 5122577.31, 1553.84);
insert into STATION values (197, '23', 1105, 404295.09, 5122582.18, 1554.17);
insert into STATION values (198, '24', 1105, 404291.95, 5122588.56, 1556.37);
insert into STATION values (199, '25', 1105, 404286.40, 5122589.99, 1555.96);
insert into STATION values (200, '26', 1105, 404282.36, 5122587.07, 1555.69);
insert into STATION values (201, '27', 1105, 404274.89, 5122592.20, 1559.78);
insert into STATION values (202, '28', 1105, 404272.47, 5122589.40, 1559.81);
insert into STATION values (203, '29', 1105, 404275.33, 5122587.07, 1559.83);
insert into STATION values (204, '2', 1310, 404222.59, 5122712.46, 1679.43);
insert into STATION values (205, '1', 1310, 404223.70, 5122710.55, 1671.57);
insert into STATION values (206, '3', 1310, 404224.68, 5122713.31, 1684.62);
insert into STATION values (207, '4', 1310, 404230.41, 5122714.90, 1691.51);
insert into STATION values (208, '5', 1310, 404230.71, 5122717.98, 1691.75);
insert into STATION values (209, '6', 1310, 404234.03, 5122719.33, 1694.95);
insert into STATION values (210, '7', 1310, 404241.10, 5122727.83, 1701.35);
insert into STATION values (211, '7a', 1310, 404241.19, 5122728.63, 1721.54);
insert into STATION values (212, '8', 1310, 404241.25, 5122728.79, 1730.22);
insert into STATION values (213, '9', 1310, 404241.26, 5122733.04, 1738.69);
insert into STATION values (214, '10', 1310, 404238.82, 5122738.04, 1737.78);
insert into STATION values (215, '11', 1310, 404235.88, 5122743.88, 1736.66);
insert into STATION values (216, '12', 1310, 404236.97, 5122745.45, 1736.50);
insert into STATION values (217, '13', 1310, 404235.01, 5122747.89, 1736.28);
insert into STATION values (218, '14', 1310, 404225.17, 5122763.06, 1732.01);
insert into STATION values (219, '15', 1310, 404212.16, 5122767.99, 1721.37);
insert into STATION values (220, '10a', 1310, 404238.82, 5122738.04, 1726.78);
insert into STATION values (221, '10b', 1310, 404241.28, 5122729.69, 1718.08);
insert into STATION values (222, '1', 1378, 404226.45, 5122852.67, 1619.29);
insert into STATION values (223, '0', 1378, 404206.97, 5122863.35, 1639.30);
insert into STATION values (224, '2', 1378, 404216.81, 5122839.28, 1615.18);
insert into STATION values (225, '3', 1378, 404203.35, 5122832.04, 1603.24);
insert into STATION values (226, '4', 1378, 404211.28, 5122815.22, 1596.46);
insert into STATION values (227, '5', 1378, 404211.18, 5122812.96, 1590.26);
insert into STATION values (228, '6', 1378, 404211.18, 5122812.96, 1584.06);
insert into STATION values (229, '7', 1378, 404213.51, 5122809.26, 1583.60);
insert into STATION values (230, '8', 1378, 404213.92, 5122806.05, 1578.43);
insert into STATION values (231, '9', 1378, 404209.06, 5122797.55, 1575.25);
insert into STATION values (232, '10', 1378, 404209.19, 5122791.49, 1573.51);
insert into STATION values (233, '11', 1378, 404204.53, 5122779.81, 1569.18);
insert into STATION values (234, '12', 1378, 404201.31, 5122776.99, 1566.80);
insert into STATION values (235, '13', 1378, 404201.95, 5122771.15, 1566.19);
insert into STATION values (236, '14', 1378, 404205.03, 5122770.95, 1565.36);
insert into STATION values (237, '15', 1378, 404205.18, 5122767.17, 1566.66);
insert into STATION values (238, '16', 1378, 404207.55, 5122767.39, 1566.33);
insert into STATION values (239, '17', 1378, 404206.42, 5122762.80, 1564.70);
insert into STATION values (240, '18', 1378, 404207.45, 5122759.51, 1563.09);
insert into STATION values (241, '19', 1378, 404205.88, 5122756.11, 1562.43);
insert into STATION values (242, '20', 1378, 404209.52, 5122747.65, 1561.14);
insert into STATION values (243, '21', 1378, 404209.52, 5122745.58, 1565.58);
insert into STATION values (244, '22', 1378, 404210.76, 5122742.24, 1563.76);
insert into STATION values (245, '23', 1378, 404217.00, 5122739.87, 1561.34);
insert into STATION values (246, '24', 1378, 404224.68, 5122733.71, 1557.16);
insert into STATION values (247, '25', 1378, 404222.37, 5122730.73, 1556.15);
insert into STATION values (248, '26', 1378, 404219.48, 5122728.19, 1552.80);
insert into STATION values (249, '27', 1378, 404222.41, 5122727.53, 1549.58);
insert into STATION values (250, '28', 1378, 404225.24, 5122727.84, 1550.09);
insert into STATION values (251, '29', 1378, 404226.98, 5122725.93, 1548.99);
insert into STATION values (252, '30', 1378, 404228.40, 5122722.77, 1548.50);
insert into STATION values (253, '31', 1378, 404227.76, 5122720.33, 1543.55);
insert into STATION values (254, '32', 1378, 404233.36, 5122713.51, 1541.13);
insert into STATION values (255, '33', 1378, 404240.29, 5122711.18, 1542.80);
insert into STATION values (256, '34', 1378, 404246.06, 5122705.49, 1536.34);
insert into STATION values (257, '35', 1378, 404251.72, 5122698.35, 1533.84);
insert into STATION values (258, '36', 1378, 404254.95, 5122697.18, 1535.44);
insert into STATION values (259, '37', 1378, 404257.80, 5122692.80, 1535.06);
insert into STATION values (260, '38', 1378, 404257.81, 5122692.88, 1530.25);
insert into STATION values (261, '39', 1378, 404266.63, 5122685.68, 1532.24);
insert into STATION values (262, '40', 1378, 404276.79, 5122678.56, 1538.88);
insert into STATION values (263, '41', 1378, 404280.79, 5122668.78, 1539.98);
insert into STATION values (264, '42', 1378, 404280.59, 5122660.33, 1538.12);
insert into STATION values (265, '43', 1378, 404290.23, 5122658.92, 1539.29);
insert into STATION values (266, '44', 1378, 404290.10, 5122648.86, 1533.71);
insert into STATION values (267, '45', 1378, 404284.08, 5122641.09, 1530.33);
insert into STATION values (268, '46', 1378, 404278.54, 5122621.42, 1521.65);
insert into STATION values (269, '47', 1378, 404281.84, 5122614.20, 1523.82);
insert into STATION values (270, '48', 1378, 404294.85, 5122609.10, 1522.35);
insert into STATION values (271, '49', 1378, 404300.05, 5122603.74, 1517.97);
insert into STATION values (272, '50', 1378, 404310.91, 5122597.63, 1520.32);
insert into STATION values (273, '51', 1378, 404310.35, 5122587.59, 1517.12);
insert into STATION values (274, '52', 1378, 404311.00, 5122584.35, 1520.67);
insert into STATION values (275, '53', 1378, 404308.53, 5122583.45, 1522.44);
insert into STATION values (276, '54', 1378, 404303.88, 5122579.41, 1521.23);
insert into STATION values (277, '55', 1378, 404307.99, 5122573.68, 1522.41);
insert into STATION values (278, '56', 1378, 404301.33, 5122570.43, 1522.31);
insert into STATION values (279, '57', 1378, 404299.44, 5122567.36, 1518.54);
insert into STATION values (280, '1', 1632, 404143.33, 5122337.70, 1425.45);
insert into STATION values (281, '2', 1632, 404143.33, 5122337.70, 1437.95);
insert into STATION values (282, '3', 1632, 404144.68, 5122341.67, 1437.93);
insert into STATION values (283, '4', 1632, 404154.24, 5122349.92, 1437.81);
insert into STATION values (284, '1', 1675, 404129.65, 5122314.75, 1287.54);
insert into STATION values (285, '2', 1675, 404129.34, 5122308.17, 1284.62);
insert into STATION values (286, '3', 1675, 404130.74, 5122303.05, 1283.19);
insert into STATION values (287, '4', 1675, 404130.10, 5122295.37, 1274.93);
insert into STATION values (288, '5', 1675, 404129.45, 5122289.84, 1272.68);
insert into STATION values (289, '6', 1675, 404126.98, 5122282.54, 1264.97);
insert into STATION values (290, '7', 1675, 404126.98, 5122282.54, 1244.27);
insert into STATION values (291, '8', 1675, 404122.47, 5122280.02, 1241.86);
insert into STATION values (292, '9', 1675, 404116.88, 5122282.13, 1241.34);
insert into STATION values (293, '10', 1675, 404113.65, 5122281.60, 1240.94);
insert into STATION values (294, '11', 1675, 404109.21, 5122287.65, 1240.94);
insert into STATION values (295, '12', 1675, 404103.08, 5122291.90, 1232.05);
insert into STATION values (296, '13', 1675, 404103.08, 5122291.90, 1218.05);
insert into STATION values (297, '14', 1675, 404102.74, 5122297.89, 1218.05);
insert into STATION values (298, '15', 1675, 404099.65, 5122299.95, 1217.26);
insert into STATION values (299, '16', 1675, 404099.65, 5122299.95, 1189.16);
insert into STATION values (300, '2', 1781, 404089.60, 5122296.44, 1174.57);
insert into STATION values (301, '1', 1781, 404099.65, 5122299.95, 1217.26);
insert into STATION values (302, '3', 1781, 404091.60, 5122306.98, 1165.57);
insert into STATION values (303, '4', 1781, 404092.42, 5122309.14, 1164.39);
insert into STATION values (304, '5', 1781, 404094.34, 5122309.15, 1161.83);
insert into STATION values (305, '6', 1781, 404097.46, 5122310.18, 1159.54);
insert into STATION values (306, '7', 1781, 404099.53, 5122314.68, 1158.93);
insert into STATION values (307, '8', 1781, 404101.65, 5122317.85, 1155.38);
insert into STATION values (308, '9', 1781, 404101.65, 5122317.85, 1144.98);
insert into STATION values (309, 'POP1', 1844, 404307.30, 5122637.63, 1600.69);
insert into STATION values (310, 'POP2', 1844, 404307.30, 5122637.63, 1594.69);
insert into STATION values (311, 'POP3', 1844, 404306.44, 5122634.61, 1591.32);
insert into STATION values (312, 'POP4', 1844, 404303.68, 5122632.60, 1581.39);
insert into STATION values (313, 'POP5', 1844, 404302.49, 5122621.08, 1573.88);
insert into STATION values (314, 'POP6', 1844, 404301.51, 5122619.51, 1569.89);
insert into STATION values (315, 'POP7', 1844, 404297.61, 5122617.76, 1567.71);
insert into STATION values (316, 'POP8', 1844, 404290.64, 5122616.26, 1572.52);
insert into STATION values (317, 'POP9', 1844, 404285.35, 5122611.31, 1571.63);
insert into STATION values (318, 'POP14', 1844, 404285.29, 5122607.68, 1570.52);
insert into STATION values (319, 'POP15', 1844, 404281.40, 5122608.43, 1568.84);
insert into STATION values (320, 'POP16', 1844, 404279.41, 5122610.27, 1569.52);
insert into STATION values (321, 'POP17', 1844, 404279.71, 5122612.45, 1569.63);
insert into STATION values (322, 'POP18', 1844, 404277.77, 5122613.85, 1569.80);
insert into STATION values (323, 'POP19', 1844, 404283.08, 5122607.83, 1573.36);
insert into STATION values (324, 'POP20', 1844, 404280.13, 5122607.72, 1572.83);
insert into STATION values (325, 'POP21', 1844, 404277.21, 5122605.08, 1570.08);
insert into STATION values (326, 'POP22', 1844, 404273.79, 5122604.72, 1568.25);
insert into STATION values (327, 'POP23', 1844, 404275.12, 5122602.78, 1568.27);
insert into STATION values (328, 'POP24', 1844, 404275.10, 5122602.82, 1550.31);
insert into STATION values (329, 'POP25', 1844, 404274.89, 5122592.20, 1559.78);
insert into STATION values (330, 'POP10', 1844, 404285.91, 5122633.64, 1574.97);
insert into STATION values (331, 'POP11', 1844, 404282.54, 5122624.31, 1581.17);
insert into STATION values (332, 'POP12', 1844, 404281.71, 5122620.03, 1578.34);
insert into STATION values (333, 'POP13', 1844, 404274.54, 5122612.31, 1572.00);
insert into STATION values (334, 'KAK1', 1844, 404307.62, 5122573.00, 1555.13);
insert into STATION values (335, 'KAK2', 1844, 404304.80, 5122576.23, 1558.25);
insert into STATION values (336, 'KAK3', 1844, 404304.80, 5122576.23, 1548.75);
insert into STATION values (337, 'KAK4', 1844, 404300.38, 5122578.57, 1558.25);
insert into STATION values (338, 'KAK5', 1844, 404300.10, 5122577.52, 1557.74);
insert into STATION values (339, 'KAK6', 1844, 404296.81, 5122579.73, 1558.23);
insert into STATION values (340, 'KAK7', 1844, 404294.58, 5122584.94, 1557.63);
insert into STATION values (341, 'KAK8', 1844, 404290.01, 5122584.70, 1558.03);
insert into STATION values (342, 'KAK9', 1844, 404287.93, 5122588.58, 1558.03);
insert into STATION values (343, 'KAK10', 1844, 404285.37, 5122592.10, 1557.42);
insert into STATION values (344, 'KAK11', 1844, 404281.95, 5122592.69, 1558.97);
insert into STATION values (345, 'KAK12', 1844, 404278.63, 5122589.59, 1557.75);
insert into STATION values (346, 'POP22', 1933, 404273.79, 5122604.72, 1568.25);
insert into STATION values (347, 'BV2', 1933, 404272.92, 5122609.51, 1568.47);
insert into STATION values (348, 'BV3', 1933, 404274.25, 5122610.49, 1568.31);
insert into STATION values (349, 'BV4', 1933, 404274.81, 5122618.43, 1570.22);
insert into STATION values (350, 'BV5', 1933, 404278.00, 5122630.83, 1572.52);
insert into STATION values (351, 'BV6', 1933, 404284.29, 5122631.80, 1578.64);
insert into STATION values (352, 'BV7', 1933, 404292.87, 5122635.62, 1582.06);
insert into STATION values (353, 'BV8', 1933, 404299.73, 5122639.42, 1583.02);
insert into STATION values (354, 'BV9', 1933, 404302.75, 5122639.68, 1584.56);
insert into STATION values (355, 'BV10', 1933, 404304.24, 5122641.02, 1583.92);
insert into STATION values (356, 'BV11', 1933, 404304.51, 5122642.21, 1584.36);
insert into STATION values (357, 'BV12', 1933, 404307.69, 5122643.12, 1585.50);
insert into STATION values (358, 'BV13', 1933, 404306.38, 5122645.82, 1585.50);
insert into STATION values (359, 'BV14', 1933, 404304.21, 5122647.78, 1586.17);
insert into STATION values (360, 'BV15', 1933, 404304.97, 5122649.15, 1586.45);
insert into STATION values (361, 'BV16', 1933, 404306.22, 5122654.56, 1587.73);
insert into STATION values (362, 'BV17', 1933, 404305.12, 5122656.03, 1589.57);
insert into STATION values (363, 'BV18', 1933, 404304.19, 5122656.50, 1590.17);
insert into STATION values (364, 'BV19', 1933, 404301.85, 5122659.97, 1591.53);
insert into STATION values (365, 'BV20', 1933, 404302.16, 5122665.83, 1594.78);
insert into STATION values (366, 'BV21', 1933, 404304.69, 5122667.74, 1595.69);
insert into STATION values (367, 'BV22', 1933, 404305.65, 5122668.12, 1596.07);
insert into STATION values (368, 'BV23', 1933, 404309.81, 5122666.85, 1595.38);
insert into STATION values (369, 'BV24', 1933, 404313.55, 5122671.15, 1595.38);
insert into STATION values (370, 'BV25', 1933, 404313.55, 5122671.15, 1600.38);
insert into STATION values (371, 'BV26', 1933, 404314.70, 5122672.38, 1606.66);
insert into STATION values (372, 'BV27', 1933, 404315.67, 5122671.37, 1607.17);
insert into STATION values (373, 'BV28', 1933, 404316.02, 5122673.13, 1607.17);
insert into STATION values (374, 'BV29', 1933, 404317.94, 5122675.51, 1607.71);
insert into STATION values (375, 'BV30', 1933, 404320.22, 5122676.52, 1607.71);
insert into STATION values (376, 'BV31', 1933, 404322.23, 5122680.63, 1611.28);
insert into STATION values (377, 'BV32', 1933, 404322.23, 5122680.63, 1611.28);
insert into STATION values (378, '2', 2011, 404232.69, 5122718.62, 1546.36);
insert into STATION values (379, '1', 2011, 404228.40, 5122722.77, 1548.50);
insert into STATION values (380, '3', 2011, 404235.29, 5122709.60, 1552.78);
insert into STATION values (381, '4', 2011, 404244.53, 5122702.71, 1558.88);
insert into STATION values (382, '5', 2011, 404248.83, 5122702.78, 1561.39);
insert into STATION values (383, '6', 2011, 404253.92, 5122694.87, 1560.44);
insert into STATION values (384, '7', 2011, 404258.40, 5122690.53, 1561.65);
insert into STATION values (385, '8', 2011, 404267.15, 5122683.01, 1561.68);
insert into STATION values (386, '9', 2011, 404272.26, 5122682.73, 1560.97);
insert into STATION values (387, '10', 2011, 404275.18, 5122681.62, 1560.25);
insert into STATION values (388, '11', 2011, 404274.23, 5122677.85, 1559.93);
insert into STATION values (389, '12', 2011, 404276.23, 5122673.96, 1557.92);
insert into STATION values (390, '13', 2011, 404278.76, 5122671.05, 1557.93);
insert into STATION values (391, '14', 2011, 404279.89, 5122667.65, 1557.93);
insert into STATION values (392, '15', 2011, 404285.92, 5122664.55, 1555.21);
insert into STATION values (393, '16', 2011, 404285.29, 5122664.50, 1555.22);
insert into STATION values (394, '17', 2011, 404290.25, 5122659.15, 1548.78);
insert into STATION values (395, '18', 2011, 404290.23, 5122658.92, 1539.29);
insert into STATION values (396, '1', 2068, 404158.80, 5122505.77, 1453.71);
insert into STATION values (397, '2', 2068, 404159.46, 5122512.95, 1456.72);
insert into STATION values (398, '3', 2068, 404160.76, 5122517.71, 1456.33);
insert into STATION values (399, '4', 2068, 404160.08, 5122525.76, 1454.51);
insert into STATION values (400, '5', 2068, 404162.08, 5122533.05, 1454.29);
insert into STATION values (401, '6', 2068, 404169.30, 5122525.87, 1455.23);
insert into STATION values (402, '7', 2068, 404171.84, 5122532.04, 1457.61);
insert into STATION values (403, '8', 2068, 404172.09, 5122538.48, 1457.10);
insert into STATION values (404, '9', 2068, 404174.04, 5122539.81, 1458.18);
insert into STATION values (405, '10', 2068, 404174.22, 5122542.95, 1456.68);
insert into STATION values (406, '11', 2068, 404179.59, 5122542.41, 1456.83);
insert into STATION values (407, '12', 2068, 404187.70, 5122533.11, 1456.21);
insert into STATION values (408, '13', 2068, 404188.34, 5122530.81, 1456.88);
insert into STATION values (409, '14', 2068, 404190.13, 5122522.75, 1456.50);
insert into STATION values (410, '15', 2068, 404192.26, 5122517.34, 1456.45);
insert into STATION values (411, '16', 2068, 404193.65, 5122512.00, 1455.54);
insert into STATION values (412, '17', 2068, 404196.04, 5122511.47, 1455.17);
insert into STATION values (413, '18', 2068, 404198.16, 5122505.47, 1456.34);
insert into STATION values (414, '19', 2068, 404204.74, 5122493.46, 1454.90);
insert into STATION values (415, '20', 2068, 404201.58, 5122507.72, 1462.41);
insert into STATION values (416, '21', 2068, 404200.77, 5122511.93, 1466.69);
insert into STATION values (417, '22', 2068, 404209.76, 5122511.32, 1469.51);
insert into STATION values (418, '23', 2068, 404212.70, 5122508.71, 1471.92);
insert into STATION values (419, '24', 2068, 404218.49, 5122506.16, 1475.64);
insert into STATION values (420, '25', 2068, 404221.98, 5122501.92, 1474.92);
insert into STATION values (421, '26', 2068, 404221.93, 5122501.67, 1505.33);
insert into STATION values (422, '27', 2068, 404221.84, 5122503.28, 1506.80);
insert into STATION values (423, '28', 2068, 404221.95, 5122505.73, 1508.34);
insert into STATION values (424, '29', 2068, 404226.40, 5122508.12, 1510.37);
insert into STATION values (425, '30', 2068, 404225.24, 5122513.41, 1513.15);
insert into STATION values (426, '31', 2068, 404228.95, 5122518.19, 1513.36);
insert into STATION values (427, '32', 2068, 404231.85, 5122524.45, 1513.35);
insert into STATION values (428, '33', 2068, 404234.86, 5122525.05, 1514.23);
insert into STATION values (429, '34', 2068, 404239.61, 5122527.19, 1512.23);
insert into STATION values (430, '35', 2068, 404242.34, 5122532.82, 1513.67);
insert into STATION values (431, '36', 2068, 404244.65, 5122533.03, 1514.60);
insert into STATION values (432, '37', 2068, 404247.51, 5122537.83, 1514.01);
insert into STATION values (433, '38', 2068, 404249.19, 5122544.19, 1514.47);
insert into STATION values (434, '39', 2068, 404248.72, 5122546.15, 1515.13);
insert into STATION values (435, '1', 2248, 404151.69, 5122497.84, 1425.99);
insert into STATION values (436, '2', 2248, 404153.46, 5122499.10, 1428.40);
insert into STATION values (437, '3', 2248, 404152.33, 5122499.53, 1436.06);
insert into STATION values (438, '4', 2248, 404159.03, 5122504.28, 1453.86);
insert into STATION values (439, '5', 2248, 404158.80, 5122505.77, 1453.71);
insert into STATION values (440, '1', 2278, 404105.44, 5122462.21, 1395.20);
insert into STATION values (441, '2', 2278, 404109.69, 5122459.72, 1400.22);
insert into STATION values (442, '3', 2278, 404113.07, 5122463.00, 1400.71);
insert into STATION values (443, '4', 2278, 404115.70, 5122461.33, 1400.76);
insert into STATION values (444, '5', 2278, 404128.27, 5122466.60, 1390.57);
insert into STATION values (445, '6', 2278, 404131.15, 5122470.90, 1390.84);
insert into STATION values (446, '7', 2278, 404142.11, 5122475.98, 1385.97);
insert into STATION values (447, '8', 2278, 404145.54, 5122487.83, 1390.00);
insert into STATION values (448, '9', 2278, 404148.37, 5122491.76, 1404.19);
insert into STATION values (449, '10', 2278, 404149.92, 5122494.16, 1425.29);
insert into STATION values (450, '11', 2278, 404149.70, 5122496.10, 1425.43);
insert into STATION values (451, '12', 2278, 404151.69, 5122497.84, 1425.99);
insert into STATION values (452, '1', 2331, 404151.09, 5122342.02, 1371.79);
insert into STATION values (453, '2', 2331, 404150.56, 5122335.70, 1377.83);
insert into STATION values (454, '3', 2331, 404150.19, 5122334.93, 1389.24);
insert into STATION values (455, '4', 2331, 404153.13, 5122330.37, 1389.05);
insert into STATION values (456, '5', 2331, 404143.49, 5122321.13, 1385.70);
insert into STATION values (457, '6', 2331, 404136.69, 5122326.48, 1383.83);
insert into STATION values (458, '7', 2331, 404133.40, 5122347.83, 1380.28);
insert into STATION values (459, '8', 2331, 404130.86, 5122350.48, 1379.21);
insert into STATION values (460, '9', 2331, 404129.74, 5122354.01, 1377.14);
insert into STATION values (461, '10', 2331, 404129.83, 5122356.90, 1377.97);
insert into STATION values (462, '11', 2331, 404131.83, 5122358.93, 1381.62);
insert into STATION values (463, '12', 2331, 404133.72, 5122357.33, 1384.84);
insert into STATION values (464, '13', 2331, 404135.80, 5122357.38, 1385.52);
insert into STATION values (465, '14', 2331, 404136.44, 5122358.69, 1384.15);
insert into STATION values (466, '15', 2331, 404133.80, 5122362.11, 1382.56);
insert into STATION values (467, '16', 2331, 404132.21, 5122373.14, 1387.82);
insert into STATION values (468, '17', 2331, 404129.77, 5122380.91, 1388.24);
insert into STATION values (469, '18', 2331, 404127.27, 5122386.67, 1392.53);
insert into STATION values (470, '19', 2331, 404124.23, 5122399.66, 1392.75);
insert into STATION values (471, '20', 2331, 404122.93, 5122407.55, 1394.60);
insert into STATION values (472, '21', 2331, 404124.77, 5122413.27, 1395.02);
insert into STATION values (473, '22', 2331, 404121.36, 5122412.79, 1393.10);
insert into STATION values (474, '23', 2331, 404121.38, 5122412.77, 1389.57);
insert into STATION values (475, '24', 2331, 404120.61, 5122414.93, 1390.51);
insert into STATION values (476, '25', 2331, 404115.74, 5122423.92, 1389.77);
insert into STATION values (477, '26', 2331, 404115.60, 5122424.62, 1392.33);
insert into STATION values (478, '27', 2331, 404111.09, 5122438.32, 1392.57);
insert into STATION values (479, '28', 2331, 404111.10, 5122438.31, 1396.77);
insert into STATION values (480, '29', 2331, 404107.51, 5122455.18, 1397.05);
insert into STATION values (481, '30', 2331, 404105.44, 5122462.21, 1395.20);
insert into STATION values (482, '1', 2399, 404094.99, 5122492.27, 1392.86);
insert into STATION values (483, '2', 2399, 404100.76, 5122482.58, 1391.88);
insert into STATION values (484, '3', 2399, 404099.92, 5122474.94, 1389.82);
insert into STATION values (485, '4', 2399, 404098.91, 5122472.49, 1388.91);
insert into STATION values (486, '5', 2399, 404101.34, 5122468.85, 1390.33);
insert into STATION values (487, '6', 2399, 404103.05, 5122463.52, 1391.42);
insert into STATION values (488, '7', 2399, 404104.75, 5122463.06, 1392.21);
insert into STATION values (489, '8', 2399, 404104.56, 5122462.54, 1394.44);
insert into STATION values (490, '9', 2399, 404105.44, 5122462.21, 1395.20);
insert into STATION values (491, '10', 2399, 404094.99, 5122492.27, 1346.86);
insert into STATION values (492, '1', 2465, 404087.45, 5122512.60, 1334.65);
insert into STATION values (493, '2', 2465, 404083.25, 5122518.88, 1343.97);
insert into STATION values (494, '3', 2465, 404079.15, 5122529.18, 1349.62);
insert into STATION values (495, '4', 2465, 404077.52, 5122531.45, 1352.23);
insert into STATION values (496, '5', 2465, 404073.49, 5122532.03, 1353.24);
insert into STATION values (497, '6', 2465, 404071.43, 5122542.86, 1360.13);
insert into STATION values (498, '7', 2465, 404082.89, 5122508.43, 1352.35);
insert into STATION values (499, '8', 2465, 404083.09, 5122506.40, 1356.73);
insert into STATION values (500, '9', 2465, 404091.62, 5122497.79, 1366.55);
insert into STATION values (501, '10', 2465, 404093.94, 5122494.05, 1391.47);
insert into STATION values (502, '11', 2465, 404094.99, 5122492.27, 1392.86);
insert into STATION values (503, '2', 2501, 404264.60, 5122554.65, 1515.80);
insert into STATION values (504, '1', 2501, 404248.72, 5122546.15, 1515.13);
insert into STATION values (505, '3', 2501, 404273.16, 5122555.38, 1517.42);
insert into STATION values (506, '4', 2501, 404285.88, 5122557.98, 1517.26);
insert into STATION values (507, '5', 2501, 404291.12, 5122570.19, 1516.41);
insert into STATION values (508, '6', 2501, 404295.32, 5122568.20, 1518.62);
insert into STATION values (509, '1', 2505, 404299.60, 5122575.70, 1494.37);
insert into STATION values (510, '2', 2505, 404303.51, 5122574.99, 1502.88);
insert into STATION values (511, '3', 2505, 404303.18, 5122575.67, 1503.41);
insert into STATION values (512, '4', 2505, 404301.24, 5122575.30, 1504.14);
insert into STATION values (513, '5', 2505, 404298.63, 5122580.13, 1501.85);
insert into STATION values (514, '6', 2505, 404301.24, 5122583.54, 1499.44);
insert into STATION values (515, '7', 2505, 404301.06, 5122586.13, 1499.11);
insert into STATION values (516, '8', 2505, 404304.95, 5122588.73, 1498.95);
insert into STATION values (517, '9', 2505, 404300.41, 5122583.75, 1499.11);
insert into STATION values (518, '10', 2505, 404297.57, 5122582.05, 1498.81);
insert into STATION values (519, '11', 2505, 404294.20, 5122583.75, 1499.14);
insert into STATION values (520, '12', 2505, 404292.98, 5122586.22, 1499.53);
insert into STATION values (521, '13', 2505, 404293.63, 5122588.18, 1499.75);
insert into STATION values (522, '14', 2505, 404295.55, 5122588.41, 1500.33);
insert into STATION values (523, '15', 2505, 404296.10, 5122593.42, 1501.79);
insert into STATION values (524, '16', 2505, 404299.17, 5122571.32, 1506.45);
insert into STATION values (525, '17', 2505, 404294.02, 5122569.89, 1506.28);
insert into STATION values (526, '18', 2505, 404292.18, 5122572.97, 1507.22);
insert into STATION values (527, '19', 2505, 404290.60, 5122575.94, 1509.28);
insert into STATION values (528, '20', 2505, 404291.31, 5122574.87, 1512.05);
insert into STATION values (529, '21', 2505, 404290.80, 5122573.82, 1514.39);
insert into STATION values (530, '22', 2505, 404291.89, 5122570.88, 1517.99);
insert into STATION values (531, '23', 2505, 404295.32, 5122568.20, 1518.62);
insert into STATION values (532, '1', 2558, 404295.32, 5122568.20, 1518.62);
insert into STATION values (533, '2', 2558, 404302.10, 5122570.16, 1514.99);
insert into STATION values (534, '3', 2558, 404305.56, 5122568.41, 1513.86);
insert into STATION values (535, '4', 2558, 404306.56, 5122572.65, 1513.79);
insert into STATION values (536, '5', 2558, 404305.42, 5122576.58, 1513.87);
insert into STATION values (537, '6', 2558, 404308.60, 5122578.88, 1514.15);
insert into STATION values (538, '7', 2558, 404306.80, 5122583.31, 1513.83);
insert into STATION values (539, '8', 2558, 404304.53, 5122586.35, 1513.84);
insert into STATION values (540, '9', 2558, 404305.57, 5122589.92, 1513.39);
insert into STATION values (541, '10', 2558, 404308.15, 5122590.85, 1513.25);
insert into STATION values (542, '11', 2558, 404306.48, 5122592.01, 1512.97);
insert into STATION values (543, '12', 2558, 404308.94, 5122593.15, 1511.06);
insert into STATION values (544, '13', 2558, 404308.83, 5122597.47, 1507.28);
insert into STATION values (545, '14', 2558, 404301.91, 5122594.92, 1503.89);
insert into STATION values (546, '15', 2558, 404298.47, 5122592.64, 1502.64);
insert into STATION values (547, '16', 2558, 404297.20, 5122593.03, 1501.35);
insert into STATION values (548, '17', 2558, 404296.10, 5122593.42, 1501.79);
insert into STATION values (549, '1', 2605, 404264.01, 5122558.03, 1485.23);
insert into STATION values (550, '2', 2605, 404259.98, 5122560.77, 1485.74);
insert into STATION values (551, '3', 2605, 404258.02, 5122564.84, 1487.38);
insert into STATION values (552, '4', 2605, 404253.15, 5122559.84, 1487.99);
insert into STATION values (553, '5', 2605, 404248.92, 5122563.83, 1486.97);
insert into STATION values (554, '6', 2605, 404247.27, 5122562.13, 1487.38);
insert into STATION values (555, '7', 2605, 404248.90, 5122556.38, 1490.17);
insert into STATION values (556, '8', 2605, 404250.76, 5122554.56, 1491.67);
insert into STATION values (557, '9', 2605, 404254.57, 5122552.84, 1492.04);
insert into STATION values (558, '10', 2605, 404254.80, 5122550.54, 1493.22);
insert into STATION values (559, '11', 2605, 404256.99, 5122549.55, 1493.22);
insert into STATION values (560, '12', 2605, 404251.59, 5122550.43, 1506.76);
insert into STATION values (561, '13', 2605, 404253.70, 5122549.48, 1510.61);
insert into STATION values (562, '14', 2605, 404248.72, 5122546.15, 1515.13);
insert into STATION values (563, '2', 2643, 404267.12, 5122567.28, 1480.51);
insert into STATION values (564, '1', 2643, 404264.38, 5122569.52, 1479.75);
insert into STATION values (565, '3', 2643, 404266.78, 5122565.18, 1477.69);
insert into STATION values (566, '4', 2643, 404270.26, 5122563.31, 1476.85);
insert into STATION values (567, '5', 2643, 404271.14, 5122561.30, 1476.66);
insert into STATION values (568, '6', 2643, 404272.68, 5122560.51, 1475.81);
insert into STATION values (569, '7', 2643, 404272.97, 5122556.96, 1476.31);
insert into STATION values (570, '8', 2643, 404272.97, 5122556.96, 1481.91);
insert into STATION values (571, '9', 2643, 404270.28, 5122556.49, 1483.83);
insert into STATION values (572, '10', 2643, 404263.52, 5122553.09, 1483.56);
insert into STATION values (573, '12', 2643, 404263.61, 5122550.58, 1481.36);
insert into STATION values (574, '11', 2643, 404266.53, 5122554.40, 1481.44);
insert into STATION values (575, '13', 2643, 404265.29, 5122551.74, 1482.22);
insert into STATION values (576, '15', 2643, 404263.19, 5122558.21, 1485.23);
insert into STATION values (577, '16', 2643, 404264.01, 5122558.03, 1485.23);
insert into STATION values (578, '1', 2690, 404154.54, 5122370.26, 1438.43);
insert into STATION values (579, '2', 2690, 404156.27, 5122373.93, 1441.38);
insert into STATION values (580, '3', 2690, 404152.24, 5122378.45, 1442.78);
insert into STATION values (581, '4', 2690, 404148.59, 5122380.17, 1441.55);
insert into STATION values (582, '5', 2690, 404152.08, 5122380.65, 1441.85);
insert into STATION values (583, '6', 2690, 404156.51, 5122382.78, 1441.68);
insert into STATION values (584, '7', 2690, 404160.08, 5122384.42, 1444.64);
insert into STATION values (585, '8', 2690, 404161.68, 5122383.80, 1444.31);
insert into STATION values (586, '9', 2690, 404164.90, 5122387.34, 1448.93);
insert into STATION values (587, '10', 2690, 404154.81, 5122396.52, 1455.29);
insert into STATION values (588, '11', 2690, 404154.98, 5122394.47, 1454.06);
insert into STATION values (589, '12', 2690, 404141.94, 5122381.56, 1457.96);
insert into STATION values (590, '13', 2690, 404145.90, 5122381.16, 1447.87);
insert into STATION values (591, '1A', 2690, 404159.88, 5122363.11, 1440.01);
insert into STATION values (592, '1', 2741, 404092.86, 5122514.22, 1325.46);
insert into STATION values (593, '2', 2741, 404092.54, 5122509.98, 1338.53);
insert into STATION values (594, '3', 2741, 404092.02, 5122506.79, 1338.82);
insert into STATION values (595, '4', 2741, 404092.02, 5122506.79, 1342.25);
insert into STATION values (596, '5', 2741, 404093.93, 5122502.83, 1342.02);
insert into STATION values (597, '6', 2741, 404093.37, 5122495.36, 1341.36);
insert into STATION values (598, '7', 2741, 404093.37, 5122495.36, 1346.03);
insert into STATION values (599, '8', 2741, 404094.26, 5122490.64, 1346.03);
insert into STATION values (600, '9', 2741, 404094.99, 5122492.27, 1346.86);
insert into STATION values (601, '1', 2769, 404065.10, 5122554.97, 1327.47);
insert into STATION values (602, '2', 2769, 404066.76, 5122549.07, 1333.60);
insert into STATION values (603, '3', 2769, 404067.46, 5122545.37, 1336.76);
insert into STATION values (604, '4', 2769, 404070.45, 5122540.34, 1337.27);
insert into STATION values (605, '5', 2769, 404070.45, 5122540.34, 1343.03);
insert into STATION values (606, '6', 2769, 404071.27, 5122539.39, 1347.74);
insert into STATION values (607, '7', 2769, 404073.18, 5122537.17, 1349.10);
insert into STATION values (608, '8', 2769, 404072.30, 5122533.69, 1352.70);
insert into STATION values (609, '9', 2769, 404073.49, 5122532.03, 1353.24);
insert into STATION values (610, '1', 2790, 404228.73, 5122660.35, 1604.01);
insert into STATION values (611, '2', 2790, 404227.14, 5122659.12, 1603.49);
insert into STATION values (612, '3', 2790, 404226.52, 5122664.53, 1606.00);
insert into STATION values (613, '4', 2790, 404231.93, 5122670.68, 1607.61);
insert into STATION values (614, '5', 2790, 404230.06, 5122679.77, 1614.38);
insert into STATION values (615, '6', 2790, 404230.29, 5122680.87, 1622.81);
insert into STATION values (616, '7', 2790, 404226.52, 5122686.17, 1623.95);
insert into STATION values (617, '8', 2790, 404229.83, 5122692.61, 1642.14);
insert into STATION values (618, '9', 2790, 404230.72, 5122695.82, 1642.45);
insert into STATION values (619, '10', 2790, 404223.24, 5122699.06, 1646.20);
insert into STATION values (620, '11', 2790, 404224.59, 5122701.91, 1668.60);
insert into STATION values (621, '12', 2790, 404228.44, 5122708.78, 1672.78);
insert into STATION values (622, '13', 2790, 404224.50, 5122709.57, 1674.09);
insert into STATION values (623, '14', 2790, 404217.38, 5122715.39, 1671.10);
insert into STATION values (624, '1', 2809, 404151.38, 5122335.30, 1379.04);
insert into STATION values (625, '2', 2809, 404150.20, 5122338.64, 1378.92);
insert into STATION values (626, '3', 2809, 404150.18, 5122338.60, 1374.21);
insert into STATION values (627, '4', 2809, 404151.09, 5122342.02, 1371.79);
insert into STATION values (628, '5', 2809, 404150.86, 5122341.91, 1389.16);
insert into STATION values (629, '6', 2809, 404151.22, 5122343.54, 1391.69);
insert into STATION values (630, '7', 2809, 404153.36, 5122346.99, 1393.04);
insert into STATION values (631, '1', 2813, 404153.36, 5122346.99, 1393.04);
insert into STATION values (632, '2', 2813, 404157.21, 5122344.74, 1393.76);
insert into STATION values (633, '3', 2813, 404157.00, 5122344.64, 1410.48);
insert into STATION values (634, '4', 2813, 404156.95, 5122344.62, 1415.52);
insert into STATION values (635, '5', 2813, 404149.80, 5122342.86, 1416.04);
insert into STATION values (636, '6', 2813, 404150.74, 5122340.57, 1424.68);
insert into STATION values (637, '7', 2813, 404148.21, 5122333.76, 1427.01);
insert into STATION values (638, '8', 2813, 404143.47, 5122337.76, 1424.92);
insert into STATION values (639, '9', 2813, 404143.33, 5122337.70, 1437.95);
insert into STATION values (640, '10', 2813, 404144.49, 5122341.61, 1437.45);
insert into STATION values (641, '11', 2813, 404149.36, 5122344.04, 1437.50);
insert into STATION values (642, '12', 2813, 404155.84, 5122350.93, 1438.31);
insert into STATION values (643, '13', 2813, 404158.35, 5122351.25, 1438.10);
insert into STATION values (644, '14', 2813, 404160.00, 5122361.75, 1438.03);
insert into STATION values (645, '15', 2813, 404157.00, 5122361.12, 1438.31);
insert into STATION values (646, '16', 2813, 404156.02, 5122365.12, 1440.55);
insert into STATION values (647, '17', 2813, 404157.24, 5122368.37, 1440.19);
insert into STATION values (648, '18', 2813, 404154.54, 5122370.26, 1438.43);
insert into STATION values (649, '19', 2813, 404156.71, 5122372.31, 1437.96);
insert into STATION values (650, '20', 2813, 404156.68, 5122372.20, 1443.29);
insert into STATION values (651, '21', 2813, 404158.37, 5122374.17, 1443.36);
insert into STATION values (652, '22', 2813, 404162.39, 5122368.67, 1444.57);
insert into STATION values (653, '23', 2813, 404167.34, 5122372.64, 1450.16);
insert into STATION values (654, '24', 2813, 404170.17, 5122374.07, 1450.70);
insert into STATION values (655, '25', 2813, 404174.74, 5122375.32, 1449.16);
insert into STATION values (656, '26', 2813, 404176.02, 5122376.93, 1451.81);
insert into STATION values (657, '27', 2813, 404189.01, 5122382.01, 1451.50);
insert into STATION values (658, '28', 2813, 404191.70, 5122389.96, 1468.45);
insert into STATION values (659, '29', 2813, 404191.49, 5122389.19, 1489.58);
insert into STATION values (660, '30', 2813, 404197.45, 5122396.81, 1498.17);
insert into STATION values (661, '31', 2813, 404204.71, 5122402.13, 1497.27);
insert into STATION values (662, '32', 2813, 404206.82, 5122403.78, 1498.42);
insert into STATION values (663, '33', 2813, 404209.61, 5122407.05, 1499.00);
insert into STATION values (664, '34', 2813, 404209.59, 5122406.97, 1501.33);
insert into STATION values (665, '35', 2813, 404211.58, 5122408.84, 1502.67);
insert into STATION values (666, '36', 2813, 404214.24, 5122413.84, 1503.14);
insert into STATION values (667, '37', 2813, 404217.80, 5122415.32, 1503.79);
insert into STATION values (668, '38', 2813, 404217.83, 5122417.67, 1505.49);
insert into STATION values (669, '39', 2813, 404220.22, 5122418.88, 1504.77);
insert into STATION values (670, '40', 2813, 404222.44, 5122417.44, 1507.22);
insert into STATION values (671, '41', 2813, 404223.25, 5122423.13, 1510.82);
insert into STATION values (672, '42', 2813, 404227.47, 5122425.75, 1508.22);
insert into STATION values (673, '43', 2813, 404230.82, 5122432.27, 1516.90);
insert into STATION values (674, '45', 2813, 404230.79, 5122432.18, 1520.84);
insert into STATION values (675, '46', 2813, 404241.24, 5122444.23, 1522.97);
insert into STATION values (676, '47', 2813, 404244.62, 5122446.78, 1521.82);
insert into STATION values (677, '2', 2817, 404314.90, 5122613.98, 1495.92);
insert into STATION values (678, '1', 2817, 404314.69, 5122618.71, 1494.19);
insert into STATION values (679, '3', 2817, 404313.85, 5122611.66, 1495.47);
insert into STATION values (680, '4', 2817, 404311.79, 5122610.76, 1496.47);
insert into STATION values (681, '5', 2817, 404309.83, 5122610.10, 1494.40);
insert into STATION values (682, '6', 2817, 404309.83, 5122610.10, 1495.85);
insert into STATION values (683, '7', 2817, 404310.03, 5122605.79, 1494.28);
insert into STATION values (684, '8', 2817, 404307.44, 5122591.69, 1494.28);
insert into STATION values (685, '9', 2817, 404305.81, 5122583.63, 1494.14);
insert into STATION values (686, '10', 2817, 404308.29, 5122585.68, 1494.42);
insert into STATION values (687, '11', 2817, 404304.95, 5122588.73, 1498.95);
insert into STATION values (688, '2', 2859, 404313.62, 5122620.73, 1475.39);
insert into STATION values (689, '1', 2859, 404312.61, 5122620.41, 1476.37);
insert into STATION values (690, '3', 2859, 404316.60, 5122621.02, 1475.39);
insert into STATION values (691, '4', 2859, 404321.31, 5122615.54, 1472.32);
insert into STATION values (692, '5', 2859, 404327.37, 5122606.41, 1473.67);
insert into STATION values (693, '6', 2859, 404332.19, 5122607.94, 1473.67);
insert into STATION values (694, '7', 2859, 404333.25, 5122613.19, 1473.20);
insert into STATION values (695, '8', 2859, 404339.31, 5122609.50, 1470.76);
insert into STATION values (696, '9', 2859, 404340.38, 5122611.07, 1471.69);
insert into STATION values (697, '10', 2859, 404312.61, 5122620.41, 1493.67);
insert into STATION values (698, '11', 2859, 404314.69, 5122618.71, 1494.19);
insert into STATION values (699, '2', 2896, 404314.47, 5122551.17, 1473.05);
insert into STATION values (700, '1', 2896, 404313.59, 5122550.54, 1473.67);
insert into STATION values (701, '3', 2896, 404316.06, 5122550.61, 1472.11);
insert into STATION values (702, '4', 2896, 404318.37, 5122549.25, 1471.74);
insert into STATION values (703, '5', 2896, 404320.62, 5122551.40, 1472.01);
insert into STATION values (704, '6', 2896, 404322.50, 5122556.18, 1472.19);
insert into STATION values (705, '7', 2896, 404322.23, 5122562.08, 1471.78);
insert into STATION values (706, '8', 2896, 404321.57, 5122567.00, 1471.86);
insert into STATION values (707, '9', 2896, 404321.14, 5122570.23, 1473.05);
insert into STATION values (708, '10', 2896, 404319.77, 5122575.14, 1472.06);
insert into STATION values (709, '11', 2896, 404318.53, 5122577.98, 1472.11);
insert into STATION values (710, '12', 2896, 404318.82, 5122584.76, 1472.47);
insert into STATION values (711, '13', 2896, 404316.60, 5122592.70, 1472.47);
insert into STATION values (712, '14', 2896, 404315.62, 5122595.62, 1472.41);
insert into STATION values (713, '15', 2896, 404316.42, 5122595.69, 1471.89);
insert into STATION values (714, '16', 2896, 404312.76, 5122600.45, 1476.42);
insert into STATION values (715, '17', 2896, 404309.69, 5122605.07, 1477.49);
insert into STATION values (716, '18', 2896, 404306.92, 5122608.66, 1474.44);
insert into STATION values (717, '19', 2896, 404307.04, 5122607.42, 1474.21);
insert into STATION values (718, '20', 2896, 404309.12, 5122606.00, 1469.27);
insert into STATION values (719, '21', 2896, 404307.25, 5122609.26, 1483.75);
insert into STATION values (720, '22', 2896, 404304.95, 5122609.94, 1491.12);
insert into STATION values (721, '23', 2896, 404304.48, 5122608.11, 1491.45);
insert into STATION values (722, '24', 2896, 404308.70, 5122607.56, 1493.26);
insert into STATION values (723, '25', 2896, 404308.72, 5122605.35, 1494.06);
insert into STATION values (724, '2', 2951, 404297.97, 5122629.16, 1491.68);
insert into STATION values (725, '1', 2951, 404296.73, 5122632.64, 1491.81);
insert into STATION values (726, '3', 2951, 404299.12, 5122625.32, 1492.46);
insert into STATION values (727, '4', 2951, 404300.25, 5122620.27, 1492.10);
insert into STATION values (728, '5', 2951, 404300.59, 5122616.06, 1490.81);
insert into STATION values (729, '6', 2951, 404299.46, 5122611.98, 1490.74);
insert into STATION values (730, '7', 2951, 404301.86, 5122608.50, 1491.56);
insert into STATION values (731, '8', 2951, 404307.80, 5122607.20, 1492.96);
insert into STATION values (732, '9', 2951, 404308.72, 5122605.35, 1494.06);
insert into STATION values (733, '10', 2951, 404308.09, 5122599.69, 1494.26);
insert into STATION values (734, '11', 2951, 404305.81, 5122590.16, 1494.26);
insert into STATION values (735, '12', 2951, 404308.17, 5122586.61, 1494.18);
insert into STATION values (736, '13', 2951, 404304.95, 5122588.73, 1498.95);
insert into STATION values (737, '1', 2976, 404337.87, 5122526.50, 1466.06);
insert into STATION values (738, '2', 2976, 404336.38, 5122529.74, 1466.25);
insert into STATION values (739, '3', 2976, 404334.35, 5122533.98, 1466.49);
insert into STATION values (740, '4', 2976, 404332.11, 5122536.89, 1468.05);
insert into STATION values (741, '5', 2976, 404330.11, 5122539.80, 1470.61);
insert into STATION values (742, '6', 2976, 404328.02, 5122539.01, 1469.62);
insert into STATION values (743, '7', 2976, 404324.38, 5122546.28, 1470.62);
insert into STATION values (744, '8', 2976, 404321.89, 5122549.52, 1471.49);
insert into STATION values (745, '9', 2976, 404321.29, 5122551.66, 1472.08);
insert into STATION values (746, '10', 2976, 404320.62, 5122551.40, 1472.01);
insert into STATION values (747, '2', 3000, 404376.40, 5122467.59, 1454.37);
insert into STATION values (748, '1', 3000, 404375.79, 5122461.85, 1453.41);
insert into STATION values (749, '3', 3000, 404373.97, 5122467.01, 1453.89);
insert into STATION values (750, '4', 3000, 404373.54, 5122470.47, 1453.10);
insert into STATION values (751, '5', 3000, 404371.14, 5122470.42, 1452.37);
insert into STATION values (752, '6', 3000, 404364.81, 5122471.64, 1451.84);
insert into STATION values (753, '7', 3000, 404361.63, 5122479.08, 1452.77);
insert into STATION values (754, '8', 3000, 404362.85, 5122479.54, 1452.58);
insert into STATION values (755, '9', 3000, 404363.54, 5122488.48, 1454.48);
insert into STATION values (756, '10', 3000, 404358.16, 5122491.27, 1455.77);
insert into STATION values (757, '11', 3000, 404356.15, 5122498.02, 1463.87);
insert into STATION values (758, '12', 3000, 404355.00, 5122500.30, 1464.32);
insert into STATION values (759, '13', 3000, 404353.38, 5122506.52, 1464.88);
insert into STATION values (760, '14', 3000, 404352.83, 5122511.27, 1466.72);
insert into STATION values (761, '16', 3000, 404353.37, 5122514.86, 1468.11);
insert into STATION values (762, '17', 3000, 404347.69, 5122516.97, 1468.11);
insert into STATION values (763, '18', 3000, 404346.88, 5122517.89, 1469.18);
insert into STATION values (764, '19', 3000, 404345.94, 5122520.86, 1470.63);
insert into STATION values (765, '20', 3000, 404341.69, 5122524.60, 1470.24);
insert into STATION values (766, '21', 3000, 404337.01, 5122532.52, 1470.40);
insert into STATION values (767, '22', 3000, 404337.01, 5122532.52, 1466.18);
insert into STATION values (768, '23', 3000, 404335.93, 5122531.16, 1466.68);
insert into STATION values (769, '24', 3000, 404337.87, 5122526.50, 1466.06);
insert into STATION values (770, '1', 3072, 404350.99, 5122435.29, 1406.95);
insert into STATION values (771, '2', 3072, 404349.97, 5122436.82, 1420.05);
insert into STATION values (772, '3', 3072, 404353.29, 5122439.98, 1422.29);
insert into STATION values (773, '4', 3072, 404352.78, 5122442.11, 1423.60);
insert into STATION values (774, '5', 3072, 404353.65, 5122448.68, 1425.44);
insert into STATION values (775, '6', 3072, 404354.16, 5122451.14, 1427.29);
insert into STATION values (776, '7', 3072, 404357.54, 5122452.96, 1428.99);
insert into STATION values (777, '8', 3072, 404360.14, 5122458.94, 1429.86);
insert into STATION values (778, '9', 3072, 404358.17, 5122459.98, 1428.87);
insert into STATION values (779, '10', 3072, 404353.98, 5122444.45, 1425.47);
insert into STATION values (780, '11', 3072, 404355.18, 5122445.37, 1431.51);
insert into STATION values (781, '12', 3072, 404355.34, 5122444.10, 1431.32);
insert into STATION values (782, '13', 3072, 404355.36, 5122444.08, 1435.21);
insert into STATION values (783, '14', 3072, 404357.35, 5122442.66, 1436.56);
insert into STATION values (784, '15', 3072, 404356.34, 5122437.77, 1436.76);
insert into STATION values (785, '16', 3072, 404355.10, 5122437.73, 1439.39);
insert into STATION values (786, '17', 3072, 404353.90, 5122444.50, 1440.42);
insert into STATION values (787, '18', 3072, 404355.58, 5122446.72, 1446.75);
insert into STATION values (788, '19', 3072, 404359.09, 5122450.19, 1448.57);
insert into STATION values (789, '20', 3072, 404361.77, 5122450.56, 1449.11);
insert into STATION values (790, '21', 3072, 404365.92, 5122452.14, 1450.65);
insert into STATION values (791, '22', 3072, 404368.62, 5122456.77, 1450.88);
insert into STATION values (792, '23', 3072, 404370.91, 5122456.81, 1451.37);
insert into STATION values (793, '24', 3072, 404376.53, 5122457.59, 1452.70);
insert into STATION values (794, '25', 3072, 404376.00, 5122461.83, 1453.41);
insert into STATION values (795, '26', 3072, 404375.79, 5122461.85, 1453.41);
insert into STATION values (796, '1', 3141, 404266.20, 5122682.69, 1502.55);
insert into STATION values (797, '2', 3141, 404266.20, 5122682.69, 1515.15);
insert into STATION values (798, '3', 3141, 404263.19, 5122685.85, 1514.46);
insert into STATION values (799, '5', 3141, 404274.63, 5122612.52, 1478.18);
insert into STATION values (800, 'SUMP', 3141, 404272.30, 5122607.62, 1476.82);
insert into STATION values (801, '6', 3141, 404273.65, 5122615.13, 1477.88);
insert into STATION values (802, '7', 3141, 404274.55, 5122616.81, 1477.78);
insert into STATION values (803, '8', 3141, 404272.00, 5122624.85, 1479.73);
insert into STATION values (804, '9', 3141, 404272.19, 5122628.06, 1480.84);
insert into STATION values (805, '10', 3141, 404268.03, 5122636.02, 1480.37);
insert into STATION values (806, '11', 3141, 404267.67, 5122637.51, 1483.04);
insert into STATION values (807, '12', 3141, 404264.83, 5122639.76, 1482.78);
insert into STATION values (808, '13', 3141, 404263.08, 5122647.00, 1484.37);
insert into STATION values (809, '14', 3141, 404262.28, 5122649.86, 1485.00);
insert into STATION values (810, '15', 3141, 404261.42, 5122656.37, 1485.57);
insert into STATION values (811, '16', 3141, 404261.42, 5122656.37, 1490.02);
insert into STATION values (812, '17', 3141, 404260.46, 5122657.21, 1491.12);
insert into STATION values (813, '18', 3141, 404262.59, 5122661.30, 1496.07);
insert into STATION values (814, '19', 3141, 404266.40, 5122663.13, 1496.66);
insert into STATION values (815, '20', 3141, 404265.55, 5122665.98, 1498.83);
insert into STATION values (816, '21', 3141, 404267.10, 5122669.39, 1498.17);
insert into STATION values (817, '22', 3141, 404267.10, 5122669.39, 1504.52);
insert into STATION values (818, '23', 3141, 404266.24, 5122675.77, 1506.36);
insert into STATION values (819, '24', 3141, 404266.24, 5122675.77, 1512.21);
insert into STATION values (820, '25', 3141, 404264.82, 5122679.37, 1513.04);
insert into STATION values (821, '26', 3141, 404262.57, 5122681.65, 1512.30);
insert into STATION values (822, '27', 3141, 404261.00, 5122690.25, 1517.41);
insert into STATION values (823, '28', 3141, 404258.70, 5122694.82, 1518.98);
insert into STATION values (824, '29', 3141, 404258.70, 5122694.82, 1538.71);
insert into STATION values (825, '30', 3141, 404264.17, 5122689.65, 1539.63);
insert into STATION values (826, '31', 3141, 404268.48, 5122683.84, 1536.86);
insert into STATION values (827, '32', 3141, 404271.79, 5122680.38, 1536.52);
insert into STATION values (828, '33', 3141, 404271.61, 5122684.31, 1536.24);
insert into STATION values (829, '34', 3141, 404266.63, 5122685.68, 1536.24);
insert into STATION values (830, '35', 3141, 404266.63, 5122685.68, 1532.24);
insert into STATION values (831, '1', 3234, 404151.69, 5122497.84, 1425.99);
insert into STATION values (832, '2', 3234, 404153.32, 5122498.91, 1427.12);
insert into STATION values (833, '3', 3234, 404153.40, 5122498.92, 1443.39);
insert into STATION values (834, '4', 3234, 404151.06, 5122488.56, 1446.59);
insert into STATION values (835, '5', 3234, 404150.85, 5122482.25, 1446.64);
insert into STATION values (836, '6', 3234, 404150.00, 5122478.84, 1444.55);
insert into STATION values (837, '7', 3234, 404139.15, 5122469.09, 1431.97);
insert into STATION values (838, '8', 3234, 404139.15, 5122469.09, 1435.61);
insert into STATION values (839, '9', 3234, 404141.26, 5122469.52, 1440.94);
insert into STATION values (840, '10', 3234, 404146.83, 5122471.84, 1444.28);
insert into STATION values (841, '11', 3234, 404149.15, 5122469.12, 1443.32);
insert into STATION values (842, '12', 3234, 404149.15, 5122469.12, 1440.82);
insert into STATION values (843, '13', 3234, 404161.90, 5122467.90, 1448.53);
insert into STATION values (844, '14', 3234, 404161.99, 5122467.91, 1465.78);
insert into STATION values (845, '15', 3234, 404163.69, 5122467.11, 1465.76);
insert into STATION values (846, '2', 3290, 404124.58, 5122368.00, 1429.85);
insert into STATION values (847, '1', 3290, 404111.14, 5122366.68, 1432.72);
insert into STATION values (848, '3', 3290, 404130.40, 5122366.83, 1427.21);
insert into STATION values (849, '4', 3290, 404132.78, 5122372.60, 1430.39);
insert into STATION values (850, '5', 3290, 404136.07, 5122372.92, 1435.29);
insert into STATION values (851, '6', 3290, 404135.14, 5122375.85, 1437.60);
insert into STATION values (852, '7', 3290, 404144.97, 5122379.94, 1437.97);
insert into STATION values (853, '8', 3290, 404144.97, 5122379.94, 1447.22);
insert into STATION values (854, '9', 3290, 404145.90, 5122381.16, 1447.87);
insert into STATION values (855, '2', 3323, 404164.71, 5122466.55, 1465.76);
insert into STATION values (856, '1', 3323, 404163.69, 5122467.11, 1465.76);
insert into STATION values (857, '3', 3323, 404171.01, 5122466.19, 1465.81);
insert into STATION values (858, '4', 3323, 404172.43, 5122469.74, 1465.23);
insert into STATION values (859, '5', 3323, 404184.96, 5122472.52, 1466.29);
insert into STATION values (860, '6', 3323, 404194.06, 5122471.84, 1464.31);
insert into STATION values (861, '7', 3323, 404194.13, 5122471.85, 1479.47);
insert into STATION values (862, '8', 3323, 404201.32, 5122470.93, 1480.41);
insert into STATION values (863, '9', 3323, 404201.36, 5122470.94, 1492.09);
insert into STATION values (864, '10', 3323, 404199.36, 5122472.79, 1496.06);
insert into STATION values (865, '11', 3323, 404199.42, 5122486.11, 1499.33);
insert into STATION values (866, '12', 3323, 404198.57, 5122490.87, 1500.05);
insert into STATION values (867, '13', 3323, 404195.89, 5122498.66, 1502.19);
insert into STATION values (868, '14', 3323, 404195.48, 5122506.21, 1505.02);
insert into STATION values (869, '15', 3323, 404199.91, 5122505.49, 1510.35);
insert into STATION values (870, '16', 3323, 404205.13, 5122502.22, 1511.04);
insert into STATION values (871, '17', 3323, 404210.89, 5122501.58, 1512.74);
insert into STATION values (872, '18', 3323, 404213.16, 5122497.80, 1512.23);
insert into STATION values (873, '19', 3323, 404216.43, 5122501.22, 1513.09);
insert into STATION values (874, '20', 3323, 404216.44, 5122501.22, 1514.14);
insert into STATION values (875, '21', 3323, 404219.44, 5122500.99, 1512.22);
insert into STATION values (876, '22', 3323, 404221.71, 5122503.46, 1510.32);
insert into STATION values (877, '23', 3323, 404222.65, 5122504.20, 1506.55);
insert into STATION values (878, '24', 3323, 404221.92, 5122501.67, 1506.29);
insert into STATION values (879, '25', 3323, 404221.93, 5122501.67, 1505.33);
insert into STATION values (880, '2', 3374, 404158.56, 5122470.60, 1444.01);
insert into STATION values (881, '1', 3374, 404158.56, 5122470.60, 1440.51);
insert into STATION values (882, '3', 3374, 404157.78, 5122468.80, 1445.97);
insert into STATION values (883, '4', 3374, 404162.33, 5122464.79, 1445.33);
insert into STATION values (884, '5', 3374, 404161.23, 5122462.25, 1444.69);
insert into STATION values (885, '6', 3374, 404161.23, 5122462.25, 1443.49);
insert into STATION values (886, '7', 3374, 404161.23, 5122462.25, 1453.99);
insert into STATION values (887, '8', 3374, 404141.99, 5122469.50, 1439.88);
insert into STATION values (888, '9', 3374, 404144.59, 5122471.36, 1442.04);
insert into STATION values (889, '10', 3374, 404146.50, 5122467.70, 1442.47);
insert into STATION values (890, '11', 3374, 404146.65, 5122465.35, 1443.06);
insert into STATION values (891, '12', 3374, 404148.53, 5122467.07, 1443.15);
insert into STATION values (892, '13', 3374, 404148.53, 5122467.07, 1445.61);
insert into STATION values (893, '14', 3374, 404154.43, 5122466.72, 1445.92);
insert into STATION values (894, '15', 3374, 404154.22, 5122465.10, 1448.17);
insert into STATION values (895, '16', 3374, 404156.02, 5122460.29, 1449.65);
insert into STATION values (896, '17', 3374, 404162.50, 5122460.87, 1454.16);
insert into STATION values (897, '18', 3374, 404165.35, 5122463.99, 1459.20);
insert into STATION values (898, '19', 3374, 404168.34, 5122463.11, 1459.25);
insert into STATION values (899, '20', 3374, 404167.29, 5122460.80, 1460.28);
insert into STATION values (900, '21', 3374, 404170.33, 5122458.31, 1459.51);
insert into STATION values (901, '22', 3374, 404172.40, 5122463.10, 1459.51);
insert into STATION values (902, '23', 3374, 404171.94, 5122465.17, 1459.06);
insert into STATION values (903, '24', 3374, 404171.98, 5122466.81, 1459.18);
insert into STATION values (904, '25', 3374, 404174.07, 5122465.20, 1460.83);
insert into STATION values (905, '26', 3374, 404176.25, 5122464.48, 1461.40);
insert into STATION values (906, '27', 3374, 404177.36, 5122468.23, 1459.66);
insert into STATION values (907, '28', 3374, 404179.02, 5122465.18, 1460.59);
insert into STATION values (908, '29', 3374, 404180.49, 5122467.34, 1460.27);
insert into STATION values (909, '30', 3374, 404180.49, 5122467.34, 1462.64);
insert into STATION values (910, '31', 3374, 404184.99, 5122471.06, 1462.64);
insert into STATION values (911, '32', 3374, 404184.93, 5122468.64, 1466.23);
insert into STATION values (912, '33', 3374, 404184.96, 5122472.52, 1466.29);
insert into STATION values (913, '1', 3446, 404129.24, 5122468.23, 1420.54);
insert into STATION values (914, '2', 3446, 404127.03, 5122468.59, 1418.85);
insert into STATION values (915, '3', 3446, 404126.01, 5122469.83, 1409.75);
insert into STATION values (916, '4', 3446, 404126.01, 5122469.83, 1394.15);
insert into STATION values (917, '5', 3446, 404135.45, 5122464.28, 1419.50);
insert into STATION values (918, '6', 3446, 404142.08, 5122468.20, 1412.32);
insert into STATION values (919, '7', 3446, 404147.20, 5122474.21, 1414.00);
insert into STATION values (920, '8', 3446, 404139.14, 5122471.75, 1436.72);
insert into STATION values (921, '9', 3446, 404141.99, 5122469.50, 1439.88);
insert into STATION values (922, '2', 3489, 404272.90, 5122495.13, 1532.58);
insert into STATION values (923, '1', 3489, 404273.57, 5122491.50, 1530.93);
insert into STATION values (924, '3', 3489, 404269.26, 5122499.22, 1534.79);
insert into STATION values (925, '4', 3489, 404274.35, 5122497.52, 1533.02);
insert into STATION values (926, '5', 3489, 404275.60, 5122499.09, 1534.76);
insert into STATION values (927, '6', 3489, 404274.32, 5122503.36, 1535.71);
insert into STATION values (928, '7', 3489, 404274.69, 5122506.17, 1534.45);
insert into STATION values (929, '9', 3489, 404272.15, 5122497.30, 1529.21);
insert into STATION values (930, '8', 3489, 404266.79, 5122498.00, 1529.40);
insert into STATION values (931, '10', 3489, 404270.36, 5122503.73, 1530.39);
insert into STATION values (932, '11', 3489, 404271.65, 5122504.35, 1532.44);
insert into STATION values (933, '12', 3489, 404271.16, 5122506.76, 1532.78);
insert into STATION values (934, '13', 3489, 404275.36, 5122510.71, 1539.92);
insert into STATION values (935, '14', 3489, 404274.51, 5122513.40, 1540.17);
insert into STATION values (936, '15', 3489, 404274.51, 5122513.40, 1537.61);
insert into STATION values (937, '16', 3489, 404271.74, 5122513.66, 1542.63);
insert into STATION values (938, '17', 3489, 404271.24, 5122516.32, 1546.35);
insert into STATION values (939, '18', 3489, 404270.76, 5122518.89, 1546.63);
insert into STATION values (940, '19', 3489, 404277.97, 5122517.57, 1544.80);
insert into STATION values (941, '20', 3489, 404277.97, 5122517.57, 1549.80);
insert into STATION values (942, '21', 3489, 404270.12, 5122520.51, 1548.56);
insert into STATION values (943, '22', 3489, 404267.61, 5122532.72, 1545.91);
insert into STATION values (944, '23', 3489, 404257.57, 5122523.49, 1533.19);
insert into STATION values (945, '24', 3489, 404257.20, 5122514.71, 1531.16);
insert into STATION values (946, '25', 3489, 404260.72, 5122513.04, 1531.57);
insert into STATION values (947, '26', 3489, 404261.32, 5122514.14, 1531.83);
insert into STATION values (948, '2', 3559, 404111.14, 5122366.68, 1432.72);
insert into STATION values (949, '1', 3559, 404119.29, 5122367.05, 1438.43);
insert into STATION values (950, '3', 3559, 404106.57, 5122365.41, 1429.51);
insert into STATION values (951, '4', 3559, 404106.57, 5122365.41, 1421.19);
insert into STATION values (952, '5', 3559, 404112.82, 5122365.02, 1434.00);
insert into STATION values (953, '6', 3559, 404111.53, 5122359.22, 1425.32);
insert into STATION values (954, '7', 3559, 404113.71, 5122358.66, 1427.02);
insert into STATION values (955, '8', 3559, 404113.71, 5122358.66, 1418.91);
insert into STATION values (956, '9', 3559, 404116.39, 5122350.68, 1419.50);
insert into STATION values (957, '10', 3559, 404117.19, 5122347.40, 1419.03);
insert into STATION values (958, '11', 3559, 404115.35, 5122345.17, 1419.13);
insert into STATION values (959, '12', 3559, 404110.41, 5122339.36, 1403.49);
insert into STATION values (960, '14', 3559, 404102.26, 5122308.61, 1404.88);
insert into STATION values (961, '13', 3559, 404091.86, 5122295.94, 1401.99);
insert into STATION values (962, '15', 3559, 404106.61, 5122316.32, 1406.28);
insert into STATION values (963, '16', 3559, 404107.76, 5122317.78, 1408.34);
insert into STATION values (964, '17', 3559, 404112.53, 5122319.29, 1409.96);
insert into STATION values (965, '18', 3559, 404108.81, 5122323.95, 1407.31);
insert into STATION values (966, '19', 3559, 404110.13, 5122331.93, 1405.44);
insert into STATION values (967, '20', 3559, 404111.17, 5122335.27, 1404.76);
insert into STATION values (968, '21', 3559, 404116.54, 5122319.68, 1406.58);
insert into STATION values (969, '22', 3559, 404120.39, 5122319.18, 1405.32);
insert into STATION values (970, '23', 3559, 404123.55, 5122326.85, 1405.61);
insert into STATION values (971, '24', 3559, 404126.50, 5122326.88, 1405.51);
insert into STATION values (972, '1', 3652, 404098.32, 5122298.75, 1389.74);
insert into STATION values (973, '2', 3652, 404098.32, 5122298.75, 1398.50);
insert into STATION values (974, '3', 3652, 404099.43, 5122301.73, 1400.48);
insert into STATION values (975, '4', 3652, 404099.43, 5122301.73, 1403.02);
insert into STATION values (976, '5', 3652, 404102.26, 5122308.61, 1404.88);
insert into STATION values (977, '6', 3666, 404135.28, 5122330.17, 1400.98);
insert into STATION values (978, '7', 3666, 404139.64, 5122328.46, 1400.57);
insert into STATION values (979, '8', 3666, 404131.61, 5122331.32, 1402.77);
insert into STATION values (980, '9', 3666, 404127.88, 5122328.45, 1406.87);
insert into STATION values (981, '10', 3666, 404126.50, 5122326.88, 1405.51);
insert into STATION values (982, '2', 3666, 404131.57, 5122327.82, 1394.38);
insert into STATION values (983, '1', 3666, 404128.69, 5122322.91, 1391.72);
insert into STATION values (984, '3', 3666, 404132.95, 5122329.44, 1395.92);
insert into STATION values (985, '4', 3666, 404133.90, 5122332.89, 1397.08);
insert into STATION values (986, '5', 3666, 404135.17, 5122331.92, 1399.75);
insert into STATION values (987, '2', 3696, 404108.72, 5122328.98, 1353.81);
insert into STATION values (988, '1', 3696, 404107.06, 5122327.88, 1353.95);
insert into STATION values (989, '3', 3696, 404108.72, 5122328.98, 1360.01);
insert into STATION values (990, '4', 3696, 404108.72, 5122328.98, 1364.95);
insert into STATION values (991, '5', 3696, 404111.00, 5122329.32, 1364.59);
insert into STATION values (992, '6', 3696, 404115.84, 5122328.17, 1371.70);
insert into STATION values (993, '7', 3696, 404117.64, 5122324.05, 1372.57);
insert into STATION values (994, '8', 3696, 404121.63, 5122320.40, 1386.66);
insert into STATION values (995, '9', 3696, 404127.84, 5122321.79, 1387.10);
insert into STATION values (996, '10', 3696, 404127.84, 5122321.79, 1390.65);
insert into STATION values (997, '11', 3696, 404129.76, 5122323.50, 1391.49);
insert into STATION values (998, '12', 3696, 404128.69, 5122322.91, 1391.72);
insert into STATION values (999, '1', 3744, 404244.62, 5122446.78, 1521.82);
insert into STATION values (1000, '2', 3744, 404245.10, 5122444.20, 1520.76);
insert into STATION values (1001, '3', 3744, 404245.10, 5122444.20, 1515.69);
insert into STATION values (1002, '4', 3744, 404245.59, 5122447.49, 1515.40);
insert into STATION values (1003, '5', 3744, 404248.63, 5122452.47, 1517.87);
insert into STATION values (1004, '6', 3744, 404253.95, 5122456.71, 1518.23);
insert into STATION values (1005, '7', 3744, 404254.87, 5122460.32, 1516.80);
insert into STATION values (1006, '1', 3775, 404254.87, 5122460.32, 1516.80);
insert into STATION values (1007, '2', 3775, 404254.00, 5122466.09, 1516.08);
insert into STATION values (1008, '3', 3775, 404254.00, 5122466.09, 1520.24);
insert into STATION values (1009, '4', 3775, 404249.37, 5122468.29, 1519.98);
insert into STATION values (1010, '5', 3775, 404246.18, 5122474.95, 1520.75);
insert into STATION values (1011, '6', 3775, 404239.62, 5122473.49, 1520.75);
insert into STATION values (1012, '7', 3775, 404237.86, 5122480.77, 1520.88);
insert into STATION values (1013, '8', 3775, 404237.70, 5122486.65, 1520.78);
insert into STATION values (1014, '9', 3775, 404238.43, 5122494.37, 1519.27);
insert into STATION values (1015, '10', 3775, 404236.25, 5122501.23, 1519.02);
insert into STATION values (1016, '11', 3775, 404235.10, 5122499.83, 1518.67);
insert into STATION values (1017, '12', 3775, 404232.25, 5122505.05, 1521.70);
insert into STATION values (1018, '2', 3803, 404163.15, 5122514.55, 1433.34);
insert into STATION values (1019, '1', 3803, 404163.15, 5122514.55, 1424.04);
insert into STATION values (1020, '3', 3803, 404163.15, 5122514.55, 1442.53);
insert into STATION values (1021, '4', 3803, 404167.07, 5122516.35, 1448.69);
insert into STATION values (1022, '5', 3803, 404169.38, 5122518.87, 1450.14);
insert into STATION values (1023, '6', 3803, 404169.82, 5122521.06, 1451.70);
insert into STATION values (1024, '7', 3803, 404169.90, 5122524.30, 1451.24);
insert into STATION values (1025, '9', 3803, 404164.06, 5122524.46, 1427.34);
insert into STATION values (1026, '8', 3803, 404164.16, 5122520.98, 1425.71);
insert into STATION values (1027, '10', 3803, 404165.87, 5122525.76, 1439.98);
insert into STATION values (1028, '11', 3803, 404167.12, 5122525.77, 1443.41);
insert into STATION values (1029, '12', 3803, 404168.64, 5122522.46, 1447.19);
insert into STATION values (1030, '13', 3803, 404170.65, 5122521.94, 1451.08);
insert into STATION values (1031, '14', 3803, 404169.80, 5122523.32, 1451.23);
insert into STATION values (1032, '15', 3803, 404171.53, 5122526.04, 1453.47);
insert into STATION values (1033, '16', 3803, 404172.10, 5122531.09, 1458.21);
insert into STATION values (1034, '17', 3803, 404173.91, 5122539.32, 1458.35);
insert into STATION values (1035, '18', 3803, 404175.86, 5122543.44, 1456.42);
insert into STATION values (1036, '19', 3803, 404179.59, 5122542.41, 1456.83);
insert into STATION values (1037, '2', 3839, 404127.85, 5122338.08, 1353.80);
insert into STATION values (1038, '1', 3839, 404127.85, 5122338.08, 1351.72);
insert into STATION values (1039, '3', 3839, 404127.85, 5122338.08, 1355.96);
insert into STATION values (1040, '4', 3839, 404125.77, 5122341.61, 1359.28);
insert into STATION values (1041, '5', 3839, 404124.02, 5122347.48, 1358.31);
insert into STATION values (1042, '6', 3839, 404123.98, 5122351.35, 1359.56);
insert into STATION values (1043, '7', 3839, 404126.19, 5122352.76, 1365.46);
insert into STATION values (1044, '8', 3839, 404129.02, 5122353.19, 1376.93);
insert into STATION values (1045, '9', 3839, 404129.74, 5122354.01, 1377.14);
insert into STATION values (1046, '1', 3865, 404228.02, 5122600.09, 1590.22);
insert into STATION values (1047, '2', 3865, 404233.71, 5122602.95, 1591.57);
insert into STATION values (1048, '3', 3865, 404233.21, 5122605.93, 1592.39);
insert into STATION values (1049, '4', 3865, 404231.63, 5122609.54, 1590.38);
insert into STATION values (1050, '5', 3865, 404232.18, 5122610.25, 1589.84);
insert into STATION values (1051, '6', 3865, 404234.30, 5122612.07, 1589.09);
insert into STATION values (1052, '7', 3865, 404235.49, 5122614.19, 1588.88);
insert into STATION values (1053, '8', 3865, 404239.50, 5122611.55, 1589.30);
insert into STATION values (1054, '9', 3865, 404239.52, 5122611.71, 1588.86);
insert into STATION values (1055, '10', 3865, 404239.46, 5122611.85, 1588.36);
insert into STATION values (1056, '11', 3865, 404240.34, 5122617.41, 1587.77);
insert into STATION values (1057, '12', 3865, 404241.99, 5122621.89, 1595.13);
insert into STATION values (1058, '13', 3865, 404243.24, 5122622.24, 1595.61);
insert into STATION values (1059, '14', 3865, 404246.07, 5122628.04, 1603.60);
insert into STATION values (1060, '15', 3865, 404246.10, 5122628.05, 1603.90);
insert into STATION values (1061, '16', 3865, 404246.54, 5122629.70, 1604.60);
insert into STATION values (1062, '17', 3865, 404247.64, 5122629.28, 1605.03);
insert into STATION values (1063, '18', 3865, 404247.18, 5122629.41, 1607.19);
insert into STATION values (1064, '19', 3865, 404246.73, 5122629.53, 1609.20);
insert into STATION values (1065, '20', 3865, 404238.32, 5122626.36, 1611.36);
insert into STATION values (1066, '2', 3884, 404143.43, 5122331.10, 1375.27);
insert into STATION values (1067, '1', 3884, 404151.38, 5122335.30, 1379.04);
insert into STATION values (1068, '3', 3884, 404148.94, 5122331.42, 1373.06);
insert into STATION values (1069, '4', 3884, 404148.97, 5122331.45, 1369.64);
insert into STATION values (1070, '5', 3884, 404142.45, 5122329.86, 1369.86);
insert into STATION values (1071, '6', 3884, 404141.59, 5122330.29, 1368.24);
insert into STATION values (1072, '7', 3884, 404140.94, 5122328.32, 1365.42);
insert into STATION values (1073, '8', 3884, 404140.38, 5122328.47, 1350.37);
insert into STATION values (1074, '9', 3884, 404136.75, 5122326.36, 1350.35);
insert into STATION values (1075, '10', 3884, 404133.55, 5122324.43, 1351.17);
insert into STATION values (1076, '11', 3884, 404128.42, 5122318.94, 1335.75);
insert into STATION values (1077, '12', 3884, 404125.68, 5122318.60, 1332.83);
insert into STATION values (1078, '13', 3884, 404124.64, 5122318.89, 1311.40);
insert into STATION values (1079, '0', 3888, 404132.23, 5122300.01, 1274.51);
insert into STATION values (1080, '.', 3888, 404132.68, 5122299.86, 1274.48);
insert into STATION values (1081, '.', 3888, 404132.59, 5122300.50, 1274.60);
insert into STATION values (1082, '.', 3888, 404132.29, 5122301.04, 1274.56);
insert into STATION values (1083, '.', 3888, 404131.39, 5122300.85, 1274.62);
insert into STATION values (1084, '.', 3888, 404130.53, 5122299.75, 1274.35);
insert into STATION values (1085, '.', 3888, 404131.01, 5122300.27, 1274.57);
insert into STATION values (1086, '.', 3888, 404132.03, 5122299.15, 1274.54);
insert into STATION values (1087, '.', 3888, 404131.33, 5122298.28, 1274.86);
insert into STATION values (1088, '.', 3888, 404131.45, 5122298.02, 1275.28);
insert into STATION values (1089, '.', 3888, 404132.26, 5122299.46, 1277.87);
insert into STATION values (1090, '.', 3888, 404131.73, 5122299.84, 1276.52);
insert into STATION values (1091, '.', 3888, 404131.42, 5122299.92, 1276.02);
insert into STATION values (1092, '.', 3888, 404131.22, 5122299.75, 1275.66);
insert into STATION values (1093, '.', 3888, 404131.08, 5122299.94, 1275.34);
insert into STATION values (1094, '1', 3888, 404131.67, 5122298.36, 1275.88);
insert into STATION values (1095, '.', 3888, 404132.70, 5122298.29, 1275.79);
insert into STATION values (1096, '.', 3888, 404132.55, 5122297.83, 1275.88);
insert into STATION values (1097, '.', 3888, 404132.56, 5122297.32, 1275.86);
insert into STATION values (1098, '.', 3888, 404132.76, 5122295.64, 1275.82);
insert into STATION values (1099, '.', 3888, 404132.81, 5122293.83, 1275.79);
insert into STATION values (1100, '.', 3888, 404134.24, 5122283.12, 1274.96);
insert into STATION values (1101, '.', 3888, 404133.35, 5122287.70, 1275.27);
insert into STATION values (1102, '.', 3888, 404132.63, 5122291.86, 1275.54);
insert into STATION values (1103, '.', 3888, 404131.97, 5122294.19, 1275.65);
insert into STATION values (1104, '.', 3888, 404131.79, 5122295.15, 1275.72);
insert into STATION values (1105, '.', 3888, 404131.90, 5122295.66, 1275.79);
insert into STATION values (1106, '.', 3888, 404132.87, 5122294.09, 1275.74);
insert into STATION values (1107, '.', 3888, 404133.11, 5122294.45, 1275.72);
insert into STATION values (1108, '.', 3888, 404133.34, 5122294.94, 1275.77);
insert into STATION values (1109, '.', 3888, 404132.89, 5122296.83, 1275.89);
insert into STATION values (1110, '.', 3888, 404132.77, 5122297.57, 1275.89);
insert into STATION values (1111, '.', 3888, 404132.66, 5122298.11, 1275.94);
insert into STATION values (1112, '.', 3888, 404132.79, 5122298.48, 1276.02);
insert into STATION values (1113, '.', 3888, 404132.55, 5122299.03, 1275.99);
insert into STATION values (1114, '.', 3888, 404132.31, 5122299.64, 1276.03);
insert into STATION values (1115, '.', 3888, 404132.32, 5122300.83, 1275.97);
insert into STATION values (1116, '.', 3888, 404132.09, 5122304.27, 1276.05);
insert into STATION values (1117, '.', 3888, 404131.57, 5122301.23, 1274.50);
insert into STATION values (1118, '.', 3888, 404131.62, 5122301.26, 1274.93);
insert into STATION values (1119, '.', 3888, 404131.74, 5122301.20, 1275.34);
insert into STATION values (1120, '.', 3888, 404131.84, 5122301.33, 1275.79);
insert into STATION values (1121, '.', 3888, 404132.47, 5122305.07, 1276.83);
insert into STATION values (1122, '.', 3888, 404131.45, 5122300.23, 1275.93);
insert into STATION values (1123, '.', 3888, 404131.79, 5122300.39, 1276.03);
insert into STATION values (1124, '.', 3888, 404134.81, 5122301.46, 1282.25);
insert into STATION values (1125, '.', 3888, 404134.74, 5122300.84, 1280.89);
insert into STATION values (1126, '.', 3888, 404133.90, 5122299.99, 1278.86);
insert into STATION values (1127, '.', 3888, 404132.85, 5122299.20, 1277.12);
insert into STATION values (1128, '.', 3888, 404133.44, 5122299.59, 1277.87);
insert into STATION values (1129, '.', 3888, 404132.64, 5122299.06, 1276.39);
insert into STATION values (1130, '.', 3888, 404132.64, 5122298.77, 1276.03);
insert into STATION values (1131, '.', 3888, 404135.14, 5122300.03, 1284.52);
insert into STATION values (1132, '.', 3888, 404135.36, 5122300.12, 1283.57);
insert into STATION values (1133, '.', 3888, 404134.67, 5122299.79, 1281.22);
insert into STATION values (1134, '.', 3888, 404134.33, 5122299.86, 1279.72);
insert into STATION values (1135, '.', 3888, 404133.59, 5122299.32, 1278.21);
insert into STATION values (1136, '.', 3888, 404135.38, 5122302.26, 1283.95);
insert into STATION values (1137, '2', 3888, 404134.97, 5122300.75, 1283.35);
insert into STATION values (1138, '3', 3888, 404132.05, 5122295.51, 1274.95);
insert into STATION values (1139, '.', 3888, 404133.07, 5122286.51, 1274.81);
insert into STATION values (1140, '.', 3888, 404132.24, 5122291.54, 1274.91);
insert into STATION values (1141, '.', 3888, 404131.83, 5122291.87, 1274.95);
insert into STATION values (1142, '.', 3888, 404130.21, 5122292.75, 1275.30);
insert into STATION values (1143, '.', 3888, 404131.55, 5122295.12, 1275.11);
insert into STATION values (1144, '.', 3888, 404131.51, 5122295.51, 1275.13);
insert into STATION values (1145, '.', 3888, 404131.57, 5122295.57, 1275.26);
insert into STATION values (1146, '.', 3888, 404135.96, 5122296.82, 1284.11);
insert into STATION values (1147, '.', 3888, 404137.12, 5122294.95, 1286.72);
insert into STATION values (1148, '.', 3888, 404135.86, 5122292.82, 1283.09);
insert into STATION values (1149, '.', 3888, 404137.65, 5122291.40, 1286.11);
insert into STATION values (1150, '.', 3888, 404137.26, 5122289.58, 1284.95);
insert into STATION values (1151, '.', 3888, 404138.02, 5122286.85, 1285.84);
insert into STATION values (1152, '.', 3888, 404138.44, 5122284.83, 1286.23);
insert into STATION values (1153, '.', 3888, 404134.37, 5122290.87, 1279.11);
insert into STATION values (1154, '.', 3888, 404132.34, 5122295.58, 1275.19);
insert into STATION values (1155, '.', 3888, 404133.20, 5122295.82, 1276.83);
insert into STATION values (1156, '.', 3888, 404133.51, 5122295.77, 1277.93);
insert into STATION values (1157, '.', 3888, 404136.92, 5122295.55, 1285.94);
insert into STATION values (1158, '.', 3888, 404135.26, 5122297.86, 1283.36);
insert into STATION values (1159, '.', 3888, 404135.27, 5122299.81, 1283.56);
insert into STATION values (1160, '.', 3888, 404134.59, 5122301.78, 1282.41);
insert into STATION values (1161, '.', 3888, 404134.75, 5122305.83, 1285.39);
insert into STATION values (1162, '.', 3888, 404134.14, 5122301.51, 1281.62);
insert into STATION values (1163, '.', 3888, 404132.57, 5122291.68, 1273.48);
insert into STATION values (1164, '4', 3888, 404132.55, 5122291.76, 1273.50);
insert into STATION values (1165, '.', 3888, 404132.58, 5122291.79, 1273.36);
insert into STATION values (1166, '.', 3888, 404132.38, 5122287.97, 1273.64);
insert into STATION values (1167, '.', 3888, 404131.48, 5122290.23, 1273.49);
insert into STATION values (1168, '.', 3888, 404131.56, 5122291.23, 1273.56);
insert into STATION values (1169, '.', 3888, 404131.15, 5122294.43, 1273.78);
insert into STATION values (1170, '.', 3888, 404130.73, 5122292.95, 1273.56);
insert into STATION values (1171, '.', 3888, 404130.75, 5122292.02, 1273.70);
insert into STATION values (1172, '.', 3888, 404132.66, 5122291.99, 1276.42);
insert into STATION values (1173, '.', 3888, 404132.06, 5122291.65, 1274.97);
insert into STATION values (1174, '.', 3888, 404131.91, 5122291.59, 1274.32);
insert into STATION values (1175, '5', 3888, 404130.96, 5122291.49, 1272.44);
insert into STATION values (1176, '.', 3888, 404129.40, 5122291.08, 1271.39);
insert into STATION values (1177, '6', 3888, 404129.33, 5122285.29, 1264.77);
insert into STATION values (1178, '7', 3888, 404128.94, 5122284.65, 1265.48);
insert into STATION values (1179, '.', 3888, 404129.47, 5122285.30, 1264.90);
insert into STATION values (1180, '8', 3888, 404128.78, 5122283.67, 1265.73);
insert into STATION values (1181, '.', 3888, 404130.34, 5122273.17, 1264.10);
insert into STATION values (1182, '.', 3888, 404130.05, 5122282.98, 1265.63);
insert into STATION values (1183, '.', 3888, 404130.70, 5122281.17, 1265.72);
insert into STATION values (1184, '.', 3888, 404130.82, 5122279.94, 1265.74);
insert into STATION values (1185, '.', 3888, 404131.70, 5122274.98, 1265.31);
insert into STATION values (1186, '.', 3888, 404128.83, 5122277.95, 1265.91);
insert into STATION values (1187, '.', 3888, 404128.29, 5122279.99, 1265.86);
insert into STATION values (1188, '.', 3888, 404128.30, 5122281.31, 1265.86);
insert into STATION values (1189, '.', 3888, 404128.51, 5122282.48, 1265.77);
insert into STATION values (1190, '.', 3888, 404130.96, 5122283.98, 1269.32);
insert into STATION values (1191, '.', 3888, 404134.15, 5122284.50, 1275.86);
insert into STATION values (1192, '.', 3888, 404129.88, 5122283.52, 1265.71);
insert into STATION values (1193, '.', 3888, 404129.69, 5122285.03, 1265.76);
insert into STATION values (1194, '.', 3888, 404129.64, 5122284.69, 1265.77);
insert into STATION values (1195, '.', 3888, 404129.56, 5122285.43, 1265.86);
insert into STATION values (1196, '.', 3888, 404128.79, 5122284.34, 1265.75);
insert into STATION values (1197, '.', 3888, 404128.87, 5122284.57, 1265.81);
insert into STATION values (1198, '.', 3888, 404134.88, 5122300.75, 1283.46);
insert into STATION values (1199, '.', 3888, 404135.04, 5122298.48, 1283.33);
insert into STATION values (1200, '.', 3888, 404134.34, 5122299.65, 1283.25);
insert into STATION values (1201, '.', 3888, 404134.69, 5122300.59, 1283.36);
insert into STATION values (1202, '.', 3888, 404134.45, 5122300.95, 1283.31);
insert into STATION values (1203, '.', 3888, 404134.44, 5122301.64, 1283.40);
insert into STATION values (1204, '.', 3888, 404131.72, 5122305.44, 1276.17);
insert into STATION values (1205, '.', 3888, 404131.90, 5122304.29, 1276.13);
insert into STATION values (1206, '.', 3888, 404131.97, 5122301.58, 1275.85);
insert into STATION values (1207, '.', 3888, 404130.96, 5122291.84, 1270.84);
insert into STATION values (1208, '.', 3888, 404132.08, 5122295.63, 1274.53);
insert into STATION values (1209, '.', 3888, 404132.18, 5122296.86, 1274.93);
insert into STATION values (1210, '.', 3888, 404131.78, 5122298.17, 1274.42);
insert into STATION values (1211, '.', 3888, 404135.49, 5122289.56, 1280.37);
insert into STATION values (1212, '.', 3888, 404135.26, 5122285.40, 1278.00);
insert into STATION values (1213, '.', 3888, 404134.69, 5122290.81, 1278.54);
insert into STATION values (1214, '.', 3888, 404132.96, 5122287.17, 1274.36);
insert into STATION values (1215, '9', 3888, 404134.24, 5122303.69, 1283.57);
insert into STATION values (1216, '.', 3888, 404133.75, 5122306.69, 1283.79);
insert into STATION values (1217, '.', 3888, 404134.67, 5122303.67, 1283.56);
insert into STATION values (1218, '.', 3888, 404134.57, 5122303.08, 1283.52);
insert into STATION values (1219, '.', 3888, 404136.10, 5122290.95, 1281.94);
insert into STATION values (1220, '.', 3888, 404134.16, 5122301.91, 1283.31);
insert into STATION values (1221, '.', 3888, 404134.09, 5122303.75, 1283.56);
insert into STATION values (1222, '.', 3888, 404134.07, 5122304.48, 1283.54);
insert into STATION values (1223, '.', 3888, 404135.17, 5122303.74, 1285.42);
insert into STATION values (1224, '.', 3888, 404134.99, 5122303.73, 1285.05);
insert into STATION values (1225, '10', 3888, 404134.99, 5122303.73, 1285.06);
insert into STATION values (1226, '.', 3888, 404134.96, 5122303.76, 1285.07);
insert into STATION values (1227, '.', 3888, 404134.33, 5122303.72, 1284.77);
insert into STATION values (1228, '.', 3888, 404133.68, 5122303.66, 1285.98);
insert into STATION values (1229, '.', 3888, 404133.37, 5122303.38, 1284.81);
insert into STATION values (1230, '.', 3888, 404133.57, 5122301.70, 1283.98);
insert into STATION values (1231, '.', 3888, 404133.17, 5122302.91, 1283.99);
insert into STATION values (1232, '.', 3888, 404133.48, 5122303.02, 1284.38);
insert into STATION values (1233, '.', 3888, 404132.45, 5122307.69, 1283.33);
insert into STATION values (1234, '.', 3888, 404132.44, 5122305.24, 1283.76);
insert into STATION values (1235, '.', 3888, 404132.56, 5122304.73, 1283.88);
insert into STATION values (1236, '.', 3888, 404132.43, 5122310.71, 1280.42);
insert into STATION values (1237, '11', 3888, 404133.35, 5122310.00, 1282.23);
insert into STATION values (1238, '.', 3888, 404132.35, 5122316.88, 1287.45);
insert into STATION values (1239, '.', 3888, 404133.60, 5122312.08, 1283.95);
insert into STATION values (1240, '.', 3888, 404134.27, 5122311.32, 1283.67);
insert into STATION values (1241, '.', 3888, 404134.29, 5122310.55, 1283.47);
insert into STATION values (1242, '.', 3888, 404134.37, 5122309.73, 1283.33);
insert into STATION values (1243, '.', 3888, 404134.38, 5122309.06, 1283.32);
insert into STATION values (1244, '.', 3888, 404134.54, 5122307.90, 1283.52);
insert into STATION values (1245, '.', 3888, 404134.56, 5122305.09, 1283.96);
insert into STATION values (1246, '.', 3888, 404134.57, 5122302.37, 1284.39);
insert into STATION values (1247, '.', 3888, 404134.04, 5122303.55, 1284.13);
insert into STATION values (1248, '.', 3888, 404133.23, 5122307.77, 1282.98);
insert into STATION values (1249, '.', 3888, 404133.09, 5122308.43, 1282.88);
insert into STATION values (1250, '.', 3888, 404132.91, 5122308.86, 1282.85);
insert into STATION values (1251, '.', 3888, 404132.75, 5122309.52, 1282.79);
insert into STATION values (1252, '.', 3888, 404132.84, 5122309.97, 1282.79);
insert into STATION values (1253, '.', 3888, 404132.98, 5122310.42, 1282.88);
insert into STATION values (1254, '.', 3888, 404132.96, 5122309.89, 1283.17);
insert into STATION values (1255, '.', 3888, 404133.00, 5122309.93, 1283.47);
insert into STATION values (1256, '.', 3888, 404133.12, 5122310.16, 1284.97);
insert into STATION values (1257, '.', 3888, 404133.60, 5122310.02, 1283.60);
insert into STATION values (1258, '.', 3888, 404134.22, 5122310.06, 1284.08);
insert into STATION values (1259, '.', 3888, 404134.08, 5122310.51, 1283.66);
insert into STATION values (1260, '12', 3888, 404132.70, 5122312.65, 1284.82);
insert into STATION values (1261, '.', 3888, 404132.34, 5122317.17, 1287.91);
insert into STATION values (1262, '.', 3888, 404133.45, 5122317.14, 1287.56);
insert into STATION values (1263, '.', 3888, 404135.00, 5122317.51, 1288.13);
insert into STATION values (1264, '.', 3888, 404136.14, 5122316.02, 1287.75);
insert into STATION values (1265, '.', 3888, 404135.97, 5122313.85, 1287.23);
insert into STATION values (1266, '.', 3888, 404135.29, 5122312.49, 1286.60);
insert into STATION values (1267, '.', 3888, 404135.09, 5122311.51, 1286.67);
insert into STATION values (1268, '.', 3888, 404132.50, 5122312.88, 1285.97);
insert into STATION values (1269, '.', 3888, 404131.87, 5122314.98, 1286.86);
insert into STATION values (1270, '.', 3888, 404132.07, 5122316.42, 1287.16);
insert into STATION values (1271, '.', 3888, 404132.75, 5122311.73, 1286.21);
insert into STATION values (1272, '.', 3888, 404133.21, 5122310.43, 1286.53);
insert into STATION values (1273, '.', 3888, 404133.69, 5122309.09, 1287.13);
insert into STATION values (1274, '.', 3888, 404134.30, 5122307.32, 1287.78);
insert into STATION values (1275, '.', 3888, 404135.98, 5122304.16, 1290.18);
insert into STATION values (1276, '.', 3888, 404136.19, 5122301.62, 1290.29);
insert into STATION values (1277, '13', 3888, 404134.52, 5122313.23, 1285.66);
insert into STATION values (1278, '.', 3888, 404136.31, 5122313.83, 1286.58);
insert into STATION values (1279, '.', 3888, 404134.04, 5122314.06, 1304.61);
insert into STATION values (1280, '.', 3888, 404134.76, 5122314.73, 1304.50);
insert into STATION values (1281, '.', 3888, 404135.24, 5122314.45, 1296.57);
insert into STATION values (1282, '.', 3888, 404133.64, 5122315.49, 1294.57);
insert into STATION values (1283, '.', 3888, 404133.54, 5122315.60, 1291.97);
insert into STATION values (1284, '.', 3888, 404133.28, 5122316.09, 1290.68);
insert into STATION values (1285, '.', 3888, 404133.02, 5122316.30, 1289.61);
insert into STATION values (1286, '.', 3888, 404132.91, 5122316.66, 1288.53);
insert into STATION values (1287, '.', 3888, 404132.99, 5122316.57, 1286.95);
insert into STATION values (1288, '.', 3888, 404132.70, 5122316.92, 1285.84);
insert into STATION values (1289, '.', 3888, 404131.56, 5122315.07, 1286.35);
insert into STATION values (1290, '.', 3888, 404131.57, 5122314.06, 1286.42);
insert into STATION values (1291, '.', 3888, 404131.82, 5122313.46, 1286.39);
insert into STATION values (1292, '.', 3888, 404132.12, 5122312.50, 1286.54);
insert into STATION values (1293, '.', 3888, 404132.31, 5122311.95, 1286.50);
insert into STATION values (1294, '.', 3888, 404132.53, 5122311.44, 1286.68);
insert into STATION values (1295, '14', 3888, 404134.51, 5122315.28, 1285.84);
insert into STATION values (1296, '.', 3888, 404134.99, 5122317.28, 1285.99);
insert into STATION values (1297, '15', 3888, 404131.04, 5122313.09, 1305.48);
insert into STATION values (1298, '16', 3888, 404125.82, 5122315.09, 1307.63);
insert into STATION values (1299, '17', 3888, 404127.54, 5122317.76, 1311.63);
insert into STATION values (1300, '18', 3888, 404124.64, 5122318.89, 1311.40);
insert into STATION values (1301, '1', 3962, 404119.00, 5122286.26, 1289.30);
insert into STATION values (1302, '2', 3962, 404114.50, 5122287.09, 1289.01);
insert into STATION values (1303, '3', 3962, 404113.95, 5122286.49, 1289.36);
insert into STATION values (1304, '4', 3962, 404114.92, 5122290.96, 1291.27);
insert into STATION values (1305, '5', 3962, 404116.72, 5122290.45, 1292.03);
insert into STATION values (1306, '6', 3962, 404114.25, 5122293.26, 1292.83);
insert into STATION values (1307, '7', 3962, 404116.43, 5122295.16, 1291.95);
insert into STATION values (1308, '8', 3962, 404116.55, 5122294.96, 1294.03);
insert into STATION values (1309, '9', 3962, 404119.01, 5122297.84, 1294.23);
insert into STATION values (1310, '10', 3962, 404119.62, 5122296.98, 1294.18);
insert into STATION values (1311, '11', 3962, 404122.25, 5122301.90, 1297.72);
insert into STATION values (1312, '12', 3962, 404121.12, 5122300.68, 1297.74);
insert into STATION values (1313, '13', 3962, 404120.07, 5122303.56, 1301.20);
insert into STATION values (1314, '14', 3962, 404118.62, 5122306.58, 1302.93);
insert into STATION values (1315, '15', 3962, 404116.60, 5122307.87, 1303.24);
insert into STATION values (1316, '16', 3962, 404116.75, 5122308.68, 1303.69);
insert into STATION values (1317, '17', 3962, 404114.68, 5122310.71, 1303.84);
insert into STATION values (1318, '18', 3962, 404112.56, 5122313.53, 1305.00);
insert into STATION values (1319, '19', 3962, 404115.19, 5122313.08, 1305.67);
insert into STATION values (1320, '20', 3962, 404113.55, 5122318.52, 1305.56);
insert into STATION values (1321, '21', 3962, 404117.72, 5122320.90, 1307.11);
insert into STATION values (1322, '22', 3962, 404118.14, 5122320.16, 1308.13);
insert into STATION values (1323, '23', 3962, 404124.75, 5122320.11, 1310.49);
insert into STATION values (1324, '24', 3962, 404126.19, 5122320.07, 1311.14);
insert into STATION values (1325, '25', 3962, 404124.64, 5122318.89, 1311.40);
insert into STATION values (1326, '2', 4038, 404116.36, 5122278.97, 1282.95);
insert into STATION values (1327, '1', 4038, 404116.78, 5122277.03, 1281.86);
insert into STATION values (1328, '3', 4038, 404117.42, 5122283.74, 1286.96);
insert into STATION values (1329, '4', 4038, 404119.00, 5122286.26, 1289.30);
insert into STATION values (1330, '1', 4063, 404098.52, 5122255.11, 1257.03);
insert into STATION values (1331, '2', 4063, 404100.80, 5122254.81, 1260.45);
insert into STATION values (1332, '3', 4063, 404102.85, 5122256.11, 1263.24);
insert into STATION values (1333, '4', 4063, 404104.65, 5122258.07, 1263.52);
insert into STATION values (1334, '5', 4063, 404106.18, 5122257.55, 1263.95);
insert into STATION values (1335, '6', 4063, 404107.63, 5122258.74, 1268.60);
insert into STATION values (1336, '7', 4063, 404108.18, 5122260.19, 1269.04);
insert into STATION values (1337, '8', 4063, 404109.50, 5122261.41, 1268.60);
insert into STATION values (1338, '9', 4063, 404108.64, 5122265.00, 1268.60);
insert into STATION values (1339, '10', 4063, 404108.32, 5122267.39, 1272.17);
insert into STATION values (1340, '11', 4063, 404111.21, 5122268.65, 1272.90);
insert into STATION values (1341, '12', 4063, 404110.41, 5122271.03, 1274.23);
insert into STATION values (1342, '13', 4063, 404114.23, 5122272.61, 1276.62);
insert into STATION values (1343, '14', 4063, 404115.67, 5122276.68, 1280.37);
insert into STATION values (1344, '15', 4063, 404116.78, 5122277.03, 1281.86);
insert into STATION values (1345, '2', 4112, 404091.02, 5122257.62, 1250.39);
insert into STATION values (1346, '1', 4112, 404098.52, 5122255.11, 1257.03);
insert into STATION values (1347, '3', 4112, 404088.93, 5122255.84, 1250.39);
insert into STATION values (1348, '4', 4112, 404078.19, 5122252.87, 1240.36);
insert into STATION values (1349, '5', 4112, 404091.02, 5122257.62, 1241.77);
insert into STATION values (1350, '0', 4131, 403997.02, 5122255.01, 1182.77);
insert into STATION values (1351, '.', 4131, 403998.34, 5122255.49, 1182.55);
insert into STATION values (1352, '.', 4131, 403997.83, 5122256.32, 1182.51);
insert into STATION values (1353, '.', 4131, 404000.09, 5122273.68, 1180.84);
insert into STATION values (1354, '.', 4131, 403997.26, 5122255.82, 1187.03);
insert into STATION values (1355, '.', 4131, 403996.58, 5122255.10, 1184.07);
insert into STATION values (1356, '.', 4131, 403997.03, 5122255.20, 1184.86);
insert into STATION values (1357, '.', 4131, 403997.19, 5122255.02, 1183.76);
insert into STATION values (1358, '.', 4131, 403996.45, 5122254.95, 1182.73);
insert into STATION values (1359, '.', 4131, 403996.45, 5122254.93, 1183.07);
insert into STATION values (1360, '.', 4131, 403996.53, 5122254.95, 1183.43);
insert into STATION values (1361, '.', 4131, 403996.52, 5122254.50, 1182.55);
insert into STATION values (1362, '.', 4131, 403996.67, 5122253.34, 1182.76);
insert into STATION values (1363, '1', 4131, 403998.83, 5122251.63, 1182.51);
insert into STATION values (1364, '.', 4131, 403996.93, 5122251.78, 1182.59);
insert into STATION values (1365, '.', 4131, 403996.31, 5122253.06, 1182.84);
insert into STATION values (1366, '.', 4131, 403996.09, 5122254.32, 1182.96);
insert into STATION values (1367, '.', 4131, 403994.61, 5122254.73, 1182.99);
insert into STATION values (1368, '.', 4131, 403996.38, 5122248.35, 1182.48);
insert into STATION values (1369, '.', 4131, 403996.60, 5122249.73, 1182.53);
insert into STATION values (1370, '.', 4131, 403996.82, 5122250.58, 1182.37);
insert into STATION values (1371, '.', 4131, 403998.30, 5122251.32, 1179.36);
insert into STATION values (1372, '.', 4131, 403996.71, 5122247.20, 1181.98);
insert into STATION values (1373, '2', 4131, 403996.64, 5122246.76, 1179.68);
insert into STATION values (1374, '.', 4131, 403996.83, 5122246.78, 1180.32);
insert into STATION values (1375, '.', 4131, 404002.29, 5122246.46, 1185.30);
insert into STATION values (1376, '.', 4131, 404004.57, 5122248.27, 1185.45);
insert into STATION values (1377, '.', 4131, 404006.45, 5122250.88, 1184.90);
insert into STATION values (1378, '.', 4131, 404002.34, 5122245.13, 1183.62);
insert into STATION values (1379, '.', 4131, 403999.51, 5122244.45, 1182.57);
insert into STATION values (1380, '.', 4131, 403999.30, 5122243.63, 1183.36);
insert into STATION values (1381, '.', 4131, 403999.13, 5122251.84, 1181.46);
insert into STATION values (1382, '.', 4131, 404001.32, 5122250.65, 1181.97);
insert into STATION values (1383, '.', 4131, 404004.49, 5122250.47, 1182.96);
insert into STATION values (1384, '3', 4131, 404002.09, 5122245.37, 1181.74);
insert into STATION values (1385, '.', 4131, 403996.95, 5122244.96, 1182.40);
insert into STATION values (1386, '.', 4131, 403997.00, 5122247.13, 1182.05);
insert into STATION values (1387, '.', 4131, 403997.57, 5122249.49, 1181.63);
insert into STATION values (1388, '.', 4131, 404000.30, 5122248.37, 1181.68);
insert into STATION values (1389, '.', 4131, 404001.65, 5122250.67, 1181.78);
insert into STATION values (1390, '.', 4131, 404003.13, 5122251.37, 1181.25);
insert into STATION values (1391, '.', 4131, 404004.32, 5122252.36, 1180.84);
insert into STATION values (1392, '.', 4131, 404006.08, 5122252.42, 1179.74);
insert into STATION values (1393, '.', 4131, 404010.71, 5122261.16, 1177.09);
insert into STATION values (1394, '.', 4131, 404007.64, 5122250.86, 1180.66);
insert into STATION values (1395, '.', 4131, 404005.05, 5122247.34, 1181.34);
insert into STATION values (1396, '.', 4131, 404004.00, 5122246.21, 1182.28);
insert into STATION values (1397, '.', 4131, 404002.37, 5122244.93, 1182.45);
insert into STATION values (1398, '.', 4131, 404002.41, 5122244.83, 1183.49);
insert into STATION values (1399, '.', 4131, 404002.01, 5122245.58, 1184.33);
insert into STATION values (1400, '.', 4131, 404001.66, 5122245.98, 1184.46);
insert into STATION values (1401, '.', 4131, 404000.63, 5122247.27, 1185.50);
insert into STATION values (1402, '.', 4131, 404000.27, 5122249.10, 1184.20);
insert into STATION values (1403, '.', 4131, 404000.19, 5122249.88, 1182.02);
insert into STATION values (1404, '.', 4131, 404000.31, 5122251.05, 1181.22);
insert into STATION values (1405, '4', 4131, 404009.16, 5122258.21, 1177.54);
insert into STATION values (1406, '.', 4131, 404010.32, 5122257.44, 1177.76);
insert into STATION values (1407, '.', 4131, 404010.53, 5122257.40, 1178.92);
insert into STATION values (1408, '.', 4131, 404011.90, 5122256.78, 1182.30);
insert into STATION values (1409, '.', 4131, 404011.08, 5122257.46, 1184.29);
insert into STATION values (1410, '.', 4131, 404010.28, 5122258.40, 1187.85);
insert into STATION values (1411, '.', 4131, 404008.08, 5122258.81, 1177.40);
insert into STATION values (1412, '.', 4131, 404008.47, 5122258.73, 1178.16);
insert into STATION values (1413, '.', 4131, 404008.57, 5122258.71, 1178.66);
insert into STATION values (1414, '.', 4131, 404008.85, 5122258.79, 1179.28);
insert into STATION values (1415, '.', 4131, 404003.53, 5122249.38, 1178.42);
insert into STATION values (1416, '.', 4131, 404007.00, 5122250.46, 1178.27);
insert into STATION values (1417, '.', 4131, 404008.72, 5122252.68, 1178.11);
insert into STATION values (1418, '.', 4131, 404009.59, 5122255.12, 1177.88);
insert into STATION values (1419, '.', 4131, 404009.42, 5122256.01, 1177.55);
insert into STATION values (1420, '.', 4131, 404008.20, 5122258.57, 1177.57);
insert into STATION values (1421, '.', 4131, 404008.37, 5122259.01, 1177.60);
insert into STATION values (1422, '5', 4131, 404007.98, 5122260.90, 1175.90);
insert into STATION values (1423, '.', 4131, 404010.23, 5122260.94, 1175.68);
insert into STATION values (1424, '.', 4131, 404011.31, 5122261.25, 1175.48);
insert into STATION values (1425, '.', 4131, 404009.00, 5122260.08, 1175.91);
insert into STATION values (1426, '.', 4131, 404008.62, 5122262.66, 1175.67);
insert into STATION values (1427, '.', 4131, 404006.74, 5122261.54, 1175.66);
insert into STATION values (1428, '.', 4131, 404006.94, 5122261.41, 1175.81);
insert into STATION values (1429, '.', 4131, 404006.86, 5122261.78, 1175.86);
insert into STATION values (1430, '.', 4131, 404011.08, 5122257.43, 1178.90);
insert into STATION values (1431, '.', 4131, 404008.29, 5122260.71, 1176.11);
insert into STATION values (1432, '6', 4131, 404010.03, 5122263.25, 1174.07);
insert into STATION values (1433, '.', 4131, 404012.10, 5122265.80, 1172.62);
insert into STATION values (1434, '.', 4131, 404009.78, 5122263.69, 1174.12);
insert into STATION values (1435, '.', 4131, 404010.32, 5122263.77, 1174.14);
insert into STATION values (1436, '.', 4131, 404010.82, 5122262.94, 1174.19);
insert into STATION values (1437, '.', 4131, 404011.19, 5122263.04, 1174.24);
insert into STATION values (1438, '.', 4131, 404010.45, 5122262.30, 1174.32);
insert into STATION values (1439, '.', 4131, 404010.42, 5122262.02, 1174.44);
insert into STATION values (1440, '.', 4131, 404008.90, 5122262.99, 1174.48);
insert into STATION values (1441, '.', 4131, 404007.45, 5122262.34, 1175.03);
insert into STATION values (1442, '7', 4131, 404012.56, 5122265.78, 1174.29);
insert into STATION values (1443, '.', 4131, 404015.47, 5122263.40, 1175.38);
insert into STATION values (1444, '.', 4131, 404014.42, 5122262.65, 1175.84);
insert into STATION values (1445, '.', 4131, 404012.73, 5122263.57, 1175.50);
insert into STATION values (1446, '.', 4131, 404012.23, 5122264.35, 1174.91);
insert into STATION values (1447, '.', 4131, 404011.70, 5122264.39, 1174.67);
insert into STATION values (1448, '.', 4131, 404011.69, 5122263.96, 1175.03);
insert into STATION values (1449, '.', 4131, 404012.81, 5122265.75, 1175.91);
insert into STATION values (1450, '.', 4131, 404012.46, 5122264.96, 1175.82);
insert into STATION values (1451, '.', 4131, 404012.59, 5122264.25, 1175.87);
insert into STATION values (1452, '.', 4131, 404012.56, 5122264.22, 1174.77);
insert into STATION values (1453, '.', 4131, 404012.55, 5122264.54, 1174.12);
insert into STATION values (1454, '.', 4131, 404012.57, 5122264.74, 1173.64);
insert into STATION values (1455, '8', 4131, 404014.29, 5122264.89, 1173.67);
insert into STATION values (1456, '.', 4131, 404015.89, 5122263.74, 1173.17);
insert into STATION values (1457, '9', 4131, 404015.40, 5122265.48, 1171.78);
insert into STATION values (1458, '.', 4131, 404016.50, 5122266.19, 1169.88);
insert into STATION values (1459, '.', 4131, 404015.68, 5122263.49, 1172.04);
insert into STATION values (1460, '.', 4131, 404015.19, 5122263.12, 1172.07);
insert into STATION values (1461, '.', 4131, 404014.97, 5122264.15, 1171.95);
insert into STATION values (1462, '.', 4131, 404015.78, 5122264.26, 1172.38);
insert into STATION values (1463, '.', 4131, 404015.69, 5122264.40, 1174.65);
insert into STATION values (1464, '.', 4131, 404015.06, 5122264.65, 1175.87);
insert into STATION values (1465, '.', 4131, 404014.66, 5122265.63, 1175.62);
insert into STATION values (1466, '.', 4131, 404013.70, 5122266.00, 1175.99);
insert into STATION values (1467, '.', 4131, 404017.89, 5122267.53, 1174.90);
insert into STATION values (1468, '.', 4131, 404019.27, 5122267.12, 1173.97);
insert into STATION values (1469, '.', 4131, 404019.30, 5122267.10, 1173.52);
insert into STATION values (1470, '.', 4131, 404017.15, 5122265.06, 1172.23);
insert into STATION values (1471, '.', 4131, 404016.60, 5122264.68, 1172.01);
insert into STATION values (1472, '10', 4131, 404015.56, 5122263.34, 1171.00);
insert into STATION values (1473, '.', 4131, 404015.65, 5122263.24, 1169.74);
insert into STATION values (1474, '.', 4131, 404014.91, 5122263.68, 1169.96);
insert into STATION values (1475, '.', 4131, 404015.31, 5122263.50, 1171.01);
insert into STATION values (1476, '.', 4131, 404015.19, 5122263.59, 1171.82);
insert into STATION values (1477, '.', 4131, 404015.18, 5122263.38, 1172.63);
insert into STATION values (1478, '.', 4131, 404015.57, 5122263.37, 1172.25);
insert into STATION values (1479, '.', 4131, 404015.64, 5122263.33, 1171.40);
insert into STATION values (1480, '11', 4131, 404012.93, 5122260.14, 1170.87);
insert into STATION values (1481, '.', 4131, 404010.16, 5122257.07, 1170.78);
insert into STATION values (1482, '.', 4131, 404012.62, 5122260.42, 1170.95);
insert into STATION values (1483, '.', 4131, 404012.75, 5122260.42, 1171.34);
insert into STATION values (1484, '.', 4131, 404012.76, 5122260.34, 1173.05);
insert into STATION values (1485, '.', 4131, 404013.23, 5122259.95, 1172.13);
insert into STATION values (1486, '.', 4131, 404013.51, 5122259.77, 1171.89);
insert into STATION values (1487, '.', 4131, 404013.07, 5122259.81, 1171.16);
insert into STATION values (1488, '.', 4131, 404012.79, 5122260.13, 1169.99);
insert into STATION values (1489, '.', 4131, 404012.31, 5122260.35, 1170.24);
insert into STATION values (1490, '.', 4131, 404010.94, 5122259.23, 1171.20);
insert into STATION values (1491, '.', 4131, 404013.07, 5122260.83, 1170.99);
insert into STATION values (1492, '.', 4131, 404013.66, 5122261.55, 1171.12);
insert into STATION values (1493, '.', 4131, 404010.95, 5122258.70, 1171.33);
insert into STATION values (1494, '.', 4131, 404011.00, 5122258.73, 1171.32);
insert into STATION values (1495, '.', 4131, 404010.83, 5122259.03, 1171.35);
insert into STATION values (1496, '.', 4131, 404014.89, 5122260.88, 1170.65);
insert into STATION values (1497, '.', 4131, 404014.66, 5122260.09, 1170.60);
insert into STATION values (1498, '.', 4131, 404014.13, 5122259.39, 1170.58);
insert into STATION values (1499, '.', 4131, 404013.79, 5122259.01, 1170.63);
insert into STATION values (1500, '.', 4131, 404013.68, 5122258.64, 1170.76);
insert into STATION values (1501, '.', 4131, 404013.52, 5122255.34, 1170.28);
insert into STATION values (1502, '.', 4131, 404013.05, 5122255.07, 1170.51);
insert into STATION values (1503, '.', 4131, 404011.50, 5122254.18, 1170.55);
insert into STATION values (1504, '.', 4131, 404009.98, 5122253.07, 1170.12);
insert into STATION values (1505, '.', 4131, 404011.87, 5122259.74, 1170.96);
insert into STATION values (1506, '.', 4131, 404011.41, 5122258.98, 1170.92);
insert into STATION values (1507, '.', 4131, 404011.21, 5122258.22, 1170.40);
insert into STATION values (1508, '12', 4131, 404010.92, 5122257.32, 1169.77);
insert into STATION values (1509, '.', 4131, 404008.94, 5122254.44, 1168.74);
insert into STATION values (1510, '.', 4131, 404014.14, 5122258.34, 1170.09);
insert into STATION values (1511, '.', 4131, 404014.37, 5122256.94, 1170.23);
insert into STATION values (1512, '.', 4131, 404014.70, 5122255.90, 1170.36);
insert into STATION values (1513, '.', 4131, 404013.57, 5122255.15, 1170.35);
insert into STATION values (1514, '.', 4131, 404012.62, 5122254.46, 1170.37);
insert into STATION values (1515, '.', 4131, 404011.43, 5122254.23, 1170.41);
insert into STATION values (1516, '.', 4131, 404010.79, 5122253.51, 1171.47);
insert into STATION values (1517, '.', 4131, 404010.99, 5122257.08, 1173.17);
insert into STATION values (1518, '.', 4131, 404010.94, 5122257.05, 1171.23);
insert into STATION values (1519, '.', 4131, 404012.23, 5122256.54, 1171.50);
insert into STATION values (1520, '.', 4131, 404013.36, 5122256.10, 1170.98);
insert into STATION values (1521, '.', 4131, 404011.47, 5122257.05, 1168.84);
insert into STATION values (1522, '.', 4131, 404012.44, 5122256.03, 1168.97);
insert into STATION values (1523, '13', 4131, 404010.51, 5122253.81, 1171.24);
insert into STATION values (1524, '.', 4131, 404009.12, 5122252.84, 1171.21);
insert into STATION values (1525, '.', 4131, 404006.14, 5122252.64, 1170.87);
insert into STATION values (1526, '.', 4131, 404007.78, 5122253.99, 1170.98);
insert into STATION values (1527, '.', 4131, 404008.26, 5122254.37, 1171.02);
insert into STATION values (1528, '.', 4131, 404010.10, 5122255.74, 1170.66);
insert into STATION values (1529, '.', 4131, 404011.21, 5122257.99, 1170.66);
insert into STATION values (1530, '.', 4131, 404013.55, 5122259.96, 1170.69);
insert into STATION values (1531, '.', 4131, 404015.67, 5122262.01, 1170.24);
insert into STATION values (1532, '.', 4131, 404013.06, 5122259.03, 1170.09);
insert into STATION values (1533, '.', 4131, 404007.32, 5122256.11, 1171.03);
insert into STATION values (1534, '14', 4131, 404006.36, 5122252.00, 1170.95);
insert into STATION values (1535, '.', 4131, 404005.54, 5122252.21, 1172.60);
insert into STATION values (1536, '.', 4131, 404005.86, 5122252.03, 1172.37);
insert into STATION values (1537, '.', 4131, 404006.77, 5122252.01, 1171.96);
insert into STATION values (1538, '.', 4131, 404007.74, 5122251.39, 1171.01);
insert into STATION values (1539, '.', 4131, 404007.97, 5122251.94, 1171.04);
insert into STATION values (1540, '.', 4131, 404007.37, 5122251.24, 1171.02);
insert into STATION values (1541, '.', 4131, 404007.40, 5122251.43, 1170.00);
insert into STATION values (1542, '.', 4131, 404008.09, 5122252.11, 1171.08);
insert into STATION values (1543, '.', 4131, 404009.49, 5122253.43, 1170.96);
insert into STATION values (1544, '.', 4131, 404013.63, 5122257.37, 1170.79);
insert into STATION values (1545, '.', 4131, 404007.62, 5122253.04, 1171.02);
insert into STATION values (1546, '.', 4131, 404011.75, 5122254.61, 1170.90);
insert into STATION values (1547, '15', 4131, 404016.55, 5122265.29, 1170.95);
insert into STATION values (1548, '.', 4131, 404017.83, 5122265.17, 1170.31);
insert into STATION values (1549, '.', 4131, 404016.75, 5122265.28, 1174.57);
insert into STATION values (1550, '.', 4131, 404015.69, 5122266.15, 1176.44);
insert into STATION values (1551, '.', 4131, 404015.03, 5122265.96, 1174.70);
insert into STATION values (1552, '.', 4131, 404018.16, 5122269.41, 1175.90);
insert into STATION values (1553, '16', 4131, 404016.84, 5122267.00, 1173.00);
insert into STATION values (1554, '.', 4131, 404017.51, 5122268.67, 1174.96);
insert into STATION values (1555, '.', 4131, 404016.96, 5122267.00, 1175.64);
insert into STATION values (1556, '.', 4131, 404017.78, 5122266.22, 1174.87);
insert into STATION values (1557, '.', 4131, 404019.06, 5122265.39, 1174.87);
insert into STATION values (1558, '.', 4131, 404018.01, 5122266.00, 1172.95);
insert into STATION values (1559, '.', 4131, 404018.31, 5122266.42, 1172.73);
insert into STATION values (1560, '.', 4131, 404017.50, 5122267.78, 1169.80);
insert into STATION values (1561, '.', 4131, 404017.30, 5122266.84, 1171.90);
insert into STATION values (1562, '.', 4131, 404017.72, 5122266.13, 1172.00);
insert into STATION values (1563, '.', 4131, 404017.92, 5122265.86, 1172.30);
insert into STATION values (1564, '.', 4131, 404018.02, 5122265.60, 1173.04);
insert into STATION values (1565, '.', 4131, 404016.77, 5122264.79, 1172.95);
insert into STATION values (1566, '.', 4131, 404015.80, 5122264.07, 1172.76);
insert into STATION values (1567, '.', 4131, 404015.09, 5122264.32, 1172.72);
insert into STATION values (1568, '.', 4131, 404013.65, 5122263.89, 1173.47);
insert into STATION values (1569, '17', 4131, 404021.61, 5122263.90, 1173.17);
insert into STATION values (1570, '.', 4131, 404020.70, 5122263.58, 1173.32);
insert into STATION values (1571, '.', 4131, 404020.25, 5122264.09, 1173.31);
insert into STATION values (1572, '.', 4131, 404019.76, 5122265.09, 1173.25);
insert into STATION values (1573, '.', 4131, 404020.80, 5122265.43, 1173.29);
insert into STATION values (1574, '.', 4131, 404021.24, 5122265.24, 1173.38);
insert into STATION values (1575, '.', 4131, 404021.80, 5122265.28, 1173.26);
insert into STATION values (1576, '.', 4131, 404022.12, 5122265.20, 1173.36);
insert into STATION values (1577, '.', 4131, 404021.26, 5122263.19, 1173.40);
insert into STATION values (1578, '.', 4131, 404021.55, 5122263.83, 1174.58);
insert into STATION values (1579, '.', 4131, 404020.80, 5122264.73, 1175.87);
insert into STATION values (1580, '.', 4131, 404019.95, 5122265.15, 1175.64);
insert into STATION values (1581, '.', 4131, 404018.52, 5122266.50, 1175.56);
insert into STATION values (1582, '.', 4131, 404017.59, 5122266.85, 1174.69);
insert into STATION values (1583, '.', 4131, 404016.56, 5122267.46, 1173.84);
insert into STATION values (1584, '.', 4131, 404016.99, 5122267.29, 1172.34);
insert into STATION values (1585, '.', 4131, 404016.40, 5122266.89, 1173.15);
insert into STATION values (1586, '18', 4131, 404022.23, 5122266.34, 1173.22);
insert into STATION values (1587, '.', 4131, 404021.65, 5122266.40, 1173.27);
insert into STATION values (1588, '.', 4131, 404021.80, 5122266.52, 1173.73);
insert into STATION values (1589, '.', 4131, 404022.31, 5122266.45, 1173.83);
insert into STATION values (1590, '.', 4131, 404022.34, 5122266.28, 1173.76);
insert into STATION values (1591, '.', 4131, 404022.11, 5122266.60, 1171.99);
insert into STATION values (1592, '19', 4131, 404020.82, 5122269.18, 1172.71);
insert into STATION values (1593, '.', 4131, 404021.82, 5122268.60, 1172.73);
insert into STATION values (1594, '.', 4131, 404021.93, 5122267.87, 1172.92);
insert into STATION values (1595, '.', 4131, 404021.56, 5122269.42, 1172.63);
insert into STATION values (1596, '.', 4131, 404026.23, 5122271.92, 1172.74);
insert into STATION values (1597, '.', 4131, 404024.53, 5122272.53, 1172.41);
insert into STATION values (1598, '.', 4131, 404021.12, 5122269.07, 1172.83);
insert into STATION values (1599, '.', 4131, 404020.80, 5122269.26, 1171.97);
insert into STATION values (1600, '.', 4131, 404021.08, 5122269.04, 1171.99);
insert into STATION values (1601, '.', 4131, 404021.32, 5122268.83, 1171.97);
insert into STATION values (1602, '.', 4131, 404021.62, 5122268.52, 1172.05);
insert into STATION values (1603, '.', 4131, 404024.13, 5122270.39, 1172.36);
insert into STATION values (1604, '20', 4131, 404024.75, 5122270.66, 1172.71);
insert into STATION values (1605, '.', 4131, 404026.04, 5122268.35, 1174.25);
insert into STATION values (1606, '.', 4131, 404023.92, 5122265.48, 1179.07);
insert into STATION values (1607, '.', 4131, 404023.27, 5122268.65, 1174.30);
insert into STATION values (1608, '.', 4131, 404023.00, 5122269.20, 1174.20);
insert into STATION values (1609, '.', 4131, 404023.52, 5122271.51, 1174.07);
insert into STATION values (1610, '.', 4131, 404024.55, 5122271.82, 1173.97);
insert into STATION values (1611, '.', 4131, 404025.55, 5122271.72, 1173.97);
insert into STATION values (1612, '.', 4131, 404026.01, 5122271.14, 1173.60);
insert into STATION values (1613, '.', 4131, 404022.95, 5122271.72, 1172.44);
insert into STATION values (1614, '.', 4131, 404021.65, 5122269.79, 1172.90);
insert into STATION values (1615, '.', 4131, 404021.47, 5122269.15, 1173.17);
insert into STATION values (1616, '.', 4131, 404022.85, 5122269.07, 1173.26);
insert into STATION values (1617, '.', 4131, 404023.18, 5122268.74, 1173.44);
insert into STATION values (1618, '21', 4131, 404026.41, 5122270.95, 1172.40);
insert into STATION values (1619, '.', 4131, 404028.09, 5122271.16, 1172.17);
insert into STATION values (1620, '.', 4131, 404027.18, 5122269.13, 1172.42);
insert into STATION values (1621, '.', 4131, 404026.43, 5122269.44, 1172.59);
insert into STATION values (1622, '.', 4131, 404025.55, 5122269.88, 1172.65);
insert into STATION values (1623, '.', 4131, 404025.19, 5122270.45, 1172.57);
insert into STATION values (1624, '.', 4131, 404025.20, 5122272.75, 1172.82);
insert into STATION values (1625, '.', 4131, 404026.39, 5122270.96, 1170.93);
insert into STATION values (1626, '.', 4131, 404027.32, 5122270.34, 1169.74);
insert into STATION values (1627, '.', 4131, 404028.68, 5122269.67, 1169.45);
insert into STATION values (1628, '.', 4131, 404029.40, 5122269.07, 1169.34);
insert into STATION values (1629, '22', 4131, 404029.83, 5122269.02, 1169.74);
insert into STATION values (1630, '.', 4131, 404029.63, 5122267.86, 1170.19);
insert into STATION values (1631, '.', 4131, 404029.23, 5122268.34, 1170.39);
insert into STATION values (1632, '.', 4131, 404028.52, 5122268.58, 1170.51);
insert into STATION values (1633, '.', 4131, 404027.61, 5122268.78, 1170.57);
insert into STATION values (1634, '.', 4131, 404027.23, 5122269.27, 1170.38);
insert into STATION values (1635, '.', 4131, 404025.89, 5122269.74, 1170.45);
insert into STATION values (1636, '.', 4131, 404026.11, 5122270.25, 1170.43);
insert into STATION values (1637, '.', 4131, 404025.95, 5122268.10, 1170.15);
insert into STATION values (1638, '.', 4131, 404030.31, 5122270.20, 1169.77);
insert into STATION values (1639, '.', 4131, 404030.89, 5122269.77, 1169.83);
insert into STATION values (1640, '.', 4131, 404031.60, 5122269.70, 1169.76);
insert into STATION values (1641, '.', 4131, 404032.17, 5122269.46, 1169.77);
insert into STATION values (1642, '.', 4131, 404032.39, 5122269.59, 1169.62);
insert into STATION values (1643, '23', 4131, 404031.24, 5122269.94, 1169.83);
insert into STATION values (1644, '.', 4131, 404032.71, 5122270.72, 1169.91);
insert into STATION values (1645, '24', 4131, 404032.85, 5122267.24, 1167.35);
insert into STATION values (1646, '.', 4131, 404033.44, 5122268.61, 1167.44);
insert into STATION values (1647, '.', 4131, 404037.22, 5122270.42, 1167.21);
insert into STATION values (1648, '.', 4131, 404037.18, 5122269.13, 1166.93);
insert into STATION values (1649, '.', 4131, 404036.98, 5122268.28, 1166.69);
insert into STATION values (1650, '.', 4131, 404036.82, 5122267.42, 1166.39);
insert into STATION values (1651, '.', 4131, 404036.61, 5122266.86, 1165.91);
insert into STATION values (1652, '.', 4131, 404036.47, 5122266.20, 1166.24);
insert into STATION values (1653, '.', 4131, 404033.58, 5122267.82, 1173.79);
insert into STATION values (1654, '.', 4131, 404033.66, 5122268.40, 1177.54);
insert into STATION values (1655, '.', 4131, 404032.66, 5122268.00, 1173.73);
insert into STATION values (1656, '.', 4131, 404032.51, 5122269.84, 1171.57);
insert into STATION values (1657, '.', 4131, 404030.62, 5122268.21, 1168.20);
insert into STATION values (1658, '.', 4131, 404030.55, 5122269.17, 1168.18);
insert into STATION values (1659, '25', 4131, 404034.89, 5122269.01, 1165.28);
insert into STATION values (1660, '.', 4131, 404036.64, 5122268.62, 1165.41);
insert into STATION values (1661, '.', 4131, 404036.38, 5122267.22, 1165.50);
insert into STATION values (1662, '.', 4131, 404036.01, 5122265.56, 1165.70);
insert into STATION values (1663, '.', 4131, 404033.35, 5122256.51, 1165.39);
insert into STATION values (1664, '.', 4131, 404033.87, 5122265.23, 1165.41);
insert into STATION values (1665, '.', 4131, 404033.24, 5122266.38, 1165.45);
insert into STATION values (1666, '.', 4131, 404032.73, 5122267.64, 1165.20);
insert into STATION values (1667, '.', 4131, 404032.81, 5122268.66, 1165.23);
insert into STATION values (1668, '.', 4131, 404033.00, 5122268.62, 1165.30);
insert into STATION values (1669, '.', 4131, 404035.04, 5122269.04, 1167.66);
insert into STATION values (1670, '.', 4131, 404033.64, 5122269.82, 1168.57);
insert into STATION values (1671, '.', 4131, 404033.11, 5122270.11, 1167.33);
insert into STATION values (1672, '.', 4131, 404033.62, 5122270.25, 1166.74);
insert into STATION values (1673, '.', 4131, 404033.28, 5122269.72, 1165.89);
insert into STATION values (1674, '.', 4131, 404033.18, 5122269.77, 1165.44);
insert into STATION values (1675, '26', 4131, 404034.81, 5122275.12, 1171.09);
insert into STATION values (1676, '.', 4131, 404035.11, 5122276.35, 1170.92);
insert into STATION values (1677, '.', 4131, 404036.57, 5122278.71, 1170.67);
insert into STATION values (1678, '.', 4131, 404046.60, 5122298.14, 1166.15);
insert into STATION values (1679, '.', 4131, 404047.72, 5122296.16, 1166.51);
insert into STATION values (1680, '.', 4131, 404038.88, 5122280.61, 1170.00);
insert into STATION values (1681, '.', 4131, 404038.28, 5122277.33, 1170.71);
insert into STATION values (1682, '.', 4131, 404038.00, 5122276.20, 1170.74);
insert into STATION values (1683, '.', 4131, 404037.70, 5122275.16, 1171.12);
insert into STATION values (1684, '.', 4131, 404034.65, 5122274.93, 1169.58);
insert into STATION values (1685, '.', 4131, 404035.17, 5122276.00, 1169.33);
insert into STATION values (1686, '.', 4131, 404035.87, 5122276.81, 1168.42);
insert into STATION values (1687, '.', 4131, 404036.41, 5122277.44, 1168.23);
insert into STATION values (1688, '.', 4131, 404037.09, 5122279.40, 1167.52);
insert into STATION values (1689, '27', 4131, 404037.21, 5122279.60, 1167.34);
insert into STATION values (1690, '.', 4131, 404038.96, 5122298.08, 1167.54);
insert into STATION values (1691, '.', 4131, 404044.37, 5122302.28, 1167.01);
insert into STATION values (1692, '.', 4131, 404048.23, 5122296.76, 1167.13);
insert into STATION values (1693, '.', 4131, 404049.71, 5122292.81, 1166.87);
insert into STATION values (1694, '.', 4131, 404038.89, 5122280.34, 1167.28);
insert into STATION values (1695, '.', 4131, 404039.06, 5122278.99, 1167.39);
insert into STATION values (1696, '.', 4131, 404039.02, 5122278.14, 1167.41);
insert into STATION values (1697, '.', 4131, 404038.39, 5122276.52, 1167.87);
insert into STATION values (1698, '.', 4131, 404039.19, 5122277.21, 1169.76);
insert into STATION values (1699, '.', 4131, 404037.57, 5122278.44, 1173.28);
insert into STATION values (1700, '28', 4131, 404039.30, 5122289.20, 1156.00);
insert into STATION values (1701, '0', 4423, 404020.21, 5122303.39, 1169.41);
insert into STATION values (1702, '-', 4423, 404022.89, 5122302.98, 1169.30);
insert into STATION values (1703, '-', 4423, 404021.25, 5122303.38, 1169.76);
insert into STATION values (1704, '-', 4423, 404020.68, 5122303.57, 1169.82);
insert into STATION values (1705, '-', 4423, 404020.18, 5122303.59, 1170.03);
insert into STATION values (1706, '-', 4423, 404020.31, 5122303.73, 1169.49);
insert into STATION values (1707, '1', 4423, 404019.04, 5122294.65, 1169.41);
insert into STATION values (1708, '-', 4423, 404020.49, 5122295.15, 1169.43);
insert into STATION values (1709, '-', 4423, 404020.62, 5122294.59, 1169.39);
insert into STATION values (1710, '-', 4423, 404018.27, 5122293.67, 1169.52);
insert into STATION values (1711, '-', 4423, 404018.58, 5122294.74, 1169.37);
insert into STATION values (1712, '-', 4423, 404019.12, 5122294.62, 1170.68);
insert into STATION values (1713, '-', 4423, 404019.87, 5122294.45, 1170.65);
insert into STATION values (1714, '-', 4423, 404020.19, 5122294.61, 1170.06);
insert into STATION values (1715, '-', 4423, 404020.60, 5122293.57, 1169.54);
insert into STATION values (1716, '2', 4423, 404018.26, 5122291.82, 1169.17);
insert into STATION values (1717, '-', 4423, 404018.89, 5122291.80, 1169.11);
insert into STATION values (1718, '-', 4423, 404018.80, 5122291.34, 1169.83);
insert into STATION values (1719, '-', 4423, 404019.41, 5122291.45, 1168.16);
insert into STATION values (1720, '-', 4423, 404019.26, 5122291.54, 1167.84);
insert into STATION values (1721, '3', 4423, 404017.27, 5122283.93, 1168.14);
insert into STATION values (1722, '-', 4423, 404017.87, 5122283.80, 1168.16);
insert into STATION values (1723, '-', 4423, 404016.94, 5122283.57, 1169.09);
insert into STATION values (1724, '-', 4423, 404016.17, 5122284.03, 1168.61);
insert into STATION values (1725, '-', 4423, 404015.73, 5122284.30, 1168.11);
insert into STATION values (1726, '-', 4423, 404016.48, 5122283.96, 1168.77);
insert into STATION values (1727, '4', 4423, 404016.74, 5122279.72, 1168.56);
insert into STATION values (1728, '-', 4423, 404016.24, 5122275.65, 1168.93);
insert into STATION values (1729, '-', 4423, 404016.27, 5122275.73, 1169.04);
insert into STATION values (1730, '-', 4423, 404017.47, 5122279.68, 1168.50);
insert into STATION values (1731, '-', 4423, 404017.82, 5122279.84, 1168.02);
insert into STATION values (1732, '-', 4423, 404016.79, 5122279.70, 1169.46);
insert into STATION values (1733, '-', 4423, 404015.32, 5122279.77, 1168.80);
insert into STATION values (1734, '-', 4423, 404015.24, 5122280.00, 1168.09);
insert into STATION values (1735, '-', 4423, 404015.27, 5122280.01, 1169.04);
insert into STATION values (1736, '-', 4423, 404016.78, 5122277.47, 1171.20);
insert into STATION values (1737, '5', 4423, 404016.82, 5122277.54, 1171.18);
insert into STATION values (1738, '6', 4423, 404012.73, 5122278.65, 1166.07);
insert into STATION values (1739, '-', 4423, 404008.72, 5122279.85, 1161.02);
insert into STATION values (1740, '-', 4423, 404008.63, 5122279.22, 1160.86);
insert into STATION values (1741, '7', 4423, 404017.89, 5122271.94, 1171.91);
insert into STATION values (1742, '-', 4423, 404018.70, 5122271.90, 1171.99);
insert into STATION values (1743, '-', 4423, 404019.03, 5122272.02, 1171.64);
insert into STATION values (1744, '-', 4423, 404017.48, 5122271.92, 1171.81);
insert into STATION values (1745, '-', 4423, 404016.99, 5122271.69, 1171.23);
insert into STATION values (1746, '-', 4423, 404017.99, 5122271.97, 1171.20);
insert into STATION values (1747, '-', 4423, 404017.93, 5122272.13, 1171.00);
insert into STATION values (1748, '8', 4423, 404016.88, 5122264.99, 1171.22);
insert into STATION values (1749, '-', 4423, 404017.59, 5122264.59, 1171.23);
insert into STATION values (1750, '-', 4423, 404017.06, 5122264.82, 1171.77);
insert into STATION values (1751, '-', 4423, 404016.76, 5122264.77, 1174.22);
insert into STATION values (1752, '-', 4423, 404015.96, 5122265.37, 1176.20);
insert into STATION values (1753, '-', 4423, 404012.59, 5122265.99, 1175.67);
insert into STATION values (1754, '9', 4423, 404015.40, 5122265.48, 1171.78);
insert into STATION values (1755, '-', 4423, 404013.95, 5122265.99, 1172.34);
insert into STATION values (1756, '0', 4481, 403994.79, 5122128.86, 1157.11);
insert into STATION values (1757, '.', 4481, 403994.79, 5122128.89, 1157.59);
insert into STATION values (1758, '.', 4481, 403994.52, 5122128.96, 1157.67);
insert into STATION values (1759, '.', 4481, 403995.23, 5122128.75, 1157.29);
insert into STATION values (1760, '.', 4481, 403995.60, 5122128.78, 1157.07);
insert into STATION values (1761, '.', 4481, 403996.01, 5122128.80, 1156.68);
insert into STATION values (1762, '.', 4481, 403995.07, 5122130.41, 1157.22);
insert into STATION values (1763, '.', 4481, 403995.78, 5122129.83, 1157.01);
insert into STATION values (1764, '.', 4481, 403996.19, 5122129.57, 1156.75);
insert into STATION values (1765, '.', 4481, 403995.52, 5122128.06, 1157.13);
insert into STATION values (1766, '.', 4481, 403994.96, 5122127.27, 1157.07);
insert into STATION values (1767, '.', 4481, 403994.34, 5122126.64, 1157.19);
insert into STATION values (1768, '.', 4481, 403991.02, 5122119.85, 1156.67);
insert into STATION values (1769, '.', 4481, 403990.95, 5122117.65, 1156.62);
insert into STATION values (1770, '.', 4481, 403993.87, 5122126.87, 1157.02);
insert into STATION values (1771, '.', 4481, 403994.21, 5122127.93, 1157.08);
insert into STATION values (1772, '.', 4481, 403994.41, 5122128.30, 1157.11);
insert into STATION values (1773, '.', 4481, 403991.63, 5122121.97, 1156.78);
insert into STATION values (1774, '.', 4481, 403994.23, 5122125.79, 1156.97);
insert into STATION values (1775, '.', 4481, 403993.89, 5122125.40, 1156.96);
insert into STATION values (1776, '.', 4481, 403993.04, 5122123.10, 1156.89);
insert into STATION values (1777, '1', 4481, 403996.29, 5122129.55, 1156.52);
insert into STATION values (1778, '.', 4481, 403995.11, 5122129.75, 1156.62);
insert into STATION values (1779, '.', 4481, 403995.44, 5122130.46, 1156.56);
insert into STATION values (1780, '.', 4481, 403995.61, 5122130.95, 1156.62);
insert into STATION values (1781, '.', 4481, 403994.96, 5122131.20, 1156.69);
insert into STATION values (1782, '.', 4481, 403996.03, 5122129.63, 1156.61);
insert into STATION values (1783, '.', 4481, 403995.60, 5122129.90, 1156.72);
insert into STATION values (1784, '.', 4481, 403996.33, 5122129.53, 1155.99);
insert into STATION values (1785, '.', 4481, 403996.43, 5122129.52, 1155.79);
insert into STATION values (1786, '2', 4481, 403996.20, 5122133.34, 1156.77);
insert into STATION values (1787, '.', 4481, 403995.52, 5122131.41, 1156.82);
insert into STATION values (1788, '.', 4481, 403995.52, 5122129.44, 1156.41);
insert into STATION values (1789, '.', 4481, 403995.32, 5122129.60, 1156.50);
insert into STATION values (1790, '.', 4481, 403996.39, 5122129.78, 1156.35);
insert into STATION values (1791, '.', 4481, 403996.78, 5122131.04, 1156.36);
insert into STATION values (1792, '.', 4481, 403996.94, 5122131.82, 1156.31);
insert into STATION values (1793, '.', 4481, 403997.03, 5122132.15, 1156.25);
insert into STATION values (1794, '.', 4481, 403997.08, 5122132.97, 1156.57);
insert into STATION values (1795, '.', 4481, 403997.30, 5122133.19, 1156.48);
insert into STATION values (1796, '.', 4481, 403997.55, 5122134.17, 1156.36);
insert into STATION values (1797, '.', 4481, 403997.93, 5122135.56, 1156.06);
insert into STATION values (1798, '3', 4481, 403998.19, 5122139.57, 1156.22);
insert into STATION values (1799, '.', 4481, 403996.03, 5122133.47, 1156.66);
insert into STATION values (1800, '.', 4481, 403996.95, 5122133.83, 1155.94);
insert into STATION values (1801, '.', 4481, 403997.85, 5122134.93, 1155.20);
insert into STATION values (1802, '.', 4481, 403998.41, 5122136.66, 1154.99);
insert into STATION values (1803, '.', 4481, 403998.90, 5122138.21, 1155.10);
insert into STATION values (1804, '.', 4481, 403999.79, 5122139.28, 1153.99);
insert into STATION values (1805, '.', 4481, 404000.05, 5122140.71, 1153.71);
insert into STATION values (1806, '.', 4481, 403998.27, 5122139.65, 1156.13);
insert into STATION values (1807, '.', 4481, 403998.27, 5122139.65, 1156.13);
insert into STATION values (1808, '.', 4481, 404000.58, 5122142.12, 1153.54);
insert into STATION values (1809, '.', 4481, 403998.26, 5122139.64, 1156.15);
insert into STATION values (1810, '4', 4481, 404001.69, 5122143.19, 1152.44);
insert into STATION values (1811, '.', 4481, 404000.86, 5122143.58, 1152.55);
insert into STATION values (1812, '.', 4481, 404001.23, 5122144.29, 1152.37);
insert into STATION values (1813, '.', 4481, 404001.60, 5122145.24, 1152.12);
insert into STATION values (1814, '.', 4481, 404001.05, 5122146.48, 1152.25);
insert into STATION values (1815, '.', 4481, 404000.62, 5122143.16, 1152.92);
insert into STATION values (1816, '.', 4481, 404001.60, 5122143.21, 1152.94);
insert into STATION values (1817, '.', 4481, 404001.23, 5122143.28, 1153.33);
insert into STATION values (1818, '.', 4481, 404000.46, 5122143.32, 1154.30);
insert into STATION values (1819, '.', 4481, 404000.60, 5122143.37, 1153.56);
insert into STATION values (1820, '.', 4481, 404000.68, 5122143.55, 1153.09);
insert into STATION values (1821, '.', 4481, 404000.79, 5122143.63, 1152.65);
insert into STATION values (1822, '.', 4481, 404001.02, 5122143.72, 1152.34);
insert into STATION values (1823, '5', 4481, 404002.95, 5122149.47, 1151.07);
insert into STATION values (1824, '.', 4481, 404003.73, 5122149.06, 1151.06);
insert into STATION values (1825, '.', 4481, 404003.55, 5122148.30, 1151.18);
insert into STATION values (1826, '.', 4481, 404003.19, 5122147.66, 1151.23);
insert into STATION values (1827, '.', 4481, 404002.78, 5122147.02, 1151.35);
insert into STATION values (1828, '.', 4481, 404000.19, 5122140.90, 1152.79);
insert into STATION values (1829, '.', 4481, 404002.07, 5122146.08, 1151.79);
insert into STATION values (1830, '.', 4481, 404002.64, 5122146.83, 1151.47);
insert into STATION values (1831, '.', 4481, 404004.11, 5122150.38, 1150.97);
insert into STATION values (1832, '.', 4481, 404004.18, 5122151.52, 1150.92);
insert into STATION values (1833, '.', 4481, 404004.24, 5122151.68, 1150.97);
insert into STATION values (1834, '.', 4481, 404004.97, 5122153.54, 1150.89);
insert into STATION values (1835, '.', 4481, 404004.97, 5122153.76, 1150.83);
insert into STATION values (1836, '.', 4481, 404005.02, 5122153.72, 1151.44);
insert into STATION values (1837, '6', 4481, 404004.96, 5122153.56, 1150.76);
insert into STATION values (1838, '.', 4481, 404004.28, 5122153.64, 1150.72);
insert into STATION values (1839, '.', 4481, 404004.18, 5122153.32, 1150.79);
insert into STATION values (1840, '.', 4481, 404004.22, 5122153.82, 1151.21);
insert into STATION values (1841, '.', 4481, 404004.34, 5122153.79, 1150.39);
insert into STATION values (1842, '.', 4481, 404004.96, 5122153.56, 1149.98);
insert into STATION values (1843, '.', 4481, 404004.52, 5122153.59, 1150.03);
insert into STATION values (1844, '.', 4481, 404004.42, 5122153.56, 1150.44);
insert into STATION values (1845, '.', 4481, 404004.41, 5122153.60, 1150.45);
insert into STATION values (1846, '.', 4481, 404004.71, 5122152.62, 1150.77);
insert into STATION values (1847, '.', 4481, 404001.01, 5122145.02, 1151.45);
insert into STATION values (1848, '.', 4481, 404002.44, 5122149.10, 1151.10);
insert into STATION values (1849, '.', 4481, 404003.13, 5122150.96, 1150.94);
insert into STATION values (1850, '.', 4481, 404003.29, 5122151.68, 1150.89);
insert into STATION values (1851, '.', 4481, 404003.82, 5122152.62, 1150.82);
insert into STATION values (1852, '.', 4481, 404003.99, 5122153.13, 1150.78);
insert into STATION values (1853, '.', 4481, 404004.72, 5122154.80, 1150.43);
insert into STATION values (1854, '.', 4481, 404004.83, 5122155.09, 1150.42);
insert into STATION values (1855, '.', 4481, 404005.19, 5122156.02, 1150.34);
insert into STATION values (1856, '.', 4481, 404005.70, 5122157.50, 1150.08);
insert into STATION values (1857, '7', 4481, 404006.50, 5122159.47, 1149.38);
insert into STATION values (1858, '.', 4481, 404007.25, 5122158.58, 1149.54);
insert into STATION values (1859, '.', 4481, 404006.83, 5122157.95, 1149.56);
insert into STATION values (1860, '.', 4481, 404006.56, 5122157.12, 1149.69);
insert into STATION values (1861, '.', 4481, 404006.31, 5122156.59, 1149.69);
insert into STATION values (1862, '.', 4481, 404005.51, 5122155.26, 1149.99);
insert into STATION values (1863, '.', 4481, 404004.05, 5122152.03, 1150.70);
insert into STATION values (1864, '.', 4481, 404005.91, 5122158.05, 1149.63);
insert into STATION values (1865, '.', 4481, 404006.13, 5122158.77, 1149.53);
insert into STATION values (1866, '.', 4481, 404006.12, 5122159.19, 1149.56);
insert into STATION values (1867, '.', 4481, 404009.64, 5122168.94, 1149.55);
insert into STATION values (1868, '.', 4481, 404007.42, 5122163.26, 1149.32);
insert into STATION values (1869, '.', 4481, 404006.72, 5122160.65, 1149.32);
insert into STATION values (1870, '.', 4481, 404007.57, 5122163.42, 1149.29);
insert into STATION values (1871, '.', 4481, 404008.00, 5122164.23, 1149.28);
insert into STATION values (1872, '.', 4481, 404008.88, 5122163.44, 1149.31);
insert into STATION values (1873, '.', 4481, 404008.42, 5122162.05, 1149.32);
insert into STATION values (1874, '.', 4481, 404008.03, 5122161.43, 1149.61);
insert into STATION values (1875, '.', 4481, 404008.27, 5122160.91, 1149.23);
insert into STATION values (1876, '.', 4481, 404007.90, 5122160.11, 1149.36);
insert into STATION values (1877, '.', 4481, 404007.84, 5122159.46, 1149.41);
insert into STATION values (1878, '.', 4481, 404007.47, 5122159.24, 1149.67);
insert into STATION values (1879, '.', 4481, 404007.34, 5122159.30, 1149.80);
insert into STATION values (1880, '.', 4481, 404007.24, 5122159.28, 1149.96);
insert into STATION values (1881, '.', 4481, 404006.78, 5122159.37, 1149.86);
insert into STATION values (1882, '.', 4481, 404006.79, 5122159.42, 1149.94);
insert into STATION values (1883, '.', 4481, 404006.59, 5122159.50, 1149.16);
insert into STATION values (1884, '.', 4481, 404007.13, 5122159.31, 1148.84);
insert into STATION values (1885, '.', 4481, 404007.60, 5122159.04, 1149.16);
insert into STATION values (1886, '8', 4481, 404007.85, 5122162.91, 1148.86);
insert into STATION values (1887, '.', 4481, 404008.58, 5122162.58, 1148.92);
insert into STATION values (1888, '.', 4481, 404008.33, 5122162.10, 1148.94);
insert into STATION values (1889, '.', 4481, 404008.29, 5122161.86, 1149.02);
insert into STATION values (1890, '.', 4481, 404008.08, 5122160.74, 1149.04);
insert into STATION values (1891, '.', 4481, 404007.59, 5122159.64, 1149.02);
insert into STATION values (1892, '.', 4481, 404009.04, 5122163.62, 1149.00);
insert into STATION values (1893, '.', 4481, 404008.89, 5122164.15, 1149.23);
insert into STATION values (1894, '.', 4481, 404009.00, 5122164.29, 1149.27);
insert into STATION values (1895, '.', 4481, 404009.24, 5122165.07, 1149.43);
insert into STATION values (1896, '.', 4481, 404007.97, 5122164.05, 1149.19);
insert into STATION values (1897, '.', 4481, 404008.22, 5122165.02, 1149.57);
insert into STATION values (1898, '.', 4481, 404007.89, 5122162.95, 1149.96);
insert into STATION values (1899, '.', 4481, 404008.31, 5122162.75, 1149.94);
insert into STATION values (1900, '.', 4481, 404008.44, 5122162.60, 1149.52);
insert into STATION values (1901, '.', 4481, 404008.55, 5122162.60, 1149.10);
insert into STATION values (1902, '.', 4481, 404007.61, 5122162.99, 1149.02);
insert into STATION values (1903, '.', 4481, 404007.59, 5122162.98, 1149.42);
insert into STATION values (1904, '.', 4481, 404007.59, 5122162.90, 1150.00);
insert into STATION values (1905, '.', 4481, 404007.76, 5122162.84, 1149.95);
insert into STATION values (1906, '.', 4481, 404010.02, 5122166.55, 1149.47);
insert into STATION values (1907, '9', 4481, 404010.02, 5122166.55, 1149.47);
insert into STATION values (1908, '.', 4481, 404009.02, 5122167.12, 1149.54);
insert into STATION values (1909, '.', 4481, 404009.33, 5122167.80, 1149.49);
insert into STATION values (1910, '.', 4481, 404009.60, 5122168.41, 1149.46);
insert into STATION values (1911, '.', 4481, 404010.04, 5122168.29, 1149.59);
insert into STATION values (1912, '.', 4481, 404008.62, 5122165.85, 1149.52);
insert into STATION values (1913, '.', 4481, 404008.15, 5122164.51, 1149.62);
insert into STATION values (1914, '.', 4481, 404006.22, 5122162.67, 1149.78);
insert into STATION values (1915, '.', 4481, 404008.90, 5122167.05, 1150.10);
insert into STATION values (1916, '.', 4481, 404009.70, 5122166.71, 1149.62);
insert into STATION values (1917, '.', 4481, 404009.24, 5122167.00, 1149.00);
insert into STATION values (1918, '.', 4481, 404009.35, 5122166.93, 1148.82);
insert into STATION values (1919, '.', 4481, 404008.99, 5122167.05, 1149.40);
insert into STATION values (1920, '10', 4481, 404011.13, 5122172.43, 1149.57);
insert into STATION values (1921, '.', 4481, 404011.98, 5122172.13, 1149.47);
insert into STATION values (1922, '.', 4481, 404011.96, 5122172.71, 1149.61);
insert into STATION values (1923, '.', 4481, 404012.09, 5122174.11, 1149.93);
insert into STATION values (1924, '.', 4481, 404011.87, 5122174.97, 1150.47);
insert into STATION values (1925, '.', 4481, 404011.80, 5122175.46, 1150.94);
insert into STATION values (1926, '.', 4481, 404011.21, 5122172.46, 1150.40);
insert into STATION values (1927, '.', 4481, 404011.48, 5122172.39, 1150.19);
insert into STATION values (1928, '.', 4481, 404011.65, 5122172.31, 1149.98);
insert into STATION values (1929, '.', 4481, 404011.74, 5122172.29, 1149.74);
insert into STATION values (1930, '.', 4481, 404012.00, 5122172.20, 1149.17);
insert into STATION values (1931, '.', 4481, 404011.63, 5122172.31, 1148.83);
insert into STATION values (1932, '.', 4481, 404011.37, 5122172.37, 1148.98);
insert into STATION values (1933, '.', 4481, 404011.44, 5122171.32, 1149.41);
insert into STATION values (1934, '.', 4481, 404011.15, 5122170.78, 1149.36);
insert into STATION values (1935, '.', 4481, 404010.51, 5122169.04, 1149.05);
insert into STATION values (1936, '.', 4481, 404009.76, 5122167.29, 1149.02);
insert into STATION values (1937, '.', 4481, 404006.38, 5122158.36, 1149.00);
insert into STATION values (1938, '11', 4481, 404011.85, 5122174.93, 1150.85);
insert into STATION values (1939, '.', 4481, 404012.63, 5122177.19, 1152.49);
insert into STATION values (1940, '.', 4481, 404010.90, 5122174.70, 1150.86);
insert into STATION values (1941, '.', 4481, 404010.98, 5122174.03, 1150.64);
insert into STATION values (1942, '.', 4481, 404010.75, 5122172.14, 1150.08);
insert into STATION values (1943, '.', 4481, 404010.90, 5122175.21, 1151.14);
insert into STATION values (1944, '.', 4481, 404010.90, 5122175.72, 1151.40);
insert into STATION values (1945, '.', 4481, 404010.85, 5122176.61, 1151.62);
insert into STATION values (1946, '12', 4481, 404011.04, 5122178.93, 1151.99);
insert into STATION values (1947, '.', 4481, 404011.89, 5122178.72, 1151.98);
insert into STATION values (1948, '.', 4481, 404012.05, 5122179.66, 1152.17);
insert into STATION values (1949, '.', 4481, 404012.05, 5122180.56, 1152.33);
insert into STATION values (1950, '.', 4481, 404012.02, 5122181.43, 1152.68);
insert into STATION values (1951, '.', 4481, 404012.82, 5122184.77, 1153.57);
insert into STATION values (1952, '.', 4481, 404011.77, 5122178.17, 1151.99);
insert into STATION values (1953, '.', 4481, 404011.54, 5122177.26, 1151.87);
insert into STATION values (1954, '.', 4481, 404011.35, 5122176.26, 1151.74);
insert into STATION values (1955, '.', 4481, 404010.89, 5122173.98, 1151.09);
insert into STATION values (1956, '.', 4481, 404010.41, 5122174.71, 1151.65);
insert into STATION values (1957, '.', 4481, 404010.62, 5122177.53, 1152.01);
insert into STATION values (1958, '.', 4481, 404010.56, 5122178.67, 1153.52);
insert into STATION values (1959, '.', 4481, 404011.22, 5122178.66, 1152.88);
insert into STATION values (1960, '.', 4481, 404011.42, 5122178.68, 1152.39);
insert into STATION values (1961, '.', 4481, 404011.71, 5122178.61, 1152.11);
insert into STATION values (1962, '.', 4481, 404011.08, 5122178.87, 1151.42);
insert into STATION values (1963, '.', 4481, 404011.51, 5122178.75, 1151.44);
insert into STATION values (1964, '13', 4481, 404011.89, 5122181.61, 1153.29);
insert into STATION values (1965, '.', 4481, 404011.21, 5122181.87, 1153.45);
insert into STATION values (1966, '.', 4481, 404011.04, 5122182.06, 1154.35);
insert into STATION values (1967, '.', 4481, 404011.76, 5122181.77, 1153.85);
insert into STATION values (1968, '.', 4481, 404011.79, 5122181.58, 1153.84);
insert into STATION values (1969, '.', 4481, 404011.00, 5122180.81, 1153.37);
insert into STATION values (1970, '.', 4481, 404010.28, 5122179.00, 1153.29);
insert into STATION values (1971, '.', 4481, 404011.40, 5122180.60, 1153.20);
insert into STATION values (1972, '.', 4481, 404011.73, 5122181.19, 1153.28);
insert into STATION values (1973, '.', 4481, 404011.29, 5122181.84, 1153.17);
insert into STATION values (1974, '.', 4481, 404011.36, 5122181.77, 1152.72);
insert into STATION values (1975, '.', 4481, 404011.60, 5122181.78, 1152.34);
insert into STATION values (1976, '.', 4481, 404012.07, 5122181.69, 1152.31);
insert into STATION values (1977, '.', 4481, 404011.79, 5122181.72, 1152.10);
insert into STATION values (1978, '.', 4481, 404011.59, 5122181.74, 1152.23);
insert into STATION values (1979, '.', 4481, 404011.44, 5122181.81, 1152.42);
insert into STATION values (1980, '.', 4481, 404012.81, 5122184.63, 1153.66);
insert into STATION values (1981, '.', 4481, 404012.05, 5122185.09, 1153.65);
insert into STATION values (1982, '.', 4481, 404011.58, 5122183.42, 1153.58);
insert into STATION values (1983, '.', 4481, 404011.28, 5122182.43, 1153.51);
insert into STATION values (1984, '.', 4481, 404011.19, 5122181.94, 1153.45);
insert into STATION values (1985, '.', 4481, 404011.09, 5122181.61, 1153.43);
insert into STATION values (1986, '14', 4481, 404011.88, 5122185.97, 1154.39);
insert into STATION values (1987, '.', 4481, 404013.17, 5122192.16, 1155.16);
insert into STATION values (1988, '.', 4481, 404014.01, 5122190.61, 1154.81);
insert into STATION values (1989, '.', 4481, 404013.69, 5122188.81, 1154.68);
insert into STATION values (1990, '.', 4481, 404013.24, 5122187.46, 1154.65);
insert into STATION values (1991, '.', 4481, 404012.94, 5122186.56, 1154.67);
insert into STATION values (1992, '.', 4481, 404012.83, 5122186.00, 1154.46);
insert into STATION values (1993, '.', 4481, 404012.72, 5122185.39, 1154.51);
insert into STATION values (1994, '.', 4481, 404012.49, 5122185.02, 1154.40);
insert into STATION values (1995, '.', 4481, 404012.55, 5122184.10, 1154.02);
insert into STATION values (1996, '.', 4481, 404012.23, 5122182.76, 1153.41);
insert into STATION values (1997, '.', 4481, 404012.98, 5122185.71, 1152.89);
insert into STATION values (1998, '.', 4481, 404012.13, 5122185.80, 1154.34);
insert into STATION values (1999, '.', 4481, 404012.98, 5122185.55, 1153.64);
insert into STATION values (2000, '.', 4481, 404012.06, 5122185.97, 1155.25);
insert into STATION values (2001, '.', 4481, 404012.72, 5122185.92, 1155.20);
insert into STATION values (2002, '.', 4481, 404012.72, 5122185.97, 1154.89);
insert into STATION values (2003, '15', 4481, 404012.99, 5122191.75, 1158.07);
insert into STATION values (2004, '.', 4481, 404012.54, 5122187.41, 1157.00);
insert into STATION values (2005, '.', 4481, 404011.52, 5122186.87, 1157.07);
insert into STATION values (2006, '.', 4481, 404011.08, 5122188.50, 1157.25);
insert into STATION values (2007, '.', 4481, 404011.27, 5122190.20, 1157.64);
insert into STATION values (2008, '.', 4481, 404011.82, 5122191.49, 1158.03);
insert into STATION values (2009, '.', 4481, 404012.08, 5122191.98, 1158.08);
insert into STATION values (2010, '.', 4481, 404012.34, 5122192.42, 1158.05);
insert into STATION values (2011, '.', 4481, 404012.54, 5122192.71, 1158.10);
insert into STATION values (2012, '.', 4481, 404012.69, 5122192.89, 1158.04);
insert into STATION values (2013, '.', 4481, 404011.28, 5122187.25, 1159.26);
insert into STATION values (2014, '.', 4481, 404010.22, 5122188.42, 1164.46);
insert into STATION values (2015, '.', 4481, 404010.59, 5122189.59, 1162.83);
insert into STATION values (2016, '.', 4481, 404010.90, 5122190.48, 1161.27);
insert into STATION values (2017, '.', 4481, 404010.99, 5122190.70, 1160.59);
insert into STATION values (2018, '.', 4481, 404009.44, 5122187.21, 1167.97);
insert into STATION values (2019, '.', 4481, 404008.97, 5122186.69, 1169.77);
insert into STATION values (2020, '.', 4481, 404013.41, 5122190.10, 1148.99);
insert into STATION values (2021, '.', 4481, 404013.17, 5122187.83, 1147.96);
insert into STATION values (2022, '.', 4481, 404013.23, 5122189.42, 1148.47);
insert into STATION values (2023, '.', 4481, 404013.02, 5122191.11, 1149.20);
insert into STATION values (2024, '.', 4481, 404012.66, 5122192.91, 1159.06);
insert into STATION values (2025, '16', 4481, 404012.66, 5122192.90, 1159.06);
insert into STATION values (2026, '.', 4481, 404012.35, 5122194.05, 1160.09);
insert into STATION values (2027, '.', 4481, 404013.05, 5122192.72, 1159.11);
insert into STATION values (2028, '.', 4481, 404012.97, 5122192.68, 1159.53);
insert into STATION values (2029, '.', 4481, 404012.53, 5122192.53, 1162.56);
insert into STATION values (2030, '.', 4481, 404012.75, 5122192.52, 1160.91);
insert into STATION values (2031, '.', 4481, 404013.02, 5122192.46, 1160.17);
insert into STATION values (2032, '.', 4481, 404012.47, 5122192.89, 1159.52);
insert into STATION values (2033, '.', 4481, 404012.45, 5122192.76, 1160.94);
insert into STATION values (2034, '.', 4481, 404011.60, 5122187.87, 1158.28);
insert into STATION values (2035, '.', 4481, 404012.58, 5122191.85, 1159.01);
insert into STATION values (2036, '.', 4481, 404012.30, 5122192.11, 1159.37);
insert into STATION values (2037, '17', 4481, 404014.57, 5122197.47, 1165.09);
insert into STATION values (2038, '.', 4481, 404014.13, 5122197.60, 1165.09);
insert into STATION values (2039, '.', 4481, 404011.67, 5122189.29, 1154.17);
insert into STATION values (2040, '.', 4481, 404012.98, 5122194.19, 1160.80);
insert into STATION values (2041, '.', 4481, 404012.93, 5122195.30, 1163.34);
insert into STATION values (2042, '.', 4481, 404013.70, 5122196.46, 1164.30);
insert into STATION values (2043, '.', 4481, 404013.79, 5122196.89, 1164.57);
insert into STATION values (2044, '.', 4481, 404014.10, 5122197.36, 1164.90);
insert into STATION values (2045, '.', 4481, 404014.62, 5122196.69, 1164.41);
insert into STATION values (2046, '.', 4481, 404014.46, 5122196.41, 1164.03);
insert into STATION values (2047, '.', 4481, 404014.33, 5122195.66, 1162.92);
insert into STATION values (2048, '.', 4481, 404014.26, 5122198.28, 1164.98);
insert into STATION values (2049, '.', 4481, 404014.18, 5122199.76, 1164.66);
insert into STATION values (2050, '.', 4481, 404014.63, 5122200.47, 1164.95);
insert into STATION values (2051, '.', 4481, 404015.06, 5122201.70, 1165.80);
insert into STATION values (2052, '.', 4481, 404015.60, 5122202.60, 1165.94);
insert into STATION values (2053, '.', 4481, 404015.36, 5122200.28, 1165.67);
insert into STATION values (2054, '.', 4481, 404013.88, 5122198.60, 1163.81);
insert into STATION values (2055, '.', 4481, 404015.42, 5122200.52, 1162.42);
insert into STATION values (2056, '.', 4481, 404015.29, 5122200.52, 1161.64);
insert into STATION values (2057, '.', 4481, 404015.25, 5122200.90, 1159.93);
insert into STATION values (2058, '.', 4481, 404014.98, 5122201.05, 1158.28);
insert into STATION values (2059, '.', 4481, 404015.00, 5122200.49, 1157.72);
insert into STATION values (2060, '.', 4481, 404014.57, 5122197.32, 1164.45);
insert into STATION values (2061, '.', 4481, 404014.48, 5122197.13, 1164.43);
insert into STATION values (2062, '18', 4481, 404015.89, 5122202.88, 1166.01);
insert into STATION values (2063, '.', 4481, 404016.43, 5122202.67, 1166.02);
insert into STATION values (2064, '.', 4481, 404016.26, 5122202.51, 1167.84);
insert into STATION values (2065, '.', 4481, 404016.18, 5122202.78, 1165.13);
insert into STATION values (2066, '.', 4481, 404014.74, 5122200.47, 1165.43);
insert into STATION values (2067, '.', 4481, 404015.38, 5122199.56, 1165.56);
insert into STATION values (2068, '19', 4481, 404017.58, 5122205.69, 1166.18);
insert into STATION values (2069, '.', 4481, 404019.67, 5122208.16, 1166.71);
insert into STATION values (2070, '.', 4481, 404017.01, 5122205.82, 1166.26);
insert into STATION values (2071, '.', 4481, 404017.07, 5122205.74, 1167.24);
insert into STATION values (2072, '.', 4481, 404017.18, 5122205.70, 1165.66);
insert into STATION values (2073, '.', 4481, 404017.36, 5122205.66, 1165.76);
insert into STATION values (2074, '.', 4481, 404017.24, 5122206.83, 1166.93);
insert into STATION values (2075, '.', 4481, 404018.03, 5122207.00, 1167.15);
insert into STATION values (2076, '20', 4481, 404017.84, 5122209.27, 1167.87);
insert into STATION values (2077, '.', 4481, 404018.24, 5122212.80, 1169.59);
insert into STATION values (2078, '.', 4481, 404018.25, 5122209.07, 1167.86);
insert into STATION values (2079, '.', 4481, 404017.99, 5122209.29, 1167.02);
insert into STATION values (2080, '.', 4481, 404017.90, 5122209.24, 1168.33);
insert into STATION values (2081, '21', 4481, 404019.51, 5122212.97, 1167.32);
insert into STATION values (2082, '.', 4481, 404018.77, 5122213.22, 1167.29);
insert into STATION values (2083, '.', 4481, 404019.47, 5122213.01, 1166.43);
insert into STATION values (2084, '.', 4481, 404019.10, 5122213.03, 1168.91);
insert into STATION values (2085, '.', 4481, 404019.38, 5122213.72, 1167.51);
insert into STATION values (2086, '.', 4481, 404018.46, 5122212.08, 1167.44);
insert into STATION values (2087, '.', 4481, 404019.49, 5122212.25, 1167.27);
insert into STATION values (2088, '.', 4481, 404017.44, 5122208.02, 1168.15);
insert into STATION values (2089, '22', 4481, 404020.19, 5122215.91, 1167.17);
insert into STATION values (2090, '.', 4481, 404020.86, 5122218.84, 1167.10);
insert into STATION values (2091, '.', 4481, 404020.60, 5122215.64, 1167.19);
insert into STATION values (2092, '.', 4481, 404020.45, 5122215.76, 1168.01);
insert into STATION values (2093, '.', 4481, 404020.37, 5122215.93, 1168.12);
insert into STATION values (2094, '.', 4481, 404020.71, 5122215.77, 1165.70);
insert into STATION values (2095, '.', 4481, 404019.82, 5122214.04, 1167.19);
insert into STATION values (2096, '.', 4481, 404019.73, 5122214.41, 1167.27);
insert into STATION values (2097, '.', 4481, 404019.93, 5122215.16, 1167.25);
insert into STATION values (2098, '.', 4481, 404020.22, 5122215.38, 1168.10);
insert into STATION values (2099, '.', 4481, 404022.72, 5122221.00, 1163.96);
insert into STATION values (2100, '23', 4481, 404022.71, 5122221.00, 1163.96);
insert into STATION values (2101, '.', 4481, 404021.17, 5122221.47, 1166.05);
insert into STATION values (2102, '.', 4481, 404023.05, 5122223.00, 1166.66);
insert into STATION values (2103, '.', 4481, 404022.35, 5122222.20, 1168.79);
insert into STATION values (2104, '.', 4481, 404022.23, 5122221.04, 1167.71);
insert into STATION values (2105, '.', 4481, 404022.13, 5122220.40, 1167.71);
insert into STATION values (2106, '.', 4481, 404022.84, 5122221.09, 1164.10);
insert into STATION values (2107, '.', 4481, 404022.09, 5122221.19, 1164.47);
insert into STATION values (2108, '.', 4481, 404023.58, 5122224.00, 1164.17);
insert into STATION values (2109, '24', 4481, 404023.56, 5122223.91, 1164.17);
insert into STATION values (2110, '.', 4481, 404023.12, 5122224.03, 1164.16);
insert into STATION values (2111, '.', 4481, 404023.35, 5122223.80, 1163.62);
insert into STATION values (2112, '.', 4481, 404023.88, 5122223.73, 1164.14);
insert into STATION values (2113, '.', 4481, 404023.91, 5122222.62, 1164.27);
insert into STATION values (2114, '.', 4481, 404023.58, 5122222.44, 1164.36);
insert into STATION values (2115, '.', 4481, 404024.21, 5122226.34, 1163.18);
insert into STATION values (2116, '25', 4481, 404024.19, 5122226.26, 1163.21);
insert into STATION values (2117, '.', 4481, 404024.60, 5122226.06, 1163.34);
insert into STATION values (2118, '.', 4481, 404024.09, 5122226.54, 1165.77);
insert into STATION values (2119, '.', 4481, 404024.42, 5122226.43, 1163.85);
insert into STATION values (2120, '.', 4481, 404024.89, 5122226.03, 1162.74);
insert into STATION values (2121, '.', 4481, 404024.40, 5122226.11, 1162.64);
insert into STATION values (2122, '26', 4481, 404026.21, 5122229.61, 1162.15);
insert into STATION values (2123, '.', 4481, 404025.20, 5122230.03, 1162.31);
insert into STATION values (2124, '.', 4481, 404025.09, 5122231.86, 1162.28);
insert into STATION values (2125, '.', 4481, 404025.10, 5122234.95, 1162.19);
insert into STATION values (2126, '.', 4481, 404026.05, 5122236.72, 1162.14);
insert into STATION values (2127, '.', 4481, 404028.51, 5122241.87, 1161.80);
insert into STATION values (2128, '.', 4481, 404029.26, 5122241.38, 1161.32);
insert into STATION values (2129, '.', 4481, 404028.25, 5122234.72, 1161.52);
insert into STATION values (2130, '.', 4481, 404025.32, 5122227.35, 1162.42);
insert into STATION values (2131, '.', 4481, 404024.49, 5122226.77, 1162.65);
insert into STATION values (2132, '.', 4481, 404025.08, 5122228.54, 1162.58);
insert into STATION values (2133, '.', 4481, 404025.16, 5122229.11, 1162.69);
insert into STATION values (2134, '27', 4481, 404026.76, 5122237.19, 1161.91);
insert into STATION values (2135, '.', 4481, 404027.75, 5122237.23, 1158.18);
insert into STATION values (2136, '.', 4481, 404028.28, 5122236.84, 1159.40);
insert into STATION values (2137, '.', 4481, 404028.05, 5122236.87, 1162.02);
insert into STATION values (2138, '.', 4481, 404028.23, 5122237.82, 1162.03);
insert into STATION values (2139, '.', 4481, 404028.29, 5122238.77, 1162.08);
insert into STATION values (2140, '.', 4481, 404028.81, 5122240.37, 1161.94);
insert into STATION values (2141, '.', 4481, 404028.58, 5122241.75, 1161.94);
insert into STATION values (2142, '.', 4481, 404028.21, 5122240.76, 1162.12);
insert into STATION values (2143, '.', 4481, 404025.64, 5122229.39, 1161.58);
insert into STATION values (2144, '.', 4481, 404026.64, 5122230.70, 1161.68);
insert into STATION values (2145, '.', 4481, 404027.79, 5122233.10, 1161.71);
insert into STATION values (2146, '.', 4481, 404028.23, 5122234.34, 1161.62);
insert into STATION values (2147, '.', 4481, 404027.30, 5122235.06, 1161.80);
insert into STATION values (2148, '.', 4481, 404024.74, 5122226.67, 1162.58);
insert into STATION values (2149, '28', 4481, 404026.27, 5122238.23, 1178.26);
insert into STATION values (2150, '.', 4481, 404026.00, 5122235.87, 1178.04);
insert into STATION values (2151, '.', 4481, 404027.15, 5122236.58, 1178.33);
insert into STATION values (2152, '.', 4481, 404027.64, 5122237.27, 1178.40);
insert into STATION values (2153, '.', 4481, 404029.09, 5122238.03, 1178.46);
insert into STATION values (2154, '.', 4481, 404028.81, 5122243.39, 1178.48);
insert into STATION values (2155, '.', 4481, 404029.24, 5122242.13, 1178.56);
insert into STATION values (2156, '.', 4481, 404026.75, 5122241.63, 1178.45);
insert into STATION values (2157, '29', 4481, 404026.88, 5122242.11, 1178.58);
insert into STATION values (2158, '.', 4481, 404027.37, 5122245.96, 1179.28);
insert into STATION values (2159, '.', 4481, 404029.27, 5122241.57, 1178.72);
insert into STATION values (2160, '.', 4481, 404030.73, 5122240.20, 1178.73);
insert into STATION values (2161, '.', 4481, 404029.90, 5122239.36, 1178.85);
insert into STATION values (2162, '.', 4481, 404029.04, 5122238.09, 1179.10);
insert into STATION values (2163, '.', 4481, 404027.83, 5122237.38, 1178.63);
insert into STATION values (2164, '.', 4481, 404026.14, 5122239.17, 1178.85);
insert into STATION values (2165, '.', 4481, 404025.60, 5122240.02, 1179.05);
insert into STATION values (2166, '.', 4481, 404024.62, 5122240.92, 1179.15);
insert into STATION values (2167, '.', 4481, 404025.12, 5122242.78, 1178.55);
insert into STATION values (2168, '.', 4481, 404025.33, 5122243.54, 1178.77);
insert into STATION values (2169, '.', 4481, 404025.71, 5122244.58, 1178.83);
insert into STATION values (2170, '.', 4481, 404026.82, 5122248.08, 1179.42);
insert into STATION values (2171, '.', 4481, 404028.93, 5122253.03, 1179.92);
insert into STATION values (2172, '.', 4481, 404033.95, 5122265.17, 1180.48);
insert into STATION values (2173, '.', 4481, 404034.66, 5122263.80, 1180.03);
insert into STATION values (2174, '.', 4481, 404030.02, 5122249.42, 1179.05);
insert into STATION values (2175, '.', 4481, 404028.87, 5122245.60, 1178.77);
insert into STATION values (2176, '.', 4481, 404028.77, 5122244.79, 1178.74);
insert into STATION values (2177, '.', 4481, 404028.78, 5122243.45, 1178.70);
insert into STATION values (2178, '.', 4481, 404029.20, 5122242.00, 1178.85);
insert into STATION values (2179, '.', 4481, 404025.16, 5122243.36, 1181.95);
insert into STATION values (2180, '.', 4481, 404026.66, 5122242.40, 1181.71);
insert into STATION values (2181, '.', 4481, 404030.87, 5122243.00, 1191.96);
insert into STATION values (2182, '.', 4481, 404030.11, 5122241.58, 1184.34);
insert into STATION values (2183, '.', 4481, 404030.45, 5122240.75, 1182.02);
insert into STATION values (2184, '.', 4481, 404030.42, 5122240.25, 1180.32);
insert into STATION values (2185, '.', 4481, 404030.23, 5122239.84, 1178.70);
insert into STATION values (2186, '.', 4481, 404030.21, 5122240.14, 1177.08);
insert into STATION values (2187, '30', 4481, 404026.16, 5122245.45, 1177.90);
insert into STATION values (2188, '.', 4481, 404029.38, 5122248.12, 1177.70);
insert into STATION values (2189, '.', 4481, 404035.08, 5122260.70, 1178.36);
insert into STATION values (2190, '.', 4481, 404028.80, 5122244.85, 1178.32);
insert into STATION values (2191, '.', 4481, 404028.85, 5122242.91, 1178.60);
insert into STATION values (2192, '.', 4481, 404030.19, 5122239.64, 1178.59);
insert into STATION values (2193, '.', 4481, 404029.25, 5122247.06, 1190.30);
insert into STATION values (2194, '.', 4481, 404030.99, 5122242.31, 1190.67);
insert into STATION values (2195, '31', 4481, 404029.12, 5122247.79, 1175.88);
insert into STATION values (2196, '.', 4481, 404027.08, 5122248.60, 1176.15);
insert into STATION values (2197, '.', 4481, 404027.02, 5122250.01, 1176.13);
insert into STATION values (2198, '.', 4481, 404028.19, 5122253.25, 1175.78);
insert into STATION values (2199, '.', 4481, 404029.61, 5122257.37, 1175.73);
insert into STATION values (2200, '.', 4481, 404028.63, 5122237.84, 1178.59);
insert into STATION values (2201, '.', 4481, 404026.27, 5122245.16, 1177.14);
insert into STATION values (2202, '.', 4481, 404026.43, 5122246.34, 1176.56);
insert into STATION values (2203, '.', 4481, 404026.88, 5122247.46, 1176.40);
insert into STATION values (2204, '.', 4481, 404027.01, 5122248.09, 1176.29);
insert into STATION values (2205, '32', 4481, 404030.47, 5122250.56, 1175.59);
insert into STATION values (2206, '.', 4481, 404031.35, 5122260.61, 1175.32);
insert into STATION values (2207, '.', 4481, 404030.68, 5122257.91, 1175.42);
insert into STATION values (2208, '.', 4481, 404029.74, 5122256.75, 1175.72);
insert into STATION values (2209, '.', 4481, 404028.57, 5122253.38, 1175.38);
insert into STATION values (2210, '.', 4481, 404028.47, 5122252.24, 1174.87);
insert into STATION values (2211, '.', 4481, 404029.75, 5122254.79, 1166.93);
insert into STATION values (2212, '.', 4481, 404030.30, 5122256.44, 1167.33);
insert into STATION values (2213, '.', 4481, 404030.59, 5122258.98, 1167.05);
insert into STATION values (2214, '.', 4481, 404030.42, 5122256.74, 1169.32);
insert into STATION values (2215, '.', 4481, 404029.04, 5122254.29, 1170.47);
insert into STATION values (2216, '.', 4481, 404029.29, 5122251.31, 1187.67);
insert into STATION values (2217, '.', 4481, 404030.51, 5122250.62, 1177.09);
insert into STATION values (2218, '.', 4481, 404029.17, 5122251.56, 1190.91);
insert into STATION values (2219, '.', 4481, 404028.76, 5122245.71, 1176.29);
insert into STATION values (2220, '.', 4481, 404027.46, 5122248.57, 1176.16);
insert into STATION values (2221, '.', 4481, 404027.40, 5122250.31, 1176.19);
insert into STATION values (2222, '33', 4481, 404030.24, 5122250.47, 1170.18);
insert into STATION values (2223, '.', 4481, 404032.33, 5122250.39, 1170.73);
insert into STATION values (2224, '.', 4481, 404032.33, 5122251.08, 1171.03);
insert into STATION values (2225, '.', 4481, 404032.45, 5122251.81, 1171.23);
insert into STATION values (2226, '.', 4481, 404032.92, 5122252.97, 1170.84);
insert into STATION values (2227, '34', 4481, 404032.69, 5122251.68, 1169.98);
insert into STATION values (2228, '.', 4481, 404032.93, 5122252.10, 1169.96);
insert into STATION values (2229, '.', 4481, 404034.97, 5122260.88, 1169.25);
insert into STATION values (2230, '.', 4481, 404033.38, 5122253.69, 1169.80);
insert into STATION values (2231, '.', 4481, 404033.69, 5122255.10, 1169.68);
insert into STATION values (2232, '.', 4481, 404032.58, 5122255.23, 1169.71);
insert into STATION values (2233, '.', 4481, 404032.10, 5122253.45, 1169.87);
insert into STATION values (2234, '.', 4481, 404032.14, 5122253.01, 1169.96);
insert into STATION values (2235, '35', 4481, 404033.29, 5122257.39, 1165.84);
insert into STATION values (2236, '.', 4481, 404033.70, 5122257.25, 1165.90);
insert into STATION values (2237, '.', 4481, 404033.80, 5122257.18, 1167.10);
insert into STATION values (2238, '.', 4481, 404034.12, 5122257.50, 1172.64);
insert into STATION values (2239, '.', 4481, 404033.38, 5122257.49, 1167.87);
insert into STATION values (2240, '.', 4481, 404033.26, 5122257.88, 1165.91);
insert into STATION values (2241, '.', 4481, 404033.11, 5122257.36, 1165.86);
insert into STATION values (2242, '.', 4481, 404032.86, 5122256.30, 1165.88);
insert into STATION values (2243, '.', 4481, 404032.47, 5122253.16, 1165.97);
insert into STATION values (2244, '.', 4481, 404032.57, 5122255.21, 1165.89);
insert into STATION values (2245, '.', 4481, 404032.42, 5122254.46, 1165.96);
insert into STATION values (2246, '.', 4481, 404033.66, 5122256.87, 1166.02);
insert into STATION values (2247, '36', 4481, 404035.50, 5122262.54, 1165.56);
insert into STATION values (2248, '.', 4481, 404034.17, 5122260.02, 1166.15);
insert into STATION values (2249, '.', 4481, 404033.20, 5122259.70, 1166.16);
insert into STATION values (2250, '.', 4481, 404032.21, 5122259.61, 1166.46);
insert into STATION values (2251, '.', 4481, 404032.79, 5122260.88, 1166.37);
insert into STATION values (2252, '.', 4481, 404033.87, 5122262.23, 1166.17);
insert into STATION values (2253, '.', 4481, 404033.91, 5122263.27, 1166.17);
insert into STATION values (2254, '.', 4481, 404034.11, 5122264.51, 1165.88);
insert into STATION values (2255, '.', 4481, 404033.87, 5122263.69, 1165.63);
insert into STATION values (2256, '.', 4481, 404033.20, 5122269.55, 1165.80);
insert into STATION values (2257, '.', 4481, 404035.06, 5122270.74, 1166.19);
insert into STATION values (2258, '.', 4481, 404034.67, 5122264.67, 1161.99);
insert into STATION values (2259, '.', 4481, 404034.54, 5122262.44, 1159.86);
insert into STATION values (2260, '.', 4481, 404034.93, 5122262.84, 1158.07);
insert into STATION values (2261, '.', 4481, 404034.57, 5122261.71, 1163.61);
insert into STATION values (2262, '.', 4481, 404034.40, 5122261.05, 1164.13);
insert into STATION values (2263, '.', 4481, 404033.83, 5122259.67, 1164.70);
insert into STATION values (2264, '.', 4481, 404034.89, 5122262.71, 1168.47);
insert into STATION values (2265, '.', 4481, 404034.15, 5122260.87, 1170.00);
insert into STATION values (2266, '.', 4481, 404034.70, 5122264.74, 1167.12);
insert into STATION values (2267, '37', 4481, 404034.89, 5122269.01, 1165.28);
insert into STATION values (2268, '0', 4833, 404039.30, 5122289.20, 1156.00);
insert into STATION values (2269, '.', 4833, 404045.52, 5122287.61, 1155.96);
insert into STATION values (2270, '.', 4833, 404046.87, 5122292.18, 1156.03);
insert into STATION values (2271, '.', 4833, 404045.25, 5122298.90, 1156.26);
insert into STATION values (2272, '.', 4833, 404037.85, 5122301.29, 1155.83);
insert into STATION values (2273, '.', 4833, 404034.42, 5122296.35, 1155.97);
insert into STATION values (2274, '.', 4833, 404043.61, 5122283.84, 1156.33);
insert into STATION values (2275, '.', 4833, 404039.67, 5122283.43, 1158.50);
insert into STATION values (2276, '.', 4833, 404037.03, 5122285.62, 1157.26);
insert into STATION values (2277, '.', 4833, 404037.15, 5122286.74, 1156.83);
insert into STATION values (2278, '.', 4833, 404035.49, 5122287.02, 1156.84);
insert into STATION values (2279, '.', 4833, 404035.04, 5122287.26, 1156.65);
insert into STATION values (2280, '.', 4833, 404030.76, 5122289.03, 1156.09);
insert into STATION values (2281, '.', 4833, 404027.66, 5122292.65, 1155.55);
insert into STATION values (2282, '.', 4833, 404044.81, 5122287.68, 1159.02);
insert into STATION values (2283, '.', 4833, 404044.58, 5122290.75, 1195.59);
insert into STATION values (2284, '.', 4833, 404034.96, 5122281.68, 1167.82);
insert into STATION values (2285, '.', 4833, 404042.21, 5122285.11, 1165.85);
insert into STATION values (2286, '.', 4833, 404047.06, 5122290.20, 1182.08);
insert into STATION values (2287, '.', 4833, 404046.13, 5122297.44, 1168.93);
insert into STATION values (2288, '.', 4833, 404043.82, 5122301.25, 1169.23);
insert into STATION values (2289, '.', 4833, 404031.19, 5122288.79, 1156.48);
insert into STATION values (2290, '.', 4833, 404029.48, 5122290.45, 1155.70);
insert into STATION values (2291, '.', 4833, 404028.69, 5122292.25, 1155.88);
insert into STATION values (2292, '.', 4833, 404028.38, 5122294.02, 1156.21);
insert into STATION values (2293, '.', 4833, 404028.89, 5122295.36, 1155.74);
insert into STATION values (2294, '.', 4833, 404030.04, 5122296.39, 1155.65);
insert into STATION values (2295, '.', 4833, 404033.08, 5122294.44, 1155.74);
insert into STATION values (2296, '.', 4833, 404034.13, 5122296.38, 1155.66);
insert into STATION values (2297, '.', 4833, 404036.03, 5122298.20, 1156.00);
insert into STATION values (2298, '.', 4833, 404037.76, 5122299.46, 1155.96);
insert into STATION values (2299, '.', 4833, 404040.47, 5122302.71, 1156.12);
insert into STATION values (2300, '.', 4833, 404041.17, 5122303.49, 1156.40);
insert into STATION values (2301, '1', 4833, 404029.71, 5122294.50, 1155.75);
insert into STATION values (2302, '.', 4833, 404019.82, 5122299.16, 1156.23);
insert into STATION values (2303, '.', 4833, 404027.57, 5122293.65, 1155.72);
insert into STATION values (2304, '.', 4833, 404028.48, 5122294.10, 1157.02);
insert into STATION values (2305, '.', 4833, 404029.72, 5122294.51, 1157.52);
insert into STATION values (2306, '.', 4833, 404031.04, 5122295.04, 1156.51);
insert into STATION values (2307, '.', 4833, 404032.49, 5122295.49, 1155.35);
insert into STATION values (2308, '.', 4833, 404028.62, 5122291.95, 1156.27);
insert into STATION values (2309, '.', 4833, 404030.03, 5122291.66, 1156.70);
insert into STATION values (2310, '.', 4833, 404031.37, 5122287.68, 1155.97);
insert into STATION values (2311, '.', 4833, 404029.53, 5122290.28, 1155.56);
insert into STATION values (2312, '.', 4833, 404035.94, 5122288.18, 1154.97);
insert into STATION values (2313, '.', 4833, 404046.04, 5122288.52, 1154.59);
insert into STATION values (2314, '.', 4833, 404031.17, 5122293.14, 1156.52);
insert into STATION values (2315, '2', 4833, 404026.83, 5122298.68, 1157.94);
insert into STATION values (2316, '.', 4833, 404026.54, 5122296.96, 1157.90);
insert into STATION values (2317, '.', 4833, 404025.89, 5122297.91, 1158.96);
insert into STATION values (2318, '.', 4833, 404024.25, 5122299.90, 1160.08);
insert into STATION values (2319, '.', 4833, 404023.48, 5122301.73, 1161.45);
insert into STATION values (2320, '.', 4833, 404021.59, 5122303.91, 1164.72);
insert into STATION values (2321, '.', 4833, 404023.12, 5122303.95, 1160.31);
insert into STATION values (2322, '.', 4833, 404024.22, 5122306.88, 1161.17);
insert into STATION values (2323, '.', 4833, 404025.21, 5122303.87, 1158.21);
insert into STATION values (2324, '.', 4833, 404027.74, 5122306.35, 1158.46);
insert into STATION values (2325, '.', 4833, 404028.95, 5122304.55, 1158.39);
insert into STATION values (2326, '.', 4833, 404029.39, 5122301.28, 1157.72);
insert into STATION values (2327, '.', 4833, 404029.68, 5122302.08, 1156.46);
insert into STATION values (2328, '.', 4833, 404029.87, 5122299.87, 1157.65);
insert into STATION values (2329, '3', 4833, 404025.21, 5122305.42, 1159.92);
insert into STATION values (2330, '.', 4833, 404023.21, 5122306.84, 1165.10);
insert into STATION values (2331, '.', 4833, 404021.15, 5122300.89, 1167.34);
insert into STATION values (2332, '.', 4833, 404021.07, 5122299.08, 1165.29);
insert into STATION values (2333, '.', 4833, 404023.01, 5122299.23, 1163.67);
insert into STATION values (2334, '.', 4833, 404025.11, 5122304.68, 1162.52);
insert into STATION values (2335, '.', 4833, 404026.20, 5122304.58, 1161.09);
insert into STATION values (2336, '.', 4833, 404027.50, 5122307.00, 1159.83);
insert into STATION values (2337, '4', 4833, 404041.86, 5122294.77, 1152.25);
insert into STATION values (2338, '5', 4833, 404040.36, 5122297.19, 1150.67);
insert into STATION values (2339, '6', 4833, 404040.08, 5122294.78, 1150.63);
insert into STATION values (2340, '7', 4833, 404046.10, 5122290.31, 1165.17);
insert into STATION values (2341, '.', 4833, 404037.37, 5122279.88, 1165.36);
insert into STATION values (2342, '.', 4833, 404033.88, 5122285.16, 1165.29);
insert into STATION values (2343, '.', 4833, 404033.74, 5122290.57, 1165.49);
insert into STATION values (2344, '.', 4833, 404035.63, 5122296.12, 1166.45);
insert into STATION values (2345, '.', 4833, 404038.76, 5122300.54, 1166.56);
insert into STATION values (2346, '.', 4833, 404041.39, 5122302.60, 1166.30);
insert into STATION values (2347, '.', 4833, 404045.38, 5122300.64, 1166.51);
insert into STATION values (2348, '.', 4833, 404045.44, 5122296.47, 1167.45);
insert into STATION values (2349, '8', 4833, 404046.16, 5122290.17, 1172.50);
insert into STATION values (2350, '.', 4833, 404041.06, 5122280.46, 1172.48);
insert into STATION values (2351, '.', 4833, 404035.67, 5122283.77, 1172.56);
insert into STATION values (2352, '.', 4833, 404034.55, 5122290.05, 1172.40);
insert into STATION values (2353, '.', 4833, 404035.16, 5122295.09, 1171.99);
insert into STATION values (2354, '.', 4833, 404034.45, 5122292.39, 1170.97);
insert into STATION values (2355, '.', 4833, 404035.37, 5122287.00, 1158.56);
insert into STATION values (2356, '.', 4833, 404032.43, 5122289.62, 1154.19);
insert into STATION values (2357, '.', 4833, 404031.94, 5122294.52, 1153.60);
insert into STATION values (2358, '.', 4833, 404047.25, 5122294.18, 1171.93);
insert into STATION values (2359, '.', 4833, 404045.15, 5122298.23, 1171.49);
insert into STATION values (2360, '.', 4833, 404044.04, 5122299.91, 1171.22);
insert into STATION values (2361, '.', 4833, 404039.54, 5122301.56, 1170.93);
insert into STATION values (2362, '.', 4833, 404042.37, 5122301.84, 1170.95);
insert into STATION values (2363, '9', 4833, 404045.68, 5122290.99, 1185.76);
insert into STATION values (2364, '.', 4833, 404045.69, 5122291.61, 1199.04);
insert into STATION values (2365, '.', 4833, 404045.24, 5122295.47, 1185.35);
insert into STATION values (2366, '.', 4833, 404039.70, 5122301.79, 1185.05);
insert into STATION values (2367, '.', 4833, 404036.08, 5122299.23, 1184.79);
insert into STATION values (2368, '.', 4833, 404034.16, 5122293.63, 1184.77);
insert into STATION values (2369, '.', 4833, 404041.99, 5122279.09, 1185.33);
insert into STATION values (2370, '.', 4833, 404036.58, 5122273.96, 1183.70);
insert into STATION values (2371, '.', 4833, 404037.57, 5122283.17, 1184.58);
insert into STATION values (2372, '.', 4833, 404037.78, 5122286.92, 1185.13);
insert into STATION values (2373, '.', 4833, 404034.86, 5122288.69, 1184.68);
insert into STATION values (2374, '10', 4833, 404044.69, 5122291.02, 1194.36);
insert into STATION values (2375, '.', 4833, 404043.78, 5122290.75, 1202.94);
insert into STATION values (2376, '.', 4833, 404040.05, 5122302.73, 1195.81);
insert into STATION values (2377, '.', 4833, 404037.40, 5122301.40, 1194.91);
insert into STATION values (2378, '.', 4833, 404036.31, 5122297.36, 1194.85);
insert into STATION values (2379, '.', 4833, 404035.89, 5122294.18, 1194.62);
insert into STATION values (2380, '.', 4833, 404035.33, 5122287.38, 1194.78);
insert into STATION values (2381, '.', 4833, 404037.51, 5122269.47, 1193.21);
insert into STATION values (2382, '.', 4833, 404033.31, 5122273.12, 1192.05);
insert into STATION values (2383, '.', 4833, 404035.06, 5122282.21, 1192.80);
insert into STATION values (2384, '.', 4833, 404034.83, 5122286.47, 1192.73);
insert into STATION values (2385, '.', 4833, 404035.80, 5122280.33, 1165.98);
insert into STATION values (2386, '11', 4833, 404044.71, 5122290.88, 1197.01);
insert into STATION values (2387, '.', 4833, 404044.95, 5122290.75, 1199.75);
insert into STATION values (2388, '.', 4833, 404039.66, 5122272.92, 1196.13);
insert into STATION values (2389, '.', 4833, 404033.58, 5122272.95, 1195.61);
insert into STATION values (2390, '.', 4833, 404034.76, 5122282.60, 1195.54);
insert into STATION values (2391, '.', 4833, 404035.54, 5122288.72, 1195.25);
insert into STATION values (2392, '.', 4833, 404043.78, 5122299.68, 1196.81);
insert into STATION values (2393, '.', 4833, 404038.91, 5122301.45, 1196.42);
insert into STATION values (2394, '.', 4833, 404036.33, 5122298.15, 1196.26);
insert into STATION values (2395, '.', 4833, 404036.24, 5122294.88, 1196.82);
insert into STATION values (2396, '.', 4833, 404044.10, 5122290.09, 1212.13);
insert into STATION values (2397, '12', 4833, 404044.28, 5122290.75, 1200.35);
insert into STATION values (2398, '.', 4833, 404044.94, 5122290.86, 1208.61);
insert into STATION values (2399, '13', 4833, 404044.17, 5122290.55, 1213.59);
insert into STATION values (2400, '.', 4833, 404043.92, 5122290.45, 1227.44);
insert into STATION values (2401, '.', 4833, 404043.98, 5122290.47, 1226.86);
insert into STATION values (2402, '14', 4833, 404044.73, 5122292.41, 1214.30);
insert into STATION values (2403, '15', 4833, 404044.98, 5122290.98, 1216.10);
insert into STATION values (2404, '1', 5081, 404050.31, 5122290.28, 1232.55);
insert into STATION values (2405, '2', 5081, 404048.13, 5122292.75, 1226.60);
insert into STATION values (2406, '3', 5081, 404044.98, 5122290.98, 1216.10);
insert into STATION values (2407, '2', 5097, 404053.14, 5122288.11, 1233.64);
insert into STATION values (2408, '1', 5097, 404050.31, 5122290.28, 1232.55);
insert into STATION values (2409, '3', 5097, 404059.66, 5122281.24, 1234.63);
insert into STATION values (2410, '4', 5097, 404060.15, 5122276.13, 1235.82);
insert into STATION values (2411, '5', 5097, 404062.29, 5122270.94, 1236.71);
insert into STATION values (2412, '6', 5097, 404062.83, 5122268.70, 1236.79);
insert into STATION values (2413, '7', 5097, 404066.39, 5122265.19, 1237.49);
insert into STATION values (2414, '8', 5097, 404071.80, 5122265.14, 1239.04);
insert into STATION values (2415, '9', 5097, 404077.23, 5122262.66, 1239.56);
insert into STATION values (2416, '10', 5097, 404081.28, 5122262.49, 1240.20);
insert into STATION values (2417, '11', 5097, 404082.00, 5122259.69, 1240.61);
insert into STATION values (2418, '12', 5097, 404086.30, 5122259.27, 1241.29);
insert into STATION values (2419, '13', 5097, 404087.90, 5122258.61, 1243.03);
insert into STATION values (2420, '14', 5097, 404091.02, 5122257.62, 1241.77);
insert into STATION values (2421, '0', 5146, 403998.55, 5122291.21, 1131.05);
insert into STATION values (2422, '1', 5146, 403998.88, 5122288.31, 1132.53);
insert into STATION values (2423, '2', 5146, 404001.62, 5122285.87, 1135.97);
insert into STATION values (2424, '3', 5146, 404001.58, 5122289.45, 1137.45);
insert into STATION values (2425, '4', 5146, 404003.75, 5122284.68, 1138.28);
insert into STATION values (2426, '5', 5146, 404008.02, 5122280.97, 1143.23);
insert into STATION values (2427, '6', 5146, 404007.65, 5122279.26, 1142.88);
insert into STATION values (2428, '7', 5146, 404009.16, 5122273.85, 1142.12);
insert into STATION values (2429, '8', 5146, 404008.88, 5122274.26, 1148.11);
insert into STATION values (2430, '9', 5146, 404008.12, 5122272.98, 1149.64);
insert into STATION values (2431, '10', 5146, 404008.28, 5122270.20, 1150.10);
insert into STATION values (2432, '11', 5146, 404007.86, 5122265.66, 1153.17);
insert into STATION values (2433, '12', 5146, 404007.67, 5122267.42, 1156.47);
insert into STATION values (2434, '13', 5146, 404007.00, 5122264.99, 1159.41);
insert into STATION values (2435, '14', 5146, 404009.31, 5122258.93, 1162.77);
insert into STATION values (2436, '15', 5146, 404004.66, 5122258.17, 1161.78);
insert into STATION values (2437, '16', 5146, 404001.71, 5122257.95, 1171.29);
insert into STATION values (2438, '17', 5146, 404000.44, 5122256.73, 1170.92);
insert into STATION values (2439, '18', 5146, 403998.26, 5122255.43, 1174.52);
insert into STATION values (2440, '19', 5146, 403998.29, 5122261.88, 1175.98);
insert into STATION values (2441, '20', 5146, 403997.02, 5122255.01, 1182.77);
insert into STATION values (2442, '21', 5146, 403999.76, 5122269.50, 1174.17);
insert into STATION values (2443, '1', 5405, 403997.61, 5122289.79, 1111.74);
insert into STATION values (2444, '2', 5405, 403995.85, 5122295.08, 1109.93);
insert into STATION values (2445, '3', 5405, 403996.88, 5122287.59, 1115.61);
insert into STATION values (2446, '4', 5405, 403998.91, 5122286.66, 1118.93);
insert into STATION values (2447, '5', 5405, 403998.45, 5122284.61, 1118.71);
insert into STATION values (2448, '6', 5405, 403999.59, 5122284.97, 1122.60);
insert into STATION values (2449, '7', 5405, 403995.78, 5122289.59, 1126.95);
insert into STATION values (2450, '8', 5405, 403998.55, 5122291.21, 1131.05);
insert into STATION values (2451, '2', 5436, 403984.03, 5122316.49, 1098.80);
insert into STATION values (2452, '1', 5436, 403996.91, 5122324.37, 1098.53);
insert into STATION values (2453, '3', 5436, 403983.12, 5122301.71, 1098.80);
insert into STATION values (2454, '4', 5436, 403986.29, 5122297.09, 1099.78);
insert into STATION values (2455, '5', 5436, 403988.28, 5122297.92, 1102.85);
insert into STATION values (2456, '6', 5436, 403993.62, 5122302.01, 1105.57);
insert into STATION values (2457, '7', 5436, 403992.78, 5122300.26, 1106.64);
insert into STATION values (2458, '8', 5436, 403992.78, 5122300.26, 1109.21);
insert into STATION values (2459, '9', 5436, 403994.34, 5122297.73, 1110.60);
insert into STATION values (2460, '10', 5436, 403995.45, 5122295.48, 1114.05);
insert into STATION values (2461, '11', 5436, 403994.83, 5122293.07, 1115.61);
insert into STATION values (2462, '12', 5436, 403996.88, 5122287.59, 1115.61);
insert into STATION values (2463, '0', 5492, 404350.99, 5122435.29, 1406.95);
insert into STATION values (2464, '.', 5492, 404347.78, 5122434.74, 1407.91);
insert into STATION values (2465, '.', 5492, 404348.01, 5122435.28, 1407.73);
insert into STATION values (2466, '.', 5492, 404347.44, 5122433.24, 1413.31);
insert into STATION values (2467, '.', 5492, 404352.54, 5122430.13, 1410.61);
insert into STATION values (2468, '.', 5492, 404352.34, 5122430.27, 1408.22);
insert into STATION values (2469, '.', 5492, 404347.46, 5122434.32, 1407.41);
insert into STATION values (2470, '.', 5492, 404349.78, 5122429.47, 1408.10);
insert into STATION values (2471, '.', 5492, 404347.56, 5122431.06, 1408.38);
insert into STATION values (2472, '.', 5492, 404346.86, 5122432.75, 1408.16);
insert into STATION values (2473, '.', 5492, 404346.93, 5122433.96, 1408.10);
insert into STATION values (2474, '.', 5492, 404352.42, 5122430.00, 1408.20);
insert into STATION values (2475, '.', 5492, 404352.48, 5122433.44, 1407.71);
insert into STATION values (2476, '.', 5492, 404348.15, 5122430.34, 1408.21);
insert into STATION values (2477, '.', 5492, 404346.08, 5122431.22, 1408.98);
insert into STATION values (2478, '.', 5492, 404345.85, 5122432.30, 1409.71);
insert into STATION values (2479, '.', 5492, 404347.27, 5122430.33, 1410.37);
insert into STATION values (2480, '.', 5492, 404351.88, 5122429.63, 1412.33);
insert into STATION values (2481, '.', 5492, 404347.20, 5122431.74, 1414.91);
insert into STATION values (2482, '.', 5492, 404348.58, 5122432.85, 1420.91);
insert into STATION values (2483, '.', 5492, 404348.96, 5122430.45, 1405.86);
insert into STATION values (2484, '.', 5492, 404348.13, 5122434.91, 1407.23);
insert into STATION values (2485, '.', 5492, 404348.05, 5122435.11, 1407.34);
insert into STATION values (2486, '1', 5492, 404347.50, 5122434.30, 1407.46);
insert into STATION values (2487, '.', 5492, 404344.05, 5122433.37, 1407.98);
insert into STATION values (2488, '.', 5492, 404343.99, 5122433.28, 1407.98);
insert into STATION values (2489, '.', 5492, 404343.97, 5122433.26, 1407.97);
insert into STATION values (2490, '.', 5492, 404346.95, 5122432.76, 1407.85);
insert into STATION values (2491, '.', 5492, 404347.82, 5122431.73, 1407.70);
insert into STATION values (2492, '.', 5492, 404349.46, 5122429.82, 1407.92);
insert into STATION values (2493, '.', 5492, 404351.94, 5122429.42, 1408.07);
insert into STATION values (2494, '.', 5492, 404352.08, 5122431.38, 1407.89);
insert into STATION values (2495, '.', 5492, 404352.30, 5122432.68, 1407.85);
insert into STATION values (2496, '.', 5492, 404350.81, 5122437.93, 1408.14);
insert into STATION values (2497, '.', 5492, 404351.73, 5122436.43, 1408.19);
insert into STATION values (2498, '.', 5492, 404352.57, 5122433.08, 1408.19);
insert into STATION values (2499, '.', 5492, 404351.87, 5122434.20, 1410.62);
insert into STATION values (2500, '.', 5492, 404352.50, 5122432.72, 1415.50);
insert into STATION values (2501, '.', 5492, 404350.57, 5122432.97, 1420.22);
insert into STATION values (2502, '.', 5492, 404346.84, 5122433.80, 1407.46);
insert into STATION values (2503, '.', 5492, 404346.96, 5122432.10, 1407.28);
insert into STATION values (2504, '.', 5492, 404347.50, 5122431.16, 1407.83);
insert into STATION values (2505, '.', 5492, 404349.34, 5122430.24, 1407.49);
insert into STATION values (2506, '.', 5492, 404350.69, 5122430.41, 1407.57);
insert into STATION values (2507, '.', 5492, 404351.33, 5122437.56, 1407.99);
insert into STATION values (2508, '.', 5492, 404352.36, 5122435.31, 1408.20);
insert into STATION values (2509, '.', 5492, 404352.35, 5122432.65, 1408.31);
insert into STATION values (2510, '.', 5492, 404351.98, 5122434.32, 1411.98);
insert into STATION values (2511, '.', 5492, 404351.50, 5122434.15, 1418.95);
insert into STATION values (2512, '.', 5492, 404346.83, 5122434.10, 1409.83);
insert into STATION values (2513, '.', 5492, 404347.66, 5122430.76, 1401.49);
insert into STATION values (2514, '.', 5492, 404348.50, 5122431.31, 1401.50);
insert into STATION values (2515, '.', 5492, 404348.71, 5122431.84, 1401.34);
insert into STATION values (2516, '.', 5492, 404348.89, 5122432.43, 1401.20);
insert into STATION values (2517, '.', 5492, 404349.08, 5122433.22, 1401.20);
insert into STATION values (2518, '.', 5492, 404349.07, 5122433.79, 1401.26);
insert into STATION values (2519, '.', 5492, 404348.78, 5122433.47, 1401.19);
insert into STATION values (2520, '.', 5492, 404348.75, 5122434.30, 1401.21);
insert into STATION values (2521, '.', 5492, 404348.58, 5122434.98, 1401.32);
insert into STATION values (2522, '.', 5492, 404351.42, 5122433.77, 1401.64);
insert into STATION values (2523, '.', 5492, 404351.65, 5122431.71, 1403.34);
insert into STATION values (2524, '.', 5492, 404346.37, 5122431.23, 1402.15);
insert into STATION values (2525, '.', 5492, 404347.45, 5122430.16, 1403.72);
insert into STATION values (2526, '2', 5492, 404346.72, 5122433.70, 1402.31);
insert into STATION values (2527, '.', 5492, 404347.42, 5122429.79, 1402.34);
insert into STATION values (2528, '.', 5492, 404348.60, 5122429.75, 1402.48);
insert into STATION values (2529, '.', 5492, 404350.20, 5122430.24, 1402.17);
insert into STATION values (2530, '.', 5492, 404351.48, 5122431.78, 1402.93);
insert into STATION values (2531, '.', 5492, 404351.22, 5122433.53, 1402.77);
insert into STATION values (2532, '.', 5492, 404349.03, 5122429.90, 1403.69);
insert into STATION values (2533, '.', 5492, 404347.29, 5122430.53, 1403.94);
insert into STATION values (2534, '.', 5492, 404346.25, 5122428.82, 1404.55);
insert into STATION values (2535, '.', 5492, 404346.12, 5122429.83, 1405.19);
insert into STATION values (2536, '.', 5492, 404346.33, 5122431.08, 1405.18);
insert into STATION values (2537, '.', 5492, 404345.58, 5122430.36, 1404.73);
insert into STATION values (2538, '.', 5492, 404345.97, 5122431.83, 1403.74);
insert into STATION values (2539, '.', 5492, 404345.54, 5122429.22, 1403.92);
insert into STATION values (2540, '.', 5492, 404345.76, 5122427.30, 1403.08);
insert into STATION values (2541, '.', 5492, 404346.30, 5122424.41, 1401.57);
insert into STATION values (2542, '.', 5492, 404345.85, 5122426.20, 1401.69);
insert into STATION values (2543, '.', 5492, 404346.49, 5122431.35, 1401.91);
insert into STATION values (2544, '.', 5492, 404346.63, 5122425.25, 1400.84);
insert into STATION values (2545, '.', 5492, 404347.18, 5122429.64, 1401.22);
insert into STATION values (2546, '.', 5492, 404347.07, 5122429.41, 1400.82);
insert into STATION values (2547, '.', 5492, 404346.74, 5122431.11, 1401.26);
insert into STATION values (2548, '.', 5492, 404347.04, 5122431.01, 1401.06);
insert into STATION values (2549, '.', 5492, 404345.34, 5122429.79, 1403.00);
insert into STATION values (2550, '.', 5492, 404349.97, 5122429.60, 1403.81);
insert into STATION values (2551, '.', 5492, 404352.19, 5122429.94, 1405.72);
insert into STATION values (2552, '.', 5492, 404352.66, 5122430.49, 1405.81);
insert into STATION values (2553, '.', 5492, 404346.46, 5122423.65, 1401.38);
insert into STATION values (2554, '3', 5492, 404346.63, 5122430.80, 1402.05);
insert into STATION values (2555, '.', 5492, 404347.29, 5122429.77, 1402.29);
insert into STATION values (2556, '.', 5492, 404346.97, 5122429.48, 1402.24);
insert into STATION values (2557, '.', 5492, 404346.81, 5122425.37, 1402.26);
insert into STATION values (2558, '.', 5492, 404346.00, 5122426.55, 1402.28);
insert into STATION values (2559, '.', 5492, 404345.84, 5122427.70, 1402.24);
insert into STATION values (2560, '.', 5492, 404345.95, 5122429.12, 1402.26);
insert into STATION values (2561, '.', 5492, 404345.70, 5122429.36, 1402.36);
insert into STATION values (2562, '.', 5492, 404346.10, 5122430.22, 1402.26);
insert into STATION values (2563, '.', 5492, 404345.19, 5122430.29, 1403.13);
insert into STATION values (2564, '.', 5492, 404345.63, 5122429.25, 1403.59);
insert into STATION values (2565, '.', 5492, 404346.17, 5122428.62, 1404.67);
insert into STATION values (2566, '.', 5492, 404346.12, 5122429.73, 1404.86);
insert into STATION values (2567, '.', 5492, 404345.91, 5122430.25, 1405.14);
insert into STATION values (2568, '.', 5492, 404346.64, 5122430.25, 1403.64);
insert into STATION values (2569, '.', 5492, 404346.48, 5122430.78, 1404.60);
insert into STATION values (2570, '.', 5492, 404345.01, 5122427.40, 1402.91);
insert into STATION values (2571, '.', 5492, 404346.15, 5122430.19, 1402.30);
insert into STATION values (2572, '.', 5492, 404344.28, 5122427.67, 1403.25);
insert into STATION values (2573, '.', 5492, 404345.78, 5122429.10, 1402.35);
insert into STATION values (2574, '.', 5492, 404344.61, 5122428.02, 1403.19);
insert into STATION values (2575, '4', 5492, 404344.52, 5122428.02, 1403.13);
insert into STATION values (2576, '.', 5492, 404342.48, 5122427.73, 1403.23);
insert into STATION values (2577, '.', 5492, 404342.09, 5122428.04, 1403.30);
insert into STATION values (2578, '.', 5492, 404341.67, 5122428.69, 1403.39);
insert into STATION values (2579, '.', 5492, 404341.57, 5122429.27, 1403.42);
insert into STATION values (2580, '.', 5492, 404341.50, 5122429.83, 1403.39);
insert into STATION values (2581, '.', 5492, 404340.73, 5122430.66, 1403.53);
insert into STATION values (2582, '.', 5492, 404340.82, 5122431.26, 1403.58);
insert into STATION values (2583, '.', 5492, 404343.07, 5122430.02, 1403.28);
insert into STATION values (2584, '.', 5492, 404343.75, 5122429.99, 1403.41);
insert into STATION values (2585, '.', 5492, 404344.59, 5122429.80, 1403.32);
insert into STATION values (2586, '.', 5492, 404345.19, 5122429.64, 1403.22);
insert into STATION values (2587, '.', 5492, 404349.66, 5122435.45, 1403.40);
insert into STATION values (2588, '.', 5492, 404341.21, 5122428.74, 1402.86);
insert into STATION values (2589, '.', 5492, 404341.90, 5122428.14, 1403.62);
insert into STATION values (2590, '.', 5492, 404340.90, 5122431.00, 1404.05);
insert into STATION values (2591, '.', 5492, 404340.80, 5122430.91, 1402.92);
insert into STATION values (2592, '.', 5492, 404344.58, 5122429.81, 1403.12);
insert into STATION values (2593, '5', 5492, 404341.17, 5122431.47, 1403.81);
insert into STATION values (2594, '.', 5492, 404342.05, 5122430.01, 1403.88);
insert into STATION values (2595, '.', 5492, 404342.56, 5122430.38, 1404.01);
insert into STATION values (2596, '.', 5492, 404343.16, 5122430.76, 1404.06);
insert into STATION values (2597, '.', 5492, 404342.93, 5122431.22, 1404.08);
insert into STATION values (2598, '.', 5492, 404344.13, 5122428.58, 1403.53);
insert into STATION values (2599, '.', 5492, 404343.67, 5122427.76, 1403.27);
insert into STATION values (2600, '.', 5492, 404341.39, 5122430.13, 1403.65);
insert into STATION values (2601, '.', 5492, 404340.96, 5122430.42, 1403.68);
insert into STATION values (2602, '.', 5492, 404341.23, 5122430.17, 1404.32);
insert into STATION values (2603, '.', 5492, 404342.52, 5122429.32, 1405.72);
insert into STATION values (2604, '.', 5492, 404342.19, 5122429.16, 1406.08);
insert into STATION values (2605, '.', 5492, 404341.52, 5122429.24, 1405.69);
insert into STATION values (2606, '.', 5492, 404341.57, 5122429.27, 1406.31);
insert into STATION values (2607, '.', 5492, 404341.99, 5122428.97, 1405.71);
insert into STATION values (2608, '.', 5492, 404342.43, 5122430.67, 1403.66);
insert into STATION values (2609, '.', 5492, 404341.94, 5122430.56, 1403.36);
insert into STATION values (2610, '.', 5492, 404342.08, 5122429.69, 1402.79);
insert into STATION values (2611, '6', 5492, 404345.90, 5122426.60, 1399.69);
insert into STATION values (2612, '.', 5492, 404344.89, 5122423.72, 1400.49);
insert into STATION values (2613, '.', 5492, 404344.68, 5122424.58, 1400.43);
insert into STATION values (2614, '.', 5492, 404344.82, 5122425.13, 1400.29);
insert into STATION values (2615, '.', 5492, 404344.99, 5122426.17, 1400.09);
insert into STATION values (2616, '.', 5492, 404344.89, 5122426.65, 1400.27);
insert into STATION values (2617, '.', 5492, 404344.62, 5122427.04, 1400.14);
insert into STATION values (2618, '.', 5492, 404344.59, 5122427.68, 1400.09);
insert into STATION values (2619, '.', 5492, 404344.62, 5122428.48, 1400.26);
insert into STATION values (2620, '.', 5492, 404344.95, 5122429.23, 1400.34);
insert into STATION values (2621, '.', 5492, 404345.91, 5122429.85, 1400.34);
insert into STATION values (2622, '.', 5492, 404346.88, 5122430.72, 1400.63);
insert into STATION values (2623, '.', 5492, 404346.92, 5122428.82, 1400.31);
insert into STATION values (2624, '.', 5492, 404347.16, 5122428.21, 1400.30);
insert into STATION values (2625, '.', 5492, 404347.34, 5122427.70, 1400.30);
insert into STATION values (2626, '.', 5492, 404346.73, 5122425.02, 1400.21);
insert into STATION values (2627, '.', 5492, 404347.57, 5122425.54, 1400.18);
insert into STATION values (2628, '.', 5492, 404348.00, 5122426.22, 1400.27);
insert into STATION values (2629, '.', 5492, 404347.94, 5122426.63, 1400.06);
insert into STATION values (2630, '.', 5492, 404343.10, 5122429.69, 1398.48);
insert into STATION values (2631, '.', 5492, 404344.49, 5122430.08, 1398.86);
insert into STATION values (2632, '.', 5492, 404347.01, 5122430.31, 1399.08);
insert into STATION values (2633, '.', 5492, 404347.68, 5122429.36, 1399.54);
insert into STATION values (2634, '.', 5492, 404347.28, 5122428.51, 1399.68);
insert into STATION values (2635, '.', 5492, 404347.56, 5122427.75, 1400.05);
insert into STATION values (2636, '.', 5492, 404347.58, 5122427.35, 1400.11);
insert into STATION values (2637, '.', 5492, 404345.24, 5122427.98, 1400.67);
insert into STATION values (2638, '.', 5492, 404345.53, 5122429.54, 1401.75);
insert into STATION values (2639, '.', 5492, 404345.40, 5122426.81, 1402.81);
insert into STATION values (2640, '.', 5492, 404345.84, 5122427.48, 1403.27);
insert into STATION values (2641, '7', 5492, 404344.55, 5122423.82, 1400.43);
insert into STATION values (2642, '.', 5492, 404341.96, 5122422.27, 1400.00);
insert into STATION values (2643, '.', 5492, 404342.42, 5122422.87, 1400.12);
insert into STATION values (2644, '.', 5492, 404342.12, 5122423.26, 1400.01);
insert into STATION values (2645, '.', 5492, 404342.40, 5122423.07, 1399.69);
insert into STATION values (2646, '.', 5492, 404341.94, 5122422.17, 1399.61);
insert into STATION values (2647, '.', 5492, 404343.00, 5122423.67, 1400.09);
insert into STATION values (2648, '.', 5492, 404343.37, 5122424.13, 1400.25);
insert into STATION values (2649, '.', 5492, 404343.90, 5122424.38, 1400.38);
insert into STATION values (2650, '.', 5492, 404343.84, 5122423.97, 1400.61);
insert into STATION values (2651, '.', 5492, 404343.58, 5122423.30, 1400.64);
insert into STATION values (2652, '.', 5492, 404343.21, 5122423.15, 1400.52);
insert into STATION values (2653, '.', 5492, 404343.68, 5122423.18, 1400.33);
insert into STATION values (2654, '.', 5492, 404343.69, 5122423.21, 1400.18);
insert into STATION values (2655, '.', 5492, 404342.84, 5122424.12, 1399.66);
insert into STATION values (2656, '.', 5492, 404343.72, 5122424.34, 1399.95);
insert into STATION values (2657, '.', 5492, 404343.73, 5122424.23, 1399.66);
insert into STATION values (2658, '.', 5492, 404343.03, 5122423.90, 1399.55);
insert into STATION values (2659, '.', 5492, 404342.71, 5122419.25, 1395.22);
insert into STATION values (2660, '.', 5492, 404343.71, 5122419.89, 1396.83);
insert into STATION values (2661, '.', 5492, 404344.06, 5122422.56, 1399.28);
insert into STATION values (2662, '.', 5492, 404343.90, 5122422.83, 1399.36);
insert into STATION values (2663, '.', 5492, 404343.71, 5122423.06, 1399.31);
insert into STATION values (2664, '.', 5492, 404344.26, 5122423.39, 1399.49);
insert into STATION values (2665, '.', 5492, 404344.47, 5122423.50, 1399.79);
insert into STATION values (2666, '.', 5492, 404344.72, 5122423.33, 1399.87);
insert into STATION values (2667, '.', 5492, 404344.58, 5122424.42, 1400.59);
insert into STATION values (2668, '.', 5492, 404345.01, 5122425.60, 1401.02);
insert into STATION values (2669, '.', 5492, 404346.04, 5122424.11, 1400.84);
insert into STATION values (2670, '.', 5492, 404346.21, 5122424.39, 1400.63);
insert into STATION values (2671, '.', 5492, 404346.99, 5122424.91, 1400.81);
insert into STATION values (2672, '.', 5492, 404347.38, 5122424.99, 1401.12);
insert into STATION values (2673, '.', 5492, 404348.01, 5122426.28, 1401.30);
insert into STATION values (2674, '.', 5492, 404346.19, 5122424.74, 1400.55);
insert into STATION values (2675, '.', 5492, 404345.75, 5122424.80, 1400.20);
insert into STATION values (2676, '9', 5492, 404342.34, 5122422.83, 1399.83);
insert into STATION values (2677, '.', 5492, 404347.70, 5122426.32, 1400.59);
insert into STATION values (2678, '.', 5492, 404347.48, 5122427.05, 1400.42);
insert into STATION values (2679, '.', 5492, 404347.24, 5122427.30, 1400.42);
insert into STATION values (2680, '.', 5492, 404347.12, 5122427.89, 1400.30);
insert into STATION values (2681, '.', 5492, 404346.03, 5122430.41, 1399.54);
insert into STATION values (2682, '.', 5492, 404345.94, 5122429.91, 1400.32);
insert into STATION values (2683, '.', 5492, 404346.52, 5122429.29, 1400.50);
insert into STATION values (2684, '.', 5492, 404346.96, 5122427.76, 1399.60);
insert into STATION values (2685, '.', 5492, 404347.36, 5122427.10, 1399.52);
insert into STATION values (2686, '.', 5492, 404346.17, 5122430.39, 1399.57);
insert into STATION values (2687, '.', 5492, 404344.64, 5122426.13, 1400.27);
insert into STATION values (2688, '.', 5492, 404345.52, 5122429.99, 1400.47);
insert into STATION values (2689, '.', 5492, 404347.78, 5122435.75, 1401.29);
insert into STATION values (2690, '.', 5492, 404346.60, 5122429.27, 1400.93);
insert into STATION values (2691, '.', 5492, 404347.04, 5122427.48, 1399.35);
insert into STATION values (2692, '0', 5534, 404345.90, 5122426.60, 1399.69);
insert into STATION values (2693, '.', 5534, 404345.88, 5122430.16, 1399.68);
insert into STATION values (2694, '.', 5534, 404345.01, 5122429.47, 1399.60);
insert into STATION values (2695, '.', 5534, 404343.06, 5122429.63, 1399.28);
insert into STATION values (2696, '.', 5534, 404343.79, 5122428.42, 1399.47);
insert into STATION values (2697, '.', 5534, 404344.19, 5122427.64, 1399.43);
insert into STATION values (2698, '.', 5534, 404346.65, 5122430.29, 1399.45);
insert into STATION values (2699, '.', 5534, 404346.72, 5122425.43, 1399.70);
insert into STATION values (2700, '.', 5534, 404346.10, 5122425.20, 1399.86);
insert into STATION values (2701, '.', 5534, 404345.10, 5122423.81, 1400.05);
insert into STATION values (2702, '1', 5534, 404343.78, 5122428.04, 1398.90);
insert into STATION values (2703, '.', 5534, 404343.17, 5122429.27, 1398.70);
insert into STATION values (2704, '.', 5534, 404343.97, 5122430.26, 1398.74);
insert into STATION values (2705, '.', 5534, 404344.73, 5122429.88, 1398.82);
insert into STATION values (2706, '.', 5534, 404345.67, 5122429.77, 1398.95);
insert into STATION values (2707, '.', 5534, 404347.59, 5122428.52, 1398.51);
insert into STATION values (2708, '.', 5534, 404346.94, 5122426.92, 1398.69);
insert into STATION values (2709, '.', 5534, 404346.06, 5122426.60, 1398.80);
insert into STATION values (2710, '.', 5534, 404345.11, 5122427.08, 1398.85);
insert into STATION values (2711, '.', 5534, 404343.63, 5122428.07, 1393.50);
insert into STATION values (2712, '.', 5534, 404344.15, 5122429.89, 1393.58);
insert into STATION values (2713, '.', 5534, 404346.37, 5122430.57, 1392.71);
insert into STATION values (2714, '.', 5534, 404347.10, 5122430.84, 1392.51);
insert into STATION values (2715, '.', 5534, 404345.45, 5122429.46, 1395.94);
insert into STATION values (2716, '.', 5534, 404345.56, 5122429.52, 1396.88);
insert into STATION values (2717, '.', 5534, 404345.27, 5122429.53, 1397.67);
insert into STATION values (2718, '.', 5534, 404344.91, 5122429.35, 1397.92);
insert into STATION values (2719, '2', 5534, 404345.98, 5122430.48, 1393.92);
insert into STATION values (2720, '.', 5534, 404347.25, 5122430.01, 1395.15);
insert into STATION values (2721, '.', 5534, 404345.24, 5122427.37, 1395.83);
insert into STATION values (2722, '.', 5534, 404349.72, 5122429.59, 1393.61);
insert into STATION values (2723, '.', 5534, 404346.25, 5122430.36, 1392.76);
insert into STATION values (2724, '.', 5534, 404346.02, 5122430.83, 1394.34);
insert into STATION values (2725, '.', 5534, 404343.17, 5122431.46, 1395.03);
insert into STATION values (2726, '.', 5534, 404342.00, 5122429.04, 1395.07);
insert into STATION values (2727, '.', 5534, 404343.72, 5122429.39, 1398.98);
insert into STATION values (2728, '.', 5534, 404343.81, 5122427.47, 1398.44);
insert into STATION values (2729, '.', 5534, 404345.33, 5122427.72, 1397.06);
insert into STATION values (2730, '.', 5534, 404343.53, 5122430.01, 1398.47);
insert into STATION values (2731, '.', 5534, 404343.53, 5122431.20, 1396.12);
insert into STATION values (2732, '.', 5534, 404342.13, 5122429.80, 1395.53);
insert into STATION values (2733, '.', 5534, 404343.88, 5122431.51, 1395.02);
insert into STATION values (2734, '.', 5534, 404343.05, 5122428.34, 1393.85);
insert into STATION values (2735, '.', 5534, 404345.64, 5122430.01, 1392.78);
insert into STATION values (2736, '.', 5534, 404343.46, 5122429.18, 1393.49);
insert into STATION values (2737, '.', 5534, 404345.54, 5122429.81, 1393.61);
insert into STATION values (2738, '.', 5534, 404345.74, 5122429.60, 1393.09);
insert into STATION values (2739, '.', 5534, 404346.00, 5122430.85, 1394.24);
insert into STATION values (2740, '.', 5534, 404346.30, 5122429.34, 1394.25);
insert into STATION values (2741, '.', 5534, 404347.46, 5122429.31, 1393.63);
insert into STATION values (2742, '.', 5534, 404347.70, 5122429.55, 1393.02);
insert into STATION values (2743, '.', 5534, 404348.00, 5122431.38, 1392.86);
insert into STATION values (2744, '.', 5534, 404350.50, 5122429.85, 1393.33);
insert into STATION values (2745, '.', 5534, 404350.73, 5122428.67, 1393.42);
insert into STATION values (2746, '.', 5534, 404349.83, 5122429.68, 1393.37);
insert into STATION values (2747, '.', 5534, 404350.17, 5122429.60, 1393.33);
insert into STATION values (2748, '3', 5534, 404349.83, 5122429.69, 1393.38);
insert into STATION values (2749, '.', 5534, 404348.20, 5122431.55, 1393.53);
insert into STATION values (2750, '.', 5534, 404342.93, 5122430.83, 1394.08);
insert into STATION values (2751, '.', 5534, 404345.64, 5122430.33, 1393.20);
insert into STATION values (2752, '.', 5534, 404349.71, 5122429.82, 1393.97);
insert into STATION values (2753, '.', 5534, 404349.81, 5122429.60, 1392.76);
insert into STATION values (2754, '.', 5534, 404348.42, 5122428.31, 1393.51);
insert into STATION values (2755, '.', 5534, 404350.01, 5122429.93, 1393.42);
insert into STATION values (2756, '.', 5534, 404350.67, 5122428.98, 1393.61);
insert into STATION values (2757, '.', 5534, 404348.81, 5122429.17, 1392.59);
insert into STATION values (2758, '.', 5534, 404349.85, 5122428.10, 1393.17);
insert into STATION values (2759, '.', 5534, 404350.80, 5122428.33, 1393.51);
insert into STATION values (2760, '.', 5534, 404350.02, 5122429.48, 1394.00);
insert into STATION values (2761, '.', 5534, 404351.29, 5122426.21, 1393.71);
insert into STATION values (2762, '.', 5534, 404351.16, 5122426.42, 1392.87);
insert into STATION values (2763, '.', 5534, 404349.79, 5122428.10, 1393.97);
insert into STATION values (2764, '4', 5534, 404351.21, 5122426.18, 1393.47);
insert into STATION values (2765, '.', 5534, 404353.45, 5122426.54, 1393.13);
insert into STATION values (2766, '.', 5534, 404352.84, 5122426.38, 1394.67);
insert into STATION values (2767, '.', 5534, 404351.73, 5122426.40, 1394.91);
insert into STATION values (2768, '.', 5534, 404352.64, 5122426.98, 1393.14);
insert into STATION values (2769, '.', 5534, 404353.53, 5122427.68, 1389.94);
insert into STATION values (2770, '.', 5534, 404351.80, 5122427.33, 1389.93);
insert into STATION values (2771, '.', 5534, 404354.63, 5122427.00, 1389.79);
insert into STATION values (2772, '.', 5534, 404351.36, 5122426.99, 1393.26);
insert into STATION values (2773, '5', 5534, 404353.84, 5122426.71, 1391.06);
insert into STATION values (2774, '.', 5534, 404350.35, 5122425.87, 1390.65);
insert into STATION values (2775, '.', 5534, 404352.38, 5122424.65, 1390.24);
insert into STATION values (2776, '.', 5534, 404354.13, 5122426.64, 1389.66);
insert into STATION values (2777, '.', 5534, 404353.29, 5122421.64, 1389.98);
insert into STATION values (2778, '.', 5534, 404353.08, 5122424.43, 1390.33);
insert into STATION values (2779, '.', 5534, 404353.82, 5122423.30, 1390.30);
insert into STATION values (2780, '.', 5534, 404351.17, 5122426.77, 1391.92);
insert into STATION values (2781, '.', 5534, 404351.73, 5122427.74, 1391.15);
insert into STATION values (2782, '.', 5534, 404350.48, 5122427.45, 1390.43);
insert into STATION values (2783, '.', 5534, 404350.29, 5122426.16, 1390.29);
insert into STATION values (2784, '.', 5534, 404351.66, 5122428.28, 1390.39);
insert into STATION values (2785, '.', 5534, 404352.15, 5122427.14, 1392.62);
insert into STATION values (2786, '.', 5534, 404351.75, 5122426.87, 1394.71);
insert into STATION values (2787, '.', 5534, 404351.06, 5122426.54, 1394.54);
insert into STATION values (2788, '.', 5534, 404350.55, 5122426.63, 1393.86);
insert into STATION values (2789, '.', 5534, 404352.03, 5122427.66, 1390.95);
insert into STATION values (2790, '.', 5534, 404350.38, 5122425.79, 1390.26);
insert into STATION values (2791, '.', 5534, 404351.85, 5122426.62, 1389.86);
insert into STATION values (2792, '.', 5534, 404354.66, 5122427.80, 1389.95);
insert into STATION values (2793, '.', 5534, 404354.84, 5122425.94, 1390.21);
insert into STATION values (2794, '.', 5534, 404355.40, 5122426.39, 1390.28);
insert into STATION values (2795, '6', 5534, 404353.02, 5122422.05, 1390.42);
insert into STATION values (2796, '.', 5534, 404352.94, 5122421.98, 1391.04);
insert into STATION values (2797, '.', 5534, 404356.33, 5122420.58, 1390.55);
insert into STATION values (2798, '.', 5534, 404354.18, 5122422.05, 1390.55);
insert into STATION values (2799, '.', 5534, 404352.67, 5122422.39, 1390.42);
insert into STATION values (2800, '.', 5534, 404352.85, 5122423.73, 1390.55);
insert into STATION values (2801, '.', 5534, 404353.90, 5122428.84, 1390.41);
insert into STATION values (2802, '.', 5534, 404353.36, 5122423.07, 1390.88);
insert into STATION values (2803, '.', 5534, 404353.86, 5122422.53, 1390.56);
insert into STATION values (2804, '.', 5534, 404354.24, 5122423.95, 1390.70);
insert into STATION values (2805, '.', 5534, 404353.74, 5122423.21, 1389.97);
insert into STATION values (2806, '.', 5534, 404353.58, 5122423.69, 1389.75);
insert into STATION values (2807, '.', 5534, 404353.43, 5122422.71, 1389.74);
insert into STATION values (2808, '.', 5534, 404352.51, 5122422.15, 1390.60);
insert into STATION values (2809, '.', 5534, 404352.76, 5122421.47, 1390.56);
insert into STATION values (2810, '.', 5534, 404352.96, 5122421.90, 1391.11);
insert into STATION values (2811, '.', 5534, 404353.32, 5122420.75, 1391.34);
insert into STATION values (2812, '.', 5534, 404354.90, 5122420.97, 1390.20);
insert into STATION values (2813, '.', 5534, 404353.89, 5122421.57, 1389.80);
insert into STATION values (2814, '.', 5534, 404354.22, 5122420.38, 1391.37);
insert into STATION values (2815, '.', 5534, 404354.93, 5122419.90, 1391.20);
insert into STATION values (2816, '.', 5534, 404356.09, 5122420.15, 1391.01);
insert into STATION values (2817, '.', 5534, 404356.24, 5122419.10, 1391.35);
insert into STATION values (2818, '.', 5534, 404355.14, 5122420.41, 1391.32);
insert into STATION values (2819, '.', 5534, 404356.09, 5122420.52, 1391.00);
insert into STATION values (2820, '.', 5534, 404354.25, 5122421.86, 1390.60);
insert into STATION values (2821, '.', 5534, 404354.97, 5122421.11, 1391.09);
insert into STATION values (2822, '.', 5534, 404357.53, 5122420.59, 1390.49);
insert into STATION values (2823, '.', 5534, 404356.46, 5122420.71, 1390.57);
insert into STATION values (2824, '.', 5534, 404355.02, 5122420.12, 1390.66);
insert into STATION values (2825, '.', 5534, 404356.20, 5122418.71, 1391.40);
insert into STATION values (2826, '.', 5534, 404356.18, 5122419.54, 1391.23);
insert into STATION values (2827, '.', 5534, 404355.77, 5122419.52, 1391.51);
insert into STATION values (2828, '7', 5534, 404354.47, 5122420.55, 1390.81);
insert into STATION values (2829, '.', 5534, 404357.69, 5122421.13, 1390.28);
insert into STATION values (2830, '.', 5534, 404354.59, 5122420.56, 1391.62);
insert into STATION values (2831, '.', 5534, 404354.67, 5122419.85, 1391.09);
insert into STATION values (2832, '.', 5534, 404356.08, 5122418.97, 1391.38);
insert into STATION values (2833, '.', 5534, 404356.05, 5122420.51, 1390.90);
insert into STATION values (2834, '.', 5534, 404355.03, 5122421.23, 1390.81);
insert into STATION values (2835, '.', 5534, 404354.41, 5122421.70, 1390.77);
insert into STATION values (2836, '.', 5534, 404358.73, 5122422.53, 1388.37);
insert into STATION values (2837, '.', 5534, 404355.72, 5122422.68, 1387.71);
insert into STATION values (2838, '.', 5534, 404355.24, 5122420.68, 1390.41);
insert into STATION values (2839, '.', 5534, 404357.72, 5122421.11, 1390.29);
insert into STATION values (2840, '.', 5534, 404355.86, 5122420.72, 1391.13);
insert into STATION values (2841, '8', 5534, 404357.42, 5122421.35, 1390.12);
insert into STATION values (2842, '.', 5534, 404357.42, 5122421.43, 1390.62);
insert into STATION values (2843, '.', 5534, 404356.88, 5122422.26, 1390.45);
insert into STATION values (2844, '.', 5534, 404357.23, 5122421.37, 1391.04);
insert into STATION values (2845, '.', 5534, 404356.52, 5122421.34, 1391.05);
insert into STATION values (2846, '.', 5534, 404356.21, 5122421.95, 1389.69);
insert into STATION values (2847, '.', 5534, 404354.26, 5122421.67, 1388.78);
insert into STATION values (2848, '.', 5534, 404353.63, 5122421.58, 1390.13);
insert into STATION values (2849, '.', 5534, 404354.68, 5122421.83, 1387.98);
insert into STATION values (2850, '.', 5534, 404355.99, 5122423.08, 1387.73);
insert into STATION values (2851, '.', 5534, 404356.87, 5122422.65, 1388.91);
insert into STATION values (2852, '.', 5534, 404356.84, 5122421.87, 1390.58);
insert into STATION values (2853, '.', 5534, 404357.87, 5122420.62, 1390.27);
insert into STATION values (2854, '.', 5534, 404357.62, 5122419.26, 1387.83);
insert into STATION values (2855, '.', 5534, 404357.47, 5122420.55, 1390.56);
insert into STATION values (2856, '.', 5534, 404357.08, 5122421.26, 1390.95);
insert into STATION values (2857, '.', 5534, 404355.64, 5122423.21, 1387.99);
insert into STATION values (2858, '.', 5534, 404355.11, 5122420.85, 1387.99);
insert into STATION values (2859, '.', 5534, 404357.39, 5122421.18, 1389.71);
insert into STATION values (2860, '.', 5534, 404357.56, 5122420.60, 1390.48);
insert into STATION values (2861, '.', 5534, 404357.76, 5122420.53, 1390.08);
insert into STATION values (2862, '9', 5534, 404357.95, 5122419.53, 1388.38);
insert into STATION values (2863, '.', 5534, 404359.17, 5122421.08, 1388.49);
insert into STATION values (2864, '.', 5534, 404358.25, 5122422.91, 1388.42);
insert into STATION values (2865, '.', 5534, 404356.35, 5122423.32, 1388.36);
insert into STATION values (2866, '.', 5534, 404355.20, 5122422.77, 1388.32);
insert into STATION values (2867, '.', 5534, 404354.54, 5122422.23, 1388.16);
insert into STATION values (2868, '.', 5534, 404356.65, 5122419.90, 1388.20);
insert into STATION values (2869, '.', 5534, 404356.64, 5122419.04, 1388.39);
insert into STATION values (2870, '.', 5534, 404357.81, 5122417.50, 1388.41);
insert into STATION values (2871, '.', 5534, 404357.71, 5122419.17, 1389.21);
insert into STATION values (2872, '.', 5534, 404357.65, 5122418.36, 1389.13);
insert into STATION values (2873, '.', 5534, 404357.00, 5122418.24, 1388.84);
insert into STATION values (2874, '.', 5534, 404357.69, 5122421.13, 1389.98);
insert into STATION values (2875, '.', 5534, 404357.23, 5122421.42, 1390.60);
insert into STATION values (2876, '.', 5534, 404358.33, 5122422.72, 1389.17);
insert into STATION values (2877, '.', 5534, 404357.65, 5122421.17, 1389.13);
insert into STATION values (2878, '.', 5534, 404357.31, 5122420.94, 1389.44);
insert into STATION values (2879, '.', 5534, 404357.08, 5122420.53, 1389.30);
insert into STATION values (2880, '.', 5534, 404355.45, 5122420.97, 1387.75);
insert into STATION values (2881, '.', 5534, 404358.59, 5122420.36, 1388.08);
insert into STATION values (2882, '.', 5534, 404357.70, 5122419.93, 1387.92);
insert into STATION values (2883, '.', 5534, 404357.43, 5122419.61, 1387.78);
insert into STATION values (2884, '10', 5534, 404354.74, 5122421.94, 1388.15);
insert into STATION values (2885, '.', 5534, 404359.04, 5122421.98, 1388.61);
insert into STATION values (2886, '.', 5534, 404358.72, 5122423.03, 1388.62);
insert into STATION values (2887, '.', 5534, 404356.96, 5122423.18, 1388.40);
insert into STATION values (2888, '.', 5534, 404356.40, 5122423.70, 1388.19);
insert into STATION values (2889, '.', 5534, 404355.72, 5122422.08, 1389.48);
insert into STATION values (2890, '.', 5534, 404355.58, 5122421.47, 1390.86);
insert into STATION values (2891, '.', 5534, 404356.80, 5122421.00, 1391.14);
insert into STATION values (2892, '.', 5534, 404357.34, 5122421.61, 1390.34);
insert into STATION values (2893, '.', 5534, 404355.00, 5122420.50, 1388.49);
insert into STATION values (2894, '.', 5534, 404354.95, 5122420.53, 1389.18);
insert into STATION values (2895, '.', 5534, 404358.56, 5122419.53, 1388.46);
insert into STATION values (2896, '.', 5534, 404358.96, 5122420.54, 1388.78);
insert into STATION values (2897, '.', 5534, 404356.60, 5122421.60, 1391.06);
insert into STATION values (2898, '.', 5534, 404355.13, 5122421.51, 1390.72);
insert into STATION values (2899, '.', 5534, 404354.95, 5122421.97, 1389.56);
insert into STATION values (2900, '.', 5534, 404354.90, 5122422.54, 1388.24);
insert into STATION values (2901, '.', 5534, 404354.27, 5122421.94, 1388.24);
insert into STATION values (2902, '.', 5534, 404354.28, 5122421.11, 1388.31);
insert into STATION values (2903, '.', 5534, 404354.87, 5122420.59, 1388.35);
insert into STATION values (2904, '.', 5534, 404355.22, 5122420.48, 1388.37);
insert into STATION values (2905, '.', 5534, 404355.75, 5122420.56, 1388.34);
insert into STATION values (2906, '.', 5534, 404356.39, 5122420.40, 1388.47);
insert into STATION values (2907, '.', 5534, 404358.61, 5122419.38, 1388.48);
insert into STATION values (2908, '.', 5534, 404358.82, 5122420.07, 1388.40);
insert into STATION values (2909, '.', 5534, 404356.35, 5122421.43, 1388.27);
insert into STATION values (2910, '.', 5534, 404359.19, 5122421.89, 1388.57);
insert into STATION values (2911, '.', 5534, 404357.19, 5122421.36, 1387.49);
insert into STATION values (2912, '.', 5534, 404356.79, 5122420.88, 1387.42);
insert into STATION values (2913, '.', 5534, 404356.71, 5122422.63, 1387.53);
insert into STATION values (2914, '.', 5534, 404357.15, 5122421.82, 1387.51);
insert into STATION values (2915, '11', 5534, 404356.52, 5122416.02, 1388.44);
insert into STATION values (2916, '.', 5534, 404356.41, 5122415.67, 1389.21);
insert into STATION values (2917, '.', 5534, 404356.61, 5122412.67, 1388.57);
insert into STATION values (2918, '.', 5534, 404356.02, 5122414.60, 1388.51);
insert into STATION values (2919, '.', 5534, 404358.46, 5122422.74, 1388.87);
insert into STATION values (2920, '.', 5534, 404356.84, 5122416.03, 1388.46);
insert into STATION values (2921, '.', 5534, 404356.69, 5122409.11, 1381.13);
insert into STATION values (2922, '.', 5534, 404355.61, 5122413.56, 1384.78);
insert into STATION values (2923, '.', 5534, 404356.31, 5122415.99, 1387.22);
insert into STATION values (2924, '.', 5534, 404358.86, 5122411.80, 1380.34);
insert into STATION values (2925, '.', 5534, 404358.84, 5122410.82, 1375.72);
insert into STATION values (2926, '.', 5534, 404355.87, 5122411.43, 1378.50);
insert into STATION values (2927, '.', 5534, 404358.07, 5122410.81, 1375.50);
insert into STATION values (2928, '.', 5534, 404358.64, 5122412.35, 1382.45);
insert into STATION values (2929, '.', 5534, 404355.82, 5122412.99, 1382.94);
insert into STATION values (2930, '.', 5534, 404355.68, 5122412.11, 1378.43);
insert into STATION values (2931, '.', 5534, 404358.93, 5122412.63, 1380.16);
insert into STATION values (2932, '.', 5534, 404356.64, 5122415.32, 1388.20);
insert into STATION values (2933, '.', 5534, 404357.45, 5122411.61, 1387.12);
insert into STATION values (2934, '.', 5534, 404356.46, 5122414.39, 1388.97);
insert into STATION values (2935, '.', 5534, 404355.84, 5122415.57, 1388.46);
insert into STATION values (2936, '.', 5534, 404356.02, 5122410.46, 1379.34);
insert into STATION values (2937, '.', 5534, 404358.50, 5122410.48, 1375.72);
insert into STATION values (2938, '.', 5534, 404356.53, 5122415.92, 1388.25);
insert into STATION values (2939, '.', 5534, 404357.50, 5122409.52, 1375.82);
insert into STATION values (2940, '11A', 5534, 404357.50, 5122409.47, 1375.78);
insert into STATION values (2941, '.', 5534, 404357.52, 5122409.38, 1375.59);
insert into STATION values (2942, '.', 5534, 404359.20, 5122411.61, 1375.82);
insert into STATION values (2943, '.', 5534, 404357.88, 5122413.12, 1375.88);
insert into STATION values (2944, '.', 5534, 404356.42, 5122412.34, 1375.95);
insert into STATION values (2945, '.', 5534, 404358.28, 5122412.51, 1377.84);
insert into STATION values (2946, '.', 5534, 404358.39, 5122415.69, 1382.93);
insert into STATION values (2947, '.', 5534, 404356.73, 5122415.50, 1387.76);
insert into STATION values (2948, '.', 5534, 404355.72, 5122412.26, 1382.80);
insert into STATION values (2949, '.', 5534, 404358.01, 5122415.05, 1381.70);
insert into STATION values (2950, '.', 5534, 404358.19, 5122410.55, 1379.82);
insert into STATION values (2951, '.', 5534, 404358.95, 5122409.79, 1379.75);
insert into STATION values (2952, '.', 5534, 404358.79, 5122411.68, 1378.36);
insert into STATION values (2953, '.', 5534, 404358.01, 5122412.75, 1377.46);
insert into STATION values (2954, '.', 5534, 404355.59, 5122411.04, 1376.49);
insert into STATION values (2955, '.', 5534, 404356.83, 5122409.61, 1377.07);
insert into STATION values (2956, '.', 5534, 404360.50, 5122409.15, 1376.35);
insert into STATION values (2957, '.', 5534, 404359.49, 5122408.20, 1376.38);
insert into STATION values (2958, '.', 5534, 404358.70, 5122407.97, 1376.24);
insert into STATION values (2959, '.', 5534, 404358.47, 5122406.11, 1376.17);
insert into STATION values (2960, '.', 5534, 404357.27, 5122407.84, 1375.99);
insert into STATION values (2961, '.', 5534, 404356.81, 5122408.99, 1375.96);
insert into STATION values (2962, '.', 5534, 404358.57, 5122410.49, 1379.79);
insert into STATION values (2963, '.', 5534, 404357.64, 5122414.80, 1385.93);
insert into STATION values (2964, '.', 5534, 404356.89, 5122414.75, 1387.71);
insert into STATION values (2965, '.', 5534, 404356.31, 5122414.40, 1389.20);
insert into STATION values (2966, '.', 5534, 404355.24, 5122413.88, 1381.61);
insert into STATION values (2967, '.', 5534, 404357.61, 5122406.88, 1376.47);
insert into STATION values (2968, '.', 5534, 404358.49, 5122406.32, 1376.48);
insert into STATION values (2969, '.', 5534, 404358.68, 5122407.86, 1376.47);
insert into STATION values (2970, '.', 5534, 404358.96, 5122408.21, 1376.48);
insert into STATION values (2971, '.', 5534, 404360.29, 5122408.63, 1376.72);
insert into STATION values (2972, '.', 5534, 404360.59, 5122409.35, 1376.27);
insert into STATION values (2973, '12', 5534, 404357.82, 5122406.68, 1376.14);
insert into STATION values (2974, '.', 5534, 404360.34, 5122405.29, 1375.78);
insert into STATION values (2975, '.', 5534, 404361.06, 5122405.28, 1374.05);
insert into STATION values (2976, '.', 5534, 404365.46, 5122404.85, 1369.24);
insert into STATION values (2977, '.', 5534, 404365.02, 5122405.97, 1367.51);
insert into STATION values (2978, '.', 5534, 404363.78, 5122407.48, 1368.67);
insert into STATION values (2979, '.', 5534, 404359.71, 5122404.97, 1374.38);
insert into STATION values (2980, '.', 5534, 404359.66, 5122405.04, 1372.15);
insert into STATION values (2981, '.', 5534, 404358.62, 5122407.20, 1376.04);
insert into STATION values (2982, '.', 5534, 404357.95, 5122406.63, 1376.74);
insert into STATION values (2983, '.', 5534, 404357.00, 5122407.94, 1376.34);
insert into STATION values (2984, '.', 5534, 404356.01, 5122412.82, 1376.98);
insert into STATION values (2985, '.', 5534, 404358.90, 5122411.93, 1376.31);
insert into STATION values (2986, '.', 5534, 404358.75, 5122407.33, 1371.47);
insert into STATION values (2987, '.', 5534, 404363.73, 5122407.78, 1369.39);
insert into STATION values (2988, '.', 5534, 404362.81, 5122408.15, 1368.40);
insert into STATION values (2989, '.', 5534, 404362.23, 5122408.88, 1368.41);
insert into STATION values (2990, '.', 5534, 404359.79, 5122405.09, 1374.32);
insert into STATION values (2991, '.', 5534, 404360.03, 5122404.99, 1372.37);
insert into STATION values (2992, '.', 5534, 404359.40, 5122405.54, 1371.69);
insert into STATION values (2993, '.', 5534, 404362.65, 5122407.92, 1368.37);
insert into STATION values (2994, '.', 5534, 404362.37, 5122408.68, 1368.45);
insert into STATION values (2995, '.', 5534, 404364.12, 5122407.09, 1368.62);
insert into STATION values (2996, '.', 5534, 404365.47, 5122404.62, 1369.14);
insert into STATION values (2997, '.', 5534, 404362.91, 5122406.07, 1372.08);
insert into STATION values (2998, '.', 5534, 404363.30, 5122406.76, 1371.89);
insert into STATION values (2999, '.', 5534, 404358.91, 5122406.76, 1375.83);
insert into STATION values (3000, '.', 5534, 404359.80, 5122406.22, 1375.70);
insert into STATION values (3001, '13', 5534, 404361.02, 5122406.91, 1371.48);
insert into STATION values (3002, '.', 5534, 404364.42, 5122407.36, 1366.97);
insert into STATION values (3003, '.', 5534, 404358.46, 5122405.51, 1372.71);
insert into STATION values (3004, '.', 5534, 404358.24, 5122406.73, 1373.62);
insert into STATION values (3005, '.', 5534, 404358.84, 5122405.64, 1375.93);
insert into STATION values (3006, '.', 5534, 404360.96, 5122406.69, 1375.87);
insert into STATION values (3007, '.', 5534, 404363.54, 5122405.07, 1372.96);
insert into STATION values (3008, '.', 5534, 404363.03, 5122407.13, 1372.20);
insert into STATION values (3009, '.', 5534, 404363.46, 5122408.42, 1368.91);
insert into STATION values (3010, '.', 5534, 404363.58, 5122407.82, 1370.81);
insert into STATION values (3011, '.', 5534, 404365.44, 5122404.27, 1370.79);
insert into STATION values (3012, '.', 5534, 404364.56, 5122403.41, 1371.07);
insert into STATION values (3013, '.', 5534, 404364.18, 5122403.15, 1369.10);
insert into STATION values (3014, '.', 5534, 404364.24, 5122403.70, 1367.86);
insert into STATION values (3015, '.', 5534, 404364.56, 5122405.78, 1367.22);
insert into STATION values (3016, '.', 5534, 404363.21, 5122400.02, 1362.55);
insert into STATION values (3017, '.', 5534, 404363.20, 5122399.93, 1362.85);
insert into STATION values (3018, '.', 5534, 404363.57, 5122400.80, 1361.40);
insert into STATION values (3019, '.', 5534, 404360.70, 5122404.53, 1373.00);
insert into STATION values (3020, '.', 5534, 404361.79, 5122405.29, 1371.83);
insert into STATION values (3021, '14', 5534, 404363.53, 5122399.65, 1361.25);
insert into STATION values (3022, '.', 5534, 404365.10, 5122391.76, 1351.31);
insert into STATION values (3023, '.', 5534, 404363.37, 5122401.06, 1368.03);
insert into STATION values (3024, '.', 5534, 404361.77, 5122407.71, 1373.75);
insert into STATION values (3025, '.', 5534, 404362.26, 5122408.90, 1372.03);
insert into STATION values (3026, '.', 5534, 404362.06, 5122405.43, 1362.28);
insert into STATION values (3027, '.', 5534, 404362.10, 5122405.35, 1364.64);
insert into STATION values (3028, '.', 5534, 404361.99, 5122404.19, 1366.66);
insert into STATION values (3029, '.', 5534, 404362.14, 5122406.01, 1360.60);
insert into STATION values (3030, '.', 5534, 404358.49, 5122404.96, 1361.48);
insert into STATION values (3031, '.', 5534, 404359.88, 5122403.03, 1364.68);
insert into STATION values (3032, '.', 5534, 404361.46, 5122401.90, 1366.80);
insert into STATION values (3033, '.', 5534, 404360.40, 5122400.63, 1360.62);
insert into STATION values (3034, '.', 5534, 404360.81, 5122400.41, 1362.65);
insert into STATION values (3035, '.', 5534, 404361.74, 5122400.27, 1366.19);
insert into STATION values (3036, '.', 5534, 404364.29, 5122400.74, 1362.12);
insert into STATION values (3037, '.', 5534, 404363.64, 5122400.00, 1367.97);
insert into STATION values (3038, '.', 5534, 404364.35, 5122401.13, 1362.65);
insert into STATION values (3039, '.', 5534, 404360.81, 5122399.86, 1361.27);
insert into STATION values (3040, '.', 5534, 404361.51, 5122400.18, 1365.10);
insert into STATION values (3041, '.', 5534, 404362.26, 5122400.46, 1366.64);
insert into STATION values (3042, '.', 5534, 404357.87, 5122405.85, 1360.75);
insert into STATION values (3043, '.', 5534, 404360.18, 5122406.98, 1361.22);
insert into STATION values (3044, '.', 5534, 404364.15, 5122404.87, 1362.21);
insert into STATION values (3045, '15', 5534, 404358.34, 5122403.60, 1361.44);
insert into STATION values (3046, '.', 5534, 404357.54, 5122401.99, 1363.23);
insert into STATION values (3047, '.', 5534, 404357.07, 5122401.46, 1362.44);
insert into STATION values (3048, '.', 5534, 404362.84, 5122398.75, 1363.25);
insert into STATION values (3049, '.', 5534, 404364.32, 5122400.84, 1363.24);
insert into STATION values (3050, '.', 5534, 404363.83, 5122402.87, 1362.64);
insert into STATION values (3051, '.', 5534, 404361.90, 5122404.93, 1361.85);
insert into STATION values (3052, '.', 5534, 404359.86, 5122405.96, 1361.77);
insert into STATION values (3053, '.', 5534, 404363.79, 5122403.25, 1362.16);
insert into STATION values (3054, '.', 5534, 404364.45, 5122399.93, 1365.79);
insert into STATION values (3055, '.', 5534, 404363.51, 5122403.10, 1365.66);
insert into STATION values (3056, '.', 5534, 404363.39, 5122404.22, 1365.54);
insert into STATION values (3057, '.', 5534, 404359.88, 5122405.01, 1363.64);
insert into STATION values (3058, '.', 5534, 404363.21, 5122401.26, 1367.63);
insert into STATION values (3059, '.', 5534, 404362.33, 5122400.67, 1366.46);
insert into STATION values (3060, '.', 5534, 404358.23, 5122402.43, 1360.89);
insert into STATION values (3061, '.', 5534, 404358.14, 5122403.47, 1360.06);
insert into STATION values (3062, '.', 5534, 404358.14, 5122402.37, 1361.21);
insert into STATION values (3063, '.', 5534, 404358.64, 5122402.54, 1362.80);
insert into STATION values (3064, '.', 5534, 404356.64, 5122402.08, 1361.27);
insert into STATION values (3065, '.', 5534, 404357.18, 5122401.48, 1362.45);
insert into STATION values (3066, '.', 5534, 404355.16, 5122400.16, 1360.19);
insert into STATION values (3067, '16', 5534, 404356.08, 5122402.13, 1360.51);
insert into STATION values (3068, '.', 5534, 404353.85, 5122400.58, 1359.61);
insert into STATION values (3069, '.', 5534, 404356.13, 5122401.76, 1360.90);
insert into STATION values (3070, '.', 5534, 404356.16, 5122402.11, 1360.30);
insert into STATION values (3071, '.', 5534, 404355.72, 5122401.23, 1360.54);
insert into STATION values (3072, '.', 5534, 404356.72, 5122400.18, 1360.46);
insert into STATION values (3073, '.', 5534, 404359.35, 5122396.81, 1360.42);
insert into STATION values (3074, '.', 5534, 404357.10, 5122401.40, 1360.60);
insert into STATION values (3075, '.', 5534, 404357.35, 5122402.39, 1360.73);
insert into STATION values (3076, '.', 5534, 404358.24, 5122402.20, 1361.73);
insert into STATION values (3077, '.', 5534, 404358.54, 5122401.04, 1361.61);
insert into STATION values (3078, '.', 5534, 404355.89, 5122400.32, 1360.34);
insert into STATION values (3079, '.', 5534, 404359.42, 5122398.13, 1361.44);
insert into STATION values (3080, '.', 5534, 404359.62, 5122396.94, 1361.27);
insert into STATION values (3081, '.', 5534, 404357.90, 5122399.69, 1360.64);
insert into STATION values (3082, '.', 5534, 404359.49, 5122396.11, 1360.98);
insert into STATION values (3083, '16A', 5534, 404359.45, 5122396.02, 1361.02);
insert into STATION values (3084, '17', 5534, 404362.30, 5122390.95, 1361.12);
insert into STATION values (3085, '.', 5534, 404362.15, 5122387.42, 1361.41);
insert into STATION values (3086, '.', 5534, 404362.65, 5122388.33, 1361.91);
insert into STATION values (3087, '.', 5534, 404362.98, 5122389.77, 1361.60);
insert into STATION values (3088, '.', 5534, 404362.95, 5122390.99, 1362.13);
insert into STATION values (3089, '.', 5534, 404362.44, 5122391.09, 1360.04);
insert into STATION values (3090, '.', 5534, 404363.32, 5122391.91, 1360.86);
insert into STATION values (3091, '.', 5534, 404362.40, 5122392.44, 1360.98);
insert into STATION values (3092, '.', 5534, 404361.94, 5122390.84, 1361.20);
insert into STATION values (3093, '.', 5534, 404360.05, 5122391.55, 1361.11);
insert into STATION values (3094, '.', 5534, 404358.83, 5122392.86, 1360.78);
insert into STATION values (3095, '.', 5534, 404360.52, 5122391.45, 1360.64);
insert into STATION values (3096, '.', 5534, 404359.61, 5122392.19, 1360.30);
insert into STATION values (3097, '.', 5534, 404360.04, 5122391.68, 1360.19);
insert into STATION values (3098, '.', 5534, 404359.69, 5122392.94, 1360.79);
insert into STATION values (3099, '.', 5534, 404358.30, 5122393.04, 1361.08);
insert into STATION values (3100, '.', 5534, 404362.30, 5122391.21, 1362.30);
insert into STATION values (3101, '.', 5534, 404362.87, 5122390.98, 1362.36);
insert into STATION values (3102, '.', 5534, 404359.53, 5122392.91, 1361.02);
insert into STATION values (3103, '.', 5534, 404360.54, 5122391.50, 1360.86);
insert into STATION values (3104, '18', 5534, 404359.78, 5122392.92, 1360.80);
insert into STATION values (3105, '.', 5534, 404357.91, 5122392.40, 1361.22);
insert into STATION values (3106, '.', 5534, 404359.00, 5122392.71, 1361.88);
insert into STATION values (3107, '.', 5534, 404358.42, 5122392.61, 1359.95);
insert into STATION values (3108, '.', 5534, 404358.92, 5122392.76, 1359.71);
insert into STATION values (3109, '.', 5534, 404358.96, 5122392.88, 1359.02);
insert into STATION values (3110, '.', 5534, 404351.73, 5122395.71, 1353.66);
insert into STATION values (3111, '.', 5534, 404351.65, 5122395.86, 1352.99);
insert into STATION values (3112, '.', 5534, 404355.73, 5122394.00, 1359.33);
insert into STATION values (3113, '.', 5534, 404357.51, 5122393.16, 1361.60);
insert into STATION values (3114, '.', 5534, 404359.62, 5122392.97, 1361.49);
insert into STATION values (3115, '.', 5534, 404359.92, 5122393.30, 1361.18);
insert into STATION values (3116, '.', 5534, 404359.07, 5122392.13, 1360.81);
insert into STATION values (3117, '.', 5534, 404361.24, 5122390.92, 1360.85);
insert into STATION values (3118, '.', 5534, 404361.99, 5122387.84, 1361.91);
insert into STATION values (3119, '.', 5534, 404361.54, 5122389.67, 1361.43);
insert into STATION values (3120, '.', 5534, 404361.83, 5122390.14, 1361.46);
insert into STATION values (3121, '.', 5534, 404361.14, 5122391.01, 1360.80);
insert into STATION values (3122, '.', 5534, 404361.20, 5122390.65, 1360.24);
insert into STATION values (3123, '.', 5534, 404360.56, 5122391.65, 1360.14);
insert into STATION values (3124, '.', 5534, 404360.35, 5122391.82, 1360.07);
insert into STATION values (3125, '.', 5534, 404360.34, 5122392.12, 1359.53);
insert into STATION values (3126, '.', 5534, 404358.44, 5122392.01, 1362.10);
insert into STATION values (3127, '.', 5534, 404357.84, 5122392.42, 1360.50);
insert into STATION values (3128, '19', 5534, 404357.11, 5122394.11, 1358.48);
insert into STATION values (3129, '.', 5534, 404353.92, 5122396.51, 1358.51);
insert into STATION values (3130, '.', 5534, 404355.85, 5122393.84, 1358.48);
insert into STATION values (3131, '.', 5534, 404356.33, 5122392.86, 1358.39);
insert into STATION values (3132, '.', 5534, 404357.24, 5122392.77, 1358.45);
insert into STATION values (3133, '.', 5534, 404358.61, 5122393.29, 1358.67);
insert into STATION values (3134, '.', 5534, 404357.58, 5122392.93, 1359.69);
insert into STATION values (3135, '.', 5534, 404356.71, 5122392.53, 1360.49);
insert into STATION values (3136, '.', 5534, 404356.00, 5122393.56, 1360.46);
insert into STATION values (3137, '.', 5534, 404355.63, 5122394.52, 1360.64);
insert into STATION values (3138, '.', 5534, 404357.18, 5122394.57, 1358.62);
insert into STATION values (3139, '.', 5534, 404357.46, 5122394.31, 1358.59);
insert into STATION values (3140, '.', 5534, 404356.75, 5122394.51, 1358.76);
insert into STATION values (3141, '.', 5534, 404355.75, 5122393.55, 1356.84);
insert into STATION values (3142, '.', 5534, 404356.28, 5122392.93, 1357.10);
insert into STATION values (3143, '.', 5534, 404357.17, 5122393.20, 1356.68);
insert into STATION values (3144, '20', 5534, 404356.77, 5122394.23, 1357.06);
insert into STATION values (3145, '.', 5534, 404356.38, 5122394.29, 1355.66);
insert into STATION values (3146, '.', 5534, 404355.07, 5122397.66, 1356.74);
insert into STATION values (3147, '.', 5534, 404352.60, 5122396.18, 1356.68);
insert into STATION values (3148, '.', 5534, 404352.02, 5122394.87, 1356.65);
insert into STATION values (3149, '.', 5534, 404355.12, 5122396.69, 1359.20);
insert into STATION values (3150, '.', 5534, 404356.52, 5122394.60, 1358.93);
insert into STATION values (3151, '.', 5534, 404355.98, 5122394.17, 1360.73);
insert into STATION values (3152, '.', 5534, 404357.31, 5122394.64, 1357.09);
insert into STATION values (3153, '.', 5534, 404357.33, 5122395.16, 1357.05);
insert into STATION values (3154, '.', 5534, 404356.95, 5122396.75, 1356.96);
insert into STATION values (3155, '.', 5534, 404356.29, 5122397.74, 1357.12);
insert into STATION values (3156, '.', 5534, 404357.73, 5122393.38, 1357.18);
insert into STATION values (3157, '.', 5534, 404356.51, 5122392.70, 1357.52);
insert into STATION values (3158, '.', 5534, 404355.79, 5122392.95, 1357.84);
insert into STATION values (3159, '.', 5534, 404355.82, 5122393.34, 1359.08);
insert into STATION values (3160, '.', 5534, 404356.14, 5122393.47, 1360.24);
insert into STATION values (3161, '.', 5534, 404357.15, 5122392.93, 1361.27);
insert into STATION values (3162, '.', 5534, 404355.23, 5122396.88, 1359.00);
insert into STATION values (3163, '.', 5534, 404353.35, 5122396.80, 1359.95);
insert into STATION values (3164, '.', 5534, 404352.33, 5122395.20, 1357.69);
insert into STATION values (3165, '.', 5534, 404355.16, 5122394.01, 1357.67);
insert into STATION values (3166, '.', 5534, 404355.71, 5122394.15, 1358.38);
insert into STATION values (3167, '.', 5534, 404355.65, 5122394.54, 1360.69);
insert into STATION values (3168, '.', 5534, 404355.35, 5122395.09, 1359.04);
insert into STATION values (3169, '.', 5534, 404354.94, 5122395.00, 1358.29);
insert into STATION values (3170, '.', 5534, 404352.57, 5122395.89, 1357.67);
insert into STATION values (3171, '.', 5534, 404352.10, 5122396.31, 1354.83);
insert into STATION values (3172, '.', 5534, 404353.80, 5122397.48, 1354.69);
insert into STATION values (3173, '.', 5534, 404356.28, 5122394.49, 1356.50);
insert into STATION values (3174, '.', 5534, 404356.15, 5122394.16, 1356.51);
insert into STATION values (3175, '.', 5534, 404356.50, 5122394.88, 1356.56);
insert into STATION values (3176, '.', 5534, 404355.32, 5122395.16, 1337.43);
insert into STATION values (3177, '1', 5665, 404360.42, 5122462.22, 1442.55);
insert into STATION values (3178, '2', 5665, 404360.12, 5122467.82, 1444.10);
insert into STATION values (3179, '3', 5665, 404356.25, 5122470.40, 1444.07);
insert into STATION values (3180, '4', 5665, 404357.98, 5122473.98, 1444.75);
insert into STATION values (3181, '5', 5665, 404354.25, 5122478.64, 1445.02);
insert into STATION values (3182, '6', 5665, 404355.21, 5122488.66, 1446.32);
insert into STATION values (3183, '7', 5665, 404357.61, 5122484.37, 1451.14);
insert into STATION values (3184, '8', 5665, 404360.42, 5122479.14, 1450.68);
insert into STATION values (3185, '9', 5665, 404361.74, 5122480.63, 1452.59);
insert into STATION values (3186, '10', 5665, 404362.85, 5122479.54, 1452.58);
insert into STATION values (3187, '0', 5716, 404358.17, 5122459.98, 1428.87);
insert into STATION values (3188, '1', 5716, 404360.42, 5122461.95, 1428.85);
insert into STATION values (3189, '2', 5716, 404360.42, 5122462.22, 1442.55);
insert into STATION values (3190, '1', 5720, 404307.99, 5122347.08, 1298.09);
insert into STATION values (3191, '2', 5720, 404309.02, 5122350.89, 1301.34);
insert into STATION values (3192, '3', 5720, 404310.34, 5122353.55, 1302.12);
insert into STATION values (3193, '4', 5720, 404312.33, 5122353.29, 1302.14);
insert into STATION values (3194, '5', 5720, 404312.90, 5122355.25, 1302.15);
insert into STATION values (3195, '6', 5720, 404317.99, 5122356.98, 1300.68);
insert into STATION values (3196, '7', 5720, 404319.98, 5122360.86, 1301.29);
insert into STATION values (3197, '8', 5720, 404322.82, 5122362.55, 1302.50);
insert into STATION values (3198, '9', 5720, 404326.41, 5122364.60, 1302.09);
insert into STATION values (3199, '10', 5720, 404328.90, 5122369.25, 1303.10);
insert into STATION values (3200, '11', 5720, 404332.01, 5122370.16, 1304.57);
insert into STATION values (3201, '12', 5720, 404335.27, 5122376.66, 1304.97);
insert into STATION values (3202, '13', 5720, 404334.07, 5122379.91, 1304.79);
insert into STATION values (3203, '14', 5720, 404333.86, 5122381.74, 1304.01);
insert into STATION values (3204, '15', 5720, 404331.82, 5122389.60, 1304.90);
insert into STATION values (3205, '16', 5720, 404329.45, 5122392.98, 1305.10);
insert into STATION values (3206, '17', 5720, 404330.51, 5122396.15, 1305.47);
insert into STATION values (3207, '18', 5720, 404324.20, 5122401.91, 1306.26);
insert into STATION values (3208, '19', 5720, 404324.44, 5122403.63, 1306.23);
insert into STATION values (3209, '20', 5720, 404326.62, 5122405.10, 1305.29);
insert into STATION values (3210, '21', 5720, 404325.82, 5122412.95, 1305.65);
insert into STATION values (3211, '22', 5720, 404329.81, 5122415.58, 1305.77);
insert into STATION values (3212, '23', 5720, 404328.56, 5122419.33, 1305.30);
insert into STATION values (3213, '24', 5720, 404336.86, 5122419.21, 1316.81);
insert into STATION values (3214, '25', 5720, 404336.64, 5122417.15, 1317.36);
insert into STATION values (3215, '26', 5720, 404340.76, 5122415.98, 1322.66);
insert into STATION values (3216, '27', 5720, 404345.54, 5122410.81, 1328.68);
insert into STATION values (3217, '28', 5720, 404346.14, 5122412.36, 1328.46);
insert into STATION values (3218, '29', 5720, 404343.70, 5122412.78, 1332.80);
insert into STATION values (3219, '30', 5720, 404345.70, 5122412.96, 1332.34);
insert into STATION values (3220, '31', 5720, 404353.41, 5122406.54, 1334.37);
insert into STATION values (3221, '32', 5720, 404351.25, 5122404.31, 1335.04);
insert into STATION values (3222, '33', 5720, 404351.70, 5122401.28, 1335.30);
insert into STATION values (3223, '34', 5720, 404353.07, 5122401.44, 1337.97);
insert into STATION values (3224, '35', 5720, 404358.04, 5122397.50, 1337.91);
insert into STATION values (3225, '36', 5720, 404355.02, 5122394.76, 1337.19);
insert into STATION values (3226, '37', 5720, 404355.15, 5122394.22, 1356.79);
insert into STATION values (3227, '38', 5720, 404356.77, 5122394.23, 1357.06);
insert into STATION values (3228, '2', 5779, 404197.21, 5122308.50, 1239.50);
insert into STATION values (3229, '1', 5779, 404201.45, 5122309.28, 1237.67);
insert into STATION values (3230, '3', 5779, 404197.95, 5122306.00, 1241.62);
insert into STATION values (3231, '4', 5779, 404196.08, 5122306.42, 1242.55);
insert into STATION values (3232, '5', 5779, 404197.12, 5122302.04, 1244.75);
insert into STATION values (3233, '6', 5779, 404203.13, 5122298.91, 1246.69);
insert into STATION values (3234, '7', 5779, 404204.97, 5122293.73, 1248.27);
insert into STATION values (3235, '8', 5779, 404210.55, 5122292.89, 1250.21);
insert into STATION values (3236, '9', 5779, 404207.64, 5122285.14, 1250.79);
insert into STATION values (3237, '10', 5779, 404209.15, 5122281.31, 1251.66);
insert into STATION values (3238, '11', 5779, 404215.89, 5122281.84, 1253.22);
insert into STATION values (3239, '12', 5779, 404217.79, 5122282.23, 1254.80);
insert into STATION values (3240, '13', 5779, 404219.19, 5122285.15, 1255.02);
insert into STATION values (3241, '14', 5779, 404224.74, 5122287.12, 1254.92);
insert into STATION values (3242, '15', 5779, 404227.66, 5122291.21, 1255.27);
insert into STATION values (3243, '16', 5779, 404231.51, 5122292.88, 1254.98);
insert into STATION values (3244, '17', 5779, 404233.46, 5122297.59, 1254.89);
insert into STATION values (3245, '18', 5779, 404236.53, 5122299.62, 1254.24);
insert into STATION values (3246, '19', 5779, 404234.84, 5122303.16, 1254.31);
insert into STATION values (3247, '20', 5779, 404236.93, 5122308.20, 1253.83);
insert into STATION values (3248, '21', 5779, 404230.96, 5122307.52, 1254.15);
insert into STATION values (3249, '22', 5779, 404230.17, 5122311.09, 1254.34);
insert into STATION values (3250, '23', 5779, 404232.79, 5122314.50, 1255.25);
insert into STATION values (3251, '24', 5779, 404237.95, 5122315.00, 1253.87);
insert into STATION values (3252, '25', 5779, 404241.28, 5122316.59, 1253.99);
insert into STATION values (3253, '26', 5779, 404244.85, 5122320.47, 1255.91);
insert into STATION values (3254, '28', 5779, 404251.85, 5122321.14, 1255.54);
insert into STATION values (3255, '29', 5779, 404252.35, 5122324.16, 1256.14);
insert into STATION values (3256, '30', 5779, 404255.36, 5122327.67, 1256.06);
insert into STATION values (3257, '31', 5779, 404253.68, 5122331.03, 1255.80);
insert into STATION values (3258, '32', 5779, 404254.73, 5122335.06, 1256.02);
insert into STATION values (3259, '33', 5779, 404258.82, 5122335.52, 1257.68);
insert into STATION values (3260, '34', 5779, 404263.75, 5122340.03, 1257.56);
insert into STATION values (3261, '35', 5779, 404270.80, 5122340.21, 1258.68);
insert into STATION values (3262, '36', 5779, 404270.09, 5122344.42, 1259.59);
insert into STATION values (3263, '37', 5779, 404279.31, 5122350.20, 1260.98);
insert into STATION values (3264, '38', 5779, 404276.31, 5122349.31, 1260.71);
insert into STATION values (3265, '39', 5779, 404274.56, 5122346.35, 1259.98);
insert into STATION values (3266, '40', 5779, 404271.98, 5122345.92, 1259.84);
insert into STATION values (3267, '41', 5779, 404272.16, 5122341.51, 1260.00);
insert into STATION values (3268, '42', 5779, 404274.35, 5122339.04, 1261.98);
insert into STATION values (3269, '43', 5779, 404277.29, 5122341.05, 1263.57);
insert into STATION values (3270, '44', 5779, 404277.53, 5122345.07, 1263.14);
insert into STATION values (3271, '45', 5779, 404276.66, 5122348.46, 1264.08);
insert into STATION values (3272, '46', 5779, 404278.03, 5122353.20, 1264.02);
insert into STATION values (3273, '47', 5779, 404280.39, 5122354.84, 1264.39);
insert into STATION values (3274, '48', 5779, 404285.14, 5122355.32, 1264.41);
insert into STATION values (3275, '49', 5779, 404289.07, 5122353.36, 1266.99);
insert into STATION values (3276, '50', 5779, 404290.61, 5122350.84, 1267.42);
insert into STATION values (3277, '51', 5779, 404294.40, 5122348.24, 1267.77);
insert into STATION values (3278, '52', 5779, 404296.76, 5122348.39, 1268.46);
insert into STATION values (3279, '53', 5779, 404300.65, 5122346.46, 1269.18);
insert into STATION values (3280, '54', 5779, 404306.62, 5122346.33, 1270.60);
insert into STATION values (3281, '55', 5779, 404304.23, 5122343.37, 1271.15);
insert into STATION values (3282, '56', 5779, 404298.00, 5122339.47, 1269.77);
insert into STATION values (3283, '57', 5779, 404296.95, 5122337.21, 1270.14);
insert into STATION values (3284, '58', 5779, 404293.36, 5122336.23, 1269.09);
insert into STATION values (3285, '59', 5779, 404290.67, 5122336.79, 1268.00);
insert into STATION values (3286, '60', 5779, 404288.71, 5122340.39, 1267.01);
insert into STATION values (3287, '61', 5779, 404286.86, 5122340.38, 1266.73);
insert into STATION values (3288, '62', 5779, 404284.61, 5122346.06, 1265.47);
insert into STATION values (3289, '63', 5779, 404280.84, 5122345.72, 1264.62);
insert into STATION values (3290, '64', 5779, 404278.94, 5122346.89, 1264.55);
insert into STATION values (3291, '65', 5779, 404307.39, 5122346.06, 1270.49);
insert into STATION values (3292, '66', 5779, 404307.39, 5122346.06, 1299.40);
insert into STATION values (3293, '67', 5779, 404307.99, 5122347.08, 1298.09);
insert into STATION values (3294, '0', 5898, 404150.00, 5122478.84, 1444.55);
insert into STATION values (3295, '1', 5898, 404148.45, 5122479.37, 1444.96);
insert into STATION values (3296, '.', 5898, 404146.89, 5122479.81, 1445.42);
insert into STATION values (3297, '2', 5898, 404150.02, 5122482.49, 1446.59);
insert into STATION values (3298, '3', 5898, 404148.58, 5122490.68, 1447.00);
insert into STATION values (3299, '.', 5898, 404149.77, 5122493.39, 1446.96);
insert into STATION values (3300, '.', 5898, 404151.05, 5122491.97, 1447.05);
insert into STATION values (3301, '.', 5898, 404151.07, 5122491.14, 1447.08);
insert into STATION values (3302, '.', 5898, 404151.82, 5122490.27, 1447.12);
insert into STATION values (3303, '.', 5898, 404151.63, 5122488.72, 1447.15);
insert into STATION values (3304, '.', 5898, 404151.80, 5122487.72, 1447.33);
insert into STATION values (3305, '.', 5898, 404151.39, 5122486.60, 1447.33);
insert into STATION values (3306, '.', 5898, 404151.19, 5122484.41, 1447.30);
insert into STATION values (3307, '.', 5898, 404151.85, 5122480.06, 1447.23);
insert into STATION values (3308, '.', 5898, 404150.80, 5122476.18, 1447.35);
insert into STATION values (3309, '.', 5898, 404149.67, 5122475.08, 1446.83);
insert into STATION values (3310, '.', 5898, 404148.64, 5122487.25, 1446.94);
insert into STATION values (3311, '.', 5898, 404148.33, 5122487.42, 1447.01);
insert into STATION values (3312, '.', 5898, 404148.19, 5122489.40, 1446.94);
insert into STATION values (3313, '.', 5898, 404148.51, 5122490.53, 1445.30);
insert into STATION values (3314, '.', 5898, 404148.05, 5122490.71, 1446.00);
insert into STATION values (3315, '.', 5898, 404148.00, 5122490.72, 1446.35);
insert into STATION values (3316, '.', 5898, 404147.42, 5122490.78, 1446.42);
insert into STATION values (3317, '.', 5898, 404146.26, 5122490.91, 1446.29);
insert into STATION values (3318, '.', 5898, 404145.86, 5122491.11, 1446.45);
insert into STATION values (3319, '.', 5898, 404148.05, 5122489.91, 1446.82);
insert into STATION values (3320, '.', 5898, 404147.65, 5122490.09, 1446.81);
insert into STATION values (3321, '.', 5898, 404147.34, 5122490.24, 1446.78);
insert into STATION values (3322, '.', 5898, 404146.74, 5122490.59, 1446.66);
insert into STATION values (3323, '.', 5898, 404148.12, 5122491.76, 1446.34);
insert into STATION values (3324, '.', 5898, 404147.91, 5122491.69, 1446.37);
insert into STATION values (3325, '4', 5898, 404146.51, 5122491.32, 1446.48);
insert into STATION values (3326, '.', 5898, 404145.98, 5122491.36, 1446.66);
insert into STATION values (3327, '.', 5898, 404146.30, 5122491.36, 1446.88);
insert into STATION values (3328, '.', 5898, 404146.61, 5122491.35, 1446.93);
insert into STATION values (3329, '.', 5898, 404146.76, 5122491.31, 1446.94);
insert into STATION values (3330, '.', 5898, 404147.12, 5122491.26, 1446.82);
insert into STATION values (3331, '.', 5898, 404146.73, 5122490.38, 1446.63);
insert into STATION values (3332, '.', 5898, 404146.44, 5122490.50, 1446.58);
insert into STATION values (3333, '.', 5898, 404146.21, 5122490.47, 1446.66);
insert into STATION values (3334, '.', 5898, 404145.86, 5122490.75, 1446.58);
insert into STATION values (3335, '.', 5898, 404146.77, 5122491.78, 1446.63);
insert into STATION values (3336, '.', 5898, 404146.88, 5122493.29, 1446.73);
insert into STATION values (3337, '.', 5898, 404146.80, 5122493.22, 1446.63);
insert into STATION values (3338, '.', 5898, 404146.37, 5122493.50, 1446.68);
insert into STATION values (3339, '.', 5898, 404146.16, 5122493.47, 1446.58);
insert into STATION values (3340, '5', 5898, 404146.52, 5122493.41, 1446.52);
insert into STATION values (3341, '.', 5898, 404146.27, 5122492.88, 1446.61);
insert into STATION values (3342, '.', 5898, 404146.35, 5122493.11, 1446.80);
insert into STATION values (3343, '.', 5898, 404146.37, 5122493.22, 1446.73);
insert into STATION values (3344, '.', 5898, 404146.36, 5122492.93, 1446.37);
insert into STATION values (3345, '.', 5898, 404145.67, 5122492.98, 1446.62);
insert into STATION values (3346, '.', 5898, 404145.19, 5122493.28, 1446.59);
insert into STATION values (3347, '.', 5898, 404145.22, 5122493.51, 1446.64);
insert into STATION values (3348, '.', 5898, 404145.38, 5122493.85, 1446.57);
insert into STATION values (3349, '6', 5898, 404145.43, 5122493.64, 1446.44);
insert into STATION values (3350, '.', 5898, 404147.07, 5122493.23, 1446.71);
insert into STATION values (3351, '.', 5898, 404147.18, 5122493.14, 1446.62);
insert into STATION values (3352, '.', 5898, 404146.24, 5122493.67, 1446.52);
insert into STATION values (3353, '.', 5898, 404146.51, 5122493.70, 1446.53);
insert into STATION values (3354, '.', 5898, 404146.09, 5122493.86, 1446.56);
insert into STATION values (3355, '.', 5898, 404146.11, 5122494.13, 1446.59);
insert into STATION values (3356, '.', 5898, 404146.19, 5122494.76, 1446.62);
insert into STATION values (3357, '.', 5898, 404146.18, 5122494.90, 1446.73);
insert into STATION values (3358, '.', 5898, 404145.51, 5122493.62, 1446.66);
insert into STATION values (3359, '.', 5898, 404145.63, 5122493.59, 1446.68);
insert into STATION values (3360, '.', 5898, 404145.81, 5122493.52, 1446.70);
insert into STATION values (3361, '.', 5898, 404145.29, 5122493.26, 1446.49);
insert into STATION values (3362, '7', 5898, 404145.98, 5122495.11, 1446.53);
insert into STATION values (3363, '.', 5898, 404146.40, 5122496.62, 1446.77);
insert into STATION values (3364, '.', 5898, 404145.44, 5122494.53, 1446.40);
insert into STATION values (3365, '.', 5898, 404145.28, 5122494.73, 1446.54);
insert into STATION values (3366, '.', 5898, 404145.02, 5122494.88, 1446.55);
insert into STATION values (3367, '.', 5898, 404143.93, 5122495.16, 1446.55);
insert into STATION values (3368, '.', 5898, 404143.80, 5122495.71, 1446.57);
insert into STATION values (3369, '.', 5898, 404143.76, 5122495.80, 1446.53);
insert into STATION values (3370, '.', 5898, 404145.81, 5122494.99, 1446.68);
insert into STATION values (3371, '.', 5898, 404145.67, 5122494.82, 1446.57);
insert into STATION values (3372, '.', 5898, 404145.42, 5122494.66, 1446.22);
insert into STATION values (3373, '.', 5898, 404145.60, 5122494.84, 1446.15);
insert into STATION values (3374, '.', 5898, 404145.89, 5122495.02, 1446.18);
insert into STATION values (3375, '.', 5898, 404146.17, 5122494.49, 1446.43);
insert into STATION values (3376, '.', 5898, 404146.06, 5122494.07, 1446.43);
insert into STATION values (3377, '.', 5898, 404145.96, 5122493.81, 1446.44);
insert into STATION values (3378, '.', 5898, 404145.28, 5122493.03, 1446.26);
insert into STATION values (3379, '8', 5898, 404144.12, 5122495.62, 1446.67);
insert into STATION values (3380, '9', 5898, 404143.16, 5122497.32, 1446.53);
insert into STATION values (3381, '.', 5898, 404142.20, 5122499.04, 1446.45);
insert into STATION values (3382, '10', 5898, 404141.63, 5122498.84, 1446.62);
insert into STATION values (3383, '.', 5898, 404142.94, 5122497.12, 1446.41);
insert into STATION values (3384, '.', 5898, 404140.82, 5122499.59, 1446.72);
insert into STATION values (3385, '11', 5898, 404139.43, 5122500.71, 1446.75);
insert into STATION values (3386, '.', 5898, 404142.16, 5122499.40, 1446.71);
insert into STATION values (3387, '12', 5898, 404135.70, 5122502.24, 1446.70);
insert into STATION values (3388, '.', 5898, 404135.45, 5122501.73, 1446.73);
insert into STATION values (3389, '.', 5898, 404136.15, 5122501.53, 1446.72);
insert into STATION values (3390, '.', 5898, 404136.64, 5122501.57, 1446.78);
insert into STATION values (3391, '.', 5898, 404137.09, 5122501.57, 1446.85);
insert into STATION values (3392, '.', 5898, 404138.14, 5122501.99, 1446.97);
insert into STATION values (3393, '.', 5898, 404138.11, 5122501.65, 1446.99);
insert into STATION values (3394, '.', 5898, 404138.25, 5122501.57, 1446.99);
insert into STATION values (3395, '.', 5898, 404135.85, 5122502.30, 1446.93);
insert into STATION values (3396, '.', 5898, 404135.74, 5122502.24, 1447.02);
insert into STATION values (3397, '.', 5898, 404135.61, 5122502.22, 1447.07);
insert into STATION values (3398, '.', 5898, 404135.50, 5122502.20, 1447.05);
insert into STATION values (3399, '.', 5898, 404135.37, 5122502.21, 1447.00);
insert into STATION values (3400, '.', 5898, 404135.23, 5122502.19, 1446.99);
insert into STATION values (3401, '.', 5898, 404135.09, 5122502.17, 1446.93);
insert into STATION values (3402, '.', 5898, 404135.08, 5122502.09, 1446.78);
insert into STATION values (3403, '.', 5898, 404135.23, 5122502.11, 1446.60);
insert into STATION values (3404, '.', 5898, 404135.33, 5122502.11, 1446.48);
insert into STATION values (3405, '.', 5898, 404135.49, 5122502.16, 1446.43);
insert into STATION values (3406, '.', 5898, 404135.53, 5122502.18, 1446.25);
insert into STATION values (3407, '13', 5898, 404136.41, 5122504.42, 1446.47);
insert into STATION values (3408, '.', 5898, 404137.16, 5122506.60, 1446.39);
insert into STATION values (3409, '.', 5898, 404136.44, 5122504.51, 1446.69);
insert into STATION values (3410, '.', 5898, 404136.35, 5122504.40, 1446.95);
insert into STATION values (3411, '.', 5898, 404136.26, 5122504.24, 1446.94);
insert into STATION values (3412, '.', 5898, 404136.08, 5122504.12, 1446.96);
insert into STATION values (3413, '.', 5898, 404136.78, 5122504.47, 1446.53);
insert into STATION values (3414, '.', 5898, 404136.62, 5122504.67, 1446.57);
insert into STATION values (3415, '.', 5898, 404136.40, 5122504.56, 1446.53);
insert into STATION values (3416, '.', 5898, 404136.11, 5122504.81, 1446.56);
insert into STATION values (3417, '.', 5898, 404135.87, 5122504.78, 1446.58);
insert into STATION values (3418, '.', 5898, 404134.32, 5122505.11, 1446.75);
insert into STATION values (3419, '.', 5898, 404134.23, 5122504.74, 1446.69);
insert into STATION values (3420, '.', 5898, 404135.64, 5122504.40, 1446.58);
insert into STATION values (3421, '.', 5898, 404134.23, 5122504.82, 1446.57);
insert into STATION values (3422, '14', 5898, 404134.54, 5122504.72, 1446.50);
insert into STATION values (3423, '.', 5898, 404134.29, 5122505.00, 1446.58);
insert into STATION values (3424, '.', 5898, 404134.50, 5122505.39, 1446.59);
insert into STATION values (3425, '.', 5898, 404134.76, 5122505.60, 1446.56);
insert into STATION values (3426, '.', 5898, 404136.08, 5122507.65, 1446.43);
insert into STATION values (3427, '.', 5898, 404135.02, 5122505.07, 1446.55);
insert into STATION values (3428, '.', 5898, 404135.29, 5122505.05, 1446.56);
insert into STATION values (3429, '.', 5898, 404135.25, 5122505.18, 1446.61);
insert into STATION values (3430, '.', 5898, 404134.27, 5122504.73, 1446.49);
insert into STATION values (3431, '.', 5898, 404134.90, 5122505.27, 1447.33);
insert into STATION values (3432, '.', 5898, 404135.12, 5122505.62, 1447.24);
insert into STATION values (3433, '.', 5898, 404135.33, 5122506.01, 1447.05);
insert into STATION values (3434, '.', 5898, 404135.31, 5122506.09, 1446.90);
insert into STATION values (3435, '.', 5898, 404136.22, 5122507.91, 1446.87);
insert into STATION values (3436, '.', 5898, 404136.05, 5122507.67, 1446.38);
insert into STATION values (3437, '.', 5898, 404136.08, 5122508.02, 1445.74);
insert into STATION values (3438, '.', 5898, 404135.64, 5122507.59, 1445.62);
insert into STATION values (3439, '15', 5898, 404135.46, 5122506.13, 1446.77);
insert into STATION values (3440, '.', 5898, 404134.72, 5122507.22, 1442.64);
insert into STATION values (3441, '.', 5898, 404135.11, 5122507.95, 1443.00);
insert into STATION values (3442, '.', 5898, 404135.45, 5122506.24, 1446.62);
insert into STATION values (3443, '.', 5898, 404135.41, 5122507.68, 1445.00);
insert into STATION values (3444, '.', 5898, 404134.28, 5122506.48, 1446.81);
insert into STATION values (3445, '.', 5898, 404134.60, 5122506.77, 1446.83);
insert into STATION values (3446, '.', 5898, 404135.01, 5122506.82, 1446.75);
insert into STATION values (3447, '.', 5898, 404135.12, 5122506.65, 1446.74);
insert into STATION values (3448, '.', 5898, 404134.19, 5122506.17, 1446.87);
insert into STATION values (3449, '.', 5898, 404134.73, 5122506.14, 1446.79);
insert into STATION values (3450, '.', 5898, 404135.21, 5122505.41, 1446.88);
insert into STATION values (3451, '.', 5898, 404134.48, 5122504.65, 1446.73);
insert into STATION values (3452, '.', 5898, 404135.17, 5122505.45, 1446.68);
insert into STATION values (3453, '16', 5898, 404134.55, 5122506.71, 1446.81);
insert into STATION values (3454, '.', 5898, 404133.71, 5122507.35, 1447.05);
insert into STATION values (3455, '.', 5898, 404133.56, 5122505.77, 1446.18);
insert into STATION values (3456, '.', 5898, 404134.28, 5122505.77, 1446.20);
insert into STATION values (3457, '.', 5898, 404134.53, 5122506.17, 1446.74);
insert into STATION values (3458, '.', 5898, 404134.25, 5122506.26, 1446.72);
insert into STATION values (3459, '.', 5898, 404134.06, 5122506.25, 1446.80);
insert into STATION values (3460, '.', 5898, 404134.45, 5122506.54, 1447.21);
insert into STATION values (3461, '.', 5898, 404134.54, 5122506.80, 1446.19);
insert into STATION values (3462, '.', 5898, 404134.27, 5122506.54, 1446.03);
insert into STATION values (3463, '.', 5898, 404134.15, 5122506.40, 1445.99);
insert into STATION values (3464, '.', 5898, 404132.65, 5122504.90, 1444.17);
insert into STATION values (3465, '.', 5898, 404132.79, 5122504.79, 1444.78);
insert into STATION values (3466, '.', 5898, 404133.06, 5122504.90, 1445.24);
insert into STATION values (3467, '.', 5898, 404134.01, 5122505.45, 1444.80);
insert into STATION values (3468, '17', 5898, 404133.58, 5122505.78, 1446.13);
insert into STATION values (3469, '.', 5898, 404132.70, 5122504.62, 1445.75);
insert into STATION values (3470, '18', 5898, 404132.95, 5122504.86, 1444.51);
insert into STATION values (3471, '.', 5898, 404132.35, 5122503.90, 1442.87);
insert into STATION values (3472, '.', 5898, 404130.79, 5122505.70, 1444.33);
insert into STATION values (3473, '.', 5898, 404131.29, 5122506.28, 1444.43);
insert into STATION values (3474, '.', 5898, 404132.49, 5122505.79, 1444.52);
insert into STATION values (3475, '.', 5898, 404132.89, 5122505.79, 1444.51);
insert into STATION values (3476, '.', 5898, 404133.06, 5122506.04, 1444.57);
insert into STATION values (3477, '.', 5898, 404133.95, 5122505.68, 1444.60);
insert into STATION values (3478, '.', 5898, 404133.86, 5122505.28, 1444.52);
insert into STATION values (3479, '.', 5898, 404133.48, 5122505.01, 1444.62);
insert into STATION values (3480, '.', 5898, 404131.91, 5122505.79, 1443.27);
insert into STATION values (3481, '.', 5898, 404131.44, 5122505.94, 1443.47);
insert into STATION values (3482, '.', 5898, 404130.45, 5122506.55, 1442.82);
insert into STATION values (3483, '.', 5898, 404130.64, 5122506.38, 1443.56);
insert into STATION values (3484, '.', 5898, 404130.95, 5122506.06, 1444.49);
insert into STATION values (3485, '.', 5898, 404131.09, 5122506.09, 1444.95);
insert into STATION values (3486, '.', 5898, 404131.16, 5122506.14, 1445.39);
insert into STATION values (3487, '.', 5898, 404131.56, 5122506.00, 1445.91);
insert into STATION values (3488, '.', 5898, 404131.72, 5122506.06, 1446.35);
insert into STATION values (3489, '.', 5898, 404131.84, 5122506.18, 1446.78);
insert into STATION values (3490, '19', 5898, 404130.99, 5122506.00, 1443.92);
insert into STATION values (3491, '.', 5898, 404128.99, 5122507.18, 1443.54);
insert into STATION values (3492, '.', 5898, 404131.24, 5122505.29, 1443.80);
insert into STATION values (3493, '.', 5898, 404130.97, 5122505.33, 1443.82);
insert into STATION values (3494, '.', 5898, 404131.72, 5122506.47, 1443.87);
insert into STATION values (3495, '.', 5898, 404131.65, 5122506.90, 1443.83);
insert into STATION values (3496, '.', 5898, 404131.60, 5122507.16, 1443.83);
insert into STATION values (3497, '.', 5898, 404130.73, 5122505.71, 1440.04);
insert into STATION values (3498, '.', 5898, 404131.15, 5122505.57, 1440.41);
insert into STATION values (3499, '.', 5898, 404131.37, 5122505.53, 1441.60);
insert into STATION values (3500, '.', 5898, 404131.51, 5122505.53, 1442.37);
insert into STATION values (3501, '.', 5898, 404131.55, 5122505.50, 1442.93);
insert into STATION values (3502, '.', 5898, 404131.82, 5122505.50, 1443.05);
insert into STATION values (3503, '.', 5898, 404132.02, 5122505.46, 1443.15);
insert into STATION values (3504, '.', 5898, 404132.33, 5122505.29, 1443.32);
insert into STATION values (3505, '20', 5898, 404130.93, 5122504.91, 1441.57);
insert into STATION values (3506, '.', 5898, 404131.31, 5122505.21, 1441.46);
insert into STATION values (3507, '.', 5898, 404131.15, 5122505.62, 1441.45);
insert into STATION values (3508, '.', 5898, 404131.14, 5122506.62, 1441.46);
insert into STATION values (3509, '.', 5898, 404131.21, 5122509.61, 1442.24);
insert into STATION values (3510, '.', 5898, 404130.63, 5122507.88, 1442.07);
insert into STATION values (3511, '.', 5898, 404129.95, 5122506.56, 1441.96);
insert into STATION values (3512, '.', 5898, 404129.78, 5122505.56, 1441.91);
insert into STATION values (3513, '.', 5898, 404129.96, 5122505.19, 1441.82);
insert into STATION values (3514, '.', 5898, 404129.90, 5122505.16, 1441.71);
insert into STATION values (3515, '.', 5898, 404129.81, 5122504.80, 1441.67);
insert into STATION values (3516, '.', 5898, 404129.85, 5122504.25, 1441.64);
insert into STATION values (3517, '.', 5898, 404129.83, 5122503.55, 1441.57);
insert into STATION values (3518, '.', 5898, 404129.78, 5122502.86, 1441.52);
insert into STATION values (3519, '.', 5898, 404130.57, 5122504.08, 1441.68);
insert into STATION values (3520, '.', 5898, 404131.52, 5122505.95, 1446.07);
insert into STATION values (3521, '.', 5898, 404130.67, 5122505.25, 1443.59);
insert into STATION values (3522, '.', 5898, 404130.47, 5122505.04, 1443.17);
insert into STATION values (3523, '.', 5898, 404130.36, 5122504.87, 1442.29);
insert into STATION values (3524, '.', 5898, 404130.09, 5122504.84, 1441.75);
insert into STATION values (3525, '.', 5898, 404129.84, 5122504.85, 1441.41);
insert into STATION values (3526, '.', 5898, 404130.55, 5122504.90, 1440.13);
insert into STATION values (3527, '.', 5898, 404130.11, 5122505.13, 1440.12);
insert into STATION values (3528, '.', 5898, 404129.86, 5122505.22, 1440.43);
insert into STATION values (3529, '60', 5898, 404129.74, 5122502.50, 1440.79);
insert into STATION values (3530, '21', 5898, 404127.74, 5122480.57, 1436.60);
insert into STATION values (3531, '.', 5898, 404128.14, 5122480.42, 1436.60);
insert into STATION values (3532, '.', 5898, 404128.20, 5122480.39, 1436.91);
insert into STATION values (3533, '.', 5898, 404128.31, 5122480.53, 1437.35);
insert into STATION values (3534, '.', 5898, 404128.05, 5122480.49, 1437.76);
insert into STATION values (3535, '.', 5898, 404129.00, 5122485.62, 1437.33);
insert into STATION values (3536, '.', 5898, 404128.34, 5122484.98, 1437.75);
insert into STATION values (3537, '.', 5898, 404127.65, 5122481.22, 1436.85);
insert into STATION values (3538, '.', 5898, 404127.68, 5122479.76, 1436.62);
insert into STATION values (3539, '.', 5898, 404126.91, 5122478.58, 1436.47);
insert into STATION values (3540, '.', 5898, 404126.49, 5122479.42, 1436.49);
insert into STATION values (3541, '.', 5898, 404126.88, 5122480.43, 1436.64);
insert into STATION values (3542, '.', 5898, 404126.67, 5122480.34, 1436.67);
insert into STATION values (3543, '.', 5898, 404128.21, 5122480.63, 1436.55);
insert into STATION values (3544, '.', 5898, 404128.74, 5122481.16, 1436.55);
insert into STATION values (3545, '.', 5898, 404127.90, 5122481.87, 1436.54);
insert into STATION values (3546, '.', 5898, 404128.25, 5122480.48, 1437.13);
insert into STATION values (3547, '.', 5898, 404127.95, 5122480.53, 1437.36);
insert into STATION values (3548, '.', 5898, 404127.72, 5122480.54, 1437.80);
insert into STATION values (3549, '.', 5898, 404127.15, 5122480.63, 1437.46);
insert into STATION values (3550, '.', 5898, 404127.06, 5122480.74, 1437.12);
insert into STATION values (3551, '.', 5898, 404126.64, 5122480.90, 1436.79);
insert into STATION values (3552, '.', 5898, 404127.01, 5122484.02, 1438.87);
insert into STATION values (3553, '.', 5898, 404126.95, 5122484.33, 1439.06);
insert into STATION values (3554, '21A', 5898, 404126.95, 5122484.37, 1439.09);
insert into STATION values (3555, '.', 5898, 404126.99, 5122484.05, 1438.84);
insert into STATION values (3556, '21B', 5898, 404126.23, 5122487.82, 1441.34);
insert into STATION values (3557, '.', 5898, 404128.15, 5122480.57, 1436.62);
insert into STATION values (3558, '.', 5898, 404127.92, 5122480.61, 1436.81);
insert into STATION values (3559, '.', 5898, 404127.77, 5122480.78, 1435.82);
insert into STATION values (3560, '.', 5898, 404127.80, 5122482.37, 1436.74);
insert into STATION values (3561, '.', 5898, 404126.98, 5122484.90, 1436.93);
insert into STATION values (3562, '.', 5898, 404128.01, 5122478.38, 1436.55);
insert into STATION values (3563, '.', 5898, 404127.97, 5122478.75, 1436.12);
insert into STATION values (3564, '22', 5898, 404126.00, 5122491.11, 1441.45);
insert into STATION values (3565, '.', 5898, 404125.55, 5122490.03, 1441.33);
insert into STATION values (3566, '.', 5898, 404125.48, 5122490.53, 1441.37);
insert into STATION values (3567, '.', 5898, 404122.69, 5122489.52, 1441.44);
insert into STATION values (3568, '.', 5898, 404124.72, 5122491.08, 1441.84);
insert into STATION values (3569, '.', 5898, 404125.07, 5122491.53, 1441.76);
insert into STATION values (3570, '.', 5898, 404125.34, 5122492.07, 1441.56);
insert into STATION values (3571, '.', 5898, 404125.63, 5122492.38, 1441.55);
insert into STATION values (3572, '.', 5898, 404126.26, 5122490.75, 1441.50);
insert into STATION values (3573, '.', 5898, 404126.10, 5122490.44, 1441.52);
insert into STATION values (3574, '.', 5898, 404125.96, 5122491.05, 1441.61);
insert into STATION values (3575, '.', 5898, 404121.81, 5122489.68, 1441.76);
insert into STATION values (3576, '.', 5898, 404121.62, 5122489.62, 1441.76);
insert into STATION values (3577, '23', 5898, 404121.81, 5122489.68, 1441.77);
insert into STATION values (3578, '.', 5898, 404122.11, 5122489.40, 1441.79);
insert into STATION values (3579, '.', 5898, 404122.21, 5122489.22, 1441.92);
insert into STATION values (3580, '.', 5898, 404121.94, 5122489.45, 1441.39);
insert into STATION values (3581, '.', 5898, 404121.81, 5122489.58, 1440.92);
insert into STATION values (3582, '.', 5898, 404121.75, 5122489.46, 1440.96);
insert into STATION values (3583, '24', 5898, 404118.20, 5122480.80, 1440.86);
insert into STATION values (3584, '.', 5898, 404118.34, 5122480.76, 1441.86);
insert into STATION values (3585, '.', 5898, 404118.64, 5122481.08, 1441.96);
insert into STATION values (3586, '.', 5898, 404117.99, 5122481.02, 1441.36);
insert into STATION values (3587, '.', 5898, 404117.85, 5122481.11, 1441.10);
insert into STATION values (3588, '.', 5898, 404117.93, 5122481.26, 1440.91);
insert into STATION values (3589, '.', 5898, 404118.95, 5122483.40, 1441.13);
insert into STATION values (3590, '.', 5898, 404122.17, 5122490.09, 1441.83);
insert into STATION values (3591, '25', 5898, 404116.11, 5122480.68, 1440.20);
insert into STATION values (3592, '.', 5898, 404113.97, 5122480.75, 1439.70);
insert into STATION values (3593, '.', 5898, 404117.08, 5122478.90, 1440.22);
insert into STATION values (3594, '.', 5898, 404115.96, 5122478.34, 1440.16);
insert into STATION values (3595, '.', 5898, 404115.56, 5122478.77, 1440.15);
insert into STATION values (3596, '.', 5898, 404114.79, 5122478.60, 1440.18);
insert into STATION values (3597, '.', 5898, 404114.08, 5122478.81, 1440.17);
insert into STATION values (3598, '.', 5898, 404113.76, 5122479.17, 1440.15);
insert into STATION values (3599, '.', 5898, 404114.21, 5122479.60, 1440.19);
insert into STATION values (3600, '.', 5898, 404115.55, 5122480.55, 1440.18);
insert into STATION values (3601, '.', 5898, 404115.76, 5122480.90, 1440.31);
insert into STATION values (3602, '.', 5898, 404117.16, 5122481.48, 1440.43);
insert into STATION values (3603, '.', 5898, 404117.52, 5122480.90, 1440.44);
insert into STATION values (3604, '.', 5898, 404118.07, 5122480.74, 1440.41);
insert into STATION values (3605, '.', 5898, 404117.63, 5122480.04, 1440.30);
insert into STATION values (3606, '.', 5898, 404117.56, 5122479.68, 1440.42);
insert into STATION values (3607, '.', 5898, 404117.06, 5122478.89, 1440.23);
insert into STATION values (3608, '.', 5898, 404115.78, 5122478.69, 1440.16);
insert into STATION values (3609, '26', 5898, 404114.34, 5122478.90, 1439.98);
insert into STATION values (3610, '.', 5898, 404114.21, 5122479.48, 1440.01);
insert into STATION values (3611, '.', 5898, 404113.47, 5122479.72, 1439.84);
insert into STATION values (3612, '.', 5898, 404112.55, 5122479.24, 1439.72);
insert into STATION values (3613, '.', 5898, 404113.90, 5122478.90, 1439.92);
insert into STATION values (3614, '.', 5898, 404113.55, 5122479.08, 1439.92);
insert into STATION values (3615, '.', 5898, 404112.18, 5122479.80, 1439.87);
insert into STATION values (3616, '27', 5898, 404111.92, 5122479.77, 1439.72);
insert into STATION values (3617, '.', 5898, 404111.90, 5122479.82, 1440.14);
insert into STATION values (3618, '.', 5898, 404111.94, 5122479.68, 1440.02);
insert into STATION values (3619, '.', 5898, 404112.08, 5122479.08, 1439.75);
insert into STATION values (3620, '.', 5898, 404111.88, 5122478.24, 1439.87);
insert into STATION values (3621, '.', 5898, 404111.43, 5122478.39, 1439.86);
insert into STATION values (3622, '.', 5898, 404111.38, 5122479.13, 1439.76);
insert into STATION values (3623, '.', 5898, 404111.49, 5122479.32, 1439.71);
insert into STATION values (3624, '.', 5898, 404112.41, 5122479.26, 1439.70);
insert into STATION values (3625, '.', 5898, 404112.39, 5122479.21, 1439.72);
insert into STATION values (3626, '.', 5898, 404110.86, 5122476.47, 1439.09);
insert into STATION values (3627, '28', 5898, 404110.98, 5122476.51, 1439.34);
insert into STATION values (3628, '.', 5898, 404110.03, 5122473.21, 1439.11);
insert into STATION values (3629, '.', 5898, 404111.22, 5122474.63, 1439.46);
insert into STATION values (3630, '.', 5898, 404110.72, 5122473.99, 1439.42);
insert into STATION values (3631, '.', 5898, 404109.84, 5122473.76, 1439.38);
insert into STATION values (3632, '.', 5898, 404110.23, 5122475.44, 1439.43);
insert into STATION values (3633, '.', 5898, 404110.07, 5122476.30, 1439.38);
insert into STATION values (3634, '.', 5898, 404109.72, 5122477.13, 1439.52);
insert into STATION values (3635, '.', 5898, 404109.93, 5122477.66, 1439.57);
insert into STATION values (3636, '.', 5898, 404110.70, 5122477.44, 1439.44);
insert into STATION values (3637, '.', 5898, 404111.03, 5122477.57, 1439.54);
insert into STATION values (3638, '.', 5898, 404111.47, 5122477.62, 1439.47);
insert into STATION values (3639, '.', 5898, 404111.59, 5122476.92, 1439.42);
insert into STATION values (3640, '.', 5898, 404111.54, 5122476.78, 1439.59);
insert into STATION values (3641, '.', 5898, 404111.21, 5122476.45, 1439.94);
insert into STATION values (3642, '.', 5898, 404111.38, 5122476.45, 1439.76);
insert into STATION values (3643, '.', 5898, 404109.88, 5122477.04, 1439.31);
insert into STATION values (3644, '.', 5898, 404109.92, 5122477.12, 1439.75);
insert into STATION values (3645, '.', 5898, 404110.13, 5122477.02, 1439.88);
insert into STATION values (3646, '.', 5898, 404110.55, 5122476.85, 1439.97);
insert into STATION values (3647, '.', 5898, 404110.80, 5122476.68, 1440.01);
insert into STATION values (3648, '.', 5898, 404110.90, 5122476.51, 1439.94);
insert into STATION values (3649, '29', 5898, 404109.22, 5122474.55, 1439.02);
insert into STATION values (3650, '.', 5898, 404107.22, 5122472.81, 1438.76);
insert into STATION values (3651, '.', 5898, 404109.54, 5122476.07, 1439.12);
insert into STATION values (3652, '.', 5898, 404109.09, 5122476.28, 1439.05);
insert into STATION values (3653, '.', 5898, 404108.72, 5122476.63, 1439.04);
insert into STATION values (3654, '.', 5898, 404108.77, 5122476.56, 1439.25);
insert into STATION values (3655, '.', 5898, 404109.00, 5122474.72, 1438.98);
insert into STATION values (3656, '.', 5898, 404109.03, 5122475.08, 1438.99);
insert into STATION values (3657, '.', 5898, 404108.60, 5122476.73, 1438.82);
insert into STATION values (3658, '30', 5898, 404109.10, 5122476.30, 1439.27);
insert into STATION values (3659, '.', 5898, 404108.63, 5122475.76, 1439.28);
insert into STATION values (3660, '.', 5898, 404108.24, 5122475.91, 1439.21);
insert into STATION values (3661, '.', 5898, 404107.61, 5122476.16, 1439.19);
insert into STATION values (3662, '.', 5898, 404107.38, 5122476.85, 1439.21);
insert into STATION values (3663, '.', 5898, 404107.15, 5122476.72, 1439.19);
insert into STATION values (3664, '.', 5898, 404109.86, 5122474.97, 1439.28);
insert into STATION values (3665, '.', 5898, 404109.67, 5122474.55, 1439.19);
insert into STATION values (3666, '.', 5898, 404109.50, 5122474.45, 1439.24);
insert into STATION values (3667, '.', 5898, 404107.29, 5122476.70, 1439.14);
insert into STATION values (3668, '31', 5898, 404107.30, 5122476.75, 1439.13);
insert into STATION values (3669, '.', 5898, 404105.50, 5122477.24, 1439.00);
insert into STATION values (3670, '.', 5898, 404109.03, 5122479.95, 1439.50);
insert into STATION values (3671, '.', 5898, 404109.20, 5122479.94, 1439.70);
insert into STATION values (3672, '.', 5898, 404109.96, 5122481.04, 1439.55);
insert into STATION values (3673, '.', 5898, 404108.45, 5122479.47, 1438.99);
insert into STATION values (3674, '.', 5898, 404108.29, 5122480.19, 1438.64);
insert into STATION values (3675, '.', 5898, 404107.81, 5122478.92, 1438.66);
insert into STATION values (3676, '.', 5898, 404109.73, 5122481.93, 1439.84);
insert into STATION values (3677, '32', 5898, 404109.61, 5122481.55, 1439.71);
insert into STATION values (3678, '.', 5898, 404108.85, 5122482.09, 1439.62);
insert into STATION values (3679, '.', 5898, 404109.43, 5122482.30, 1439.70);
insert into STATION values (3680, '.', 5898, 404109.16, 5122482.31, 1439.75);
insert into STATION values (3681, '.', 5898, 404109.10, 5122481.45, 1439.75);
insert into STATION values (3682, '.', 5898, 404108.95, 5122481.22, 1439.68);
insert into STATION values (3683, '.', 5898, 404108.65, 5122480.72, 1439.63);
insert into STATION values (3684, '.', 5898, 404108.25, 5122480.20, 1439.48);
insert into STATION values (3685, '.', 5898, 404107.72, 5122482.96, 1439.59);
insert into STATION values (3686, '33', 5898, 404107.97, 5122482.74, 1439.68);
insert into STATION values (3687, '.', 5898, 404106.47, 5122484.10, 1439.71);
insert into STATION values (3688, '.', 5898, 404106.57, 5122487.79, 1439.23);
insert into STATION values (3689, '34', 5898, 404106.89, 5122486.61, 1439.31);
insert into STATION values (3690, '.', 5898, 404105.49, 5122490.40, 1439.17);
insert into STATION values (3691, '.', 5898, 404105.96, 5122487.45, 1439.29);
insert into STATION values (3692, '.', 5898, 404105.18, 5122486.87, 1439.39);
insert into STATION values (3693, '.', 5898, 404104.83, 5122486.34, 1439.60);
insert into STATION values (3694, '.', 5898, 404105.18, 5122485.78, 1439.61);
insert into STATION values (3695, '.', 5898, 404105.85, 5122485.62, 1439.37);
insert into STATION values (3696, '.', 5898, 404107.94, 5122486.66, 1439.30);
insert into STATION values (3697, '.', 5898, 404108.00, 5122482.34, 1439.78);
insert into STATION values (3698, '.', 5898, 404108.05, 5122483.30, 1439.90);
insert into STATION values (3699, '.', 5898, 404106.54, 5122483.04, 1446.23);
insert into STATION values (3700, '.', 5898, 404106.39, 5122483.60, 1443.79);
insert into STATION values (3701, '.', 5898, 404105.83, 5122483.69, 1442.39);
insert into STATION values (3702, '.', 5898, 404106.60, 5122485.99, 1439.92);
insert into STATION values (3703, '.', 5898, 404105.41, 5122484.14, 1441.81);
insert into STATION values (3704, '.', 5898, 404105.13, 5122486.19, 1440.87);
insert into STATION values (3705, '.', 5898, 404105.31, 5122486.92, 1440.28);
insert into STATION values (3706, '.', 5898, 404105.45, 5122486.27, 1439.83);
insert into STATION values (3707, '.', 5898, 404106.72, 5122485.75, 1439.61);
insert into STATION values (3708, '.', 5898, 404106.91, 5122484.96, 1439.42);
insert into STATION values (3709, '35', 5898, 404106.32, 5122483.21, 1445.15);
insert into STATION values (3710, '35A', 5898, 404115.58, 5122495.00, 1439.83);
insert into STATION values (3711, '.', 5898, 404116.87, 5122499.05, 1434.56);
insert into STATION values (3712, '.', 5898, 404116.43, 5122496.92, 1437.24);
insert into STATION values (3713, '.', 5898, 404116.20, 5122498.33, 1433.98);
insert into STATION values (3714, '.', 5898, 404115.47, 5122495.13, 1443.53);
insert into STATION values (3715, '.', 5898, 404114.96, 5122495.56, 1440.86);
insert into STATION values (3716, '.', 5898, 404114.73, 5122495.57, 1440.08);
insert into STATION values (3717, '.', 5898, 404115.86, 5122494.84, 1440.12);
insert into STATION values (3718, '.', 5898, 404115.92, 5122494.79, 1440.94);
insert into STATION values (3719, '.', 5898, 404115.80, 5122495.00, 1442.24);
insert into STATION values (3720, '.', 5898, 404115.92, 5122493.18, 1454.27);
insert into STATION values (3721, '.', 5898, 404114.43, 5122492.84, 1445.94);
insert into STATION values (3722, '.', 5898, 404114.26, 5122492.63, 1445.31);
insert into STATION values (3723, '.', 5898, 404112.39, 5122492.24, 1440.01);
insert into STATION values (3724, '.', 5898, 404112.96, 5122493.79, 1439.79);
insert into STATION values (3725, '.', 5898, 404114.09, 5122494.64, 1440.08);
insert into STATION values (3726, '.', 5898, 404114.24, 5122495.14, 1439.97);
insert into STATION values (3727, '.', 5898, 404114.52, 5122495.17, 1439.98);
insert into STATION values (3728, '.', 5898, 404106.20, 5122482.17, 1445.24);
insert into STATION values (3729, '.', 5898, 404105.68, 5122481.83, 1445.30);
insert into STATION values (3730, '.', 5898, 404103.98, 5122480.34, 1445.17);
insert into STATION values (3731, '36', 5898, 404112.82, 5122492.00, 1440.34);
insert into STATION values (3732, '.', 5898, 404112.24, 5122492.22, 1440.32);
insert into STATION values (3733, '.', 5898, 404112.16, 5122491.46, 1440.37);
insert into STATION values (3734, '.', 5898, 404112.74, 5122491.33, 1440.38);
insert into STATION values (3735, '.', 5898, 404113.13, 5122491.58, 1440.52);
insert into STATION values (3736, '.', 5898, 404113.49, 5122491.94, 1440.60);
insert into STATION values (3737, '.', 5898, 404113.64, 5122492.27, 1440.51);
insert into STATION values (3738, '.', 5898, 404114.51, 5122492.70, 1440.53);
insert into STATION values (3739, '.', 5898, 404113.25, 5122491.69, 1441.51);
insert into STATION values (3740, '.', 5898, 404112.86, 5122491.83, 1441.74);
insert into STATION values (3741, '.', 5898, 404112.50, 5122492.12, 1441.71);
insert into STATION values (3742, '.', 5898, 404112.66, 5122492.26, 1441.17);
insert into STATION values (3743, '.', 5898, 404112.38, 5122492.45, 1440.43);
insert into STATION values (3744, '37', 5898, 404110.84, 5122490.19, 1440.58);
insert into STATION values (3745, '.', 5898, 404110.27, 5122487.45, 1442.20);
insert into STATION values (3746, '.', 5898, 404110.18, 5122487.23, 1442.31);
insert into STATION values (3747, '38', 5898, 404109.88, 5122485.49, 1443.46);
insert into STATION values (3748, '.', 5898, 404108.83, 5122486.14, 1443.55);
insert into STATION values (3749, '.', 5898, 404108.67, 5122485.70, 1443.60);
insert into STATION values (3750, '.', 5898, 404108.44, 5122485.11, 1443.66);
insert into STATION values (3751, '.', 5898, 404108.37, 5122484.23, 1443.71);
insert into STATION values (3752, '.', 5898, 404106.97, 5122483.77, 1443.63);
insert into STATION values (3753, '.', 5898, 404106.01, 5122483.67, 1443.63);
insert into STATION values (3754, '40', 5898, 404104.78, 5122481.35, 1445.61);
insert into STATION values (3755, '.', 5898, 404104.65, 5122481.48, 1445.74);
insert into STATION values (3756, '.', 5898, 404106.82, 5122482.94, 1445.27);
insert into STATION values (3757, '.', 5898, 404105.13, 5122481.08, 1446.05);
insert into STATION values (3758, '.', 5898, 404104.87, 5122481.27, 1445.87);
insert into STATION values (3759, '.', 5898, 404103.90, 5122479.06, 1445.69);
insert into STATION values (3760, '.', 5898, 404106.66, 5122482.35, 1445.67);
insert into STATION values (3761, '41', 5898, 404103.27, 5122480.59, 1443.66);
insert into STATION values (3762, '.', 5898, 404102.10, 5122480.75, 1443.14);
insert into STATION values (3763, '42', 5898, 404098.76, 5122480.04, 1441.19);
insert into STATION values (3764, '.', 5898, 404093.86, 5122479.76, 1439.20);
insert into STATION values (3765, '.', 5898, 404098.08, 5122479.66, 1441.19);
insert into STATION values (3766, '.', 5898, 404098.04, 5122480.38, 1441.23);
insert into STATION values (3767, '.', 5898, 404097.17, 5122482.03, 1441.51);
insert into STATION values (3768, '.', 5898, 404096.01, 5122481.69, 1441.80);
insert into STATION values (3769, '.', 5898, 404095.46, 5122481.17, 1441.83);
insert into STATION values (3770, '.', 5898, 404098.88, 5122481.07, 1441.27);
insert into STATION values (3771, '.', 5898, 404099.39, 5122481.81, 1441.00);
insert into STATION values (3772, '.', 5898, 404100.41, 5122482.91, 1440.76);
insert into STATION values (3773, '43', 5898, 404096.03, 5122481.40, 1441.85);
insert into STATION values (3774, '.', 5898, 404094.50, 5122480.64, 1442.05);
insert into STATION values (3775, '.', 5898, 404091.84, 5122476.57, 1443.11);
insert into STATION values (3776, '.', 5898, 404094.42, 5122478.82, 1442.64);
insert into STATION values (3777, '.', 5898, 404095.27, 5122479.18, 1442.52);
insert into STATION values (3778, '.', 5898, 404095.90, 5122479.60, 1442.28);
insert into STATION values (3779, '.', 5898, 404096.20, 5122479.86, 1442.20);
insert into STATION values (3780, '44', 5898, 404088.80, 5122475.45, 1443.80);
insert into STATION values (3781, '.', 5898, 404087.93, 5122476.88, 1443.67);
insert into STATION values (3782, '.', 5898, 404088.63, 5122475.88, 1444.55);
insert into STATION values (3783, '.', 5898, 404088.57, 5122476.33, 1444.30);
insert into STATION values (3784, '.', 5898, 404088.61, 5122476.09, 1442.48);
insert into STATION values (3785, '.', 5898, 404089.75, 5122476.64, 1443.88);
insert into STATION values (3786, '.', 5898, 404090.99, 5122477.43, 1443.54);
insert into STATION values (3787, '.', 5898, 404093.05, 5122478.01, 1442.86);
insert into STATION values (3788, '.', 5898, 404097.14, 5122481.05, 1441.90);
insert into STATION values (3789, '.', 5898, 404087.13, 5122475.68, 1443.38);
insert into STATION values (3790, '.', 5898, 404087.16, 5122475.86, 1443.41);
insert into STATION values (3791, '45', 5898, 404086.63, 5122474.93, 1444.94);
insert into STATION values (3792, '.', 5898, 404086.32, 5122474.10, 1444.93);
insert into STATION values (3793, '.', 5898, 404085.69, 5122474.29, 1444.82);
insert into STATION values (3794, '.', 5898, 404084.27, 5122474.32, 1444.84);
insert into STATION values (3795, '.', 5898, 404084.26, 5122476.38, 1444.53);
insert into STATION values (3796, '.', 5898, 404085.41, 5122476.94, 1444.55);
insert into STATION values (3797, '.', 5898, 404087.68, 5122475.99, 1444.69);
insert into STATION values (3798, '.', 5898, 404090.79, 5122475.59, 1443.34);
insert into STATION values (3799, '46', 5898, 404084.41, 5122476.12, 1444.65);
insert into STATION values (3800, '.', 5898, 404082.49, 5122477.61, 1443.90);
insert into STATION values (3801, '.', 5898, 404084.67, 5122477.34, 1445.15);
insert into STATION values (3802, '.', 5898, 404085.10, 5122476.11, 1444.89);
insert into STATION values (3803, '.', 5898, 404084.48, 5122473.85, 1444.84);
insert into STATION values (3804, '.', 5898, 404083.59, 5122473.82, 1445.79);
insert into STATION values (3805, '.', 5898, 404083.81, 5122475.34, 1445.24);
insert into STATION values (3806, '47', 5898, 404082.27, 5122476.26, 1445.65);
insert into STATION values (3807, '.', 5898, 404080.16, 5122476.38, 1446.72);
insert into STATION values (3808, '.', 5898, 404080.32, 5122474.24, 1445.26);
insert into STATION values (3809, '.', 5898, 404078.55, 5122474.77, 1444.86);
insert into STATION values (3810, '.', 5898, 404083.98, 5122475.23, 1445.59);
insert into STATION values (3811, '.', 5898, 404084.15, 5122474.45, 1445.61);
insert into STATION values (3812, '.', 5898, 404082.32, 5122476.18, 1445.03);
insert into STATION values (3813, '48', 5898, 404078.22, 5122476.11, 1443.54);
insert into STATION values (3814, '.', 5898, 404073.81, 5122478.24, 1442.01);
insert into STATION values (3815, '.', 5898, 404076.90, 5122476.88, 1443.43);
insert into STATION values (3816, '.', 5898, 404076.77, 5122476.96, 1443.71);
insert into STATION values (3817, '.', 5898, 404076.07, 5122477.25, 1444.00);
insert into STATION values (3818, '49', 5898, 404098.04, 5122480.95, 1441.49);
insert into STATION values (3819, '.', 5898, 404097.26, 5122482.02, 1441.77);
insert into STATION values (3820, '.', 5898, 404097.98, 5122480.67, 1442.98);
insert into STATION values (3821, '.', 5898, 404097.82, 5122481.26, 1442.67);
insert into STATION values (3822, '.', 5898, 404098.09, 5122481.12, 1441.89);
insert into STATION values (3823, '.', 5898, 404098.25, 5122480.63, 1441.51);
insert into STATION values (3824, '.', 5898, 404098.19, 5122480.56, 1441.62);
insert into STATION values (3825, '.', 5898, 404096.59, 5122480.85, 1441.64);
insert into STATION values (3826, '.', 5898, 404096.33, 5122479.29, 1441.85);
insert into STATION values (3827, '.', 5898, 404097.44, 5122479.96, 1441.65);
insert into STATION values (3828, '.', 5898, 404097.79, 5122479.73, 1441.59);
insert into STATION values (3829, '.', 5898, 404097.56, 5122480.16, 1441.58);
insert into STATION values (3830, '.', 5898, 404101.48, 5122486.30, 1439.87);
insert into STATION values (3831, '.', 5898, 404099.23, 5122482.75, 1441.12);
insert into STATION values (3832, '.', 5898, 404101.18, 5122484.08, 1440.88);
insert into STATION values (3833, '50', 5898, 404100.37, 5122483.79, 1440.63);
insert into STATION values (3834, '.', 5898, 404102.51, 5122486.75, 1439.76);
insert into STATION values (3835, '.', 5898, 404099.82, 5122484.43, 1440.66);
insert into STATION values (3836, '.', 5898, 404100.85, 5122484.72, 1440.49);
insert into STATION values (3837, '.', 5898, 404101.38, 5122483.75, 1440.77);
insert into STATION values (3838, '.', 5898, 404101.16, 5122483.26, 1440.98);
insert into STATION values (3839, '.', 5898, 404101.20, 5122483.22, 1440.85);
insert into STATION values (3840, '51', 5898, 404101.20, 5122486.08, 1439.94);
insert into STATION values (3841, '.', 5898, 404102.47, 5122488.29, 1440.34);
insert into STATION values (3842, '.', 5898, 404101.39, 5122485.50, 1440.06);
insert into STATION values (3843, '.', 5898, 404101.54, 5122484.77, 1440.87);
insert into STATION values (3844, '.', 5898, 404101.40, 5122485.24, 1441.09);
insert into STATION values (3845, '.', 5898, 404101.27, 5122485.49, 1440.79);
insert into STATION values (3846, '52', 5898, 404102.62, 5122485.70, 1440.68);
insert into STATION values (3847, '53', 5898, 404104.82, 5122486.80, 1439.97);
insert into STATION values (3848, '.', 5898, 404107.00, 5122487.76, 1439.29);
insert into STATION values (3849, '55', 5898, 404125.62, 5122494.42, 1441.53);
insert into STATION values (3850, '56', 5898, 404125.46, 5122495.85, 1441.30);
insert into STATION values (3851, '57', 5898, 404127.68, 5122496.71, 1441.20);
insert into STATION values (3852, '.', 5898, 404129.76, 5122497.86, 1441.17);
insert into STATION values (3853, '58', 5898, 404129.44, 5122497.35, 1441.29);
insert into STATION values (3854, '.', 5898, 404131.29, 5122497.50, 1441.11);
insert into STATION values (3855, '.', 5898, 404129.69, 5122498.36, 1442.60);
insert into STATION values (3856, '.', 5898, 404129.70, 5122498.44, 1442.67);
insert into STATION values (3857, '.', 5898, 404129.72, 5122498.57, 1442.56);
insert into STATION values (3858, '.', 5898, 404129.81, 5122498.56, 1440.72);
insert into STATION values (3859, '59', 5898, 404129.29, 5122499.21, 1440.62);
insert into STATION values (3860, '.', 5898, 404127.75, 5122481.87, 1437.04);
insert into STATION values (3861, '.', 5898, 404129.78, 5122503.81, 1441.26);
insert into STATION values (3862, '.', 5898, 404127.78, 5122482.05, 1437.14);
insert into STATION values (3863, '0', 6306, 404278.54, 5122621.42, 1521.65);
insert into STATION values (3864, '-', 6306, 404278.63, 5122621.43, 1521.99);
insert into STATION values (3865, '-', 6306, 404279.82, 5122621.64, 1524.91);
insert into STATION values (3866, '-', 6306, 404280.24, 5122621.35, 1523.75);
insert into STATION values (3867, '-', 6306, 404281.03, 5122620.86, 1522.38);
insert into STATION values (3868, '-', 6306, 404279.73, 5122620.63, 1521.01);
insert into STATION values (3869, '-', 6306, 404278.52, 5122621.22, 1520.00);
insert into STATION values (3870, '1', 6306, 404281.47, 5122615.81, 1523.68);
insert into STATION values (3871, '-', 6306, 404282.84, 5122615.89, 1526.47);
insert into STATION values (3872, '-', 6306, 404283.43, 5122617.45, 1525.90);
insert into STATION values (3873, '-', 6306, 404282.84, 5122617.06, 1523.86);
insert into STATION values (3874, '-', 6306, 404283.16, 5122616.50, 1521.97);
insert into STATION values (3875, '-', 6306, 404282.05, 5122615.93, 1522.14);
insert into STATION values (3876, '2', 6306, 404286.80, 5122613.31, 1523.15);
insert into STATION values (3877, '-', 6306, 404286.95, 5122613.48, 1526.49);
insert into STATION values (3878, '-', 6306, 404287.40, 5122615.12, 1525.15);
insert into STATION values (3879, '-', 6306, 404287.27, 5122614.66, 1523.37);
insert into STATION values (3880, '-', 6306, 404287.63, 5122614.95, 1522.45);
insert into STATION values (3881, '-', 6306, 404287.34, 5122613.44, 1520.69);
insert into STATION values (3882, '3', 6306, 404291.98, 5122609.52, 1529.51);
insert into STATION values (3883, '-', 6306, 404291.87, 5122614.47, 1529.86);
insert into STATION values (3884, '-', 6306, 404291.76, 5122615.19, 1531.24);
insert into STATION values (3885, '-', 6306, 404292.44, 5122613.01, 1529.12);
insert into STATION values (3886, '-', 6306, 404292.59, 5122610.97, 1528.52);
insert into STATION values (3887, '-', 6306, 404292.31, 5122609.72, 1528.42);
insert into STATION values (3888, '4', 6306, 404290.94, 5122607.47, 1528.70);
insert into STATION values (3889, '5', 6306, 404291.20, 5122607.78, 1528.72);
insert into STATION values (3890, '0', 6347, 404291.20, 5122607.78, 1528.72);
insert into STATION values (3891, '-', 6347, 404290.79, 5122606.85, 1528.82);
insert into STATION values (3892, '-', 6347, 404291.20, 5122607.75, 1529.17);
insert into STATION values (3893, '-', 6347, 404292.77, 5122609.37, 1528.83);
insert into STATION values (3894, '-', 6347, 404291.29, 5122607.81, 1527.88);
insert into STATION values (3895, '1', 6347, 404296.10, 5122599.21, 1530.18);
insert into STATION values (3896, '-', 6347, 404296.28, 5122599.13, 1530.93);
insert into STATION values (3897, '-', 6347, 404295.41, 5122598.85, 1530.20);
insert into STATION values (3898, '-', 6347, 404298.06, 5122599.52, 1530.25);
insert into STATION values (3899, '-', 6347, 404296.10, 5122599.20, 1529.98);
insert into STATION values (3900, '-', 6347, 404301.89, 5122590.00, 1530.98);
insert into STATION values (3901, '2', 6347, 404301.15, 5122590.41, 1530.69);
insert into STATION values (3902, '-', 6347, 404300.80, 5122589.47, 1530.75);
insert into STATION values (3903, '-', 6347, 404301.22, 5122590.36, 1531.44);
insert into STATION values (3904, '-', 6347, 404302.68, 5122591.30, 1530.69);
insert into STATION values (3905, '-', 6347, 404301.26, 5122590.35, 1529.77);
insert into STATION values (3906, '3', 6347, 404307.09, 5122587.33, 1532.11);
insert into STATION values (3907, '-', 6347, 404305.89, 5122586.01, 1533.10);
insert into STATION values (3908, '-', 6347, 404305.22, 5122585.40, 1532.56);
insert into STATION values (3909, '-', 6347, 404305.95, 5122586.15, 1531.64);
insert into STATION values (3910, '4', 6347, 404307.40, 5122582.41, 1532.40);
insert into STATION values (3911, '-', 6347, 404306.65, 5122582.55, 1532.85);
insert into STATION values (3912, '-', 6347, 404305.62, 5122582.87, 1532.34);
insert into STATION values (3913, '-', 6347, 404306.77, 5122582.70, 1531.14);
insert into STATION values (3914, '5', 6347, 404302.85, 5122578.16, 1531.13);
insert into STATION values (3915, '-', 6347, 404302.00, 5122577.17, 1531.27);
insert into STATION values (3916, '-', 6347, 404299.84, 5122584.01, 1531.22);
insert into STATION values (3917, '-', 6347, 404302.69, 5122578.63, 1532.88);
insert into STATION values (3918, '-', 6347, 404303.64, 5122580.01, 1531.34);
insert into STATION values (3919, '-', 6347, 404302.91, 5122578.19, 1529.85);
insert into STATION values (3920, '6', 6347, 404305.52, 5122573.51, 1531.49);
insert into STATION values (3921, '-', 6347, 404304.68, 5122573.32, 1532.61);
insert into STATION values (3922, '-', 6347, 404303.39, 5122573.19, 1531.63);
insert into STATION values (3923, '-', 6347, 404304.79, 5122573.48, 1530.26);
insert into STATION values (3924, '7', 6347, 404296.07, 5122564.81, 1519.43);
insert into STATION values (3925, '-', 6347, 404294.98, 5122567.92, 1518.82);
insert into STATION values (3926, '-', 6347, 404294.88, 5122567.90, 1518.82);
insert into STATION values (3927, '8', 6347, 404295.32, 5122568.20, 1518.62);
insert into STATION values (3928, '1', 6368, 404111.14, 5122366.68, 1432.72);
insert into STATION values (3929, '2', 6368, 404115.24, 5122364.49, 1426.31);
insert into STATION values (3930, '3', 6368, 404111.53, 5122359.22, 1425.32);
insert into STATION values (3931, '4', 6368, 404118.15, 5122353.65, 1427.67);
insert into STATION values (3932, '5', 6368, 404116.96, 5122357.26, 1427.43);
insert into STATION values (3933, '6', 6368, 404120.60, 5122353.90, 1427.05);
insert into STATION values (3934, '7', 6368, 404117.89, 5122356.06, 1428.32);
insert into STATION values (3935, '8', 6368, 404115.77, 5122359.12, 1428.06);
insert into STATION values (3936, '9', 6368, 404116.07, 5122360.08, 1427.65);
insert into STATION values (3937, '10', 6368, 404115.78, 5122361.28, 1426.97);
insert into STATION values (3938, '11', 6368, 404114.07, 5122361.17, 1425.34);
insert into STATION values (3939, '12', 6368, 404114.38, 5122361.39, 1422.84);
insert into STATION values (3940, '13', 6368, 404113.72, 5122362.40, 1421.58);
insert into STATION values (3941, '14', 6368, 404114.94, 5122363.73, 1426.96);
insert into STATION values (3942, '15', 6368, 404110.56, 5122352.74, 1425.06);
insert into STATION values (3943, '16', 6368, 404107.97, 5122349.25, 1423.74);
insert into STATION values (3944, '17', 6368, 404107.26, 5122345.79, 1422.25);
insert into STATION values (3945, '18', 6368, 404107.26, 5122345.79, 1413.75);
insert into STATION values (3946, '19', 6368, 404103.58, 5122348.32, 1413.20);
insert into STATION values (3947, '20', 6368, 404105.11, 5122351.12, 1424.47);
insert into STATION values (3948, '21', 6368, 404107.73, 5122352.37, 1422.80);
insert into STATION values (3949, '22', 6368, 404105.12, 5122350.97, 1424.02);
insert into STATION values (3950, '23', 6368, 404105.42, 5122351.25, 1424.16);
insert into STATION values (3951, '24', 6368, 404105.20, 5122350.23, 1422.92);
insert into STATION values (3952, '25', 6368, 404113.23, 5122351.95, 1425.31);
insert into STATION values (3953, '26', 6368, 404115.36, 5122351.97, 1426.80);
insert into STATION values (3954, '27', 6368, 404116.92, 5122353.29, 1426.94);
insert into STATION values (3955, '1', 6372, 404103.58, 5122348.32, 1413.20);
insert into STATION values (3956, '2', 6372, 404103.58, 5122348.32, 1403.50);
insert into STATION values (3957, '3', 6372, 404104.25, 5122346.98, 1403.87);
insert into STATION values (3958, '4', 6372, 404104.25, 5122346.98, 1398.97);
insert into STATION values (3959, '1', 6376, 404093.26, 5122322.93, 1349.02);
insert into STATION values (3960, '2', 6376, 404094.46, 5122322.73, 1347.52);
insert into STATION values (3961, '3', 6376, 404098.70, 5122325.32, 1343.77);
insert into STATION values (3962, '4', 6376, 404099.37, 5122329.29, 1343.84);
insert into STATION values (3963, '5', 6376, 404101.19, 5122329.24, 1344.00);
insert into STATION values (3964, '6', 6376, 404097.53, 5122331.15, 1345.18);
insert into STATION values (3965, '7', 6376, 404095.59, 5122338.65, 1348.31);
insert into STATION values (3966, '8', 6376, 404095.22, 5122339.28, 1349.36);
insert into STATION values (3967, '9', 6376, 404098.57, 5122346.29, 1348.27);
insert into STATION values (3968, '10', 6376, 404098.83, 5122346.73, 1352.35);
insert into STATION values (3969, '11', 6376, 404099.18, 5122346.07, 1353.75);
insert into STATION values (3970, '12', 6376, 404098.74, 5122346.49, 1355.50);
insert into STATION values (3971, '13', 6376, 404099.87, 5122348.57, 1356.00);
insert into STATION values (3972, '14', 6376, 404099.04, 5122350.11, 1356.86);
insert into STATION values (3973, '15', 6376, 404099.04, 5122350.11, 1364.45);
insert into STATION values (3974, '16', 6376, 404102.73, 5122347.06, 1366.48);
insert into STATION values (3975, '17', 6376, 404102.59, 5122347.80, 1366.58);
insert into STATION values (3976, '18', 6376, 404102.59, 5122347.80, 1396.01);
insert into STATION values (3977, '19', 6376, 404104.25, 5122346.98, 1398.97);
insert into STATION values (3978, '1', 6386, 404251.27, 5122750.69, 1777.42);
insert into STATION values (3979, '2', 6386, 404251.36, 5122750.61, 1785.24);
insert into STATION values (3980, '3', 6386, 404249.11, 5122751.51, 1785.21);
insert into STATION values (3981, '4', 6386, 404248.90, 5122753.04, 1784.75);
insert into STATION values (3982, '5', 6386, 404248.67, 5122755.26, 1785.98);
insert into STATION values (3983, '6', 6386, 404247.55, 5122756.50, 1786.51);
insert into STATION_FLAG values(3983, 'fix');
insert into STATION values (3984, '1', 6406, 404247.55, 5122756.50, 1786.51);
insert into STATION values (3985, '2', 6406, 404245.64, 5122759.87, 1786.03);
insert into STATION values (3986, '3', 6406, 404245.04, 5122761.33, 1786.01);
insert into STATION values (3987, '4', 6406, 404242.67, 5122764.78, 1786.75);
insert into STATION values (3988, '5', 6406, 404242.67, 5122764.78, 1797.71);
insert into STATION values (3989, '1', 6423, 404251.27, 5122750.69, 1777.42);
insert into STATION values (3990, '2', 6423, 404252.68, 5122750.12, 1778.42);
insert into STATION values (3991, '3', 6423, 404252.23, 5122747.01, 1778.88);
insert into STATION values (3992, '4', 6423, 404254.30, 5122744.81, 1779.26);
insert into STATION values (3993, '5', 6423, 404254.24, 5122741.91, 1777.28);
insert into STATION values (3994, '6', 6423, 404254.19, 5122741.96, 1773.02);
insert into STATION values (3995, '7', 6423, 404254.39, 5122739.62, 1772.59);
insert into STATION values (3996, '8', 6423, 404255.67, 5122737.27, 1771.45);
insert into STATION values (3997, '9', 6423, 404255.67, 5122737.27, 1741.45);
insert into STATION values (3998, '10', 6423, 404254.37, 5122735.14, 1737.12);
insert into STATION values (3999, '11', 6423, 404253.63, 5122734.07, 1737.12);
insert into STATION values (4000, '12', 6423, 404253.63, 5122734.07, 1729.76);
insert into STATION values (4001, '13', 6423, 404249.11, 5122730.61, 1729.95);
insert into STATION values (4002, '14', 6423, 404249.11, 5122730.61, 1726.85);
insert into STATION values (4003, '15', 6423, 404252.08, 5122729.94, 1726.85);
insert into STATION values (4004, '16', 6423, 404252.08, 5122729.94, 1710.80);
insert into STATION values (4005, '1', 6488, 404247.44, 5122734.26, 1756.02);
insert into STATION values (4006, '2', 6488, 404249.22, 5122734.24, 1756.41);
insert into STATION values (4007, '3', 6488, 404247.01, 5122733.09, 1755.58);
insert into STATION values (4008, '4', 6488, 404249.93, 5122734.50, 1756.58);
insert into STATION values (4009, '5', 6488, 404252.12, 5122735.30, 1757.18);
insert into STATION values (4010, '6', 6488, 404255.46, 5122737.46, 1757.58);
insert into STATION values (4011, '7', 6488, 404255.67, 5122737.27, 1771.45);
insert into STATION values (4012, '1', 6505, 404233.25, 5122719.61, 1698.09);
insert into STATION values (4013, '2', 6505, 404229.69, 5122716.07, 1694.45);
insert into STATION values (4014, '3', 6505, 404237.68, 5122721.85, 1701.20);
insert into STATION values (4015, '4', 6505, 404241.25, 5122728.79, 1709.28);
insert into STATION values (4016, '5', 6505, 404241.25, 5122728.79, 1730.22);
insert into STATION values (4017, '6', 6505, 404242.77, 5122728.72, 1732.31);
insert into STATION values (4018, '1', 6522, 404242.77, 5122728.72, 1732.31);
insert into STATION values (4019, '2', 6522, 404245.90, 5122731.15, 1735.05);
insert into STATION values (4020, '3', 6522, 404246.12, 5122730.97, 1748.86);
insert into STATION values (4021, '4', 6522, 404247.59, 5122731.84, 1752.07);
insert into STATION values (4022, '5', 6522, 404247.01, 5122733.09, 1755.58);
insert into STATION values (4023, '1', 6546, 404197.51, 5122850.08, 1736.00);
insert into STATION_FLAG values(4023, 'fix');
insert into STATION values (4024, '2', 6546, 404213.44, 5122851.95, 1736.92);
insert into STATION values (4025, '3', 6546, 404216.44, 5122856.39, 1737.69);
insert into STATION values (4026, '4', 6546, 404221.82, 5122851.11, 1738.50);
insert into STATION values (4027, '5', 6546, 404226.94, 5122846.42, 1739.50);
insert into STATION values (4028, '6', 6546, 404230.38, 5122850.00, 1740.74);
insert into STATION values (4029, '7', 6546, 404230.42, 5122850.02, 1739.17);
insert into STATION values (4030, '8', 6546, 404234.45, 5122850.45, 1740.34);
insert into STATION values (4031, '9', 6546, 404237.74, 5122848.31, 1740.57);
insert into STATION values (4032, '10', 6546, 404240.55, 5122850.38, 1740.42);
insert into STATION values (4033, '11', 6546, 404242.72, 5122849.79, 1738.55);
insert into STATION values (4034, '12', 6546, 404243.28, 5122846.68, 1736.82);
insert into STATION values (4035, '13', 6546, 404243.40, 5122846.72, 1726.76);
insert into STATION values (4036, '14', 6546, 404249.91, 5122838.16, 1731.04);
insert into STATION values (4037, '15', 6546, 404253.67, 5122834.80, 1730.73);
insert into STATION values (4038, '16', 6546, 404253.88, 5122834.88, 1716.56);
insert into STATION values (4039, '17', 6546, 404260.14, 5122829.90, 1721.67);
insert into STATION values (4040, '18', 6546, 404265.38, 5122827.24, 1715.67);
insert into STATION values (4041, '19', 6546, 404272.67, 5122825.40, 1720.25);
insert into STATION values (4042, '20', 6546, 404274.01, 5122822.55, 1720.83);
insert into STATION values (4043, '21', 6546, 404274.13, 5122822.59, 1711.46);
insert into STATION values (4044, '22', 6546, 404278.48, 5122821.31, 1722.45);
insert into STATION values (4045, '23', 6546, 404285.28, 5122819.34, 1730.27);
insert into STATION values (4046, '24', 6546, 404288.62, 5122814.96, 1729.53);
insert into STATION values (4047, '25', 6546, 404288.62, 5122814.96, 1719.53);
insert into STATION values (4048, '26', 6546, 404295.41, 5122809.21, 1727.21);
insert into STATION values (4049, '27', 6546, 404302.74, 5122806.97, 1726.98);
insert into STATION values (4050, '27', 6625, 404302.74, 5122806.97, 1726.98);
insert into STATION values (4051, '28', 6625, 404301.81, 5122801.66, 1727.75);
insert into STATION values (4052, '29', 6625, 404306.73, 5122797.88, 1718.56);
insert into STATION values (4053, '30', 6625, 404310.12, 5122795.13, 1717.41);
insert into STATION values (4054, '31', 6625, 404313.13, 5122790.64, 1717.52);
insert into STATION values (4055, '32', 6625, 404314.38, 5122790.52, 1718.04);
insert into STATION values (4056, '33', 6625, 404315.44, 5122786.45, 1717.52);
insert into STATION values (4057, '34', 6625, 404315.41, 5122783.75, 1714.62);
insert into STATION values (4058, '35', 6625, 404316.10, 5122775.68, 1711.96);
insert into STATION values (4059, '36', 6625, 404314.95, 5122772.56, 1704.66);
insert into STATION values (4060, '37', 6625, 404315.22, 5122772.10, 1698.62);
insert into STATION values (4061, '37', 6676, 404315.22, 5122772.10, 1698.62);
insert into STATION values (4062, '38', 6676, 404315.96, 5122766.97, 1702.92);
insert into STATION values (4063, '39', 6676, 404315.28, 5122761.34, 1702.85);
insert into STATION values (4064, '40', 6676, 404316.43, 5122757.84, 1698.05);
insert into STATION values (4065, '41', 6676, 404316.60, 5122754.55, 1698.55);
insert into STATION values (4066, '42', 6676, 404316.89, 5122749.40, 1693.22);
insert into STATION values (4067, '43', 6676, 404314.92, 5122749.91, 1688.54);
insert into STATION values (4068, '44', 6676, 404312.87, 5122743.16, 1690.37);
insert into STATION values (4069, '1', 6712, 404312.87, 5122743.16, 1690.37);
insert into STATION values (4070, '2', 6712, 404312.13, 5122740.20, 1689.73);
insert into STATION values (4071, '3', 6712, 404310.75, 5122739.36, 1688.75);
insert into STATION values (4072, '4', 6712, 404309.78, 5122736.23, 1688.36);
insert into STATION values (4073, '5', 6712, 404307.16, 5122736.64, 1688.10);
insert into STATION values (4074, '6', 6712, 404304.02, 5122736.80, 1687.20);
insert into STATION values (4075, '7', 6712, 404304.07, 5122736.82, 1684.53);
insert into STATION values (4076, '8', 6712, 404302.11, 5122736.78, 1686.46);
insert into STATION values (4077, '9', 6712, 404296.98, 5122736.59, 1686.12);
insert into STATION values (4078, '10', 6712, 404293.77, 5122735.24, 1686.09);
insert into STATION values (4079, '11', 6712, 404293.64, 5122733.32, 1685.89);
insert into STATION values (4080, '12', 6712, 404291.70, 5122735.30, 1687.05);
insert into STATION values (4081, '13', 6712, 404291.38, 5122737.79, 1686.59);
insert into STATION values (4082, '14', 6712, 404288.17, 5122741.20, 1686.37);
insert into STATION values (4083, '15', 6712, 404285.22, 5122742.60, 1683.99);
insert into STATION values (4084, '16', 6712, 404285.55, 5122742.72, 1665.93);
insert into STATION values (4085, '1', 6747, 404285.55, 5122742.72, 1665.93);
insert into STATION values (4086, '2', 6747, 404280.02, 5122740.97, 1666.17);
insert into STATION values (4087, '3', 6747, 404278.29, 5122739.66, 1664.26);
insert into STATION values (4088, '4', 6747, 404275.16, 5122739.08, 1665.04);
insert into STATION values (4089, '5', 6747, 404274.74, 5122735.67, 1664.94);
insert into STATION values (4090, '6', 6747, 404272.53, 5122734.55, 1664.78);
insert into STATION values (4091, '7', 6747, 404272.57, 5122734.57, 1662.06);
insert into STATION values (4092, '8', 6747, 404272.11, 5122730.87, 1658.20);
insert into STATION values (4093, '9', 6747, 404277.21, 5122719.69, 1660.55);
insert into STATION values (4094, '10', 6747, 404278.43, 5122715.99, 1659.46);
insert into STATION values (4095, '11', 6747, 404280.80, 5122712.05, 1658.94);
insert into STATION values (4096, '12', 6747, 404284.28, 5122710.49, 1658.70);
insert into STATION values (4097, '13', 6747, 404286.91, 5122708.50, 1659.48);
insert into STATION values (4098, '14', 6747, 404290.07, 5122705.33, 1658.33);
insert into STATION values (4099, '15', 6747, 404291.08, 5122701.33, 1658.50);
insert into STATION values (4100, '16', 6747, 404293.19, 5122699.67, 1657.91);
insert into STATION values (4101, '17', 6747, 404294.73, 5122700.20, 1653.93);
insert into STATION values (4102, '18', 6747, 404297.14, 5122704.86, 1653.33);
insert into STATION values (4103, '19', 6747, 404300.38, 5122702.05, 1652.62);
insert into STATION values (4104, '20', 6747, 404300.09, 5122697.83, 1652.42);
insert into STATION values (4105, '21', 6747, 404302.98, 5122695.79, 1651.77);
insert into STATION values (4106, '22', 6747, 404304.43, 5122693.39, 1652.34);
insert into STATION values (4107, '23', 6747, 404304.23, 5122691.02, 1652.14);
insert into STATION values (4108, '24', 6747, 404302.16, 5122690.52, 1651.28);
insert into STATION values (4109, '25', 6747, 404304.74, 5122686.43, 1649.08);
insert into STATION values (4110, '26', 6747, 404306.46, 5122684.71, 1648.71);
insert into STATION values (4111, '27', 6747, 404306.81, 5122682.53, 1648.01);
insert into STATION values (4112, '28', 6747, 404309.51, 5122678.41, 1645.67);
insert into STATION values (4113, '29', 6747, 404311.89, 5122675.14, 1643.66);
insert into STATION values (4114, '30', 6747, 404308.21, 5122674.86, 1643.49);
insert into STATION values (4115, '31', 6747, 404305.48, 5122675.66, 1642.79);
insert into STATION values (4116, '32', 6747, 404303.53, 5122675.62, 1640.88);
insert into STATION values (4117, '33', 6747, 404301.53, 5122676.66, 1641.43);
insert into STATION values (4118, '34', 6747, 404300.22, 5122675.38, 1640.87);
insert into STATION values (4119, '35', 6747, 404302.06, 5122674.36, 1641.10);
insert into STATION values (4120, '36', 6747, 404299.42, 5122673.31, 1638.93);
insert into STATION values (4121, '37', 6747, 404299.65, 5122671.18, 1637.99);
insert into STATION values (4122, '38', 6747, 404302.22, 5122669.44, 1638.06);
insert into STATION values (4123, '39', 6747, 404305.32, 5122667.84, 1638.57);
insert into STATION values (4124, '40', 6747, 404304.08, 5122666.63, 1637.76);
insert into STATION values (4125, '41', 6747, 404304.63, 5122665.38, 1638.05);
insert into STATION values (4126, '42', 6747, 404302.24, 5122662.03, 1637.19);
insert into STATION values (4127, '43', 6747, 404299.59, 5122658.16, 1636.46);
insert into STATION values (4128, '44', 6747, 404298.74, 5122656.09, 1636.75);
insert into STATION values (4129, '45', 6747, 404298.17, 5122654.74, 1637.25);
insert into STATION values (4130, '46', 6747, 404295.32, 5122655.04, 1637.43);
insert into STATION values (4131, '47', 6747, 404293.43, 5122654.03, 1636.27);
insert into STATION values (4132, '48', 6747, 404291.65, 5122654.66, 1635.18);
insert into STATION values (4133, '49', 6747, 404289.96, 5122651.65, 1631.81);
insert into STATION values (4134, '50', 6747, 404282.63, 5122654.72, 1633.28);
insert into STATION values (4135, '2', 6853, 404279.37, 5122658.24, 1634.05);
insert into STATION values (4136, '1', 6853, 404282.63, 5122654.72, 1633.28);
insert into STATION values (4137, '3', 6853, 404273.17, 5122658.56, 1633.58);
insert into STATION values (4138, '4', 6853, 404266.60, 5122657.33, 1625.04);
insert into STATION values (4139, '5', 6853, 404259.63, 5122647.94, 1618.16);
insert into STATION values (4140, '6', 6853, 404265.23, 5122641.86, 1617.43);
insert into STATION values (4141, '7', 6853, 404260.24, 5122623.47, 1608.13);
insert into STATION values (4142, '8', 6853, 404238.32, 5122626.36, 1611.36);
insert into STATION values (4143, '1', 6889, 404283.80, 5122623.33, 1586.83);
insert into STATION values (4144, '2', 6889, 404284.29, 5122631.80, 1578.64);
insert into STATION values (4145, '3', 6889, 404284.54, 5122631.78, 1601.09);
insert into STATION values (4146, '4', 6889, 404283.69, 5122634.40, 1603.57);
insert into STATION values (4147, '5', 6889, 404280.63, 5122636.51, 1604.14);
insert into STATION values (4148, '6', 6889, 404277.54, 5122636.03, 1607.29);
insert into STATION values (4149, '7', 6889, 404279.29, 5122637.05, 1610.57);
insert into STATION values (4150, '8', 6889, 404274.99, 5122637.60, 1610.16);
insert into STATION values (4151, '9', 6889, 404275.91, 5122639.33, 1616.38);
insert into STATION values (4152, '10', 6889, 404276.86, 5122639.99, 1617.47);
insert into STATION values (4153, '11', 6889, 404277.51, 5122638.85, 1619.53);
insert into STATION values (4154, '12', 6889, 404277.24, 5122639.51, 1620.83);
insert into STATION values (4155, '13', 6889, 404277.14, 5122642.26, 1620.66);
insert into STATION values (4156, '14', 6889, 404276.87, 5122642.87, 1621.26);
insert into STATION values (4157, '15', 6889, 404277.68, 5122643.54, 1623.27);
insert into STATION values (4158, '16', 6889, 404279.14, 5122647.54, 1626.09);
insert into STATION values (4159, '17', 6889, 404279.80, 5122649.70, 1625.67);
insert into STATION values (4160, '18', 6889, 404283.42, 5122650.84, 1626.17);
insert into STATION values (4161, '19', 6889, 404285.41, 5122653.39, 1631.03);
insert into STATION values (4162, '20', 6889, 404282.63, 5122654.72, 1633.28);
insert into STATION values (4163, '1', 6957, 404228.73, 5122660.35, 1604.01);
insert into STATION values (4164, '2', 6957, 404231.68, 5122664.08, 1600.30);
insert into STATION values (4165, '3', 6957, 404228.66, 5122660.39, 1596.84);
insert into STATION values (4166, '4', 6957, 404235.21, 5122658.91, 1606.15);
insert into STATION values (4167, '5', 6957, 404237.64, 5122655.11, 1610.73);
insert into STATION values (4168, '6', 6957, 404237.14, 5122653.22, 1613.75);
insert into STATION values (4169, '7', 6957, 404239.60, 5122651.07, 1615.64);
insert into STATION values (4170, '8', 6957, 404240.01, 5122652.91, 1618.30);
insert into STATION values (4171, '9', 6957, 404242.41, 5122652.63, 1619.93);
insert into STATION values (4172, '10', 6957, 404244.08, 5122649.46, 1620.19);
insert into STATION values (4173, '11', 6957, 404242.60, 5122646.14, 1618.84);
insert into STATION values (4174, '12', 6957, 404243.58, 5122638.96, 1611.74);
insert into STATION values (4175, '13', 6957, 404253.19, 5122625.54, 1610.68);
insert into STATION values (4176, '14', 6957, 404260.24, 5122623.47, 1608.13);
insert into STATION values (4177, '15', 6957, 404263.85, 5122628.52, 1605.38);
insert into STATION values (4178, '16', 6957, 404264.04, 5122630.31, 1602.91);
insert into STATION values (4179, '17', 6957, 404262.26, 5122629.33, 1600.73);
insert into STATION values (4180, '18', 6957, 404259.37, 5122629.45, 1600.02);
insert into STATION values (4181, '19', 6957, 404254.81, 5122627.00, 1598.05);
insert into STATION values (4182, '20', 6957, 404251.22, 5122623.82, 1594.75);
insert into STATION values (4183, '21', 6957, 404247.47, 5122620.10, 1591.93);
insert into STATION values (4184, '22', 6957, 404247.11, 5122620.20, 1589.34);
insert into STATION values (4185, '23', 6957, 404243.37, 5122618.01, 1587.17);
insert into STATION values (4186, '24', 6957, 404245.84, 5122612.92, 1586.30);
insert into STATION values (4187, '25', 6957, 404239.50, 5122611.55, 1589.30);
insert into STATION values (4188, '1', 7018, 404260.46, 5122643.11, 1673.51);
insert into STATION values (4189, '2', 7018, 404259.35, 5122643.56, 1673.58);
insert into STATION values (4190, '3', 7018, 404259.35, 5122643.56, 1643.48);
insert into STATION values (4191, '4', 7018, 404263.10, 5122645.81, 1677.29);
insert into STATION values (4192, '5', 7018, 404267.11, 5122645.86, 1677.92);
insert into STATION values (4193, '6', 7018, 404269.79, 5122649.26, 1678.61);
insert into STATION values (4194, '7', 7018, 404268.60, 5122652.76, 1679.00);
insert into STATION values (4195, '8', 7018, 404273.15, 5122652.18, 1679.56);
insert into STATION values (4196, '9', 7018, 404275.80, 5122654.09, 1680.95);
insert into STATION values (4197, '10', 7018, 404275.06, 5122657.13, 1682.83);
insert into STATION values (4198, '11', 7018, 404277.48, 5122656.04, 1682.88);
insert into STATION values (4199, '12', 7018, 404283.62, 5122659.98, 1684.03);
insert into STATION values (4200, '13', 7018, 404283.62, 5122659.98, 1722.53);
insert into STATION values (4201, '14', 7018, 404289.41, 5122643.70, 1692.00);
insert into STATION values (4202, '15', 7018, 404285.88, 5122647.26, 1691.83);
insert into STATION values (4203, '16', 7018, 404281.25, 5122654.20, 1683.48);
insert into STATION values (4204, '17', 7018, 404286.20, 5122666.62, 1688.31);
insert into STATION values (4205, '18', 7018, 404287.60, 5122669.01, 1688.80);
insert into STATION values (4206, '19', 7018, 404291.43, 5122675.57, 1690.41);
insert into STATION values (4207, '20', 7018, 404293.14, 5122677.40, 1690.90);
insert into STATION values (4208, '21', 7018, 404296.49, 5122672.92, 1691.29);
insert into STATION values (4209, '22', 7018, 404284.25, 5122695.60, 1693.40);
insert into STATION values (4210, '23', 7018, 404284.77, 5122701.20, 1694.70);
insert into STATION values (4211, '24', 7018, 404278.81, 5122709.48, 1696.32);
insert into STATION values (4212, '25', 7018, 404275.11, 5122712.29, 1697.14);
insert into STATION values (4213, '26', 7018, 404275.11, 5122712.29, 1680.39);
insert into STATION values (4214, '27', 7018, 404287.55, 5122700.74, 1695.05);
insert into STATION values (4215, '28', 7018, 404287.62, 5122703.71, 1695.47);
insert into STATION values (4216, '29', 7018, 404291.67, 5122706.73, 1697.31);
insert into STATION values (4217, '30', 7018, 404292.99, 5122710.74, 1698.60);
insert into STATION values (4218, '31', 7018, 404299.15, 5122712.24, 1700.17);
insert into STATION values (4219, '32', 7018, 404298.12, 5122714.28, 1700.41);
insert into STATION values (4220, '33', 7018, 404296.59, 5122715.28, 1696.66);
insert into STATION values (4221, '34', 7018, 404299.18, 5122720.31, 1697.35);
insert into STATION values (4222, '35', 7018, 404296.82, 5122723.85, 1700.11);
insert into STATION values (4223, '36', 7018, 404298.72, 5122729.26, 1701.87);
insert into STATION values (4224, '37', 7018, 404300.27, 5122732.15, 1703.19);
insert into STATION values (4225, '38', 7018, 404298.80, 5122733.36, 1703.67);
insert into STATION values (4226, '39', 7018, 404304.42, 5122759.16, 1710.25);
insert into STATION values (4227, '40', 7018, 404306.91, 5122767.18, 1712.04);
insert into STATION values (4228, '41', 7018, 404308.74, 5122768.22, 1712.64);
insert into STATION values (4229, '42', 7018, 404312.41, 5122776.37, 1714.22);
insert into STATION values (4230, '43', 7018, 404314.72, 5122775.29, 1712.69);
insert into STATION values (4231, '44', 7018, 404316.10, 5122775.68, 1711.96);
insert into STATION values (4232, '45', 7018, 404316.06, 5122781.89, 1713.86);
insert into STATION values (4233, '46', 7018, 404316.41, 5122784.85, 1716.49);
insert into STATION values (4234, '47', 7018, 404316.04, 5122788.78, 1717.75);
insert into STATION values (4235, '48', 7018, 404313.53, 5122790.14, 1716.92);
insert into STATION values (4236, '49', 7018, 404311.58, 5122791.51, 1717.18);
insert into STATION values (4237, '50', 7018, 404309.77, 5122795.09, 1717.64);
insert into STATION values (4238, '51', 7018, 404306.51, 5122797.98, 1718.19);
insert into STATION values (4239, '52', 7018, 404305.98, 5122802.46, 1729.90);
insert into STATION values (4240, '53', 7018, 404302.74, 5122806.97, 1726.98);
insert into STATION values (4241, '0', 7111, 404311.58, 5122791.51, 1717.18);
insert into STATION values (4242, '.', 7111, 404313.49, 5122791.74, 1717.07);
insert into STATION values (4243, '.', 7111, 404313.52, 5122792.12, 1717.21);
insert into STATION values (4244, '.', 7111, 404311.67, 5122793.83, 1717.19);
insert into STATION values (4245, '.', 7111, 404312.51, 5122793.30, 1717.95);
insert into STATION values (4246, '.', 7111, 404312.72, 5122793.35, 1721.12);
insert into STATION values (4247, '.', 7111, 404313.24, 5122791.62, 1718.72);
insert into STATION values (4248, '1', 7111, 404312.58, 5122793.81, 1717.51);
insert into STATION values (4249, '.', 7111, 404313.52, 5122795.91, 1717.95);
insert into STATION values (4250, '.', 7111, 404312.05, 5122794.32, 1717.40);
insert into STATION values (4251, '.', 7111, 404311.14, 5122793.18, 1717.76);
insert into STATION values (4252, '.', 7111, 404313.14, 5122793.10, 1717.58);
insert into STATION values (4253, '.', 7111, 404311.60, 5122791.06, 1717.73);
insert into STATION values (4254, '.', 7111, 404312.80, 5122791.52, 1717.57);
insert into STATION values (4255, '2', 7111, 404313.52, 5122795.79, 1718.10);
insert into STATION values (4256, '.', 7111, 404313.14, 5122796.14, 1718.11);
insert into STATION values (4257, '.', 7111, 404311.12, 5122796.86, 1718.19);
insert into STATION values (4258, '.', 7111, 404312.38, 5122795.74, 1718.13);
insert into STATION values (4259, '.', 7111, 404312.93, 5122795.76, 1718.37);
insert into STATION values (4260, '.', 7111, 404312.59, 5122795.79, 1717.75);
insert into STATION values (4261, '.', 7111, 404312.63, 5122794.60, 1718.03);
insert into STATION values (4262, '.', 7111, 404313.24, 5122794.99, 1718.35);
insert into STATION values (4263, '.', 7111, 404312.08, 5122792.99, 1716.55);
insert into STATION values (4264, '.', 7111, 404313.87, 5122794.94, 1718.39);
insert into STATION values (4265, '.', 7111, 404313.86, 5122794.89, 1718.67);
insert into STATION values (4266, '3', 7111, 404311.22, 5122797.03, 1718.28);
insert into STATION values (4267, '.', 7111, 404311.76, 5122797.38, 1717.90);
insert into STATION values (4268, '.', 7111, 404312.57, 5122797.49, 1718.42);
insert into STATION values (4269, '.', 7111, 404311.81, 5122797.35, 1718.85);
insert into STATION values (4270, '.', 7111, 404311.24, 5122797.11, 1718.48);
insert into STATION values (4271, '.', 7111, 404311.42, 5122796.84, 1718.70);
insert into STATION values (4272, '4', 7111, 404314.85, 5122802.57, 1719.60);
insert into STATION values (4273, '.', 7111, 404318.43, 5122808.00, 1720.94);
insert into STATION values (4274, '4A', 7111, 404318.40, 5122808.00, 1721.00);
insert into STATION values (4275, '.', 7111, 404314.81, 5122804.17, 1720.02);
insert into STATION values (4276, '.', 7111, 404314.28, 5122803.22, 1719.72);
insert into STATION values (4277, '.', 7111, 404313.60, 5122802.58, 1719.52);
insert into STATION values (4278, '.', 7111, 404314.11, 5122802.62, 1719.95);
insert into STATION values (4279, '.', 7111, 404313.82, 5122801.70, 1719.51);
insert into STATION values (4280, '.', 7111, 404314.23, 5122801.58, 1719.73);
insert into STATION values (4281, '.', 7111, 404314.53, 5122802.80, 1720.82);
insert into STATION values (4282, '.', 7111, 404315.57, 5122801.85, 1721.08);
insert into STATION values (4283, '.', 7111, 404314.73, 5122801.72, 1720.46);
insert into STATION values (4284, '.', 7111, 404315.52, 5122802.23, 1721.00);
insert into STATION values (4285, '.', 7111, 404315.27, 5122802.65, 1721.22);
insert into STATION values (4286, '5', 7111, 404318.85, 5122808.07, 1722.69);
insert into STATION values (4287, '.', 7111, 404319.35, 5122808.15, 1724.36);
insert into STATION values (4288, '.', 7111, 404318.59, 5122807.95, 1722.68);
insert into STATION values (4289, '.', 7111, 404317.95, 5122807.84, 1721.74);
insert into STATION values (4290, '.', 7111, 404318.65, 5122808.11, 1721.14);
insert into STATION values (4291, '.', 7111, 404319.31, 5122808.92, 1722.68);
insert into STATION values (4292, '.', 7111, 404318.73, 5122807.55, 1722.05);
insert into STATION values (4293, '.', 7111, 404318.21, 5122811.50, 1723.37);
insert into STATION values (4294, '.', 7111, 404319.20, 5122811.52, 1723.33);
insert into STATION values (4295, '6', 7111, 404318.46, 5122810.25, 1723.12);
insert into STATION values (4296, '.', 7111, 404319.30, 5122810.56, 1723.09);
insert into STATION values (4297, '.', 7111, 404320.28, 5122811.94, 1723.43);
insert into STATION values (4298, '.', 7111, 404318.89, 5122811.43, 1723.34);
insert into STATION values (4299, '.', 7111, 404318.89, 5122811.26, 1723.70);
insert into STATION values (4300, '.', 7111, 404319.02, 5122811.35, 1722.69);
insert into STATION values (4301, '.', 7111, 404317.90, 5122810.88, 1723.19);
insert into STATION values (4302, '.', 7111, 404318.38, 5122811.87, 1723.61);
insert into STATION values (4303, '.', 7111, 404321.19, 5122814.76, 1723.30);
insert into STATION values (4304, '7', 7111, 404321.44, 5122814.15, 1723.38);
insert into STATION values (4305, '.', 7111, 404322.41, 5122813.84, 1723.97);
insert into STATION values (4306, '.', 7111, 404321.39, 5122813.87, 1723.61);
insert into STATION values (4307, '.', 7111, 404321.76, 5122814.71, 1723.88);
insert into STATION values (4308, '8', 7111, 404321.51, 5122814.12, 1724.06);
insert into STATION values (4309, '.', 7111, 404321.60, 5122814.07, 1724.75);
insert into STATION values (4310, '.', 7111, 404321.91, 5122814.89, 1724.87);
insert into STATION values (4311, '.', 7111, 404322.41, 5122815.72, 1724.20);
insert into STATION values (4312, '.', 7111, 404321.51, 5122815.10, 1724.28);
insert into STATION values (4313, '.', 7111, 404322.95, 5122815.04, 1724.47);
insert into STATION values (4314, '.', 7111, 404322.49, 5122814.07, 1724.25);
insert into STATION values (4315, '.', 7111, 404321.07, 5122814.28, 1724.16);
insert into STATION values (4316, '9', 7111, 404324.20, 5122820.91, 1725.82);
insert into STATION values (4317, '.', 7111, 404323.98, 5122822.03, 1727.32);
insert into STATION values (4318, '.', 7111, 404322.72, 5122821.96, 1726.90);
insert into STATION values (4319, '.', 7111, 404324.87, 5122821.40, 1727.34);
insert into STATION values (4320, '.', 7111, 404325.28, 5122820.91, 1726.53);
insert into STATION values (4321, '.', 7111, 404324.78, 5122820.43, 1726.19);
insert into STATION values (4322, '.', 7111, 404323.81, 5122820.40, 1726.20);
insert into STATION values (4323, '.', 7111, 404324.29, 5122820.27, 1726.08);
insert into STATION values (4324, '.', 7111, 404323.50, 5122823.06, 1725.83);
insert into STATION values (4325, '.', 7111, 404324.46, 5122821.69, 1725.98);
insert into STATION values (4326, '10', 7111, 404324.51, 5122825.77, 1726.68);
insert into STATION values (4327, '.', 7111, 404323.30, 5122825.07, 1726.96);
insert into STATION values (4328, '.', 7111, 404324.11, 5122825.18, 1727.80);
insert into STATION values (4329, '.', 7111, 404324.13, 5122824.96, 1728.71);
insert into STATION values (4330, '.', 7111, 404325.27, 5122825.52, 1727.17);
insert into STATION values (4331, '.', 7111, 404324.66, 5122824.66, 1727.35);
insert into STATION values (4332, '.', 7111, 404324.50, 5122825.57, 1727.69);
insert into STATION values (4333, '.', 7111, 404322.52, 5122826.12, 1727.38);
insert into STATION values (4334, '.', 7111, 404321.74, 5122827.49, 1728.18);
insert into STATION values (4335, '.', 7111, 404321.75, 5122826.94, 1728.12);
insert into STATION values (4336, '11', 7111, 404321.90, 5122826.83, 1728.08);
insert into STATION values (4337, '.', 7111, 404319.36, 5122828.11, 1729.44);
insert into STATION values (4338, '.', 7111, 404322.83, 5122826.27, 1728.19);
insert into STATION values (4339, '.', 7111, 404323.21, 5122827.22, 1728.26);
insert into STATION values (4340, '.', 7111, 404321.78, 5122827.20, 1728.66);
insert into STATION values (4341, '.', 7111, 404322.20, 5122827.13, 1728.62);
insert into STATION values (4342, '.', 7111, 404323.97, 5122826.43, 1728.81);
insert into STATION values (4343, '.', 7111, 404324.43, 5122826.55, 1728.72);
insert into STATION values (4344, '.', 7111, 404323.47, 5122826.11, 1728.61);
insert into STATION values (4345, '.', 7111, 404323.75, 5122825.98, 1728.71);
insert into STATION values (4346, '11A', 7111, 404323.78, 5122825.97, 1728.71);
insert into STATION values (4347, '.', 7111, 404323.49, 5122826.10, 1728.62);
insert into STATION values (4348, '.', 7111, 404322.43, 5122827.07, 1728.27);
insert into STATION values (4349, '.', 7111, 404322.09, 5122827.73, 1728.26);
insert into STATION values (4350, '12', 7111, 404325.47, 5122827.63, 1729.31);
insert into STATION values (4351, '.', 7111, 404327.17, 5122829.24, 1730.04);
insert into STATION values (4352, '.', 7111, 404326.09, 5122827.67, 1729.45);
insert into STATION values (4353, '.', 7111, 404326.23, 5122828.03, 1730.35);
insert into STATION values (4354, '.', 7111, 404326.67, 5122826.85, 1729.63);
insert into STATION values (4355, '.', 7111, 404326.12, 5122827.32, 1730.20);
insert into STATION values (4356, '.', 7111, 404325.53, 5122826.82, 1729.66);
insert into STATION values (4357, '.', 7111, 404325.55, 5122826.83, 1729.67);
insert into STATION values (4358, '.', 7111, 404325.52, 5122826.83, 1729.67);
insert into STATION values (4359, '.', 7111, 404326.26, 5122830.18, 1730.28);
insert into STATION values (4360, '.', 7111, 404327.28, 5122830.30, 1730.82);
insert into STATION values (4361, '.', 7111, 404326.18, 5122828.27, 1729.76);
insert into STATION values (4362, '.', 7111, 404326.62, 5122829.95, 1729.81);
insert into STATION values (4363, '13', 7111, 404328.36, 5122831.85, 1731.15);
insert into STATION values (4364, '.', 7111, 404331.32, 5122836.13, 1733.00);
insert into STATION values (4365, '.', 7111, 404328.59, 5122831.72, 1731.56);
insert into STATION values (4366, '.', 7111, 404329.66, 5122831.76, 1731.33);
insert into STATION values (4367, '.', 7111, 404329.22, 5122831.40, 1731.18);
insert into STATION values (4368, '.', 7111, 404328.68, 5122831.31, 1731.56);
insert into STATION values (4369, '.', 7111, 404331.83, 5122829.93, 1731.63);
insert into STATION values (4370, '.', 7111, 404332.82, 5122830.58, 1731.69);
insert into STATION values (4371, '13A', 7111, 404332.84, 5122830.55, 1731.67);
insert into STATION values (4372, '.', 7111, 404330.75, 5122831.16, 1731.42);
insert into STATION values (4373, '.', 7111, 404331.08, 5122831.06, 1731.46);
insert into STATION values (4374, '13B', 7111, 404335.56, 5122829.76, 1731.99);
insert into STATION values (4375, '14', 7111, 404340.05, 5122828.45, 1732.54);
insert into STATION values (4376, '.', 7111, 404340.45, 5122828.13, 1733.01);
insert into STATION values (4377, '.', 7111, 404340.56, 5122828.49, 1732.99);
insert into STATION values (4378, '.', 7111, 404339.72, 5122828.09, 1732.64);
insert into STATION values (4379, '.', 7111, 404340.08, 5122828.20, 1732.30);
insert into STATION values (4380, '.', 7111, 404340.75, 5122827.69, 1733.14);
insert into STATION values (4381, '15', 7111, 404342.31, 5122826.48, 1733.10);
insert into STATION values (4382, '.', 7111, 404343.27, 5122827.41, 1733.05);
insert into STATION values (4383, '.', 7111, 404342.61, 5122826.82, 1732.68);
insert into STATION values (4384, '.', 7111, 404343.43, 5122826.49, 1733.20);
insert into STATION values (4385, '.', 7111, 404342.27, 5122826.55, 1732.58);
insert into STATION values (4386, '.', 7111, 404341.67, 5122827.46, 1733.12);
insert into STATION values (4387, '.', 7111, 404344.48, 5122830.35, 1734.95);
insert into STATION values (4388, '15A', 7111, 404344.45, 5122830.37, 1734.95);
insert into STATION values (4389, '.', 7111, 404345.60, 5122832.54, 1735.94);
insert into STATION values (4390, '16', 7111, 404346.59, 5122834.25, 1736.78);
insert into STATION values (4391, '.', 7111, 404346.36, 5122833.45, 1737.11);
insert into STATION values (4392, '.', 7111, 404346.57, 5122834.09, 1737.51);
insert into STATION values (4393, '.', 7111, 404345.57, 5122833.86, 1737.34);
insert into STATION values (4394, '.', 7111, 404345.46, 5122835.32, 1737.71);
insert into STATION values (4395, '.', 7111, 404346.58, 5122835.74, 1738.59);
insert into STATION values (4396, '.', 7111, 404347.73, 5122836.57, 1738.79);
insert into STATION values (4397, '.', 7111, 404347.51, 5122835.96, 1736.20);
insert into STATION values (4398, '.', 7111, 404347.10, 5122836.30, 1735.33);
insert into STATION values (4399, '.', 7111, 404346.51, 5122834.93, 1736.07);
insert into STATION values (4400, '.', 7111, 404348.66, 5122836.14, 1737.79);
insert into STATION values (4401, '17', 7111, 404347.95, 5122835.59, 1738.88);
insert into STATION values (4402, '.', 7111, 404348.00, 5122835.53, 1736.55);
insert into STATION values (4403, '.', 7111, 404348.13, 5122834.45, 1738.71);
insert into STATION values (4404, '.', 7111, 404347.67, 5122836.53, 1738.92);
insert into STATION values (4405, '.', 7111, 404350.28, 5122840.41, 1744.90);
insert into STATION values (4406, '.', 7111, 404350.50, 5122840.99, 1745.54);
insert into STATION values (4407, '18', 7111, 404350.16, 5122840.43, 1744.77);
insert into STATION values (4408, '.', 7111, 404351.84, 5122832.29, 1742.13);
insert into STATION values (4409, '.', 7111, 404352.14, 5122831.86, 1742.43);
insert into STATION values (4410, '19', 7111, 404354.38, 5122836.78, 1748.46);
insert into STATION values (4411, '.', 7111, 404350.66, 5122833.21, 1741.28);
insert into STATION values (4412, '.', 7111, 404352.09, 5122832.02, 1742.59);
insert into STATION values (4413, '0', 7168, 404232.53, 5122632.70, 1619.59);
insert into STATION values (4414, '-', 7168, 404236.79, 5122625.31, 1641.94);
insert into STATION values (4415, '-', 7168, 404220.71, 5122619.17, 1621.80);
insert into STATION values (4416, '-', 7168, 404229.90, 5122634.49, 1619.84);
insert into STATION values (4417, '-', 7168, 404245.61, 5122645.41, 1620.45);
insert into STATION values (4418, '1', 7168, 404256.64, 5122645.35, 1637.27);
insert into STATION values (4419, '-', 7168, 404278.85, 5122656.50, 1659.26);
insert into STATION values (4420, '-', 7168, 404256.38, 5122659.28, 1636.25);
insert into STATION values (4421, '-', 7168, 404254.57, 5122658.04, 1652.60);
insert into STATION values (4422, '-', 7168, 404251.03, 5122628.22, 1639.26);
insert into STATION values (4423, '-', 7168, 404234.83, 5122635.83, 1636.44);
insert into STATION values (4424, '-', 7168, 404246.80, 5122650.43, 1636.67);
insert into STATION values (4425, '-', 7168, 404249.32, 5122647.49, 1622.74);
insert into STATION values (4426, '-', 7168, 404245.16, 5122631.38, 1614.86);
insert into STATION values (4427, '-', 7168, 404237.06, 5122641.41, 1621.38);
insert into STATION values (4428, '2', 7168, 404257.50, 5122645.89, 1667.04);
insert into STATION values (4429, '-', 7168, 404257.60, 5122646.16, 1675.01);
insert into STATION values (4430, '-', 7168, 404257.84, 5122652.16, 1667.53);
insert into STATION values (4431, '-', 7168, 404257.32, 5122653.98, 1676.45);
insert into STATION values (4432, '-', 7168, 404251.63, 5122650.79, 1695.77);
insert into STATION values (4433, '-', 7168, 404252.87, 5122643.34, 1691.70);
insert into STATION values (4434, '-', 7168, 404255.32, 5122639.34, 1672.38);
insert into STATION values (4435, '-', 7168, 404246.18, 5122637.46, 1672.38);
insert into STATION values (4436, '-', 7168, 404257.07, 5122645.86, 1667.10);
insert into STATION values (4437, '-', 7168, 404254.95, 5122641.52, 1663.48);
insert into STATION values (4438, '-', 7168, 404252.02, 5122653.36, 1640.74);
insert into STATION values (4439, '-', 7168, 404248.80, 5122652.21, 1658.70);
insert into STATION values (4440, '-', 7168, 404257.58, 5122645.85, 1667.60);
insert into STATION values (4441, '3', 7168, 404258.11, 5122645.44, 1673.46);
insert into STATION values (4442, '-', 7168, 404257.80, 5122645.62, 1673.84);
insert into STATION values (4443, '-', 7168, 404264.11, 5122646.07, 1677.41);
insert into STATION values (4444, '-', 7168, 404258.77, 5122646.20, 1673.61);
insert into STATION values (4445, '-', 7168, 404247.58, 5122646.83, 1669.59);
insert into STATION values (4446, '-', 7168, 404242.82, 5122648.37, 1648.15);
insert into STATION values (4447, '-', 7168, 404249.72, 5122654.38, 1656.95);
insert into STATION values (4448, '-', 7168, 404244.34, 5122648.15, 1631.53);
insert into STATION values (4449, '4', 7168, 404260.56, 5122644.67, 1674.31);
insert into STATION values (4450, '-', 7168, 404260.45, 5122644.25, 1674.36);
insert into STATION values (4451, '-', 7168, 404259.39, 5122645.19, 1674.60);
insert into STATION values (4452, '-', 7168, 404247.73, 5122648.35, 1669.13);
insert into STATION values (4453, '-', 7168, 404247.78, 5122648.90, 1666.59);
insert into STATION values (4454, '-', 7168, 404258.43, 5122644.81, 1673.51);
insert into STATION values (4455, '-', 7168, 404258.69, 5122645.91, 1673.58);
insert into STATION values (4456, '-', 7168, 404259.83, 5122646.74, 1675.32);
insert into STATION values (4457, '-', 7168, 404260.47, 5122645.58, 1675.28);
insert into STATION values (4458, '-', 7168, 404264.33, 5122646.40, 1677.87);
insert into STATION values (4459, '-', 7168, 404262.59, 5122646.29, 1677.59);
insert into STATION values (4460, '-', 7168, 404262.41, 5122646.72, 1675.25);
insert into STATION values (4461, '-', 7168, 404260.74, 5122645.05, 1674.41);
insert into STATION values (4462, '5', 7168, 404263.94, 5122646.61, 1678.29);
insert into STATION values (4463, '-', 7168, 404263.44, 5122646.10, 1678.16);
insert into STATION values (4464, '-', 7168, 404263.46, 5122644.98, 1679.13);
insert into STATION values (4465, '-', 7168, 404263.96, 5122646.47, 1679.35);
insert into STATION values (4466, '-', 7168, 404265.56, 5122648.71, 1678.96);
insert into STATION values (4467, '-', 7168, 404265.52, 5122647.90, 1677.01);
insert into STATION values (4468, '-', 7168, 404261.05, 5122645.69, 1673.39);
insert into STATION values (4469, '-', 7168, 404260.94, 5122645.96, 1675.74);
insert into STATION values (4470, '-', 7168, 404242.54, 5122642.39, 1657.59);
insert into STATION values (4471, '-', 7168, 404265.54, 5122645.04, 1678.66);
insert into STATION values (4472, '6', 7168, 404266.74, 5122645.79, 1678.54);
insert into STATION values (4473, '-', 7168, 404266.98, 5122645.69, 1678.94);
insert into STATION values (4474, '-', 7168, 404266.93, 5122645.18, 1678.79);
insert into STATION values (4475, '-', 7168, 404266.50, 5122646.53, 1678.53);
insert into STATION values (4476, '-', 7168, 404266.67, 5122646.18, 1678.25);
insert into STATION values (4477, '-', 7168, 404268.68, 5122646.53, 1679.01);
insert into STATION values (4478, '-', 7168, 404264.45, 5122645.56, 1679.08);
insert into STATION values (4479, '7', 7168, 404269.15, 5122650.17, 1679.17);
insert into STATION values (4480, '-', 7168, 404269.09, 5122650.31, 1679.36);
insert into STATION values (4481, '-', 7168, 404267.53, 5122649.90, 1679.04);
insert into STATION values (4482, '-', 7168, 404267.82, 5122651.12, 1679.53);
insert into STATION values (4483, '-', 7168, 404269.67, 5122648.89, 1679.32);
insert into STATION values (4484, '-', 7168, 404269.34, 5122647.75, 1678.74);
insert into STATION values (4485, '-', 7168, 404268.88, 5122649.00, 1679.07);
insert into STATION values (4486, '-', 7168, 404268.00, 5122654.31, 1679.84);
insert into STATION values (4487, '8', 7168, 404268.36, 5122652.74, 1679.51);
insert into STATION values (4488, '-', 7168, 404269.72, 5122654.68, 1680.13);
insert into STATION values (4489, '-', 7168, 404269.07, 5122652.98, 1681.07);
insert into STATION values (4490, '-', 7168, 404268.15, 5122652.48, 1680.19);
insert into STATION values (4491, '-', 7168, 404266.98, 5122652.52, 1679.60);
insert into STATION values (4492, '-', 7168, 404267.91, 5122653.08, 1679.67);
insert into STATION values (4493, '-', 7168, 404268.39, 5122652.76, 1679.33);
insert into STATION values (4494, '-', 7168, 404269.19, 5122648.33, 1678.78);
insert into STATION values (4495, '-', 7168, 404270.69, 5122652.13, 1680.56);
insert into STATION values (4496, '-', 7168, 404273.05, 5122652.41, 1680.77);
insert into STATION values (4497, '9', 7168, 404276.01, 5122653.62, 1681.27);
insert into STATION values (4498, '-', 7168, 404277.97, 5122654.06, 1681.99);
insert into STATION values (4499, '-', 7168, 404276.56, 5122654.69, 1681.94);
insert into STATION values (4500, '-', 7168, 404276.06, 5122654.07, 1682.00);
insert into STATION values (4501, '-', 7168, 404275.41, 5122655.46, 1681.69);
insert into STATION values (4502, '-', 7168, 404274.92, 5122654.52, 1681.67);
insert into STATION values (4503, '-', 7168, 404274.36, 5122653.65, 1681.12);
insert into STATION values (4504, '-', 7168, 404272.37, 5122652.98, 1680.11);
insert into STATION values (4505, '-', 7168, 404273.68, 5122652.76, 1680.04);
insert into STATION values (4506, '10', 7168, 404274.26, 5122657.81, 1683.25);
insert into STATION values (4507, '-', 7168, 404275.12, 5122657.34, 1683.96);
insert into STATION values (4508, '-', 7168, 404274.40, 5122657.61, 1683.75);
insert into STATION values (4509, '-', 7168, 404274.55, 5122658.00, 1682.70);
insert into STATION values (4510, '-', 7168, 404274.67, 5122658.02, 1683.42);
insert into STATION values (4511, '-', 7168, 404275.34, 5122657.01, 1683.55);
insert into STATION values (4512, '-', 7168, 404276.36, 5122657.71, 1683.97);
insert into STATION values (4513, '-', 7168, 404274.36, 5122656.94, 1683.04);
insert into STATION values (4514, '-', 7168, 404275.07, 5122655.54, 1682.30);
insert into STATION values (4515, '-', 7168, 404275.28, 5122653.24, 1680.91);
insert into STATION values (4516, '11', 7168, 404277.37, 5122657.23, 1683.16);
insert into STATION values (4517, '-', 7168, 404277.94, 5122657.02, 1686.44);
insert into STATION values (4518, '-', 7168, 404285.83, 5122661.96, 1696.94);
insert into STATION values (4519, '-', 7168, 404286.52, 5122655.93, 1693.82);
insert into STATION values (4520, '-', 7168, 404279.89, 5122667.95, 1689.93);
insert into STATION values (4521, '-', 7168, 404275.58, 5122667.43, 1686.07);
insert into STATION values (4522, '-', 7168, 404278.03, 5122658.43, 1686.55);
insert into STATION values (4523, '-', 7168, 404276.97, 5122657.08, 1683.85);
insert into STATION values (4524, '-', 7168, 404274.01, 5122656.80, 1682.73);
insert into STATION values (4525, '-', 7168, 404276.43, 5122657.00, 1683.11);
insert into STATION values (4526, '-', 7168, 404276.29, 5122657.61, 1683.26);
insert into STATION values (4527, '-', 7168, 404277.27, 5122657.56, 1682.48);
insert into STATION values (4528, '12', 7168, 404283.62, 5122659.98, 1684.03);
insert into STATION values (4529, '0', 7172, 404232.53, 5122632.70, 1619.59);
insert into STATION values (4530, '.', 7172, 404236.47, 5122643.76, 1619.37);
insert into STATION values (4531, '.', 7172, 404233.51, 5122639.07, 1619.92);
insert into STATION values (4532, '.', 7172, 404234.88, 5122640.84, 1619.93);
insert into STATION values (4533, '.', 7172, 404237.76, 5122644.37, 1620.64);
insert into STATION values (4534, '.', 7172, 404241.32, 5122647.66, 1621.20);
insert into STATION values (4535, '.', 7172, 404244.09, 5122648.37, 1621.50);
insert into STATION values (4536, '.', 7172, 404246.57, 5122650.21, 1622.55);
insert into STATION values (4537, '.', 7172, 404247.41, 5122650.35, 1623.54);
insert into STATION values (4538, '.', 7172, 404253.39, 5122652.62, 1624.73);
insert into STATION values (4539, '.', 7172, 404259.22, 5122651.44, 1627.54);
insert into STATION values (4540, '.', 7172, 404260.39, 5122648.07, 1628.12);
insert into STATION values (4541, '.', 7172, 404255.07, 5122642.68, 1626.06);
insert into STATION values (4542, '.', 7172, 404256.12, 5122639.54, 1624.72);
insert into STATION values (4543, '.', 7172, 404255.94, 5122636.27, 1623.90);
insert into STATION values (4544, '.', 7172, 404256.86, 5122634.78, 1623.46);
insert into STATION values (4545, '.', 7172, 404255.15, 5122631.15, 1622.70);
insert into STATION values (4546, '.', 7172, 404251.49, 5122629.35, 1622.40);
insert into STATION values (4547, '.', 7172, 404250.80, 5122626.65, 1622.19);
insert into STATION values (4548, '.', 7172, 404250.28, 5122624.79, 1622.32);
insert into STATION values (4549, '.', 7172, 404248.41, 5122623.64, 1622.49);
insert into STATION values (4550, '.', 7172, 404247.32, 5122620.41, 1622.88);
insert into STATION values (4551, '.', 7172, 404245.41, 5122617.29, 1622.63);
insert into STATION values (4552, '.', 7172, 404241.99, 5122616.24, 1622.50);
insert into STATION values (4553, '.', 7172, 404237.90, 5122611.27, 1621.37);
insert into STATION values (4554, '.', 7172, 404233.50, 5122609.23, 1621.44);
insert into STATION values (4555, '.', 7172, 404230.43, 5122610.94, 1620.85);
insert into STATION values (4556, '.', 7172, 404228.30, 5122613.16, 1620.39);
insert into STATION values (4557, '.', 7172, 404225.61, 5122614.52, 1619.97);
insert into STATION values (4558, '.', 7172, 404223.99, 5122616.32, 1620.17);
insert into STATION values (4559, '.', 7172, 404222.48, 5122616.70, 1621.21);
insert into STATION values (4560, '.', 7172, 404223.33, 5122626.91, 1620.98);
insert into STATION values (4561, '.', 7172, 404223.65, 5122628.94, 1621.87);
insert into STATION values (4562, '.', 7172, 404225.06, 5122630.79, 1621.43);
insert into STATION values (4563, '.', 7172, 404225.47, 5122631.96, 1621.61);
insert into STATION values (4564, '.', 7172, 404226.00, 5122633.15, 1621.86);
insert into STATION values (4565, '.', 7172, 404226.06, 5122634.28, 1622.22);
insert into STATION values (4566, '.', 7172, 404226.17, 5122636.93, 1623.52);
insert into STATION values (4567, '.', 7172, 404226.81, 5122641.04, 1625.74);
insert into STATION values (4568, '.', 7172, 404228.57, 5122641.61, 1625.83);
insert into STATION values (4569, '.', 7172, 404230.54, 5122639.94, 1624.28);
insert into STATION values (4570, '.', 7172, 404232.60, 5122642.21, 1626.03);
insert into STATION values (4571, '.', 7172, 404233.67, 5122640.45, 1624.19);
insert into STATION values (4572, '.', 7172, 404234.49, 5122640.65, 1622.63);
insert into STATION values (4573, '.', 7172, 404244.61, 5122643.57, 1620.30);
insert into STATION values (4574, '.', 7172, 404248.08, 5122647.24, 1623.54);
insert into STATION values (4575, '.', 7172, 404257.78, 5122656.90, 1630.69);
insert into STATION values (4576, '.', 7172, 404251.74, 5122652.51, 1634.51);
insert into STATION values (4577, '.', 7172, 404250.51, 5122652.73, 1638.86);
insert into STATION values (4578, '.', 7172, 404251.44, 5122652.61, 1643.97);
insert into STATION values (4579, '.', 7172, 404248.48, 5122639.30, 1658.55);
insert into STATION values (4580, '.', 7172, 404241.92, 5122636.86, 1645.38);
insert into STATION values (4581, '.', 7172, 404239.82, 5122634.72, 1642.87);
insert into STATION values (4582, '.', 7172, 404238.98, 5122633.62, 1642.63);
insert into STATION values (4583, '.', 7172, 404238.33, 5122632.66, 1642.35);
insert into STATION values (4584, '.', 7172, 404237.85, 5122631.48, 1642.14);
insert into STATION values (4585, '.', 7172, 404237.08, 5122630.81, 1642.20);
insert into STATION values (4586, '.', 7172, 404237.46, 5122630.01, 1642.12);
insert into STATION values (4587, '.', 7172, 404237.74, 5122628.83, 1645.23);
insert into STATION values (4588, '.', 7172, 404237.02, 5122628.74, 1645.33);
insert into STATION values (4589, '.', 7172, 404234.26, 5122627.58, 1646.64);
insert into STATION values (4590, '.', 7172, 404232.20, 5122627.13, 1642.48);
insert into STATION values (4591, '.', 7172, 404230.47, 5122626.82, 1641.20);
insert into STATION values (4592, '.', 7172, 404228.93, 5122626.52, 1640.03);
insert into STATION values (4593, '.', 7172, 404227.43, 5122626.62, 1637.85);
insert into STATION values (4594, '.', 7172, 404226.81, 5122626.81, 1635.64);
insert into STATION values (4595, '.', 7172, 404225.89, 5122626.28, 1635.21);
insert into STATION values (4596, '.', 7172, 404224.23, 5122625.10, 1635.14);
insert into STATION values (4597, '.', 7172, 404222.68, 5122624.50, 1634.03);
insert into STATION values (4598, '.', 7172, 404222.22, 5122623.90, 1632.24);
insert into STATION values (4599, '.', 7172, 404222.70, 5122624.19, 1629.29);
insert into STATION values (4600, '.', 7172, 404221.83, 5122623.74, 1627.72);
insert into STATION values (4601, '.', 7172, 404220.99, 5122623.53, 1625.82);
insert into STATION values (4602, '.', 7172, 404219.54, 5122622.00, 1624.48);
insert into STATION values (4603, '.', 7172, 404239.87, 5122611.96, 1622.92);
insert into STATION values (4604, '.', 7172, 404239.23, 5122613.22, 1625.50);
insert into STATION values (4605, '.', 7172, 404238.71, 5122614.20, 1627.59);
insert into STATION values (4606, '.', 7172, 404238.58, 5122614.81, 1629.30);
insert into STATION values (4607, '.', 7172, 404238.40, 5122615.33, 1631.32);
insert into STATION values (4608, '.', 7172, 404238.24, 5122615.92, 1633.69);
insert into STATION values (4609, '.', 7172, 404237.73, 5122618.09, 1634.62);
insert into STATION values (4610, '.', 7172, 404237.81, 5122618.33, 1638.11);
insert into STATION values (4611, '.', 7172, 404237.41, 5122620.61, 1639.44);
insert into STATION values (4612, '.', 7172, 404236.63, 5122622.05, 1639.93);
insert into STATION values (4613, '.', 7172, 404236.39, 5122623.20, 1641.59);
insert into STATION values (4614, '.', 7172, 404235.16, 5122625.14, 1641.96);
insert into STATION values (4615, '.', 7172, 404234.14, 5122626.76, 1645.66);
insert into STATION values (4616, '.', 7172, 404231.84, 5122630.16, 1642.34);
insert into STATION values (4617, '.', 7172, 404230.22, 5122630.89, 1640.75);
insert into STATION values (4618, '.', 7172, 404228.89, 5122632.10, 1638.40);
insert into STATION values (4619, '.', 7172, 404228.27, 5122632.71, 1634.07);
insert into STATION values (4620, '.', 7172, 404227.94, 5122632.74, 1631.38);
insert into STATION values (4621, '.', 7172, 404227.34, 5122632.81, 1630.53);
insert into STATION values (4622, '.', 7172, 404226.94, 5122632.84, 1629.55);
insert into STATION values (4623, '.', 7172, 404226.18, 5122632.87, 1628.67);
insert into STATION values (4624, '.', 7172, 404225.68, 5122632.87, 1627.53);
insert into STATION values (4625, '.', 7172, 404225.55, 5122633.87, 1626.33);
insert into STATION values (4626, '.', 7172, 404225.02, 5122635.76, 1625.42);
insert into STATION values (4627, '.', 7172, 404224.71, 5122636.27, 1624.38);
insert into STATION values (4628, '1', 7172, 404230.12, 5122623.72, 1618.35);
insert into STATION values (4629, '.', 7172, 404227.21, 5122614.89, 1617.24);
insert into STATION values (4630, '.', 7172, 404244.57, 5122617.04, 1621.33);
insert into STATION values (4631, '.', 7172, 404239.81, 5122611.40, 1621.45);
insert into STATION values (4632, '.', 7172, 404236.14, 5122610.39, 1621.33);
insert into STATION values (4633, '.', 7172, 404233.09, 5122610.83, 1621.19);
insert into STATION values (4634, '.', 7172, 404229.33, 5122613.03, 1620.98);
insert into STATION values (4635, '.', 7172, 404227.00, 5122614.57, 1621.16);
insert into STATION values (4636, '.', 7172, 404221.82, 5122618.21, 1622.91);
insert into STATION values (4637, '.', 7172, 404221.17, 5122620.71, 1623.59);
insert into STATION values (4638, '.', 7172, 404219.96, 5122622.89, 1624.05);
insert into STATION values (4639, '.', 7172, 404220.24, 5122625.19, 1623.87);
insert into STATION values (4640, '.', 7172, 404221.58, 5122626.06, 1623.38);
insert into STATION values (4641, '.', 7172, 404224.04, 5122626.27, 1622.21);
insert into STATION values (4642, '.', 7172, 404223.59, 5122628.47, 1622.86);
insert into STATION values (4643, '.', 7172, 404225.17, 5122633.71, 1622.81);
insert into STATION values (4644, '.', 7172, 404227.08, 5122638.85, 1624.12);
insert into STATION values (4645, '.', 7172, 404229.70, 5122641.40, 1624.65);
insert into STATION values (4646, '.', 7172, 404233.87, 5122640.87, 1624.33);
insert into STATION values (4647, '.', 7172, 404237.67, 5122644.54, 1623.06);
insert into STATION values (4648, '.', 7172, 404240.55, 5122646.58, 1622.65);
insert into STATION values (4649, '.', 7172, 404246.75, 5122651.27, 1623.45);
insert into STATION values (4650, '.', 7172, 404248.55, 5122650.91, 1623.61);
insert into STATION values (4651, '.', 7172, 404253.59, 5122653.85, 1624.74);
insert into STATION values (4652, '.', 7172, 404257.13, 5122652.35, 1625.15);
insert into STATION values (4653, '.', 7172, 404255.96, 5122647.46, 1624.16);
insert into STATION values (4654, '.', 7172, 404256.96, 5122639.90, 1623.82);
insert into STATION values (4655, '.', 7172, 404256.54, 5122637.58, 1623.02);
insert into STATION values (4656, '.', 7172, 404256.18, 5122634.29, 1623.11);
insert into STATION values (4657, '.', 7172, 404252.16, 5122629.62, 1622.37);
insert into STATION values (4658, '.', 7172, 404251.55, 5122627.72, 1622.23);
insert into STATION values (4659, '.', 7172, 404251.27, 5122625.49, 1622.71);
insert into STATION values (4660, '.', 7172, 404248.36, 5122649.85, 1623.11);
insert into STATION values (4661, '.', 7172, 404249.93, 5122652.63, 1627.54);
insert into STATION values (4662, '.', 7172, 404250.07, 5122653.16, 1632.65);
insert into STATION values (4663, '.', 7172, 404250.97, 5122653.58, 1637.15);
insert into STATION values (4664, '.', 7172, 404251.61, 5122653.38, 1641.68);
insert into STATION values (4665, '.', 7172, 404251.77, 5122653.72, 1645.83);
insert into STATION values (4666, '.', 7172, 404242.19, 5122634.39, 1642.32);
insert into STATION values (4667, '.', 7172, 404241.42, 5122633.10, 1641.94);
insert into STATION values (4668, '.', 7172, 404240.28, 5122631.54, 1641.68);
insert into STATION values (4669, '.', 7172, 404242.54, 5122633.62, 1642.16);
insert into STATION values (4670, '.', 7172, 404239.30, 5122630.71, 1641.49);
insert into STATION values (4671, '.', 7172, 404239.43, 5122630.65, 1644.16);
insert into STATION values (4672, '.', 7172, 404243.71, 5122631.40, 1652.77);
insert into STATION values (4673, '.', 7172, 404246.78, 5122631.77, 1660.90);
insert into STATION values (4674, '.', 7172, 404239.19, 5122627.20, 1642.39);
insert into STATION values (4675, '.', 7172, 404236.96, 5122625.36, 1641.50);
insert into STATION values (4676, '.', 7172, 404234.76, 5122624.56, 1641.31);
insert into STATION values (4677, '.', 7172, 404232.89, 5122623.70, 1640.90);
insert into STATION values (4678, '.', 7172, 404231.91, 5122623.14, 1639.00);
insert into STATION values (4679, '.', 7172, 404227.52, 5122620.14, 1635.86);
insert into STATION values (4680, '.', 7172, 404226.60, 5122618.20, 1633.80);
insert into STATION values (4681, '.', 7172, 404226.37, 5122618.31, 1630.28);
insert into STATION values (4682, '.', 7172, 404225.36, 5122617.65, 1628.94);
insert into STATION values (4683, '.', 7172, 404225.01, 5122617.53, 1627.08);
insert into STATION values (4684, '.', 7172, 404224.68, 5122617.75, 1625.21);
insert into STATION values (4685, '.', 7172, 404224.24, 5122616.57, 1623.59);
insert into STATION values (4686, '.', 7172, 404223.61, 5122616.52, 1622.55);
insert into STATION values (4687, '2', 7172, 404244.74, 5122646.64, 1621.41);
insert into STATION values (4688, '.', 7172, 404243.48, 5122648.08, 1621.81);
insert into STATION values (4689, '.', 7172, 404242.23, 5122647.17, 1621.68);
insert into STATION values (4690, '.', 7172, 404239.45, 5122645.62, 1622.02);
insert into STATION values (4691, '.', 7172, 404235.71, 5122642.06, 1621.23);
insert into STATION values (4692, '.', 7172, 404234.22, 5122639.52, 1620.81);
insert into STATION values (4693, '.', 7172, 404225.63, 5122628.32, 1619.88);
insert into STATION values (4694, '.', 7172, 404226.13, 5122621.69, 1619.23);
insert into STATION values (4695, '.', 7172, 404221.90, 5122617.22, 1622.51);
insert into STATION values (4696, '.', 7172, 404228.68, 5122613.16, 1622.12);
insert into STATION values (4697, '.', 7172, 404232.02, 5122610.57, 1622.28);
insert into STATION values (4698, '.', 7172, 404234.60, 5122609.38, 1622.08);
insert into STATION values (4699, '.', 7172, 404236.85, 5122610.21, 1621.80);
insert into STATION values (4700, '.', 7172, 404241.62, 5122614.32, 1621.92);
insert into STATION values (4701, '.', 7172, 404246.92, 5122618.22, 1623.00);
insert into STATION values (4702, '.', 7172, 404249.35, 5122625.29, 1624.59);
insert into STATION values (4703, '.', 7172, 404252.35, 5122630.16, 1623.45);
insert into STATION values (4704, '.', 7172, 404255.68, 5122631.47, 1623.77);
insert into STATION values (4705, '.', 7172, 404258.44, 5122634.85, 1623.66);
insert into STATION values (4706, '.', 7172, 404255.31, 5122640.28, 1623.10);
insert into STATION values (4707, '.', 7172, 404255.55, 5122642.05, 1623.00);
insert into STATION values (4708, '.', 7172, 404254.75, 5122641.18, 1623.58);
insert into STATION values (4709, '.', 7172, 404255.27, 5122633.10, 1622.28);
insert into STATION values (4710, '.', 7172, 404255.42, 5122632.30, 1625.73);
insert into STATION values (4711, '.', 7172, 404255.87, 5122630.85, 1630.66);
insert into STATION values (4712, '.', 7172, 404256.74, 5122629.03, 1635.83);
insert into STATION values (4713, '.', 7172, 404257.26, 5122628.06, 1640.54);
insert into STATION values (4714, '.', 7172, 404257.42, 5122627.83, 1646.34);
insert into STATION values (4715, '.', 7172, 404257.55, 5122628.13, 1649.00);
insert into STATION values (4716, '.', 7172, 404257.49, 5122628.22, 1651.02);
insert into STATION values (4717, '.', 7172, 404257.67, 5122627.95, 1653.86);
insert into STATION values (4718, '.', 7172, 404258.72, 5122626.22, 1658.24);
insert into STATION values (4719, '.', 7172, 404253.47, 5122633.49, 1647.79);
insert into STATION values (4720, '.', 7172, 404251.85, 5122634.51, 1649.37);
insert into STATION values (4721, '.', 7172, 404247.99, 5122635.60, 1651.72);
insert into STATION values (4722, '.', 7172, 404247.14, 5122637.43, 1658.22);
insert into STATION values (4723, '.', 7172, 404245.04, 5122642.73, 1670.18);
insert into STATION values (4724, '.', 7172, 404244.00, 5122645.05, 1658.64);
insert into STATION values (4725, '.', 7172, 404243.51, 5122646.54, 1658.65);
insert into STATION values (4726, '.', 7172, 404244.19, 5122647.03, 1631.69);
insert into STATION values (4727, '.', 7172, 404243.63, 5122648.09, 1629.28);
insert into STATION values (4728, '.', 7172, 404243.57, 5122648.37, 1626.60);
insert into STATION values (4729, '.', 7172, 404243.79, 5122648.09, 1624.65);
insert into STATION values (4730, '.', 7172, 404259.02, 5122644.83, 1630.47);
insert into STATION values (4731, '.', 7172, 404257.85, 5122644.49, 1629.71);
insert into STATION values (4732, '.', 7172, 404256.98, 5122644.70, 1629.03);
insert into STATION values (4733, '.', 7172, 404259.00, 5122645.03, 1630.20);
insert into STATION values (4734, '.', 7172, 404259.54, 5122646.38, 1630.69);
insert into STATION values (4735, '.', 7172, 404259.74, 5122648.18, 1631.05);
insert into STATION values (4736, '.', 7172, 404259.69, 5122649.92, 1631.19);
insert into STATION values (4737, '.', 7172, 404259.60, 5122650.48, 1631.38);
insert into STATION values (4738, '.', 7172, 404259.55, 5122651.50, 1631.53);
insert into STATION values (4739, '.', 7172, 404259.73, 5122652.12, 1631.85);
insert into STATION values (4740, '.', 7172, 404262.21, 5122653.51, 1634.07);
insert into STATION values (4741, '.', 7172, 404263.31, 5122654.32, 1634.86);
insert into STATION values (4742, '.', 7172, 404264.67, 5122657.36, 1636.96);
insert into STATION values (4743, '.', 7172, 404252.02, 5122652.06, 1627.88);
insert into STATION values (4744, '.', 7172, 404250.07, 5122651.91, 1627.09);
insert into STATION values (4745, '.', 7172, 404248.66, 5122651.39, 1626.07);
insert into STATION values (4746, '3', 7172, 404259.19, 5122654.61, 1631.88);
insert into STATION values (4747, '.', 7172, 404258.38, 5122651.24, 1632.13);
insert into STATION values (4748, '.', 7172, 404259.33, 5122651.15, 1632.23);
insert into STATION values (4749, '.', 7172, 404259.88, 5122651.14, 1632.36);
insert into STATION values (4750, '.', 7172, 404261.70, 5122649.91, 1636.62);
insert into STATION values (4751, '.', 7172, 404258.65, 5122655.80, 1632.89);
insert into STATION values (4752, '.', 7172, 404259.14, 5122656.56, 1633.94);
insert into STATION values (4753, '.', 7172, 404260.22, 5122656.63, 1635.11);
insert into STATION values (4754, '.', 7172, 404261.52, 5122656.26, 1635.21);
insert into STATION values (4755, '.', 7172, 404263.69, 5122656.17, 1636.66);
insert into STATION values (4756, '.', 7172, 404259.07, 5122650.47, 1633.26);
insert into STATION values (4757, '.', 7172, 404259.20, 5122650.06, 1635.97);
insert into STATION values (4758, '.', 7172, 404259.66, 5122650.26, 1638.20);
insert into STATION values (4759, '.', 7172, 404260.38, 5122650.54, 1642.05);
insert into STATION values (4760, '.', 7172, 404260.71, 5122650.93, 1646.96);
insert into STATION values (4761, '.', 7172, 404260.68, 5122652.24, 1654.65);
insert into STATION values (4762, '4', 7172, 404264.77, 5122655.69, 1636.89);
insert into STATION values (4763, '.', 7172, 404264.40, 5122649.70, 1636.73);
insert into STATION values (4764, '.', 7172, 404262.47, 5122649.43, 1637.01);
insert into STATION values (4765, '.', 7172, 404272.31, 5122654.57, 1638.65);
insert into STATION values (4766, '.', 7172, 404272.50, 5122655.73, 1638.03);
insert into STATION values (4767, '.', 7172, 404271.78, 5122656.95, 1638.30);
insert into STATION values (4768, '.', 7172, 404270.99, 5122657.46, 1637.96);
insert into STATION values (4769, '.', 7172, 404269.79, 5122651.24, 1643.15);
insert into STATION values (4770, '.', 7172, 404267.17, 5122651.00, 1641.62);
insert into STATION values (4771, '.', 7172, 404265.66, 5122651.16, 1640.97);
insert into STATION values (4772, '.', 7172, 404264.88, 5122655.45, 1635.25);
insert into STATION values (4773, '.', 7172, 404265.00, 5122655.56, 1638.08);
insert into STATION values (4774, '5', 7172, 404271.03, 5122654.75, 1637.31);
insert into STATION values (4775, '.', 7172, 404271.95, 5122652.74, 1637.99);
insert into STATION values (4776, '.', 7172, 404271.11, 5122652.95, 1637.88);
insert into STATION values (4777, '.', 7172, 404270.56, 5122653.05, 1637.87);
insert into STATION values (4778, '.', 7172, 404269.95, 5122652.46, 1637.88);
insert into STATION values (4779, '.', 7172, 404269.28, 5122651.96, 1637.77);
insert into STATION values (4780, '.', 7172, 404267.47, 5122649.20, 1638.02);
insert into STATION values (4781, '.', 7172, 404266.35, 5122649.82, 1638.16);
insert into STATION values (4782, '.', 7172, 404265.26, 5122650.25, 1638.18);
insert into STATION values (4783, '.', 7172, 404263.87, 5122650.49, 1638.17);
insert into STATION values (4784, '.', 7172, 404260.37, 5122649.28, 1637.94);
insert into STATION values (4785, '.', 7172, 404258.30, 5122649.54, 1637.77);
insert into STATION values (4786, '.', 7172, 404257.73, 5122649.36, 1637.91);
insert into STATION values (4787, '.', 7172, 404232.64, 5122641.03, 1638.81);
insert into STATION values (4788, '.', 7172, 404250.56, 5122650.37, 1640.66);
insert into STATION values (4789, '.', 7172, 404250.80, 5122651.88, 1641.88);
insert into STATION values (4790, '.', 7172, 404251.78, 5122653.35, 1642.99);
insert into STATION values (4791, '.', 7172, 404261.96, 5122654.95, 1639.39);
insert into STATION values (4792, '.', 7172, 404265.28, 5122655.84, 1638.66);
insert into STATION values (4793, '.', 7172, 404265.24, 5122656.60, 1638.69);
insert into STATION values (4794, '.', 7172, 404265.71, 5122656.85, 1638.06);
insert into STATION values (4795, '.', 7172, 404269.52, 5122655.77, 1637.64);
insert into STATION values (4796, '.', 7172, 404270.70, 5122654.97, 1637.35);
insert into STATION values (4797, '.', 7172, 404265.85, 5122657.58, 1638.03);
insert into STATION values (4798, '.', 7172, 404267.22, 5122657.40, 1638.36);
insert into STATION values (4799, '.', 7172, 404267.70, 5122657.04, 1637.95);
insert into STATION values (4800, '.', 7172, 404268.22, 5122657.47, 1638.11);
insert into STATION values (4801, '.', 7172, 404268.47, 5122658.28, 1638.18);
insert into STATION values (4802, '.', 7172, 404269.31, 5122659.38, 1638.72);
insert into STATION values (4803, '.', 7172, 404270.33, 5122658.93, 1639.07);
insert into STATION values (4804, '.', 7172, 404271.56, 5122658.81, 1639.74);
insert into STATION values (4805, '.', 7172, 404272.56, 5122657.40, 1639.89);
insert into STATION values (4806, '.', 7172, 404272.55, 5122656.28, 1639.89);
insert into STATION values (4807, '.', 7172, 404273.61, 5122655.81, 1641.59);
insert into STATION values (4808, '.', 7172, 404271.22, 5122654.87, 1637.54);
insert into STATION values (4809, '.', 7172, 404272.00, 5122655.30, 1638.96);
insert into STATION values (4810, '.', 7172, 404273.00, 5122655.84, 1641.63);
insert into STATION values (4811, '.', 7172, 404272.71, 5122655.73, 1643.12);
insert into STATION values (4812, '.', 7172, 404272.56, 5122655.63, 1644.49);
insert into STATION values (4813, '.', 7172, 404272.70, 5122655.55, 1646.23);
insert into STATION values (4814, '.', 7172, 404274.36, 5122655.68, 1661.34);
insert into STATION values (4815, '.', 7172, 404273.66, 5122655.36, 1663.46);
insert into STATION values (4816, '.', 7172, 404272.78, 5122654.76, 1664.37);
insert into STATION values (4817, '.', 7172, 404271.06, 5122653.48, 1666.37);
insert into STATION values (4818, '.', 7172, 404266.47, 5122654.61, 1668.21);
insert into STATION values (4819, '.', 7172, 404263.61, 5122655.08, 1668.73);
insert into STATION values (4820, '.', 7172, 404261.17, 5122654.45, 1668.03);
insert into STATION values (4821, '.', 7172, 404262.04, 5122654.17, 1659.73);
insert into STATION values (4822, '.', 7172, 404261.34, 5122653.88, 1655.22);
insert into STATION values (4823, '.', 7172, 404255.24, 5122651.46, 1658.34);
insert into STATION values (4824, '.', 7172, 404246.46, 5122649.90, 1665.13);
insert into STATION values (4825, '.', 7172, 404245.78, 5122649.54, 1661.78);
insert into STATION values (4826, '.', 7172, 404244.95, 5122648.55, 1658.03);
insert into STATION values (4827, '.', 7172, 404239.76, 5122646.33, 1655.63);
insert into STATION values (4828, '.', 7172, 404243.77, 5122647.97, 1648.38);
insert into STATION values (4829, '.', 7172, 404242.24, 5122647.37, 1645.50);
insert into STATION values (4830, '.', 7172, 404239.24, 5122646.60, 1642.51);
insert into STATION values (4831, '6', 7172, 404270.99, 5122653.39, 1637.09);
insert into STATION values (4832, '7', 7172, 404270.69, 5122652.48, 1636.28);
insert into STATION values (4833, '8', 7172, 404263.98, 5122651.00, 1631.68);
insert into STATION values (4834, '10', 7172, 404295.53, 5122655.87, 1670.54);
insert into STATION values (4835, '0', 7176, 404272.66, 5122720.17, 1655.75);
insert into STATION values (4836, '1', 7176, 404273.03, 5122725.80, 1655.40);
insert into STATION values (4837, '-', 7176, 404267.62, 5122727.21, 1656.44);
insert into STATION values (4838, '-', 7176, 404268.73, 5122727.66, 1681.41);
insert into STATION values (4839, '-', 7176, 404273.94, 5122723.03, 1683.67);
insert into STATION values (4840, '-', 7176, 404267.37, 5122722.67, 1655.47);
insert into STATION values (4841, '-', 7176, 404273.02, 5122724.98, 1655.63);
insert into STATION values (4842, '-', 7176, 404270.88, 5122724.93, 1652.65);
insert into STATION values (4843, '-', 7176, 404269.98, 5122727.42, 1654.99);
insert into STATION values (4844, '-', 7176, 404271.61, 5122725.60, 1681.84);
insert into STATION values (4845, '2', 7176, 404270.58, 5122723.97, 1681.07);
insert into STATION values (4846, '-', 7176, 404272.16, 5122727.90, 1678.87);
insert into STATION values (4847, '-', 7176, 404271.51, 5122723.54, 1682.34);
insert into STATION values (4848, '-', 7176, 404275.99, 5122724.24, 1686.30);
insert into STATION values (4849, '-', 7176, 404270.26, 5122722.89, 1680.79);
insert into STATION values (4850, '-', 7176, 404270.08, 5122723.39, 1652.17);
insert into STATION values (4851, '-', 7176, 404270.18, 5122722.23, 1672.85);
insert into STATION values (4852, '-', 7176, 404274.46, 5122724.28, 1673.29);
insert into STATION values (4853, '-', 7176, 404273.30, 5122724.95, 1679.41);
insert into STATION values (4854, '3', 7176, 404270.55, 5122723.47, 1682.47);
insert into STATION values (4855, '-', 7176, 404270.11, 5122724.13, 1682.68);
insert into STATION values (4856, '-', 7176, 404267.67, 5122723.73, 1682.32);
insert into STATION values (4857, '-', 7176, 404269.13, 5122723.61, 1682.38);
insert into STATION values (4858, '-', 7176, 404269.65, 5122723.71, 1682.41);
insert into STATION values (4859, '-', 7176, 404273.37, 5122724.70, 1682.02);
insert into STATION values (4860, '-', 7176, 404270.94, 5122723.85, 1682.78);
insert into STATION values (4861, '-', 7176, 404274.73, 5122725.55, 1678.81);
insert into STATION values (4862, '4', 7176, 404266.12, 5122723.13, 1682.29);
insert into STATION values (4863, '-', 7176, 404266.24, 5122722.43, 1682.73);
insert into STATION values (4864, '-', 7176, 404267.29, 5122721.31, 1682.31);
insert into STATION values (4865, '-', 7176, 404266.70, 5122722.62, 1682.18);
insert into STATION values (4866, '-', 7176, 404266.57, 5122723.22, 1680.99);
insert into STATION values (4867, '-', 7176, 404266.67, 5122723.53, 1682.40);
insert into STATION values (4868, '-', 7176, 404266.48, 5122723.35, 1682.54);
insert into STATION values (4869, '-', 7176, 404267.89, 5122722.97, 1682.12);
insert into STATION values (4870, '-', 7176, 404267.48, 5122723.69, 1681.95);
insert into STATION values (4871, '5', 7176, 404268.87, 5122719.44, 1682.49);
insert into STATION values (4872, '-', 7176, 404269.45, 5122719.66, 1683.25);
insert into STATION values (4873, '-', 7176, 404269.14, 5122719.56, 1682.49);
insert into STATION values (4874, '-', 7176, 404269.80, 5122719.29, 1682.36);
insert into STATION values (4875, '-', 7176, 404269.36, 5122719.33, 1681.83);
insert into STATION values (4876, '-', 7176, 404270.00, 5122719.00, 1681.60);
insert into STATION values (4877, '-', 7176, 404267.63, 5122720.75, 1681.63);
insert into STATION values (4878, '6', 7176, 404269.53, 5122719.13, 1681.71);
insert into STATION values (4879, '-', 7176, 404270.86, 5122718.50, 1680.13);
insert into STATION values (4880, '-', 7176, 404269.46, 5122718.52, 1682.56);
insert into STATION values (4881, '-', 7176, 404269.36, 5122718.88, 1682.19);
insert into STATION values (4882, '-', 7176, 404269.04, 5122718.80, 1681.89);
insert into STATION values (4883, '-', 7176, 404267.72, 5122719.83, 1682.14);
insert into STATION values (4884, '-', 7176, 404267.97, 5122719.67, 1683.88);
insert into STATION values (4885, '-', 7176, 404268.23, 5122719.37, 1680.59);
insert into STATION values (4886, '7', 7176, 404272.07, 5122716.51, 1681.46);
insert into STATION values (4887, '-', 7176, 404270.86, 5122715.77, 1681.86);
insert into STATION values (4888, '-', 7176, 404271.53, 5122715.40, 1684.93);
insert into STATION values (4889, '-', 7176, 404276.02, 5122713.06, 1698.00);
insert into STATION values (4890, '-', 7176, 404273.10, 5122719.72, 1688.62);
insert into STATION values (4891, '-', 7176, 404273.97, 5122718.06, 1682.58);
insert into STATION values (4892, '-', 7176, 404274.11, 5122715.27, 1683.29);
insert into STATION values (4893, '-', 7176, 404271.61, 5122719.99, 1682.88);
insert into STATION values (4894, '8', 7176, 404274.93, 5122712.66, 1697.06);
insert into STATION values (4895, '-', 7176, 404274.92, 5122712.73, 1697.63);
insert into STATION values (4896, '-', 7176, 404276.29, 5122713.40, 1699.08);
insert into STATION values (4897, '-', 7176, 404276.22, 5122713.57, 1697.06);
insert into STATION values (4898, '-', 7176, 404276.84, 5122712.59, 1697.33);
insert into STATION values (4899, '-', 7176, 404273.50, 5122719.15, 1694.16);
insert into STATION values (4900, '-', 7176, 404275.06, 5122719.36, 1685.36);
insert into STATION values (4901, '-', 7176, 404275.67, 5122715.35, 1696.04);
insert into STATION values (4902, '9', 7176, 404275.11, 5122712.29, 1697.14);
