create table SURVEY (ID integer, PARENT_ID integer, NAME varchar(24), FULL_NAME varchar(43), TITLE varchar(46));
create table CENTRELINE (ID integer, SURVEY_ID integer, TITLE varchar(4), TOPO_DATE date, EXPLO_DATE date, LENGTH real, SURFACE_LENGTH real, DUPLICATE_LENGTH real);
create table PERSON (ID integer, NAME varchar(11), SURNAME varchar(16));
create table EXPLO (PERSON_ID integer, CENTRELINE_ID integer);
create table TOPO (PERSON_ID integer, CENTRELINE_ID integer);
create table STATION (ID integer, NAME varchar(7), SURVEY_ID integer, X real, Y real, Z real);
create table STATION_FLAG (STATION_ID integer, FLAG char(3));
create table SHOT (ID integer, FROM_ID integer, TO_ID integer, CENTRELINE_ID integer, LENGTH real, BEARING real, GRADIENT real, ADJ_LENGTH real, ADJ_BEARING real, ADJ_GRADIENT real, ERR_LENGTH real, ERR_BEARING real, ERR_GRADIENT real);
create table SHOT_FLAG (SHOT_ID integer, FLAG char(3));
create table MAPS (ID integer, SURVEY_ID integer, NAME varchar(24), TITLE varchar(46), PROJID integer, LENGTH real, DEPTH real);
create table SCRAPS (ID integer, SURVEY_ID integer, NAME varchar(24), PROJID integer);
create table MAPITEMS (ID integer, TYPE integer, ITEMID integer);
insert into SURVEY values (1, 0, '', '', NULL);
 insert into CENTRELINE values (2, 1, NULL, NULL, NULL, 0.00, 0.00, 0.00);
 insert into SURVEY values (20, 1, 'sistem_prima', 'sistem_prima', 'Caves of the Western Migovec Plateau');
 insert into CENTRELINE values (21, 20, NULL, NULL, NULL, 0.00, 0.00, 0.00);
 insert into SURVEY values (22, 20, 'primadona', 'primadona.sistem_prima', 'Primadona');
 insert into CENTRELINE values (23, 22, NULL, NULL, NULL, 0.00, 0.00, 0.00);
 insert into SURVEY values (24, 22, 'prima2', 'prima2.primadona.sistem_prima', NULL);
 insert into CENTRELINE values (25, 24, NULL, NULL, NULL, 0.00, 0.00, 0.00);
 insert into SCRAPS values (26, 24, 'prima2p_1', 1);
 insert into SCRAPS values (58, 24, 'prima2p_2', 1);
 insert into SCRAPS values (69, 24, 'prima2p_3', 1);
 insert into SCRAPS values (86, 24, 'prima2p_4', 1);
 insert into SCRAPS values (106, 24, 'prima2p_5', 1);
 insert into SCRAPS values (115, 24, 'prima2_1e', 2);
 insert into MAPS values (156, 24, 'mprima2p_1', NULL, 1, 154.380, 21.290);
 insert into MAPITEMS values (156, 4, 26);
 insert into MAPS values (157, 24, 'mprima2p_2', NULL, 1, 154.380, 21.290);
 insert into MAPITEMS values (157, 4, 58);
 insert into MAPS values (158, 24, 'mprima2p_3', NULL, 1, 154.380, 21.290);
 insert into MAPITEMS values (158, 4, 69);
 insert into MAPS values (159, 24, 'mprima2p_4', NULL, 1, 154.380, 21.290);
 insert into MAPITEMS values (159, 4, 86);
 insert into MAPS values (160, 24, 'mprima2p_5', NULL, 1, 154.380, 21.290);
 insert into MAPITEMS values (160, 4, 106);
 insert into MAPS values (161, 24, 'mprima2e', NULL, 2, 154.380, 21.290);
 insert into MAPITEMS values (161, 4, 115);
 insert into CENTRELINE values (166, 24, NULL, '2000-07-19', NULL, 154.38, 0.00, 0.00);
 insert into PERSON values (1, 'Jan', 'Evetts');
insert into TOPO values (1, 166);
 insert into PERSON values (2, 'James', 'Hooper');
insert into TOPO values (2, 166);
 insert into SHOT values (1, 1, 2, 166, 3.46, 184.53, -43.00, 3.52, 183.33, -42.76, 0.08, 138.96, -21.69);
insert into SHOT values (2, 3, 1, 166, 6.94, 185.53, -22.00, 6.99, 184.25, -22.02, 0.15, 111.50, -7.63);
insert into SHOT values (3, 4, 3, 166, 2.39, 32.53, -44.00, 2.42, 33.96, -44.06, 0.05, 101.75, -23.07);
insert into SHOT values (4, 5, 4, 166, 3.71, 193.53, -42.00, 3.76, 192.40, -41.92, 0.07, 137.61, -22.34);
insert into SHOT values (5, 6, 5, 166, 4.15, 194.53, 0.00, 4.17, 193.30, -0.14, 0.09, 117.73, -6.21);
insert into SHOT values (6, 7, 6, 166, 8.20, 213.53, 5.00, 8.19, 211.88, 4.76, 0.24, 120.80, -8.36);
insert into SHOT values (7, 8, 7, 166, 3.29, 217.53, 20.00, 3.26, 216.38, 19.89, 0.07, 106.14, -13.00);
insert into SHOT values (8, 9, 8, 166, 4.20, 177.53, -26.00, 4.27, 176.56, -25.98, 0.09, 130.94, -17.89);
insert into SHOT values (9, 10, 9, 166, 8.19, 199.53, -22.00, 8.22, 197.91, -22.17, 0.22, 112.74, -8.43);
insert into SHOT values (10, 11, 10, 166, 3.09, 189.53, 2.00, 3.14, 188.44, 1.83, 0.08, 136.67, -5.97);
insert into SHOT values (11, 12, 11, 166, 5.91, 281.53, 51.00, 5.81, 281.25, 51.86, 0.13, 109.35, -9.88);
insert into SHOT values (12, 13, 12, 166, 4.98, 301.53, -15.00, 4.85, 301.62, -15.54, 0.14, 118.71, -4.63);
insert into SHOT values (13, 14, 13, 166, 4.60, 2.53, -90.00, 4.62, 116.57, -89.45, 0.05, 116.57, -24.09);
insert into SHOT values (14, 15, 14, 166, 2.61, 203.53, -14.00, 2.62, 202.22, -14.36, 0.06, 118.82, -17.65);
insert into SHOT values (15, 16, 15, 166, 2.55, 271.53, -24.00, 2.45, 271.03, -24.58, 0.10, 102.74, 9.63);
insert into SHOT values (16, 17, 16, 166, 6.05, 4.53, 5.00, 5.99, 5.86, 4.88, 0.15, 117.01, -6.57);
insert into SHOT values (17, 18, 17, 166, 2.74, 2.53, -90.00, 2.76, 123.69, -89.25, 0.04, 123.69, -29.02);
insert into SHOT values (18, 19, 18, 166, 2.29, 186.53, -14.00, 2.34, 185.31, -14.10, 0.07, 140.78, -13.30);
insert into SHOT values (19, 20, 19, 166, 3.03, 2.53, -90.00, 3.06, 104.04, -89.23, 0.05, 104.04, -36.04);
insert into SHOT values (20, 21, 20, 166, 2.71, 121.53, 21.00, 2.83, 121.59, 20.46, 0.12, 122.83, 8.68);
insert into SHOT values (21, 22, 21, 166, 3.95, 241.53, 11.00, 3.87, 240.54, 10.87, 0.10, 102.47, -13.20);
insert into SHOT values (22, 23, 22, 166, 3.05, 180.53, 5.00, 3.10, 179.63, 4.81, 0.07, 136.99, -4.71);
insert into SHOT values (23, 24, 23, 166, 5.65, 288.53, 0.00, 5.51, 288.30, -0.21, 0.14, 117.41, -7.96);
insert into SHOT values (24, 25, 24, 166, 6.00, 256.53, 31.00, 5.87, 255.66, 30.64, 0.16, 115.10, -39.12);
insert into SHOT values (25, 26, 25, 166, 7.95, 163.53, -5.00, 8.06, 162.42, -5.98, 0.23, 104.45, -39.14);
insert into SHOT values (26, 27, 26, 166, 4.24, 137.53, 19.00, 4.33, 137.16, 17.90, 0.12, 123.91, -24.16);
insert into SHOT values (27, 28, 27, 166, 4.04, 191.53, 19.00, 4.05, 190.32, 17.98, 0.11, 122.65, -36.72);
insert into SHOT values (28, 29, 28, 166, 3.70, 133.53, -53.00, 3.85, 133.26, -52.66, 0.15, 127.73, -44.12);
insert into SHOT values (29, 30, 29, 166, 15.90, 153.53, -12.00, 16.04, 151.94, -13.44, 0.61, 69.53, -44.21);
insert into SHOT values (30, 31, 30, 166, 2.87, 29.53, 21.00, 2.84, 30.71, 20.20, 0.07, 136.41, -40.43);
insert into SHOT values (31, 32, 31, 166, 11.94, 329.53, 65.00, 11.80, 330.27, 66.11, 0.28, 136.59, -6.51);
insert into SURVEY values (168, 22, 'prima1', 'prima1.primadona.sistem_prima', NULL);
 insert into CENTRELINE values (169, 168, NULL, NULL, NULL, 0.00, 0.00, 0.00);
 insert into SCRAPS values (170, 168, 'prima1p_ent', 1);
 insert into SCRAPS values (198, 168, 'prima1p_1', 1);
 insert into SCRAPS values (212, 168, 'prima1p_2', 1);
 insert into SCRAPS values (232, 168, 'prima1p_3', 1);
 insert into SCRAPS values (254, 168, 'prima1p_4', 1);
 insert into SCRAPS values (279, 168, 'prima1p_5', 1);
 insert into SCRAPS values (292, 168, 'prima1p_6', 1);
 insert into SCRAPS values (311, 168, 'prima1p_7', 1);
 insert into SCRAPS values (331, 168, 'prima1_1e', 2);
 insert into MAPS values (386, 168, 'mprimap_ent', NULL, 1, 276.880, 147.480);
 insert into MAPITEMS values (386, 4, 170);
 insert into MAPS values (387, 168, 'mprimap_1', NULL, 1, 276.880, 147.480);
 insert into MAPITEMS values (387, 4, 198);
 insert into MAPS values (388, 168, 'mprimap_2', NULL, 1, 276.880, 147.480);
 insert into MAPITEMS values (388, 4, 212);
 insert into MAPS values (389, 168, 'mprimap_3', NULL, 1, 276.880, 147.480);
 insert into MAPITEMS values (389, 4, 232);
 insert into MAPS values (390, 168, 'mprimap_4', NULL, 1, 276.880, 147.480);
 insert into MAPITEMS values (390, 4, 254);
 insert into MAPS values (391, 168, 'mprimap_5', NULL, 1, 276.880, 147.480);
 insert into MAPITEMS values (391, 4, 279);
 insert into MAPS values (392, 168, 'mprimap_6', NULL, 1, 276.880, 147.480);
 insert into MAPITEMS values (392, 4, 292);
 insert into MAPS values (393, 168, 'mprimap_7', NULL, 1, 276.880, 147.480);
 insert into MAPITEMS values (393, 4, 311);
 insert into MAPS values (394, 168, 'mprima1e', NULL, 2, 276.880, 147.480);
 insert into MAPITEMS values (394, 4, 331);
 insert into CENTRELINE values (402, 168, NULL, '2000-07-20', NULL, 276.88, 0.00, 0.00);
 insert into PERSON values (3, 'Thomas', 'Ayles');
insert into TOPO values (3, 402);
 insert into TOPO values (2, 402);
 insert into SHOT values (32, 33, 34, 402, 5.79, 24.53, -12.00, 5.78, 24.58, -11.07, 0.09, 47.08, 83.02);
insert into SHOT values (33, 34, 35, 402, 11.52, 326.53, -2.00, 11.52, 326.65, -0.35, 0.33, 50.06, 85.76);
insert into SHOT values (34, 35, 36, 402, 20.32, 18.53, 82.00, 20.42, 18.43, 82.26, 0.13, 202.05, 54.46);
insert into SHOT values (35, 36, 37, 402, 4.40, 359.53, 20.00, 4.44, 359.59, 20.84, 0.08, 13.38, 78.03);
insert into SHOT values (36, 37, 38, 402, 2.77, 328.53, 18.00, 2.80, 328.59, 18.77, 0.05, 339.64, 72.54);
insert into SHOT values (37, 39, 38, 402, 3.75, 77.53, -33.00, 3.79, 77.55, -33.78, 0.07, 83.30, -82.25);
insert into SHOT values (38, 39, 40, 402, 3.00, 309.53, 12.00, 3.02, 309.48, 13.02, 0.06, 287.58, 82.78);
insert into SHOT values (39, 40, 41, 402, 4.95, 38.53, 23.00, 4.99, 38.97, 21.62, 0.13, 60.71, -45.22);
insert into SHOT values (40, 42, 41, 402, 7.48, 33.53, -36.00, 7.35, 32.71, -35.54, 0.17, 262.79, 48.05);
insert into SHOT values (41, 42, 43, 402, 4.82, 321.53, 11.00, 4.76, 322.45, 9.91, 0.13, 79.50, -49.66);
insert into SHOT values (42, 44, 43, 402, 10.45, 217.53, -11.00, 10.52, 218.44, -9.08, 0.39, 268.53, 57.75);
insert into SHOT values (43, 44, 45, 402, 11.25, 341.53, 33.00, 11.20, 343.08, 31.44, 0.40, 47.55, -45.45);
insert into SHOT values (44, 45, 46, 402, 9.30, 351.53, 58.00, 9.21, 352.56, 56.95, 0.21, 35.64, -52.13);
insert into SHOT values (45, 46, 47, 402, 19.04, 2.53, 66.00, 18.97, 3.64, 63.89, 0.72, 17.56, -30.32);
insert into SHOT values (46, 47, 48, 402, 4.18, 38.53, 50.00, 4.16, 39.08, 48.67, 0.10, 63.33, -52.55);
insert into SHOT values (47, 49, 48, 402, 1.22, 149.53, -11.00, 1.17, 150.99, -9.83, 0.06, 295.21, 32.14);
insert into SHOT values (48, 49, 50, 402, 6.93, 301.53, 25.00, 6.82, 302.46, 24.15, 0.18, 61.86, -49.83);
insert into SHOT values (49, 50, 51, 402, 2.50, 329.53, -5.00, 2.49, 330.43, -6.00, 0.06, 85.47, -44.46);
insert into SHOT values (50, 51, 52, 402, 21.83, 334.53, 78.00, 21.71, 335.60, 77.70, 0.19, 20.32, -50.05);
insert into SHOT values (51, 53, 52, 402, 4.91, 231.53, -18.00, 4.98, 231.90, -16.70, 0.13, 249.44, 41.07);
insert into SHOT values (52, 53, 54, 402, 5.35, 339.53, 30.00, 5.29, 340.55, 29.07, 0.13, 76.49, -51.89);
insert into SHOT values (53, 54, 55, 402, 2.72, 339.53, 30.00, 2.66, 340.40, 29.21, 0.08, 111.15, -52.03);
insert into SHOT values (54, 56, 55, 402, 9.24, 116.53, 19.00, 9.21, 117.55, 20.86, 0.34, 247.50, 53.41);
insert into SHOT values (55, 56, 57, 402, 17.09, 12.53, 59.00, 17.04, 13.71, 56.49, 0.77, 30.29, -34.69);
insert into SHOT values (56, 57, 58, 402, 10.48, 356.53, 76.00, 10.37, 357.41, 75.19, 0.19, 15.60, -48.23);
insert into SHOT values (57, 58, 59, 402, 1.77, 356.53, 26.00, 1.75, 357.84, 24.65, 0.06, 86.77, -51.70);
insert into SHOT values (58, 59, 60, 402, 2.24, 320.53, 37.00, 2.14, 321.60, 36.40, 0.11, 114.83, -46.55);
insert into SHOT values (59, 61, 60, 402, 3.54, 240.53, -30.00, 3.58, 240.82, -28.73, 0.09, 252.82, 33.99);
insert into SHOT values (60, 61, 62, 402, 5.57, 359.53, 58.00, 5.49, 0.38, 57.03, 0.13, 48.88, -62.77);
insert into SHOT values (61, 62, 63, 402, 4.56, 335.53, 25.00, 4.50, 336.43, 24.16, 0.11, 91.32, -50.56);
insert into SHOT values (62, 64, 63, 402, 4.47, 107.53, 6.00, 4.39, 108.19, 7.19, 0.13, 258.16, 39.29);
insert into SHOT values (63, 64, 65, 402, 5.72, 253.53, -24.00, 5.66, 253.52, -25.52, 0.16, 74.31, -44.50);
insert into SHOT values (64, 66, 65, 402, 5.60, 125.53, -18.00, 5.51, 126.44, -17.09, 0.15, 249.76, 47.76);
insert into SHOT values (65, 66, 67, 402, 34.19, 22.53, 43.00, 34.37, 25.09, 36.99, 3.78, 49.39, -44.22);
insert into SHOT values (66, 68, 67, 402, 3.93, 83.53, -1.00, 3.81, 83.68, 0.00, 0.14, 258.85, 30.46);
insert into SURVEY values (404, 22, 'ttt', 'ttt.primadona.sistem_prima', NULL);
 insert into CENTRELINE values (405, 404, NULL, NULL, NULL, 0.00, 0.00, 0.00);
 insert into SCRAPS values (406, 404, 'tttp_1', 1);
 insert into SCRAPS values (425, 404, 'tttp_2', 1);
 insert into SCRAPS values (442, 404, 'tttp_3', 1);
 insert into SCRAPS values (467, 404, 'tttp_4', 1);
 insert into SCRAPS values (486, 404, 'tttp_5', 1);
 insert into SCRAPS values (512, 404, 'tttp_6', 1);
 insert into SCRAPS values (524, 404, 'scrap135', 1);
 insert into SCRAPS values (526, 404, 'ttt_1e', 2);
 insert into MAPS values (582, 404, 'mttte', NULL, 2, 304.000, 121.330);
 insert into MAPITEMS values (582, 4, 526);
 insert into MAPS values (583, 404, 'mtttp', NULL, 1, 304.000, 121.330);
 insert into MAPITEMS values (583, 4, 406);
 insert into MAPITEMS values (583, 4, 425);
 insert into MAPITEMS values (583, 4, 442);
 insert into MAPITEMS values (583, 4, 467);
 insert into MAPITEMS values (583, 4, 486);
 insert into MAPITEMS values (583, 4, 512);
 insert into CENTRELINE values (589, 404, NULL, '2000-07-08', NULL, 304.00, 0.00, 0.00);
 insert into TOPO values (1, 589);
 insert into PERSON values (4, 'Tivadar', 'Tomaz');
insert into TOPO values (4, 589);
 insert into EXPLO values (1, 589);
 insert into EXPLO values (4, 589);
 insert into SHOT values (67, 69, 70, 589, 41.50, 2.53, 90.00, 41.58, 7.62, 85.63, 3.17, 7.62, -0.72);
insert into SHOT values (68, 70, 71, 589, 12.80, 54.53, 50.00, 12.93, 51.90, 46.62, 0.86, 22.28, -27.99);
insert into SHOT values (69, 71, 72, 589, 8.60, 52.53, 0.00, 8.83, 49.73, -0.52, 0.49, 349.85, -9.35);
insert into SHOT values (70, 72, 73, 589, 7.20, 53.53, 0.00, 7.42, 51.01, -0.39, 0.39, 357.06, -7.29);
insert into SHOT values (71, 73, 74, 589, 6.60, 29.53, 40.00, 6.80, 28.52, 37.70, 0.35, 13.27, -13.62);
insert into SHOT values (72, 74, 75, 589, 4.30, 25.53, 50.00, 4.46, 24.68, 47.87, 0.23, 14.58, 3.92);
insert into SHOT values (73, 75, 76, 589, 9.20, 45.53, 20.00, 9.44, 43.10, 18.34, 0.52, 354.17, -19.96);
insert into SHOT values (74, 76, 77, 589, 5.20, 52.53, 0.00, 5.43, 50.53, -0.42, 0.30, 12.38, -7.76);
insert into SHOT values (75, 77, 78, 589, 7.20, 46.53, -12.00, 7.45, 44.39, -11.85, 0.37, 358.25, -5.17);
insert into SHOT values (76, 78, 79, 589, 6.80, 2.53, 90.00, 6.76, 7.13, 88.63, 0.17, 7.13, -13.93);
insert into SHOT values (77, 79, 80, 589, 8.50, 48.53, 25.00, 8.71, 46.17, 23.27, 0.46, 359.69, -19.15);
insert into SHOT values (78, 80, 81, 589, 11.00, 48.53, 10.00, 11.25, 45.44, 8.80, 0.68, 342.52, -16.15);
insert into SHOT values (79, 81, 82, 589, 4.50, 41.53, 20.00, 4.73, 40.02, 18.86, 0.28, 16.11, -1.89);
insert into SHOT values (80, 82, 83, 589, 9.70, 312.53, 15.00, 9.84, 312.06, 14.84, 0.16, 283.19, 3.39);
insert into SHOT values (81, 83, 84, 589, 12.80, 332.53, -13.00, 12.90, 331.18, -12.21, 0.36, 267.24, 24.53);
insert into SHOT values (82, 84, 85, 589, 10.40, 2.53, 20.00, 10.47, 0.82, 20.06, 0.30, 282.90, 6.30);
insert into SHOT values (83, 85, 86, 589, 3.50, 52.53, 24.00, 3.45, 51.45, 24.30, 0.08, 280.84, -2.59);
insert into SHOT values (84, 86, 87, 589, 4.10, 5.53, 0.00, 4.15, 4.42, 0.28, 0.10, 308.18, 11.82);
insert into SHOT values (85, 87, 88, 589, 4.10, 32.53, 0.00, 4.08, 31.28, 0.14, 0.09, 291.43, 6.27);
insert into SHOT values (86, 88, 89, 589, 6.00, 8.53, 0.00, 6.05, 7.31, 0.19, 0.14, 298.95, 8.30);
insert into SHOT values (87, 89, 90, 589, 12.10, 330.53, 22.00, 12.22, 329.35, 21.66, 0.27, 270.56, -4.80);
insert into SHOT values (88, 90, 91, 589, 18.80, 332.53, -9.00, 18.91, 330.57, -8.02, 0.72, 255.43, 24.65);
insert into SHOT values (89, 91, 92, 589, 16.50, 72.53, 65.00, 16.49, 71.31, 67.17, 0.64, 265.81, 22.52);
insert into SHOT values (90, 92, 93, 589, 7.00, 327.53, 23.00, 7.11, 326.82, 22.75, 0.14, 292.35, 6.01);
insert into SHOT values (91, 93, 94, 589, 5.70, 287.53, 50.00, 5.81, 287.62, 49.13, 0.14, 290.18, 9.93);
insert into SHOT values (92, 94, 95, 589, 6.50, 30.53, 20.00, 6.50, 29.13, 20.24, 0.15, 297.38, 10.18);
insert into SHOT values (93, 95, 96, 589, 10.80, 359.53, 0.00, 10.87, 357.68, 0.32, 0.36, 279.75, 9.55);
insert into SHOT values (94, 96, 97, 589, 5.10, 4.53, 20.00, 5.16, 3.43, 20.05, 0.11, 305.24, 13.34);
insert into SHOT values (95, 97, 98, 589, 4.80, 317.53, 28.00, 4.92, 317.05, 27.61, 0.13, 300.48, 11.91);
insert into SHOT values (96, 98, 99, 589, 9.60, 317.53, 50.00, 9.71, 317.09, 48.84, 0.23, 304.95, -11.13);
insert into SHOT values (97, 99, 100, 589, 3.90, 342.53, 38.00, 3.98, 341.68, 37.65, 0.09, 310.96, 17.95);
insert into SHOT values (98, 100, 101, 589, 10.70, 25.53, 0.00, 10.72, 23.48, 0.37, 0.39, 297.10, 10.34);
insert into SHOT values (99, 101, 102, 589, 8.50, 333.53, 21.00, 8.61, 332.54, 20.76, 0.18, 281.90, 1.25);
insert into SURVEY values (591, 22, 'zima00', 'zima00.primadona.sistem_prima', NULL);
 insert into CENTRELINE values (592, 591, NULL, NULL, NULL, 0.00, 0.00, 0.00);
 insert into SCRAPS values (593, 591, 'zima00p_1', 1);
 insert into SCRAPS values (619, 591, 'zima00p_2', 1);
 insert into SCRAPS values (628, 591, 'zima00p_5', 1);
 insert into SCRAPS values (646, 591, 'zima00p_6', 1);
 insert into SCRAPS values (656, 591, 'zima00p_3', 1);
 insert into SCRAPS values (666, 591, 'zima00p_4', 1);
 insert into SCRAPS values (686, 591, 'zima00_1e', 2);
 insert into MAPS values (738, 591, 'mzima00e', NULL, 2, 249.500, 162.640);
 insert into MAPITEMS values (738, 4, 686);
 insert into MAPS values (739, 591, 'mzima00p_1', NULL, 1, 249.500, 162.640);
 insert into MAPITEMS values (739, 4, 593);
 insert into MAPS values (740, 591, 'mzima00p_2', NULL, 1, 249.500, 162.640);
 insert into MAPITEMS values (740, 4, 619);
 insert into MAPS values (741, 591, 'mzima00p_3', NULL, 1, 249.500, 162.640);
 insert into MAPITEMS values (741, 4, 656);
 insert into MAPS values (742, 591, 'mzima00p_4', NULL, 1, 249.500, 162.640);
 insert into MAPITEMS values (742, 4, 666);
 insert into MAPS values (743, 591, 'mzima00p_5', NULL, 1, 249.500, 162.640);
 insert into MAPITEMS values (743, 4, 628);
 insert into MAPS values (744, 591, 'mzima00p_6', NULL, 1, 249.500, 162.640);
 insert into MAPITEMS values (744, 4, 646);
 insert into CENTRELINE values (747, 591, NULL, '2000-12-28', NULL, 249.50, 0.00, 0.00);
 insert into SHOT values (100, 103, 104, 747, 12.60, 2.57, 90.00, 12.60, 90.00, 90.00, 0.00, 2.57, -64.10);
insert into SHOT values (101, 104, 105, 747, 13.00, 309.57, 60.00, 13.00, 309.51, 59.98, 0.01, 264.83, 9.73);
insert into SHOT values (102, 105, 106, 747, 24.00, 2.57, 90.00, 23.89, 358.01, 87.24, 1.16, 358.01, -6.94);
insert into SHOT values (103, 106, 107, 747, 20.20, 77.57, 50.00, 19.96, 73.93, 54.60, 1.81, 284.49, 26.14);
insert into SHOT values (104, 107, 108, 747, 4.20, 66.57, 0.00, 3.91, 64.35, -1.32, 0.35, 273.45, -15.06);
insert into SHOT values (105, 108, 109, 747, 19.50, 37.57, 70.00, 19.34, 33.15, 72.27, 0.92, 247.20, 5.97);
insert into SHOT values (106, 109, 110, 747, 10.60, 102.57, 5.00, 10.66, 100.96, 4.79, 0.31, 23.91, -6.34);
insert into SHOT values (107, 110, 111, 747, 5.30, 37.57, 35.00, 5.40, 37.72, 34.26, 0.12, 42.89, 0.02);
insert into SHOT values (108, 111, 112, 747, 22.00, 17.57, 55.00, 22.08, 18.35, 52.22, 1.09, 29.06, -31.65);
insert into SHOT values (109, 112, 113, 747, 18.80, 2.57, 90.00, 18.81, 4.40, 87.62, 0.78, 4.40, -0.73);
insert into SHOT values (110, 113, 114, 747, 9.00, 302.57, 40.00, 8.99, 303.92, 40.03, 0.16, 37.93, -1.79);
insert into SHOT values (111, 114, 115, 747, 22.00, 2.57, 90.00, 22.02, 3.78, 87.23, 1.06, 3.78, -0.54);
insert into SHOT values (112, 115, 116, 747, 5.40, 77.57, 0.00, 5.51, 74.75, -0.42, 0.29, 9.18, -7.81);
insert into SHOT values (113, 116, 117, 747, 6.80, 42.57, 0.00, 7.06, 40.69, -0.41, 0.35, 359.94, -8.31);
insert into SHOT values (114, 117, 118, 747, 6.20, 324.57, 28.00, 6.39, 326.56, 26.58, 0.31, 4.30, -9.29);
insert into SHOT values (115, 118, 119, 747, 13.00, 7.57, 5.00, 13.31, 7.57, 3.79, 0.42, 7.42, -37.04);
insert into SHOT values (116, 119, 120, 747, 3.80, 147.57, 28.00, 3.58, 145.65, 28.74, 0.25, 353.13, -14.71);
insert into SHOT values (117, 120, 121, 747, 7.20, 42.57, 40.00, 7.38, 40.90, 37.77, 0.38, 14.27, -16.74);
insert into SHOT values (118, 121, 122, 747, 4.20, 109.57, 37.00, 4.13, 106.95, 37.09, 0.17, 356.35, -12.92);
insert into SHOT values (119, 122, 123, 747, 6.70, 72.57, -10.00, 6.84, 69.49, -10.18, 0.39, 2.19, -6.91);
insert into SHOT values (120, 123, 124, 747, 15.00, 52.57, 0.00, 15.28, 48.10, -0.79, 1.23, 333.43, -9.83);
insert into SURVEY values (753, 22, 'risanke', 'risanke.primadona.sistem_prima', NULL);
 insert into CENTRELINE values (754, 753, NULL, NULL, NULL, 0.00, 0.00, 0.00);
 insert into SCRAPS values (755, 753, 'risankep_1', 1);
 insert into SCRAPS values (770, 753, 'risanke_e1', 2);
 insert into MAPS values (797, 753, 'mrisanke_e', NULL, 2, 27.100, 18.620);
 insert into MAPITEMS values (797, 4, 770);
 insert into MAPS values (798, 753, 'mrisankep_1', NULL, 1, 27.100, 18.620);
 insert into MAPITEMS values (798, 4, 755);
 insert into CENTRELINE values (799, 753, NULL, '2001-07-19', NULL, 27.10, 0.00, 0.00);
 insert into PERSON values (5, 'Kragelj', 'Tomaz');
insert into TOPO values (5, 799);
 insert into TOPO values (4, 799);
 insert into SHOT values (121, 125, 126, 799, 6.30, 316.62, 44.00, 6.21, 317.03, 45.09, 0.15, 124.44, 9.05);
insert into SHOT values (122, 126, 127, 799, 6.10, 13.62, 57.00, 6.09, 14.80, 57.28, 0.08, 130.34, 3.12);
insert into SHOT values (123, 127, 128, 799, 9.50, 11.12, 47.00, 9.48, 12.61, 47.42, 0.18, 122.94, 10.19);
insert into SHOT values (124, 129, 128, 799, 5.20, 123.62, -24.00, 5.08, 123.69, -24.67, 0.14, 301.33, -2.10);
insert into SURVEY values (801, 22, 'risa2', 'risa2.primadona.sistem_prima', NULL);
 insert into CENTRELINE values (802, 801, NULL, NULL, NULL, 0.00, 0.00, 0.00);
 insert into SCRAPS values (803, 801, 'risa2_e1', 2);
 insert into SCRAPS values (847, 801, 'risa2p_1', 1);
 insert into SCRAPS values (875, 801, 'risa2p_2', 1);
 insert into SCRAPS values (893, 801, 'risa2p_3', 1);
 insert into MAPS values (907, 801, 'mrisa2_e', NULL, 2, 62.700, 6.290);
 insert into MAPITEMS values (907, 4, 803);
 insert into MAPS values (908, 801, 'mrisa2p_1', NULL, 1, 62.700, 6.290);
 insert into MAPITEMS values (908, 4, 847);
 insert into MAPS values (909, 801, 'mrisa2p_2', NULL, 1, 62.700, 6.290);
 insert into MAPITEMS values (909, 4, 875);
 insert into MAPS values (910, 801, 'mrisa2p_3', NULL, 1, 62.700, 6.290);
 insert into MAPITEMS values (910, 4, 893);
 insert into CENTRELINE values (913, 801, NULL, '2001-09-21', NULL, 62.70, 0.00, 0.00);
 insert into PERSON values (6, 'Begus', 'Tadej');
insert into TOPO values (6, 913);
 insert into TOPO values (4, 913);
 insert into EXPLO values (4, 913);
 insert into SHOT values (125, 130, 131, 913, 7.40, 63.64, 27.00, 7.33, 62.45, 27.38, 0.16, 300.85, 3.73);
insert into SHOT values (126, 131, 132, 913, 3.00, 76.64, -9.00, 2.89, 75.82, -9.15, 0.11, 277.70, 4.67);
insert into SHOT values (127, 132, 133, 913, 5.30, 183.64, -30.00, 5.25, 184.81, -30.29, 0.11, 304.37, -0.00);
insert into SHOT values (128, 133, 134, 913, 7.40, 166.64, -16.00, 7.31, 167.91, -16.36, 0.19, 289.27, -6.29);
insert into SHOT values (129, 134, 135, 913, 6.65, 142.14, -3.00, 6.53, 142.80, -3.16, 0.15, 291.30, -4.69);
insert into SHOT values (130, 135, 136, 913, 5.45, 135.64, -8.00, 5.33, 136.08, -8.20, 0.13, 297.29, -0.68);
insert into SHOT values (131, 136, 137, 913, 6.65, 107.64, 17.50, 6.51, 107.38, 17.90, 0.15, 298.16, 0.12);
insert into SHOT values (132, 137, 138, 913, 5.45, 177.64, -17.50, 5.39, 178.77, -17.72, 0.12, 301.31, -0.54);
insert into SHOT values (133, 138, 139, 913, 5.50, 140.64, 1.00, 5.37, 141.12, 0.96, 0.14, 301.38, -2.49);
insert into SHOT values (134, 139, 140, 913, 4.95, 132.64, 15.50, 4.82, 133.08, 15.76, 0.13, 297.16, -5.48);
insert into SHOT values (135, 140, 141, 913, 4.95, 119.64, 0.00, 4.81, 119.66, -0.12, 0.14, 299.03, -4.09);
insert into SURVEY values (915, 22, 'pov', 'pov.primadona.sistem_prima', NULL);
 insert into CENTRELINE values (916, 915, NULL, NULL, NULL, 0.00, 0.00, 0.00);
 insert into SCRAPS values (917, 915, 'povp_1', 1);
 insert into SCRAPS values (930, 915, 'povp_2', 1);
 insert into SCRAPS values (947, 915, 'povp_3', 1);
 insert into SCRAPS values (972, 915, 'povp_4', 1);
 insert into SCRAPS values (994, 915, 'povp_5', 1);
 insert into SCRAPS values (1006, 915, 'pov_e1', 2);
 insert into MAPS values (1080, 915, 'mpov_e1', NULL, 2, 190.350, 38.010);
 insert into MAPITEMS values (1080, 4, 1006);
 insert into MAPS values (1081, 915, 'mpovp_1', NULL, 1, 190.350, 38.010);
 insert into MAPITEMS values (1081, 4, 917);
 insert into MAPS values (1082, 915, 'mpovp_2', NULL, 1, 190.350, 38.010);
 insert into MAPITEMS values (1082, 4, 930);
 insert into MAPS values (1083, 915, 'mpovp_3', NULL, 1, 190.350, 38.010);
 insert into MAPITEMS values (1083, 4, 947);
 insert into MAPS values (1084, 915, 'mpovp_4', NULL, 1, 190.350, 38.010);
 insert into MAPITEMS values (1084, 4, 972);
 insert into MAPS values (1085, 915, 'mpovp_5', NULL, 1, 190.350, 38.010);
 insert into MAPITEMS values (1085, 4, 994);
 insert into MAPS values (1086, 915, 'mpov', NULL, 1, 190.350, 38.010);
 insert into MAPITEMS values (1086, 4, 1081);
 insert into MAPITEMS values (1086, 4, 1082);
 insert into MAPITEMS values (1086, 4, 1083);
 insert into MAPITEMS values (1086, 4, 1084);
 insert into MAPITEMS values (1086, 4, 1085);
 insert into CENTRELINE values (1093, 915, NULL, '2001-07-28', NULL, 190.35, 0.00, 34.40);
 insert into TOPO values (5, 1093);
 insert into TOPO values (4, 1093);
 insert into EXPLO values (5, 1093);
 insert into EXPLO values (4, 1093);
 insert into SHOT values (136, 142, 143, 1093, 12.40, 45.63, 12.00, 12.45, 47.06, 11.54, 0.32, 123.51, -15.75);
insert into SHOT values (137, 143, 144, 1093, 7.70, 67.63, 0.00, 7.78, 68.35, -0.22, 0.13, 119.13, -13.43);
insert into SHOT values (138, 144, 145, 1093, 7.30, 345.63, 2.00, 7.25, 346.60, 1.82, 0.13, 97.44, -10.60);
insert into SHOT values (139, 145, 146, 1093, 9.75, 315.63, -6.00, 9.67, 316.35, -6.42, 0.16, 82.81, -21.75);
insert into SHOT values (140, 146, 147, 1093, 15.20, 28.63, 10.00, 15.23, 30.58, 9.56, 0.52, 114.08, -12.04);
insert into SHOT values (141, 147, 148, 1093, 8.40, 24.63, -14.00, 8.42, 25.84, -14.16, 0.18, 109.87, -9.08);
insert into SHOT values (142, 148, 149, 1093, 1.20, 0.63, -7.00, 1.18, 1.96, -7.30, 0.03, 127.85, -6.27);
insert into SHOT values (143, 149, 150, 1093, 8.50, 41.63, 35.00, 8.52, 42.58, 34.53, 0.14, 105.54, -19.29);
insert into SHOT values (144, 150, 151, 1093, 9.00, 340.63, 15.00, 8.94, 341.71, 14.97, 0.18, 90.33, -6.35);
insert into SHOT values (145, 151, 152, 1093, 9.30, 324.63, 6.00, 9.22, 325.48, 5.85, 0.16, 83.17, -11.66);
insert into SHOT values (146, 152, 153, 1093, 2.60, 251.63, -1.00, 2.51, 251.20, -1.14, 0.09, 83.78, -3.02);
insert into SHOT values (147, 153, 154, 1093, 11.15, 346.63, 13.50, 11.10, 347.97, 13.39, 0.26, 87.31, -7.26);
insert into SHOT values (148, 154, 155, 1093, 12.40, 50.63, 32.00, 12.44, 51.79, 31.23, 0.28, 111.52, -25.96);
insert into SHOT values (149, 155, 156, 1093, 5.40, 15.63, 58.00, 5.39, 16.47, 57.99, 0.04, 111.94, -12.60);
insert into SHOT values (150, 156, 157, 1093, 5.70, 0.63, 11.00, 5.67, 1.54, 10.87, 0.09, 105.66, -10.79);
insert into SHOT values (151, 157, 158, 1093, 7.05, 64.63, 14.00, 7.12, 65.32, 13.56, 0.12, 110.76, -16.90);
insert into SHOT values (152, 158, 159, 1093, 9.40, 354.63, 30.00, 9.36, 355.75, 30.06, 0.16, 98.69, -3.48);
insert into SHOT values (153, 159, 160, 1093, 6.95, 9.63, 9.00, 6.94, 10.75, 8.78, 0.14, 101.87, -11.39);
insert into SHOT values (154, 160, 161, 1093, 10.00, 29.63, 14.00, 10.02, 30.96, 13.68, 0.23, 111.60, -12.09);
insert into SHOT values (155, 161, 162, 1093, 2.20, 64.13, 9.00, 2.27, 64.69, 8.61, 0.08, 81.11, -3.14);
insert into SHOT values (156, 162, 163, 1093, 5.90, 355.63, 4.00, 5.86, 356.57, 3.91, 0.10, 106.05, -6.41);
insert into SHOT values (157, 163, 164, 1093, 3.00, 89.63, 5.00, 3.09, 89.81, 4.64, 0.09, 95.96, -7.11);
insert into SHOT values (158, 164, 165, 1093, 9.50, 343.63, 0.00, 9.45, 344.79, -0.24, 0.20, 88.46, -11.40);
insert into SHOT values (159, 165, 166, 1093, 3.30, 294.13, 21.00, 3.20, 294.16, 21.26, 0.10, 113.15, -12.77);
insert into SHOT values (160, 166, 167, 1093, 4.85, 319.63, 0.00, 4.77, 320.10, -0.12, 0.09, 113.08, -6.42);
insert into SHOT values (161, 167, 168, 1093, 2.20, 357.63, 44.00, 2.16, 358.90, 43.87, 0.05, 120.78, -34.30);
insert into SHOT values (162, 168, 169, 1093, 3.25, 320.63, 0.00, 3.25, 320.62, 0.00, 0.00, 142.16, 0.00);
insert into SHOT_FLAG values(162, 'dpl');
insert into SHOT values (163, 169, 170, 1093, 4.45, 66.63, -12.00, 4.45, 66.56, -11.94, 0.01, 299.00, 39.53);
insert into SHOT_FLAG values(163, 'dpl');
insert into SHOT values (164, 170, 171, 1093, 9.25, 123.63, -14.00, 9.25, 123.64, -14.02, 0.00, 271.44, -32.47);
insert into SHOT_FLAG values(164, 'dpl');
insert into SHOT values (165, 171, 172, 1093, 4.80, 55.63, 14.00, 4.80, 55.66, 13.97, 0.01, 86.23, -11.61);
insert into SHOT_FLAG values(165, 'dpl');
insert into SHOT values (166, 172, 173, 1093, 2.90, 107.63, 14.00, 2.90, 107.60, 13.98, 0.00, 318.46, -30.51);
insert into SHOT_FLAG values(166, 'dpl');
insert into SHOT values (167, 173, 174, 1093, 9.75, 144.63, -12.00, 9.75, 144.64, -11.96, 0.01, 197.27, 61.11);
insert into SHOT_FLAG values(167, 'dpl');
insert into SURVEY values (1095, 22, 'galerija', 'galerija.primadona.sistem_prima', NULL);
 insert into CENTRELINE values (1096, 1095, NULL, NULL, NULL, 0.00, 0.00, 0.00);
 insert into SCRAPS values (1097, 1095, 'galerijap_1', 1);
 insert into SCRAPS values (1117, 1095, 'galerijap_2', 1);
 insert into SCRAPS values (1130, 1095, 'galerijap_3', 1);
 insert into SCRAPS values (1143, 1095, 'galerijap_4', 1);
 insert into SCRAPS values (1182, 1095, 'galerijap_5', 1);
 insert into SCRAPS values (1201, 1095, 'galerijap_6', 1);
 insert into SCRAPS values (1213, 1095, 'galerija_e1', 2);
 insert into MAPS values (1290, 1095, 'mgalerija_e1', NULL, 2, 212.700, 56.650);
 insert into MAPITEMS values (1290, 4, 1213);
 insert into MAPS values (1291, 1095, 'mgalerijap_3', NULL, 1, 212.700, 56.650);
 insert into MAPITEMS values (1291, 4, 1130);
 insert into MAPS values (1292, 1095, 'mgalerijap_1', NULL, 1, 212.700, 56.650);
 insert into MAPITEMS values (1292, 4, 1097);
 insert into MAPS values (1293, 1095, 'mgalerijap_2', NULL, 1, 212.700, 56.650);
 insert into MAPITEMS values (1293, 4, 1117);
 insert into MAPS values (1294, 1095, 'mgalerijap_4', NULL, 1, 212.700, 56.650);
 insert into MAPITEMS values (1294, 4, 1143);
 insert into MAPS values (1295, 1095, 'mgalerijap_5', NULL, 1, 212.700, 56.650);
 insert into MAPITEMS values (1295, 4, 1182);
 insert into MAPS values (1296, 1095, 'mgalerijap_6', NULL, 1, 212.700, 56.650);
 insert into MAPITEMS values (1296, 4, 1201);
 insert into CENTRELINE values (1299, 1095, NULL, '2001-09-21', NULL, 212.70, 0.00, 0.00);
 insert into TOPO values (5, 1299);
 insert into TOPO values (4, 1299);
 insert into SHOT values (168, 175, 176, 1299, 27.60, 2.64, 90.00, 27.60, 90.00, 90.00, 0.00, 2.64, -43.79);
insert into SHOT values (169, 176, 177, 1299, 2.05, 15.64, 39.00, 2.05, 15.70, 39.07, 0.00, 172.67, -1.45);
insert into SHOT values (170, 177, 178, 1299, 5.15, 25.64, 36.00, 5.15, 25.58, 36.01, 0.01, 323.61, 31.72);
insert into SHOT values (171, 178, 179, 1299, 3.90, 46.64, 9.00, 3.90, 46.68, 9.01, 0.00, 186.43, -1.13);
insert into SHOT values (172, 179, 180, 1299, 5.05, 340.64, 30.00, 5.05, 340.65, 29.93, 0.01, 358.58, -52.00);
insert into SHOT values (173, 180, 181, 1299, 8.10, 35.64, 2.00, 8.10, 35.65, 1.98, 0.00, 71.69, -38.18);
insert into SHOT values (174, 181, 182, 1299, 6.05, 14.64, 32.00, 6.05, 14.69, 32.05, 0.01, 140.93, 36.77);
insert into SHOT values (175, 182, 183, 1299, 8.70, 75.64, -13.00, 8.70, 75.65, -13.02, 0.00, 218.98, -41.00);
insert into SHOT values (176, 183, 184, 1299, 7.95, 48.64, 24.50, 7.96, 48.58, 24.50, 0.01, 1.97, 18.36);
insert into SHOT values (177, 184, 185, 1299, 14.05, 16.64, -1.50, 14.04, 16.64, -1.51, 0.01, 192.79, -16.89);
insert into SHOT values (178, 185, 186, 1299, 16.70, 65.64, 2.00, 16.54, 65.59, 1.77, 0.18, 250.52, -24.06);
insert into SHOT values (179, 186, 187, 1299, 11.20, 88.64, 6.00, 11.04, 89.63, 5.98, 0.25, 218.62, -4.75);
insert into SHOT values (180, 187, 188, 1299, 12.65, 80.64, -3.50, 12.49, 81.37, -3.95, 0.25, 216.95, -20.88);
insert into SHOT values (181, 188, 189, 1299, 12.30, 26.64, 0.00, 12.18, 24.80, -0.28, 0.41, 279.21, -8.32);
insert into SHOT values (182, 189, 190, 1299, 4.85, 53.64, 35.00, 4.70, 53.31, 35.78, 0.16, 241.57, -11.36);
insert into SHOT values (183, 190, 191, 1299, 4.50, 102.64, 0.00, 4.53, 102.87, 0.00, 0.04, 131.17, 0.00);
insert into SHOT values (184, 191, 192, 1299, 21.30, 2.64, 90.00, 21.29, 181.59, 89.03, 0.36, 181.59, -1.59);
insert into SHOT values (185, 192, 193, 1299, 4.30, 2.64, 68.00, 4.29, 2.88, 68.20, 0.02, 162.99, -19.03);
insert into SHOT values (186, 193, 194, 1299, 10.55, 19.64, 3.00, 10.52, 20.21, 2.94, 0.11, 125.12, -6.36);
insert into SHOT values (187, 194, 195, 1299, 5.50, 2.64, 90.00, 5.50, 180.00, 89.69, 0.03, 180.00, 0.00);
insert into SHOT values (188, 195, 196, 1299, 5.75, 255.64, 44.00, 5.73, 255.36, 44.13, 0.03, 117.56, -8.02);
insert into SHOT values (189, 196, 197, 1299, 6.45, 319.64, 3.00, 6.41, 319.56, 2.95, 0.04, 150.69, -9.85);
insert into SHOT values (190, 197, 198, 1299, 7.50, 333.64, 17.00, 7.45, 333.76, 17.09, 0.05, 136.39, -3.17);
insert into SHOT values (191, 198, 199, 1299, 5.80, 284.64, -4.00, 5.77, 284.37, -4.07, 0.04, 150.73, -8.34);
insert into SHOT values (192, 200, 199, 1299, 5.00, 54.64, 3.00, 5.00, 54.21, 2.98, 0.04, 324.02, -2.57);
insert into SHOT values (193, 200, 201, 1299, 10.00, 304.64, 24.00, 9.96, 304.46, 24.19, 0.06, 153.49, 12.13);
insert into SHOT values (194, 201, 202, 1299, 3.65, 220.64, 0.00, 3.66, 220.13, 0.16, 0.04, 150.40, 16.03);
insert into SHOT values (195, 202, 203, 1299, 3.70, 128.64, 0.00, 3.74, 128.71, 0.15, 0.04, 134.78, 13.34);
insert into SURVEY values (1301, 22, 'drugi', 'drugi.primadona.sistem_prima', NULL);
 insert into CENTRELINE values (1302, 1301, NULL, NULL, NULL, 0.00, 0.00, 0.00);
 insert into SCRAPS values (1303, 1301, 'drugip_1', 1);
 insert into SCRAPS values (1322, 1301, 'drugip_2', 1);
 insert into SCRAPS values (1338, 1301, 'drugip_3', 1);
 insert into MAPS values (1351, 1301, 'mdrugip_1', NULL, 1, 155.300, 66.280);
 insert into MAPITEMS values (1351, 4, 1303);
 insert into MAPS values (1352, 1301, 'mdrugip_2', NULL, 1, 155.300, 66.280);
 insert into MAPITEMS values (1352, 4, 1322);
 insert into MAPS values (1353, 1301, 'mdrugip_3', NULL, 1, 155.300, 66.280);
 insert into MAPITEMS values (1353, 4, 1338);
 insert into CENTRELINE values (1355, 1301, NULL, '2001-07-18', NULL, 155.30, 0.00, 0.00);
 insert into TOPO values (6, 1355);
 insert into TOPO values (4, 1355);
 insert into EXPLO values (6, 1355);
 insert into EXPLO values (4, 1355);
 insert into SHOT values (196, 204, 205, 1355, 8.00, 147.62, -73.00, 8.00, 147.60, -73.04, 0.01, 334.92, 4.24);
insert into SHOT values (197, 206, 204, 1355, 5.40, 247.62, -68.00, 5.40, 247.62, -68.02, 0.00, 77.53, -80.12);
insert into SHOT values (198, 207, 206, 1355, 8.80, 254.62, -50.00, 8.80, 254.61, -50.01, 0.00, 90.34, 16.48);
insert into SHOT values (199, 208, 207, 1355, 3.00, 183.62, -3.00, 3.00, 183.64, -3.06, 0.00, 262.16, -76.57);
insert into SHOT values (200, 209, 208, 1355, 4.50, 247.62, -42.00, 4.51, 247.56, -41.91, 0.01, 228.20, 6.03);
insert into SHOT values (201, 210, 209, 1355, 12.50, 217.62, -29.00, 12.50, 217.60, -29.00, 0.00, 100.39, 1.70);
insert into SHOT values (202, 211, 210, 1355, 20.00, 2.62, -90.00, 20.00, 90.00, -90.00, 0.00, 2.62, 0.00);
insert into SHOT values (203, 212, 211, 1355, 8.50, 2.62, -90.00, 8.50, 90.00, -90.00, 0.00, 2.62, 0.00);
insert into SHOT values (204, 213, 212, 1355, 9.80, 179.62, -69.00, 9.80, 179.67, -69.01, 0.00, 301.62, -13.92);
insert into SHOT values (205, 214, 213, 1355, 5.40, 152.62, 5.00, 5.41, 152.58, 4.99, 0.01, 116.08, -5.25);
insert into SHOT values (206, 215, 214, 1355, 6.40, 151.62, 5.00, 6.40, 151.63, 5.02, 0.00, 202.78, 76.79);
insert into SHOT values (207, 216, 215, 1355, 1.70, 215.62, 0.00, 1.70, 215.66, 0.00, 0.00, 4.68, 0.00);
insert into SHOT values (208, 217, 216, 1355, 3.00, 139.62, 0.00, 2.99, 139.61, 0.00, 0.01, 327.27, 0.00);
insert into SHOT values (209, 218, 217, 1355, 18.00, 142.62, 2.00, 18.00, 142.63, 2.01, 0.01, 185.44, 20.03);
insert into SHOT values (210, 218, 219, 1355, 17.00, 285.62, -28.00, 17.00, 285.61, -27.99, 0.01, 243.37, 11.62);
insert into SHOT values (211, 214, 220, 1355, 11.00, 2.62, -90.00, 11.00, 90.00, -90.00, 0.00, 2.62, 0.00);
insert into SHOT values (212, 220, 221, 1355, 12.30, 163.62, -45.00, 12.31, 163.65, -44.99, 0.01, 203.21, -23.44);
insert into SURVEY values (1367, 22, 'smer0', 'smer0.primadona.sistem_prima', NULL);
 insert into CENTRELINE values (1368, 1367, NULL, NULL, NULL, 0.00, 0.00, 0.00);
 insert into SCRAPS values (1369, 1367, 'smer0p_1', 1);
 insert into SCRAPS values (1391, 1367, 'smer0p_2', 1);
 insert into SCRAPS values (1407, 1367, 'smer0p_3', 1);
 insert into SCRAPS values (1434, 1367, 'smer0p_4', 1);
 insert into SCRAPS values (1466, 1367, 'smer0p_6', 1);
 insert into SCRAPS values (1478, 1367, 'smer0p_5', 1);
 insert into SCRAPS values (1506, 1367, 'smer0_e1', 2);
 insert into MAPS values (1606, 1367, 'msmer0p_1', NULL, 1, 472.750, 123.860);
 insert into MAPITEMS values (1606, 4, 1369);
 insert into MAPS values (1607, 1367, 'msmer0p_2', NULL, 1, 472.750, 123.860);
 insert into MAPITEMS values (1607, 4, 1391);
 insert into MAPS values (1608, 1367, 'msmer0p_3', NULL, 1, 472.750, 123.860);
 insert into MAPITEMS values (1608, 4, 1407);
 insert into MAPS values (1609, 1367, 'msmer0p_4', NULL, 1, 472.750, 123.860);
 insert into MAPITEMS values (1609, 4, 1434);
 insert into MAPS values (1610, 1367, 'msmer0p_5', NULL, 1, 472.750, 123.860);
 insert into MAPITEMS values (1610, 4, 1478);
 insert into MAPS values (1611, 1367, 'msmer0p_6', NULL, 1, 472.750, 123.860);
 insert into MAPITEMS values (1611, 4, 1466);
 insert into MAPS values (1612, 1367, 'msmer0_e', NULL, 2, 472.750, 123.860);
 insert into MAPITEMS values (1612, 4, 1506);
 insert into MAPS values (1618, 1367, 'msmer0p', NULL, 1, 472.750, 123.860);
 insert into MAPITEMS values (1618, 4, 1606);
 insert into MAPITEMS values (1618, 4, 1607);
 insert into MAPITEMS values (1618, 4, 1608);
 insert into MAPITEMS values (1618, 4, 1609);
 insert into MAPITEMS values (1618, 4, 1610);
 insert into MAPITEMS values (1618, 4, 1611);
 insert into CENTRELINE values (1619, 1367, NULL, '2002-12-08', NULL, 472.75, 0.00, 0.00);
 insert into PERSON values (7, 'Dejan', 'Ristic');
insert into TOPO values (7, 1619);
 insert into PERSON values (8, 'Matteo', 'Rivadossi');
insert into TOPO values (8, 1619);
 insert into PERSON values (9, 'Rok', 'Stopar');
insert into TOPO values (9, 1619);
 insert into EXPLO values (7, 1619);
 insert into EXPLO values (8, 1619);
 insert into EXPLO values (9, 1619);
 insert into SHOT values (213, 222, 223, 1619, 29.90, 298.75, 42.00, 29.91, 298.74, 41.99, 0.01, 290.16, 17.94);
insert into SHOT values (214, 224, 222, 1619, 17.00, 35.75, 14.00, 17.00, 35.75, 13.99, 0.01, 51.03, -32.06);
insert into SHOT values (215, 225, 224, 1619, 19.40, 61.75, 38.00, 19.40, 61.78, 37.99, 0.01, 149.49, -27.42);
insert into SHOT values (216, 226, 225, 1619, 19.80, 334.75, 20.00, 19.80, 334.74, 19.99, 0.00, 308.60, -30.70);
insert into SHOT values (217, 227, 226, 1619, 6.60, 2.75, 70.00, 6.61, 2.79, 69.98, 0.01, 18.75, 55.31);
insert into SHOT values (218, 228, 227, 1619, 6.20, 2.75, 90.00, 6.20, 90.00, 90.00, 0.00, 2.75, 64.46);
insert into SHOT values (219, 229, 228, 1619, 4.40, 327.75, 6.00, 4.40, 327.69, 6.00, 0.00, 261.43, 0.88);
insert into SHOT values (220, 230, 229, 1619, 6.10, 352.75, 58.00, 6.09, 352.70, 58.04, 0.01, 196.22, -24.08);
insert into SHOT values (221, 231, 230, 1619, 10.30, 29.75, 18.00, 10.31, 29.78, 17.97, 0.01, 61.98, -15.02);
insert into SHOT values (222, 232, 231, 1619, 6.30, 358.75, 16.00, 6.30, 358.67, 16.04, 0.01, 239.52, 21.43);
insert into SHOT values (223, 233, 232, 1619, 13.30, 21.75, 19.00, 13.30, 21.75, 19.00, 0.00, 120.96, -4.97);
insert into SHOT values (224, 234, 233, 1619, 4.90, 48.75, 29.00, 4.90, 48.69, 28.94, 0.01, 334.30, -50.36);
insert into SHOT values (225, 235, 234, 1619, 5.90, 353.75, 6.00, 5.90, 353.83, 6.04, 0.01, 107.11, 19.16);
insert into SHOT values (226, 236, 235, 1619, 3.20, 273.75, 15.00, 3.21, 273.89, 15.00, 0.01, 324.66, 10.33);
insert into SHOT values (227, 237, 236, 1619, 4.00, 357.75, -19.00, 3.99, 357.72, -19.01, 0.01, 188.49, 13.80);
insert into SHOT values (228, 238, 237, 1619, 2.40, 264.75, 8.00, 2.39, 264.92, 7.93, 0.01, 41.40, -21.72);
insert into SHOT values (229, 239, 238, 1619, 5.00, 13.75, 19.00, 5.00, 13.71, 19.03, 0.00, 238.39, 27.72);
insert into SHOT values (230, 240, 239, 1619, 3.80, 342.75, 25.00, 3.80, 342.77, 24.92, 0.01, 55.19, -73.89);
insert into SHOT values (231, 241, 240, 1619, 3.80, 24.75, 10.00, 3.80, 24.65, 10.01, 0.01, 282.15, 1.16);
insert into SHOT values (232, 242, 241, 1619, 9.30, 336.75, 8.00, 9.30, 336.78, 8.04, 0.01, 104.28, 43.92);
insert into SHOT values (233, 243, 242, 1619, 4.90, 359.75, -65.00, 4.90, 359.72, -65.00, 0.00, 227.46, 37.18);
insert into SHOT values (234, 244, 243, 1619, 4.00, 339.75, 27.00, 3.99, 339.78, 26.95, 0.01, 134.90, -48.76);
insert into SHOT values (235, 245, 244, 1619, 7.10, 290.75, 20.00, 7.10, 290.80, 20.00, 0.01, 352.49, 14.22);
insert into SHOT values (236, 246, 245, 1619, 10.70, 308.75, 23.00, 10.70, 308.73, 23.00, 0.01, 160.64, -9.45);
insert into SHOT values (237, 247, 246, 1619, 3.90, 37.75, 15.00, 3.90, 37.66, 15.02, 0.01, 281.84, 5.49);
insert into SHOT values (238, 248, 247, 1619, 5.10, 48.75, 41.00, 5.11, 48.79, 40.99, 0.01, 71.85, 31.91);
insert into SHOT values (239, 249, 248, 1619, 4.40, 282.75, 47.00, 4.40, 282.69, 46.99, 0.00, 235.87, 28.06);
insert into SHOT values (240, 250, 249, 1619, 2.90, 263.75, -10.00, 2.90, 263.77, -10.12, 0.01, 314.60, -77.13);
insert into SHOT values (241, 251, 250, 1619, 2.80, 317.75, 23.00, 2.80, 317.83, 23.12, 0.01, 53.88, 57.67);
insert into SHOT values (242, 252, 251, 1619, 3.50, 335.75, 8.00, 3.50, 335.65, 7.88, 0.01, 269.51, -48.22);
insert into SHOT values (243, 253, 252, 1619, 5.60, 14.75, 62.00, 5.56, 14.70, 63.04, 0.11, 195.94, 8.28);
insert into SHOT values (244, 254, 253, 1619, 9.20, 321.75, 15.00, 9.14, 320.66, 15.35, 0.19, 209.07, 12.09);
insert into SHOT values (245, 255, 254, 1619, 7.50, 289.75, -13.00, 7.50, 288.58, -12.94, 0.15, 200.49, 2.75);
insert into SHOT values (246, 256, 255, 1619, 10.40, 315.75, 38.00, 10.37, 314.60, 38.60, 0.20, 195.86, 19.72);
insert into SHOT values (247, 257, 256, 1619, 9.50, 322.75, 15.00, 9.45, 321.60, 15.34, 0.20, 212.70, 11.93);
insert into SHOT values (248, 258, 257, 1619, 3.80, 290.75, -25.00, 3.80, 289.86, -24.91, 0.05, 201.17, 6.33);
insert into SHOT values (249, 259, 258, 1619, 5.30, 327.75, 4.00, 5.23, 326.98, 4.17, 0.10, 190.38, 5.70);
insert into SHOT values (250, 260, 259, 1619, 4.80, 2.75, 90.00, 4.81, 188.13, 89.16, 0.07, 188.13, 8.05);
insert into SHOT values (251, 261, 260, 1619, 11.60, 310.75, -10.00, 11.57, 309.19, -9.96, 0.31, 214.36, 2.64);
insert into SHOT values (252, 262, 261, 1619, 14.10, 306.75, -28.00, 14.07, 305.02, -28.12, 0.38, 209.31, -1.59);
insert into SHOT values (253, 263, 262, 1619, 10.70, 338.75, -6.00, 10.62, 337.76, -5.94, 0.20, 226.03, 5.32);
insert into SHOT values (254, 264, 263, 1619, 8.75, 1.75, 12.00, 8.65, 1.36, 12.41, 0.13, 210.21, 18.58);
insert into SHOT values (255, 265, 264, 1619, 9.80, 279.75, -7.00, 9.81, 278.32, -6.85, 0.24, 192.72, 5.72);
insert into SHOT values (256, 266, 265, 1619, 11.50, 0.75, 29.00, 11.50, 0.74, 29.04, 0.01, 189.82, 32.44);
insert into SHOT values (257, 267, 266, 1619, 10.40, 37.75, 19.00, 10.40, 37.73, 18.96, 0.01, 1.68, -52.09);
insert into SHOT values (258, 268, 267, 1619, 22.20, 15.75, 23.00, 22.20, 15.76, 23.01, 0.01, 64.78, 53.67);
insert into SHOT values (259, 269, 268, 1619, 7.90, 337.75, -15.00, 7.90, 337.74, -15.04, 0.01, 187.32, -64.58);
insert into SHOT values (260, 270, 269, 1619, 13.70, 289.75, 9.00, 13.70, 289.73, 8.98, 0.01, 246.28, -32.93);
insert into SHOT values (261, 271, 270, 1619, 8.40, 316.75, 34.00, 8.40, 316.75, 34.03, 0.00, 140.40, 45.23);
insert into SHOT values (262, 272, 271, 1619, 12.30, 298.75, -10.00, 12.30, 298.77, -9.97, 0.01, 1.95, 54.81);
insert into SHOT values (263, 273, 272, 1619, 10.40, 7.75, 20.00, 10.39, 7.77, 19.97, 0.01, 145.01, -57.99);
insert into SHOT values (264, 274, 273, 1619, 4.60, 350.75, -48.00, 4.60, 350.66, -47.99, 0.01, 291.79, -15.56);
insert into SHOT values (265, 275, 274, 1619, 3.30, 72.75, -32.00, 3.31, 72.79, -31.95, 0.01, 89.96, -9.77);
insert into SHOT values (266, 276, 275, 1619, 6.40, 52.75, 12.00, 6.40, 52.73, 12.09, 0.01, 281.07, 72.28);
insert into SHOT values (267, 277, 276, 1619, 6.80, 325.75, -9.00, 6.80, 325.74, -9.05, 0.01, 173.12, -76.76);
insert into SHOT values (268, 278, 277, 1619, 7.60, 67.75, 2.00, 7.60, 67.72, 2.04, 0.01, 4.45, 51.75);
insert into SHOT values (269, 279, 278, 1619, 5.30, 34.75, 47.00, 5.30, 34.75, 46.96, 0.01, 270.13, -88.26);
insert into SURVEY values (1621, 22, 'ajdovscina', 'ajdovscina.primadona.sistem_prima', NULL);
 insert into CENTRELINE values (1622, 1621, NULL, NULL, NULL, 0.00, 0.00, 0.00);
 insert into SCRAPS values (1623, 1621, 'ajdovp_1', 1);
 insert into SCRAPS values (1633, 1621, 'ajdovp_2', 1);
 insert into SCRAPS values (1648, 1621, 'ajdov_e1', 2);
 insert into MAPS values (1658, 1621, 'majdov_e', NULL, 2, 29.000, 12.500);
 insert into MAPITEMS values (1658, 4, 1648);
 insert into MAPS values (1659, 1621, 'madjovp_1', NULL, 1, 29.000, 12.500);
 insert into MAPITEMS values (1659, 4, 1623);
 insert into MAPS values (1660, 1621, 'madjovp_2', NULL, 1, 29.000, 12.500);
 insert into MAPITEMS values (1660, 4, 1633);
 insert into CENTRELINE values (1661, 1621, NULL, '2002-07-27', NULL, 29.00, 0.00, 0.00);
 insert into PERSON values (10, NULL, 'Ista');
insert into TOPO values (10, 1661);
 insert into TOPO values (4, 1661);
 insert into SHOT values (270, 280, 281, 1661, 12.50, 2.71, 90.00, 12.50, 90.00, 90.00, 0.00, 2.71, 0.00);
insert into SHOT values (271, 281, 282, 1661, 4.00, 19.71, 0.00, 4.19, 18.78, -0.27, 0.21, 0.18, -5.59);
insert into SHOT values (272, 282, 283, 1661, 12.50, 52.71, 0.00, 12.64, 49.24, -0.54, 0.78, 331.02, -8.80);
insert into SURVEY values (1663, 22, 'spodnji', 'spodnji.primadona.sistem_prima', NULL);
 insert into CENTRELINE values (1664, 1663, NULL, NULL, NULL, 0.00, 0.00, 0.00);
 insert into SCRAPS values (1665, 1663, 'spodnjip_1', 1);
 insert into SCRAPS values (1680, 1663, 'spodnjip_2', 1);
 insert into SCRAPS values (1696, 1663, 'spodnjip_3', 1);
 insert into SCRAPS values (1710, 1663, 'spodnjip_4', 1);
 insert into SCRAPS values (1719, 1663, 'spodnji_e1', 2);
 insert into MAPS values (1760, 1663, 'mspodnji_e', NULL, 2, 147.600, 98.380);
 insert into MAPITEMS values (1760, 4, 1719);
 insert into MAPS values (1761, 1663, 'mspodnjip_2', NULL, 1, 147.600, 98.380);
 insert into MAPITEMS values (1761, 4, 1680);
 insert into MAPS values (1762, 1663, 'mspodnjip_3', NULL, 1, 147.600, 98.380);
 insert into MAPITEMS values (1762, 4, 1696);
 insert into MAPS values (1763, 1663, 'mspodnjip_4', NULL, 1, 147.600, 98.380);
 insert into MAPITEMS values (1763, 4, 1710);
 insert into CENTRELINE values (1766, 1663, NULL, '2002-07-27', NULL, 147.60, 0.00, 0.00);
 insert into PERSON values (11, 'Stopar', 'Rok');
insert into TOPO values (11, 1766);
 insert into TOPO values (4, 1766);
 insert into PERSON values (12, 'Milan', 'Popdecan');
insert into EXPLO values (12, 1766);
 insert into SHOT values (273, 284, 285, 1766, 7.20, 182.71, -24.00, 7.20, 182.79, -24.01, 0.01, 270.98, -10.02);
insert into SHOT values (274, 285, 286, 1766, 5.50, 164.71, -15.00, 5.50, 164.74, -14.95, 0.01, 185.69, 33.15);
insert into SHOT values (275, 286, 287, 1766, 11.30, 184.71, -47.00, 11.30, 184.69, -46.99, 0.01, 81.66, 51.02);
insert into SHOT values (276, 287, 288, 1766, 6.00, 186.71, -22.00, 6.00, 186.72, -22.04, 0.01, 5.45, -25.42);
insert into SHOT values (277, 288, 289, 1766, 10.90, 198.71, -45.00, 10.90, 198.69, -45.01, 0.00, 90.89, -40.30);
insert into SHOT values (278, 289, 290, 1766, 20.70, 2.71, -90.00, 20.70, 90.00, -90.00, 0.00, 2.71, -32.58);
insert into SHOT values (279, 290, 291, 1766, 5.70, 240.71, -25.00, 5.71, 240.71, -24.99, 0.01, 234.70, -11.59);
insert into SHOT values (280, 291, 292, 1766, 6.00, 290.71, -5.00, 6.00, 290.68, -4.97, 0.01, 169.74, 34.41);
insert into SHOT values (281, 292, 293, 1766, 3.30, 260.71, -7.00, 3.30, 260.68, -6.97, 0.00, 121.34, 36.70);
insert into SHOT values (282, 293, 294, 1766, 7.50, 323.71, 0.00, 7.50, 323.73, 0.00, 0.00, 341.69, 0.00);
insert into SHOT values (283, 294, 295, 1766, 11.60, 304.71, -50.00, 11.60, 304.73, -50.00, 0.01, 346.14, -45.67);
insert into SHOT values (284, 295, 296, 1766, 14.00, 2.71, -90.00, 14.00, 90.00, -90.00, 0.00, 2.71, 0.00);
insert into SHOT values (285, 296, 297, 1766, 6.00, 356.71, 0.00, 6.00, 356.75, 0.00, 0.00, 92.08, 0.00);
insert into SHOT values (286, 297, 298, 1766, 3.80, 303.71, -12.00, 3.80, 303.69, -12.01, 0.00, 149.95, 1.02);
insert into SHOT values (287, 298, 299, 1766, 28.10, 2.71, -90.00, 28.10, 90.00, -90.00, 0.00, 2.71, 43.27);
insert into SURVEY values (1768, 22, 'milanova', 'milanova.primadona.sistem_prima', NULL);
 insert into CENTRELINE values (1769, 1768, NULL, NULL, NULL, 0.00, 0.00, 0.00);
 insert into SCRAPS values (1770, 1768, 'milanovap_1', 1);
 insert into SCRAPS values (1784, 1768, 'milanovap_2', 1);
 insert into SCRAPS values (1795, 1768, 'milanova_e1', 2);
 insert into MAPS values (1816, 1768, 'mmilanova_e', NULL, 2, 88.400, 72.280);
 insert into MAPITEMS values (1816, 4, 1795);
 insert into MAPS values (1817, 1768, 'mmilanovap_1', NULL, 1, 88.400, 72.280);
 insert into MAPITEMS values (1817, 4, 1770);
 insert into MAPS values (1818, 1768, 'mmilanovap_2', NULL, 1, 88.400, 72.280);
 insert into MAPITEMS values (1818, 4, 1784);
 insert into CENTRELINE values (1820, 1768, NULL, '2002-12-21', NULL, 88.40, 0.00, 0.00);
 insert into PERSON values (13, NULL, 'Bozo');
insert into TOPO values (13, 1820);
 insert into TOPO values (4, 1820);
 insert into EXPLO values (13, 1820);
 insert into SHOT values (288, 300, 301, 1820, 44.00, 70.75, 76.00, 44.00, 70.75, 76.00, 0.00, 35.13, -73.07);
insert into SHOT values (289, 302, 300, 1820, 14.00, 190.75, 40.00, 14.00, 190.74, 39.99, 0.00, 171.05, 14.86);
insert into SHOT values (290, 303, 302, 1820, 2.60, 200.75, 27.00, 2.59, 200.79, 27.05, 0.01, 7.12, -3.36);
insert into SHOT values (291, 304, 303, 1820, 3.20, 269.75, 53.00, 3.20, 269.70, 53.13, 0.01, 105.71, 35.98);
insert into SHOT values (292, 305, 304, 1820, 4.00, 251.75, 35.00, 4.00, 251.68, 34.95, 0.01, 155.32, -44.83);
insert into SHOT values (293, 306, 305, 1820, 5.00, 204.75, 7.00, 4.99, 204.81, 7.01, 0.01, 341.92, 5.19);
insert into SHOT values (294, 307, 306, 1820, 5.20, 213.75, 43.00, 5.21, 213.77, 42.95, 0.01, 221.84, 18.74);
insert into SHOT values (295, 308, 307, 1820, 10.40, 2.75, 90.00, 10.40, 90.00, 90.00, 0.00, 2.75, 68.16);
insert into SURVEY values (1829, 22, 'popotresni', 'popotresni.primadona.sistem_prima', NULL);
 insert into CENTRELINE values (1830, 1829, NULL, NULL, NULL, 0.00, 0.00, 0.00);
 insert into SCRAPS values (1831, 1829, 'popotresnip_1', 1);
 insert into SCRAPS values (1849, 1829, 'popotresnip_2', 1);
 insert into SCRAPS values (1863, 1829, 'popotresnip_3', 1);
 insert into SCRAPS values (1875, 1829, 'popotresnip_4', 1);
 insert into SCRAPS values (1886, 1829, 'popotresnip_5', 1);
 insert into MAPS values (1903, 1829, 'mpopotresnip_1', NULL, 1, 223.500, 52.030);
 insert into MAPITEMS values (1903, 4, 1831);
 insert into MAPS values (1904, 1829, 'mpopotresnip_2', NULL, 1, 223.500, 52.030);
 insert into MAPITEMS values (1904, 4, 1849);
 insert into MAPS values (1905, 1829, 'mpopotresnip_3', NULL, 1, 223.500, 52.030);
 insert into MAPITEMS values (1905, 4, 1863);
 insert into MAPS values (1906, 1829, 'mpopotresnip_4', NULL, 1, 223.500, 52.030);
 insert into MAPITEMS values (1906, 4, 1875);
 insert into MAPS values (1907, 1829, 'mpopotresnip_5', NULL, 1, 223.500, 52.030);
 insert into MAPITEMS values (1907, 4, 1886);
 insert into CENTRELINE values (1910, 1829, NULL, '2004-07-17', NULL, 223.50, 0.00, 0.00);
 insert into TOPO values (10, 1910);
 insert into PERSON values (14, 'Bogomir', 'Remskar');
insert into TOPO values (14, 1910);
 insert into SHOT values (296, 309, 310, 1910, 6.00, 2.89, -90.00, 6.00, 90.00, -90.00, 0.00, 2.89, 0.00);
insert into SHOT values (297, 310, 311, 1910, 4.60, 195.89, -47.00, 4.59, 195.95, -47.03, 0.01, 352.53, 29.91);
insert into SHOT values (298, 311, 312, 1910, 10.50, 233.89, -71.00, 10.50, 233.80, -70.99, 0.01, 161.73, -19.64);
insert into SHOT values (299, 312, 313, 1910, 13.80, 185.89, -33.00, 13.80, 185.90, -33.02, 0.01, 322.71, -51.59);
insert into SHOT values (300, 313, 314, 1910, 4.40, 211.89, -65.00, 4.39, 211.81, -64.96, 0.01, 116.04, 70.83);
insert into SHOT values (301, 314, 315, 1910, 4.80, 245.89, -27.00, 4.80, 245.83, -27.02, 0.00, 129.22, -9.79);
insert into SHOT values (302, 315, 316, 1910, 8.60, 257.89, 34.00, 8.61, 257.95, 33.98, 0.01, 301.71, 5.15);
insert into SHOT values (303, 316, 317, 1910, 7.30, 226.89, -7.00, 7.29, 226.85, -7.01, 0.01, 81.54, -2.05);
insert into SHOT values (304, 317, 318, 1910, 3.80, 180.89, -17.00, 3.81, 180.94, -16.96, 0.01, 207.85, 7.86);
insert into SHOT values (305, 318, 319, 1910, 4.30, 280.89, -23.00, 4.30, 280.91, -22.98, 0.00, 303.40, 2.19);
insert into SHOT values (306, 319, 320, 1910, 2.80, 312.89, 14.00, 2.80, 312.91, 13.85, 0.01, 27.21, -82.41);
insert into SHOT values (307, 320, 321, 1910, 2.20, 7.89, 3.00, 2.20, 7.84, 3.12, 0.01, 336.51, 49.38);
insert into SHOT values (308, 321, 322, 1910, 2.40, 305.89, 4.00, 2.40, 305.82, 4.06, 0.00, 186.99, 35.50);
insert into SHOT values (309, 318, 323, 1910, 3.60, 273.89, 52.00, 3.59, 273.88, 51.95, 0.01, 109.15, -78.88);
insert into SHOT values (310, 323, 324, 1910, 3.00, 267.89, -10.00, 3.01, 268.07, -9.96, 0.01, 318.85, 4.69);
insert into SHOT values (311, 324, 325, 1910, 4.80, 227.89, -35.00, 4.80, 227.79, -34.99, 0.01, 116.63, 21.93);
insert into SHOT values (312, 325, 326, 1910, 3.90, 263.89, -28.00, 3.91, 263.84, -27.94, 0.01, 239.22, 7.59);
insert into SHOT values (313, 326, 327, 1910, 2.40, 144.89, 0.00, 2.40, 144.66, 0.24, 0.01, 70.88, 44.20);
insert into SHOT values (314, 327, 328, 1910, 18.00, 2.89, -90.00, 17.97, 180.00, -89.94, 0.04, 180.00, 56.31);
insert into SHOT values (315, 328, 329, 1910, 14.20, 179.89, 41.00, 14.22, 179.84, 41.38, 0.10, 11.82, 60.31);
insert into SHOT values (316, 330, 331, 1910, 11.70, 199.89, 32.00, 11.70, 199.86, 32.01, 0.01, 88.47, -0.53);
insert into SHOT values (317, 331, 332, 1910, 5.20, 190.89, -33.00, 5.20, 190.97, -32.99, 0.01, 293.03, 18.23);
insert into SHOT values (318, 332, 333, 1910, 12.30, 222.89, -31.00, 12.30, 222.85, -31.02, 0.01, 134.07, -31.60);
insert into SHOT values (319, 332, 316, 1910, 11.30, 112.89, -31.00, 11.30, 112.91, -31.01, 0.00, 234.93, -1.05);
insert into SHOT values (320, 334, 335, 1910, 5.30, 318.89, 36.00, 5.29, 318.98, 36.00, 0.01, 94.57, -29.86);
insert into SHOT values (321, 335, 336, 1910, 9.50, 2.89, -90.00, 9.50, 90.00, -90.00, 0.00, 2.89, 0.00);
insert into SHOT values (322, 335, 337, 1910, 5.00, 297.89, 0.00, 5.00, 297.90, 0.00, 0.00, 318.69, 0.00);
insert into SHOT values (323, 337, 338, 1910, 1.20, 194.89, -25.00, 1.20, 194.93, -25.14, 0.00, 334.49, -68.05);
insert into SHOT values (324, 338, 339, 1910, 4.00, 303.89, 7.00, 4.00, 303.81, 7.03, 0.01, 228.43, 23.26);
insert into SHOT values (325, 339, 340, 1910, 5.70, 336.89, -6.00, 5.70, 336.96, -5.94, 0.01, 38.41, 36.98);
insert into SHOT values (326, 340, 341, 1910, 4.60, 266.89, 5.00, 4.60, 266.88, 4.98, 0.00, 249.95, -11.47);
insert into SHOT values (327, 341, 342, 1910, 4.40, 331.89, 0.00, 4.40, 331.92, 0.00, 0.00, 109.69, 0.00);
insert into SHOT values (328, 342, 343, 1910, 4.40, 323.89, -8.00, 4.40, 323.87, -8.10, 0.01, 264.96, -73.34);
insert into SHOT values (329, 343, 344, 1910, 3.80, 279.89, 24.00, 3.80, 279.95, 24.06, 0.01, 357.84, 50.48);
insert into SHOT values (330, 344, 345, 1910, 4.70, 226.89, -15.00, 4.70, 226.88, -15.06, 0.01, 61.16, -35.27);
insert into SHOT values (331, 345, 329, 1910, 5.00, 304.89, 24.00, 5.00, 304.84, 24.06, 0.01, 229.73, 54.74);
insert into SURVEY values (1916, 22, 'brez_volje', 'brez_volje.primadona.sistem_prima', NULL);
 insert into CENTRELINE values (1917, 1916, NULL, NULL, NULL, 0.00, 0.00, 0.00);
 insert into SCRAPS values (1918, 1916, 'brez_voljep_1', 1);
 insert into SCRAPS values (1937, 1916, 'brez_voljep_2', 1);
 insert into SCRAPS values (1956, 1916, 'brez_voljep_3', 1);
 insert into SCRAPS values (1969, 1916, 'brez_voljep_4', 1);
 insert into MAPS values (1982, 1916, 'mbrez_voljep_1', NULL, 1, 133.600, 43.210);
 insert into MAPITEMS values (1982, 4, 1918);
 insert into MAPS values (1983, 1916, 'mbrez_voljep_2', NULL, 1, 133.600, 43.210);
 insert into MAPITEMS values (1983, 4, 1937);
 insert into MAPS values (1984, 1916, 'mbrez_voljep_3', NULL, 1, 133.600, 43.210);
 insert into MAPITEMS values (1984, 4, 1956);
 insert into MAPS values (1985, 1916, 'mbrez_voljep_4', NULL, 1, 133.600, 43.210);
 insert into MAPITEMS values (1985, 4, 1969);
 insert into CENTRELINE values (1988, 1916, NULL, '2005-10-15', NULL, 133.60, 0.00, 0.00);
 insert into TOPO values (14, 1988);
 insert into TOPO values (6, 1988);
 insert into EXPLO values (14, 1988);
 insert into EXPLO values (6, 1988);
 insert into SHOT values (332, 346, 347, 1988, 4.90, 349.02, 3.00, 4.90, 349.06, 2.69, 0.03, 20.35, -75.61);
insert into SHOT values (333, 347, 348, 1988, 1.60, 53.02, -5.00, 1.60, 52.91, -5.38, 0.01, 289.04, -72.11);
insert into SHOT values (334, 348, 349, 1988, 8.20, 3.02, 14.00, 8.19, 2.95, 13.70, 0.04, 298.12, -77.44);
insert into SHOT values (335, 349, 350, 1988, 13.00, 13.02, 11.00, 13.00, 12.93, 10.50, 0.11, 332.23, -74.73);
insert into SHOT values (336, 350, 351, 1988, 8.80, 81.02, 45.00, 8.78, 81.05, 44.74, 0.04, 97.13, -71.89);
insert into SHOT values (337, 351, 352, 1988, 10.00, 66.02, 20.00, 10.00, 66.00, 20.01, 0.01, 272.98, -2.07);
insert into SHOT values (338, 352, 353, 1988, 7.90, 61.02, 7.00, 7.90, 61.02, 6.98, 0.00, 65.31, -69.11);
insert into SHOT values (339, 353, 354, 1988, 3.40, 85.02, 27.00, 3.40, 84.89, 26.93, 0.01, 16.65, -26.69);
insert into SHOT values (340, 354, 355, 1988, 2.10, 48.02, -18.00, 2.10, 48.25, -17.77, 0.01, 137.92, 47.91);
insert into SHOT values (341, 355, 356, 1988, 1.30, 13.02, 20.00, 1.30, 12.78, 19.83, 0.01, 267.60, -42.03);
insert into SHOT values (342, 356, 357, 1988, 3.50, 74.02, 19.00, 3.50, 74.03, 19.02, 0.00, 226.60, 15.19);
insert into SHOT values (343, 357, 358, 1988, 3.00, 334.02, 0.00, 3.00, 334.12, 0.00, 0.01, 53.32, 0.00);
insert into SHOT values (344, 358, 359, 1988, 3.00, 312.02, 13.00, 3.00, 312.09, 12.91, 0.01, 26.91, -51.36);
insert into SHOT values (345, 359, 360, 1988, 1.60, 29.02, 10.00, 1.60, 28.84, 10.08, 0.01, 295.85, 24.40);
insert into SHOT values (346, 360, 361, 1988, 5.70, 13.02, 13.00, 5.70, 13.01, 12.98, 0.00, 214.84, -56.24);
insert into SHOT values (347, 361, 362, 1988, 2.60, 323.02, 45.00, 2.60, 322.94, 44.97, 0.00, 289.65, 19.81);
insert into SHOT values (348, 362, 363, 1988, 1.20, 297.02, 30.00, 1.19, 297.06, 30.15, 0.01, 109.42, -0.00);
insert into SHOT values (349, 363, 364, 1988, 4.40, 326.02, 18.00, 4.40, 326.01, 18.00, 0.00, 277.64, 19.12);
insert into SHOT values (350, 364, 365, 1988, 6.70, 3.02, 29.00, 6.70, 3.03, 29.02, 0.00, 137.18, 35.34);
insert into SHOT values (351, 365, 366, 1988, 3.30, 53.02, 16.00, 3.30, 52.95, 16.02, 0.00, 292.69, 5.32);
insert into SHOT values (352, 366, 367, 1988, 1.10, 68.02, 20.00, 1.10, 68.40, 20.21, 0.01, 167.83, 27.98);
insert into SHOT values (353, 367, 368, 1988, 4.40, 107.02, -9.00, 4.40, 106.98, -9.01, 0.01, 68.46, -19.59);
insert into SHOT values (354, 368, 369, 1988, 5.70, 41.02, 0.00, 5.70, 41.02, 0.00, 0.00, 221.52, 0.00);
insert into SHOT values (355, 369, 370, 1988, 5.00, 3.02, 90.00, 5.00, 90.00, 90.00, 0.00, 3.02, 0.00);
insert into SHOT values (356, 370, 371, 1988, 6.50, 43.02, 75.00, 6.50, 42.83, 75.05, 0.01, 269.57, 10.92);
insert into SHOT values (357, 371, 372, 1988, 1.50, 136.02, 20.00, 1.50, 135.86, 19.92, 0.01, 15.05, -34.82);
insert into SHOT values (358, 372, 373, 1988, 1.80, 11.02, 0.00, 1.80, 11.19, 0.00, 0.01, 62.41, 0.00);
insert into SHOT values (359, 373, 374, 1988, 3.10, 39.02, 10.00, 3.10, 39.01, 10.04, 0.00, 223.33, 31.30);
insert into SHOT values (360, 374, 375, 1988, 2.50, 66.02, 0.00, 2.49, 66.11, 0.00, 0.01, 213.70, 0.00);
insert into SHOT values (361, 375, 376, 1988, 5.80, 26.02, 38.00, 5.80, 26.06, 37.96, 0.01, 63.50, -8.03);
insert into SHOT values (362, 376, 377, 1988, 0.00, 3.02, 0.00, 0.00, 90.00, 0.00, 0.00, 90.00, 0.00);
insert into SURVEY values (1992, 22, 'smer1', 'smer1.primadona.sistem_prima', NULL);
 insert into CENTRELINE values (1993, 1992, NULL, NULL, NULL, 0.00, 0.00, 0.00);
 insert into SCRAPS values (1994, 1992, 'smer1p_1', 1);
 insert into SCRAPS values (2018, 1992, 'smer1p_2', 1);
 insert into SCRAPS values (2029, 1992, 'smer1p_3', 1);
 insert into MAPS values (2040, 1992, 'mbrez_smer1p_1', NULL, 1, 114.150, 22.400);
 insert into MAPITEMS values (2040, 4, 1994);
 insert into MAPS values (2041, 1992, 'mbrez_smer1p_2', NULL, 1, 114.150, 22.400);
 insert into MAPITEMS values (2041, 4, 2018);
 insert into MAPS values (2042, 1992, 'mbrez_smer1p_3', NULL, 1, 114.150, 22.400);
 insert into MAPITEMS values (2042, 4, 2029);
 insert into CENTRELINE values (2045, 1992, NULL, '2006-10-21', NULL, 114.15, 0.00, 0.00);
 insert into PERSON values (15, 'Jarvist', 'Frost');
insert into TOPO values (15, 2045);
 insert into TOPO values (2, 2045);
 insert into SHOT values (363, 378, 379, 2045, 6.30, 313.12, 20.00, 6.33, 314.12, 19.75, 0.11, 21.66, -7.55);
insert into SHOT values (364, 380, 378, 2045, 11.30, 343.12, -35.00, 11.37, 343.86, -34.36, 0.19, 25.50, 18.86);
insert into SHOT values (365, 381, 380, 2045, 13.00, 305.12, -28.00, 13.03, 306.74, -27.87, 0.33, 28.96, 2.30);
insert into SHOT values (366, 382, 381, 2045, 5.00, 268.12, -30.00, 4.98, 268.93, -30.27, 0.07, 24.19, -8.39);
insert into SHOT values (367, 382, 383, 2045, 9.40, 146.12, -6.00, 9.47, 147.22, -5.76, 0.20, 215.00, 9.55);
insert into SHOT values (368, 383, 384, 2045, 6.30, 133.12, 11.00, 6.35, 134.15, 10.99, 0.12, 201.26, 3.74);
insert into SHOT values (369, 384, 385, 2045, 11.50, 129.12, 0.00, 11.55, 130.64, 0.20, 0.31, 211.51, 7.37);
insert into SHOT values (370, 385, 386, 2045, 5.20, 92.12, -8.00, 5.17, 93.02, -8.01, 0.09, 204.33, 2.43);
insert into SHOT values (371, 386, 387, 2045, 3.20, 110.12, -13.00, 3.20, 111.05, -12.83, 0.05, 200.46, 11.03);
insert into SHOT values (372, 387, 388, 2045, 3.80, 194.12, -5.00, 3.90, 194.14, -4.85, 0.10, 194.93, 0.67);
insert into SHOT values (373, 388, 389, 2045, 4.75, 152.12, -25.00, 4.81, 152.79, -24.68, 0.09, 188.69, -1.71);
insert into SHOT values (374, 389, 390, 2045, 3.80, 138.12, 0.00, 3.86, 138.79, 0.15, 0.07, 177.29, 8.05);
insert into SHOT values (375, 390, 391, 2045, 3.50, 161.12, 0.00, 3.58, 161.77, 0.00, 0.09, 188.01, 0.00);
insert into SHOT values (376, 391, 392, 2045, 7.30, 116.12, -22.00, 7.31, 117.24, -21.75, 0.14, 195.93, 10.33);
insert into SHOT values (377, 393, 392, 2045, 0.60, 88.12, 0.00, 0.63, 85.46, 0.00, 0.04, 44.98, 0.00);
insert into SHOT values (378, 393, 394, 2045, 9.70, 136.12, -42.00, 9.73, 137.17, -41.44, 0.17, 193.29, 17.73);
insert into SHOT values (379, 394, 395, 2045, 9.50, 3.12, -90.00, 9.49, 184.97, -88.61, 0.23, 184.97, 2.48);
insert into SURVEY values (2047, 22, 'karstaway', 'karstaway.primadona.sistem_prima', NULL);
 insert into CENTRELINE values (2048, 2047, NULL, NULL, NULL, 0.00, 0.00, 0.00);
 insert into SCRAPS values (2049, 2047, 'karstawayp_1', 1);
 insert into SCRAPS values (2063, 2047, 'karstawayp_2', 1);
 insert into SCRAPS values (2083, 2047, 'karstawayp_3', 1);
 insert into SCRAPS values (2112, 2047, 'karstawayp_4', 1);
 insert into MAPS values (2135, 2047, 'mkarstawayp_1', NULL, 1, 192.080, 61.410);
 insert into MAPITEMS values (2135, 4, 2049);
 insert into MAPS values (2136, 2047, 'mkarstawayp_2', NULL, 1, 192.080, 61.410);
 insert into MAPITEMS values (2136, 4, 2063);
 insert into MAPS values (2137, 2047, 'mkarstawayp_3', NULL, 1, 192.080, 61.410);
 insert into MAPITEMS values (2137, 4, 2083);
 insert into MAPS values (2138, 2047, 'mkarstawayp_4', NULL, 1, 192.080, 61.410);
 insert into MAPITEMS values (2138, 4, 2112);
 insert into CENTRELINE values (2141, 2047, NULL, '2016-07-19', NULL, 192.08, 0.00, 61.74);
 insert into PERSON values (16, 'Jack', 'Hare');
insert into TOPO values (16, 2141);
 insert into PERSON values (17, 'Tanguy', 'Racine');
insert into TOPO values (17, 2141);
 insert into EXPLO values (16, 2141);
 insert into EXPLO values (17, 2141);
 insert into SHOT values (380, 396, 397, 2141, 7.87, 5.27, 23.00, 7.81, 5.09, 22.66, 0.08, 217.54, -56.84);
insert into SHOT values (381, 397, 398, 2141, 5.00, 15.27, -4.00, 4.96, 15.24, -4.51, 0.06, 198.55, -43.18);
insert into SHOT values (382, 398, 399, 2141, 8.31, 355.27, -12.00, 8.27, 355.02, -12.71, 0.11, 206.50, -53.64);
insert into SHOT values (383, 399, 400, 2141, 7.61, 15.27, -1.00, 7.57, 15.25, -1.59, 0.09, 199.82, -61.11);
insert into SHOT values (384, 400, 401, 2141, 10.21, 134.27, 6.00, 10.22, 134.84, 5.22, 0.17, 208.84, -52.71);
insert into SHOT values (385, 401, 402, 2141, 7.14, 22.27, 20.00, 7.08, 22.30, 19.64, 0.07, 198.69, -56.59);
insert into SHOT values (386, 402, 403, 2141, 6.51, 2.27, -4.00, 6.46, 2.13, -4.52, 0.08, 199.83, -47.00);
insert into SHOT values (387, 403, 404, 2141, 2.65, 55.27, 25.00, 2.59, 55.37, 24.61, 0.06, 230.33, -42.17);
insert into SHOT values (388, 404, 405, 2141, 3.50, 3.27, -25.00, 3.48, 3.29, -25.57, 0.04, 181.81, -29.44);
insert into SHOT values (389, 405, 406, 2141, 5.40, 95.27, 2.00, 5.39, 95.65, 1.49, 0.06, 202.22, -52.89);
insert into SHOT values (390, 406, 407, 2141, 12.33, 138.27, -2.00, 12.36, 138.98, -2.83, 0.24, 221.85, -49.76);
insert into SHOT values (391, 407, 408, 2141, 2.45, 164.27, 16.00, 2.47, 164.39, 15.51, 0.03, 175.82, -33.51);
insert into SHOT values (392, 408, 409, 2141, 8.22, 167.27, -2.00, 8.26, 167.61, -2.57, 0.10, 220.28, -53.57);
insert into SHOT values (393, 409, 410, 2141, 5.77, 158.27, 0.00, 5.81, 158.60, -0.49, 0.07, 197.65, -43.69);
insert into SHOT values (394, 410, 411, 2141, 5.54, 165.27, -9.00, 5.58, 165.48, -9.49, 0.07, 196.04, -53.50);
insert into SHOT values (395, 411, 412, 2141, 2.47, 102.27, -8.00, 2.48, 102.73, -8.36, 0.03, 180.15, -39.06);
insert into SHOT values (396, 412, 413, 2141, 6.44, 160.27, 11.00, 6.47, 160.62, 10.42, 0.08, 205.68, -47.08);
insert into SHOT values (397, 413, 414, 2141, 13.77, 151.27, -6.00, 13.76, 151.26, -6.01, 0.01, 348.33, -3.93);
insert into SHOT values (398, 413, 415, 2141, 7.38, 56.27, 56.00, 7.32, 56.47, 56.02, 0.06, 215.47, -51.48);
insert into SHOT values (399, 415, 416, 2141, 6.12, 349.27, 45.00, 6.06, 349.11, 44.95, 0.06, 186.27, -48.42);
insert into SHOT values (400, 416, 417, 2141, 9.46, 93.27, 18.00, 9.43, 93.82, 17.40, 0.13, 181.54, -50.16);
insert into SHOT values (401, 417, 418, 2141, 4.62, 131.27, 32.00, 4.61, 131.60, 31.51, 0.05, 190.26, -55.91);
insert into SHOT values (402, 418, 419, 2141, 7.35, 113.27, 31.00, 7.33, 113.81, 30.49, 0.09, 187.06, -47.01);
insert into SHOT values (403, 419, 420, 2141, 5.50, 140.27, -7.00, 5.53, 140.70, -7.49, 0.07, 204.57, -47.51);
insert into SHOT values (404, 420, 421, 2141, 30.46, 4.27, 90.00, 30.41, 199.18, 89.54, 0.25, 199.18, -11.60);
insert into SHOT values (405, 421, 422, 2141, 2.22, 356.27, 42.00, 2.19, 356.47, 42.17, 0.03, 164.67, -29.57);
insert into SHOT_FLAG values(405, 'dpl');
insert into SHOT values (406, 422, 423, 2141, 2.93, 2.27, 32.00, 2.90, 2.57, 32.13, 0.04, 160.84, -20.02);
insert into SHOT_FLAG values(406, 'dpl');
insert into SHOT values (407, 423, 424, 2141, 5.43, 61.27, 22.00, 5.44, 61.71, 21.93, 0.04, 139.94, -6.04);
insert into SHOT_FLAG values(407, 'dpl');
insert into SHOT values (408, 424, 425, 2141, 6.13, 347.27, 27.00, 6.09, 347.43, 27.15, 0.04, 148.41, -3.83);
insert into SHOT_FLAG values(408, 'dpl');
insert into SHOT values (409, 425, 426, 2141, 6.06, 37.27, 2.00, 6.04, 37.67, 1.99, 0.05, 150.61, -1.89);
insert into SHOT_FLAG values(409, 'dpl');
insert into SHOT values (410, 426, 427, 2141, 6.92, 24.27, 0.00, 6.90, 24.75, -0.08, 0.06, 130.22, -9.59);
insert into SHOT_FLAG values(410, 'dpl');
insert into SHOT values (411, 427, 428, 2141, 3.16, 78.27, 16.00, 3.17, 78.65, 15.92, 0.02, 137.64, -2.48);
insert into SHOT_FLAG values(411, 'dpl');
insert into SHOT values (412, 428, 429, 2141, 5.56, 65.27, -21.00, 5.58, 65.60, -21.02, 0.03, 130.04, -12.80);
insert into SHOT_FLAG values(412, 'dpl');
insert into SHOT values (413, 429, 430, 2141, 6.44, 25.27, 13.00, 6.41, 25.70, 13.07, 0.05, 145.07, 1.39);
insert into SHOT_FLAG values(413, 'dpl');
insert into SHOT values (414, 430, 431, 2141, 2.47, 84.27, 22.00, 2.49, 84.54, 21.93, 0.02, 111.74, 11.64);
insert into SHOT_FLAG values(414, 'dpl');
insert into SHOT values (415, 431, 432, 2141, 5.63, 30.27, -6.00, 5.61, 30.61, -6.14, 0.04, 154.11, -16.23);
insert into SHOT_FLAG values(415, 'dpl');
insert into SHOT values (416, 432, 433, 2141, 6.62, 14.27, 4.00, 6.59, 14.71, 4.00, 0.06, 133.77, -1.77);
insert into SHOT_FLAG values(416, 'dpl');
insert into SHOT values (417, 433, 434, 2141, 2.17, 346.27, 18.00, 2.13, 346.31, 18.03, 0.04, 164.46, -16.28);
insert into SHOT_FLAG values(417, 'dpl');
insert into SURVEY values (2143, 22, 'mfi', 'mfi.primadona.sistem_prima', NULL);
 insert into CENTRELINE values (2144, 2143, NULL, NULL, NULL, 0.00, 0.00, 0.00);
 insert into SCRAPS values (2145, 2143, 'mfip_1', 1);
 insert into SCRAPS values (2159, 2143, 'mfip_2', 1);
 insert into MAPS values (2168, 2143, 'mmfip_1', NULL, 1, 32.330, 27.880);
 insert into MAPITEMS values (2168, 4, 2145);
 insert into MAPS values (2169, 2143, 'mmfip_2', NULL, 1, 32.330, 27.880);
 insert into MAPITEMS values (2169, 4, 2159);
 insert into CENTRELINE values (2170, 2143, NULL, '2016-07-21', NULL, 32.33, 0.00, 0.00);
 insert into TOPO values (16, 2170);
 insert into PERSON values (18, 'Rhys', 'Tyers');
insert into TOPO values (18, 2170);
 insert into EXPLO values (16, 2170);
 insert into EXPLO values (18, 2170);
 insert into SHOT values (418, 435, 436, 2170, 3.31, 54.27, 48.00, 3.24, 54.55, 47.96, 0.07, 220.17, -48.88);
insert into SHOT values (419, 436, 437, 2170, 7.80, 291.27, 81.00, 7.76, 290.50, 80.89, 0.05, 225.52, -67.54);
insert into SHOT values (420, 437, 438, 2170, 19.66, 54.27, 65.00, 19.60, 54.60, 65.32, 0.13, 214.01, -3.41);
insert into SHOT values (421, 438, 439, 2170, 1.56, 351.27, -5.00, 1.52, 351.28, -5.65, 0.04, 170.95, -21.02);
insert into SURVEY values (2172, 22, 'hotmk', 'hotmk.primadona.sistem_prima', NULL);
 insert into CENTRELINE values (2173, 2172, NULL, NULL, NULL, 0.00, 0.00, 0.00);
 insert into SCRAPS values (2174, 2172, 'hotmkp_1', 1);
 insert into SCRAPS values (2183, 2172, 'hotmkp_2', 1);
 insert into SCRAPS values (2205, 2172, 'hotmkp_3', 1);
 insert into MAPS values (2219, 2172, 'mhotmkp_1', NULL, 1, 104.000, 40.020);
 insert into MAPITEMS values (2219, 4, 2174);
 insert into MAPS values (2220, 2172, 'mhotmkp_2', NULL, 1, 104.000, 40.020);
 insert into MAPITEMS values (2220, 4, 2183);
 insert into MAPS values (2221, 2172, 'mhotmkp_3', NULL, 1, 104.000, 40.020);
 insert into MAPITEMS values (2221, 4, 2205);
 insert into CENTRELINE values (2222, 2172, NULL, '2016-07-22', NULL, 104.00, 0.00, 0.00);
 insert into PERSON values (19, 'Andrej', 'Fratnik');
insert into TOPO values (19, 2222);
 insert into TOPO values (16, 2222);
 insert into PERSON values (20, 'William', 'Scott');
insert into TOPO values (20, 2222);
 insert into EXPLO values (19, 2222);
 insert into EXPLO values (16, 2222);
 insert into EXPLO values (17, 2222);
 insert into EXPLO values (20, 2222);
 insert into SHOT values (422, 440, 441, 2222, 7.00, 120.28, 46.00, 7.02, 120.32, 45.62, 0.05, 125.09, -17.23);
insert into SHOT values (423, 441, 442, 2222, 4.73, 45.28, 6.00, 4.72, 45.69, 5.96, 0.04, 149.59, -7.17);
insert into SHOT values (424, 442, 443, 2222, 3.06, 122.28, 1.00, 3.09, 122.46, 0.93, 0.04, 138.56, -5.55);
insert into SHOT values (425, 443, 444, 2222, 17.00, 66.28, -37.00, 17.01, 67.09, -36.94, 0.20, 152.30, 3.19);
insert into SHOT values (426, 444, 445, 2222, 5.20, 33.28, 3.00, 5.18, 33.66, 2.87, 0.04, 146.44, -17.82);
insert into SHOT values (427, 445, 446, 2222, 13.00, 64.28, -22.00, 13.01, 64.99, -21.99, 0.15, 151.60, -0.04);
insert into SHOT values (428, 446, 447, 2222, 13.01, 15.28, 18.00, 12.99, 15.88, 18.03, 0.13, 115.02, -0.13);
insert into SHOT values (429, 447, 448, 2222, 15.00, 35.28, 71.00, 14.99, 35.70, 71.27, 0.08, 187.59, 12.52);
insert into SHOT values (430, 448, 449, 2222, 21.30, 32.28, 82.00, 21.30, 32.61, 82.44, 0.16, 206.49, 6.04);
insert into SHOT values (431, 449, 450, 2222, 2.00, 353.28, 4.00, 1.97, 353.56, 3.79, 0.04, 156.53, -15.53);
insert into SHOT values (432, 450, 451, 2222, 2.70, 48.28, 12.00, 2.69, 48.69, 11.99, 0.02, 153.36, -3.93);
insert into SURVEY values (2224, 22, 'wac', 'wac.primadona.sistem_prima', NULL);
 insert into CENTRELINE values (2225, 2224, NULL, NULL, NULL, 0.00, 0.00, 0.00);
 insert into SCRAPS values (2226, 2224, 'wacp_1', 1);
 insert into SCRAPS values (2237, 2224, 'wacp_2', 1);
 insert into SCRAPS values (2253, 2224, 'wacp_3', 1);
 insert into SCRAPS values (2271, 2224, 'wacp_4', 1);
 insert into MAPS values (2283, 2224, 'mwacp_1', NULL, 1, 221.330, 25.250);
 insert into MAPITEMS values (2283, 4, 2226);
 insert into MAPS values (2284, 2224, 'mwacp_2', NULL, 1, 221.330, 25.250);
 insert into MAPITEMS values (2284, 4, 2237);
 insert into MAPS values (2285, 2224, 'mwacp_3', NULL, 1, 221.330, 25.250);
 insert into MAPITEMS values (2285, 4, 2253);
 insert into MAPS values (2286, 2224, 'mwacp_4', NULL, 1, 221.330, 25.250);
 insert into MAPITEMS values (2286, 4, 2271);
 insert into CENTRELINE values (2289, 2224, NULL, '2016-07-23', NULL, 221.33, 0.00, 0.00);
 insert into TOPO values (16, 2289);
 insert into PERSON values (21, 'Kenneth', 'Tan');
insert into TOPO values (21, 2289);
 insert into EXPLO values (16, 2289);
 insert into EXPLO values (21, 2289);
 insert into SHOT values (433, 452, 453, 2289, 8.73, 185.28, 44.00, 8.76, 184.98, 43.69, 0.06, 154.24, -12.84);
insert into SHOT values (434, 453, 454, 2289, 11.45, 206.28, 86.00, 11.44, 205.38, 85.67, 0.07, 194.43, -10.41);
insert into SHOT values (435, 454, 455, 2289, 5.37, 147.28, -2.00, 5.41, 147.31, -2.01, 0.04, 151.89, -3.73);
insert into SHOT values (436, 455, 456, 2289, 13.77, 227.28, -14.00, 13.78, 226.49, -14.07, 0.19, 137.12, -5.81);
insert into SHOT values (437, 456, 457, 2289, 8.90, 308.28, -12.00, 8.86, 308.15, -12.18, 0.05, 150.38, -21.80);
insert into SHOT values (438, 457, 458, 2289, 21.93, 350.28, -9.00, 21.88, 350.83, -9.31, 0.25, 97.50, -26.38);
insert into SHOT values (439, 458, 459, 2289, 3.88, 316.28, -16.00, 3.85, 316.20, -16.13, 0.03, 144.71, -0.97);
insert into SHOT values (440, 459, 460, 2289, 4.28, 342.28, -29.00, 4.24, 342.40, -29.20, 0.04, 151.17, 6.98);
insert into SHOT values (441, 460, 461, 2289, 3.05, 1.28, 16.00, 3.02, 1.58, 15.97, 0.04, 154.65, -17.25);
insert into SHOT values (442, 461, 462, 2289, 4.63, 44.28, 52.00, 4.63, 44.71, 52.09, 0.02, 154.40, 3.72);
insert into SHOT values (443, 462, 463, 2289, 4.03, 130.28, 53.00, 4.05, 130.37, 52.68, 0.03, 138.44, 2.90);
insert into SHOT values (444, 463, 464, 2289, 2.16, 88.28, 18.00, 2.19, 88.62, 17.85, 0.03, 113.93, 4.95);
insert into SHOT values (445, 464, 465, 2289, 2.00, 25.28, -43.00, 1.99, 25.33, -43.18, 0.01, 199.67, 16.54);
insert into SHOT values (446, 465, 466, 2289, 4.66, 322.28, -20.00, 4.62, 322.31, -20.26, 0.05, 138.86, -7.90);
insert into SHOT values (447, 466, 467, 2289, 12.36, 351.28, 25.00, 12.32, 351.59, 25.21, 0.09, 121.48, 18.06);
insert into SHOT values (448, 467, 468, 2289, 8.21, 342.28, 3.00, 8.16, 342.43, 3.02, 0.05, 137.67, 0.34);
insert into SHOT values (449, 468, 469, 2289, 7.65, 336.28, 34.00, 7.61, 336.41, 34.21, 0.05, 138.77, 2.59);
insert into SHOT values (450, 469, 470, 2289, 13.39, 346.28, 1.00, 13.35, 346.57, 0.90, 0.08, 108.60, -16.38);
insert into SHOT values (451, 470, 471, 2289, 8.25, 350.28, 13.00, 8.21, 350.50, 13.09, 0.05, 131.16, 4.73);
insert into SHOT values (452, 471, 472, 2289, 6.05, 17.28, 4.00, 6.03, 17.62, 4.00, 0.04, 139.95, -2.69);
insert into SHOT values (453, 472, 473, 2289, 3.97, 262.28, -29.00, 3.96, 262.01, -29.20, 0.03, 122.67, -12.16);
insert into SHOT values (454, 473, 474, 2289, 3.52, 4.28, -90.00, 3.52, 135.00, -89.77, 0.01, 135.00, 0.00);
insert into SHOT values (455, 474, 475, 2289, 2.52, 340.28, 22.00, 2.47, 340.38, 22.08, 0.05, 154.77, -17.83);
insert into SHOT values (456, 475, 476, 2289, 10.30, 331.28, -4.00, 10.26, 331.33, -4.14, 0.05, 137.31, -27.41);
insert into SHOT values (457, 476, 477, 2289, 2.68, 348.28, 74.00, 2.67, 348.85, 74.27, 0.02, 142.75, -20.31);
insert into SHOT values (458, 477, 478, 2289, 14.48, 341.28, 1.00, 14.43, 341.54, 0.91, 0.08, 105.49, -15.74);
insert into SHOT values (459, 478, 479, 2289, 4.21, 4.28, 90.00, 4.21, 135.00, 89.81, 0.01, 135.00, -0.00);
insert into SHOT values (460, 479, 480, 2289, 17.30, 347.28, 1.00, 17.26, 347.65, 0.90, 0.12, 95.97, -14.82);
insert into SHOT values (461, 480, 481, 2289, 7.60, 343.28, -14.00, 7.55, 343.42, -14.18, 0.05, 142.82, -12.11);
insert into SURVEY values (2291, 22, 'colony', 'colony.primadona.sistem_prima', NULL);
 insert into CENTRELINE values (2292, 2291, NULL, NULL, NULL, 0.00, 0.00, 0.00);
 insert into SCRAPS values (2293, 2291, 'colonyp_1', 1);
 insert into SCRAPS values (2321, 2291, 'colonyp_3', 1);
 insert into SCRAPS values (2328, 2291, 'colonyp_2', 1);
 insert into MAPS values (2351, 2291, 'mcolonyp_1', NULL, 1, 83.820, 48.340);
 insert into MAPITEMS values (2351, 4, 2293);
 insert into MAPS values (2352, 2291, 'mcolonyp_2', NULL, 1, 83.820, 48.340);
 insert into MAPITEMS values (2352, 4, 2328);
 insert into MAPS values (2353, 2291, 'mcolonyp_3', NULL, 1, 83.820, 48.340);
 insert into MAPITEMS values (2353, 4, 2321);
 insert into CENTRELINE values (2354, 2291, NULL, '2016-07-22', NULL, 83.82, 0.00, 0.00);
 insert into TOPO values (19, 2354);
 insert into TOPO values (16, 2354);
 insert into TOPO values (20, 2354);
 insert into EXPLO values (19, 2354);
 insert into EXPLO values (16, 2354);
 insert into EXPLO values (17, 2354);
 insert into EXPLO values (20, 2354);
 insert into SHOT values (462, 482, 483, 2354, 11.32, 149.28, -5.00, 11.32, 149.27, -4.97, 0.01, 338.49, 57.04);
insert into SHOT values (463, 483, 484, 2354, 7.95, 186.28, -15.00, 7.95, 186.28, -15.02, 0.00, 348.03, -36.99);
insert into SHOT values (464, 484, 485, 2354, 2.80, 202.28, -19.00, 2.80, 202.20, -18.98, 0.00, 91.87, 24.27);
insert into SHOT values (465, 485, 486, 2354, 4.60, 146.28, 18.00, 4.60, 146.27, 17.98, 0.00, 142.58, -40.53);
insert into SHOT values (466, 486, 487, 2354, 5.70, 162.28, 11.00, 5.70, 162.31, 11.02, 0.00, 264.44, 34.44);
insert into SHOT values (467, 487, 488, 2354, 1.94, 105.28, 24.00, 1.94, 105.37, 24.01, 0.00, 173.85, 16.69);
insert into SHOT values (468, 488, 489, 2354, 2.30, 200.28, 76.00, 2.30, 200.07, 76.06, 0.00, 55.37, -26.16);
insert into SHOT values (469, 489, 490, 2354, 1.21, 110.28, 39.00, 1.21, 110.56, 38.96, 0.00, 206.68, -17.67);
insert into SHOT values (470, 482, 491, 2354, 46.00, 4.28, -90.00, 46.00, 90.00, -90.00, 0.00, 4.28, 0.00);
insert into SURVEY values (2356, 22, 'udc', 'udc.primadona.sistem_prima', NULL);
 insert into CENTRELINE values (2357, 2356, NULL, NULL, NULL, 0.00, 0.00, 0.00);
 insert into SCRAPS values (2358, 2356, 'udcp_1', 1);
 insert into SCRAPS values (2379, 2356, 'udcp_2', 1);
 insert into MAPS values (2387, 2356, 'mudcp_1', NULL, 1, 119.110, 58.210);
 insert into MAPITEMS values (2387, 4, 2358);
 insert into MAPS values (2388, 2356, 'mudcp_2', NULL, 1, 119.110, 58.210);
 insert into MAPITEMS values (2388, 4, 2379);
 insert into CENTRELINE values (2389, 2356, NULL, '2016-07-23', NULL, 119.11, 0.00, 0.00);
 insert into PERSON values (22, 'Arun', 'Paul');
insert into TOPO values (22, 2389);
 insert into TOPO values (18, 2389);
 insert into EXPLO values (22, 2389);
 insert into EXPLO values (18, 2389);
 insert into SHOT values (471, 492, 493, 2389, 12.00, 326.28, 51.00, 11.99, 326.29, 50.99, 0.01, 109.53, -62.74);
insert into SHOT values (472, 493, 494, 2389, 12.44, 338.28, 27.00, 12.43, 338.28, 27.03, 0.01, 158.27, 17.71);
insert into SHOT values (473, 494, 495, 2389, 3.82, 324.28, 43.00, 3.82, 324.32, 43.04, 0.01, 33.09, 64.28);
insert into SHOT values (474, 495, 496, 2389, 4.20, 278.28, 14.00, 4.21, 278.31, 13.89, 0.01, 295.59, -37.29);
insert into SHOT values (475, 496, 497, 2389, 13.00, 349.28, 32.00, 13.00, 349.28, 32.01, 0.00, 143.02, 22.16);
insert into SHOT values (476, 496, 498, 2389, 25.42, 158.28, -2.00, 25.42, 158.26, -2.01, 0.01, 88.87, -23.26);
insert into SHOT values (477, 498, 499, 2389, 4.83, 174.28, 65.00, 4.83, 174.37, 65.03, 0.00, 286.47, 33.96);
insert into SHOT values (478, 499, 500, 2389, 15.60, 135.28, 39.00, 15.60, 135.30, 39.00, 0.01, 191.53, 22.04);
insert into SHOT values (479, 500, 501, 2389, 25.30, 148.28, 80.00, 25.30, 148.23, 80.01, 0.01, 358.69, 32.39);
insert into SHOT values (480, 501, 502, 2389, 2.50, 149.28, 34.00, 2.50, 149.37, 33.75, 0.01, 172.56, -43.54);
insert into SURVEY values (2391, 22, 'galerija_resurvey', 'galerija_resurvey.primadona.sistem_prima', NULL);
 insert into CENTRELINE values (2392, 2391, NULL, NULL, NULL, 0.00, 0.00, 0.00);
 insert into CENTRELINE values (2393, 2391, NULL, '2016-07-19', NULL, 0.00, 0.00, 57.40);
 insert into TOPO values (20, 2393);
 insert into TOPO values (18, 2393);
 insert into SHOT values (481, 503, 504, 2393, 17.84, 240.27, -2.00, 18.02, 241.73, -2.13, 0.49, 309.48, -5.54);
insert into SHOT_FLAG values(481, 'dpl');
insert into SHOT values (482, 505, 503, 2393, 8.56, 265.27, -11.00, 8.74, 265.05, -10.75, 0.18, 254.82, 1.05);
insert into SHOT_FLAG values(482, 'dpl');
insert into SHOT values (483, 506, 505, 2393, 12.80, 258.27, 1.00, 12.98, 258.40, 0.75, 0.19, 267.11, -16.59);
insert into SHOT_FLAG values(483, 'dpl');
insert into SHOT values (484, 507, 506, 2393, 13.20, 200.27, 4.00, 13.31, 203.09, 3.66, 0.66, 281.53, -6.12);
insert into SHOT_FLAG values(484, 'dpl');
insert into SHOT values (485, 508, 507, 2393, 5.00, 296.27, -26.00, 5.14, 295.40, -25.48, 0.16, 270.24, -6.46);
insert into SHOT_FLAG values(485, 'dpl');
insert into SURVEY values (2395, 22, 'cattlegrid', 'cattlegrid.primadona.sistem_prima', NULL);
 insert into CENTRELINE values (2396, 2395, NULL, NULL, NULL, 0.00, 0.00, 0.00);
 insert into SCRAPS values (2397, 2395, 'cattlegridp_1', 1);
 insert into SCRAPS values (2405, 2395, 'cattlegridp_2', 1);
 insert into MAPS values (2443, 2395, 'mcattlegridp_1', NULL, 1, 87.400, 24.250);
 insert into MAPITEMS values (2443, 4, 2397);
 insert into MAPS values (2444, 2395, 'mcattlegridp_2', NULL, 1, 87.400, 24.250);
 insert into MAPITEMS values (2444, 4, 2405);
 insert into CENTRELINE values (2445, 2395, NULL, '2016-07-22', NULL, 87.40, 0.00, 0.00);
 insert into TOPO values (20, 2445);
 insert into TOPO values (18, 2445);
 insert into EXPLO values (20, 2445);
 insert into EXPLO values (18, 2445);
 insert into SHOT values (486, 509, 510, 2445, 9.40, 100.28, 65.00, 9.40, 100.29, 64.99, 0.00, 141.65, 21.77);
insert into SHOT values (487, 510, 511, 2445, 0.92, 334.28, 35.00, 0.92, 334.11, 34.53, 0.01, 290.36, -68.15);
insert into SHOT values (488, 511, 512, 2445, 2.17, 260.28, 20.00, 2.10, 259.15, 20.38, 0.08, 107.75, -8.27);
insert into SHOT values (489, 512, 513, 2445, 6.07, 331.28, -22.00, 5.95, 331.52, -22.62, 0.14, 141.17, -6.80);
insert into SHOT values (490, 513, 514, 2445, 4.95, 36.28, -29.00, 4.93, 37.54, -29.27, 0.10, 143.93, -5.86);
insert into SHOT values (491, 514, 515, 2445, 2.73, 355.28, -7.00, 2.63, 356.04, -7.22, 0.11, 156.73, 1.42);
insert into SHOT values (492, 515, 516, 2445, 4.68, 56.28, -2.00, 4.68, 56.34, -1.96, 0.01, 180.38, 26.15);
insert into SHOT values (493, 515, 517, 2445, 2.40, 196.28, 0.00, 2.48, 195.44, 0.00, 0.09, 171.68, 0.00);
insert into SHOT values (494, 517, 518, 2445, 3.34, 240.28, -5.00, 3.31, 239.01, -5.19, 0.08, 130.17, -6.52);
insert into SHOT values (495, 518, 519, 2445, 3.92, 297.28, 5.00, 3.79, 296.77, 5.00, 0.14, 131.59, -4.94);
insert into SHOT values (496, 519, 520, 2445, 2.91, 333.28, 8.00, 2.79, 333.53, 8.04, 0.12, 147.60, -6.95);
insert into SHOT values (497, 520, 521, 2445, 2.16, 17.28, 6.00, 2.09, 18.52, 6.04, 0.08, 164.80, -3.93);
insert into SHOT values (498, 521, 522, 2445, 1.95, 82.28, 17.00, 2.02, 83.46, 16.71, 0.08, 113.03, 7.18);
insert into SHOT values (499, 522, 523, 2445, 5.34, 5.28, 16.00, 5.25, 6.15, 16.16, 0.12, 146.13, -5.57);
insert into SHOT values (500, 511, 524, 2445, 6.66, 221.28, 27.00, 6.65, 222.60, 27.22, 0.14, 322.11, 6.73);
insert into SHOT values (501, 524, 525, 2445, 5.29, 253.28, -2.00, 5.35, 254.48, -1.82, 0.13, 316.46, 6.61);
insert into SHOT values (502, 525, 526, 2445, 3.58, 329.28, 15.00, 3.71, 329.01, 14.66, 0.14, 322.22, 5.64);
insert into SHOT values (503, 526, 527, 2445, 3.82, 332.28, 32.00, 3.94, 332.14, 31.52, 0.13, 328.44, 16.55);
insert into SHOT values (504, 527, 528, 2445, 3.10, 146.28, 64.00, 3.05, 146.43, 65.13, 0.08, 323.56, -12.25);
insert into SHOT values (505, 528, 529, 2445, 2.63, 204.28, 63.00, 2.61, 205.91, 63.49, 0.04, 333.54, -4.46);
insert into SHOT values (506, 529, 530, 2445, 4.85, 159.28, 48.00, 4.77, 159.83, 48.98, 0.12, 324.31, -2.08);
insert into SHOT values (507, 530, 531, 2445, 4.53, 128.28, 8.00, 4.40, 128.00, 8.24, 0.13, 317.13, -0.19);
insert into SURVEY values (2447, 22, 'the_stile', 'the_stile.primadona.sistem_prima', NULL);
 insert into CENTRELINE values (2448, 2447, NULL, NULL, NULL, 0.00, 0.00, 0.00);
 insert into SCRAPS values (2449, 2447, 'the_stilep_1', 1);
 insert into SCRAPS values (2475, 2447, 'the_stilep_2', 1);
 insert into MAPS values (2488, 2447, 'mthe_stilep_1', NULL, 1, 65.380, 17.270);
 insert into MAPITEMS values (2488, 4, 2449);
 insert into MAPS values (2489, 2447, 'mthe_stilep_2', NULL, 1, 65.380, 17.270);
 insert into MAPITEMS values (2489, 4, 2475);
 insert into CENTRELINE values (2491, 2447, NULL, '2016-07-20', NULL, 65.38, 0.00, 0.00);
 insert into TOPO values (22, 2491);
 insert into TOPO values (17, 2491);
 insert into EXPLO values (22, 2491);
 insert into EXPLO values (17, 2491);
 insert into SHOT values (508, 532, 533, 2491, 7.99, 75.27, -27.00, 7.94, 73.88, -27.22, 0.18, 325.00, -0.82);
insert into SHOT values (509, 533, 534, 2491, 4.17, 117.27, -16.00, 4.05, 116.76, -16.21, 0.13, 313.11, 8.68);
insert into SHOT values (510, 534, 535, 2491, 4.27, 14.27, -1.00, 4.36, 13.27, -0.92, 0.12, 332.79, 2.25);
insert into SHOT values (511, 535, 536, 2491, 3.97, 344.27, 1.00, 4.09, 343.82, 1.12, 0.13, 329.55, 4.84);
insert into SHOT values (512, 536, 537, 2491, 3.95, 55.27, 4.00, 3.93, 54.12, 4.08, 0.08, 313.40, 3.17);
insert into SHOT values (513, 537, 538, 2491, 4.66, 338.27, -4.00, 4.79, 337.89, -3.83, 0.14, 324.61, 2.12);
insert into SHOT values (514, 538, 539, 2491, 3.66, 323.27, 0.00, 3.80, 323.13, 0.15, 0.14, 319.36, 4.08);
insert into SHOT values (515, 539, 540, 2491, 3.68, 17.27, -7.00, 3.76, 16.35, -6.88, 0.10, 339.41, -0.88);
insert into SHOT values (516, 540, 541, 2491, 2.79, 71.27, -3.00, 2.73, 70.30, -2.94, 0.07, 290.39, 4.69);
insert into SHOT values (517, 541, 542, 2491, 1.92, 304.27, -8.00, 2.05, 304.78, -7.56, 0.13, 312.08, -1.20);
insert into SHOT values (518, 542, 543, 2491, 3.36, 66.27, -35.00, 3.33, 65.22, -35.21, 0.06, 303.22, 6.92);
insert into SHOT values (519, 543, 544, 2491, 5.67, 359.27, -42.00, 5.74, 358.54, -41.18, 0.12, 332.04, 6.60);
insert into SHOT values (520, 544, 545, 2491, 8.08, 248.27, -25.00, 8.13, 249.80, -24.66, 0.21, 321.63, 6.89);
insert into SHOT values (521, 545, 546, 2491, 4.30, 235.27, -17.00, 4.31, 236.46, -16.85, 0.09, 316.00, 4.74);
insert into SHOT values (522, 546, 547, 2491, 1.78, 286.27, -45.00, 1.85, 287.07, -44.16, 0.08, 301.11, -23.48);
insert into SHOT values (523, 547, 548, 2491, 1.13, 288.27, 21.00, 1.25, 289.52, 20.66, 0.12, 301.07, 16.99);
insert into SURVEY values (2493, 22, 'quantum_state', 'quantum_state.primadona.sistem_prima', NULL);
 insert into CENTRELINE values (2494, 2493, NULL, NULL, NULL, 0.00, 0.00, 0.00);
 insert into SCRAPS values (2495, 2493, 'quantum_statep_1', 1);
 insert into SCRAPS values (2516, 2493, 'quantum_statep_2', 1);
 insert into MAPS values (2525, 2493, 'mquantum_statep_1', NULL, 1, 70.400, 29.900);
 insert into MAPITEMS values (2525, 4, 2495);
 insert into MAPS values (2526, 2493, 'mquantum_statep_2', NULL, 1, 70.400, 29.900);
 insert into MAPITEMS values (2526, 4, 2516);
 insert into CENTRELINE values (2527, 2493, NULL, '2016-07-18', NULL, 70.40, 0.00, 0.00);
 insert into PERSON values (23, 'Miriam', 'North');
insert into TOPO values (23, 2527);
 insert into TOPO values (21, 2527);
 insert into TOPO values (18, 2527);
 insert into EXPLO values (23, 2527);
 insert into EXPLO values (21, 2527);
 insert into EXPLO values (18, 2527);
 insert into SHOT values (524, 549, 550, 2527, 4.90, 304.27, 6.00, 4.90, 304.21, 5.97, 0.01, 215.18, -22.58);
insert into SHOT values (525, 551, 550, 2527, 4.80, 154.27, -20.00, 4.81, 154.29, -20.07, 0.01, 162.23, -50.29);
insert into SHOT values (526, 551, 552, 2527, 7.00, 224.27, 5.00, 7.01, 224.25, 4.99, 0.01, 195.89, -0.71);
insert into SHOT values (527, 553, 552, 2527, 5.90, 133.27, 10.00, 5.90, 133.26, 10.06, 0.01, 351.15, 61.69);
insert into SHOT values (528, 553, 554, 2527, 2.40, 224.27, 10.00, 2.40, 224.31, 10.08, 0.00, 358.89, 54.37);
insert into SHOT values (529, 555, 554, 2527, 6.60, 344.27, -25.00, 6.60, 344.29, -25.00, 0.00, 29.24, -15.42);
insert into SHOT values (530, 556, 555, 2527, 3.00, 314.27, -30.00, 3.00, 314.22, -30.03, 0.00, 176.01, 0.00);
insert into SHOT values (531, 556, 557, 2527, 4.20, 114.27, 5.00, 4.20, 114.24, 4.91, 0.01, 89.67, -45.82);
insert into SHOT values (532, 558, 557, 2527, 2.60, 354.27, -27.00, 2.60, 354.29, -27.04, 0.01, 167.26, 4.14);
insert into SHOT values (533, 558, 559, 2527, 2.40, 114.27, 0.00, 2.40, 114.33, 0.00, 0.00, 147.11, 0.00);
insert into SHOT values (534, 560, 559, 2527, 14.60, 99.27, -68.00, 14.60, 99.26, -68.00, 0.00, 58.30, -49.95);
insert into SHOT values (535, 561, 560, 2527, 4.50, 294.27, -59.00, 4.50, 294.24, -59.06, 0.00, 135.15, -34.96);
insert into SHOT values (536, 562, 561, 2527, 7.50, 56.27, -37.00, 7.50, 56.23, -36.97, 0.01, 338.71, 37.89);
insert into SURVEY values (2529, 22, 'terminus', 'terminus.primadona.sistem_prima', NULL);
 insert into CENTRELINE values (2530, 2529, NULL, NULL, NULL, 0.00, 0.00, 0.00);
 insert into SCRAPS values (2531, 2529, 'terminusp_1', 1);
 insert into SCRAPS values (2543, 2529, 'terminusp_2', 1);
 insert into SCRAPS values (2552, 2529, 'terminusp_3', 1);
 insert into MAPS values (2568, 2529, 'mterminusp_1', NULL, 1, 51.290, 9.420);
 insert into MAPITEMS values (2568, 4, 2531);
 insert into MAPS values (2569, 2529, 'mterminusp_2', NULL, 1, 51.290, 9.420);
 insert into MAPITEMS values (2569, 4, 2543);
 insert into MAPS values (2570, 2529, 'mterminusp_3', NULL, 1, 51.290, 9.420);
 insert into MAPITEMS values (2570, 4, 2552);
 insert into CENTRELINE values (2573, 2529, NULL, '2016-07-21', NULL, 51.29, 0.00, 0.00);
 insert into PERSON values (24, 'William', 'French');
insert into TOPO values (24, 2573);
 insert into TOPO values (23, 2573);
 insert into EXPLO values (24, 2573);
 insert into EXPLO values (23, 2573);
 insert into SHOT values (537, 563, 564, 2573, 3.62, 309.27, -12.00, 3.62, 309.27, -11.97, 0.00, 144.85, 54.74);
insert into SHOT values (538, 565, 563, 2573, 3.53, 9.27, 53.00, 3.53, 9.46, 52.95, 0.01, 66.15, 5.60);
insert into SHOT values (539, 566, 565, 2573, 4.04, 298.27, 12.00, 4.04, 298.25, 12.00, 0.00, 173.42, 1.09);
insert into SHOT values (540, 567, 566, 2573, 2.20, 336.27, 5.00, 2.21, 336.12, 4.94, 0.01, 293.69, -11.02);
insert into SHOT values (541, 568, 567, 2573, 1.93, 297.27, 26.00, 1.93, 297.16, 26.16, 0.01, 159.82, 36.92);
insert into SHOT values (542, 568, 569, 2573, 3.60, 175.27, 8.00, 3.61, 175.34, 7.97, 0.01, 207.19, -7.25);
insert into SHOT values (543, 570, 569, 2573, 5.60, 4.27, -90.00, 5.60, 90.00, -90.00, 0.00, 4.27, -81.86);
insert into SHOT values (544, 571, 570, 2573, 3.34, 80.27, -35.00, 3.34, 80.33, -35.03, 0.01, 122.93, -46.82);
insert into SHOT values (545, 572, 571, 2573, 7.57, 63.27, 2.00, 7.56, 63.27, 1.97, 0.01, 252.64, -29.04);
insert into SHOT values (546, 573, 574, 2573, 4.81, 37.27, 1.00, 4.80, 37.30, 0.95, 0.01, 201.10, -27.98);
insert into SHOT values (547, 575, 573, 2573, 2.22, 235.27, -23.00, 2.22, 235.38, -23.08, 0.00, 353.77, -32.15);
insert into SHOT values (548, 572, 575, 2573, 2.60, 127.27, -31.00, 2.60, 127.33, -31.05, 0.00, 265.73, -14.74);
insert into SHOT values (549, 576, 572, 2573, 5.39, 176.27, -18.00, 5.39, 176.20, -17.93, 0.01, 123.75, 33.87);
insert into SHOT values (550, 576, 577, 2573, 0.84, 102.27, 0.00, 0.85, 102.24, 0.00, 0.01, 98.75, 0.00);
insert into SURVEY values (2575, 22, 'dejavu', 'dejavu.primadona.sistem_prima', NULL);
 insert into CENTRELINE values (2576, 2575, NULL, NULL, NULL, 0.00, 0.00, 0.00);
 insert into SCRAPS values (2577, 2575, 'dejavup_1', 1);
 insert into SCRAPS values (2614, 2575, 'dejavup_2', 1);
 insert into MAPS values (2621, 2575, 'mdejavup_1', NULL, 1, 90.690, 19.520);
 insert into MAPITEMS values (2621, 4, 2577);
 insert into MAPS values (2622, 2575, 'mdejavup_2', NULL, 1, 90.690, 19.520);
 insert into MAPITEMS values (2622, 4, 2614);
 insert into CENTRELINE values (2623, 2575, NULL, '2016-07-20', NULL, 90.69, 0.00, 0.00);
 insert into TOPO values (17, 2623);
 insert into PERSON values (25, 'Clare', 'Tan');
insert into TOPO values (25, 2623);
 insert into EXPLO values (17, 2623);
 insert into EXPLO values (25, 2623);
 insert into SHOT values (551, 578, 579, 2623, 5.01, 25.27, 36.00, 5.01, 25.24, 35.93, 0.01, 353.86, -44.73);
insert into SHOT values (552, 579, 580, 2623, 6.22, 318.27, 13.00, 6.22, 318.28, 13.02, 0.00, 131.34, 9.26);
insert into SHOT values (553, 580, 581, 2623, 4.22, 295.27, -17.00, 4.22, 295.23, -16.95, 0.00, 193.22, 50.86);
insert into SHOT values (554, 581, 582, 2623, 3.54, 82.27, 5.00, 3.54, 82.17, 4.87, 0.01, 322.70, -48.84);
insert into SHOT values (555, 582, 583, 2623, 4.92, 64.27, -2.00, 4.92, 64.32, -1.98, 0.00, 175.26, 21.65);
insert into SHOT values (556, 583, 584, 2623, 4.92, 65.27, 37.00, 4.92, 65.33, 37.00, 0.00, 164.95, -14.33);
insert into SHOT values (557, 584, 585, 2623, 1.75, 111.27, -11.00, 1.75, 111.18, -10.89, 0.01, 346.65, 49.15);
insert into SHOT values (558, 585, 586, 2623, 6.65, 42.27, 44.00, 6.65, 42.29, 43.99, 0.00, 78.06, 13.34);
insert into SHOT values (559, 586, 587, 2623, 15.05, 312.27, 25.00, 15.05, 312.30, 25.00, 0.01, 29.32, -4.33);
insert into SHOT values (560, 587, 588, 2623, 2.39, 175.27, -31.00, 2.40, 175.26, -30.88, 0.01, 171.63, 6.37);
insert into SHOT values (561, 588, 589, 2623, 18.76, 225.27, 12.00, 18.76, 225.29, 12.00, 0.00, 320.90, -5.94);
insert into SHOT values (562, 588, 590, 2623, 17.26, 214.27, -21.00, 17.26, 214.30, -21.02, 0.01, 314.77, -30.46);
insert into SURVEY values (2625, 22, 'tight_and_scrotty', 'tight_and_scrotty.primadona.sistem_prima', NULL);
 insert into CENTRELINE values (2626, 2625, NULL, NULL, NULL, 0.00, 0.00, 0.00);
 insert into SCRAPS values (2627, 2625, 'tight_and_scrotty-p1', 1);
 insert into MAPS values (2650, 2625, 'm1p', NULL, 1, 43.790, 21.400);
 insert into MAPITEMS values (2650, 4, 2627);
 insert into CENTRELINE values (2651, 2625, NULL, '2016-07-26', NULL, 43.79, 0.00, 0.00);
 insert into TOPO values (16, 2651);
 insert into TOPO values (23, 2651);
 insert into EXPLO values (16, 2651);
 insert into EXPLO values (23, 2651);
 insert into EXPLO values (25, 2651);
 insert into EXPLO values (18, 2651);
 insert into SHOT values (563, 591, 592, 2651, 13.75, 184.28, 72.00, 13.74, 184.33, 72.02, 0.01, 336.18, -41.94);
insert into SHOT values (564, 592, 593, 2651, 3.25, 189.28, 5.00, 3.25, 189.23, 5.11, 0.01, 158.02, 53.02);
insert into SHOT values (565, 594, 593, 2651, 3.43, 4.28, -90.00, 3.43, 90.00, -90.00, 0.00, 4.28, 85.82);
insert into SHOT values (566, 595, 594, 2651, 4.40, 334.28, 3.00, 4.40, 334.37, 3.00, 0.01, 78.26, -2.19);
insert into SHOT values (567, 596, 595, 2651, 7.52, 4.28, 5.00, 7.52, 4.29, 5.04, 0.00, 110.97, 72.21);
insert into SHOT values (568, 596, 597, 2651, 4.67, 4.28, 90.00, 4.67, 90.00, 90.00, 0.00, 4.28, -83.98);
insert into SHOT values (569, 598, 597, 2651, 4.80, 349.28, 0.00, 4.80, 349.18, 0.00, 0.01, 228.02, 0.00);
insert into SHOT values (570, 598, 599, 2651, 1.97, 24.28, 25.00, 1.96, 24.26, 25.04, 0.01, 208.28, -16.62);
insert into SURVEY values (2653, 22, 'gamblers_ruin', 'gamblers_ruin.primadona.sistem_prima', NULL);
 insert into CENTRELINE values (2654, 2653, NULL, NULL, NULL, 0.00, 0.00, 0.00);
 insert into SCRAPS values (2655, 2653, 'gamblers_ruin-p1', 1);
 insert into MAPS values (2671, 2653, 'm1p', NULL, 1, 40.510, 25.770);
 insert into MAPITEMS values (2671, 4, 2655);
 insert into CENTRELINE values (2672, 2653, NULL, '2016-07-26', NULL, 40.51, 0.00, 0.00);
 insert into TOPO values (16, 2672);
 insert into TOPO values (23, 2672);
 insert into EXPLO values (16, 2672);
 insert into EXPLO values (23, 2672);
 insert into EXPLO values (25, 2672);
 insert into EXPLO values (18, 2672);
 insert into SHOT values (571, 600, 601, 2672, 8.67, 164.28, 45.00, 8.67, 164.29, 45.00, 0.00, 311.43, -18.60);
insert into SHOT values (572, 601, 602, 2672, 4.92, 169.28, 40.00, 4.92, 169.32, 39.93, 0.01, 190.60, -19.76);
insert into SHOT values (573, 602, 603, 2672, 5.87, 149.28, 5.00, 5.87, 149.22, 4.99, 0.01, 19.56, -12.36);
insert into SHOT values (574, 604, 603, 2672, 5.76, 4.28, -90.00, 5.76, 90.00, -90.00, 0.00, 4.28, 23.83);
insert into SHOT values (575, 604, 605, 2672, 4.87, 139.28, 75.00, 4.88, 139.50, 74.99, 0.01, 206.13, 48.32);
insert into SHOT values (576, 606, 605, 2672, 3.23, 319.28, -25.00, 3.23, 319.29, -24.91, 0.01, 353.97, 74.00);
insert into SHOT values (577, 607, 606, 2672, 5.08, 14.28, -45.00, 5.09, 14.35, -45.06, 0.01, 105.60, -61.18);
insert into SHOT values (578, 607, 608, 2672, 2.11, 144.28, 15.00, 2.10, 144.20, 14.87, 0.01, 0.03, -52.89);
insert into SURVEY values (2688, 22, 'buckwheat', 'buckwheat.primadona.sistem_prima', NULL);
 insert into CENTRELINE values (2689, 2688, NULL, NULL, NULL, 0.00, 0.00, 0.00);
 insert into CENTRELINE values (2690, 2688, NULL, '2017-07-19', NULL, 0.00, 0.00, 37.49);
 insert into TOPO values (15, 2690);
 insert into TOPO values (17, 2690);
 insert into SHOT values (579, 609, 610, 2690, 3.60, 341.40, -2.00, 3.54, 340.54, -1.94, 0.08, 204.89, 4.19);
insert into SHOT_FLAG values(579, 'dpl');
insert into SHOT values (580, 610, 611, 2690, 4.71, 4.40, -90.00, 4.70, 216.87, -89.39, 0.05, 216.87, 11.31);
insert into SHOT_FLAG values(580, 'dpl');
insert into SHOT values (581, 611, 612, 2690, 4.38, 15.40, -34.00, 4.29, 14.90, -34.47, 0.10, 213.88, 11.19);
insert into SHOT_FLAG values(581, 'dpl');
insert into SHOT values (582, 612, 613, 2690, 17.36, 4.40, 90.00, 17.38, 243.43, 89.19, 0.25, 243.43, 4.65);
insert into SHOT_FLAG values(582, 'dpl');
insert into SHOT values (583, 613, 614, 2690, 3.06, 13.40, 56.00, 3.02, 12.53, 56.63, 0.06, 219.36, -16.31);
insert into SHOT_FLAG values(583, 'dpl');
insert into SHOT values (584, 614, 615, 2690, 4.38, 32.40, 18.00, 4.29, 31.74, 18.36, 0.11, 238.15, -1.85);
insert into SHOT_FLAG values(584, 'dpl');
insert into SURVEY values (2692, 22, 'TTTr', 'TTTr.primadona.sistem_prima', NULL);
 insert into CENTRELINE values (2693, 2692, NULL, NULL, NULL, 0.00, 0.00, 0.00);
 insert into CENTRELINE values (2694, 2692, NULL, '2017-07-17', NULL, 35.31, 0.00, 280.31);
 insert into TOPO values (15, 2694);
 insert into TOPO values (17, 2694);
 insert into SHOT values (585, 616, 617, 2694, 4.59, 119.40, 9.00, 4.53, 120.35, 9.27, 0.10, 248.92, 7.10);
insert into SHOT_FLAG values(585, 'dpl');
insert into SHOT values (586, 617, 618, 2694, 16.70, 4.40, 90.00, 16.71, 243.43, 89.23, 0.22, 243.43, 2.56);
insert into SHOT_FLAG values(586, 'dpl');
insert into SHOT values (587, 618, 619, 2694, 5.03, 4.40, 90.00, 5.04, 248.20, 89.39, 0.05, 248.20, 10.52);
insert into SHOT values (588, 619, 620, 2694, 7.26, 256.40, 4.00, 7.37, 256.08, 4.04, 0.12, 236.43, 6.40);
insert into SHOT values (589, 620, 621, 2694, 8.97, 156.40, 74.00, 8.98, 157.56, 73.92, 0.05, 229.28, 8.09);
insert into SHOT values (590, 621, 622, 2694, 7.55, 199.40, 18.00, 7.64, 200.45, 17.85, 0.16, 256.52, 2.49);
insert into SHOT values (591, 622, 623, 2694, 6.50, 311.40, -19.00, 6.54, 310.22, -18.73, 0.14, 241.80, 6.79);
insert into SHOT values (592, 623, 624, 2694, 13.02, 4.40, 90.00, 13.03, 241.70, 89.35, 0.15, 241.70, 3.87);
insert into SHOT_FLAG values(592, 'dpl');
insert into SHOT values (593, 624, 625, 2694, 4.40, 16.40, -7.00, 4.11, 16.52, -6.99, 0.29, 194.63, 7.15);
insert into SHOT_FLAG values(593, 'dpl');
insert into SHOT values (594, 625, 626, 2694, 5.63, 61.40, 0.00, 5.45, 63.53, 0.53, 0.28, 193.37, 10.40);
insert into SHOT_FLAG values(594, 'dpl');
insert into SHOT values (595, 626, 627, 2694, 9.74, 41.40, 4.00, 9.49, 43.33, 4.89, 0.43, 171.01, 17.53);
insert into SHOT_FLAG values(595, 'dpl');
insert into SHOT values (596, 627, 628, 2694, 2.66, 80.40, -5.00, 2.55, 82.76, -4.73, 0.15, 217.25, 8.11);
insert into SHOT_FLAG values(596, 'dpl');
insert into SHOT values (597, 628, 629, 2694, 10.91, 9.40, -1.00, 10.62, 9.05, -0.38, 0.32, 202.28, 22.28);
insert into SHOT_FLAG values(597, 'dpl');
insert into SHOT values (598, 629, 630, 2694, 2.95, 260.40, 5.00, 3.07, 258.29, 5.24, 0.16, 215.43, 8.17);
insert into SHOT_FLAG values(598, 'dpl');
insert into SHOT values (599, 630, 631, 2694, 4.89, 347.40, 27.00, 4.69, 346.23, 28.54, 0.25, 186.67, 4.50);
insert into SHOT_FLAG values(599, 'dpl');
insert into SHOT values (600, 631, 632, 2694, 3.77, 20.40, -6.00, 3.48, 20.63, -5.94, 0.29, 197.57, 6.76);
insert into SHOT_FLAG values(600, 'dpl');
insert into SHOT values (601, 632, 633, 2694, 3.85, 307.40, -28.00, 3.72, 305.09, -28.03, 0.18, 176.55, 18.18);
insert into SHOT_FLAG values(601, 'dpl');
insert into SHOT values (602, 633, 634, 2694, 3.27, 45.40, -9.00, 3.03, 46.76, -8.93, 0.25, 208.77, 9.49);
insert into SHOT_FLAG values(602, 'dpl');
insert into SHOT values (603, 634, 635, 2694, 5.28, 4.40, 90.00, 5.32, 194.04, 88.67, 0.13, 194.04, 17.92);
insert into SHOT_FLAG values(603, 'dpl');
insert into SHOT values (604, 635, 636, 2694, 2.85, 39.40, 1.00, 2.60, 40.63, 1.54, 0.26, 207.09, 4.45);
insert into SHOT_FLAG values(604, 'dpl');
insert into SHOT values (605, 636, 637, 2694, 6.74, 141.40, 10.00, 6.92, 143.77, 10.06, 0.33, 199.57, 6.81);
insert into SHOT_FLAG values(605, 'dpl');
insert into SHOT values (606, 637, 638, 2694, 8.60, 49.40, 39.00, 8.46, 51.33, 41.34, 0.43, 196.79, 24.16);
insert into SHOT_FLAG values(606, 'dpl');
insert into SHOT values (607, 638, 639, 2694, 3.40, 61.40, 9.00, 3.22, 63.19, 9.67, 0.21, 213.69, 2.18);
insert into SHOT_FLAG values(607, 'dpl');
insert into SHOT values (608, 639, 640, 2694, 5.14, 72.40, -18.00, 4.99, 74.73, -17.97, 0.25, 199.22, 11.31);
insert into SHOT_FLAG values(608, 'dpl');
insert into SHOT values (609, 640, 641, 2694, 3.49, 37.40, 50.00, 3.36, 38.70, 52.10, 0.19, 202.84, -7.17);
insert into SHOT_FLAG values(609, 'dpl');
insert into SHOT values (610, 641, 642, 2694, 14.10, 64.40, -2.00, 13.96, 68.69, -1.27, 1.08, 164.01, 9.75);
insert into SHOT_FLAG values(610, 'dpl');
insert into SHOT values (611, 642, 643, 2694, 18.90, 18.40, 57.00, 18.91, 18.87, 63.69, 2.21, 196.35, 29.86);
insert into SHOT_FLAG values(611, 'dpl');
insert into SHOT values (612, 643, 644, 2694, 21.08, 4.40, 90.00, 21.14, 193.86, 87.85, 0.79, 193.86, 3.61);
insert into SHOT_FLAG values(612, 'dpl');
insert into SHOT values (613, 644, 645, 2694, 13.09, 36.40, 38.00, 12.94, 38.16, 41.59, 0.88, 191.51, 36.91);
insert into SHOT_FLAG values(613, 'dpl');
insert into SHOT values (614, 645, 646, 2694, 9.27, 51.40, -6.00, 9.05, 53.80, -5.71, 0.44, 171.43, 8.98);
insert into SHOT_FLAG values(614, 'dpl');
insert into SHOT values (615, 646, 647, 2694, 3.11, 50.40, 22.00, 2.91, 51.97, 23.24, 0.22, 210.72, -3.93);
insert into SHOT_FLAG values(615, 'dpl');
insert into SHOT values (616, 647, 648, 2694, 4.59, 39.40, 7.00, 4.34, 40.57, 7.67, 0.27, 200.09, 4.42);
insert into SHOT_FLAG values(616, 'dpl');
insert into SHOT values (617, 648, 649, 2694, 2.28, 4.40, 90.00, 2.33, 194.04, 87.97, 0.10, 194.04, 31.23);
insert into SHOT_FLAG values(617, 'dpl');
insert into SHOT values (618, 649, 650, 2694, 3.24, 45.40, 25.00, 3.04, 46.93, 26.19, 0.23, 206.53, -7.39);
insert into SHOT_FLAG values(618, 'dpl');
insert into SHOT values (619, 650, 651, 2694, 5.96, 27.40, 4.00, 5.69, 28.10, 4.74, 0.29, 193.33, 10.73);
insert into SHOT_FLAG values(619, 'dpl');
insert into SHOT values (620, 651, 652, 2694, 4.08, 65.40, 9.00, 3.92, 67.48, 9.55, 0.22, 205.44, 3.07);
insert into SHOT_FLAG values(620, 'dpl');
insert into SHOT values (621, 652, 653, 2694, 3.10, 1.40, 34.00, 2.90, 0.73, 35.88, 0.22, 188.49, -8.59);
insert into SHOT_FLAG values(621, 'dpl');
insert into SHOT values (622, 653, 654, 2694, 2.97, 61.40, -15.00, 2.78, 63.24, -15.00, 0.21, 216.02, 13.56);
insert into SHOT_FLAG values(622, 'dpl');
insert into SHOT values (623, 654, 655, 2694, 3.52, 120.40, 43.00, 3.61, 122.85, 42.71, 0.15, 176.02, 19.73);
insert into SHOT_FLAG values(623, 'dpl');
insert into SHOT values (624, 655, 656, 2694, 7.00, 8.40, 30.00, 6.78, 8.10, 32.06, 0.33, 193.80, 17.54);
insert into SHOT_FLAG values(624, 'dpl');
insert into SHOT values (625, 656, 657, 2694, 5.81, 56.40, -27.00, 5.60, 58.32, -27.52, 0.27, 197.79, 10.10);
insert into SHOT_FLAG values(625, 'dpl');
insert into SHOT values (626, 657, 658, 2694, 11.50, 26.40, 46.00, 11.36, 27.19, 49.82, 0.78, 197.62, 31.44);
insert into SHOT_FLAG values(626, 'dpl');
insert into SHOT values (627, 658, 659, 2694, 3.89, 4.40, 90.00, 3.93, 192.53, 88.66, 0.10, 192.53, 23.45);
insert into SHOT_FLAG values(627, 'dpl');
insert into SHOT values (628, 659, 660, 2694, 16.32, 38.40, 6.00, 16.09, 41.08, 7.61, 0.91, 150.34, 27.77);
insert into SHOT_FLAG values(628, 'dpl');
insert into SHOT values (629, 660, 661, 2694, 4.62, 51.40, -15.00, 4.40, 53.05, -15.17, 0.26, 202.61, 10.22);
insert into SHOT_FLAG values(629, 'dpl');
insert into SURVEY values (2696, 22, 'fenestrator', 'fenestrator.primadona.sistem_prima', NULL);
 insert into CENTRELINE values (2697, 2696, NULL, NULL, NULL, 0.00, 0.00, 0.00);
 insert into SCRAPS values (2698, 2696, 'fenestratorp_1', 1);
 insert into SCRAPS values (2726, 2696, 'fenestratorp_2', 1);
 insert into MAPS values (2733, 2696, 'mfenestratorp_1', NULL, 1, 51.240, 4.810);
 insert into MAPITEMS values (2733, 4, 2698);
 insert into MAPS values (2734, 2696, 'mfenestratorp_2', NULL, 1, 51.240, 4.810);
 insert into MAPITEMS values (2734, 4, 2726);
 insert into CENTRELINE values (2735, 2696, NULL, '2017-07-14', NULL, 51.24, 0.00, 0.00);
 insert into PERSON values (26, 'Benjamin', 'Honan');
insert into TOPO values (26, 2735);
 insert into TOPO values (18, 2735);
 insert into EXPLO values (26, 2735);
 insert into EXPLO values (18, 2735);
 insert into SHOT values (630, 662, 663, 2735, 5.04, 357.40, -20.00, 5.04, 357.34, -19.96, 0.01, 256.82, 36.45);
insert into SHOT values (631, 664, 662, 2735, 2.59, 24.40, 10.00, 2.59, 24.56, 10.01, 0.01, 114.20, 2.05);
insert into SHOT values (632, 665, 664, 2735, 2.46, 66.40, -24.00, 2.46, 66.40, -23.98, 0.00, 72.50, 39.12);
insert into SHOT values (633, 666, 665, 2735, 2.92, 71.40, 45.00, 2.91, 71.30, 45.02, 0.01, 281.15, -34.11);
insert into SHOT values (634, 667, 666, 2735, 1.45, 4.40, -90.00, 1.45, 90.00, -90.00, 0.00, 4.40, -83.65);
insert into SHOT values (635, 668, 667, 2735, 4.59, 357.40, 20.00, 4.59, 357.48, 20.00, 0.01, 77.79, 1.23);
insert into SHOT values (636, 669, 668, 2735, 14.34, 10.40, 0.00, 14.34, 10.41, 0.00, 0.00, 157.46, 0.00);
insert into SHOT values (637, 670, 669, 2735, 8.22, 11.40, 1.00, 8.22, 11.36, 1.05, 0.01, 308.47, 50.63);
insert into SHOT values (638, 671, 670, 2735, 3.23, 230.40, -5.00, 3.23, 230.42, -4.97, 0.00, 325.25, 47.59);
insert into SHOT values (639, 672, 671, 2735, 6.40, 132.40, -45.00, 6.40, 132.40, -45.04, 0.01, 305.70, -61.65);
insert into SURVEY values (2737, 22, 'battery_flattery', 'battery_flattery.primadona.sistem_prima', NULL);
 insert into CENTRELINE values (2738, 2737, NULL, NULL, NULL, 0.00, 0.00, 0.00);
 insert into SCRAPS values (2739, 2737, 'battery_flatteryp_1', 1);
 insert into SCRAPS values (2757, 2737, 'scrap28', 1);
 insert into SCRAPS values (2759, 2737, 'battery_flatteryp_2', 1);
 insert into MAPS values (2769, 2737, 'mbattery_flatteryp_1', NULL, 1, 63.420, 23.440);
 insert into MAPITEMS values (2769, 4, 2739);
 insert into MAPS values (2770, 2737, 'mbattery_flatteryp_2', NULL, 1, 63.420, 23.440);
 insert into MAPITEMS values (2770, 4, 2759);
 insert into CENTRELINE values (2771, 2737, NULL, '2017-07-20', NULL, 63.42, 0.00, 0.00);
 insert into TOPO values (26, 2771);
 insert into TOPO values (18, 2771);
 insert into EXPLO values (26, 2771);
 insert into EXPLO values (25, 2771);
 insert into EXPLO values (18, 2771);
 insert into SHOT values (640, 673, 674, 2771, 1.44, 252.40, 43.00, 1.44, 252.26, 43.03, 0.00, 112.03, -26.56);
insert into SHOT values (641, 675, 673, 2771, 3.00, 264.40, 0.00, 3.00, 264.46, 0.00, 0.01, 302.49, 0.00);
insert into SHOT values (642, 676, 675, 2771, 7.85, 319.40, 23.00, 7.85, 319.38, 23.04, 0.01, 159.06, 21.75);
insert into SHOT values (643, 677, 676, 2771, 11.04, 326.40, -7.00, 11.05, 326.38, -7.02, 0.01, 296.93, -33.73);
insert into SHOT values (644, 678, 677, 2771, 5.06, 252.40, 0.00, 5.06, 252.39, 0.00, 0.00, 90.11, 0.00);
insert into SHOT values (645, 679, 678, 2771, 5.38, 191.40, 5.00, 5.38, 191.41, 5.02, 0.00, 350.23, 15.99);
insert into SHOT values (646, 680, 679, 2771, 7.50, 301.40, 19.00, 7.49, 301.38, 19.00, 0.01, 148.54, -17.80);
insert into SHOT values (647, 681, 680, 2771, 2.12, 214.40, -26.00, 2.12, 214.52, -26.01, 0.00, 302.33, -8.99);
insert into SHOT values (648, 682, 674, 2771, 17.30, 4.40, -90.00, 17.30, 90.00, -90.00, 0.00, 4.40, 37.40);
insert into SHOT values (649, 683, 682, 2771, 2.73, 309.40, -11.00, 2.73, 309.39, -11.19, 0.01, 140.50, -82.08);
insert into SURVEY values (2773, 22, 'plumbers_p', 'plumbers_p.primadona.sistem_prima', NULL);
 insert into CENTRELINE values (2774, 2773, NULL, NULL, NULL, 0.00, 0.00, 0.00);
 insert into SCRAPS values (2775, 2773, 'plumbers_pp_2', 1);
 insert into SCRAPS values (2806, 2773, 'plumbers_pp_1', 1);
 insert into MAPS values (2822, 2773, 'mplumbers_pp_1', NULL, 1, 107.670, 24.790);
 insert into MAPITEMS values (2822, 4, 2806);
 insert into MAPS values (2823, 2773, 'mplumbers_pp_2', NULL, 1, 107.670, 24.790);
 insert into MAPITEMS values (2823, 4, 2775);
 insert into CENTRELINE values (2825, 2773, NULL, '2017-07-20', NULL, 107.67, 0.00, 0.00);
 insert into TOPO values (26, 2825);
 insert into TOPO values (25, 2825);
 insert into TOPO values (18, 2825);
 insert into EXPLO values (26, 2825);
 insert into EXPLO values (25, 2825);
 insert into EXPLO values (18, 2825);
 insert into SHOT values (650, 684, 685, 2825, 1.25, 234.40, 30.00, 1.25, 234.40, 29.81, 0.01, 51.10, -86.95);
insert into SHOT values (651, 686, 684, 2825, 1.92, 289.40, 29.00, 1.92, 289.52, 29.02, 0.00, 60.59, -10.49);
insert into SHOT values (652, 687, 686, 2825, 2.71, 300.40, 8.00, 2.71, 300.19, 8.06, 0.01, 213.68, 16.45);
insert into SHOT values (653, 688, 687, 2825, 3.12, 226.40, -5.00, 3.12, 226.44, -4.97, 0.00, 13.42, 28.67);
insert into SHOT values (654, 689, 688, 2825, 5.14, 201.40, -2.00, 5.14, 201.37, -2.01, 0.01, 57.88, -6.89);
insert into SHOT values (655, 690, 689, 2825, 5.92, 177.40, 4.00, 5.92, 177.38, 3.97, 0.00, 103.39, -53.85);
insert into SHOT values (656, 691, 690, 2825, 4.96, 172.40, -1.00, 4.96, 172.47, -0.92, 0.01, 233.76, 41.93);
insert into SHOT values (657, 692, 691, 2825, 3.47, 172.40, -20.00, 3.47, 172.42, -20.06, 0.00, 329.02, -52.62);
insert into SHOT values (658, 693, 692, 2825, 5.20, 164.40, 11.00, 5.20, 164.33, 10.96, 0.01, 116.07, -15.18);
insert into SHOT values (659, 694, 693, 2825, 3.09, 156.40, -1.00, 3.09, 156.51, -0.93, 0.01, 279.30, 29.36);
insert into SHOT values (660, 695, 694, 2825, 6.80, 182.40, -3.00, 6.80, 182.36, -3.04, 0.01, 42.71, -32.62);
insert into SHOT values (661, 696, 695, 2825, 8.24, 164.40, 0.00, 8.24, 164.45, 0.00, 0.01, 239.04, 0.00);
insert into SHOT values (662, 697, 696, 2825, 3.08, 161.40, 1.00, 3.08, 161.27, 1.11, 0.01, 99.65, 38.46);
insert into SHOT values (663, 698, 697, 2825, 0.96, 264.40, 33.00, 0.97, 265.06, 32.60, 0.01, 314.50, -13.14);
insert into SHOT values (664, 698, 699, 2825, 7.52, 322.40, 37.00, 7.53, 322.37, 37.00, 0.01, 286.98, 36.50);
insert into SHOT values (665, 699, 700, 2825, 5.65, 326.40, 11.00, 5.65, 326.40, 10.92, 0.01, 300.45, -83.60);
insert into SHOT values (666, 700, 701, 2825, 5.47, 322.40, -34.00, 5.47, 322.42, -33.88, 0.01, 336.47, 48.61);
insert into SHOT values (667, 701, 702, 2825, 1.27, 174.40, -10.00, 1.28, 174.06, -9.93, 0.01, 123.50, 3.20);
insert into SHOT values (668, 702, 703, 2825, 5.55, 124.40, -63.00, 5.55, 124.32, -63.03, 0.01, 15.94, -53.34);
insert into SHOT values (669, 702, 704, 2825, 9.71, 6.40, 79.00, 9.71, 6.20, 79.01, 0.01, 259.50, -13.56);
insert into SHOT values (670, 704, 705, 2825, 7.75, 286.40, 72.00, 7.75, 286.54, 72.04, 0.01, 62.79, -4.70);
insert into SHOT values (671, 705, 706, 2825, 1.92, 194.40, 10.00, 1.92, 194.40, 9.91, 0.00, 9.14, -66.99);
insert into SHOT values (672, 706, 707, 2825, 4.62, 97.40, 23.00, 4.62, 97.44, 23.09, 0.01, 252.76, 32.20);
insert into SHOT values (673, 707, 708, 2825, 2.35, 179.40, 20.00, 2.35, 179.22, 19.90, 0.01, 105.01, -27.77);
insert into SURVEY values (2827, 22, 'upotyn', 'upotyn.primadona.sistem_prima', NULL);
 insert into CENTRELINE values (2828, 2827, NULL, NULL, NULL, 0.00, 0.00, 0.00);
 insert into SCRAPS values (2829, 2827, 'upotynp_1', 1);
 insert into MAPS values (2849, 2827, 'mupotynp_1', NULL, 1, 32.160, 8.210);
 insert into MAPITEMS values (2849, 4, 2829);
 insert into CENTRELINE values (2850, 2827, NULL, '2017-07-20', NULL, 32.16, 0.00, 28.23);
 insert into TOPO values (25, 2850);
 insert into TOPO values (18, 2850);
 insert into EXPLO values (26, 2850);
 insert into EXPLO values (25, 2850);
 insert into EXPLO values (18, 2850);
 insert into SHOT values (674, 709, 710, 2850, 3.70, 340.40, 2.00, 3.70, 340.39, 2.02, 0.00, 173.19, 13.94);
insert into SHOT values (675, 711, 709, 2850, 4.08, 343.40, -11.00, 4.08, 343.47, -11.02, 0.00, 65.84, -18.06);
insert into SHOT values (676, 712, 711, 2850, 5.19, 347.40, 4.00, 5.19, 347.39, 3.98, 0.00, 192.50, -36.68);
insert into SHOT values (677, 713, 712, 2850, 4.41, 355.40, 17.00, 4.41, 355.37, 17.02, 0.00, 205.51, 8.84);
insert into SHOT values (678, 714, 713, 2850, 4.24, 15.40, 1.00, 4.24, 15.31, 0.95, 0.01, 296.29, -31.79);
insert into SHOT values (679, 715, 714, 2850, 4.30, 325.40, -11.00, 4.30, 325.52, -10.99, 0.01, 51.08, 3.10);
insert into SHOT values (680, 716, 715, 2850, 6.24, 282.40, -13.00, 6.24, 282.34, -12.97, 0.01, 197.48, 32.17);
insert into SHOT values (681, 717, 716, 2850, 2.34, 333.40, -28.00, 2.34, 333.31, -27.98, 0.01, 297.94, -14.56);
insert into SHOT_FLAG values(681, 'dpl');
insert into SHOT values (682, 718, 717, 2850, 5.70, 6.40, -2.00, 5.70, 6.45, -2.01, 0.01, 101.57, -11.83);
insert into SHOT_FLAG values(682, 'dpl');
insert into SHOT values (683, 719, 718, 2850, 9.80, 13.40, 0.00, 9.80, 13.40, 0.00, 0.00, 199.33, 0.00);
insert into SHOT_FLAG values(683, 'dpl');
insert into SHOT values (684, 720, 719, 2850, 4.26, 326.40, 1.00, 4.26, 326.38, 1.08, 0.01, 308.30, 56.75);
insert into SHOT_FLAG values(684, 'dpl');
insert into SHOT values (685, 720, 721, 2850, 6.13, 303.40, 51.00, 6.13, 303.36, 51.05, 0.01, 170.21, 59.02);
insert into SHOT_FLAG values(685, 'dpl');
insert into SURVEY values (2852, 22, 'hallelujah', 'hallelujah.primadona.sistem_prima', NULL);
 insert into CENTRELINE values (2853, 2852, NULL, NULL, NULL, 0.00, 0.00, 0.00);
 insert into SCRAPS values (2854, 2852, 'hallelujahp_1', 1);
 insert into MAPS values (2873, 2852, 'mhallelujahp_1', NULL, 1, 34.460, 6.030);
 insert into MAPITEMS values (2873, 4, 2854);
 insert into CENTRELINE values (2874, 2852, NULL, '2017-07-20', NULL, 34.46, 0.00, 0.00);
 insert into TOPO values (26, 2874);
 insert into TOPO values (18, 2874);
 insert into EXPLO values (26, 2874);
 insert into EXPLO values (25, 2874);
 insert into EXPLO values (18, 2874);
 insert into SHOT values (686, 722, 723, 2874, 3.57, 335.40, 3.00, 3.57, 335.45, 3.05, 0.01, 110.44, 35.93);
insert into SHOT values (687, 724, 723, 2874, 4.71, 154.40, -3.00, 4.72, 154.47, -2.92, 0.01, 195.92, 37.36);
insert into SHOT values (688, 725, 724, 2874, 3.99, 142.40, -23.00, 3.99, 142.41, -23.02, 0.00, 265.89, -45.85);
insert into SHOT values (689, 726, 725, 2874, 4.36, 145.40, -36.00, 4.37, 145.27, -36.07, 0.01, 63.82, -42.79);
insert into SHOT values (690, 727, 726, 2874, 2.44, 69.40, 24.00, 2.44, 69.20, 24.20, 0.01, 311.27, 41.06);
insert into SHOT values (691, 728, 727, 2874, 8.19, 153.40, -7.00, 8.19, 153.40, -7.01, 0.00, 172.85, -52.02);
insert into SHOT values (692, 729, 728, 2874, 4.18, 142.40, -12.00, 4.18, 142.35, -12.00, 0.01, 96.44, -9.84);
insert into SHOT values (693, 730, 729, 2874, 2.30, 164.40, -15.00, 2.30, 164.34, -15.11, 0.01, 94.69, -61.44);
insert into SHOT values (694, 730, 731, 2874, 0.72, 248.40, -6.00, 0.71, 248.50, -6.43, 0.01, 58.06, -34.87);
insert into SURVEY values (2876, 22, 'sweet_baby_jesus', 'sweet_baby_jesus.primadona.sistem_prima', NULL);
 insert into CENTRELINE values (2877, 2876, NULL, NULL, NULL, 0.00, 0.00, 0.00);
 insert into SCRAPS values (2878, 2876, 'sweet_baby_jesusp_1', 1);
 insert into SCRAPS values (2909, 2876, 'sweet_baby_jesusp_2', 1);
 insert into SCRAPS values (2928, 2876, 'sweet_baby_jesusp_3', 1);
 insert into MAPS values (2940, 2876, 'msweet_baby_jesusp_1', NULL, 1, 105.170, 18.800);
 insert into MAPITEMS values (2940, 4, 2878);
 insert into MAPS values (2941, 2876, 'msweet_baby_jesusp_2', NULL, 1, 105.170, 18.800);
 insert into MAPITEMS values (2941, 4, 2909);
 insert into MAPS values (2942, 2876, 'msweet_baby_jesusp_3', NULL, 1, 105.170, 18.800);
 insert into MAPITEMS values (2942, 4, 2928);
 insert into CENTRELINE values (2945, 2876, NULL, '2017-07-28', NULL, 105.17, 0.00, 6.89);
 insert into PERSON values (27, 'Rebecca', 'Diss');
insert into TOPO values (27, 2945);
 insert into TOPO values (18, 2945);
 insert into EXPLO values (27, 2945);
 insert into EXPLO values (18, 2945);
 insert into SHOT values (695, 732, 733, 2945, 5.90, 185.40, -9.00, 5.85, 186.16, -9.44, 0.10, 310.76, -21.47);
insert into SHOT values (696, 734, 732, 2945, 2.60, 77.40, 11.00, 2.54, 76.58, 10.65, 0.07, 291.03, -21.84);
insert into SHOT values (697, 735, 734, 2945, 3.66, 172.40, 13.00, 3.59, 172.94, 12.89, 0.08, 327.41, -16.85);
insert into SHOT values (698, 736, 735, 2945, 2.58, 89.40, 17.00, 2.51, 88.81, 16.91, 0.08, 289.88, -18.81);
insert into SHOT values (699, 737, 736, 2945, 6.55, 101.40, 5.00, 6.47, 100.82, 4.70, 0.11, 320.37, -21.47);
insert into SHOT values (700, 738, 737, 2945, 8.23, 156.40, -6.00, 8.15, 156.79, -6.55, 0.13, 304.98, -33.45);
insert into SHOT values (701, 739, 738, 2945, 1.29, 248.40, 9.00, 1.33, 249.50, 8.23, 0.05, 281.20, -14.32);
insert into SHOT values (702, 740, 739, 2945, 9.17, 184.40, -12.00, 9.17, 184.41, -11.96, 0.01, 335.48, 62.18);
insert into SHOT values (703, 741, 740, 2945, 6.20, 117.40, -12.00, 6.21, 117.45, -11.99, 0.01, 146.05, -5.07);
insert into SHOT values (704, 742, 741, 2945, 10.73, 163.40, -49.00, 10.73, 163.39, -49.03, 0.01, 352.79, -17.41);
insert into SHOT values (705, 743, 742, 2945, 2.59, 153.40, -10.00, 2.59, 153.43, -10.01, 0.00, 290.36, -6.82);
insert into SHOT values (706, 744, 743, 2945, 6.45, 165.40, -5.00, 6.45, 165.40, -4.98, 0.00, 161.96, 46.41);
insert into SHOT values (707, 745, 744, 2945, 5.12, 173.40, -21.00, 5.12, 173.40, -21.05, 0.01, 154.13, -69.66);
insert into SHOT values (708, 746, 745, 2945, 3.89, 188.40, -21.00, 3.89, 188.40, -20.96, 0.00, 14.63, 56.00);
insert into SHOT values (709, 747, 746, 2945, 6.05, 110.40, 0.00, 6.05, 110.41, 0.00, 0.00, 207.66, 0.00);
insert into SHOT values (710, 748, 747, 2945, 1.63, 138.40, -41.00, 1.63, 138.29, -40.97, 0.00, 90.65, -10.71);
insert into SHOT values (711, 749, 748, 2945, 3.44, 162.40, -25.00, 3.44, 162.44, -25.11, 0.01, 305.24, -63.18);
insert into SHOT values (712, 750, 749, 2945, 5.67, 131.40, 4.00, 5.67, 131.41, 4.05, 0.01, 285.24, 59.06);
insert into SHOT values (713, 751, 750, 2945, 9.20, 149.40, -1.00, 9.20, 149.42, -1.00, 0.00, 224.12, 10.60);
insert into SHOT values (714, 752, 751, 2945, 4.22, 4.40, 90.00, 4.22, 90.00, 90.00, 0.00, 4.40, 61.85);
insert into SHOT values (715, 753, 752, 2945, 1.81, 38.40, -16.00, 1.81, 38.45, -16.06, 0.00, 192.77, -17.06);
insert into SHOT_FLAG values(715, 'dpl');
insert into SHOT values (716, 754, 753, 2945, 5.08, 337.40, 7.00, 5.08, 337.50, 7.01, 0.01, 56.35, 5.77);
insert into SHOT_FLAG values(716, 'dpl');
insert into SURVEY values (2947, 22, 'alabaster', 'alabaster.primadona.sistem_prima', NULL);
 insert into CENTRELINE values (2948, 2947, NULL, NULL, NULL, 0.00, 0.00, 0.00);
 insert into SCRAPS values (2949, 2947, 'alabasterp_1', 1);
 insert into SCRAPS values (2968, 2947, 'alabasterp_2', 1);
 insert into SCRAPS values (2980, 2947, 'alabasterp_4', 1);
 insert into SCRAPS values (2993, 2947, 'alabasterp_3', 1);
 insert into MAPS values (3006, 2947, 'malabasterp_1', NULL, 1, 113.610, 46.460);
 insert into MAPITEMS values (3006, 4, 2949);
 insert into MAPS values (3007, 2947, 'malabasterp_2', NULL, 1, 113.610, 46.460);
 insert into MAPITEMS values (3007, 4, 2968);
 insert into MAPS values (3008, 2947, 'malabasterp_3', NULL, 1, 113.610, 46.460);
 insert into MAPITEMS values (3008, 4, 2993);
 insert into MAPS values (3009, 2947, 'malabasterp_4', NULL, 1, 113.610, 46.460);
 insert into MAPITEMS values (3009, 4, 2980);
 insert into CENTRELINE values (3013, 2947, NULL, '2017-07-30', NULL, 113.61, 0.00, 0.00);
 insert into TOPO values (24, 3013);
 insert into TOPO values (17, 3013);
 insert into EXPLO values (24, 3013);
 insert into EXPLO values (17, 3013);
 insert into SHOT values (717, 755, 756, 3013, 13.23, 326.40, 82.00, 13.24, 326.31, 82.02, 0.01, 197.38, 66.19);
insert into SHOT values (718, 756, 757, 3013, 5.10, 46.40, 26.00, 5.10, 46.41, 25.94, 0.01, 160.89, -80.35);
insert into SHOT values (719, 757, 758, 3013, 2.55, 346.40, 31.00, 2.55, 346.28, 30.86, 0.01, 311.66, -22.10);
insert into SHOT values (720, 758, 759, 3013, 6.84, 8.40, 16.00, 6.88, 7.63, 15.51, 0.11, 309.03, -23.54);
insert into SHOT values (721, 759, 760, 3013, 3.10, 12.40, 37.00, 3.12, 11.71, 36.37, 0.05, 332.60, -18.27);
insert into SHOT values (722, 760, 761, 3013, 4.24, 62.40, 24.00, 4.20, 61.70, 23.89, 0.06, 295.94, -22.72);
insert into SHOT values (723, 761, 762, 3013, 6.55, 24.40, 8.00, 6.58, 23.50, 7.60, 0.12, 312.52, -21.00);
insert into SHOT values (724, 762, 763, 3013, 2.34, 297.40, -24.00, 2.45, 297.71, -23.88, 0.11, 304.33, -21.02);
insert into SHOT values (725, 758, 764, 3013, 3.23, 26.40, 35.00, 3.23, 27.15, 35.42, 0.04, 141.90, 24.57);
insert into SHOT values (726, 764, 765, 3013, 6.19, 51.40, 76.00, 6.23, 52.52, 75.95, 0.05, 115.59, 45.88);
insert into SHOT values (727, 765, 766, 3013, 1.22, 173.40, -9.00, 1.28, 172.76, -8.07, 0.07, 161.10, 9.25);
insert into SHOT values (728, 766, 767, 3013, 3.85, 4.40, 90.00, 3.88, 135.00, 89.37, 0.05, 135.00, 35.26);
insert into SHOT values (729, 767, 768, 3013, 2.70, 125.40, 29.00, 2.79, 125.51, 28.91, 0.09, 128.54, 26.20);
insert into SHOT values (730, 768, 769, 3013, 4.95, 192.40, 2.00, 5.00, 191.67, 2.29, 0.08, 138.04, 19.11);
insert into SHOT values (731, 769, 770, 3013, 2.91, 269.40, 64.00, 2.92, 268.17, 64.65, 0.04, 136.23, 33.52);
insert into SHOT values (732, 770, 771, 3013, 7.02, 349.40, 8.00, 6.95, 350.03, 8.44, 0.12, 125.54, 21.60);
insert into SHOT values (733, 771, 772, 3013, 6.88, 36.40, 66.00, 6.92, 37.12, 66.26, 0.06, 149.16, 50.01);
insert into SHOT values (734, 772, 773, 3013, 5.25, 44.40, 20.00, 5.26, 45.33, 20.34, 0.09, 133.21, 23.34);
insert into SHOT values (735, 773, 774, 3013, 2.70, 81.40, 11.00, 2.76, 82.14, 11.08, 0.07, 113.78, 12.86);
insert into SHOT values (736, 774, 775, 3013, 4.65, 68.40, 19.00, 4.70, 69.16, 19.24, 0.08, 121.69, 26.36);
insert into SHOT values (737, 775, 776, 3013, 5.39, 29.40, 2.00, 5.36, 30.25, 2.35, 0.09, 138.61, 20.85);
insert into SHOT values (738, 776, 777, 3013, 2.27, 88.40, 12.00, 2.34, 89.00, 12.08, 0.08, 107.24, 13.74);
insert into SHOT values (739, 777, 778, 3013, 5.76, 81.40, 13.00, 5.82, 82.08, 13.21, 0.09, 134.15, 22.06);
insert into SHOT values (740, 778, 779, 3013, 4.40, 352.40, 9.00, 4.33, 353.01, 9.44, 0.09, 141.16, 14.01);
insert into SHOT values (741, 779, 780, 3013, 0.29, 278.40, -2.00, 0.22, 275.19, 0.00, 0.07, 108.53, 8.19);
insert into SURVEY values (3015, 22, 'jack_of_hearts', 'jack_of_hearts.primadona.sistem_prima', NULL);
 insert into CENTRELINE values (3016, 3015, NULL, NULL, NULL, 0.00, 0.00, 0.00);
 insert into SCRAPS values (3017, 3015, 'jack_of_heartsp_1', 1);
 insert into SCRAPS values (3038, 3015, 'jack_of_heartsp_2', 1);
 insert into SCRAPS values (3047, 3015, 'jack_of_heartsp_3', 1);
 insert into SCRAPS values (3068, 3015, 'jack_of_heartsp_4', 1);
 insert into MAPS values (3098, 3015, 'mjack_of_heartsp_1', NULL, 1, 158.690, 62.810);
 insert into MAPITEMS values (3098, 4, 3017);
 insert into MAPS values (3099, 3015, 'mjack_of_heartsp_2', NULL, 1, 158.690, 62.810);
 insert into MAPITEMS values (3099, 4, 3038);
 insert into MAPS values (3100, 3015, 'mjack_of_heartsp_3', NULL, 1, 158.690, 62.810);
 insert into MAPITEMS values (3100, 4, 3047);
 insert into MAPS values (3101, 3015, 'mjack_of_heartsp_4', NULL, 1, 158.690, 62.810);
 insert into MAPITEMS values (3101, 4, 3068);
 insert into CENTRELINE values (3105, 3015, NULL, '2017-07-20', NULL, 158.69, 0.00, 33.24);
 insert into TOPO values (15, 3105);
 insert into TOPO values (17, 3105);
 insert into EXPLO values (15, 3105);
 insert into EXPLO values (17, 3105);
 insert into SHOT values (742, 781, 782, 3105, 12.60, 4.40, 90.00, 12.60, 90.00, 90.00, 0.00, 4.40, -64.10);
insert into SHOT values (743, 783, 782, 3105, 4.42, 136.40, 9.00, 4.43, 136.48, 9.10, 0.01, 183.96, 44.90);
insert into SHOT values (744, 784, 785, 3105, 5.60, 205.40, -14.00, 5.60, 205.39, -14.05, 0.01, 156.68, -71.76);
insert into SHOT values (745, 784, 786, 3105, 2.80, 339.40, -6.00, 2.79, 339.35, -5.96, 0.01, 182.07, 22.06);
insert into SHOT values (746, 787, 786, 3105, 1.91, 208.40, 3.00, 1.91, 208.44, 3.00, 0.00, 232.22, 0.62);
insert into SHOT values (747, 788, 787, 3105, 8.66, 162.40, -13.00, 8.65, 162.40, -12.95, 0.01, 335.21, 67.32);
insert into SHOT values (748, 789, 788, 3105, 3.40, 183.40, -19.00, 3.40, 183.39, -19.04, 0.00, 143.84, -70.13);
insert into SHOT values (749, 789, 790, 3105, 8.99, 332.40, -3.00, 8.99, 332.41, -3.00, 0.00, 350.34, 7.12);
insert into SHOT values (750, 791, 790, 3105, 3.08, 166.40, -60.00, 3.08, 166.50, -59.98, 0.00, 213.68, -34.65);
insert into SHOT values (751, 792, 791, 3105, 3.63, 128.40, 4.00, 3.63, 128.26, 4.11, 0.01, 12.89, 35.50);
insert into SHOT values (752, 792, 793, 3105, 7.61, 346.40, 12.00, 7.62, 346.41, 12.05, 0.01, 3.79, 57.19);
insert into SHOT values (753, 793, 794, 3105, 3.04, 344.40, 12.00, 3.04, 344.37, 11.98, 0.00, 184.92, -26.90);
insert into SHOT values (754, 795, 794, 3105, 6.59, 172.40, -5.00, 6.59, 172.39, -4.96, 0.01, 147.59, 53.25);
insert into SHOT values (755, 795, 796, 3105, 4.45, 4.40, 90.00, 4.45, 90.00, 90.00, 0.00, 4.40, 71.07);
insert into SHOT values (756, 796, 797, 3105, 1.68, 311.40, 41.00, 1.69, 311.48, 41.20, 0.01, 35.36, 76.64);
insert into SHOT values (757, 797, 798, 3105, 6.76, 27.40, 47.00, 6.75, 27.40, 47.00, 0.01, 208.15, -48.30);
insert into SHOT values (758, 798, 799, 3105, 4.27, 64.40, 8.00, 4.28, 64.40, 7.93, 0.01, 66.10, -30.40);
insert into SHOT values (759, 800, 799, 3105, 3.68, 163.40, -36.00, 3.68, 163.39, -36.12, 0.01, 349.98, -65.63);
insert into SHOT values (760, 800, 801, 3105, 3.80, 24.40, -10.00, 3.80, 24.30, -10.00, 0.01, 288.38, -1.25);
insert into SHOT values (761, 801, 802, 3105, 6.35, 4.40, 90.00, 6.35, 90.00, 90.00, 0.00, 4.40, -76.25);
insert into SHOT values (762, 802, 803, 3105, 6.70, 352.40, 16.00, 6.69, 352.41, 15.95, 0.01, 155.16, -57.75);
insert into SHOT values (763, 803, 804, 3105, 5.85, 4.40, 90.00, 5.85, 90.00, 90.00, 0.00, 4.40, 81.51);
insert into SHOT values (764, 804, 805, 3105, 3.96, 338.40, 12.00, 3.97, 338.39, 12.07, 0.01, 334.47, 35.16);
insert into SHOT values (765, 805, 806, 3105, 3.28, 315.40, -13.00, 3.27, 315.38, -13.06, 0.01, 144.16, -17.41);
insert into SHOT values (766, 783, 806, 3105, 4.77, 188.40, -27.00, 4.77, 188.38, -26.91, 0.01, 171.05, 44.87);
insert into SHOT values (767, 783, 807, 3105, 5.73, 333.40, 31.00, 5.73, 333.38, 31.08, 0.01, 205.17, 78.00);
insert into SHOT values (768, 807, 808, 3105, 5.35, 333.40, 17.00, 5.34, 333.38, 16.97, 0.01, 169.85, -41.27);
insert into SHOT values (769, 808, 809, 3105, 19.73, 4.40, 90.00, 19.73, 90.00, 90.00, 0.00, 4.40, 14.46);
insert into SHOT values (770, 809, 810, 3105, 7.58, 133.40, 7.00, 7.58, 133.38, 6.97, 0.01, 100.97, -45.69);
insert into SHOT_FLAG values(770, 'dpl');
insert into SHOT values (771, 811, 810, 3105, 7.75, 323.40, 21.00, 7.75, 323.43, 20.95, 0.01, 69.72, -60.90);
insert into SHOT_FLAG values(771, 'dpl');
insert into SHOT values (772, 811, 812, 3105, 4.80, 136.40, -4.00, 4.79, 136.36, -4.07, 0.01, 344.38, -33.38);
insert into SHOT_FLAG values(772, 'dpl');
insert into SHOT values (773, 813, 812, 3105, 3.95, 177.40, 4.00, 3.94, 177.38, 3.93, 0.01, 11.19, -40.68);
insert into SHOT_FLAG values(773, 'dpl');
insert into SHOT values (774, 813, 814, 3105, 5.16, 285.40, 0.00, 5.16, 285.41, 0.00, 0.00, 93.23, 0.00);
insert into SHOT_FLAG values(774, 'dpl');
insert into SHOT values (775, 814, 815, 3105, 4.00, 4.40, -90.00, 4.00, 90.00, -90.00, 0.00, 4.40, 0.00);
insert into SHOT_FLAG values(775, 'dpl');
insert into SURVEY values (3107, 22, 'more_like_welding', 'more_like_welding.primadona.sistem_prima', 'More like Welding');
 insert into CENTRELINE values (3108, 3107, NULL, NULL, NULL, 0.00, 0.00, 0.00);
 insert into SCRAPS values (3109, 3107, 'more_like_welding-p1', 1);
 insert into SCRAPS values (3132, 3107, 'more_like_welding-p2', 1);
 insert into SCRAPS values (3144, 3107, 'more_like_welding-p3', 1);
 insert into MAPS values (3156, 3107, 'mmore_like_welding-p1', NULL, 1, 87.370, 39.800);
 insert into MAPITEMS values (3156, 4, 3109);
 insert into MAPS values (3157, 3107, 'mmore_like_welding-p2', NULL, 1, 87.370, 39.800);
 insert into MAPITEMS values (3157, 4, 3132);
 insert into MAPS values (3158, 3107, 'mmore_like_welding-p3', NULL, 1, 87.370, 39.800);
 insert into MAPITEMS values (3158, 4, 3144);
 insert into CENTRELINE values (3160, 3107, NULL, '2017-07-31', NULL, 87.37, 0.00, 18.42);
 insert into TOPO values (17, 3160);
 insert into PERSON values (28, 'David', 'Wilson');
insert into TOPO values (28, 3160);
 insert into EXPLO values (17, 3160);
 insert into EXPLO values (28, 3160);
 insert into SHOT values (776, 816, 817, 3160, 2.20, 56.40, 30.00, 2.25, 56.56, 30.20, 0.05, 64.49, 39.36);
insert into SHOT_FLAG values(776, 'dpl');
insert into SHOT values (777, 817, 818, 3160, 16.22, 4.40, 90.00, 16.27, 74.05, 89.74, 0.09, 74.05, 34.48);
insert into SHOT_FLAG values(777, 'dpl');
insert into SHOT values (778, 818, 819, 3160, 11.10, 193.40, 16.00, 11.10, 192.83, 16.76, 0.18, 80.31, 50.67);
insert into SHOT values (779, 819, 820, 3160, 6.32, 182.40, 0.00, 6.31, 182.00, 0.45, 0.07, 84.37, 47.83);
insert into SHOT values (780, 820, 821, 3160, 4.13, 194.40, -31.00, 4.09, 194.00, -30.74, 0.05, 58.41, 45.92);
insert into SHOT values (781, 822, 823, 3160, 3.64, 4.40, 90.00, 3.64, 90.00, 90.00, 0.00, 4.40, 82.75);
insert into SHOT values (782, 823, 824, 3160, 5.75, 78.40, 68.00, 5.75, 78.48, 68.00, 0.00, 180.42, -23.68);
insert into SHOT values (783, 824, 825, 3160, 6.89, 67.40, 29.00, 6.89, 67.35, 29.00, 0.01, 322.15, -3.36);
insert into SHOT values (784, 825, 826, 3160, 3.70, 139.40, -15.00, 3.71, 139.42, -15.00, 0.01, 145.18, -17.24);
insert into SHOT values (785, 826, 827, 3160, 2.50, 4.40, -90.00, 2.50, 90.00, -90.00, 0.00, 4.40, 0.00);
insert into SHOT values (786, 825, 821, 3160, 7.69, 24.40, 2.00, 7.69, 24.43, 2.01, 0.01, 74.36, 18.38);
insert into SHOT values (787, 821, 828, 3160, 16.60, 133.40, 13.00, 16.63, 132.69, 13.84, 0.32, 35.88, 50.51);
insert into SHOT values (788, 828, 829, 3160, 17.21, 4.40, 90.00, 17.26, 75.96, 89.73, 0.10, 75.96, 31.23);
insert into SHOT values (789, 829, 830, 3160, 1.84, 115.40, -1.00, 1.88, 115.20, -0.61, 0.04, 105.76, 16.98);
insert into SURVEY values (3162, 22, 'hammerhead', 'hammerhead.primadona.sistem_prima', NULL);
 insert into CENTRELINE values (3163, 3162, NULL, NULL, NULL, 0.00, 0.00, 0.00);
 insert into SCRAPS values (3164, 3162, 'hammerhead-p1', 1);
 insert into MAPS values (3192, 3162, 'm1p', NULL, 1, 58.630, 20.660);
 insert into MAPITEMS values (3192, 4, 3164);
 insert into CENTRELINE values (3193, 3162, NULL, '2017-07-14', NULL, 58.63, 0.00, 0.00);
 insert into TOPO values (15, 3193);
 insert into TOPO values (25, 3193);
 insert into EXPLO values (15, 3193);
 insert into EXPLO values (2, 3193);
 insert into EXPLO values (25, 3193);
 insert into PERSON values (29, 'James', 'Wilson');
insert into EXPLO values (29, 3193);
 insert into SHOT values (790, 831, 832, 3193, 13.80, 264.40, 12.00, 13.80, 264.39, 12.01, 0.00, 120.02, 10.13);
insert into SHOT values (791, 831, 833, 3193, 6.50, 101.40, -24.00, 6.50, 101.37, -23.98, 0.01, 344.94, 46.39);
insert into SHOT values (792, 833, 834, 3193, 7.01, 22.40, 27.00, 7.00, 22.42, 27.00, 0.01, 179.25, -27.45);
insert into SHOT values (793, 834, 835, 3193, 5.91, 84.40, 56.00, 5.91, 84.44, 56.00, 0.00, 159.95, 7.93);
insert into SHOT values (794, 835, 836, 3193, 3.84, 342.40, 37.00, 3.85, 342.39, 36.92, 0.01, 339.17, -7.56);
insert into SHOT values (795, 836, 837, 3193, 10.65, 67.40, 2.00, 10.65, 67.41, 1.99, 0.00, 98.80, -22.79);
insert into SHOT values (796, 837, 838, 3193, 9.25, 4.40, 90.00, 9.25, 90.00, 90.00, 0.00, 4.40, 0.00);
insert into SHOT values (797, 838, 839, 3193, 1.67, 37.40, 23.00, 1.67, 37.32, 22.96, 0.00, 251.15, -33.24);
insert into SURVEY values (3195, 22, 'electric_dreams', 'electric_dreams.primadona.sistem_prima', NULL);
 insert into CENTRELINE values (3196, 3195, NULL, NULL, NULL, 0.00, 0.00, 0.00);
 insert into SCRAPS values (3197, 3195, 'electric_dreams-p1', 1);
 insert into SCRAPS values (3209, 3195, 'electric_dreams-p3', 1);
 insert into SCRAPS values (3219, 3195, 'electric_dreams-p2', 1);
 insert into MAPS values (3241, 3195, 'melectric_dreams-p1', NULL, 1, 151.600, 49.820);
 insert into MAPITEMS values (3241, 4, 3197);
 insert into MAPITEMS values (3241, 4, 3219);
 insert into MAPITEMS values (3241, 4, 3209);
 insert into CENTRELINE values (3244, 3195, NULL, '2017-07-07', '2017-07-07', 151.60, 0.00, 0.00);
 insert into TOPO values (16, 3244);
 insert into TOPO values (18, 3244);
 insert into TOPO values (28, 3244);
 insert into EXPLO values (18, 3244);
 insert into SHOT values (798, 840, 841, 3244, 1.12, 299.40, 1.00, 1.15, 299.25, 0.50, 0.03, 293.03, -19.84);
insert into SHOT values (799, 842, 840, 3244, 6.27, 273.40, 0.00, 6.31, 273.27, -0.54, 0.07, 254.52, -54.66);
insert into SHOT values (800, 843, 842, 3244, 3.85, 201.40, 9.00, 3.86, 201.66, 8.63, 0.03, 247.47, -42.06);
insert into SHOT values (801, 844, 843, 3244, 12.83, 257.40, -4.00, 12.88, 257.40, -4.72, 0.17, 259.92, -76.27);
insert into SHOT values (802, 845, 844, 3244, 9.30, 274.40, 13.00, 9.33, 274.28, 12.26, 0.13, 255.24, -63.08);
insert into SHOT values (803, 846, 845, 3244, 15.11, 4.40, -90.00, 15.15, 260.54, -89.77, 0.07, 260.54, -33.33);
insert into SHOT values (804, 847, 846, 3244, 7.25, 277.40, -7.00, 7.29, 277.23, -7.49, 0.08, 244.39, -60.50);
insert into SHOT values (805, 848, 847, 3244, 11.63, 4.40, -90.00, 11.67, 258.69, -89.75, 0.06, 258.69, -38.11);
insert into SHOT values (806, 849, 848, 3244, 4.80, 132.40, -55.00, 4.83, 132.48, -55.46, 0.05, 295.48, -73.04);
insert into SHOT values (807, 850, 849, 3244, 13.70, 179.40, -13.00, 13.73, 180.17, -13.78, 0.26, 275.72, -46.00);
insert into SHOT values (808, 851, 850, 3244, 4.88, 169.40, -8.00, 4.88, 169.74, -8.37, 0.04, 269.95, -46.44);
insert into SHOT values (809, 852, 851, 3244, 8.51, 160.40, -14.00, 8.52, 160.88, -14.55, 0.11, 260.78, -48.68);
insert into SHOT values (810, 853, 852, 3244, 8.06, 176.40, -20.00, 8.08, 176.90, -20.50, 0.10, 269.08, -47.93);
insert into SHOT values (811, 854, 853, 3244, 6.90, 279.40, -50.00, 6.96, 279.27, -50.03, 0.06, 263.27, -52.08);
insert into SHOT values (812, 855, 854, 3244, 6.16, 302.40, -6.00, 6.20, 302.06, -6.48, 0.07, 255.49, -49.03);
insert into SHOT values (813, 856, 855, 3244, 5.98, 276.40, -16.00, 6.03, 276.25, -16.29, 0.06, 254.60, -47.04);
insert into SHOT values (814, 857, 856, 3244, 4.43, 329.40, 7.00, 4.45, 329.08, 6.59, 0.04, 279.94, -43.10);
insert into SHOT values (815, 858, 857, 3244, 4.76, 223.40, -10.00, 4.80, 223.63, -10.43, 0.06, 250.71, -46.12);
insert into SHOT values (816, 859, 858, 3244, 1.00, 4.40, -90.00, 1.04, 225.00, -89.22, 0.04, 225.00, -70.53);
insert into SHOT values (817, 860, 859, 3244, 3.55, 274.40, 33.00, 3.56, 274.40, 32.49, 0.03, 274.84, -47.44);
insert into SHOT values (818, 861, 860, 3244, 3.85, 222.40, 30.00, 3.86, 222.58, 29.53, 0.03, 250.73, -47.09);
insert into SHOT values (819, 862, 861, 3244, 3.99, 231.40, 73.00, 3.96, 231.49, 72.55, 0.04, 236.55, -58.31);
insert into SHOT values (820, 863, 862, 3244, 2.67, 16.40, 6.00, 2.66, 16.03, 5.62, 0.03, 249.25, -42.44);
insert into SHOT values (821, 864, 863, 3244, 1.00, 4.40, 90.00, 0.95, 225.00, 89.15, 0.05, 225.00, -74.21);
insert into SURVEY values (3246, 22, 'stranglehold', 'stranglehold.primadona.sistem_prima', NULL);
 insert into CENTRELINE values (3247, 3246, NULL, NULL, NULL, 0.00, 0.00, 0.00);
 insert into SCRAPS values (3248, 3246, 'import0', 1);
 insert into SCRAPS values (3252, 3246, 'stranglehold-p1', 1);
 insert into SCRAPS values (3281, 3246, 'stranglehold-p2', 1);
 insert into SCRAPS values (3306, 3246, 'stranglehold-p3', 1);
 insert into MAPS values (3313, 3246, 'mstranglehold-p1', NULL, 1, 123.220, 26.410);
 insert into MAPITEMS values (3313, 4, 3252);
 insert into MAPITEMS values (3313, 4, 3281);
 insert into MAPITEMS values (3313, 4, 3306);
 insert into CENTRELINE values (3316, 3246, NULL, '2017-07-19', '2017-07-19', 123.22, 0.00, 0.00);
 insert into TOPO values (16, 3316);
 insert into TOPO values (28, 3316);
 insert into EXPLO values (16, 3316);
 insert into EXPLO values (28, 3316);
 insert into SHOT values (822, 865, 866, 3316, 3.50, 4.40, -90.00, 3.50, 90.00, -90.00, 0.00, 4.40, 0.00);
insert into SHOT values (823, 867, 865, 3316, 2.77, 23.40, -45.00, 2.77, 23.55, -45.11, 0.01, 164.38, -9.46);
insert into SHOT values (824, 868, 867, 3316, 6.10, 311.40, 6.00, 6.11, 311.33, 6.02, 0.01, 258.68, 13.98);
insert into SHOT values (825, 869, 868, 3316, 2.84, 23.40, 13.00, 2.84, 23.42, 13.02, 0.00, 70.04, 46.26);
insert into SHOT values (826, 870, 869, 3316, 1.20, 4.40, 90.00, 1.20, 90.00, 90.00, 0.00, 4.40, 84.74);
insert into SHOT values (827, 871, 870, 3316, 10.50, 4.40, -90.00, 10.50, 90.00, -90.00, 0.00, 4.40, 0.00);
insert into SHOT values (828, 872, 873, 3316, 3.86, 54.40, 34.00, 3.87, 54.38, 33.93, 0.01, 48.32, 8.03);
insert into SHOT values (829, 873, 874, 3316, 4.15, 152.40, 6.00, 4.15, 152.44, 5.95, 0.00, 221.94, -49.44);
insert into SHOT values (830, 874, 875, 3316, 2.43, 176.40, 14.00, 2.44, 176.36, 14.01, 0.01, 164.19, 16.69);
insert into SHOT values (831, 875, 876, 3316, 2.55, 47.40, 2.00, 2.55, 47.23, 2.02, 0.01, 310.35, 7.42);
insert into SHOT values (832, 876, 877, 3316, 2.46, 4.40, 90.00, 2.46, 90.00, 90.00, 0.00, 4.40, 76.73);
insert into SHOT values (833, 877, 878, 3316, 5.92, 93.40, 3.00, 5.92, 93.39, 3.00, 0.00, 291.16, 6.14);
insert into SHOT values (834, 878, 879, 3316, 2.79, 187.40, 54.00, 2.79, 187.34, 53.85, 0.01, 162.14, -61.26);
insert into SHOT values (835, 879, 880, 3316, 5.34, 159.40, 16.00, 5.34, 159.34, 16.09, 0.01, 38.58, 52.20);
insert into SHOT values (836, 880, 871, 3316, 7.06, 69.40, 38.00, 7.06, 69.38, 37.94, 0.01, 43.08, -62.06);
insert into SHOT values (837, 871, 881, 3316, 1.88, 137.40, 5.00, 1.88, 137.60, 5.20, 0.01, 259.60, 38.16);
insert into SHOT values (838, 881, 882, 3316, 6.58, 42.40, 50.00, 6.58, 42.51, 49.98, 0.01, 112.63, -3.76);
insert into SHOT values (839, 882, 883, 3316, 3.12, 106.40, 1.00, 3.12, 106.40, 0.92, 0.01, 286.07, -58.62);
insert into SHOT values (840, 883, 884, 3316, 2.74, 204.40, 22.00, 2.74, 204.44, 22.09, 0.01, 351.59, 44.64);
insert into SHOT values (841, 884, 885, 3316, 4.00, 129.40, -11.00, 4.00, 129.53, -11.09, 0.01, 208.25, -37.57);
insert into SHOT values (842, 885, 886, 3316, 5.22, 23.40, 0.00, 5.22, 23.47, 0.00, 0.01, 95.72, 0.00);
insert into SHOT values (843, 886, 887, 3316, 2.17, 347.40, -12.00, 2.18, 347.27, -11.92, 0.01, 320.83, 6.05);
insert into SHOT values (844, 887, 888, 3316, 1.64, 1.40, 4.00, 1.63, 1.41, 4.21, 0.01, 179.59, 45.42);
insert into SHOT values (845, 888, 889, 3316, 3.11, 127.40, 32.00, 3.11, 127.30, 32.00, 0.01, 68.34, 20.79);
insert into SHOT values (846, 889, 890, 3316, 2.37, 108.40, 14.00, 2.37, 108.51, 13.92, 0.01, 206.20, -35.97);
insert into SHOT values (847, 890, 891, 3316, 4.28, 16.40, -24.00, 4.28, 16.35, -24.00, 0.00, 257.07, 11.69);
insert into SHOT values (848, 891, 892, 3316, 3.59, 151.40, 15.00, 3.59, 151.36, 15.03, 0.00, 0.41, 10.46);
insert into SHOT values (849, 892, 893, 3316, 2.63, 34.40, -7.00, 2.63, 34.54, -6.99, 0.01, 126.61, 4.53);
insert into SHOT values (850, 893, 894, 3316, 2.37, 4.40, 90.00, 2.37, 90.00, 90.00, 0.00, 4.40, 85.99);
insert into SHOT values (851, 894, 895, 3316, 5.84, 50.40, 0.00, 5.84, 50.35, 0.00, 0.01, 1.75, 0.00);
insert into SHOT values (852, 895, 896, 3316, 4.33, 181.40, 56.00, 4.33, 181.42, 56.01, 0.00, 304.19, 14.45);
insert into SHOT values (853, 896, 897, 3316, 3.88, 0.40, 1.00, 3.88, 0.44, 0.89, 0.01, 76.89, -68.62);
insert into SURVEY values (3318, 22, 'the_atrium', 'the_atrium.primadona.sistem_prima', NULL);
 insert into CENTRELINE values (3319, 3318, NULL, NULL, NULL, 0.00, 0.00, 0.00);
 insert into SCRAPS values (3320, 3318, 'the_atrium-p1', 1);
 insert into SCRAPS values (3339, 3318, 'the_atrium-p2', 1);
 insert into MAPS values (3358, 3318, 'mthe_atrium-p1', NULL, 1, 77.780, 45.730);
 insert into MAPITEMS values (3358, 4, 3320);
 insert into MAPITEMS values (3358, 4, 3339);
 insert into CENTRELINE values (3359, 3318, NULL, '2017-07-31', '2017-07-31', 77.78, 0.00, 0.00);
 insert into TOPO values (17, 3359);
 insert into TOPO values (28, 3359);
 insert into EXPLO values (17, 3359);
 insert into SHOT values (854, 898, 899, 3359, 2.80, 279.40, -37.00, 2.81, 279.50, -37.02, 0.01, 320.09, -39.18);
insert into SHOT values (855, 899, 900, 3359, 9.24, 320.40, -80.00, 9.24, 320.33, -80.04, 0.01, 157.22, -3.12);
insert into SHOT values (856, 900, 901, 3359, 15.60, 4.40, -90.00, 15.60, 90.00, -90.00, 0.00, 4.40, 58.98);
insert into SHOT values (857, 898, 902, 3359, 7.43, 122.40, -8.00, 7.43, 122.39, -8.05, 0.01, 324.38, -59.42);
insert into SHOT values (858, 902, 903, 3359, 10.53, 59.40, -43.00, 10.53, 59.41, -42.99, 0.00, 77.58, 53.68);
insert into SHOT values (859, 903, 904, 3359, 8.07, 40.40, 12.00, 8.07, 40.37, 12.02, 0.01, 261.31, 18.32);
insert into SHOT values (860, 898, 905, 3359, 19.30, 70.40, 57.00, 19.29, 70.38, 56.99, 0.01, 329.26, -50.22);
insert into SHOT values (861, 905, 906, 3359, 4.81, 128.40, 41.00, 4.81, 128.51, 41.04, 0.01, 223.98, 32.33);
insert into SURVEY values (3361, 22, 'apple_crumble', 'apple_crumble.primadona.sistem_prima', NULL);
 insert into CENTRELINE values (3362, 3361, NULL, NULL, NULL, 0.00, 0.00, 0.00);
 insert into SCRAPS values (3363, 3361, 'apple_crumble-p1', 1);
 insert into SCRAPS values (3384, 3361, 'apple_crumble-p2', 1);
 insert into SCRAPS values (3401, 3361, 'apple_crumble-p3', 1);
 insert into MAPS values (3433, 3361, 'mapple_crumble-p1', NULL, 1, 97.620, 20.590);
 insert into MAPITEMS values (3433, 4, 3363);
 insert into MAPITEMS values (3433, 4, 3384);
 insert into MAPITEMS values (3433, 4, 3401);
 insert into CENTRELINE values (3436, 3361, NULL, '2017-07-24', '2017-07-24', 97.62, 0.00, 32.87);
 insert into TOPO values (17, 3436);
 insert into TOPO values (29, 3436);
 insert into EXPLO values (17, 3436);
 insert into SHOT values (862, 907, 908, 3436, 4.04, 169.40, -24.00, 4.04, 169.54, -24.08, 0.01, 255.75, -36.68);
insert into SHOT values (863, 909, 907, 3436, 5.90, 138.40, -22.00, 5.90, 138.33, -21.98, 0.01, 84.20, 1.25);
insert into SHOT values (864, 910, 907, 3436, 2.83, 211.40, -9.00, 2.83, 211.24, -8.94, 0.01, 123.59, 19.54);
insert into SHOT values (865, 911, 910, 3436, 2.66, 218.40, -41.00, 2.66, 218.53, -40.93, 0.01, 317.43, 49.16);
insert into SHOT values (866, 912, 911, 3436, 4.56, 163.40, -12.00, 4.56, 163.31, -12.03, 0.01, 52.41, -14.65);
insert into SHOT values (867, 913, 912, 3436, 3.10, 187.40, 24.00, 3.10, 187.50, 23.97, 0.01, 252.80, -9.24);
insert into SHOT values (868, 914, 915, 3436, 5.41, 277.40, 2.00, 5.41, 277.44, 2.01, 0.00, 25.24, 17.08);
insert into SHOT values (869, 916, 914, 3436, 6.78, 164.40, -10.00, 6.78, 164.44, -10.03, 0.01, 281.21, -25.73);
insert into SHOT values (870, 917, 916, 3436, 2.50, 244.40, -55.00, 2.50, 244.33, -55.08, 0.00, 97.94, -33.36);
insert into SHOT values (871, 918, 917, 3436, 2.48, 168.40, -8.00, 2.48, 168.51, -7.87, 0.01, 221.30, 42.08);
insert into SHOT values (872, 913, 918, 3436, 3.95, 279.40, -25.00, 3.95, 279.49, -25.01, 0.01, 19.32, -6.78);
insert into SHOT values (873, 919, 913, 3436, 7.14, 188.40, -50.00, 7.14, 188.39, -50.00, 0.00, 65.50, -35.96);
insert into SHOT values (874, 920, 919, 3436, 2.83, 162.40, -5.00, 2.83, 162.46, -5.06, 0.00, 221.32, -42.81);
insert into SHOT values (875, 921, 920, 3436, 2.56, 4.40, 90.00, 2.56, 90.00, 90.00, 0.00, 4.40, -80.71);
insert into SHOT values (876, 922, 921, 3436, 5.74, 95.40, -61.00, 5.74, 95.36, -61.00, 0.00, 346.98, 9.00);
insert into SHOT values (877, 923, 922, 3436, 4.60, 169.40, -54.00, 4.60, 169.35, -53.96, 0.00, 130.70, 22.60);
insert into SHOT values (878, 924, 923, 3436, 2.63, 169.40, -6.00, 2.63, 169.42, -5.90, 0.01, 311.88, 73.52);
insert into SHOT values (879, 925, 924, 3436, 7.56, 280.40, 14.00, 7.55, 280.37, 13.94, 0.01, 131.67, -53.73);
insert into SHOT values (880, 925, 926, 3436, 5.00, 4.40, 90.00, 5.00, 90.00, 90.00, 0.00, 4.40, 0.00);
insert into SHOT values (881, 927, 924, 3436, 2.60, 158.40, -48.00, 2.61, 158.44, -48.08, 0.01, 189.47, -72.62);
insert into SHOT values (882, 928, 927, 3436, 12.75, 168.40, 12.00, 12.75, 168.39, 11.99, 0.00, 141.98, -11.84);
insert into SHOT values (883, 929, 928, 3436, 18.65, 47.40, 43.00, 18.65, 47.38, 42.99, 0.01, 357.11, 5.33);
insert into SHOT_FLAG values(883, 'dpl');
insert into SHOT values (884, 930, 929, 3436, 9.02, 2.40, 13.00, 9.02, 2.41, 13.01, 0.00, 122.06, 24.43);
insert into SHOT_FLAG values(884, 'dpl');
insert into SHOT values (885, 931, 930, 3436, 3.92, 295.40, -6.00, 3.92, 295.38, -6.01, 0.00, 144.54, -5.03);
insert into SHOT_FLAG values(885, 'dpl');
insert into SHOT values (886, 932, 931, 3436, 1.28, 208.40, -12.00, 1.28, 208.61, -11.72, 0.01, 286.56, 52.67);
insert into SHOT_FLAG values(886, 'dpl');
insert into SURVEY values (3447, 22, 'pivnica_resurvey', 'pivnica_resurvey.primadona.sistem_prima', 'Pivnica resurvey');
 insert into CENTRELINE values (3448, 3447, NULL, NULL, NULL, 0.00, 0.00, 0.00);
 insert into CENTRELINE values (3449, 3447, NULL, '2018-07-16', NULL, 0.00, 0.00, 95.31);
 insert into PERSON values (30, 'Nick', 'Koukoulekeidis');
insert into TOPO values (30, 3449);
 insert into TOPO values (29, 3449);
 insert into SHOT values (887, 933, 934, 3449, 9.85, 61.52, 22.00, 9.74, 62.12, 22.77, 0.19, 209.64, 24.28);
insert into SHOT_FLAG values(887, 'dpl');
insert into SHOT values (888, 935, 933, 3449, 5.87, 267.52, 22.00, 5.94, 266.78, 21.73, 0.10, 224.07, 0.58);
insert into SHOT_FLAG values(888, 'dpl');
insert into SHOT values (889, 935, 936, 3449, 3.42, 4.52, -90.00, 3.43, 45.00, -89.29, 0.04, 45.00, -13.26);
insert into SHOT_FLAG values(889, 'dpl');
insert into SHOT values (890, 937, 936, 3449, 6.81, 75.52, -2.00, 6.71, 76.30, -1.88, 0.13, 212.10, 7.66);
insert into SHOT_FLAG values(890, 'dpl');
insert into SHOT values (891, 937, 938, 3449, 1.59, 297.52, -62.00, 1.88, 296.57, -59.31, 0.31, 293.24, -45.08);
insert into SHOT_FLAG values(891, 'dpl');
insert into SHOT values (892, 939, 938, 3449, 3.39, 14.52, 53.00, 3.50, 18.00, 53.70, 0.17, 92.21, 41.24);
insert into SHOT_FLAG values(892, 'dpl');
insert into SHOT values (893, 939, 940, 3449, 14.91, 4.52, -90.00, 15.06, 285.00, -87.79, 0.60, 285.00, -13.58);
insert into SHOT_FLAG values(893, 'dpl');
insert into SHOT values (894, 941, 940, 3449, 3.94, 57.52, -1.00, 4.19, 59.95, 0.27, 0.32, 92.84, 16.12);
insert into SHOT_FLAG values(894, 'dpl');
insert into SHOT values (895, 942, 941, 3449, 3.61, 56.52, -14.00, 3.83, 58.90, -12.38, 0.28, 90.43, 10.85);
insert into SHOT_FLAG values(895, 'dpl');
insert into SHOT values (896, 943, 942, 3449, 16.95, 39.52, 66.00, 17.16, 43.01, 64.00, 0.77, 76.22, -4.83);
insert into SHOT_FLAG values(896, 'dpl');
insert into SHOT values (897, 943, 944, 3449, 3.68, 261.52, -48.00, 4.02, 262.93, -46.60, 0.36, 274.31, -31.24);
insert into SHOT_FLAG values(897, 'dpl');
insert into SHOT values (898, 944, 945, 3449, 21.29, 4.52, -90.00, 21.46, 285.44, -87.09, 1.10, 285.44, -7.32);
insert into SHOT_FLAG values(898, 'dpl');
insert into SURVEY values (3451, 22, 'pivnica_2_resurvey', 'pivnica_2_resurvey.primadona.sistem_prima', 'pivnica_2_resurvey');
 insert into CENTRELINE values (3452, 3451, NULL, NULL, NULL, 0.00, 0.00, 0.00);
 insert into CENTRELINE values (3453, 3451, NULL, '2018-08-05', NULL, 85.74, 0.00, 0.00);
 insert into SHOT values (899, 946, 947, 3453, 0.48, 107.93, -4.00, 0.48, 108.06, -3.55, 0.01, 120.25, 34.20);
insert into SHOT values (900, 946, 948, 3453, 0.62, 36.43, 8.50, 0.62, 37.06, 8.34, 0.01, 119.82, -13.68);
insert into SHOT values (901, 946, 949, 3453, 1.04, 3.43, 2.90, 1.03, 3.89, 2.77, 0.01, 130.97, -14.15);
insert into SHOT values (902, 946, 950, 3453, 1.19, 315.33, 5.20, 1.19, 315.34, 5.32, 0.00, 131.96, 26.97);
insert into SHOT values (903, 946, 951, 3453, 1.72, 261.53, -5.30, 1.72, 261.59, -5.35, 0.00, 60.71, -13.85);
insert into SHOT values (904, 946, 952, 3453, 1.25, 282.13, 2.70, 1.25, 282.03, 2.75, 0.00, 163.04, 24.05);
insert into SHOT values (905, 946, 953, 3453, 0.88, 192.63, 2.10, 0.88, 192.46, 1.95, 0.00, 129.15, -37.12);
insert into SHOT values (906, 946, 954, 3453, 1.98, 207.53, 10.20, 1.98, 207.48, 10.17, 0.00, 159.11, -16.63);
insert into SHOT values (907, 946, 955, 3453, 2.27, 201.33, 19.90, 2.27, 201.15, 19.84, 0.01, 105.40, -21.79);
insert into SHOT values (908, 946, 956, 3453, 3.40, 176.43, 80.80, 3.39, 175.76, 80.82, 0.01, 67.58, -43.22);
insert into SHOT values (909, 946, 957, 3453, 2.08, 251.73, 75.30, 2.08, 251.22, 75.28, 0.01, 165.05, -22.19);
insert into SHOT values (910, 946, 958, 3453, 1.72, 263.83, 61.70, 1.72, 263.66, 61.64, 0.01, 163.35, -60.74);
insert into SHOT values (911, 946, 959, 3453, 1.55, 255.53, 47.90, 1.55, 255.43, 48.06, 0.01, 93.32, -0.58);
insert into SHOT values (912, 946, 960, 3453, 1.42, 266.83, 35.90, 1.41, 266.49, 36.01, 0.01, 127.03, -13.97);
insert into SHOT values (913, 946, 961, 3453, 2.21, 198.73, 38.20, 2.21, 198.43, 38.23, 0.01, 124.19, 19.58);
insert into SHOT values (914, 961, 962, 3453, 1.04, 93.73, -4.70, 1.04, 93.33, -4.99, 0.01, 329.97, -29.08);
insert into SHOT values (915, 961, 963, 3453, 1.03, 120.83, 0.10, 1.02, 120.58, 0.00, 0.01, 330.60, -11.24);
insert into SHOT values (916, 961, 964, 3453, 1.37, 139.53, -0.60, 1.37, 139.44, -0.84, 0.01, 21.74, -67.45);
insert into SHOT values (917, 961, 965, 3453, 2.93, 158.03, -1.10, 2.92, 158.09, -1.18, 0.01, 318.70, -22.69);
insert into SHOT values (918, 961, 966, 3453, 4.67, 165.83, -1.00, 4.66, 165.84, -1.11, 0.01, 337.78, -47.37);
insert into SHOT values (919, 961, 967, 3453, 15.48, 170.43, -3.40, 15.47, 170.42, -3.41, 0.01, 8.94, -13.88);
insert into SHOT values (920, 961, 968, 3453, 10.81, 171.03, -3.20, 10.81, 171.04, -3.24, 0.01, 293.99, -66.23);
insert into SHOT values (921, 961, 969, 3453, 6.58, 171.63, -2.90, 6.58, 171.68, -2.96, 0.01, 283.84, -46.80);
insert into SHOT values (922, 961, 970, 3453, 4.19, 175.83, -3.10, 4.19, 175.89, -3.15, 0.01, 303.94, -34.23);
insert into SHOT values (923, 961, 971, 3453, 3.22, 177.83, -2.70, 3.22, 177.86, -2.85, 0.01, 337.23, -61.75);
insert into SHOT values (924, 961, 972, 3453, 2.71, 175.13, -1.90, 2.71, 175.13, -1.90, 0.00, 175.05, -6.72);
insert into SHOT values (925, 961, 973, 3453, 4.44, 164.23, -1.80, 4.44, 164.30, -1.81, 0.01, 277.52, -5.05);
insert into SHOT values (926, 961, 974, 3453, 4.17, 159.73, -2.20, 4.17, 159.78, -2.20, 0.00, 252.68, 1.19);
insert into SHOT values (927, 961, 975, 3453, 3.81, 154.03, -1.60, 3.80, 154.11, -1.66, 0.01, 297.34, -22.69);
insert into SHOT values (928, 961, 976, 3453, 1.96, 141.33, 0.50, 1.96, 141.43, 0.29, 0.01, 273.10, -57.04);
insert into SHOT values (929, 961, 977, 3453, 1.36, 125.63, 0.60, 1.35, 125.69, 0.42, 0.01, 292.83, -36.27);
insert into SHOT values (930, 961, 978, 3453, 1.03, 104.33, 3.80, 1.02, 104.17, 3.36, 0.01, 307.34, -48.78);
insert into SHOT values (931, 961, 979, 3453, 1.14, 84.23, 7.30, 1.14, 83.88, 7.08, 0.01, 321.55, -30.95);
insert into SHOT values (932, 961, 980, 3453, 1.11, 52.83, 6.10, 1.11, 52.72, 5.68, 0.01, 8.90, -68.02);
insert into SHOT values (933, 961, 981, 3453, 1.44, 26.63, 6.30, 1.44, 26.57, 5.98, 0.01, 288.99, -78.28);
insert into SHOT values (934, 961, 982, 3453, 2.56, 14.83, 2.00, 2.57, 14.69, 1.79, 0.01, 324.30, -48.15);
insert into SHOT values (935, 961, 983, 3453, 5.93, 4.03, 1.70, 5.94, 3.96, 1.64, 0.01, 317.45, -30.95);
insert into SHOT values (936, 961, 984, 3453, 3.18, 358.03, -25.70, 3.19, 358.00, -25.67, 0.01, 346.11, -8.49);
insert into SHOT values (937, 961, 985, 3453, 3.05, 359.13, -18.00, 3.05, 359.01, -18.14, 0.01, 266.30, -51.23);
insert into SHOT values (938, 961, 986, 3453, 2.89, 1.53, -10.70, 2.89, 1.41, -10.76, 0.01, 282.13, -29.67);
insert into SHOT values (939, 961, 987, 3453, 2.97, 3.23, -1.70, 2.98, 3.08, -1.73, 0.01, 309.45, -11.28);
insert into SHOT values (940, 961, 988, 3453, 6.82, 6.83, 8.00, 6.82, 6.80, 7.92, 0.01, 322.68, -59.36);
insert into SHOT values (941, 961, 989, 3453, 1.88, 353.43, 1.60, 1.88, 353.29, 1.52, 0.01, 301.48, -22.98);
insert into SHOT values (942, 961, 990, 3453, 2.04, 3.53, 4.30, 2.04, 3.38, 4.22, 0.01, 265.72, -29.14);
insert into SHOT values (943, 961, 991, 3453, 7.75, 45.33, 55.30, 7.74, 45.28, 55.33, 0.01, 258.08, -11.65);
insert into SHOT values (944, 961, 992, 3453, 6.38, 51.03, 51.80, 6.37, 50.98, 51.83, 0.01, 260.30, -26.24);
insert into SHOT values (945, 961, 993, 3453, 4.07, 53.83, 47.20, 4.06, 53.84, 47.17, 0.01, 230.00, -63.56);
insert into SHOT values (946, 961, 994, 3453, 1.91, 54.53, 40.70, 1.91, 54.55, 40.57, 0.01, 109.58, -82.58);
insert into SHOT values (947, 961, 995, 3453, 2.94, 55.33, 42.80, 2.93, 55.20, 42.71, 0.01, 305.13, -56.02);
insert into SHOT values (948, 961, 996, 3453, 1.30, 54.43, 23.20, 1.30, 54.18, 23.09, 0.01, 338.73, -21.75);
insert into SHOT values (949, 961, 997, 3453, 1.06, 67.23, 8.10, 1.05, 66.87, 7.64, 0.01, 296.76, -47.53);
insert into SHOT values (950, 961, 998, 3453, 9.46, 64.33, 66.00, 9.46, 64.24, 66.03, 0.01, 292.26, -13.90);
insert into SHOT values (951, 961, 999, 3453, 8.71, 64.53, 62.00, 8.71, 64.50, 62.00, 0.00, 313.02, -11.43);
insert into SHOT values (952, 961, 1000, 3453, 6.29, 64.53, 58.10, 6.29, 64.51, 58.10, 0.00, 307.57, -1.69);
insert into SHOT values (953, 961, 1001, 3453, 4.91, 60.63, 51.50, 4.91, 60.58, 51.51, 0.00, 284.66, -34.14);
insert into SHOT values (954, 961, 1002, 3453, 3.17, 63.43, 47.30, 3.17, 63.43, 47.35, 0.00, 240.76, 5.82);
insert into SHOT values (955, 961, 1003, 3453, 9.70, 43.53, 56.30, 9.70, 43.49, 56.33, 0.01, 254.07, 0.36);
insert into SHOT values (956, 961, 1004, 3453, 8.51, 54.13, 61.40, 8.51, 54.09, 61.39, 0.00, 339.92, -26.34);
insert into SHOT values (957, 961, 1005, 3453, 3.02, 172.33, -17.90, 3.02, 172.41, -17.92, 0.00, 241.70, -24.11);
insert into SHOT values (958, 1005, 1006, 3453, 9.06, 173.53, -0.90, 9.06, 173.53, -0.95, 0.01, 332.85, -80.02);
insert into SHOT values (959, 1005, 1007, 3453, 3.98, 177.33, -0.50, 3.97, 177.26, -0.58, 0.01, 40.22, -36.03);
insert into SHOT values (960, 1005, 1008, 3453, 3.65, 183.53, 0.10, 3.65, 183.46, 0.00, 0.01, 57.44, -48.20);
insert into SHOT values (961, 1005, 1009, 3453, 3.34, 213.63, 6.10, 3.34, 213.69, 6.02, 0.01, 353.01, -43.16);
insert into SHOT values (962, 1005, 1010, 3453, 0.66, 232.33, 14.20, 0.66, 232.59, 13.99, 0.00, 285.81, -27.37);
insert into SHOT values (963, 1005, 1011, 3453, 0.57, 270.03, 19.00, 0.57, 271.06, 18.43, 0.01, 353.80, -29.72);
insert into SHOT values (964, 1005, 1012, 3453, 0.58, 276.93, 32.60, 0.57, 277.13, 32.65, 0.01, 78.41, -25.75);
insert into SHOT values (965, 1005, 1013, 3453, 10.04, 71.53, 65.80, 10.03, 71.43, 65.79, 0.01, 329.52, -46.86);
insert into SHOT values (966, 1005, 1014, 3453, 12.83, 96.33, 66.60, 12.82, 96.32, 66.61, 0.01, 293.51, -45.40);
insert into SHOT values (967, 1005, 1015, 3453, 9.38, 125.23, 60.20, 9.38, 125.12, 60.22, 0.01, 13.73, 2.18);
insert into SHOT values (968, 1005, 1016, 3453, 13.15, 126.33, 58.10, 13.15, 126.28, 58.10, 0.01, 15.08, -29.06);
insert into SHOT values (969, 1005, 1017, 3453, 12.74, 138.73, 51.70, 12.74, 138.70, 51.71, 0.01, 21.12, 20.77);
insert into SHOT values (970, 1005, 1018, 3453, 15.14, 145.43, 46.00, 15.14, 145.42, 45.99, 0.00, 84.20, -17.07);
insert into SHOT values (971, 1005, 1019, 3453, 16.80, 149.13, 42.20, 16.80, 149.11, 42.19, 0.01, 60.73, -43.56);
insert into SHOT values (972, 1005, 1020, 3453, 6.65, 153.43, 38.70, 6.64, 153.43, 38.66, 0.01, 324.23, -74.28);
insert into SHOT values (973, 1005, 1021, 3453, 0.38, 77.33, 39.90, 0.38, 75.96, 39.75, 0.01, 323.88, -26.55);
insert into SHOT values (974, 1005, 1022, 3453, 2.22, 75.13, 57.80, 2.22, 74.79, 57.85, 0.01, 332.34, 11.30);
insert into SHOT values (975, 1005, 1023, 3453, 3.33, 80.13, 63.60, 3.33, 79.90, 63.54, 0.01, 11.57, -23.17);
insert into SHOT values (976, 1005, 1024, 3453, 12.02, 89.53, 66.10, 12.02, 89.53, 66.10, 0.00, 68.56, 59.82);
insert into SHOT values (977, 1005, 1025, 3453, 9.30, 53.73, 64.70, 9.30, 53.59, 64.70, 0.01, 333.60, 11.66);
insert into SHOT values (978, 1005, 1026, 3453, 10.15, 36.83, 58.10, 10.15, 36.83, 58.04, 0.01, 34.38, -40.19);
insert into SHOT values (979, 1005, 1027, 3453, 10.07, 22.03, 47.80, 10.08, 22.02, 47.76, 0.01, 15.45, 0.56);
insert into SHOT values (980, 1005, 1028, 3453, 14.93, 14.63, 44.40, 14.93, 14.60, 44.36, 0.01, 333.33, -31.15);
insert into SHOT values (981, 1005, 1029, 3453, 9.21, 19.23, 46.40, 9.21, 19.20, 46.39, 0.00, 326.37, 5.93);
insert into SHOT values (982, 1005, 1030, 3453, 4.14, 172.33, -20.80, 4.14, 172.27, -20.82, 0.01, 32.38, 1.24);
insert into SHOT values (983, 1005, 1031, 3453, 4.05, 172.43, -20.90, 4.05, 172.41, -20.97, 0.01, 71.03, -71.63);
insert into SHOT values (984, 1031, 1032, 3453, 0.15, 52.53, -75.40, 0.15, 45.00, -73.14, 0.01, 359.92, 36.38);
insert into SHOT values (985, 1031, 1033, 3453, 3.80, 182.53, 2.10, 3.80, 182.57, 2.11, 0.00, 328.41, 9.73);
insert into SHOT values (986, 1031, 1034, 3453, 1.87, 214.83, -0.40, 1.87, 214.97, -0.31, 0.01, 338.33, 29.92);
insert into SHOT values (987, 1031, 1035, 3453, 1.12, 241.83, 2.70, 1.12, 242.29, 3.07, 0.01, 335.25, 38.95);
insert into SHOT values (988, 1031, 1036, 3453, 3.02, 332.33, 5.20, 3.03, 332.33, 5.31, 0.01, 331.88, 41.10);
insert into SHOT values (989, 1031, 1037, 3453, 2.18, 303.13, 1.60, 2.19, 303.25, 1.57, 0.01, 330.24, -4.81);
insert into SHOT values (990, 1031, 1038, 3453, 1.83, 278.03, 6.30, 1.83, 278.22, 6.28, 0.01, 10.69, -7.75);
insert into SHOT values (991, 1031, 1039, 3453, 2.93, 25.03, 85.10, 2.93, 23.50, 85.09, 0.01, 298.76, 6.02);
insert into SHOT values (992, 1031, 1040, 3453, 1.55, 257.23, 71.00, 1.55, 257.35, 71.14, 0.01, 54.51, 59.29);
insert into SHOT values (993, 1031, 1041, 3453, 1.05, 254.53, 50.90, 1.05, 255.12, 51.08, 0.01, 344.96, 36.92);
insert into SHOT values (994, 1031, 1042, 3453, 1.93, 260.23, -33.30, 1.93, 260.36, -33.32, 0.00, 355.65, -5.93);
insert into SHOT values (995, 1042, 1043, 3453, 1.93, 255.33, -33.00, 1.93, 255.36, -32.91, 0.00, 268.51, 15.62);
insert into SHOT values (996, 1042, 1044, 3453, 10.00, 194.73, -50.10, 10.00, 194.73, -50.11, 0.00, 16.63, 23.42);
insert into SHOT values (997, 1045, 1044, 3453, 1.03, 31.33, -43.50, 1.03, 31.36, -43.45, 0.00, 39.65, -22.90);
insert into SHOT values (998, 1045, 1046, 3453, 1.02, 38.63, -34.60, 1.01, 38.66, -34.87, 0.01, 215.31, -6.33);
insert into SHOT values (999, 1045, 1047, 3453, 1.02, 189.43, 14.10, 1.02, 189.27, 14.13, 0.00, 152.87, 18.17);
insert into SHOT values (1000, 1047, 1048, 3453, 10.74, 171.53, -8.70, 10.74, 171.55, -8.73, 0.01, 280.64, -56.74);
insert into SHOT values (1001, 1047, 1049, 3453, 1.45, 118.43, -4.10, 1.45, 118.52, -4.35, 0.01, 232.53, -69.75);
insert into SHOT values (1002, 1047, 1050, 3453, 3.15, 142.43, -0.10, 3.14, 142.36, -0.18, 0.01, 354.90, -33.60);
insert into SHOT values (1003, 1047, 1051, 3453, 4.25, 151.33, 0.10, 4.25, 151.33, 0.13, 0.00, 133.80, 60.06);
insert into SHOT values (1004, 1047, 1052, 3453, 9.18, 161.43, -2.60, 9.18, 161.43, -2.62, 0.00, 354.13, -48.49);
insert into SHOT values (1005, 1047, 1053, 3453, 5.72, 179.53, 1.80, 5.71, 179.60, 1.81, 0.01, 315.80, 1.94);
insert into SHOT values (1006, 1047, 1054, 3453, 3.72, 187.63, 2.00, 3.72, 187.74, 2.00, 0.01, 307.31, 1.26);
insert into SHOT values (1007, 1047, 1055, 3453, 2.41, 191.43, 3.00, 2.41, 191.50, 2.85, 0.01, 250.96, -62.47);
insert into SHOT values (1008, 1047, 1056, 3453, 1.22, 192.63, 1.70, 1.22, 192.78, 1.41, 0.01, 269.14, -61.67);
insert into SHOT values (1009, 1047, 1057, 3453, 4.21, 82.03, 58.50, 4.21, 81.91, 58.48, 0.01, 16.82, 4.18);
insert into SHOT values (1010, 1047, 1058, 3453, 11.49, 81.23, 61.80, 11.48, 81.20, 61.81, 0.01, 290.15, -43.35);
insert into SHOT values (1011, 1047, 1059, 3453, 1.11, 97.63, -0.80, 1.11, 97.25, -1.03, 0.01, 359.52, -31.36);
insert into SHOT values (1012, 1047, 1060, 3453, 1.64, 33.83, 1.20, 1.64, 33.79, 1.05, 0.01, 234.78, -51.12);
insert into SHOT values (1013, 1047, 1061, 3453, 1.33, 40.23, 1.90, 1.33, 40.14, 1.72, 0.01, 15.79, -37.30);
insert into SHOT values (1014, 1047, 1062, 3453, 1.93, 23.93, 3.90, 1.93, 23.90, 3.86, 0.00, 269.94, -49.97);
insert into SHOT values (1015, 1047, 1063, 3453, 0.67, 0.63, 1.50, 0.67, 0.00, 1.71, 0.01, 272.10, 18.44);
insert into SHOT values (1016, 1047, 1064, 3453, 0.91, 5.53, 4.90, 0.92, 5.02, 5.00, 0.01, 315.60, 12.13);
insert into SHOT values (1017, 1004, 1065, 3453, 0.14, 273.33, 52.30, 0.14, 270.00, 50.71, 0.01, 222.33, -6.54);
insert into SHOT values (1018, 1004, 1066, 3453, 2.27, 178.23, -0.40, 2.27, 178.23, -0.50, 0.00, 183.59, -74.66);
insert into SHOT values (1019, 1004, 1067, 3453, 1.27, 209.83, -4.30, 1.27, 209.80, -4.51, 0.00, 181.01, -73.87);
insert into SHOT values (1020, 1004, 1068, 3453, 0.32, 241.03, 2.00, 0.32, 240.26, 1.78, 0.01, 182.33, -12.87);
insert into SHOT values (1021, 1004, 1069, 3453, 0.56, 290.73, -4.10, 0.56, 291.04, -4.11, 0.00, 46.51, 0.67);
insert into SHOT values (1022, 1004, 1070, 3453, 1.04, 329.43, 3.10, 1.04, 329.23, 2.76, 0.01, 204.11, -53.94);
insert into SHOT values (1023, 1004, 1071, 3453, 9.17, 325.33, -51.50, 9.17, 325.28, -51.53, 0.01, 209.87, -31.47);
insert into SHOT values (1024, 1004, 1072, 3453, 8.61, 319.13, -57.00, 8.61, 319.15, -56.97, 0.00, 337.38, 12.78);
insert into SHOT values (1025, 1004, 1073, 3453, 8.12, 285.43, -67.50, 8.12, 285.46, -67.46, 0.01, 304.59, 18.69);
insert into SHOT values (1026, 1004, 1074, 3453, 15.87, 204.23, -52.00, 15.87, 204.23, -52.01, 0.00, 179.92, -86.54);
insert into SHOT values (1027, 1004, 1075, 3453, 10.60, 209.43, -56.30, 10.60, 209.44, -56.31, 0.00, 358.85, -28.70);
insert into SHOT values (1028, 1004, 1076, 3453, 9.68, 215.63, -60.40, 9.69, 215.65, -60.38, 0.01, 230.29, -29.05);
insert into SHOT values (1029, 1004, 1077, 3453, 9.83, 231.03, -65.30, 9.83, 231.12, -65.28, 0.01, 297.30, 5.07);
insert into SHOT values (1030, 1004, 1078, 3453, 11.59, 177.33, -14.90, 11.59, 177.34, -14.90, 0.00, 219.85, 4.01);
insert into SHOT values (1031, 1004, 1079, 3453, 16.26, 178.93, -19.20, 16.26, 178.95, -19.21, 0.01, 294.05, -20.35);
insert into SHOT values (1032, 1004, 1080, 3453, 11.04, 181.63, -25.80, 11.05, 181.61, -25.81, 0.01, 147.15, -43.26);
insert into SHOT values (1033, 1004, 1081, 3453, 16.41, 188.43, -33.20, 16.41, 188.46, -33.22, 0.01, 293.37, -31.47);
insert into SHOT values (1034, 1004, 1082, 3453, 3.04, 346.13, 4.20, 3.04, 346.06, 4.15, 0.01, 223.42, -29.12);
insert into SHOT values (1035, 1082, 1083, 3453, 3.05, 350.63, 4.20, 3.05, 350.72, 4.14, 0.01, 103.39, -32.38);
insert into SHOT values (1036, 1082, 1084, 3453, 0.43, 93.03, -1.00, 0.43, 92.66, -1.33, 0.00, 13.71, -41.57);
insert into SHOT values (1037, 1082, 1085, 3453, 0.70, 151.83, -4.10, 0.70, 151.59, -4.12, 0.01, 4.09, 0.50);
insert into SHOT values (1038, 1082, 1086, 3453, 12.98, 171.73, -7.20, 12.98, 171.74, -7.22, 0.01, 331.30, -36.44);
insert into SHOT values (1039, 1082, 1087, 3453, 1.80, 182.73, -8.40, 1.80, 182.57, -8.30, 0.01, 105.37, 30.41);
insert into SHOT values (1040, 1082, 1088, 3453, 0.17, 291.73, -4.40, 0.17, 293.63, -3.28, 0.01, 340.63, 21.62);
insert into SHOT values (1041, 1082, 1089, 3453, 0.81, 347.43, -1.90, 0.81, 347.86, -2.13, 0.01, 91.43, -26.99);
insert into SHOT values (1042, 1082, 1090, 3453, 2.07, 87.23, 63.30, 2.07, 86.92, 63.28, 0.01, 11.11, 7.95);
insert into SHOT values (1043, 1082, 1091, 3453, 1.66, 87.13, 63.20, 1.66, 86.95, 63.09, 0.00, 44.35, -25.49);
insert into SHOT values (1044, 1082, 1092, 3453, 1.67, 86.93, 63.30, 1.67, 86.95, 63.25, 0.00, 103.61, -69.18);
insert into SHOT values (1045, 1082, 1093, 3453, 1.66, 84.63, 64.30, 1.67, 84.45, 64.25, 0.01, 51.18, 44.98);
insert into SHOT values (1046, 1082, 1094, 3453, 1.20, 69.73, 85.70, 1.20, 71.57, 85.48, 0.01, 101.80, 30.57);
insert into SHOT values (1047, 1082, 1095, 3453, 2.47, 266.93, 76.80, 2.46, 266.93, 76.85, 0.01, 86.50, -55.78);
insert into SHOT values (1048, 1082, 1096, 3453, 1.55, 250.23, 53.40, 1.55, 250.39, 53.32, 0.01, 352.98, -59.31);
insert into SHOT values (1049, 1082, 1097, 3453, 2.14, 198.63, 10.90, 2.14, 198.61, 10.79, 0.01, 46.50, -68.43);
insert into SHOT values (1050, 1082, 1098, 3453, 1.39, 234.13, 17.40, 1.38, 234.26, 17.67, 0.01, 34.07, 26.57);
insert into SHOT values (1051, 1082, 1099, 3453, 1.30, 228.93, 38.60, 1.29, 229.03, 38.82, 0.01, 38.63, -6.23);
insert into SHOT values (1052, 1082, 1100, 3453, 4.39, 335.83, -3.20, 4.39, 335.89, -3.27, 0.01, 76.96, -46.38);
insert into SHOT values (1053, 1082, 1101, 3453, 2.39, 310.63, 4.60, 2.39, 310.58, 4.56, 0.00, 236.92, -34.71);
insert into SHOT values (1054, 1082, 1102, 3453, 2.00, 301.53, 9.00, 2.00, 301.76, 8.92, 0.01, 28.18, -19.98);
insert into SHOT values (1055, 1082, 1103, 3453, 7.90, 345.53, -23.50, 7.90, 345.54, -23.49, 0.01, 1.67, 1.35);
insert into SHOT values (1056, 1092, 1104, 3453, 7.07, 345.33, -23.60, 7.07, 345.34, -23.59, 0.00, 14.04, 10.34);
insert into SHOT values (1057, 1104, 1105, 3453, 8.69, 351.73, 36.90, 8.69, 351.73, 36.90, 0.00, 349.43, 37.71);
insert into SHOT values (1058, 1104, 1106, 3453, 2.71, 6.73, 39.30, 2.71, 6.85, 39.39, 0.01, 122.27, 35.46);
insert into SHOT values (1059, 1104, 1107, 3453, 2.16, 34.83, 41.90, 2.16, 34.88, 41.83, 0.00, 79.42, -54.88);
insert into SHOT values (1060, 1104, 1108, 3453, 1.65, 59.73, 48.80, 1.65, 59.67, 48.71, 0.00, 31.56, -30.25);
insert into SHOT values (1061, 1104, 1109, 3453, 1.52, 104.73, 46.20, 1.52, 104.83, 46.19, 0.00, 134.51, 39.57);
insert into SHOT values (1062, 1104, 1110, 3453, 1.77, 132.43, 37.80, 1.77, 132.38, 38.01, 0.01, 327.88, 50.32);
insert into SHOT values (1063, 1104, 1111, 3453, 2.74, 150.53, 28.10, 2.74, 150.46, 28.12, 0.00, 12.26, -7.38);
insert into SHOT values (1064, 1104, 1112, 3453, 5.34, 166.13, 18.90, 5.34, 166.13, 18.92, 0.00, 348.28, 3.27);
insert into SHOT values (1065, 1104, 1113, 3453, 8.02, 170.93, 15.60, 8.02, 170.92, 15.62, 0.00, 129.43, 46.04);
insert into SHOT values (1066, 1104, 1114, 3453, 6.76, 173.93, 16.30, 6.76, 173.89, 16.33, 0.01, 64.50, 31.13);
insert into SHOT values (1067, 1104, 1115, 3453, 2.36, 183.03, 18.60, 2.36, 183.08, 18.56, 0.00, 334.38, -34.47);
insert into SHOT values (1068, 1104, 1116, 3453, 1.72, 189.43, 22.10, 1.72, 189.40, 22.22, 0.00, 28.47, 50.61);
insert into SHOT values (1069, 1104, 1117, 3453, 1.37, 201.03, 26.70, 1.37, 201.10, 26.90, 0.01, 342.18, 60.49);
insert into SHOT values (1070, 1104, 1118, 3453, 0.95, 231.53, 36.00, 0.95, 231.34, 36.08, 0.00, 137.16, 32.00);
insert into SHOT values (1071, 1104, 1119, 3453, 0.76, 266.43, 47.60, 0.76, 266.63, 47.63, 0.00, 37.82, -26.99);
insert into SHOT values (1072, 1104, 1120, 3453, 0.86, 318.33, 48.90, 0.86, 317.86, 48.93, 0.01, 240.87, 22.19);
insert into SHOT values (1073, 1104, 1121, 3453, 1.02, 254.23, 66.20, 1.02, 254.62, 65.96, 0.01, 295.65, -37.17);
insert into SHOT values (1074, 1104, 1122, 3453, 1.29, 258.73, 74.00, 1.29, 258.69, 73.94, 0.00, 248.09, -1.14);
insert into SHOT values (1075, 1104, 1123, 3453, 2.75, 304.93, 84.10, 2.75, 304.82, 84.16, 0.01, 136.70, 60.78);
insert into SHOT values (1076, 1104, 1124, 3453, 1.39, 84.23, 79.60, 1.39, 83.16, 79.59, 0.01, 4.18, 30.62);
insert into SHOT values (1077, 1104, 1125, 3453, 2.04, 86.13, 64.80, 2.05, 86.05, 64.76, 0.01, 67.67, 48.57);
insert into SHOT values (1078, 1104, 1126, 3453, 1.68, 55.03, 58.00, 1.68, 55.06, 58.09, 0.01, 117.42, 84.37);
insert into SHOT values (1079, 1104, 1127, 3453, 3.76, 346.13, 43.50, 3.76, 346.22, 43.51, 0.00, 60.78, 22.50);
insert into SHOT values (1080, 1127, 1128, 3453, 5.49, 355.43, 34.30, 5.49, 355.32, 34.27, 0.01, 264.32, -23.20);
insert into SHOT values (1081, 1127, 1129, 3453, 5.32, 9.53, 31.00, 5.32, 9.46, 30.99, 0.01, 299.04, -0.03);
insert into SHOT values (1082, 1127, 1130, 3453, 6.32, 25.33, 31.60, 6.31, 25.33, 31.62, 0.01, 209.82, -14.46);
insert into SHOT values (1083, 1127, 1131, 3453, 5.64, 45.63, 31.30, 5.64, 45.59, 31.32, 0.00, 270.98, -1.01);
insert into SHOT values (1084, 1127, 1132, 3453, 4.24, 69.83, 34.70, 4.24, 69.85, 34.68, 0.00, 228.36, -52.65);
insert into SHOT values (1085, 1127, 1133, 3453, 3.15, 93.53, 34.40, 3.15, 93.54, 34.45, 0.00, 271.06, 4.85);
insert into SHOT values (1086, 1127, 1134, 3453, 3.23, 115.33, 34.90, 3.23, 115.30, 34.98, 0.01, 307.86, 19.53);
insert into SHOT values (1087, 1127, 1135, 3453, 1.19, 319.33, 75.10, 1.19, 318.99, 75.16, 0.00, 195.81, 0.33);
insert into SHOT values (1088, 1127, 1136, 3453, 3.21, 340.43, 39.50, 3.21, 340.39, 39.51, 0.00, 185.63, -25.11);
insert into SHOT values (1089, 1127, 1137, 3453, 4.48, 350.53, 31.50, 4.48, 350.51, 31.47, 0.00, 324.40, -16.22);
insert into SHOT values (1090, 1127, 1138, 3453, 1.67, 176.53, 56.50, 1.67, 176.89, 56.46, 0.01, 270.46, -24.16);
insert into SHOT values (1091, 1127, 1139, 3453, 2.85, 167.03, 36.90, 2.85, 167.06, 36.90, 0.00, 303.07, -34.09);
insert into SHOT values (1092, 1127, 1140, 3453, 4.35, 164.43, 32.00, 4.34, 164.42, 31.97, 0.01, 358.08, -54.63);
insert into SHOT values (1093, 1127, 1141, 3453, 6.30, 163.23, 28.00, 6.30, 163.29, 28.01, 0.01, 230.82, 20.32);
insert into SHOT values (1094, 1127, 1142, 3453, 10.56, 158.83, 30.50, 10.56, 158.88, 30.49, 0.01, 227.97, 2.92);
insert into SHOT values (1095, 1127, 1143, 3453, 12.79, 162.43, 25.30, 12.79, 162.43, 25.32, 0.01, 354.11, 46.66);
insert into SHOT values (1096, 1127, 1144, 3453, 2.09, 72.23, 23.70, 2.09, 72.32, 23.74, 0.00, 211.18, -0.86);
insert into SHOT values (1097, 1144, 1145, 3453, 2.10, 71.63, 25.90, 2.10, 71.47, 25.98, 0.01, 328.99, 26.41);
insert into SHOT values (1098, 1144, 1146, 3453, 18.97, 330.13, 87.10, 18.97, 330.26, 87.08, 0.01, 345.31, 28.22);
insert into SHOT values (1099, 1144, 1147, 3453, 18.90, 9.13, 85.40, 18.90, 9.09, 85.39, 0.00, 351.09, 14.14);
insert into SHOT values (1100, 1144, 1148, 3453, 11.00, 30.63, 82.60, 11.00, 30.55, 82.60, 0.00, 296.82, 38.02);
insert into SHOT values (1101, 1144, 1149, 3453, 9.23, 338.63, 74.80, 9.23, 338.73, 74.77, 0.01, 15.66, 23.68);
insert into SHOT values (1102, 1144, 1150, 3453, 6.81, 337.53, 67.90, 6.81, 337.53, 67.88, 0.00, 341.33, 7.62);
insert into SHOT values (1103, 1144, 1151, 3453, 5.91, 336.43, 58.20, 5.91, 336.39, 58.13, 0.01, 319.21, -21.57);
insert into SHOT values (1104, 1144, 1152, 3453, 5.22, 334.03, 49.10, 5.22, 334.03, 48.99, 0.01, 334.99, -34.45);
insert into SHOT values (1105, 1144, 1153, 3453, 4.75, 334.83, 37.20, 4.75, 334.86, 37.14, 0.01, 350.91, -17.73);
insert into SHOT values (1106, 1144, 1154, 3453, 3.89, 335.43, 19.30, 3.89, 335.39, 19.35, 0.01, 286.27, 49.85);
insert into SHOT values (1107, 1144, 1155, 3453, 4.12, 333.73, 2.50, 4.12, 333.75, 2.51, 0.00, 120.13, 8.26);
insert into SHOT values (1108, 1144, 1156, 3453, 3.55, 301.93, 11.20, 3.55, 301.87, 11.20, 0.00, 248.07, 5.46);
insert into SHOT values (1109, 1144, 1157, 3453, 3.16, 285.63, 14.00, 3.16, 285.71, 13.93, 0.01, 35.39, -43.40);
insert into SHOT values (1110, 1144, 1158, 3453, 2.81, 274.73, 15.10, 2.82, 274.85, 15.02, 0.01, 314.87, -12.86);
insert into SHOT values (1111, 1144, 1159, 3453, 2.66, 253.03, 19.40, 2.66, 253.08, 19.33, 0.00, 353.40, -57.42);
insert into SHOT values (1112, 1144, 1160, 3453, 2.69, 239.83, 18.10, 2.69, 239.92, 18.21, 0.01, 6.32, 40.58);
insert into SHOT values (1113, 1144, 1161, 3453, 2.86, 228.03, 20.90, 2.86, 228.19, 20.91, 0.01, 332.64, -2.05);
insert into SHOT values (1114, 1144, 1162, 3453, 2.06, 359.63, 5.10, 2.06, 359.72, 5.02, 0.00, 119.29, -40.28);
insert into SHOT values (1115, 1162, 1163, 3453, 2.06, 13.53, 4.10, 2.06, 13.50, 4.17, 0.00, 341.99, 48.25);
insert into SHOT values (1116, 1162, 1164, 3453, 20.06, 237.63, 78.20, 20.06, 237.74, 78.20, 0.01, 319.87, 25.85);
insert into SHOT values (1117, 1164, 1165, 3453, 5.99, 291.03, 21.00, 5.99, 291.06, 21.03, 0.00, 353.29, 47.01);
insert into SHOT values (1118, 1165, 1166, 3453, 5.11, 32.73, 51.60, 5.11, 32.79, 51.55, 0.01, 91.22, -50.92);
insert into SHOT values (1119, 1166, 1167, 3453, 3.12, 291.13, -4.20, 3.13, 291.05, -4.22, 0.01, 257.07, -10.85);
insert into SCRAPS values (3454, 3451, 'pivnica_2_resurvey-1p', 1);
 insert into SCRAPS values (3480, 3451, 'pivnica_2_resurvey-2p', 1);
 insert into SCRAPS values (3502, 3451, 'pivnica_2_resurvey-3p', 1);
 insert into MAPS values (3520, 3451, 'm1p', NULL, 1, 85.740, 46.860);
 insert into MAPITEMS values (3520, 4, 3454);
 insert into MAPS values (3521, 3451, 'm2p', NULL, 1, 85.740, 46.860);
 insert into MAPITEMS values (3521, 4, 3480);
 insert into MAPS values (3522, 3451, 'm3p', NULL, 1, 85.740, 46.860);
 insert into MAPITEMS values (3522, 4, 3502);
 insert into SURVEY values (3524, 22, 'lost_in_a_dream', 'lost_in_a_dream.primadona.sistem_prima', 'Lost in a Dream');
 insert into CENTRELINE values (3525, 3524, NULL, NULL, NULL, 0.00, 0.00, 0.00);
 insert into SCRAPS values (3526, 3524, 'lost_in_a_dream-p1', 1);
 insert into SCRAPS values (3547, 3524, 'lost_in_a_dream-p2', 1);
 insert into SCRAPS values (3577, 3524, 'lost_in_a_dream-p3', 1);
 insert into MAPS values (3592, 3524, 'm1-p', NULL, 1, 78.250, 22.390);
 insert into MAPITEMS values (3592, 4, 3526);
 insert into MAPS values (3593, 3524, 'm2-p', NULL, 1, 78.250, 22.390);
 insert into MAPITEMS values (3593, 4, 3547);
 insert into MAPS values (3594, 3524, 'm3-p', NULL, 1, 78.250, 22.390);
 insert into MAPITEMS values (3594, 4, 3577);
 insert into CENTRELINE values (3597, 3524, NULL, '2018-07-20', NULL, 78.25, 0.00, 0.00);
 insert into PERSON values (31, 'Jack', 'Halliday');
insert into TOPO values (31, 3597);
 insert into TOPO values (18, 3597);
 insert into SHOT values (1120, 1168, 1169, 3597, 4.59, 280.43, -3.60, 4.59, 280.45, -3.63, 0.01, 78.89, -18.30);
insert into SHOT values (1121, 1169, 1170, 3597, 0.88, 222.33, 23.30, 0.89, 222.51, 23.27, 0.01, 247.05, 17.00);
insert into SHOT values (1122, 1170, 1171, 3597, 4.96, 12.13, 22.70, 4.95, 12.12, 22.67, 0.01, 197.47, -46.53);
insert into SHOT values (1123, 1171, 1172, 3597, 2.02, 105.73, 22.00, 2.03, 105.44, 22.03, 0.01, 43.36, 17.46);
insert into SHOT values (1124, 1172, 1173, 3597, 3.82, 318.73, 12.10, 3.82, 318.58, 12.09, 0.01, 220.20, -4.53);
insert into SHOT values (1125, 1173, 1174, 3597, 3.02, 48.93, -16.90, 3.02, 48.93, -16.93, 0.00, 49.41, -43.33);
insert into SHOT values (1126, 1174, 1175, 3597, 2.09, 150.03, 83.50, 2.09, 149.04, 83.60, 0.01, 19.92, 33.12);
insert into SHOT values (1127, 1175, 1176, 3597, 3.80, 40.43, 3.00, 3.80, 40.40, 3.02, 0.00, 327.73, 37.97);
insert into SHOT values (1128, 1176, 1177, 3597, 1.06, 145.03, -2.60, 1.06, 144.96, -2.69, 0.00, 127.54, -26.68);
insert into SHOT values (1129, 1177, 1178, 3597, 6.61, 28.13, 32.40, 6.61, 28.13, 32.40, 0.00, 204.76, -39.71);
insert into SHOT values (1130, 1178, 1179, 3597, 1.66, 222.93, 0.70, 1.66, 222.81, 0.69, 0.00, 174.33, -3.49);
insert into SHOT values (1131, 1179, 1180, 3597, 4.62, 339.93, 48.50, 4.62, 339.97, 48.46, 0.00, 9.29, -2.12);
insert into SHOT values (1132, 1180, 1181, 3597, 3.77, 334.33, 27.20, 3.77, 334.20, 27.28, 0.01, 254.21, 41.84);
insert into SHOT values (1133, 1181, 1182, 3597, 2.41, 302.53, 7.50, 2.41, 302.69, 7.40, 0.01, 41.09, -33.07);
insert into SHOT values (1134, 1182, 1183, 3597, 0.94, 10.53, 28.40, 0.94, 10.49, 28.65, 0.00, 199.51, 42.89);
insert into SHOT values (1135, 1183, 1184, 3597, 2.91, 314.43, 2.90, 2.91, 314.30, 2.95, 0.01, 225.75, 24.05);
insert into SHOT values (1136, 1184, 1185, 3597, 3.71, 323.13, 18.30, 3.71, 323.20, 18.23, 0.01, 58.05, -48.83);
insert into SHOT values (1137, 1185, 1186, 3597, 2.75, 99.63, 14.00, 2.75, 99.50, 14.10, 0.01, 353.08, 37.21);
insert into SHOT values (1138, 1186, 1187, 3597, 5.68, 343.13, -1.10, 5.68, 343.10, -1.11, 0.00, 199.13, -11.54);
insert into SHOT values (1139, 1187, 1188, 3597, 5.05, 60.33, 17.90, 5.05, 60.34, 17.86, 0.01, 79.02, -24.26);
insert into SHOT values (1140, 1188, 1189, 3597, 1.32, 150.53, 50.30, 1.32, 151.01, 50.05, 0.01, 219.29, -36.09);
insert into SHOT values (1141, 1189, 1190, 3597, 7.03, 90.43, 19.70, 7.03, 90.35, 19.70, 0.01, 10.18, 1.36);
insert into SHOT values (1142, 1190, 1191, 3597, 1.58, 91.93, 24.30, 1.58, 91.99, 24.28, 0.00, 153.76, -6.11);
insert into SHOT values (1143, 1191, 1192, 3597, 1.97, 232.83, 7.50, 1.97, 232.90, 7.57, 0.00, 272.71, 37.45);
insert into SURVEY values (3599, 22, 'lost_in_a_dream_2', 'lost_in_a_dream_2.primadona.sistem_prima', 'Lost in a dream 2');
 insert into CENTRELINE values (3600, 3599, NULL, NULL, NULL, 0.00, 0.00, 0.00);
 insert into SCRAPS values (3601, 3599, 'lost_in_a_dream_2-p1', 1);
 insert into MAPS values (3621, 3599, 'm1-p', NULL, 1, 12.370, 7.440);
 insert into MAPITEMS values (3621, 4, 3601);
 insert into CENTRELINE values (3622, 3599, NULL, '2018-07-20', NULL, 12.37, 0.00, 0.00);
 insert into TOPO values (31, 3622);
 insert into TOPO values (18, 3622);
 insert into SHOT values (1144, 1193, 1194, 3622, 2.26, 167.83, -28.70, 2.26, 167.78, -28.55, 0.01, 138.95, 60.84);
insert into SHOT values (1145, 1193, 1195, 3622, 6.32, 12.43, 39.40, 6.33, 12.41, 39.46, 0.01, 311.02, 82.68);
insert into SHOT values (1146, 1195, 1196, 3622, 3.79, 32.23, 38.20, 3.79, 32.25, 38.14, 0.00, 76.94, -64.39);
insert into SURVEY values (3624, 22, 'penny_falls', 'penny_falls.primadona.sistem_prima', 'Penny falls');
 insert into CENTRELINE values (3625, 3624, NULL, NULL, NULL, 0.00, 0.00, 0.00);
 insert into SCRAPS values (3626, 3624, 'penny_falls-p1', 1);
 insert into SCRAPS values (3643, 3624, 'penny_falls-p2', 1);
 insert into MAPS values (3667, 3624, 'm1-p', NULL, 1, 47.110, 24.830);
 insert into MAPITEMS values (3667, 4, 3626);
 insert into MAPS values (3668, 3624, 'm2-p', NULL, 1, 47.110, 24.830);
 insert into MAPITEMS values (3668, 4, 3643);
 insert into CENTRELINE values (3670, 3624, NULL, '2018-07-22', NULL, 47.11, 0.00, 0.00);
 insert into TOPO values (2, 3670);
 insert into TOPO values (29, 3670);
 insert into SHOT values (1147, 1197, 1198, 3670, 4.12, 97.53, 56.00, 4.12, 97.50, 56.08, 0.01, 293.63, 44.80);
insert into SHOT values (1148, 1198, 1199, 3670, 3.70, 57.53, 49.00, 3.70, 57.62, 48.98, 0.00, 147.15, -31.59);
insert into SHOT values (1149, 1199, 1200, 3670, 2.67, 42.53, 6.00, 2.67, 42.40, 6.02, 0.01, 302.43, 9.01);
insert into SHOT values (1150, 1201, 1200, 3670, 1.68, 288.53, -15.00, 1.68, 288.66, -14.82, 0.01, 343.03, 46.39);
insert into SHOT values (1151, 1201, 1202, 3670, 5.01, 50.53, 68.00, 5.02, 50.39, 67.96, 0.01, 10.57, 34.47);
insert into SHOT values (1152, 1202, 1203, 3670, 1.61, 20.53, 16.00, 1.60, 20.56, 15.97, 0.01, 195.81, -21.18);
insert into SHOT values (1153, 1203, 1204, 3670, 1.85, 47.53, -14.00, 1.86, 47.47, -14.00, 0.01, 37.24, -13.86);
insert into SHOT values (1154, 1204, 1205, 3670, 3.70, 346.53, 0.00, 3.69, 346.53, 0.00, 0.01, 165.57, 0.00);
insert into SHOT values (1155, 1205, 1206, 3670, 4.31, 352.53, 56.00, 4.32, 352.37, 56.04, 0.01, 273.11, 46.41);
insert into SHOT values (1156, 1207, 1206, 3670, 3.23, 246.53, -13.00, 3.23, 246.44, -12.86, 0.01, 206.95, 42.68);
insert into SHOT values (1157, 1207, 1208, 3670, 2.85, 341.53, 28.00, 2.85, 341.42, 28.09, 0.01, 201.33, 15.52);
insert into SHOT values (1158, 1209, 1208, 3670, 4.77, 247.53, -30.00, 4.78, 247.53, -30.03, 0.01, 252.00, -59.65);
insert into SHOT values (1159, 1209, 1210, 3670, 5.72, 19.53, 41.00, 5.72, 19.48, 40.98, 0.00, 294.81, -39.89);
insert into SHOT values (1160, 1211, 1210, 3670, 1.89, 252.53, -52.00, 1.89, 252.50, -52.01, 0.00, 188.87, -47.05);
insert into SURVEY values (3672, 22, 'penny_falls_2', 'penny_falls_2.primadona.sistem_prima', 'Penny falls 2 (continuation)');
 insert into CENTRELINE values (3673, 3672, NULL, NULL, NULL, 0.00, 0.00, 0.00);
 insert into SCRAPS values (3674, 3672, 'penny_falls_2-p1', 1);
 insert into MAPS values (3688, 3672, 'm1-p', NULL, 1, 36.690, 16.680);
 insert into MAPITEMS values (3688, 4, 3674);
 insert into CENTRELINE values (3689, 3672, NULL, '2018-07-22', NULL, 36.69, 0.00, 0.00);
 insert into TOPO values (2, 3689);
 insert into TOPO values (29, 3689);
 insert into EXPLO values (2, 3689);
 insert into EXPLO values (29, 3689);
 insert into SHOT values (1161, 1212, 1213, 3689, 10.33, 108.53, 40.00, 10.33, 108.48, 39.98, 0.01, 57.58, 0.03);
insert into SHOT values (1162, 1212, 1214, 3689, 2.74, 229.53, 0.00, 2.74, 229.44, 0.00, 0.00, 108.72, 0.00);
insert into SHOT values (1163, 1214, 1215, 3689, 15.00, 254.53, -42.00, 15.00, 254.54, -42.02, 0.01, 37.69, -30.81);
insert into SHOT values (1164, 1212, 1216, 3689, 8.62, 4.53, -90.00, 8.62, 90.00, -90.00, 0.00, 4.53, -75.81);
insert into SURVEY values (3691, 22, 'moonraker', 'moonraker.primadona.sistem_prima', 'Moonraker');
 insert into CENTRELINE values (3692, 3691, NULL, NULL, NULL, 0.00, 0.00, 0.00);
 insert into CENTRELINE values (3693, 3691, NULL, '2018-07-28', NULL, 129.44, 0.00, 0.00);
 insert into TOPO values (31, 3693);
 insert into TOPO values (17, 3693);
 insert into EXPLO values (31, 3693);
 insert into EXPLO values (17, 3693);
 insert into EXPLO values (29, 3693);
 insert into SHOT values (1165, 1217, 1218, 3693, 1.42, 69.83, -8.80, 1.42, 70.02, -8.50, 0.01, 144.44, 56.48);
insert into SHOT values (1166, 1217, 1219, 3693, 1.56, 31.63, -9.50, 1.56, 31.73, -9.22, 0.01, 91.34, 67.17);
insert into SHOT values (1167, 1217, 1220, 3693, 19.02, 9.33, -5.80, 19.02, 9.34, -5.79, 0.00, 130.44, 29.53);
insert into SHOT values (1168, 1217, 1221, 3693, 4.35, 16.73, 78.80, 4.35, 16.50, 78.81, 0.00, 284.68, 40.73);
insert into SHOT values (1169, 1217, 1222, 3693, 1.38, 281.33, 71.00, 1.38, 281.56, 71.08, 0.01, 16.91, 70.60);
insert into SHOT values (1170, 1217, 1223, 3693, 2.10, 4.03, 84.80, 2.11, 3.01, 84.82, 0.01, 272.41, 68.68);
insert into SHOT values (1171, 1217, 1224, 3693, 1.01, 87.23, 80.10, 1.01, 86.63, 80.34, 0.01, 294.95, 52.98);
insert into SHOT values (1172, 1217, 1225, 3693, 0.58, 264.23, -3.20, 0.58, 264.09, -2.95, 0.00, 245.34, 29.35);
insert into SHOT values (1173, 1217, 1226, 3693, 0.65, 262.13, 27.70, 0.65, 262.01, 28.31, 0.01, 175.98, 81.42);
insert into SHOT values (1174, 1217, 1227, 3693, 0.83, 262.73, 53.70, 0.83, 263.02, 53.62, 0.00, 310.38, 17.67);
insert into SHOT values (1175, 1217, 1228, 3693, 0.75, 224.53, -16.80, 0.74, 224.43, -16.38, 0.01, 62.03, 59.68);
insert into SHOT values (1176, 1217, 1229, 3693, 1.71, 191.93, -0.30, 1.71, 191.84, 0.00, 0.01, 48.33, 62.85);
insert into SHOT values (1177, 1217, 1230, 3693, 3.84, 151.83, -3.80, 3.84, 151.83, -3.73, 0.01, 155.60, 60.21);
insert into SHOT values (1178, 1230, 1231, 3693, 1.91, 274.43, 2.40, 1.91, 274.51, 2.40, 0.00, 44.70, 0.27);
insert into SHOT values (1179, 1230, 1232, 3693, 2.92, 299.53, 6.40, 2.92, 299.48, 6.48, 0.01, 268.17, 41.45);
insert into SHOT values (1180, 1230, 1233, 3693, 3.87, 314.43, 6.70, 3.87, 314.37, 6.67, 0.01, 263.84, -16.16);
insert into SHOT values (1181, 1230, 1234, 3693, 5.26, 306.33, 5.20, 5.26, 306.39, 5.23, 0.01, 1.73, 25.88);
insert into SHOT values (1182, 1230, 1235, 3693, 4.09, 216.73, -0.50, 4.09, 216.84, -0.56, 0.01, 332.17, -25.66);
insert into SHOT values (1183, 1230, 1236, 3693, 2.93, 229.53, 0.30, 2.93, 229.57, 0.39, 0.01, 327.90, 66.01);
insert into SHOT values (1184, 1230, 1237, 3693, 2.27, 242.43, -3.60, 2.27, 242.42, -3.53, 0.00, 231.95, 48.44);
insert into SHOT values (1185, 1230, 1238, 3693, 3.21, 239.83, -78.90, 3.21, 240.14, -78.82, 0.01, 275.98, -0.50);
insert into SHOT values (1186, 1230, 1239, 3693, 4.94, 205.63, -6.20, 4.94, 205.68, -6.15, 0.01, 250.49, 29.77);
insert into SHOT values (1187, 1230, 1240, 3693, 6.04, 204.23, -27.90, 6.04, 204.26, -27.96, 0.01, 4.05, -25.44);
insert into SHOT values (1188, 1240, 1241, 3693, 0.66, 83.43, 73.60, 0.67, 83.66, 74.20, 0.01, 255.48, 52.33);
insert into SHOT values (1189, 1240, 1242, 3693, 7.97, 93.03, 44.80, 7.97, 93.04, 44.81, 0.00, 115.29, 54.54);
insert into SHOT values (1190, 1240, 1243, 3693, 9.92, 79.23, 35.50, 9.92, 79.29, 35.52, 0.01, 201.65, -3.25);
insert into SHOT values (1191, 1240, 1244, 3693, 11.85, 67.23, 26.10, 11.85, 67.27, 26.14, 0.01, 193.56, 36.12);
insert into SHOT values (1192, 1240, 1245, 3693, 7.12, 106.03, 33.60, 7.12, 106.05, 33.60, 0.00, 176.80, -3.32);
insert into SHOT values (1193, 1240, 1246, 3693, 4.68, 128.83, 38.10, 4.68, 128.83, 38.11, 0.00, 133.17, 60.17);
insert into SHOT values (1194, 1240, 1247, 3693, 5.51, 139.73, 41.80, 5.52, 139.84, 41.85, 0.01, 220.98, 43.11);
insert into SHOT values (1195, 1240, 1248, 3693, 5.93, 26.13, 17.40, 5.93, 26.11, 17.47, 0.01, 258.81, 73.30);
insert into SHOT values (1196, 1240, 1249, 3693, 6.50, 50.33, 20.60, 6.50, 50.34, 20.64, 0.01, 217.68, 29.73);
insert into SHOT values (1197, 1240, 1250, 3693, 9.28, 64.73, 20.70, 9.28, 64.76, 20.70, 0.01, 180.96, -2.36);
insert into SHOT values (1198, 1240, 1251, 3693, 5.99, 104.33, 20.10, 5.99, 104.41, 20.11, 0.01, 181.42, 10.60);
insert into SHOT values (1199, 1251, 1252, 3693, 5.20, 265.43, 7.30, 5.20, 265.44, 7.29, 0.00, 52.25, -22.00);
insert into SHOT values (1200, 1251, 1253, 3693, 5.39, 289.03, 3.30, 5.39, 289.07, 3.29, 0.01, 331.99, -2.44);
insert into SHOT values (1201, 1251, 1254, 3693, 6.11, 312.33, -1.10, 6.12, 312.35, -1.03, 0.01, 329.93, 44.52);
insert into SHOT values (1202, 1251, 1255, 3693, 3.49, 329.13, -1.00, 3.49, 329.18, -0.98, 0.01, 5.88, 10.40);
insert into SHOT values (1203, 1251, 1256, 3693, 5.32, 355.23, 0.40, 5.32, 355.25, 0.43, 0.00, 119.44, 44.46);
insert into SHOT values (1204, 1251, 1257, 3693, 6.11, 9.83, -4.60, 6.11, 9.83, -4.60, 0.00, 156.52, 0.87);
insert into SHOT values (1205, 1251, 1258, 3693, 7.39, 17.73, -7.00, 7.39, 17.69, -6.99, 0.00, 314.20, 7.16);
insert into SHOT values (1206, 1251, 1259, 3693, 8.34, 29.53, -13.90, 8.34, 29.51, -13.87, 0.01, 359.71, 31.28);
insert into SHOT values (1207, 1251, 1260, 3693, 18.58, 28.63, -14.50, 18.58, 28.63, -14.49, 0.00, 56.36, 50.67);
insert into SHOT values (1208, 1251, 1261, 3693, 7.88, 45.33, -7.90, 7.88, 45.31, -7.88, 0.00, 345.87, 48.87);
insert into SHOT values (1209, 1251, 1262, 3693, 3.58, 56.43, -6.50, 3.58, 56.35, -6.42, 0.01, 309.85, 47.84);
insert into SHOT values (1210, 1251, 1263, 3693, 2.16, 66.23, 14.50, 2.16, 66.01, 14.48, 0.01, 331.81, -5.86);
insert into SHOT values (1211, 1251, 1264, 3693, 0.88, 147.73, 53.70, 0.88, 147.53, 53.70, 0.00, 74.91, 22.39);
insert into SHOT values (1212, 1251, 1265, 3693, 1.86, 149.13, 70.30, 1.86, 149.35, 70.27, 0.00, 223.17, -24.26);
insert into SHOT values (1213, 1251, 1266, 3693, 2.60, 339.63, 85.00, 2.60, 340.02, 84.84, 0.01, 351.61, -0.80);
insert into SHOT values (1214, 1251, 1267, 3693, 2.82, 324.83, 74.80, 2.82, 324.82, 74.66, 0.01, 323.86, -10.96);
insert into SHOT values (1215, 1251, 1268, 3693, 4.45, 322.43, 57.50, 4.46, 322.46, 57.49, 0.01, 337.03, 52.23);
insert into SHOT values (1216, 1251, 1269, 3693, 4.82, 333.93, 30.60, 4.83, 333.87, 30.63, 0.01, 297.03, 40.78);
insert into SHOT values (1217, 1251, 1270, 3693, 4.90, 337.13, 3.20, 4.90, 337.15, 3.27, 0.01, 33.38, 67.04);
insert into SHOT values (1218, 1251, 1271, 3693, 5.97, 342.63, -5.00, 5.98, 342.60, -4.99, 0.01, 312.68, 3.11);
insert into SHOT values (1219, 1251, 1272, 3693, 15.25, 28.83, -16.00, 15.26, 28.82, -15.98, 0.01, 11.42, 24.40);
insert into SHOT values (1220, 1272, 1273, 3693, 1.41, 123.83, 9.10, 1.41, 124.15, 9.00, 0.01, 233.10, -20.11);
insert into SHOT values (1221, 1272, 1274, 3693, 2.11, 120.83, 41.00, 2.10, 121.09, 40.99, 0.01, 242.15, -26.99);
insert into SHOT values (1222, 1272, 1275, 3693, 5.68, 117.53, 57.00, 5.68, 117.56, 57.00, 0.00, 266.49, -47.76);
insert into SHOT values (1223, 1272, 1276, 3693, 7.06, 111.33, 73.00, 7.06, 111.60, 72.99, 0.01, 196.70, -8.90);
insert into SHOT values (1224, 1272, 1277, 3693, 10.37, 80.83, 83.70, 10.37, 80.87, 83.72, 0.00, 247.87, 35.60);
insert into SHOT values (1225, 1272, 1278, 3693, 1.24, 298.73, -6.70, 1.24, 298.65, -6.95, 0.01, 181.74, -69.95);
insert into SHOT values (1226, 1272, 1279, 3693, 1.06, 306.93, 35.70, 1.06, 306.47, 35.85, 0.01, 194.66, 11.02);
insert into SHOT values (1227, 1272, 1280, 3693, 1.36, 310.53, 55.50, 1.36, 310.28, 55.37, 0.00, 262.81, -10.15);
insert into SHOT values (1228, 1272, 1281, 3693, 1.86, 332.13, 69.50, 1.86, 331.46, 69.55, 0.01, 223.27, -15.45);
insert into SHOT values (1229, 1272, 1282, 3693, 10.51, 212.53, 4.80, 10.51, 212.52, 4.80, 0.00, 83.59, 19.00);
insert into SHOT values (1230, 1272, 1283, 3693, 8.08, 195.53, 5.20, 8.09, 195.55, 5.18, 0.01, 219.62, -14.32);
insert into SHOT values (1231, 1272, 1284, 3693, 5.58, 184.53, 5.90, 5.59, 184.54, 5.86, 0.01, 194.54, -26.74);
insert into SHOT values (1232, 1272, 1285, 3693, 3.14, 172.13, 6.20, 3.15, 172.28, 6.20, 0.01, 224.04, 4.66);
insert into SHOT values (1233, 1272, 1286, 3693, 2.22, 173.23, 0.30, 2.23, 173.29, 0.26, 0.01, 197.74, -15.66);
insert into SHOT values (1234, 1272, 1287, 3693, 1.02, 290.23, 1.60, 1.02, 290.03, 1.68, 0.00, 232.29, 20.11);
insert into SHOT values (1235, 1272, 1288, 3693, 1.12, 315.13, 3.00, 1.12, 315.00, 3.07, 0.00, 198.78, 26.37);
insert into SHOT values (1236, 1272, 1289, 3693, 3.36, 336.33, -29.20, 3.36, 336.24, -29.25, 0.01, 201.10, -6.75);
insert into SHOT values (1237, 1289, 1290, 3693, 2.26, 89.03, -5.70, 2.26, 88.98, -5.58, 0.01, 38.80, 61.82);
insert into SHOT values (1238, 1289, 1291, 3693, 3.37, 84.03, -7.10, 3.37, 84.00, -7.15, 0.01, 62.43, -37.58);
insert into SHOT values (1239, 1289, 1292, 3693, 1.31, 128.83, 0.20, 1.31, 128.80, 0.00, 0.00, 338.90, -72.44);
insert into SHOT values (1240, 1289, 1293, 3693, 1.89, 19.93, -6.90, 1.90, 19.88, -6.97, 0.01, 4.46, -25.89);
insert into SHOT values (1241, 1289, 1294, 3693, 1.42, 297.13, -9.70, 1.42, 297.11, -9.70, 0.00, 292.32, -9.14);
insert into SHOT values (1242, 1289, 1295, 3693, 1.16, 296.23, -4.70, 1.16, 296.12, -4.93, 0.01, 252.28, -58.13);
insert into SHOT values (1243, 1289, 1296, 3693, 1.42, 308.13, -1.60, 1.42, 308.16, -1.61, 0.00, 316.46, -4.05);
insert into SHOT values (1244, 1289, 1297, 3693, 5.53, 138.23, 32.80, 5.53, 138.14, 32.85, 0.01, 27.05, 29.87);
insert into SHOT values (1245, 1289, 1298, 3693, 0.42, 121.53, 30.00, 0.42, 121.50, 30.01, 0.00, 349.48, 0.00);
insert into SHOT values (1246, 1289, 1299, 3693, 3.61, 41.13, -30.40, 3.62, 41.10, -30.41, 0.01, 23.12, -32.42);
insert into SHOT values (1247, 1299, 1300, 3693, 3.60, 39.03, -23.80, 3.60, 38.96, -23.77, 0.01, 286.34, 32.55);
insert into SHOT values (1248, 1299, 1301, 3693, 0.51, 330.63, 5.10, 0.51, 330.40, 5.64, 0.01, 197.56, 58.89);
insert into SHOT values (1249, 1299, 1302, 3693, 0.60, 29.33, 6.60, 0.60, 29.15, 6.71, 0.00, 280.80, 27.72);
insert into SHOT values (1250, 1299, 1303, 3693, 0.86, 111.13, 7.70, 0.86, 111.43, 8.05, 0.01, 240.51, 39.98);
insert into SHOT values (1251, 1299, 1304, 3693, 1.19, 100.23, 8.10, 1.19, 100.26, 8.21, 0.00, 143.34, 66.83);
insert into SHOT values (1252, 1299, 1305, 3693, 1.06, 156.03, 13.70, 1.06, 155.92, 13.65, 0.00, 57.47, -29.07);
insert into SHOT values (1253, 1299, 1306, 3693, 1.34, 162.33, 15.70, 1.34, 162.41, 16.00, 0.01, 241.53, 76.19);
insert into SHOT values (1254, 1299, 1307, 3693, 1.23, 257.43, 19.30, 1.24, 257.15, 19.32, 0.01, 223.54, 18.95);
insert into SHOT values (1255, 1299, 1308, 3693, 2.90, 250.73, 19.30, 2.91, 250.64, 19.27, 0.01, 223.67, 9.32);
insert into SHOT values (1256, 1299, 1309, 3693, 3.59, 44.93, 3.40, 3.58, 45.00, 3.52, 0.01, 186.89, 44.29);
insert into SHOT values (1257, 1309, 1310, 3693, 3.92, 129.33, 16.20, 3.91, 129.28, 16.17, 0.01, 342.23, -31.31);
insert into SHOT values (1258, 1309, 1311, 3693, 3.96, 149.23, 23.10, 3.96, 149.28, 23.06, 0.01, 264.81, -45.58);
insert into SHOT values (1259, 1309, 1312, 3693, 2.53, 175.53, 28.70, 2.53, 175.60, 28.63, 0.01, 308.74, -52.03);
insert into SHOT values (1260, 1309, 1313, 3693, 1.60, 192.93, 23.00, 1.59, 192.99, 22.90, 0.01, 354.92, -43.25);
insert into SHOT values (1261, 1309, 1314, 3693, 1.68, 211.53, 13.10, 1.68, 211.75, 13.09, 0.01, 317.38, -6.86);
insert into SHOT values (1262, 1309, 1315, 3693, 2.15, 205.63, 20.10, 2.15, 205.80, 19.85, 0.01, 273.56, -52.89);
insert into SHOT values (1263, 1309, 1316, 3693, 1.64, 98.73, 81.30, 1.64, 97.13, 81.51, 0.01, 325.80, -6.97);
insert into SHOT values (1264, 1309, 1317, 3693, 1.74, 186.93, 61.70, 1.73, 187.04, 61.92, 0.01, 356.83, -12.85);
insert into SHOT values (1265, 1309, 1318, 3693, 2.21, 179.03, 45.90, 2.20, 179.25, 45.92, 0.01, 321.86, -35.63);
insert into SHOT values (1266, 1309, 1319, 3693, 1.63, 180.13, 17.10, 1.62, 180.37, 17.21, 0.01, 320.64, 3.98);
insert into SHOT values (1267, 1309, 1320, 3693, 1.25, 180.63, -7.50, 1.24, 180.93, -7.87, 0.01, 325.22, -31.33);
insert into SHOT values (1268, 1309, 1321, 3693, 1.23, 179.53, -31.90, 1.23, 179.45, -32.00, 0.00, 18.47, -0.27);
insert into SHOT values (1269, 1309, 1322, 3693, 2.04, 117.23, -17.70, 2.04, 116.96, -17.72, 0.01, 11.80, 1.39);
insert into SHOT values (1270, 1322, 1323, 3693, 2.04, 125.83, -14.20, 2.04, 125.94, -14.20, 0.00, 235.63, 5.84);
insert into SHOT values (1271, 1322, 1324, 3693, 2.27, 62.33, -56.40, 2.28, 62.41, -56.61, 0.01, 216.65, -65.53);
insert into SHOT values (1272, 1324, 1325, 3693, 2.30, 57.03, -55.40, 2.29, 56.92, -55.46, 0.01, 262.20, 29.23);
insert into SHOT values (1273, 1324, 1326, 3693, 2.02, 171.93, 7.60, 2.02, 171.95, 7.69, 0.00, 334.74, 46.73);
insert into SHOT values (1274, 1324, 1327, 3693, 2.38, 185.03, 7.00, 2.38, 185.11, 7.01, 0.00, 317.01, -0.65);
insert into SHOT values (1275, 1324, 1328, 3693, 1.41, 197.93, 7.10, 1.41, 197.92, 7.34, 0.01, 29.56, 75.94);
insert into SHOT values (1276, 1324, 1329, 3693, 1.41, 162.83, 25.40, 1.41, 163.13, 25.57, 0.01, 243.04, 37.49);
insert into SHOT values (1277, 1324, 1330, 3693, 3.08, 164.93, 68.70, 3.08, 164.97, 68.71, 0.00, 289.56, 21.77);
insert into SHOT values (1278, 1324, 1331, 3693, 4.19, 202.43, 77.70, 4.20, 202.28, 77.66, 0.01, 173.62, 51.29);
insert into SHOT values (1279, 1324, 1332, 3693, 3.92, 281.93, 78.80, 3.93, 282.04, 78.73, 0.01, 297.53, 39.31);
insert into SHOT values (1280, 1324, 1333, 3693, 4.57, 287.03, 67.10, 4.57, 287.01, 67.11, 0.00, 156.21, 12.35);
insert into SHOT values (1281, 1324, 1334, 3693, 4.49, 50.53, 44.10, 4.49, 50.54, 44.14, 0.01, 74.66, 79.34);
insert into SHOT values (1282, 1324, 1335, 3693, 4.74, 67.03, 27.60, 4.74, 67.03, 27.63, 0.00, 76.52, 56.99);
insert into SHOT values (1283, 1324, 1336, 3693, 4.57, 67.43, 22.50, 4.57, 67.44, 22.51, 0.00, 115.72, 38.53);
insert into SHOT values (1284, 1324, 1337, 3693, 1.85, 103.43, 14.10, 1.85, 103.57, 14.41, 0.01, 237.48, 56.43);
insert into SHOT values (1285, 1324, 1338, 3693, 1.46, 123.53, 9.10, 1.46, 123.69, 9.45, 0.01, 205.28, 65.64);
insert into SHOT values (1286, 1324, 1339, 3693, 2.28, 175.63, -19.90, 2.28, 175.72, -19.74, 0.01, 235.15, 55.52);
insert into SHOT values (1287, 1339, 1340, 3693, 1.27, 137.53, -84.10, 1.27, 138.01, -83.91, 0.01, 153.46, 38.30);
insert into SHOT values (1288, 1339, 1341, 3693, 1.28, 297.53, -54.60, 1.28, 297.26, -54.48, 0.00, 222.41, 42.58);
insert into SHOT values (1289, 1339, 1342, 3693, 0.30, 302.83, 2.80, 0.30, 302.62, 1.93, 0.01, 143.79, -56.96);
insert into SHOT values (1290, 1339, 1343, 3693, 0.94, 303.73, 61.10, 0.94, 303.34, 60.98, 0.00, 224.17, -43.19);
insert into SHOT values (1291, 1339, 1344, 3693, 1.68, 275.73, 76.70, 1.67, 276.01, 76.81, 0.01, 72.63, -46.00);
insert into SHOT values (1292, 1339, 1345, 3693, 1.25, 18.03, 88.60, 1.25, 18.43, 88.55, 0.00, 29.75, 18.66);
insert into SHOT values (1293, 1339, 1346, 3693, 0.41, 93.43, 79.50, 0.41, 90.00, 78.69, 0.01, 50.48, -24.06);
insert into SHOT values (1294, 1339, 1347, 3693, 4.15, 219.43, -1.80, 4.14, 219.42, -1.80, 0.01, 48.09, 3.42);
insert into SHOT values (1295, 1347, 1348, 3693, 4.13, 222.13, -1.30, 4.14, 222.06, -1.39, 0.01, 182.48, -38.92);
insert into SHOT values (1296, 1347, 1349, 3693, 0.43, 313.33, 11.10, 0.43, 313.09, 10.67, 0.00, 278.62, -42.02);
insert into SHOT values (1297, 1347, 1350, 3693, 0.58, 327.33, 54.60, 0.58, 327.26, 54.69, 0.00, 154.08, -41.47);
insert into SHOT values (1298, 1347, 1351, 3693, 2.20, 319.93, 83.10, 2.20, 319.64, 83.13, 0.00, 176.38, -60.96);
insert into SHOT values (1299, 1347, 1352, 3693, 1.31, 122.13, 74.30, 1.31, 122.35, 74.26, 0.00, 187.72, -37.05);
insert into SHOT values (1300, 1347, 1353, 3693, 1.23, 122.03, 56.00, 1.23, 122.54, 56.00, 0.01, 210.77, 2.67);
insert into SHOT values (1301, 1347, 1354, 3693, 0.46, 156.33, 38.90, 0.46, 157.01, 38.97, 0.00, 240.29, 14.82);
insert into SHOT values (1302, 1347, 1355, 3693, 0.89, 267.93, -81.10, 0.89, 265.91, -80.94, 0.01, 205.52, -7.33);
insert into SHOT values (1303, 1347, 1356, 3693, 0.91, 288.73, -44.10, 0.91, 288.71, -43.90, 0.00, 279.01, 71.15);
insert into SHOT values (1304, 1347, 1357, 3693, 2.21, 245.53, 8.70, 2.21, 245.43, 8.58, 0.01, 198.36, -38.83);
insert into SHOT values (1305, 1347, 1358, 3693, 0.72, 11.13, 9.90, 0.71, 10.67, 9.70, 0.01, 229.25, -22.60);
insert into SHOT values (1306, 1347, 1359, 3693, 1.61, 27.43, 8.90, 1.61, 27.37, 8.95, 0.00, 236.13, 15.75);
insert into SHOT values (1307, 1347, 1360, 3693, 2.49, 234.03, 10.60, 2.49, 233.97, 10.64, 0.00, 161.63, 38.16);
insert into SHOT values (1308, 1347, 1361, 3693, 2.43, 234.03, 10.60, 2.44, 233.99, 10.63, 0.01, 224.73, 16.90);
insert into SHOT values (1309, 1347, 1362, 3693, 2.42, 242.23, 11.50, 2.42, 242.14, 11.42, 0.01, 199.08, -24.86);
insert into SHOT values (1310, 1347, 1363, 3693, 2.11, 69.13, -6.00, 2.11, 69.32, -5.99, 0.01, 185.56, 4.14);
insert into SHOT values (1311, 1347, 1364, 3693, 1.75, 91.63, -9.00, 1.75, 91.66, -9.19, 0.01, 111.54, -68.87);
insert into SHOT values (1312, 1347, 1365, 3693, 1.44, 121.93, -11.60, 1.44, 122.22, -11.65, 0.01, 240.88, -3.12);
insert into SHOT values (1313, 1347, 1366, 3693, 1.44, 142.73, -9.60, 1.44, 142.73, -9.59, 0.00, 131.06, 35.62);
insert into SHOT values (1314, 1347, 1367, 3693, 1.68, 153.23, -3.80, 1.68, 153.43, -3.75, 0.01, 236.31, 12.40);
insert into SHOT values (1315, 1347, 1368, 3693, 4.87, 172.93, -6.90, 4.87, 172.99, -6.96, 0.01, 248.52, -41.38);
insert into SHOT values (1316, 1347, 1369, 3693, 5.08, 178.63, -4.00, 5.08, 178.64, -4.06, 0.01, 198.92, -54.34);
insert into SHOT values (1317, 1347, 1370, 3693, 6.13, 193.53, -3.00, 6.13, 193.51, -2.99, 0.00, 48.75, 17.14);
insert into SHOT values (1318, 1347, 1371, 3693, 7.69, 202.63, -5.60, 7.70, 202.65, -5.59, 0.01, 222.63, 2.97);
insert into SHOT values (1319, 1347, 1372, 3693, 1.13, 249.53, 4.40, 1.14, 249.33, 4.54, 0.01, 217.00, 23.93);
insert into SHOT values (1320, 1347, 1373, 3693, 1.91, 232.93, 1.40, 1.91, 233.07, 1.50, 0.01, 279.01, 26.87);
insert into SHOT values (1321, 1347, 1374, 3693, 2.62, 221.93, -10.40, 2.62, 221.86, -10.33, 0.00, 145.44, 41.13);
insert into SHOT values (1322, 1347, 1375, 3693, 3.63, 215.63, -17.70, 3.63, 215.71, -17.78, 0.01, 278.62, -48.64);
insert into SHOT values (1323, 1375, 1376, 3693, 3.64, 214.43, -16.40, 3.64, 214.37, -16.29, 0.01, 86.73, 61.24);
insert into SHOT values (1324, 1375, 1377, 3693, 3.40, 72.53, 5.40, 3.40, 72.64, 5.40, 0.01, 168.71, 0.28);
insert into SHOT values (1325, 1375, 1378, 3693, 3.51, 96.33, 7.60, 3.51, 96.43, 7.69, 0.01, 162.65, 40.29);
insert into SHOT values (1326, 1375, 1379, 3693, 4.09, 110.63, 8.40, 4.09, 110.67, 8.43, 0.01, 144.04, 24.22);
insert into SHOT values (1327, 1375, 1380, 3693, 3.48, 129.23, 9.60, 3.48, 129.21, 9.75, 0.01, 90.75, 78.11);
insert into SHOT values (1328, 1375, 1381, 3693, 3.39, 149.33, 10.30, 3.39, 149.36, 10.36, 0.00, 229.28, 63.90);
insert into SHOT values (1329, 1375, 1382, 3693, 3.20, 170.53, 11.60, 3.21, 170.48, 11.68, 0.01, 152.79, 35.75);
insert into SHOT values (1330, 1375, 1383, 3693, 4.18, 181.93, 24.00, 4.19, 181.95, 24.10, 0.01, 203.07, 68.63);
insert into SHOT values (1331, 1375, 1384, 3693, 3.41, 162.53, 85.60, 3.41, 162.26, 85.59, 0.00, 107.45, 1.88);
insert into SHOT values (1332, 1375, 1385, 3693, 1.49, 175.63, 79.40, 1.50, 175.91, 79.19, 0.01, 187.58, 38.72);
insert into SHOT values (1333, 1375, 1386, 3693, 2.31, 120.83, 48.50, 2.32, 120.90, 48.36, 0.01, 134.86, -0.63);
insert into SHOT values (1334, 1375, 1387, 3693, 2.99, 116.53, 24.00, 3.00, 116.47, 24.02, 0.01, 90.03, 32.36);
insert into SHOT values (1335, 1375, 1388, 3693, 1.11, 116.63, -56.10, 1.11, 116.57, -55.76, 0.01, 110.99, 10.58);
insert into SHOT values (1336, 1375, 1389, 3693, 2.15, 130.23, -21.70, 2.15, 130.14, -21.54, 0.01, 88.32, 45.60);
insert into SHOT values (1337, 1375, 1390, 3693, 3.83, 186.63, 22.70, 3.83, 186.50, 22.73, 0.01, 92.16, 14.16);
insert into SHOT values (1338, 1390, 1391, 3693, 1.69, 234.93, -1.00, 1.70, 235.09, -1.01, 0.01, 277.49, -4.06);
insert into SHOT values (1339, 1390, 1392, 3693, 4.54, 254.93, -4.70, 4.54, 254.89, -4.67, 0.00, 194.83, 29.32);
insert into SHOT values (1340, 1390, 1393, 3693, 2.75, 273.73, -5.60, 2.76, 273.55, -5.62, 0.01, 228.23, -7.84);
insert into SHOT values (1341, 1390, 1394, 3693, 2.33, 283.93, -5.60, 2.34, 283.68, -5.40, 0.01, 228.70, 30.76);
insert into SHOT values (1342, 1390, 1395, 3693, 2.05, 348.13, -16.50, 2.05, 347.95, -16.46, 0.01, 237.89, 18.53);
insert into SHOT values (1343, 1390, 1396, 3693, 4.27, 9.53, -7.90, 4.27, 9.53, -7.81, 0.01, 186.31, 80.66);
insert into SHOT values (1344, 1390, 1397, 3693, 6.88, 26.33, -4.60, 6.87, 26.34, -4.59, 0.01, 193.46, 14.91);
insert into SHOT values (1345, 1390, 1398, 3693, 9.74, 32.23, -5.90, 9.73, 32.21, -5.90, 0.01, 229.84, 7.71);
insert into SHOT values (1346, 1390, 1399, 3693, 5.92, 26.13, -11.20, 5.91, 26.08, -11.21, 0.01, 242.79, -0.91);
insert into SHOT values (1347, 1390, 1400, 3693, 3.93, 305.73, -3.10, 3.93, 305.67, -3.06, 0.01, 250.42, 28.92);
insert into SHOT values (1348, 1390, 1401, 3693, 4.54, 246.33, -3.70, 4.54, 246.32, -3.66, 0.00, 213.10, 67.96);
insert into SHOT values (1349, 1401, 1402, 3693, 1.85, 284.53, 62.80, 1.85, 284.36, 62.84, 0.01, 213.44, 60.83);
insert into SHOT values (1350, 1401, 1403, 3693, 1.51, 274.43, 70.60, 1.51, 274.57, 70.54, 0.00, 2.97, -73.36);
insert into SHOT values (1351, 1401, 1404, 3693, 1.09, 88.23, 67.50, 1.09, 88.60, 67.90, 0.01, 247.30, 21.59);
insert into SHOT values (1352, 1401, 1405, 3693, 1.51, 113.73, 2.40, 1.51, 113.85, 2.28, 0.00, 201.37, -45.98);
insert into SHOT values (1353, 1401, 1406, 3693, 1.62, 92.03, 3.20, 1.61, 92.13, 3.20, 0.01, 246.92, -3.51);
insert into SHOT values (1354, 1401, 1407, 3693, 1.27, 126.83, 3.20, 1.27, 126.96, 3.17, 0.01, 270.87, -10.19);
insert into SHOT values (1355, 1401, 1408, 3693, 1.52, 118.63, -38.50, 1.52, 118.73, -38.70, 0.01, 269.31, -42.41);
insert into SHOT values (1356, 1401, 1409, 3693, 1.74, 86.13, 4.10, 1.74, 86.36, 3.96, 0.01, 192.44, -30.90);
insert into SHOT values (1357, 1401, 1410, 3693, 3.44, 65.43, 0.10, 3.43, 65.38, 0.17, 0.01, 266.90, 25.21);
insert into SHOT values (1358, 1401, 1411, 3693, 9.04, 53.53, -1.00, 9.03, 53.51, -1.02, 0.01, 251.65, -14.12);
insert into SHOT values (1359, 1401, 1412, 3693, 1.64, 50.23, 2.50, 1.64, 50.19, 2.44, 0.00, 20.72, -37.96);
insert into SHOT values (1360, 1401, 1413, 3693, 5.99, 64.13, -0.50, 5.99, 64.16, -0.48, 0.00, 171.31, 31.38);
insert into SHOT values (1361, 1324, 1414, 3693, 1.43, 99.43, -35.20, 1.43, 99.38, -35.13, 0.01, 297.44, 54.39);
insert into SHOT values (1362, 1414, 1415, 3693, 1.43, 95.23, -26.50, 1.44, 95.36, -26.46, 0.01, 121.28, -16.56);
insert into SHOT values (1363, 1414, 1416, 3693, 3.62, 91.33, 86.90, 3.63, 92.86, 86.83, 0.01, 141.87, 37.34);
insert into SHOT values (1364, 1414, 1417, 3693, 5.62, 315.03, 77.50, 5.62, 315.00, 77.51, 0.00, 209.48, 79.03);
insert into SHOT values (1365, 1414, 1418, 3693, 4.10, 293.83, 66.10, 4.10, 293.79, 66.11, 0.00, 205.43, 52.72);
insert into SHOT values (1366, 1414, 1419, 3693, 6.64, 21.23, 48.20, 6.64, 21.22, 48.24, 0.01, 204.64, 0.38);
insert into SHOT values (1367, 1414, 1420, 3693, 2.68, 9.43, 49.70, 2.68, 9.63, 49.63, 0.01, 89.82, -33.16);
insert into SHOT values (1368, 1420, 1421, 3693, 2.67, 21.83, 47.50, 2.67, 21.86, 47.59, 0.00, 188.97, 17.89);
insert into SHOT values (1369, 1420, 1422, 3693, 2.65, 90.03, 87.30, 2.65, 90.00, 87.41, 0.01, 270.73, 31.33);
insert into SHOT values (1370, 1420, 1423, 3693, 2.24, 129.43, 56.90, 2.24, 129.69, 56.99, 0.01, 237.66, 31.30);
insert into SHOT values (1371, 1420, 1424, 3693, 3.32, 125.93, 34.30, 3.32, 125.95, 34.43, 0.01, 231.32, 83.07);
insert into SHOT values (1372, 1420, 1425, 3693, 1.54, 130.53, -1.70, 1.54, 130.52, -1.49, 0.01, 356.82, 87.10);
insert into SHOT values (1373, 1420, 1426, 3693, 1.60, 111.33, -9.50, 1.60, 111.53, -9.34, 0.01, 179.80, 34.00);
insert into SHOT values (1374, 1420, 1427, 3693, 3.36, 40.53, -72.20, 3.35, 40.24, -72.24, 0.01, 264.55, 50.71);
insert into SHOT values (1375, 1420, 1428, 3693, 1.20, 108.43, -65.90, 1.19, 109.18, -65.92, 0.01, 223.66, 37.44);
insert into SHOT values (1376, 1420, 1429, 3693, 1.59, 134.53, -38.90, 1.58, 134.67, -38.66, 0.01, 223.67, 69.78);
insert into SHOT values (1377, 1420, 1430, 3693, 1.72, 136.53, -24.00, 1.72, 136.55, -24.03, 0.00, 286.66, -20.69);
insert into SHOT values (1378, 1420, 1431, 3693, 1.83, 139.53, 1.50, 1.82, 139.67, 1.57, 0.01, 282.60, 15.46);
insert into SHOT values (1379, 1420, 1432, 3693, 2.21, 181.73, -1.20, 2.21, 181.81, -1.04, 0.01, 246.10, 59.66);
insert into SHOT values (1380, 1420, 1433, 3693, 3.11, 199.53, -4.30, 3.12, 199.54, -4.23, 0.01, 205.04, 21.98);
insert into SHOT values (1381, 1420, 1434, 3693, 3.21, 213.13, -5.00, 3.21, 213.14, -5.00, 0.00, 229.47, -4.24);
insert into SHOT values (1382, 1420, 1435, 3693, 4.48, 225.73, 6.10, 4.48, 225.73, 6.15, 0.00, 218.91, 82.74);
insert into SHOT values (1383, 1420, 1436, 3693, 5.69, 123.03, 1.80, 5.68, 123.07, 1.81, 0.01, 268.75, 8.87);
insert into SHOT values (1384, 1436, 1437, 3693, 0.97, 250.53, 8.70, 0.97, 250.43, 8.92, 0.01, 95.42, 39.20);
insert into SHOT values (1385, 1436, 1438, 3693, 1.38, 278.33, 5.70, 1.38, 278.37, 5.82, 0.00, 310.21, 59.84);
insert into SHOT values (1386, 1436, 1439, 3693, 2.20, 302.83, 1.90, 2.19, 302.89, 2.09, 0.01, 104.77, 41.77);
insert into SHOT values (1387, 1436, 1440, 3693, 1.74, 332.43, 3.80, 1.74, 332.55, 3.96, 0.01, 74.50, 51.40);
insert into SHOT values (1388, 1436, 1441, 3693, 1.41, 344.93, 8.30, 1.40, 344.96, 8.61, 0.01, 158.86, 39.77);
insert into SHOT values (1389, 1436, 1442, 3693, 1.40, 7.83, 3.50, 1.40, 7.84, 3.70, 0.01, 184.34, 45.99);
insert into SHOT values (1390, 1436, 1443, 3693, 1.42, 21.63, 7.70, 1.42, 21.65, 7.68, 0.00, 35.32, -6.45);
insert into SHOT values (1391, 1436, 1444, 3693, 0.82, 205.83, 15.90, 0.82, 205.59, 16.29, 0.01, 92.44, 56.16);
insert into SHOT values (1392, 1436, 1445, 3693, 1.41, 220.23, 86.30, 1.41, 220.60, 86.26, 0.00, 246.74, 65.42);
insert into SHOT values (1393, 1436, 1446, 3693, 2.93, 316.03, 66.80, 2.94, 316.05, 66.88, 0.01, 116.37, 77.31);
insert into SHOT values (1394, 1436, 1447, 3693, 3.22, 307.23, 49.90, 3.22, 307.15, 50.03, 0.01, 163.24, 54.20);
insert into SHOT values (1395, 1436, 1448, 3693, 4.69, 310.13, 30.60, 4.69, 310.17, 30.67, 0.01, 105.02, 20.77);
insert into SHOT values (1396, 1436, 1449, 3693, 5.21, 306.33, 16.90, 5.21, 306.34, 16.98, 0.01, 117.47, 38.39);
insert into SHOT values (1397, 1436, 1450, 3693, 6.21, 305.23, 6.20, 6.21, 305.24, 6.20, 0.00, 111.56, -11.72);
insert into SHOT values (1398, 1436, 1451, 3693, 5.79, 306.33, -8.30, 5.78, 306.33, -8.25, 0.01, 125.60, 39.35);
insert into SHOT values (1399, 1436, 1452, 3693, 6.01, 299.93, -0.20, 6.01, 299.93, -0.19, 0.00, 316.38, 24.79);
insert into SHOT values (1400, 1436, 1453, 3693, 2.52, 14.33, 1.10, 2.52, 14.48, 1.14, 0.01, 100.18, 13.86);
insert into SHOT values (1401, 1453, 1454, 3693, 0.58, 276.03, 4.60, 0.59, 275.91, 4.90, 0.01, 261.96, 34.26);
insert into SHOT values (1402, 1453, 1455, 3693, 0.69, 293.43, 47.20, 0.69, 292.71, 47.57, 0.01, 178.53, 30.20);
insert into SHOT values (1403, 1453, 1456, 3693, 0.62, 36.03, 77.50, 0.62, 36.03, 77.43, 0.01, 35.96, 68.79);
insert into SHOT values (1404, 1453, 1457, 3693, 0.55, 118.13, 76.90, 0.55, 118.61, 76.94, 0.00, 176.99, 74.06);
insert into SHOT values (1405, 1453, 1458, 3693, 1.27, 335.83, -77.00, 1.27, 335.22, -77.00, 0.00, 258.04, -39.57);
insert into SHOT values (1406, 1453, 1459, 3693, 3.21, 333.63, -9.10, 3.21, 333.60, -9.14, 0.00, 277.05, -47.72);
insert into SHOT values (1407, 1459, 1460, 3693, 1.15, 119.93, 0.80, 1.16, 120.11, 0.99, 0.01, 151.31, 28.76);
insert into SHOT values (1408, 1459, 1461, 3693, 1.73, 139.73, 6.80, 1.73, 139.72, 6.97, 0.01, 327.94, 81.12);
insert into SHOT values (1409, 1459, 1462, 3693, 0.78, 71.93, -6.60, 0.78, 72.03, -6.60, 0.00, 96.02, -5.84);
insert into SHOT values (1410, 1459, 1463, 3693, 6.06, 63.13, 0.20, 6.06, 63.10, 0.28, 0.01, 279.42, 57.25);
insert into SHOT values (1411, 1459, 1464, 3693, 5.01, 47.83, -3.50, 5.01, 47.83, -3.43, 0.01, 53.99, 51.00);
insert into SHOT values (1412, 1459, 1465, 3693, 0.34, 109.73, 20.60, 0.34, 110.14, 20.58, 0.00, 170.70, 8.18);
insert into SHOT values (1413, 1459, 1466, 3693, 0.75, 343.33, -83.40, 0.74, 339.44, -83.41, 0.01, 243.92, 40.61);
insert into SHOT values (1414, 1459, 1467, 3693, 0.78, 118.63, -68.00, 0.78, 118.30, -67.70, 0.00, 90.05, 42.24);
insert into SHOT values (1415, 1459, 1468, 3693, 0.96, 124.53, -50.80, 0.96, 124.99, -50.49, 0.01, 178.75, 32.95);
insert into SHOT values (1416, 1459, 1469, 3693, 1.23, 129.73, -32.80, 1.22, 129.88, -32.67, 0.01, 278.96, 50.38);
insert into SHOT values (1417, 1459, 1470, 3693, 3.54, 69.93, -5.70, 3.54, 69.92, -5.67, 0.00, 52.91, 41.28);
insert into SHOT values (1418, 1459, 1471, 3693, 4.20, 69.33, 0.00, 4.20, 69.36, 0.00, 0.00, 171.38, 0.00);
insert into SHOT values (1419, 1471, 1472, 3693, 3.06, 150.83, 30.10, 3.06, 150.82, 30.20, 0.01, 345.77, 73.14);
insert into SHOT values (1420, 1471, 1473, 3693, 8.24, 189.13, 50.50, 8.24, 189.12, 50.54, 0.01, 17.07, 19.46);
insert into SHOT values (1421, 1471, 1474, 3693, 2.95, 216.33, 32.40, 2.95, 216.36, 32.33, 0.01, 232.99, -7.06);
insert into SHOT values (1422, 1471, 1475, 3693, 2.72, 230.23, 33.10, 2.72, 230.16, 33.18, 0.01, 150.17, 59.91);
insert into SHOT values (1423, 1471, 1476, 3693, 2.02, 304.63, 42.30, 2.02, 304.65, 42.29, 0.00, 328.77, 23.69);
insert into SHOT values (1424, 1471, 1477, 3693, 1.72, 350.23, 46.90, 1.72, 350.22, 46.95, 0.00, 343.57, 65.28);
insert into SHOT values (1425, 1471, 1478, 3693, 1.83, 37.03, 43.20, 1.84, 36.78, 43.32, 0.01, 326.18, 50.38);
insert into SHOT values (1426, 1471, 1479, 3693, 1.61, 69.23, 33.50, 1.61, 68.99, 33.61, 0.01, 306.17, 11.90);
insert into SHOT values (1427, 1471, 1480, 3693, 2.11, 300.33, -7.60, 2.12, 300.35, -7.60, 0.01, 309.38, -8.67);
insert into SHOT values (1428, 1471, 1481, 3693, 3.23, 254.33, 3.30, 3.23, 254.37, 3.37, 0.01, 281.42, 37.32);
insert into SHOT values (1429, 1471, 1482, 3693, 3.64, 245.23, 7.20, 3.64, 245.28, 7.26, 0.01, 342.41, 48.92);
insert into SHOT values (1430, 1471, 1483, 3693, 2.54, 230.03, 12.50, 2.54, 230.08, 12.52, 0.00, 7.82, 4.53);
insert into SHOT values (1431, 1471, 1484, 3693, 2.58, 219.23, 16.30, 2.59, 219.27, 16.40, 0.01, 245.80, 53.56);
insert into SHOT values (1432, 1471, 1485, 3693, 1.71, 80.03, -10.50, 1.70, 80.03, -10.48, 0.01, 259.10, 14.95);
insert into SHOT values (1433, 1485, 1486, 3693, 1.71, 82.73, -7.90, 1.71, 82.54, -7.73, 0.01, 358.49, 41.86);
insert into SHOT values (1434, 1485, 1487, 3693, 1.98, 156.93, 0.40, 1.98, 156.80, 0.58, 0.01, 68.81, 54.62);
insert into SHOT values (1435, 1485, 1488, 3693, 1.52, 178.93, 7.00, 1.52, 178.86, 7.17, 0.01, 131.80, 63.32);
insert into SHOT values (1436, 1485, 1489, 3693, 1.39, 218.63, 10.40, 1.39, 218.46, 10.37, 0.00, 119.36, -13.02);
insert into SHOT values (1437, 1485, 1490, 3693, 1.33, 247.73, 7.20, 1.33, 247.71, 7.35, 0.00, 84.98, 71.96);
insert into SHOT values (1438, 1485, 1491, 3693, 2.21, 326.23, 10.90, 2.21, 326.46, 10.95, 0.01, 46.30, 13.46);
insert into SHOT values (1439, 1485, 1492, 3693, 1.47, 293.23, -89.20, 1.47, 315.00, -89.45, 0.01, 77.86, -0.91);
insert into SHOT values (1440, 1485, 1493, 3693, 2.88, 123.73, -67.60, 2.88, 123.55, -67.46, 0.01, 94.87, 20.32);
insert into SHOT values (1441, 1485, 1494, 3693, 3.94, 119.43, -48.50, 3.94, 119.31, -48.45, 0.01, 65.96, 7.51);
insert into SHOT values (1442, 1485, 1495, 3693, 4.68, 122.13, -40.90, 4.68, 122.07, -40.84, 0.01, 73.93, 42.94);
insert into SHOT values (1443, 1485, 1496, 3693, 4.75, 119.43, -34.10, 4.75, 119.37, -34.05, 0.01, 58.79, 31.60);
insert into SHOT values (1444, 1496, 1497, 3693, 1.26, 189.83, 21.00, 1.26, 189.78, 20.92, 0.00, 140.27, -51.26);
insert into SHOT values (1445, 1496, 1498, 3693, 1.11, 221.73, 35.60, 1.11, 221.85, 35.86, 0.01, 11.55, 46.48);
insert into SHOT values (1446, 1496, 1499, 3693, 1.58, 251.43, 29.00, 1.58, 251.43, 29.13, 0.00, 333.15, 88.03);
insert into SHOT values (1447, 1496, 1500, 3693, 2.39, 263.83, 20.40, 2.39, 263.86, 20.31, 0.00, 286.08, -45.85);
insert into SHOT values (1448, 1496, 1501, 3693, 2.69, 275.63, 13.80, 2.69, 275.71, 13.76, 0.00, 356.34, -23.52);
insert into SHOT values (1449, 1496, 1502, 3693, 4.07, 280.33, 10.10, 4.07, 280.36, 10.05, 0.00, 51.27, -55.56);
insert into SHOT values (1450, 1496, 1503, 3693, 3.98, 288.33, 10.00, 3.98, 288.30, 9.99, 0.00, 164.64, -23.02);
insert into SHOT values (1451, 1496, 1504, 3693, 4.01, 256.63, 5.80, 4.01, 256.66, 5.73, 0.01, 26.57, -60.63);
insert into SHOT values (1452, 1496, 1505, 3693, 1.28, 22.03, 1.20, 1.28, 21.97, 1.34, 0.00, 0.35, 40.79);
insert into SHOT values (1453, 1496, 1506, 3693, 1.30, 54.53, 4.00, 1.30, 54.72, 3.96, 0.00, 123.51, -8.41);
insert into SHOT values (1454, 1496, 1507, 3693, 1.89, 68.93, 0.50, 1.89, 68.88, 0.61, 0.01, 278.06, 44.36);
insert into SHOT values (1455, 1496, 1508, 3693, 2.38, 79.33, 0.70, 2.38, 79.35, 0.72, 0.00, 117.57, 31.46);
insert into SHOT values (1456, 1496, 1509, 3693, 2.62, 77.43, -2.60, 2.62, 77.40, -2.63, 0.00, 273.95, -14.14);
insert into SHOT values (1457, 1496, 1510, 3693, 1.68, 56.83, 3.00, 1.68, 56.69, 3.08, 0.01, 295.51, 23.58);
insert into SHOT values (1458, 1510, 1511, 3693, 1.67, 62.13, 2.80, 1.67, 62.21, 2.74, 0.01, 87.72, -16.04);
insert into SHOT values (1459, 1510, 1512, 3693, 4.00, 149.03, -38.20, 4.01, 149.04, -38.22, 0.01, 153.75, -50.20);
insert into SHOT values (1460, 1512, 1513, 3693, 1.49, 23.03, 3.40, 1.49, 22.95, 3.46, 0.00, 301.98, 36.97);
insert into SHOT values (1461, 1512, 1514, 3693, 5.40, 53.93, -1.50, 5.41, 53.96, -1.48, 0.01, 76.85, 11.02);
insert into SHOT values (1462, 1512, 1515, 3693, 4.74, 66.43, -5.10, 4.74, 66.42, -5.08, 0.00, 53.58, 22.02);
insert into SHOT values (1463, 1512, 1516, 3693, 4.31, 75.83, -8.90, 4.31, 75.87, -8.81, 0.01, 149.40, 66.82);
insert into SHOT values (1464, 1512, 1517, 3693, 4.09, 87.43, -13.70, 4.09, 87.40, -13.72, 0.00, 12.13, -37.39);
insert into SHOT values (1465, 1512, 1518, 3693, 4.04, 95.73, -20.90, 4.04, 95.62, -20.86, 0.01, 34.80, 8.51);
insert into SHOT values (1466, 1512, 1519, 3693, 3.92, 106.03, -16.50, 3.92, 106.07, -16.46, 0.00, 228.03, 45.27);
insert into SHOT values (1467, 1512, 1520, 3693, 6.50, 51.13, 81.80, 6.51, 51.15, 81.83, 0.01, 224.47, 68.43);
insert into SHOT values (1468, 1512, 1521, 3693, 10.28, 34.83, 82.10, 10.29, 34.93, 82.10, 0.01, 86.77, 68.01);
insert into SHOT values (1469, 1512, 1522, 3693, 6.42, 345.83, 83.00, 6.43, 345.96, 83.00, 0.01, 47.78, 75.04);
insert into SHOT values (1470, 1512, 1523, 3693, 4.97, 352.43, 58.10, 4.97, 352.58, 58.05, 0.01, 42.75, 3.91);
insert into SHOT values (1471, 1512, 1524, 3693, 2.58, 293.43, 19.20, 2.58, 293.51, 19.27, 0.01, 77.48, 14.82);
insert into SHOT values (1472, 1512, 1525, 3693, 3.12, 309.93, 15.40, 3.12, 310.00, 15.45, 0.01, 95.19, 12.35);
insert into SHOT values (1473, 1512, 1526, 3693, 3.40, 49.13, -37.50, 3.40, 49.05, -37.47, 0.00, 3.36, -2.46);
insert into SHOT values (1474, 1526, 1527, 3693, 1.79, 102.43, 4.00, 1.80, 102.56, 4.15, 0.01, 132.57, 31.37);
insert into SHOT values (1475, 1526, 1528, 3693, 2.33, 140.23, 5.40, 2.34, 140.23, 5.40, 0.01, 139.64, 4.46);
insert into SHOT values (1476, 1526, 1529, 3693, 3.65, 162.03, 6.60, 3.65, 162.01, 6.60, 0.00, 130.90, 15.98);
insert into SHOT values (1477, 1526, 1530, 3693, 12.59, 187.03, 0.50, 12.59, 187.02, 0.50, 0.01, 174.97, 1.49);
insert into SHOT values (1478, 1526, 1531, 3693, 3.91, 195.23, 1.80, 3.91, 195.14, 1.91, 0.01, 82.60, 47.55);
insert into SHOT values (1479, 1526, 1532, 3693, 3.11, 212.23, 3.00, 3.11, 212.10, 3.13, 0.01, 113.78, 46.55);
insert into SHOT values (1480, 1526, 1533, 3693, 2.56, 237.83, -1.90, 2.56, 237.61, -1.79, 0.01, 143.16, 27.01);
insert into SHOT values (1481, 1526, 1534, 3693, 2.11, 260.53, -1.60, 2.11, 260.45, -1.63, 0.00, 171.74, -20.24);
insert into SHOT values (1482, 1526, 1535, 3693, 1.93, 258.43, 0.40, 1.93, 258.34, 0.59, 0.01, 165.78, 65.65);
insert into SHOT values (1483, 1526, 1536, 3693, 2.38, 78.03, 86.50, 2.38, 77.91, 86.56, 0.00, 266.29, 64.26);
insert into SHOT values (1484, 1526, 1537, 3693, 3.61, 302.93, 65.60, 3.61, 302.94, 65.64, 0.00, 110.82, 52.71);
insert into SHOT values (1485, 1526, 1538, 3693, 2.93, 301.83, 44.30, 2.93, 301.72, 44.41, 0.01, 164.26, 30.74);
insert into SHOT values (1486, 1526, 1539, 3693, 2.30, 314.33, 39.30, 2.30, 314.32, 39.44, 0.01, 139.08, 33.43);
insert into SHOT values (1487, 1526, 1540, 3693, 1.87, 293.83, 18.90, 1.87, 293.67, 19.03, 0.01, 198.91, 40.45);
insert into SHOT values (1488, 1526, 1541, 3693, 1.88, 294.13, 4.70, 1.88, 293.96, 4.89, 0.01, 180.20, 45.15);
insert into SHOT values (1489, 1526, 1542, 3693, 8.43, 359.23, 43.50, 8.43, 359.25, 43.56, 0.01, 151.54, 55.39);
insert into SHOT values (1490, 1542, 1543, 3693, 1.28, 13.53, -7.50, 1.29, 13.60, -7.59, 0.01, 26.98, -22.94);
insert into SHOT values (1491, 1542, 1544, 3693, 4.02, 26.13, -6.00, 4.02, 26.12, -6.00, 0.00, 311.92, 13.37);
insert into SHOT values (1492, 1542, 1545, 3693, 26.33, 27.13, -10.80, 26.33, 27.12, -10.81, 0.01, 296.39, -58.66);
insert into SHOT values (1493, 1542, 1546, 3693, 25.10, 31.53, -10.50, 25.11, 31.53, -10.51, 0.01, 52.40, -46.01);
insert into SHOT values (1494, 1542, 1547, 3693, 6.92, 36.53, -9.00, 6.92, 36.55, -9.06, 0.01, 140.80, -69.24);
insert into SHOT values (1495, 1542, 1548, 3693, 4.13, 57.53, -5.30, 4.13, 57.51, -5.28, 0.00, 15.44, 33.72);
insert into SHOT values (1496, 1542, 1549, 3693, 3.38, 71.33, -5.90, 3.38, 71.24, -5.95, 0.01, 305.30, -22.12);
insert into SHOT values (1497, 1542, 1550, 3693, 2.89, 89.23, 0.70, 2.89, 89.21, 0.59, 0.01, 23.88, -77.46);
insert into SHOT values (1498, 1542, 1551, 3693, 1.53, 219.53, -80.50, 1.53, 220.10, -80.66, 0.00, 8.58, -11.51);
insert into SHOT values (1499, 1542, 1552, 3693, 2.00, 21.93, -61.70, 2.00, 21.69, -61.72, 0.00, 275.89, 13.06);
insert into SHOT values (1500, 1542, 1553, 3693, 3.33, 32.13, -53.30, 3.33, 32.10, -53.23, 0.00, 19.30, -1.01);
insert into SHOT values (1501, 1542, 1554, 3693, 4.01, 34.63, -45.40, 4.02, 34.59, -45.42, 0.01, 0.29, -56.68);
insert into SHOT values (1502, 1542, 1555, 3693, 6.02, 28.03, -36.30, 6.02, 28.04, -36.36, 0.01, 176.66, -66.33);
insert into SHOT values (1503, 1542, 1556, 3693, 6.31, 28.13, -36.40, 6.31, 28.08, -36.45, 0.01, 282.31, -50.67);
insert into SHOT values (1504, 1556, 1557, 3693, 18.57, 5.43, 0.60, 18.57, 5.44, 0.62, 0.01, 38.18, 45.40);
insert into SHOT values (1505, 1556, 1558, 3693, 23.79, 17.53, -0.80, 23.79, 17.54, -0.79, 0.01, 119.13, 18.30);
insert into SHOT values (1506, 1556, 1559, 3693, 20.40, 32.73, -0.60, 20.40, 32.73, -0.59, 0.00, 109.52, 70.25);
insert into SHOT values (1507, 1556, 1560, 3693, 18.20, 43.43, -1.50, 18.20, 43.44, -1.48, 0.01, 136.87, 57.78);
insert into SHOT values (1508, 1556, 1561, 3693, 1.84, 66.13, -2.10, 1.85, 66.35, -2.17, 0.01, 115.82, -15.20);
insert into SHOT values (1509, 1556, 1562, 3693, 1.95, 108.23, 1.30, 1.96, 108.16, 1.46, 0.01, 91.30, 34.65);
insert into SHOT values (1510, 1556, 1563, 3693, 2.33, 128.83, 1.60, 2.33, 128.74, 1.72, 0.01, 86.78, 41.53);
insert into SHOT values (1511, 1556, 1564, 3693, 3.34, 158.93, 9.00, 3.34, 158.88, 8.95, 0.00, 113.53, -30.14);
insert into SHOT values (1512, 1556, 1565, 3693, 3.94, 140.33, 37.90, 3.94, 140.22, 37.89, 0.01, 59.99, -2.68);
insert into SHOT values (1513, 1556, 1566, 3693, 6.06, 162.63, 78.40, 6.06, 162.31, 78.42, 0.01, 64.48, 28.85);
insert into SHOT values (1514, 1556, 1567, 3693, 15.01, 12.33, -49.10, 15.01, 12.34, -49.09, 0.01, 121.84, 69.88);
insert into SCRAPS values (3694, 3691, 'moonraker-p1', 1);
 insert into SCRAPS values (3737, 3691, 'moonraker-p3', 1);
 insert into SCRAPS values (3766, 3691, 'moonraker-p4', 1);
 insert into SCRAPS values (3779, 3691, 'moonraker-p2', 1);
 insert into MAPS values (3825, 3691, 'm4p', NULL, 1, 129.440, 26.760);
 insert into MAPITEMS values (3825, 4, 3766);
 insert into MAPS values (3826, 3691, 'm1p', NULL, 1, 129.440, 26.760);
 insert into MAPITEMS values (3826, 4, 3694);
 insert into MAPS values (3827, 3691, 'm2p', NULL, 1, 129.440, 26.760);
 insert into MAPITEMS values (3827, 4, 3779);
 insert into MAPS values (3828, 3691, 'm3p', NULL, 1, 129.440, 26.760);
 insert into MAPITEMS values (3828, 4, 3737);
 insert into SURVEY values (3832, 22, 'moonraker_2', 'moonraker_2.primadona.sistem_prima', 'Moonraker_2');
 insert into CENTRELINE values (3833, 3832, NULL, NULL, NULL, 0.00, 0.00, 0.00);
 insert into CENTRELINE values (3834, 3832, NULL, '2018-07-28', NULL, 48.55, 0.00, 0.00);
 insert into TOPO values (17, 3834);
 insert into TOPO values (25, 3834);
 insert into PERSON values (32, 'Iztok', 'Mozir');
insert into EXPLO values (32, 3834);
 insert into EXPLO values (17, 3834);
 insert into EXPLO values (25, 3834);
 insert into SHOT values (1515, 1568, 1569, 3834, 2.71, 98.73, -2.40, 2.71, 98.70, -2.32, 0.01, 76.76, 42.24);
insert into SHOT values (1516, 1568, 1570, 3834, 1.09, 90.53, 18.40, 1.10, 90.55, 18.60, 0.01, 94.60, 45.76);
insert into SHOT values (1517, 1568, 1571, 3834, 0.64, 68.93, 39.10, 0.65, 69.04, 39.17, 0.01, 77.68, 43.56);
insert into SHOT values (1518, 1568, 1572, 3834, 0.65, 350.73, 72.20, 0.65, 351.47, 71.93, 0.00, 27.35, 14.28);
insert into SHOT values (1519, 1568, 1573, 3834, 0.36, 15.53, 11.40, 0.36, 16.39, 11.17, 0.01, 90.17, -11.83);
insert into SHOT values (1520, 1568, 1574, 3834, 8.82, 187.63, 0.00, 8.82, 187.62, 0.00, 0.00, 22.83, 0.00);
insert into SHOT values (1521, 1574, 1575, 3834, 1.53, 70.73, 0.70, 1.54, 70.62, 0.75, 0.01, 49.09, 9.60);
insert into SHOT values (1522, 1574, 1576, 3834, 1.58, 92.13, -0.70, 1.58, 92.17, -0.72, 0.00, 137.71, -21.23);
insert into SHOT values (1523, 1574, 1577, 3834, 1.25, 218.23, 4.90, 1.25, 218.16, 5.04, 0.00, 157.94, 61.14);
insert into SHOT values (1524, 1574, 1578, 3834, 0.47, 281.63, -5.60, 0.47, 281.07, -4.88, 0.01, 203.29, 51.52);
insert into SHOT values (1525, 1574, 1579, 3834, 1.27, 109.13, 86.10, 1.27, 110.56, 86.15, 0.00, 223.53, 51.52);
insert into SHOT values (1526, 1574, 1580, 3834, 1.50, 103.33, 55.30, 1.51, 103.55, 55.45, 0.01, 196.29, 64.22);
insert into SHOT values (1527, 1574, 1581, 3834, 1.32, 91.93, 29.40, 1.32, 91.99, 29.46, 0.00, 153.54, 54.03);
insert into SHOT values (1528, 1574, 1582, 3834, 1.90, 124.63, 3.70, 1.90, 124.70, 3.92, 0.01, 183.72, 70.75);
insert into SHOT values (1529, 1574, 1583, 3834, 2.95, 195.53, -4.80, 2.95, 195.60, -4.67, 0.01, 307.97, 60.84);
insert into SHOT values (1530, 1583, 1584, 3834, 0.64, 91.63, -5.40, 0.64, 91.79, -5.35, 0.00, 121.46, 3.61);
insert into SHOT values (1531, 1583, 1585, 3834, 0.98, 130.93, 42.40, 0.98, 131.11, 42.12, 0.01, 151.29, -6.92);
insert into SHOT values (1532, 1583, 1586, 3834, 1.57, 107.63, -39.70, 1.58, 107.69, -39.68, 0.01, 115.50, -36.30);
insert into SHOT values (1533, 1583, 1587, 3834, 1.69, 105.53, -51.80, 1.69, 105.49, -51.76, 0.00, 93.94, -31.99);
insert into SHOT values (1534, 1583, 1588, 3834, 8.01, 187.13, -7.40, 8.01, 187.09, -7.46, 0.01, 71.63, -54.29);
insert into SHOT values (1535, 1588, 1589, 3834, 0.61, 102.53, 2.20, 0.61, 103.35, 2.83, 0.01, 212.93, 35.40);
insert into SHOT values (1536, 1588, 1590, 3834, 1.07, 222.73, 62.60, 1.07, 222.58, 62.12, 0.01, 215.40, 0.21);
insert into SHOT values (1537, 1588, 1591, 3834, 1.20, 274.73, 23.30, 1.20, 274.68, 23.50, 0.01, 242.25, 71.15);
insert into SHOT values (1538, 1588, 1592, 3834, 1.58, 283.43, -0.80, 1.58, 283.16, -0.72, 0.01, 205.91, 15.06);
insert into SHOT values (1539, 1588, 1593, 3834, 1.01, 271.73, 38.70, 1.02, 271.45, 39.00, 0.01, 209.38, 63.02);
insert into SHOT values (1540, 1588, 1594, 3834, 4.27, 187.13, 5.70, 4.27, 187.16, 5.77, 0.01, 214.82, 50.80);
insert into SHOT values (1541, 1594, 1595, 3834, 4.12, 187.03, 5.20, 4.12, 187.00, 5.16, 0.00, 42.76, -48.50);
insert into SHOT values (1542, 1594, 1596, 3834, 4.05, 186.83, 6.80, 4.05, 186.86, 6.81, 0.00, 328.00, 7.51);
insert into SHOT values (1543, 1594, 1597, 3834, 0.73, 93.03, -4.40, 0.73, 93.14, -4.69, 0.01, 116.05, -48.57);
insert into SHOT values (1544, 1594, 1598, 3834, 1.21, 83.43, -26.30, 1.21, 83.66, -26.42, 0.01, 150.15, -39.10);
insert into SHOT values (1545, 1594, 1599, 3834, 0.90, 115.93, 86.80, 0.90, 111.80, 86.58, 0.01, 67.79, 15.09);
insert into SHOT values (1546, 1594, 1600, 3834, 1.44, 272.03, 9.50, 1.44, 272.02, 9.59, 0.00, 247.31, 73.47);
insert into SHOT values (1547, 1594, 1601, 3834, 1.60, 280.73, -17.00, 1.60, 280.57, -17.12, 0.01, 145.30, -20.58);
insert into SHOT values (1548, 1594, 1602, 3834, 1.58, 281.03, 17.80, 1.58, 281.09, 17.65, 0.01, 303.07, -36.33);
insert into SHOT values (1549, 1594, 1603, 3834, 3.47, 179.13, 49.60, 3.47, 178.98, 49.56, 0.01, 102.52, -23.18);
insert into SHOT values (1550, 1594, 1604, 3834, 3.41, 178.03, 50.20, 3.41, 177.90, 50.22, 0.01, 73.17, 1.71);
insert into SHOT values (1551, 1605, 1606, 3834, 6.56, 286.73, -50.40, 6.55, 286.83, -50.39, 0.01, 35.26, 30.13);
insert into SHOT values (1552, 1604, 1605, 3834, 6.64, 285.23, -50.30, 6.64, 285.15, -50.27, 0.01, 241.52, -7.91);
insert into SHOT values (1553, 1605, 1607, 3834, 6.65, 277.93, -51.60, 6.65, 277.93, -51.60, 0.00, 77.89, 53.01);
insert into SHOT values (1554, 1604, 1608, 3834, 5.75, 169.13, 7.30, 5.75, 169.18, 7.30, 0.01, 280.19, -6.10);
insert into SHOT values (1555, 1608, 1609, 3834, 0.81, 92.53, 5.80, 0.81, 92.83, 5.63, 0.01, 132.07, -15.61);
insert into SHOT values (1556, 1608, 1610, 3834, 1.17, 85.73, -13.30, 1.17, 85.99, -13.29, 0.01, 136.64, -7.25);
insert into SHOT values (1557, 1608, 1611, 3834, 0.43, 268.23, -13.20, 0.43, 267.27, -13.38, 0.01, 192.47, -14.05);
insert into SHOT values (1558, 1608, 1612, 3834, 1.16, 255.03, -36.10, 1.15, 255.07, -36.13, 0.01, 68.60, 30.64);
insert into SHOT values (1559, 1608, 1613, 3834, 0.72, 69.53, -81.40, 0.72, 73.30, -81.63, 0.01, 186.45, 13.89);
insert into SHOT values (1560, 1608, 1614, 3834, 0.93, 10.23, -77.60, 0.93, 11.89, -77.96, 0.01, 145.20, -12.03);
insert into SHOT values (1561, 1608, 1615, 3834, 7.05, 188.33, -5.60, 7.06, 188.27, -5.61, 0.01, 140.56, -11.66);
insert into SHOT values (1562, 1615, 1616, 3834, 0.82, 119.73, 0.30, 0.81, 119.40, 0.70, 0.01, 342.66, 39.44);
insert into SHOT values (1563, 1615, 1617, 3834, 0.60, 133.03, 65.60, 0.60, 131.63, 66.35, 0.01, 352.56, 21.30);
insert into SHOT values (1564, 1615, 1618, 3834, 3.01, 207.93, 85.20, 3.01, 208.61, 85.22, 0.00, 321.29, 9.72);
insert into SHOT values (1565, 1615, 1619, 3834, 5.08, 292.53, 78.70, 5.08, 292.97, 78.65, 0.01, 356.33, -10.00);
insert into SHOT values (1566, 1615, 1620, 3834, 6.26, 283.13, 45.30, 6.26, 283.25, 45.28, 0.01, 349.49, 2.25);
insert into SHOT values (1567, 1615, 1621, 3834, 1.65, 288.13, 19.60, 1.65, 288.32, 19.43, 0.01, 336.52, -26.76);
insert into SHOT values (1568, 1621, 1622, 3834, 1.64, 289.43, 20.10, 1.64, 289.38, 20.35, 0.01, 133.36, 62.53);
insert into SCRAPS values (3835, 3832, 'moonraker_2-p1', 1);
 insert into MAPS values (3861, 3832, 'm1p', NULL, 1, 48.550, 5.840);
 insert into MAPITEMS values (3861, 4, 3835);
 insert into SURVEY values (3863, 22, 'the_aqueduct', 'the_aqueduct.primadona.sistem_prima', 'The_Aqueduct');
 insert into CENTRELINE values (3864, 3863, NULL, NULL, NULL, 0.00, 0.00, 0.00);
 insert into CENTRELINE values (3865, 3863, NULL, '2018-08-06', NULL, 183.19, 0.00, 0.00);
 insert into SHOT values (1569, 1623, 1624, 3865, 0.48, 358.63, 86.00, 0.48, 0.00, 86.42, 0.00, 167.03, 18.16);
insert into SHOT values (1570, 1623, 1625, 3865, 0.63, 290.23, 62.40, 0.63, 290.32, 62.79, 0.00, 103.58, 23.03);
insert into SHOT values (1571, 1623, 1626, 3865, 0.48, 103.63, 21.90, 0.49, 102.80, 21.75, 0.01, 55.37, 6.31);
insert into SHOT values (1572, 1623, 1627, 3865, 0.81, 95.93, -3.10, 0.81, 95.64, -2.81, 0.01, 57.01, 30.05);
insert into SHOT values (1573, 1623, 1628, 3865, 1.29, 92.93, -19.80, 1.29, 92.84, -19.54, 0.01, 313.95, 66.83);
insert into SHOT values (1574, 1623, 1629, 3865, 1.58, 10.03, 3.90, 1.58, 10.24, 3.99, 0.01, 112.48, 23.38);
insert into SHOT values (1575, 1623, 1630, 3865, 1.39, 45.33, -4.30, 1.39, 45.58, -4.13, 0.01, 136.26, 34.56);
insert into SHOT values (1576, 1623, 1631, 3865, 1.61, 63.13, -12.90, 1.61, 63.11, -12.92, 0.00, 4.30, -37.72);
insert into SHOT values (1577, 1623, 1632, 3865, 1.08, 137.73, 0.60, 1.08, 137.62, 0.53, 0.00, 103.11, -19.39);
insert into SHOT values (1578, 1623, 1633, 3865, 1.60, 174.13, -1.70, 1.60, 173.90, -1.43, 0.01, 81.97, 48.78);
insert into SHOT values (1579, 1623, 1634, 3865, 2.27, 191.53, 1.80, 2.27, 191.46, 1.77, 0.00, 49.10, -15.46);
insert into SHOT values (1580, 1623, 1635, 3865, 9.78, 202.73, -2.60, 9.78, 202.71, -2.58, 0.01, 78.42, 34.45);
insert into SHOT values (1581, 1623, 1636, 3865, 11.86, 198.93, -2.40, 11.86, 198.91, -2.37, 0.01, 107.23, 55.08);
insert into SHOT values (1582, 1623, 1637, 3865, 2.20, 204.93, -2.40, 2.19, 204.81, -2.35, 0.01, 63.72, 16.21);
insert into SHOT values (1583, 1623, 1638, 3865, 1.10, 212.13, -2.00, 1.10, 211.95, -1.57, 0.01, 78.60, 60.29);
insert into SHOT values (1584, 1623, 1639, 3865, 0.68, 214.73, -0.70, 0.68, 214.16, 0.00, 0.01, 99.20, 47.99);
insert into SHOT values (1585, 1623, 1640, 3865, 7.59, 204.63, -2.50, 7.59, 204.64, -2.49, 0.00, 6.92, 20.77);
insert into SHOT values (1586, 1623, 1641, 3865, 3.12, 190.53, -2.60, 3.12, 190.55, -2.58, 0.00, 355.57, 19.62);
insert into SHOT values (1587, 1623, 1642, 3865, 3.58, 194.73, -2.40, 3.58, 194.74, -2.40, 0.00, 212.03, -5.75);
insert into SHOT values (1588, 1623, 1643, 3865, 6.02, 196.93, -2.10, 6.01, 196.93, -2.10, 0.01, 21.12, 6.10);
insert into SHOT values (1589, 1623, 1644, 3865, 1.75, 65.03, -20.00, 1.74, 65.15, -19.76, 0.01, 190.47, 63.62);
insert into SHOT values (1590, 1644, 1645, 3865, 1.20, 279.43, 5.10, 1.20, 279.62, 4.78, 0.01, 347.63, -57.59);
insert into SHOT values (1591, 1644, 1646, 3865, 1.24, 316.73, 1.90, 1.25, 316.95, 1.84, 0.01, 355.88, -8.31);
insert into SHOT values (1592, 1644, 1647, 3865, 1.56, 334.23, 3.90, 1.56, 334.58, 3.67, 0.01, 38.30, -29.74);
insert into SHOT values (1593, 1644, 1648, 3865, 2.12, 321.23, 4.70, 2.12, 321.34, 4.60, 0.01, 49.01, -42.73);
insert into SHOT values (1594, 1644, 1649, 3865, 0.28, 287.03, 19.40, 0.28, 287.74, 18.93, 0.00, 43.61, -39.44);
insert into SHOT values (1595, 1644, 1650, 3865, 0.80, 296.83, 14.70, 0.80, 296.90, 14.49, 0.00, 34.78, -73.61);
insert into SHOT values (1596, 1644, 1651, 3865, 0.53, 117.13, -84.40, 0.53, 111.80, -84.20, 0.01, 47.93, -25.30);
insert into SHOT values (1597, 1644, 1652, 3865, 0.74, 104.43, -78.70, 0.74, 102.09, -78.90, 0.01, 356.04, -35.23);
insert into SHOT values (1598, 1644, 1653, 3865, 3.80, 358.73, 3.80, 3.81, 358.79, 3.76, 0.01, 23.03, -10.34);
insert into SHOT values (1599, 1653, 1654, 3865, 2.05, 199.53, 1.50, 2.06, 199.58, 1.39, 0.01, 209.47, -20.30);
insert into SHOT values (1600, 1653, 1655, 3865, 3.98, 189.83, -5.20, 3.98, 189.87, -5.18, 0.01, 215.02, 7.30);
insert into SHOT values (1601, 1653, 1656, 3865, 3.86, 193.23, -4.00, 3.86, 193.21, -4.01, 0.00, 140.42, -19.37);
insert into SHOT values (1602, 1653, 1657, 3865, 3.59, 177.03, -6.70, 3.60, 177.11, -6.70, 0.01, 206.57, -6.32);
insert into SHOT values (1603, 1653, 1658, 3865, 2.41, 165.83, -9.80, 2.42, 165.91, -9.77, 0.01, 189.97, 1.56);
insert into SHOT values (1604, 1653, 1659, 3865, 1.75, 154.13, -15.20, 1.75, 154.04, -15.22, 0.00, 97.94, -20.06);
insert into SHOT values (1605, 1653, 1660, 3865, 1.54, 145.23, -19.80, 1.55, 145.33, -19.62, 0.01, 159.13, 9.03);
insert into SHOT values (1606, 1653, 1661, 3865, 0.98, 113.13, -11.50, 0.98, 113.36, -11.79, 0.01, 228.68, -48.02);
insert into SHOT values (1607, 1653, 1662, 3865, 1.15, 97.93, -14.40, 1.15, 98.28, -14.62, 0.01, 207.04, -29.53);
insert into SHOT values (1608, 1653, 1663, 3865, 1.63, 58.53, -14.50, 1.63, 58.73, -14.55, 0.01, 133.49, -18.77);
insert into SHOT values (1609, 1653, 1664, 3865, 2.90, 38.03, -14.20, 2.90, 38.05, -14.20, 0.01, 205.00, 15.79);
insert into SHOT values (1610, 1653, 1665, 3865, 6.56, 17.73, -4.80, 6.55, 17.74, -4.81, 0.01, 187.71, -9.36);
insert into SHOT values (1611, 1665, 1666, 3865, 6.49, 199.53, 3.90, 6.49, 199.50, 3.89, 0.01, 63.19, -14.98);
insert into SHOT values (1612, 1665, 1667, 3865, 5.88, 192.23, -2.70, 5.88, 192.19, -2.73, 0.01, 88.10, -34.67);
insert into SHOT values (1613, 1665, 1668, 3865, 4.76, 184.23, -12.40, 4.75, 184.20, -12.39, 0.01, 25.66, 17.06);
insert into SHOT values (1614, 1665, 1669, 3865, 3.17, 175.63, -22.90, 3.17, 175.68, -23.02, 0.01, 304.48, -65.47);
insert into SHOT values (1615, 1665, 1670, 3865, 1.90, 152.53, -36.20, 1.90, 152.43, -36.13, 0.00, 82.33, 37.47);
insert into SHOT values (1616, 1665, 1671, 3865, 2.76, 100.33, -53.90, 2.76, 100.27, -53.90, 0.00, 6.38, 1.81);
insert into SHOT values (1617, 1665, 1672, 3865, 3.33, 58.43, -49.00, 3.34, 58.27, -49.05, 0.01, 347.65, -46.68);
insert into SHOT values (1618, 1665, 1673, 3865, 0.14, 42.33, -39.10, 0.14, 41.19, -40.25, 0.00, 264.26, -28.20);
insert into SHOT values (1619, 1665, 1674, 3865, 0.14, 43.03, -37.50, 0.14, 45.00, -38.50, 0.01, 105.79, -47.52);
insert into SHOT values (1620, 1665, 1675, 3865, 4.40, 43.13, -37.50, 4.40, 43.14, -37.48, 0.00, 54.29, -18.77);
insert into SHOT values (1621, 1665, 1676, 3865, 0.12, 43.33, -37.70, 0.13, 45.00, -38.94, 0.01, 79.07, -53.28);
insert into SHOT values (1622, 1665, 1677, 3865, 6.30, 44.03, -36.90, 6.30, 44.03, -36.90, 0.00, 218.37, 44.32);
insert into SHOT values (1623, 1677, 1678, 3865, 0.93, 294.93, 6.80, 0.93, 294.90, 6.77, 0.00, 285.75, -2.46);
insert into SHOT values (1624, 1677, 1679, 3865, 1.19, 337.23, -3.20, 1.19, 337.31, -3.36, 0.01, 357.74, -38.79);
insert into SHOT values (1625, 1677, 1680, 3865, 2.07, 357.33, -8.90, 2.08, 357.49, -8.86, 0.01, 36.15, 1.62);
insert into SHOT values (1626, 1677, 1681, 3865, 3.36, 348.93, -3.20, 3.37, 349.02, -3.24, 0.01, 27.98, -15.74);
insert into SHOT values (1627, 1677, 1682, 3865, 1.18, 268.43, 24.40, 1.17, 268.39, 24.15, 0.01, 97.90, -60.37);
insert into SHOT values (1628, 1677, 1683, 3865, 0.51, 280.63, 79.00, 0.51, 282.53, 79.55, 0.01, 70.06, -5.99);
insert into SHOT values (1629, 1677, 1684, 3865, 1.01, 280.93, 61.80, 1.01, 280.84, 61.73, 0.00, 249.86, -4.52);
insert into SHOT values (1630, 1677, 1685, 3865, 2.24, 275.93, 56.40, 2.23, 276.03, 56.38, 0.01, 57.27, -58.50);
insert into SHOT values (1631, 1677, 1686, 3865, 1.58, 279.33, 45.20, 1.58, 279.29, 45.14, 0.00, 249.80, -36.74);
insert into SHOT values (1632, 1677, 1687, 3865, 1.26, 289.63, 31.20, 1.26, 290.12, 31.14, 0.01, 32.88, -16.08);
insert into SHOT values (1633, 1677, 1688, 3865, 1.03, 295.63, 12.10, 1.03, 295.80, 11.74, 0.01, 335.40, -51.05);
insert into SHOT values (1634, 1677, 1689, 3865, 0.86, 308.03, -6.70, 0.86, 308.35, -7.34, 0.01, 36.27, -64.13);
insert into SHOT values (1635, 1677, 1690, 3865, 6.55, 11.33, -12.00, 6.56, 11.33, -12.06, 0.01, 8.21, -45.26);
insert into SHOT values (1636, 1690, 1691, 3865, 0.88, 117.83, -1.10, 0.88, 117.73, -0.65, 0.01, 68.30, 73.17);
insert into SHOT values (1637, 1690, 1692, 3865, 1.32, 152.93, 4.60, 1.33, 153.05, 4.75, 0.01, 171.45, 26.03);
insert into SHOT values (1638, 1690, 1693, 3865, 1.84, 172.43, 4.70, 1.84, 172.49, 4.67, 0.00, 215.40, -16.11);
insert into SHOT values (1639, 1690, 1694, 3865, 2.48, 184.03, 6.30, 2.48, 183.95, 6.48, 0.01, 108.07, 66.18);
insert into SHOT values (1640, 1690, 1695, 3865, 9.17, 197.83, 10.80, 9.18, 197.83, 10.80, 0.01, 198.62, 17.55);
insert into SHOT values (1641, 1690, 1696, 3865, 3.58, 194.53, 11.50, 3.59, 194.51, 11.59, 0.01, 176.84, 56.79);
insert into SHOT values (1642, 1690, 1697, 3865, 2.69, 186.83, 8.50, 2.70, 186.89, 8.52, 0.01, 202.79, 14.65);
insert into SHOT values (1643, 1690, 1698, 3865, 1.47, 51.93, -4.10, 1.47, 52.19, -3.90, 0.01, 125.80, 36.12);
insert into SHOT values (1644, 1690, 1699, 3865, 2.39, 30.93, -3.60, 2.39, 31.09, -3.60, 0.01, 146.97, 0.55);
insert into SHOT values (1645, 1690, 1700, 3865, 2.56, 30.33, -2.30, 2.55, 30.39, -2.25, 0.01, 192.71, 18.89);
insert into SHOT values (1646, 1690, 1701, 3865, 4.54, 26.43, -2.30, 4.54, 26.45, -2.27, 0.00, 160.60, 43.97);
insert into SHOT values (1647, 1690, 1702, 3865, 4.74, 25.23, -3.00, 4.74, 25.27, -2.90, 0.01, 130.45, 70.08);
insert into SHOT values (1648, 1690, 1703, 3865, 4.73, 25.93, 4.40, 4.73, 25.91, 4.49, 0.01, 241.76, 69.81);
insert into SHOT values (1649, 1690, 1704, 3865, 4.56, 26.13, -3.90, 4.55, 26.11, -3.90, 0.01, 220.01, 1.48);
insert into SHOT values (1650, 1704, 1705, 3865, 0.68, 276.73, -3.40, 0.68, 276.81, -3.39, 0.00, 83.99, 4.53);
insert into SHOT values (1651, 1704, 1706, 3865, 0.81, 252.83, 1.50, 0.81, 252.69, 1.42, 0.00, 105.10, -17.70);
insert into SHOT values (1652, 1704, 1707, 3865, 0.90, 289.23, 29.50, 0.90, 289.60, 30.14, 0.01, 78.32, 34.80);
insert into SHOT values (1653, 1704, 1708, 3865, 0.76, 290.93, -29.60, 0.75, 291.48, -29.44, 0.01, 61.44, 33.32);
insert into SHOT values (1654, 1704, 1709, 3865, 0.78, 305.83, -89.90, 0.78, 90.00, -90.00, 0.00, 125.83, -0.05);
insert into SHOT values (1655, 1704, 1710, 3865, 0.85, 273.83, -59.30, 0.85, 273.99, -59.44, 0.00, 71.47, 15.49);
insert into SHOT values (1656, 1704, 1711, 3865, 0.63, 270.53, -31.40, 0.62, 271.08, -31.12, 0.01, 56.98, 41.84);
insert into SHOT values (1657, 1704, 1712, 3865, 0.63, 274.13, -29.70, 0.62, 274.24, -29.79, 0.01, 84.35, 20.10);
insert into SHOT values (1658, 1704, 1713, 3865, 0.97, 194.83, 0.30, 0.97, 194.32, 0.59, 0.01, 105.69, 29.74);
insert into SHOT values (1659, 1704, 1714, 3865, 9.43, 204.83, 4.20, 9.42, 204.79, 4.20, 0.01, 61.32, -3.37);
insert into SHOT values (1660, 1704, 1715, 3865, 5.13, 209.43, 3.80, 5.13, 209.37, 3.80, 0.01, 109.69, 0.15);
insert into SHOT values (1661, 1704, 1716, 3865, 3.18, 215.03, 3.10, 3.18, 214.99, 3.25, 0.01, 88.04, 71.22);
insert into SHOT values (1662, 1704, 1717, 3865, 2.51, 221.63, 2.90, 2.50, 221.60, 2.98, 0.01, 55.63, 24.93);
insert into SHOT values (1663, 1704, 1718, 3865, 1.48, 230.53, 2.30, 1.48, 230.49, 2.33, 0.00, 89.56, 20.72);
insert into SHOT values (1664, 1704, 1719, 3865, 1.06, 246.03, 0.80, 1.05, 245.87, 1.09, 0.01, 86.17, 31.40);
insert into SHOT values (1665, 1704, 1720, 3865, 1.31, 349.33, -15.00, 1.31, 349.49, -15.09, 0.01, 129.36, -9.76);
insert into SHOT values (1666, 1704, 1721, 3865, 1.57, 355.43, -12.50, 1.57, 355.52, -12.49, 0.00, 45.07, -3.68);
insert into SHOT values (1667, 1704, 1722, 3865, 2.51, 5.33, -9.80, 2.51, 5.34, -9.65, 0.01, 176.07, 69.65);
insert into SHOT values (1668, 1704, 1723, 3865, 4.07, 10.63, -9.70, 4.07, 10.64, -9.63, 0.01, 182.69, 62.84);
insert into SHOT values (1669, 1704, 1724, 3865, 6.27, 14.63, -12.80, 6.28, 14.67, -12.80, 0.01, 53.66, -7.35);
insert into SHOT values (1670, 1724, 1725, 3865, 1.18, 140.23, 8.20, 1.18, 140.19, 8.26, 0.00, 128.38, 24.77);
insert into SHOT values (1671, 1724, 1726, 3865, 1.57, 167.83, 6.90, 1.58, 167.83, 6.92, 0.01, 167.15, 11.93);
insert into SHOT values (1672, 1724, 1727, 3865, 2.38, 178.63, 7.50, 2.38, 178.54, 7.48, 0.00, 105.86, -9.78);
insert into SHOT values (1673, 1724, 1728, 3865, 2.91, 183.83, 6.30, 2.91, 183.76, 6.30, 0.01, 140.97, 7.38);
insert into SHOT values (1674, 1724, 1729, 3865, 4.37, 193.23, 8.10, 4.38, 193.20, 8.14, 0.01, 178.34, 26.76);
insert into SHOT values (1675, 1724, 1730, 3865, 7.95, 198.23, 9.60, 7.95, 198.20, 9.63, 0.01, 153.86, 37.92);
insert into SHOT values (1676, 1724, 1731, 3865, 1.56, 202.43, 9.30, 1.57, 202.42, 9.54, 0.01, 200.15, 46.70);
insert into SHOT values (1677, 1724, 1732, 3865, 0.81, 208.13, 11.00, 0.82, 208.16, 11.24, 0.01, 210.09, 28.13);
insert into SHOT values (1678, 1724, 1733, 3865, 0.51, 232.73, 21.00, 0.51, 232.65, 21.68, 0.01, 213.12, 74.49);
insert into SHOT values (1679, 1724, 1734, 3865, 9.97, 18.33, 1.00, 9.97, 18.31, 1.03, 0.01, 243.36, 45.82);
insert into SHOT values (1680, 1724, 1735, 3865, 3.90, 13.63, -0.80, 3.90, 13.64, -0.73, 0.00, 76.83, 77.53);
insert into SHOT values (1681, 1724, 1736, 3865, 1.20, 10.73, -2.40, 1.19, 10.65, -2.40, 0.01, 202.16, 1.67);
insert into SHOT values (1682, 1724, 1737, 3865, 4.09, 15.13, -1.20, 4.08, 15.19, -1.12, 0.01, 160.42, 36.00);
insert into SHOT values (1683, 1724, 1738, 3865, 4.99, 17.43, -1.10, 4.99, 17.38, -1.03, 0.01, 270.46, 51.89);
insert into SHOT values (1684, 1724, 1739, 3865, 4.62, 30.93, -0.80, 4.62, 30.90, -0.74, 0.01, 240.24, 40.99);
insert into SHOT values (1685, 1724, 1740, 3865, 3.21, 36.63, -0.90, 3.20, 36.62, -0.89, 0.01, 221.69, 3.17);
insert into SHOT values (1686, 1724, 1741, 3865, 2.49, 38.03, 5.30, 2.49, 38.12, 5.30, 0.00, 139.59, -0.04);
insert into SHOT values (1687, 1724, 1742, 3865, 2.28, 50.83, -3.60, 2.27, 50.91, -3.53, 0.01, 210.05, 20.77);
insert into SHOT values (1688, 1724, 1743, 3865, 1.54, 65.43, -0.40, 1.54, 65.43, -0.37, 0.00, 241.81, 50.77);
insert into SHOT values (1689, 1724, 1744, 3865, 1.34, 90.53, 1.40, 1.34, 90.86, 1.71, 0.01, 176.54, 43.73);
insert into SHOT values (1690, 1724, 1745, 3865, 1.04, 103.73, 16.70, 1.04, 103.90, 16.71, 0.00, 146.64, 15.09);
insert into SHOT values (1691, 1724, 1746, 3865, 0.96, 102.03, 26.50, 0.96, 102.09, 26.59, 0.00, 196.14, 60.00);
insert into SHOT values (1692, 1724, 1747, 3865, 0.96, 104.83, 37.30, 0.97, 105.12, 37.58, 0.01, 158.43, 59.48);
insert into SHOT values (1693, 1724, 1748, 3865, 0.57, 110.53, 58.30, 0.57, 111.45, 58.45, 0.01, 185.69, 45.35);
insert into SHOT values (1694, 1724, 1749, 3865, 0.64, 100.63, 62.50, 0.64, 101.69, 62.55, 0.01, 184.66, 22.82);
insert into SHOT values (1695, 1724, 1750, 3865, 0.24, 72.23, -66.30, 0.24, 71.57, -66.67, 0.00, 286.73, -7.05);
insert into SHOT values (1696, 1724, 1751, 3865, 0.84, 104.53, -39.20, 0.84, 105.10, -39.08, 0.01, 181.11, 7.72);
insert into SHOT values (1697, 1724, 1752, 3865, 1.20, 111.83, -10.20, 1.20, 111.80, -10.05, 0.00, 102.32, 33.69);
insert into SHOT values (1698, 1724, 1753, 3865, 3.73, 21.43, -8.00, 3.72, 21.48, -7.88, 0.01, 177.44, 47.65);
insert into SHOT values (1699, 1753, 1754, 3865, 0.80, 114.53, 4.80, 0.79, 114.62, 4.33, 0.01, 280.69, -52.50);
insert into SHOT values (1700, 1753, 1755, 3865, 0.95, 149.23, 5.30, 0.94, 149.35, 4.86, 0.01, 305.45, -58.20);
insert into SHOT values (1701, 1753, 1756, 3865, 1.15, 157.13, 8.00, 1.14, 157.07, 8.06, 0.01, 344.59, -0.29);
insert into SHOT values (1702, 1753, 1757, 3865, 2.19, 173.93, 4.80, 2.19, 173.95, 4.72, 0.00, 277.16, -77.54);
insert into SHOT values (1703, 1753, 1758, 3865, 3.29, 184.53, 2.90, 3.28, 184.55, 2.79, 0.01, 355.79, -49.39);
insert into SHOT values (1704, 1753, 1759, 3865, 1.39, 59.43, 5.80, 1.39, 59.18, 5.77, 0.01, 354.11, -3.97);
insert into SHOT values (1705, 1753, 1760, 3865, 1.66, 40.13, 12.90, 1.66, 39.99, 12.88, 0.00, 314.13, -8.28);
insert into SHOT values (1706, 1753, 1761, 3865, 1.84, 40.03, 13.10, 1.84, 39.81, 12.86, 0.01, 340.87, -40.48);
insert into SHOT values (1707, 1753, 1762, 3865, 2.63, 32.83, 12.70, 2.63, 32.76, 12.51, 0.01, 346.24, -62.43);
insert into SHOT values (1708, 1753, 1763, 3865, 1.19, 5.83, 16.10, 1.19, 5.51, 16.07, 0.01, 292.79, -0.04);
insert into SHOT values (1709, 1753, 1764, 3865, 2.25, 10.03, 18.40, 2.26, 9.95, 18.34, 0.01, 346.18, -1.53);
insert into SHOT values (1710, 1753, 1765, 3865, 1.11, 45.53, 87.20, 1.10, 45.00, 87.06, 0.01, 32.91, -74.53);
insert into SHOT values (1711, 1753, 1766, 3865, 1.19, 110.13, 66.00, 1.18, 109.57, 66.14, 0.01, 325.98, -41.86);
insert into SHOT values (1712, 1753, 1767, 3865, 0.94, 117.53, 44.70, 0.93, 116.95, 44.92, 0.01, 344.28, -7.39);
insert into SHOT values (1713, 1753, 1768, 3865, 0.80, 114.23, 17.70, 0.79, 114.19, 17.60, 0.01, 299.29, -29.46);
insert into SHOT values (1714, 1753, 1769, 3865, 0.30, 288.53, 33.30, 0.30, 288.43, 32.31, 0.01, 277.77, -64.16);
insert into SHOT values (1715, 1753, 1770, 3865, 0.62, 283.93, 64.50, 0.61, 285.07, 63.92, 0.01, 350.75, -58.81);
insert into SHOT values (1716, 1753, 1771, 3865, 1.17, 266.23, 77.20, 1.17, 267.80, 77.14, 0.01, 349.15, -7.35);
insert into SHOT values (1717, 1753, 1772, 3865, 1.10, 232.73, 84.00, 1.10, 232.13, 84.03, 0.00, 103.93, -68.71);
insert into SHOT values (1718, 1753, 1773, 3865, 4.28, 30.73, 8.30, 4.28, 30.69, 8.20, 0.01, 264.12, -61.53);
insert into SHOT values (1719, 1753, 1774, 3865, 4.28, 30.73, 8.30, 4.28, 30.69, 8.20, 0.01, 264.12, -61.53);
insert into SHOT values (1720, 1774, 1775, 3865, 1.15, 299.63, 3.50, 1.14, 299.93, 3.51, 0.01, 72.24, -1.45);
insert into SHOT values (1721, 1774, 1776, 3865, 1.42, 331.03, 0.50, 1.42, 331.45, 0.81, 0.01, 45.05, 34.88);
insert into SHOT values (1722, 1774, 1777, 3865, 1.90, 347.53, -0.50, 1.90, 347.57, -0.30, 0.01, 2.39, 53.40);
insert into SHOT values (1723, 1774, 1778, 3865, 1.74, 0.93, 3.70, 1.74, 0.99, 3.94, 0.01, 24.72, 61.17);
insert into SHOT values (1724, 1774, 1779, 3865, 1.56, 243.13, 1.80, 1.56, 243.27, 1.84, 0.00, 10.91, 11.82);
insert into SHOT values (1725, 1774, 1780, 3865, 2.77, 222.33, 3.00, 2.76, 222.36, 3.11, 0.01, 29.58, 41.46);
insert into SHOT values (1726, 1774, 1781, 3865, 5.44, 224.33, 3.20, 5.43, 224.33, 3.27, 0.01, 46.93, 39.64);
insert into SHOT values (1727, 1774, 1782, 3865, 1.37, 294.03, 27.00, 1.37, 294.25, 26.99, 0.01, 59.29, -19.14);
insert into SHOT values (1728, 1774, 1783, 3865, 0.38, 296.93, 23.30, 0.38, 297.30, 23.27, 0.00, 31.05, -7.79);
insert into SHOT values (1729, 1774, 1784, 3865, 1.01, 300.13, -27.90, 1.01, 300.30, -27.79, 0.00, 45.95, 43.27);
insert into SHOT values (1730, 1774, 1785, 3865, 1.01, 299.33, -40.50, 1.01, 299.56, -40.16, 0.01, 353.24, 57.34);
insert into SHOT values (1731, 1774, 1786, 3865, 1.14, 296.13, -3.50, 1.14, 296.57, -3.51, 0.01, 10.05, -2.58);
insert into SHOT values (1732, 1774, 1787, 3865, 5.98, 10.73, 0.90, 5.99, 10.78, 0.96, 0.01, 51.32, 35.55);
insert into SHOT values (1733, 1787, 1788, 3865, 0.91, 109.23, -6.10, 0.91, 109.44, -6.33, 0.01, 245.79, -34.65);
insert into SHOT values (1734, 1787, 1789, 3865, 0.88, 71.43, 3.00, 0.88, 71.36, 2.61, 0.01, 272.95, -63.26);
insert into SHOT values (1735, 1787, 1790, 3865, 1.97, 29.63, 10.70, 1.96, 29.49, 10.57, 0.01, 249.82, -37.43);
insert into SHOT values (1736, 1787, 1791, 3865, 2.80, 16.33, 18.80, 2.79, 16.24, 18.79, 0.01, 235.48, -19.90);
insert into SHOT values (1737, 1787, 1792, 3865, 3.39, 12.53, 23.80, 3.39, 12.47, 23.67, 0.01, 306.05, -65.22);
insert into SHOT values (1738, 1787, 1793, 3865, 0.84, 66.33, 84.00, 0.83, 69.44, 84.12, 0.01, 184.55, -45.72);
insert into SHOT values (1739, 1787, 1794, 3865, 0.72, 95.63, 60.30, 0.71, 96.52, 60.40, 0.01, 225.08, -37.43);
insert into SHOT values (1740, 1787, 1795, 3865, 0.68, 102.83, 37.80, 0.67, 102.99, 37.53, 0.01, 260.17, -59.79);
insert into SHOT values (1741, 1787, 1796, 3865, 0.65, 103.03, 15.50, 0.65, 102.93, 15.20, 0.00, 349.49, -71.28);
insert into SHOT values (1742, 1787, 1797, 3865, 0.98, 104.43, -23.80, 0.97, 104.35, -24.26, 0.01, 292.50, -26.55);
insert into SHOT values (1743, 1787, 1798, 3865, 0.90, 103.03, -55.20, 0.90, 103.50, -55.21, 0.00, 185.66, -12.94);
insert into SHOT values (1744, 1787, 1799, 3865, 0.64, 102.43, -67.30, 0.64, 101.77, -67.44, 0.00, 339.42, 7.15);
insert into SHOT values (1745, 1787, 1800, 3865, 1.16, 164.03, -7.60, 1.16, 164.40, -7.90, 0.01, 234.22, -40.17);
insert into SHOT values (1746, 1787, 1801, 3865, 1.66, 179.13, -7.20, 1.66, 179.31, -7.25, 0.01, 236.57, -18.11);
insert into SHOT values (1747, 1787, 1802, 3865, 3.48, 190.33, -8.60, 3.49, 190.36, -8.58, 0.01, 210.63, 3.84);
insert into SHOT values (1748, 1787, 1803, 3865, 5.35, 194.93, -5.90, 5.35, 194.92, -5.90, 0.00, 31.08, -1.49);
insert into SHOT values (1749, 1787, 1804, 3865, 14.86, 198.63, -2.20, 14.86, 198.65, -2.20, 0.01, 278.10, 4.15);
insert into SHOT values (1750, 1787, 1805, 3865, 2.90, 16.03, 26.30, 2.90, 15.85, 26.22, 0.01, 279.22, -31.27);
insert into SHOT values (1751, 1805, 1806, 3865, 2.90, 19.23, 34.40, 2.90, 19.27, 34.41, 0.00, 69.17, 39.02);
insert into SHOT values (1752, 1805, 1807, 3865, 0.97, 256.33, 0.50, 0.97, 256.25, 0.59, 0.00, 107.63, 30.41);
insert into SHOT values (1753, 1805, 1808, 3865, 1.26, 224.13, -9.50, 1.26, 224.02, -9.63, 0.01, 69.79, -19.81);
insert into SHOT values (1754, 1805, 1809, 3865, 3.09, 201.53, -14.40, 3.09, 201.34, -14.42, 0.01, 125.13, -8.54);
insert into SHOT values (1755, 1805, 1810, 3865, 1.03, 286.93, 16.40, 1.03, 287.15, 16.43, 0.01, 66.94, -8.08);
insert into SHOT values (1756, 1805, 1811, 3865, 1.35, 310.13, 23.80, 1.35, 310.04, 24.13, 0.01, 144.41, 34.64);
insert into SHOT values (1757, 1805, 1812, 3865, 2.10, 329.33, 21.50, 2.10, 329.49, 21.55, 0.01, 95.11, 2.99);
insert into SHOT values (1758, 1805, 1813, 3865, 4.24, 348.63, 15.60, 4.24, 348.69, 15.61, 0.01, 126.36, -2.03);
insert into SHOT values (1759, 1813, 1814, 3865, 0.87, 104.03, -0.70, 0.87, 104.04, -0.66, 0.00, 283.00, 8.75);
insert into SHOT values (1760, 1813, 1815, 3865, 1.26, 54.03, 7.90, 1.26, 54.14, 8.22, 0.01, 181.68, 66.05);
insert into SHOT values (1761, 1813, 1816, 3865, 1.94, 31.73, 9.90, 1.94, 31.53, 10.08, 0.01, 311.63, 43.28);
insert into SHOT values (1762, 1813, 1817, 3865, 2.77, 21.43, 14.30, 2.77, 21.41, 14.41, 0.01, 331.82, 74.49);
insert into SHOT values (1763, 1813, 1818, 3865, 6.30, 16.93, 14.50, 6.31, 16.95, 14.51, 0.01, 36.34, 22.57);
insert into SHOT values (1764, 1813, 1819, 3865, 1.05, 136.33, -0.20, 1.05, 136.55, 0.00, 0.01, 264.39, 36.08);
insert into SHOT values (1765, 1813, 1820, 3865, 1.75, 163.33, -4.00, 1.75, 163.33, -3.94, 0.00, 342.74, 39.75);
insert into SHOT values (1766, 1813, 1821, 3865, 2.70, 173.43, -5.30, 2.70, 173.38, -5.31, 0.00, 71.80, -13.04);
insert into SHOT values (1767, 1813, 1822, 3865, 5.03, 181.73, -10.30, 5.02, 181.74, -10.32, 0.01, 355.95, -5.33);
insert into SHOT values (1768, 1813, 1823, 3865, 4.28, 188.53, -4.60, 4.28, 188.49, -4.56, 0.00, 108.92, 46.71);
insert into SHOT values (1769, 1813, 1824, 3865, 1.46, 196.63, 0.80, 1.46, 196.70, 0.78, 0.00, 240.77, -8.80);
insert into SHOT values (1770, 1813, 1825, 3865, 1.62, 241.83, 70.40, 1.62, 242.49, 70.52, 0.01, 351.89, 30.36);
insert into SHOT values (1771, 1813, 1826, 3865, 0.94, 146.63, 70.00, 0.95, 146.31, 69.97, 0.01, 115.34, 62.34);
insert into SHOT values (1772, 1813, 1827, 3865, 0.60, 123.13, 41.30, 0.60, 122.28, 41.67, 0.01, 21.64, 30.28);
insert into SHOT values (1773, 1813, 1828, 3865, 0.75, 116.03, 8.80, 0.75, 115.53, 9.18, 0.01, 37.31, 38.43);
insert into SHOT values (1774, 1813, 1829, 3865, 0.58, 149.23, -82.70, 0.57, 146.31, -82.79, 0.01, 34.66, 52.67);
insert into SHOT values (1775, 1813, 1830, 3865, 0.75, 110.63, -47.80, 0.75, 110.96, -47.54, 0.01, 210.77, 62.68);
insert into SHOT values (1776, 1813, 1831, 3865, 3.10, 17.53, 24.80, 3.11, 17.54, 24.74, 0.01, 19.30, -2.47);
insert into SHOT values (1777, 1831, 1832, 3865, 0.74, 290.53, 12.40, 0.74, 290.19, 12.45, 0.00, 222.35, 13.11);
insert into SHOT values (1778, 1831, 1833, 3865, 1.43, 297.73, 47.60, 1.43, 297.10, 47.66, 0.01, 216.80, 20.27);
insert into SHOT values (1779, 1831, 1834, 3865, 0.59, 320.83, 69.90, 0.59, 319.09, 70.48, 0.01, 195.06, 38.53);
insert into SHOT values (1780, 1831, 1835, 3865, 0.56, 248.33, 79.40, 0.56, 248.20, 78.92, 0.00, 245.28, -5.40);
insert into SHOT values (1781, 1831, 1836, 3865, 1.20, 227.83, 3.50, 1.21, 227.69, 3.80, 0.01, 200.81, 46.77);
insert into SHOT values (1782, 1831, 1837, 3865, 3.07, 211.63, -0.00, 3.08, 211.57, 0.00, 0.01, 179.35, 0.00);
insert into SHOT values (1783, 1831, 1838, 3865, 1.13, 205.93, -4.50, 1.14, 206.11, -4.53, 0.01, 226.91, -7.56);
insert into SHOT values (1784, 1831, 1839, 3865, 0.45, 200.73, -2.30, 0.46, 200.41, -2.50, 0.01, 185.03, -11.53);
insert into SHOT values (1785, 1831, 1840, 3865, 0.65, 291.13, -10.80, 0.65, 290.97, -10.58, 0.00, 267.69, 21.99);
insert into SHOT values (1786, 1831, 1841, 3865, 0.80, 286.23, -46.00, 0.80, 285.52, -45.48, 0.01, 230.29, 33.24);
insert into SHOT values (1787, 1831, 1842, 3865, 1.01, 299.63, -70.70, 1.01, 298.89, -70.78, 0.01, 178.14, 32.68);
insert into SHOT values (1788, 1831, 1843, 3865, 1.00, 67.43, -79.00, 1.00, 67.62, -79.37, 0.01, 242.47, 13.11);
insert into SHOT values (1789, 1831, 1844, 3865, 1.20, 318.33, -83.20, 1.20, 315.00, -83.22, 0.01, 222.07, 10.68);
insert into SHOT values (1790, 1831, 1845, 3865, 1.11, 293.03, -73.20, 1.11, 291.80, -73.05, 0.01, 220.71, 19.83);
insert into SHOT values (1791, 1831, 1846, 3865, 1.00, 293.93, -60.80, 1.00, 292.89, -60.69, 0.01, 207.33, 18.20);
insert into SHOT values (1792, 1831, 1847, 3865, 3.17, 16.93, 6.60, 3.17, 16.82, 6.71, 0.01, 250.55, 37.00);
insert into SHOT values (1793, 1831, 1848, 3865, 3.50, 2.63, 5.80, 3.49, 2.64, 5.92, 0.01, 179.07, 36.84);
insert into SHOT values (1794, 1831, 1849, 3865, 1.86, 350.23, 8.90, 1.86, 350.28, 8.97, 0.00, 118.31, 47.82);
insert into SHOT values (1795, 1831, 1850, 3865, 1.04, 323.53, 11.90, 1.04, 323.02, 12.24, 0.01, 211.47, 29.46);
insert into SHOT values (1796, 1831, 1851, 3865, 0.79, 295.13, 11.70, 0.79, 294.57, 11.74, 0.01, 177.62, -1.35);
insert into SHOT values (1797, 1831, 1852, 3865, 0.81, 269.73, 9.90, 0.81, 269.28, 9.93, 0.01, 198.30, 6.38);
insert into SHOT values (1798, 1831, 1853, 3865, 4.49, 359.83, 14.20, 4.49, 359.74, 14.19, 0.01, 248.79, -10.50);
insert into SHOT values (1799, 1853, 1854, 3865, 6.37, 11.83, 6.90, 6.37, 11.86, 6.94, 0.01, 81.89, 53.98);
insert into SHOT values (1800, 1853, 1855, 3865, 5.13, 24.63, 4.60, 5.14, 24.71, 4.69, 0.01, 78.39, 43.64);
insert into SHOT values (1801, 1853, 1856, 3865, 3.39, 32.53, 4.90, 3.39, 32.56, 4.90, 0.00, 57.27, 5.74);
insert into SHOT values (1802, 1853, 1857, 3865, 2.04, 42.53, 7.20, 2.04, 42.60, 7.32, 0.00, 127.89, 61.56);
insert into SHOT values (1803, 1853, 1858, 3865, 1.25, 61.03, 12.50, 1.25, 61.13, 12.46, 0.00, 114.64, -12.17);
insert into SHOT values (1804, 1853, 1859, 3865, 0.96, 88.03, 4.20, 0.96, 88.21, 4.17, 0.00, 132.59, -4.14);
insert into SHOT values (1805, 1853, 1860, 3865, 1.03, 124.13, 6.60, 1.04, 124.31, 6.65, 0.01, 152.57, 13.64);
insert into SHOT values (1806, 1853, 1861, 3865, 1.13, 147.03, 0.30, 1.13, 146.87, 0.51, 0.01, 111.26, 36.81);
insert into SHOT values (1807, 1853, 1862, 3865, 2.02, 160.13, -10.80, 2.02, 160.02, -10.53, 0.01, 124.63, 51.18);
insert into SHOT values (1808, 1853, 1863, 3865, 3.37, 173.63, -16.90, 3.38, 173.60, -16.88, 0.01, 156.82, -3.23);
insert into SHOT values (1809, 1853, 1864, 3865, 1.88, 103.03, -53.00, 1.88, 103.18, -52.76, 0.01, 122.30, 8.92);
insert into SHOT values (1810, 1853, 1865, 3865, 0.31, 123.13, -10.80, 0.31, 123.18, -9.14, 0.01, 125.52, 52.79);
insert into SHOT values (1811, 1853, 1866, 3865, 1.40, 110.63, -32.40, 1.40, 110.73, -32.29, 0.01, 132.99, 1.76);
insert into SHOT values (1812, 1853, 1867, 3865, 0.88, 87.73, 77.80, 0.88, 86.99, 77.53, 0.00, 57.74, -1.46);
insert into SHOT values (1813, 1853, 1868, 3865, 1.17, 93.43, 43.40, 1.18, 93.37, 43.57, 0.01, 58.40, 74.61);
insert into SHOT values (1814, 1853, 1869, 3865, 0.98, 89.63, 30.40, 0.99, 90.00, 30.47, 0.01, 138.84, 29.50);
insert into SHOT values (1815, 1853, 1870, 3865, 6.94, 10.93, 32.00, 6.94, 10.97, 32.01, 0.00, 71.16, 29.67);
insert into SHOT values (1816, 1870, 1871, 3865, 4.49, 185.93, -13.80, 4.49, 185.92, -13.78, 0.00, 168.66, 18.64);
insert into SHOT values (1817, 1870, 1872, 3865, 5.19, 196.83, -11.10, 5.19, 196.76, -11.10, 0.01, 138.35, -6.56);
insert into SHOT values (1818, 1870, 1873, 3865, 3.86, 210.53, -12.30, 3.86, 210.57, -12.26, 0.00, 249.82, 27.79);
insert into SHOT values (1819, 1870, 1874, 3865, 2.35, 228.13, -10.60, 2.35, 228.16, -10.55, 0.00, 4.37, 53.55);
insert into SHOT values (1820, 1870, 1875, 3865, 1.20, 257.73, -1.80, 1.20, 257.47, -1.91, 0.01, 158.55, -22.71);
insert into SHOT values (1821, 1870, 1876, 3865, 0.94, 284.33, 0.60, 0.94, 284.18, 0.61, 0.00, 165.33, 3.25);
insert into SHOT values (1822, 1870, 1877, 3865, 0.94, 315.93, -1.30, 0.93, 315.87, -1.23, 0.01, 145.28, 11.79);
insert into SHOT values (1823, 1870, 1878, 3865, 1.06, 335.03, 1.60, 1.06, 334.89, 1.62, 0.00, 258.45, 8.24);
insert into SHOT values (1824, 1870, 1879, 3865, 1.18, 345.13, -1.70, 1.18, 345.26, -1.46, 0.01, 89.74, 62.03);
insert into SHOT values (1825, 1870, 1880, 3865, 4.95, 200.83, 13.90, 4.95, 200.85, 13.91, 0.00, 307.46, 29.26);
insert into SHOT values (1826, 1870, 1881, 3865, 7.72, 219.83, 55.90, 7.72, 219.75, 55.87, 0.01, 159.89, -21.42);
insert into SHOT values (1827, 1870, 1882, 3865, 5.75, 228.13, 55.80, 5.76, 228.13, 55.79, 0.01, 228.01, 44.71);
insert into SHOT values (1828, 1870, 1883, 3865, 4.02, 238.83, 52.60, 4.02, 238.71, 52.52, 0.01, 187.29, -29.17);
insert into SHOT values (1829, 1870, 1884, 3865, 3.38, 242.33, 48.10, 3.38, 242.30, 48.13, 0.00, 205.03, 64.59);
insert into SHOT values (1830, 1870, 1885, 3865, 11.45, 218.13, 59.80, 11.45, 218.16, 59.80, 0.01, 277.28, 47.76);
insert into SHOT values (1831, 1870, 1886, 3865, 13.36, 218.53, 61.10, 13.36, 218.52, 61.12, 0.00, 68.78, 58.96);
insert into SHOT values (1832, 1870, 1887, 3865, 9.24, 165.93, -79.40, 9.24, 166.05, -79.39, 0.00, 248.15, 34.20);
insert into SHOT values (1833, 1870, 1888, 3865, 10.85, 177.33, -68.80, 10.84, 177.37, -68.79, 0.01, 256.81, 64.27);
insert into SHOT values (1834, 1870, 1889, 3865, 9.88, 174.13, -76.30, 9.88, 174.12, -76.29, 0.00, 162.08, -24.34);
insert into SHOT values (1835, 1870, 1890, 3865, 8.89, 177.33, -85.90, 8.89, 177.32, -85.87, 0.01, 175.42, -28.38);
insert into SHOT values (1836, 1870, 1891, 3865, 1.56, 344.23, 39.40, 1.56, 344.12, 39.38, 0.00, 267.65, -4.26);
insert into SHOT values (1837, 1870, 1892, 3865, 1.56, 343.93, 39.40, 1.56, 344.12, 39.38, 0.00, 65.96, -2.57);
insert into SHOT values (1838, 1892, 1893, 3865, 1.57, 344.93, 40.80, 1.57, 344.79, 41.08, 0.01, 187.65, 28.25);
insert into SHOT values (1839, 1892, 1894, 3865, 0.44, 115.53, 6.20, 0.44, 115.97, 6.57, 0.01, 252.71, 26.69);
insert into SHOT values (1840, 1892, 1895, 3865, 0.61, 125.93, 50.40, 0.61, 126.57, 50.60, 0.01, 249.31, -0.14);
insert into SHOT values (1841, 1892, 1896, 3865, 3.52, 199.23, 83.60, 3.52, 198.89, 83.45, 0.01, 184.56, 11.46);
insert into SHOT values (1842, 1892, 1897, 3865, 1.89, 167.13, 77.90, 1.89, 168.41, 77.86, 0.01, 245.39, 12.39);
insert into SHOT values (1843, 1892, 1898, 3865, 1.25, 141.03, 62.70, 1.25, 141.34, 62.56, 0.00, 187.40, -10.19);
insert into SHOT values (1844, 1892, 1899, 3865, 0.50, 265.83, 67.50, 0.50, 263.99, 67.45, 0.01, 172.19, -17.51);
insert into SHOT values (1845, 1892, 1900, 3865, 1.89, 234.43, 82.30, 1.89, 234.46, 82.14, 0.01, 236.08, -31.45);
insert into SHOT values (1846, 1892, 1901, 3865, 5.20, 191.83, -8.60, 5.21, 191.88, -8.61, 0.01, 217.09, -14.06);
insert into SHOT values (1847, 1892, 1902, 3865, 1.06, 184.03, -2.80, 1.06, 184.32, -2.69, 0.01, 235.09, 14.70);
insert into SHOT values (1848, 1892, 1903, 3865, 0.92, 204.43, 19.60, 0.92, 204.50, 19.65, 0.00, 239.22, 37.81);
insert into SHOT values (1849, 1892, 1904, 3865, 7.80, 22.73, 50.60, 7.80, 22.73, 50.65, 0.01, 205.92, 20.79);
insert into SHOT values (1850, 1904, 1905, 3865, 0.46, 286.93, 0.40, 0.46, 287.65, 0.00, 0.01, 0.48, -28.00);
insert into SHOT values (1851, 1904, 1906, 3865, 13.95, 199.53, -51.50, 13.95, 199.52, -51.52, 0.01, 36.88, -25.52);
insert into SHOT values (1852, 1904, 1907, 3865, 5.63, 205.83, -49.60, 5.63, 205.86, -49.65, 0.01, 358.95, -30.46);
insert into SHOT values (1853, 1904, 1908, 3865, 3.23, 217.03, -32.70, 3.23, 217.08, -32.76, 0.01, 267.33, -58.88);
insert into SHOT values (1854, 1904, 1909, 3865, 1.55, 220.93, -30.60, 1.55, 220.74, -30.65, 0.00, 116.78, -12.19);
insert into SHOT values (1855, 1904, 1910, 3865, 1.11, 233.43, -28.10, 1.11, 233.71, -27.95, 0.01, 313.16, 29.82);
insert into SHOT values (1856, 1904, 1911, 3865, 0.52, 256.53, -21.30, 0.52, 256.83, -21.49, 0.00, 22.12, -19.88);
insert into SHOT values (1857, 1904, 1912, 3865, 1.04, 176.33, -41.10, 1.04, 176.33, -41.02, 0.00, 356.02, 60.16);
insert into SHOT values (1858, 1904, 1913, 3865, 1.50, 185.83, -44.90, 1.50, 185.92, -44.85, 0.00, 214.42, -18.22);
insert into SHOT values (1859, 1904, 1914, 3865, 2.84, 187.53, -49.90, 2.84, 187.55, -49.92, 0.00, 356.22, 33.89);
insert into SHOT values (1860, 1904, 1915, 3865, 0.87, 339.03, -7.50, 0.87, 339.06, -7.23, 0.01, 343.77, 36.81);
insert into SHOT values (1861, 1904, 1916, 3865, 2.36, 350.23, -10.50, 2.36, 350.33, -10.49, 0.00, 49.59, 0.89);
insert into SHOT values (1862, 1904, 1917, 3865, 3.00, 1.13, -2.60, 3.00, 1.15, -2.67, 0.01, 12.67, -46.10);
insert into SHOT values (1863, 1904, 1918, 3865, 4.32, 6.53, 9.40, 4.32, 6.46, 9.32, 0.01, 319.80, -36.87);
insert into SHOT values (1864, 1904, 1919, 3865, 5.30, 11.33, 9.20, 5.30, 11.35, 9.23, 0.00, 85.48, 52.19);
insert into SHOT values (1865, 1904, 1920, 3865, 2.98, 15.63, 11.30, 2.99, 15.65, 11.20, 0.01, 24.07, -31.47);
insert into SHOT values (1866, 1904, 1921, 3865, 1.84, 328.73, -43.90, 1.84, 328.59, -44.03, 0.01, 209.60, -48.10);
insert into SHOT values (1867, 1904, 1922, 3865, 4.14, 15.63, -40.10, 4.14, 15.57, -40.14, 0.00, 276.06, -45.26);
insert into SHOT values (1868, 1904, 1923, 3865, 4.66, 13.23, -47.80, 4.66, 13.28, -47.75, 0.01, 50.91, 25.22);
insert into SHOT values (1869, 1904, 1924, 3865, 6.23, 11.23, -55.90, 6.23, 11.21, -55.88, 0.00, 355.90, -16.03);
insert into SHOT values (1870, 1904, 1925, 3865, 7.71, 6.53, -62.10, 7.71, 6.52, -62.05, 0.01, 356.26, 33.97);
insert into SHOT values (1871, 1904, 1926, 3865, 7.98, 8.13, -67.50, 7.98, 8.10, -67.52, 0.00, 211.97, 34.90);
insert into SHOT values (1872, 1904, 1927, 3865, 0.66, 182.33, -76.60, 0.66, 183.81, -76.78, 0.01, 306.81, 23.30);
insert into SHOT values (1873, 1904, 1928, 3865, 0.75, 194.63, -62.30, 0.76, 194.83, -62.30, 0.01, 215.90, -61.00);
insert into SHOT values (1874, 1904, 1929, 3865, 5.64, 13.73, 9.40, 5.64, 13.71, 9.38, 0.00, 350.56, -13.49);
insert into SHOT values (1875, 1929, 1930, 3865, 0.57, 110.83, 0.70, 0.57, 111.61, 1.00, 0.01, 200.27, 21.28);
insert into SHOT values (1876, 1929, 1931, 3865, 1.90, 134.83, 74.20, 1.90, 135.00, 74.04, 0.01, 149.40, 16.26);
insert into SHOT values (1877, 1929, 1932, 3865, 0.93, 108.93, -70.80, 0.93, 109.03, -70.78, 0.00, 137.91, -58.96);
insert into SHOT values (1878, 1929, 1933, 3865, 2.73, 205.63, -12.30, 2.73, 205.51, -12.25, 0.01, 143.29, 13.78);
insert into SHOT values (1879, 1929, 1934, 3865, 3.38, 188.83, -7.60, 3.38, 188.76, -7.65, 0.01, 82.32, -34.03);
insert into SHOT values (1880, 1929, 1935, 3865, 3.28, 30.93, 2.90, 3.28, 30.87, 2.97, 0.01, 271.11, 46.87);
insert into SHOT values (1881, 1935, 1936, 3865, 3.28, 40.23, 9.40, 3.28, 40.24, 9.30, 0.01, 183.28, -85.32);
insert into SHOT values (1882, 1935, 1937, 3865, 0.59, 283.33, 8.30, 0.58, 283.07, 7.92, 0.01, 119.73, -29.03);
insert into SHOT values (1883, 1935, 1938, 3865, 1.18, 276.13, 64.50, 1.17, 275.71, 64.64, 0.01, 129.88, -37.25);
insert into SHOT values (1884, 1935, 1939, 3865, 0.65, 271.43, -52.40, 0.65, 271.47, -53.12, 0.01, 89.18, -37.76);
insert into SHOT values (1885, 1935, 1940, 3865, 0.47, 263.53, -62.80, 0.47, 261.87, -63.20, 0.01, 149.11, -16.29);
insert into SHOT values (1886, 1935, 1941, 3865, 1.41, 343.63, 32.20, 1.40, 343.86, 32.29, 0.01, 127.40, -9.79);
insert into SHOT values (1887, 1935, 1942, 3865, 1.70, 19.13, 34.90, 1.69, 19.35, 34.94, 0.01, 157.18, -18.60);
insert into SHOT values (1888, 1935, 1943, 3865, 3.97, 4.13, 25.20, 3.97, 4.15, 25.21, 0.00, 156.90, -6.38);
insert into SHOT values (1889, 1943, 1944, 3865, 3.95, 6.53, 25.80, 3.95, 6.63, 25.83, 0.01, 120.09, 7.52);
insert into SHOT values (1890, 1943, 1945, 3865, 0.46, 115.63, -0.90, 0.47, 115.46, -1.23, 0.01, 101.05, -27.12);
insert into SHOT values (1891, 1943, 1946, 3865, 0.86, 82.73, -79.50, 0.87, 82.87, -79.26, 0.01, 87.84, -44.11);
insert into SHOT values (1892, 1943, 1947, 3865, 0.47, 110.23, 81.60, 0.47, 105.95, 81.01, 0.01, 56.13, -36.43);
insert into SHOT values (1893, 1943, 1948, 3865, 4.10, 24.33, -7.60, 4.10, 24.42, -7.71, 0.01, 118.34, -50.69);
insert into SHOT values (1894, 1948, 1949, 3865, 0.78, 288.53, -2.50, 0.78, 288.67, -2.20, 0.00, 333.82, 57.13);
insert into SHOT values (1895, 1948, 1950, 3865, 0.90, 314.83, -86.80, 0.89, 315.00, -86.36, 0.01, 316.34, 53.63);
insert into SHOT values (1896, 1948, 1951, 3865, 1.64, 278.03, 75.50, 1.64, 278.33, 75.39, 0.00, 307.68, 27.49);
insert into SHOT values (1897, 1948, 1952, 3865, 0.78, 350.43, 13.90, 0.78, 350.17, 14.02, 0.01, 309.20, 26.15);
insert into SHOT values (1898, 1948, 1953, 3865, 1.38, 229.63, 4.90, 1.38, 229.71, 4.98, 0.00, 283.04, 40.42);
insert into SHOT values (1899, 1948, 1954, 3865, 0.72, 181.53, -4.50, 0.72, 181.59, -3.97, 0.01, 198.28, 68.11);
insert into SHOT values (1900, 1948, 1955, 3865, 5.43, 202.63, 8.70, 5.43, 202.69, 8.79, 0.01, 312.71, 54.28);
insert into SHOT values (1901, 1948, 1956, 3865, 3.02, 13.03, -2.90, 3.02, 13.02, -2.85, 0.00, 356.59, 61.02);
insert into SHOT values (1902, 1956, 1957, 3865, 3.01, 12.93, -1.40, 3.01, 12.88, -1.33, 0.01, 230.57, 38.90);
insert into SHOT values (1903, 1956, 1958, 3865, 0.49, 122.83, 1.80, 0.49, 122.38, 2.36, 0.01, 344.55, 38.77);
insert into SHOT values (1904, 1956, 1959, 3865, 0.89, 119.83, 70.60, 0.89, 120.96, 70.86, 0.01, 245.48, 4.29);
insert into SHOT values (1905, 1956, 1960, 3865, 0.97, 83.73, 79.20, 0.97, 83.66, 79.21, 0.00, 282.86, -76.24);
insert into SHOT values (1906, 1956, 1961, 3865, 1.57, 105.23, -70.00, 1.57, 105.07, -69.88, 0.01, 60.45, 67.77);
insert into SHOT values (1907, 1956, 1962, 3865, 1.91, 191.13, 0.40, 1.91, 191.19, 0.30, 0.01, 342.53, -38.34);
insert into SHOT values (1908, 1956, 1963, 3865, 1.57, 197.13, 3.50, 1.57, 197.05, 3.65, 0.01, 146.88, 54.77);
insert into SHOT values (1909, 1956, 1964, 3865, 0.80, 199.33, 5.90, 0.80, 199.80, 5.73, 0.01, 277.77, -18.60);
insert into SHOT values (1910, 1956, 1965, 3865, 1.07, 176.83, 60.30, 1.07, 176.76, 60.28, 0.00, 133.87, 30.28);
insert into SHOT values (1911, 1956, 1966, 3865, 6.53, 26.43, -29.50, 6.53, 26.43, -29.45, 0.01, 13.47, 82.82);
insert into SHOT values (1912, 1956, 1967, 3865, 6.53, 26.33, -29.50, 6.52, 26.34, -29.47, 0.01, 194.31, 55.13);
insert into SHOT values (1913, 1967, 1968, 3865, 2.64, 286.83, 52.50, 2.64, 286.97, 52.39, 0.01, 339.71, -41.96);
insert into SHOT values (1914, 1967, 1969, 3865, 3.38, 9.63, 53.20, 3.38, 9.65, 53.08, 0.01, 18.03, -58.04);
insert into SHOT values (1915, 1967, 1970, 3865, 4.99, 343.23, 75.50, 4.99, 343.30, 75.46, 0.00, 7.03, -15.70);
insert into SHOT values (1916, 1967, 1971, 3865, 3.78, 274.63, 82.60, 3.77, 274.67, 82.51, 0.01, 278.27, -60.64);
insert into SHOT values (1917, 1967, 1972, 3865, 3.85, 223.83, 77.40, 3.84, 224.03, 77.45, 0.01, 15.56, -50.15);
insert into SHOT values (1918, 1967, 1973, 3865, 0.21, 56.23, 41.70, 0.21, 55.30, 41.52, 0.00, 353.17, 6.00);
insert into SHOT values (1919, 1967, 1974, 3865, 0.82, 286.63, 38.40, 0.82, 287.04, 38.18, 0.01, 324.97, 5.08);
insert into SHOT values (1920, 1967, 1975, 3865, 3.13, 16.23, 3.90, 3.13, 16.17, 3.85, 0.00, 300.98, -40.86);
insert into SHOT values (1921, 1967, 1976, 3865, 3.04, 16.23, 4.00, 3.05, 16.23, 3.95, 0.01, 15.76, -13.46);
insert into SHOT values (1922, 1976, 1977, 3865, 0.45, 284.43, -1.70, 0.45, 284.04, -2.52, 0.01, 244.44, -53.80);
insert into SHOT values (1923, 1976, 1978, 3865, 0.60, 240.53, -66.70, 0.60, 240.26, -66.26, 0.00, 226.12, 12.84);
insert into SHOT values (1924, 1976, 1979, 3865, 0.37, 119.53, -4.60, 0.37, 120.70, -4.61, 0.01, 186.22, -2.26);
insert into SHOT values (1925, 1976, 1980, 3865, 1.35, 164.73, 4.40, 1.35, 164.93, 4.25, 0.01, 251.55, -37.17);
insert into SHOT values (1926, 1976, 1981, 3865, 1.49, 179.33, 7.40, 1.49, 179.61, 7.32, 0.01, 250.88, -13.96);
insert into SHOT values (1927, 1976, 1982, 3865, 2.70, 14.93, -21.40, 2.70, 14.76, -21.50, 0.01, 277.59, -31.81);
insert into SHOT values (1928, 1976, 1983, 3865, 2.61, 15.03, -21.50, 2.61, 15.07, -21.61, 0.01, 177.82, -32.91);
insert into SHOT values (1929, 1983, 1984, 3865, 0.47, 115.53, 15.20, 0.47, 114.86, 14.87, 0.01, 7.61, -30.26);
insert into SHOT values (1930, 1983, 1985, 3865, 2.58, 340.03, 83.30, 2.58, 338.55, 83.30, 0.01, 247.98, -17.03);
insert into SHOT values (1931, 1983, 1986, 3865, 0.70, 53.63, 66.10, 0.70, 52.31, 66.52, 0.01, 282.36, 0.15);
insert into SHOT values (1932, 1983, 1987, 3865, 0.88, 108.03, -32.60, 0.87, 108.19, -32.53, 0.01, 263.98, 39.62);
insert into SHOT values (1933, 1983, 1988, 3865, 0.63, 125.73, -65.80, 0.63, 125.54, -65.64, 0.00, 23.87, 79.11);
insert into SHOT values (1934, 1983, 1989, 3865, 4.05, 31.13, -15.20, 4.05, 31.09, -15.16, 0.00, 352.37, 22.15);
insert into SHOT values (1935, 1989, 1990, 3865, 1.11, 292.93, 8.30, 1.11, 293.06, 8.29, 0.00, 37.58, -5.22);
insert into SHOT values (1936, 1989, 1991, 3865, 2.52, 333.73, 2.90, 2.52, 333.54, 2.96, 0.01, 221.75, 15.24);
insert into SHOT values (1937, 1989, 1992, 3865, 5.46, 348.33, 0.40, 5.45, 348.26, 0.42, 0.01, 219.21, 11.72);
insert into SHOT values (1938, 1989, 1993, 3865, 7.12, 358.73, -0.10, 7.12, 358.71, -0.08, 0.00, 306.59, 39.48);
insert into SHOT values (1939, 1989, 1994, 3865, 12.48, 10.63, -1.60, 12.48, 10.63, -1.61, 0.00, 237.14, -40.09);
insert into SHOT values (1940, 1989, 1995, 3865, 12.19, 14.53, -3.90, 12.19, 14.53, -3.91, 0.00, 209.10, -16.02);
insert into SHOT values (1941, 1989, 1996, 3865, 5.54, 21.73, -6.50, 5.53, 21.67, -6.54, 0.01, 248.33, -18.28);
insert into SHOT values (1942, 1989, 1997, 3865, 2.44, 201.43, 6.30, 2.44, 201.49, 6.34, 0.01, 237.69, 26.33);
insert into SHOT values (1943, 1989, 1998, 3865, 3.35, 211.23, 8.50, 3.36, 211.20, 8.40, 0.01, 196.97, -35.41);
insert into SHOT values (1944, 1989, 1999, 3865, 1.61, 226.53, 15.40, 1.61, 226.56, 15.45, 0.00, 238.30, 30.87);
insert into SHOT values (1945, 1989, 2000, 3865, 1.28, 244.43, 25.10, 1.28, 244.54, 24.91, 0.01, 273.52, -34.10);
insert into SHOT values (1946, 1989, 2001, 3865, 7.61, 4.13, -1.80, 7.60, 4.07, -1.81, 0.01, 230.93, -5.36);
insert into SHOT values (1947, 2001, 2002, 3865, 3.86, 88.03, -75.10, 3.86, 87.71, -74.98, 0.01, 53.75, 1.21);
insert into SHOT values (1948, 2001, 2003, 3865, 2.96, 103.13, -58.20, 2.96, 102.97, -58.24, 0.01, 12.88, -43.99);
insert into SHOT values (1949, 2001, 2004, 3865, 1.34, 104.03, 4.70, 1.34, 103.83, 4.70, 0.01, 48.92, 2.01);
insert into SHOT values (1950, 2001, 2005, 3865, 1.61, 66.93, 4.30, 1.61, 66.94, 4.27, 0.00, 72.38, -13.19);
insert into SHOT values (1951, 2001, 2006, 3865, 2.21, 44.23, 4.30, 2.21, 44.27, 4.41, 0.01, 71.25, 56.07);
insert into SHOT values (1952, 2001, 2007, 3865, 3.78, 32.83, 0.40, 3.78, 32.81, 0.45, 0.01, 9.60, 42.70);
insert into SHOT values (1953, 2001, 2008, 3865, 4.91, 21.83, 0.30, 4.91, 21.87, 0.35, 0.01, 61.89, 42.63);
insert into SHOT values (1954, 2001, 2009, 3865, 3.86, 22.23, 3.10, 3.86, 22.24, 3.12, 0.00, 38.34, 24.44);
insert into SHOT values (1955, 2001, 2010, 3865, 7.89, 188.13, -2.40, 7.89, 188.10, -2.40, 0.01, 52.64, 3.62);
insert into SHOT values (1956, 2001, 2011, 3865, 6.50, 181.03, -2.00, 6.50, 180.97, -2.03, 0.01, 54.25, -20.27);
insert into SHOT values (1957, 2001, 2012, 3865, 4.23, 165.83, -2.70, 4.22, 165.73, -2.71, 0.01, 40.33, -4.76);
insert into SHOT values (1958, 2001, 2013, 3865, 3.22, 152.73, -5.20, 3.22, 152.72, -5.17, 0.00, 64.45, 64.58);
insert into SHOT values (1959, 2001, 2014, 3865, 2.20, 165.63, -2.80, 2.19, 165.46, -2.88, 0.01, 28.56, -14.43);
insert into SHOT values (1960, 2001, 2015, 3865, 10.73, 190.83, 3.60, 10.72, 190.83, 3.58, 0.01, 16.59, -24.03);
insert into SHOT values (1961, 2001, 2016, 3865, 16.39, 334.83, 86.00, 16.39, 335.22, 85.99, 0.01, 49.95, -0.53);
insert into SHOT values (1962, 2016, 2017, 3865, 2.38, 186.43, -5.40, 2.39, 186.53, -5.29, 0.01, 219.99, 29.11);
insert into SHOT values (1963, 2016, 2018, 3865, 1.87, 151.93, 2.20, 1.87, 151.93, 2.14, 0.00, 146.69, -52.21);
insert into SHOT values (1964, 2016, 2019, 3865, 1.68, 124.83, 4.80, 1.68, 125.02, 4.78, 0.01, 227.57, -5.85);
insert into SHOT values (1965, 2016, 2020, 3865, 2.83, 93.93, 4.10, 2.82, 94.07, 4.06, 0.01, 223.40, -14.72);
insert into SHOT values (1966, 2016, 2021, 3865, 5.76, 26.23, 2.20, 5.76, 26.21, 2.19, 0.01, 233.27, -12.50);
insert into SHOT values (1967, 2016, 2022, 3865, 4.91, 37.23, 3.50, 4.91, 37.20, 3.51, 0.01, 248.48, 2.59);
insert into SHOT values (1968, 2016, 2023, 3865, 3.44, 8.03, 3.10, 3.44, 8.04, 3.17, 0.00, 176.33, 72.16);
insert into SHOT values (1969, 2016, 2024, 3865, 3.94, 8.93, 4.60, 3.94, 8.93, 4.66, 0.00, 42.01, 84.07);
insert into SHOT values (1970, 2024, 2025, 3865, 3.95, 7.23, 10.20, 3.94, 7.25, 10.22, 0.01, 174.46, 4.41);
insert into SHOT values (1971, 2024, 2026, 3865, 2.45, 102.73, 3.40, 2.44, 102.78, 3.28, 0.01, 259.62, -43.17);
insert into SHOT values (1972, 2024, 2027, 3865, 4.30, 116.33, 2.10, 4.30, 116.39, 2.00, 0.01, 197.62, -61.21);
insert into SHOT values (1973, 2024, 2028, 3865, 4.09, 132.23, 3.80, 4.09, 132.22, 3.79, 0.00, 329.67, -17.22);
insert into SHOT values (1974, 2024, 2029, 3865, 4.59, 151.73, 6.50, 4.59, 151.75, 6.50, 0.00, 177.93, 6.65);
insert into SHOT values (1975, 2024, 2030, 3865, 4.82, 168.63, 0.60, 4.82, 168.64, 0.59, 0.00, 180.80, -5.60);
insert into SHOT values (1976, 2024, 2031, 3865, 3.04, 194.23, 5.10, 3.05, 194.31, 5.09, 0.01, 228.51, -1.83);
insert into SHOT values (1977, 2024, 2032, 3865, 2.49, 211.63, 10.90, 2.49, 211.61, 10.89, 0.00, 51.72, -15.96);
insert into SHOT values (1978, 2024, 2033, 3865, 2.62, 242.33, 12.70, 2.63, 242.34, 12.54, 0.01, 243.69, -40.16);
insert into SHOT values (1979, 2024, 2034, 3865, 1.88, 290.83, -0.70, 1.88, 290.84, -0.91, 0.01, 296.17, -64.39);
insert into SHOT values (1980, 2024, 2035, 3865, 2.12, 312.93, 5.10, 2.12, 312.89, 4.86, 0.01, 293.78, -62.99);
insert into SHOT values (1981, 2024, 2036, 3865, 2.75, 334.63, 5.20, 2.75, 334.46, 5.22, 0.01, 235.33, 5.38);
insert into SHOT values (1982, 2024, 2037, 3865, 6.03, 359.43, 8.00, 6.03, 359.42, 8.01, 0.00, 215.92, 31.91);
insert into SHOT values (1983, 2024, 2038, 3865, 11.20, 10.63, 6.90, 11.20, 10.62, 6.87, 0.01, 326.30, -66.73);
insert into SHOT values (1984, 2024, 2039, 3865, 24.20, 17.03, 4.50, 24.20, 17.02, 4.50, 0.01, 292.94, 10.81);
insert into SHOT values (1985, 2024, 2040, 3865, 23.09, 19.73, 3.60, 23.09, 19.73, 3.60, 0.00, 182.22, 6.79);
insert into SHOT values (1986, 2024, 2041, 3865, 7.97, 23.23, 3.40, 7.97, 23.25, 3.38, 0.00, 116.42, -52.98);
insert into SHOT values (1987, 2024, 2042, 3865, 4.02, 29.63, 2.80, 4.02, 29.57, 2.71, 0.01, 268.79, -50.86);
insert into SHOT values (1988, 2024, 2043, 3865, 3.29, 35.13, 2.80, 3.29, 35.09, 2.79, 0.00, 338.85, -14.74);
insert into SHOT values (1989, 2024, 2044, 3865, 2.33, 54.63, 2.90, 2.33, 54.61, 2.70, 0.01, 38.80, -63.65);
insert into SHOT values (1990, 2024, 2045, 3865, 2.34, 92.53, 6.80, 2.34, 92.47, 6.63, 0.01, 334.13, -67.58);
insert into SHOT values (1991, 2024, 2046, 3865, 3.99, 306.13, 57.70, 3.99, 306.22, 57.68, 0.00, 35.04, -36.69);
insert into SHOT values (1992, 2024, 2047, 3865, 3.15, 324.03, 83.30, 3.14, 323.75, 83.20, 0.01, 301.68, -60.15);
insert into SHOT values (1993, 2024, 2048, 3865, 13.99, 77.33, 73.00, 13.99, 77.29, 73.00, 0.00, 346.64, 23.13);
insert into SHOT values (1994, 2024, 2049, 3865, 6.63, 99.23, 60.40, 6.63, 99.32, 60.39, 0.01, 207.53, -42.21);
insert into SHOT values (1995, 2024, 2050, 3865, 5.14, 110.83, 42.00, 5.14, 110.85, 42.00, 0.00, 182.48, 22.42);
insert into SHOT values (1996, 2024, 2051, 3865, 4.36, 117.63, 23.60, 4.36, 117.59, 23.54, 0.01, 6.32, -61.62);
insert into SHOT values (1997, 2024, 2052, 3865, 4.05, 124.13, 1.80, 4.05, 124.12, 1.70, 0.01, 330.22, -78.24);
insert into SHOT values (1998, 2024, 2053, 3865, 4.15, 120.63, -21.20, 4.15, 120.61, -21.19, 0.00, 28.38, 25.34);
insert into SHOT values (1999, 2024, 2054, 3865, 3.49, 347.83, -11.20, 3.48, 347.83, -11.26, 0.01, 166.03, -17.30);
insert into SHOT values (2000, 2054, 2055, 3865, 4.19, 50.43, -2.70, 4.19, 50.33, -2.74, 0.01, 301.81, -19.41);
insert into SHOT values (2001, 2054, 2056, 3865, 17.67, 30.33, 1.50, 17.67, 30.32, 1.49, 0.00, 355.60, -32.98);
insert into SHOT values (2002, 2054, 2057, 3865, 2.74, 102.93, 8.90, 2.73, 102.85, 8.85, 0.01, 304.70, -21.02);
insert into SHOT values (2003, 2054, 2058, 3865, 3.77, 133.33, 10.70, 3.77, 133.36, 10.71, 0.01, 294.06, 0.42);
insert into SHOT values (2004, 2054, 2059, 3865, 7.11, 145.23, 5.60, 7.10, 145.25, 5.57, 0.01, 297.49, -32.93);
insert into SHOT values (2005, 2054, 2060, 3865, 12.88, 62.63, 74.30, 12.88, 62.48, 74.31, 0.01, 326.07, 3.25);
insert into SHOT values (2006, 2054, 2061, 3865, 14.01, 123.03, 65.70, 14.01, 123.03, 65.72, 0.00, 307.44, 15.80);
insert into SHOT values (2007, 2054, 2062, 3865, 4.28, 51.73, -28.10, 4.28, 51.67, -28.16, 0.01, 291.37, -42.01);
insert into SHOT values (2008, 2062, 2063, 3865, 2.21, 291.63, 6.80, 2.21, 291.66, 6.76, 0.00, 355.03, -57.78);
insert into SHOT values (2009, 2062, 2064, 3865, 3.07, 316.53, 4.70, 3.07, 316.59, 4.68, 0.01, 96.54, -17.37);
insert into SHOT values (2010, 2062, 2065, 3865, 5.54, 350.33, -1.10, 5.54, 350.33, -1.03, 0.01, 138.33, 86.37);
insert into SHOT values (2011, 2062, 2066, 3865, 9.59, 2.93, -0.90, 9.59, 2.93, -0.90, 0.00, 354.30, 9.59);
insert into SHOT values (2012, 2062, 2067, 3865, 10.32, 182.83, 15.20, 10.31, 182.82, 15.23, 0.01, 15.91, 30.71);
insert into SHOT values (2013, 2062, 2068, 3865, 4.08, 227.33, 17.90, 4.08, 227.30, 18.00, 0.01, 73.64, 50.39);
insert into SHOT values (2014, 2062, 2069, 3865, 3.13, 241.73, 12.40, 3.12, 241.84, 12.38, 0.01, 17.08, -14.56);
insert into SHOT values (2015, 2062, 2070, 3865, 2.33, 261.63, 12.90, 2.33, 261.66, 12.88, 0.00, 280.46, -3.25);
insert into SHOT values (2016, 2062, 2071, 3865, 2.17, 277.93, 10.80, 2.17, 278.09, 10.89, 0.01, 11.30, 29.46);
insert into SHOT values (2017, 2062, 2072, 3865, 3.09, 25.93, -5.50, 3.10, 25.98, -5.38, 0.01, 51.94, 44.25);
insert into SHOT values (2018, 2072, 2073, 3865, 10.09, 5.03, -1.50, 10.09, 5.00, -1.53, 0.01, 296.77, -48.72);
insert into SHOT values (2019, 2072, 2074, 3865, 7.36, 1.63, -1.30, 7.35, 1.64, -1.32, 0.01, 174.20, -30.40);
insert into SHOT values (2020, 2072, 2075, 3865, 6.24, 353.33, 1.20, 6.24, 353.28, 1.19, 0.01, 302.90, -5.90);
insert into SHOT values (2021, 2072, 2076, 3865, 3.41, 326.03, -3.50, 3.41, 325.89, -3.53, 0.01, 251.34, -11.83);
insert into SHOT values (2022, 2072, 2077, 3865, 2.71, 310.13, -15.40, 2.71, 310.03, -15.41, 0.00, 211.13, -4.20);
insert into SHOT values (2023, 2072, 2078, 3865, 9.66, 350.43, -63.60, 9.66, 350.34, -63.64, 0.01, 228.01, -42.51);
insert into SHOT values (2024, 2072, 2079, 3865, 10.14, 358.33, -54.50, 10.15, 358.25, -54.50, 0.01, 296.02, -27.13);
insert into SHOT values (2025, 2072, 2080, 3865, 11.99, 0.83, -45.40, 11.99, 0.82, -45.40, 0.00, 313.85, -43.20);
insert into SHOT values (2026, 2072, 2081, 3865, 8.80, 359.53, -45.40, 8.80, 359.54, -45.41, 0.00, 23.05, -71.83);
insert into SHOT values (2027, 2072, 2082, 3865, 6.49, 339.13, -52.00, 6.49, 339.02, -52.04, 0.01, 242.04, -37.67);
insert into SHOT values (2028, 2072, 2083, 3865, 12.16, 302.33, 83.40, 12.16, 302.22, 83.36, 0.01, 285.59, 3.58);
insert into SHOT values (2029, 2072, 2084, 3865, 1.50, 34.03, 87.20, 1.49, 33.69, 87.23, 0.01, 234.27, -81.40);
insert into SHOT values (2030, 2072, 2085, 3865, 15.41, 307.63, 83.90, 15.41, 307.57, 83.89, 0.00, 272.89, -41.06);
insert into SHOT values (2031, 2072, 2086, 3865, 5.19, 199.43, 7.80, 5.19, 199.42, 7.75, 0.00, 145.40, -75.89);
insert into SHOT values (2032, 2072, 2087, 3865, 3.65, 236.63, 9.00, 3.66, 236.75, 8.97, 0.01, 287.26, -5.82);
insert into SHOT values (2033, 2072, 2088, 3865, 3.14, 265.43, 11.10, 3.15, 265.36, 10.99, 0.01, 241.83, -25.03);
insert into SHOT values (2034, 2072, 2089, 3865, 5.41, 249.43, -87.40, 5.42, 248.63, -87.39, 0.01, 183.50, -55.79);
insert into SHOT values (2035, 2089, 2090, 3865, 2.16, 92.23, 14.70, 2.15, 92.20, 14.80, 0.01, 279.91, 13.52);
insert into SHOT values (2036, 2089, 2091, 3865, 2.34, 73.73, 21.10, 2.33, 73.73, 21.10, 0.01, 254.51, -22.03);
insert into SHOT values (2037, 2089, 2092, 3865, 2.79, 58.83, 22.10, 2.79, 58.77, 22.11, 0.00, 318.48, 6.78);
insert into SHOT values (2038, 2089, 2093, 3865, 3.72, 47.03, 10.20, 3.72, 46.88, 10.23, 0.01, 296.70, 7.04);
insert into SHOT values (2039, 2089, 2094, 3865, 2.74, 63.73, -4.20, 2.74, 63.72, -4.19, 0.00, 323.22, 42.53);
insert into SHOT values (2040, 2094, 2095, 3865, 0.48, 29.63, -3.10, 0.48, 28.71, -2.39, 0.01, 295.88, 37.55);
insert into SHOT values (2041, 2094, 2096, 3865, 9.51, 13.93, -4.40, 9.52, 13.90, -4.40, 0.01, 337.49, -3.06);
insert into SHOT values (2042, 2094, 2097, 3865, 2.13, 19.03, -4.90, 2.13, 18.95, -4.84, 0.00, 331.85, 24.30);
insert into SHOT values (2043, 2094, 2098, 3865, 3.58, 16.33, -4.80, 3.59, 16.25, -4.80, 0.01, 334.22, -3.44);
insert into SHOT values (2044, 2094, 2099, 3865, 3.56, 358.33, -4.40, 3.56, 358.23, -4.35, 0.01, 286.73, 24.22);
insert into SHOT values (2045, 2094, 2100, 3865, 1.87, 341.53, -3.50, 1.87, 341.57, -3.37, 0.00, 106.57, 72.16);
insert into SHOT values (2046, 2094, 2101, 3865, 1.44, 337.53, -1.00, 1.44, 337.53, -0.80, 0.01, 152.62, 83.92);
insert into SHOT values (2047, 2094, 2102, 3865, 7.08, 6.03, -35.80, 7.08, 6.00, -35.79, 0.00, 260.80, 23.75);
insert into SHOT values (2048, 2102, 2103, 3865, 0.44, 108.53, 7.80, 0.44, 108.85, 7.88, 0.00, 246.43, 4.49);
insert into SHOT values (2049, 2102, 2104, 3865, 1.37, 112.33, 66.30, 1.37, 112.38, 66.19, 0.00, 140.55, -77.45);
insert into SHOT values (2050, 2102, 2105, 3865, 6.85, 82.63, 83.00, 6.85, 82.45, 82.98, 0.00, 35.45, 16.38);
insert into SHOT values (2051, 2102, 2106, 3865, 2.03, 41.83, 86.40, 2.03, 38.66, 86.39, 0.01, 315.08, 29.44);
insert into SHOT values (2052, 2102, 2107, 3865, 0.49, 355.93, 8.00, 0.50, 356.50, 8.12, 0.01, 36.46, 13.62);
insert into SHOT values (2053, 2102, 2108, 3865, 0.19, 259.23, 6.80, 0.19, 261.03, 5.94, 0.01, 318.42, -19.58);
insert into SHOT values (2054, 2102, 2109, 3865, 1.17, 201.53, 1.70, 1.16, 201.71, 1.48, 0.01, 354.30, -30.76);
insert into SHOT values (2055, 2102, 2110, 3865, 4.31, 191.03, 1.70, 4.31, 190.97, 1.73, 0.01, 109.06, 24.97);
insert into SHOT values (2056, 2102, 2111, 3865, 2.30, 198.33, 1.30, 2.30, 198.28, 1.25, 0.00, 49.56, -27.47);
insert into SHOT values (2057, 2102, 2112, 3865, 3.06, 196.53, 2.20, 3.06, 196.54, 2.25, 0.00, 2.22, 61.94);
insert into SHOT values (2058, 2102, 2113, 3865, 0.66, 144.93, 15.40, 0.66, 144.57, 15.75, 0.01, 79.82, 46.58);
insert into SHOT values (2059, 2102, 2114, 3865, 5.61, 23.23, -2.90, 5.61, 23.23, -2.86, 0.00, 359.82, 69.06);
insert into SHOT values (2060, 2114, 2115, 3865, 2.91, 207.93, 11.70, 2.91, 208.00, 11.68, 0.01, 245.32, -1.10);
insert into SHOT values (2061, 2114, 2116, 3865, 3.71, 219.03, 9.40, 3.71, 219.12, 9.31, 0.01, 302.82, -44.87);
insert into SHOT values (2062, 2114, 2117, 3865, 4.50, 228.33, 11.60, 4.50, 228.31, 11.55, 0.01, 78.30, -59.01);
insert into SHOT values (2063, 2114, 2118, 3865, 3.28, 238.53, 14.40, 3.28, 238.51, 14.30, 0.01, 190.86, -74.71);
insert into SHOT values (2064, 2114, 2119, 3865, 1.77, 259.23, 20.20, 1.77, 259.23, 20.19, 0.00, 78.83, -31.58);
insert into SHOT values (2065, 2114, 2120, 3865, 1.86, 294.53, 19.40, 1.86, 294.52, 19.13, 0.01, 291.84, -61.34);
insert into SHOT values (2066, 2114, 2121, 3865, 2.44, 324.73, 7.70, 2.45, 324.74, 7.52, 0.01, 326.68, -44.87);
insert into SHOT values (2067, 2114, 2122, 3865, 2.00, 305.23, 2.00, 2.00, 305.20, 2.01, 0.00, 138.94, 2.84);
insert into SHOT values (2068, 2114, 2123, 3865, 7.38, 341.83, 1.90, 7.38, 341.84, 1.86, 0.01, 357.64, -68.97);
insert into SHOT values (2069, 2114, 2124, 3865, 8.24, 356.93, 4.40, 8.25, 356.93, 4.38, 0.01, 358.13, -19.63);
insert into SHOT values (2070, 2114, 2125, 3865, 4.24, 338.73, -57.30, 4.24, 338.80, -57.26, 0.01, 9.48, -20.03);
insert into SHOT values (2071, 2114, 2126, 3865, 5.78, 264.13, -80.40, 5.78, 264.05, -80.39, 0.00, 218.07, -27.25);
insert into SHOT values (2072, 2114, 2127, 3865, 7.51, 297.63, -85.10, 7.52, 297.76, -85.08, 0.01, 326.02, -68.02);
insert into SHOT values (2073, 2114, 2128, 3865, 2.31, 228.33, -57.40, 2.31, 228.25, -57.41, 0.00, 186.83, -56.46);
insert into SHOT values (2074, 2114, 2129, 3865, 2.34, 216.63, -37.70, 2.33, 216.62, -37.79, 0.01, 39.12, 7.44);
insert into SHOT values (2075, 2114, 2130, 3865, 3.43, 210.23, -14.40, 3.43, 210.19, -14.52, 0.01, 81.39, -68.49);
insert into SHOT values (2076, 2114, 2131, 3865, 2.98, 285.23, 77.70, 2.98, 285.57, 77.72, 0.00, 38.18, -21.29);
insert into SHOT values (2077, 2114, 2132, 3865, 4.93, 218.93, 64.20, 4.92, 218.95, 64.14, 0.01, 242.50, -77.60);
insert into SHOT values (2078, 2114, 2133, 3865, 2.82, 340.03, 33.70, 2.82, 340.10, 33.57, 0.01, 13.76, -42.52);
insert into SHOT values (2079, 2114, 2134, 3865, 6.50, 354.63, -2.40, 6.50, 354.61, -2.47, 0.01, 330.46, -58.34);
insert into SCRAPS values (3866, 3863, 'The_Aqueduct-1p', 1);
 insert into SCRAPS values (3917, 3863, 'the_aqueduct-p4', 1);
 insert into SCRAPS values (3966, 3863, 'the_aqueduct-p2', 1);
 insert into SCRAPS values (4022, 3863, 'the_aqueduct-p3', 1);
 insert into MAPS values (4071, 3863, 'm1p', NULL, 1, 183.190, 29.720);
 insert into MAPITEMS values (4071, 4, 3866);
 insert into MAPS values (4072, 3863, 'm2p', NULL, 1, 183.190, 29.720);
 insert into MAPITEMS values (4072, 4, 3966);
 insert into MAPS values (4073, 3863, 'm3p', NULL, 1, 183.190, 29.720);
 insert into MAPITEMS values (4073, 4, 4022);
 insert into MAPS values (4074, 3863, 'm4p', NULL, 1, 183.190, 29.720);
 insert into MAPITEMS values (4074, 4, 3917);
 insert into SURVEY values (4079, 22, 'klic_globin', 'klic_globin.primadona.sistem_prima', 'Klic Globin');
 insert into CENTRELINE values (4080, 4079, NULL, NULL, NULL, 0.00, 0.00, 0.00);
 insert into CENTRELINE values (4081, 4079, NULL, '2018-07-27', NULL, 100.98, 0.00, 0.00);
 insert into EXPLO values (31, 4081);
 insert into EXPLO values (17, 4081);
 insert into EXPLO values (29, 4081);
 insert into SHOT values (2080, 2135, 2136, 4081, 6.42, 104.33, -0.30, 6.42, 104.34, -0.36, 0.01, 190.02, -78.72);
insert into SHOT values (2081, 2135, 2137, 4081, 8.13, 68.53, 0.20, 8.14, 68.51, 0.21, 0.01, 46.68, 15.34);
insert into SHOT values (2082, 2135, 2138, 4081, 11.38, 31.53, 1.30, 11.38, 31.53, 1.31, 0.00, 18.02, 36.30);
insert into SHOT values (2083, 2135, 2139, 4081, 12.18, 353.13, -0.80, 12.18, 353.16, -0.80, 0.01, 100.34, 0.46);
insert into SHOT values (2084, 2135, 2140, 4081, 8.66, 325.63, -0.20, 8.66, 325.63, -0.20, 0.00, 337.48, 5.56);
insert into SHOT values (2085, 2135, 2141, 4081, 6.88, 141.23, 2.80, 6.89, 141.20, 2.75, 0.01, 110.06, -40.37);
insert into SHOT values (2086, 2135, 2142, 4081, 6.30, 176.33, 23.40, 6.30, 176.33, 23.38, 0.00, 266.94, -81.54);
insert into SHOT values (2087, 2135, 2143, 4081, 4.43, 212.43, 16.60, 4.42, 212.38, 16.55, 0.01, 62.68, -37.30);
insert into SHOT values (2088, 2135, 2144, 4081, 3.38, 221.23, 14.30, 3.38, 221.28, 14.23, 0.01, 336.93, -53.46);
insert into SHOT values (2089, 2135, 2145, 4081, 4.48, 240.23, 10.90, 4.48, 240.29, 10.81, 0.01, 341.44, -56.92);
insert into SHOT values (2090, 2135, 2146, 4081, 4.73, 245.53, 7.90, 4.73, 245.52, 7.91, 0.00, 79.21, -1.50);
insert into SHOT values (2091, 2135, 2147, 4081, 8.55, 268.83, 0.60, 8.55, 268.86, 0.60, 0.01, 335.17, 4.96);
insert into SHOT values (2092, 2135, 2148, 4081, 12.15, 286.53, -2.10, 12.15, 286.55, -2.12, 0.01, 1.49, -39.22);
insert into SHOT values (2093, 2135, 2149, 4081, 6.46, 105.43, 27.90, 6.46, 105.42, 27.85, 0.01, 100.49, -22.84);
insert into SHOT values (2094, 2135, 2150, 4081, 39.97, 73.63, 82.10, 39.97, 73.61, 82.10, 0.00, 328.77, -20.92);
insert into SHOT values (2095, 2135, 2151, 4081, 14.67, 210.03, 53.70, 14.67, 209.99, 53.70, 0.01, 97.79, -25.79);
insert into SHOT values (2096, 2135, 2152, 4081, 11.06, 144.63, 63.00, 11.06, 144.57, 63.00, 0.01, 38.00, -39.81);
insert into SHOT values (2097, 2135, 2153, 4081, 27.23, 82.63, 73.30, 27.23, 82.58, 73.30, 0.01, 358.60, -14.13);
insert into SHOT values (2098, 2135, 2154, 4081, 16.79, 39.63, 50.40, 16.78, 39.65, 50.38, 0.01, 126.32, -54.03);
insert into SHOT values (2099, 2135, 2155, 4081, 18.46, 20.53, 45.80, 18.46, 20.56, 45.79, 0.01, 109.19, -29.13);
insert into SHOT values (2100, 2135, 2156, 4081, 8.14, 267.13, 3.40, 8.13, 267.11, 3.38, 0.01, 117.60, -24.06);
insert into SHOT values (2101, 2135, 2157, 4081, 9.91, 277.23, -1.70, 9.90, 277.25, -1.74, 0.01, 61.87, -37.43);
insert into SHOT values (2102, 2135, 2158, 4081, 11.04, 286.03, -0.60, 11.04, 286.04, -0.62, 0.00, 7.63, -65.82);
insert into SHOT values (2103, 2135, 2159, 4081, 11.94, 293.83, 1.00, 11.94, 293.82, 1.01, 0.00, 168.34, 28.45);
insert into SHOT values (2104, 2135, 2160, 4081, 12.10, 300.63, -1.20, 12.10, 300.61, -1.23, 0.01, 185.67, -64.52);
insert into SHOT values (2105, 2135, 2161, 4081, 11.73, 307.83, -1.70, 11.73, 307.83, -1.71, 0.00, 128.95, -59.25);
insert into SHOT values (2106, 2135, 2162, 4081, 8.14, 310.13, -1.80, 8.14, 310.17, -1.83, 0.01, 7.41, -33.83);
insert into SHOT values (2107, 2135, 2163, 4081, 8.85, 324.23, -2.20, 8.85, 324.24, -2.20, 0.00, 354.82, -3.15);
insert into SHOT values (2108, 2135, 2164, 4081, 9.58, 340.03, 0.00, 9.59, 340.05, 0.00, 0.01, 19.37, 0.00);
insert into SHOT values (2109, 2135, 2165, 4081, 10.38, 351.43, -0.20, 10.38, 351.47, -0.22, 0.01, 49.97, -21.94);
insert into SHOT values (2110, 2135, 2166, 4081, 13.56, 4.93, 0.50, 13.56, 4.95, 0.51, 0.01, 83.00, 17.66);
insert into SHOT values (2111, 2135, 2167, 4081, 14.42, 7.43, 1.60, 14.43, 7.45, 1.59, 0.01, 44.71, -15.85);
insert into SHOT values (2112, 2135, 2168, 4081, 10.96, 298.93, -1.30, 10.96, 298.93, -1.31, 0.00, 157.51, -85.86);
insert into SHOT values (2113, 2168, 2169, 4081, 10.95, 295.23, 2.50, 10.94, 295.23, 2.51, 0.01, 113.49, 19.44);
insert into SHOT values (2114, 2168, 2170, 4081, 2.31, 248.33, -0.60, 2.30, 248.34, -0.75, 0.01, 65.39, -38.69);
insert into SHOT values (2115, 2168, 2171, 4081, 1.81, 252.03, 44.40, 1.81, 251.99, 44.25, 0.01, 174.36, -81.23);
insert into SHOT values (2116, 2168, 2172, 4081, 1.77, 7.73, 89.80, 1.77, 0.00, 89.68, 0.00, 347.91, 0.16);
insert into SHOT values (2117, 2168, 2173, 4081, 1.62, 67.73, 28.10, 1.62, 67.75, 28.05, 0.00, 236.40, -46.16);
insert into SHOT values (2118, 2168, 2174, 4081, 2.97, 70.33, -7.70, 2.97, 70.33, -7.74, 0.00, 241.11, -51.44);
insert into SHOT values (2119, 2168, 2175, 4081, 2.82, 203.23, 10.70, 2.81, 203.23, 10.65, 0.01, 24.08, -27.19);
insert into SHOT values (2120, 2168, 2176, 4081, 3.01, 173.63, 18.40, 3.01, 173.57, 18.39, 0.00, 116.86, -1.76);
insert into SHOT values (2121, 2168, 2177, 4081, 7.02, 166.33, 1.80, 7.02, 166.32, 1.80, 0.00, 145.94, -10.36);
insert into SHOT values (2122, 2168, 2178, 4081, 4.23, 182.53, -2.50, 4.23, 182.44, -2.58, 0.01, 73.77, -39.50);
insert into SHOT values (2123, 2168, 2179, 4081, 8.90, 135.43, -5.00, 8.89, 135.41, -5.03, 0.01, 338.86, -34.05);
insert into SHOT values (2124, 2168, 2180, 4081, 17.43, 110.13, -3.80, 17.43, 110.11, -3.82, 0.01, 5.86, -45.21);
insert into SHOT values (2125, 2168, 2181, 4081, 2.14, 133.03, 21.10, 2.14, 132.97, 21.10, 0.00, 12.12, -9.35);
insert into SHOT values (2126, 2168, 2182, 4081, 5.53, 325.43, 23.30, 5.53, 325.43, 23.34, 0.00, 136.09, 41.79);
insert into SHOT values (2127, 2182, 2183, 4081, 1.75, 189.73, -1.20, 1.75, 189.89, -1.31, 0.01, 315.60, -28.23);
insert into SHOT values (2128, 2182, 2184, 4081, 1.59, 230.83, 39.90, 1.59, 230.97, 39.83, 0.00, 276.34, 1.24);
insert into SHOT values (2129, 2182, 2185, 4081, 3.57, 295.23, 37.00, 3.57, 295.31, 36.86, 0.01, 350.36, -60.19);
insert into SHOT values (2130, 2182, 2186, 4081, 5.73, 312.23, 37.80, 5.73, 312.32, 37.77, 0.01, 19.95, -14.55);
insert into SHOT values (2131, 2182, 2187, 4081, 10.04, 314.93, 42.50, 10.04, 314.95, 42.48, 0.00, 17.81, -49.31);
insert into SHOT values (2132, 2182, 2188, 4081, 6.87, 324.83, 20.20, 6.87, 324.86, 20.19, 0.00, 94.50, -29.05);
insert into SHOT values (2133, 2182, 2189, 4081, 9.19, 342.33, 20.60, 9.19, 342.34, 20.57, 0.01, 21.63, -41.79);
insert into SHOT values (2134, 2182, 2190, 4081, 5.44, 342.63, 2.90, 5.44, 342.66, 2.84, 0.01, 24.37, -44.83);
insert into SHOT values (2135, 2182, 2191, 4081, 7.74, 6.73, 3.90, 7.74, 6.77, 3.85, 0.01, 78.31, -49.85);
insert into SHOT values (2136, 2182, 2192, 4081, 6.25, 19.83, 4.20, 6.25, 19.77, 4.13, 0.01, 325.84, -45.39);
insert into SHOT values (2137, 2182, 2193, 4081, 3.65, 44.63, -3.40, 3.66, 44.56, -3.45, 0.01, 3.20, -26.98);
insert into SHOT values (2138, 2182, 2194, 4081, 4.67, 39.93, -18.40, 4.67, 39.87, -18.47, 0.01, 294.79, -52.78);
insert into SHOT values (2139, 2182, 2195, 4081, 3.27, 68.63, -5.10, 3.27, 68.56, -5.27, 0.01, 314.79, -65.03);
insert into SHOT values (2140, 2182, 2196, 4081, 7.21, 346.43, 16.00, 7.21, 346.40, 15.94, 0.01, 308.36, -58.08);
insert into SHOT values (2141, 2196, 2197, 4081, 5.72, 305.43, 64.70, 5.72, 305.51, 64.69, 0.00, 32.20, -20.99);
insert into SHOT values (2142, 2196, 2198, 4081, 9.59, 221.83, 50.70, 9.59, 221.80, 50.68, 0.00, 168.18, -15.95);
insert into SHOT values (2143, 2196, 2199, 4081, 9.28, 213.13, 35.30, 9.28, 213.14, 35.34, 0.01, 342.04, 69.51);
insert into SHOT values (2144, 2196, 2200, 4081, 7.56, 199.53, 29.70, 7.56, 199.48, 29.73, 0.01, 99.84, 40.04);
insert into SHOT values (2145, 2196, 2201, 4081, 2.70, 187.13, 74.00, 2.70, 186.93, 74.00, 0.01, 123.11, 58.62);
insert into SHOT values (2146, 2196, 2202, 4081, 1.74, 130.13, 41.90, 1.74, 129.98, 41.92, 0.01, 357.02, -23.37);
insert into SHOT values (2147, 2196, 2203, 4081, 2.79, 55.43, -2.00, 2.79, 55.51, -1.85, 0.01, 118.35, 57.85);
insert into SHOT values (2148, 2135, 2204, 4081, 7.18, 24.63, -31.50, 7.18, 24.60, -31.47, 0.01, 346.70, 16.87);
insert into SHOT values (2149, 2204, 2205, 4081, 3.26, 328.43, -29.00, 3.26, 328.48, -29.15, 0.01, 74.69, -72.84);
insert into SHOT values (2150, 2205, 2206, 4081, 2.43, 186.73, -0.90, 2.44, 186.60, -0.71, 0.01, 146.51, 44.09);
insert into SHOT values (2151, 2135, 2207, 4081, 11.47, 80.73, 53.10, 11.47, 80.73, 53.08, 0.00, 83.16, -36.82);
insert into SHOT values (2152, 2207, 2208, 4081, 13.60, 219.93, 0.80, 13.60, 219.93, 0.80, 0.00, 228.26, 2.39);
insert into SHOT values (2153, 2207, 2209, 4081, 13.26, 247.13, 0.50, 13.26, 247.15, 0.48, 0.01, 320.12, -50.39);
insert into SHOT values (2154, 2207, 2210, 4081, 12.37, 271.23, 1.50, 12.37, 271.25, 1.48, 0.01, 30.29, -33.33);
insert into SHOT values (2155, 2207, 2211, 4081, 12.04, 299.03, 6.10, 12.04, 299.03, 6.10, 0.00, 292.32, 14.78);
insert into SHOT values (2156, 2207, 2212, 4081, 12.67, 324.33, 6.30, 12.67, 324.34, 6.30, 0.00, 98.11, -4.93);
insert into SHOT values (2157, 2207, 2213, 4081, 13.21, 339.03, 4.90, 13.21, 339.03, 4.91, 0.00, 76.76, 65.02);
insert into SHOT values (2158, 2207, 2214, 4081, 10.44, 356.03, 7.40, 10.44, 356.01, 7.37, 0.01, 302.62, -53.86);
insert into SHOT values (2159, 2207, 2215, 4081, 6.60, 353.83, 20.20, 6.60, 353.79, 20.20, 0.00, 294.55, 13.05);
insert into SHOT values (2160, 2207, 2216, 4081, 7.33, 157.33, 88.80, 7.33, 156.80, 88.81, 0.00, 26.75, 41.10);
insert into SHOT values (2161, 2216, 2217, 4081, 10.97, 207.73, -0.10, 10.97, 207.76, -0.10, 0.01, 272.55, -8.15);
insert into SHOT values (2162, 2216, 2218, 4081, 12.29, 238.63, 0.30, 12.29, 238.61, 0.28, 0.01, 122.64, -49.60);
insert into SHOT values (2163, 2216, 2219, 4081, 11.61, 269.43, -0.50, 11.61, 269.41, -0.49, 0.00, 194.01, 17.33);
insert into SHOT values (2164, 2216, 2220, 4081, 12.06, 294.13, -2.40, 12.07, 294.14, -2.42, 0.01, 323.87, -41.85);
insert into SHOT values (2165, 2216, 2221, 4081, 12.02, 280.73, -7.30, 12.03, 280.73, -7.31, 0.01, 276.50, -24.65);
insert into SHOT values (2166, 2216, 2222, 4081, 17.91, 253.63, -51.10, 17.91, 253.63, -51.11, 0.00, 76.98, -64.39);
insert into SHOT values (2167, 2216, 2223, 4081, 22.89, 267.73, -53.10, 22.89, 267.71, -53.11, 0.01, 151.31, -41.67);
insert into SHOT values (2168, 2216, 2224, 4081, 24.05, 287.03, -51.80, 24.05, 287.01, -51.80, 0.01, 172.14, -1.52);
insert into SHOT values (2169, 2216, 2225, 4081, 4.20, 15.23, -7.80, 4.19, 15.21, -7.81, 0.01, 210.48, 0.05);
insert into SHOT values (2170, 2216, 2226, 4081, 8.19, 352.83, -7.10, 8.19, 352.79, -7.09, 0.01, 235.87, 19.64);
insert into SHOT values (2171, 2216, 2227, 4081, 10.05, 347.73, -7.30, 10.05, 347.72, -7.32, 0.00, 236.81, -65.41);
insert into SHOT values (2172, 2216, 2228, 4081, 13.27, 329.83, -6.80, 13.27, 329.83, -6.80, 0.00, 120.01, 22.41);
insert into SHOT values (2173, 2216, 2229, 4081, 12.37, 342.03, -7.20, 12.37, 342.01, -7.20, 0.00, 222.07, 4.33);
insert into SHOT values (2174, 2216, 2230, 4081, 13.30, 329.63, 85.90, 13.29, 329.66, 85.90, 0.01, 117.42, -81.45);
insert into SHOT values (2175, 2230, 2231, 4081, 13.29, 0.73, 87.30, 13.29, 0.91, 87.28, 0.01, 27.06, 46.58);
insert into SHOT values (2176, 2230, 2232, 4081, 4.52, 354.43, -5.30, 4.52, 354.39, -5.20, 0.01, 281.15, 67.89);
insert into SHOT values (2177, 2230, 2233, 4081, 12.37, 331.03, -3.30, 12.37, 331.03, -3.29, 0.00, 154.95, 24.95);
insert into SHOT values (2178, 2230, 2234, 4081, 12.69, 310.63, -4.40, 12.70, 310.61, -4.38, 0.01, 280.37, 25.77);
insert into SHOT values (2179, 2230, 2235, 4081, 11.86, 282.93, -4.80, 11.86, 282.91, -4.79, 0.00, 195.94, 29.69);
insert into SHOT values (2180, 2230, 2236, 4081, 12.46, 197.23, -2.00, 12.46, 197.24, -1.98, 0.01, 332.70, 49.19);
insert into SHOT values (2181, 2230, 2237, 4081, 19.42, 208.13, -6.10, 19.42, 208.14, -6.09, 0.01, 265.28, 29.48);
insert into SHOT values (2182, 2230, 2238, 4081, 11.33, 226.03, -6.00, 11.33, 226.04, -5.98, 0.01, 348.23, 51.05);
insert into SHOT values (2183, 2230, 2239, 4081, 8.91, 242.73, -4.10, 8.91, 242.74, -4.06, 0.01, 342.86, 71.46);
insert into SHOT values (2184, 2230, 2240, 4081, 11.11, 258.03, -5.60, 11.11, 258.05, -5.58, 0.01, 315.59, 39.46);
insert into SHOT values (2185, 2230, 2241, 4081, 8.65, 271.83, 83.40, 8.66, 271.72, 83.36, 0.01, 254.78, 48.29);
insert into SHOT values (2186, 2241, 2242, 4081, 8.64, 253.33, 83.70, 8.63, 253.30, 83.75, 0.01, 76.34, -42.66);
insert into SHOT values (2187, 2241, 2243, 4081, 12.68, 338.43, 6.60, 12.68, 338.44, 6.56, 0.01, 10.52, -49.10);
insert into SHOT values (2188, 2241, 2244, 4081, 12.69, 324.93, 2.50, 12.69, 324.96, 2.48, 0.01, 50.21, -29.41);
insert into SHOT values (2189, 2241, 2245, 4081, 10.52, 307.13, 2.70, 10.51, 307.14, 2.67, 0.01, 108.85, -32.77);
insert into SHOT values (2190, 2241, 2246, 4081, 9.35, 289.73, 1.60, 9.34, 289.77, 1.59, 0.01, 56.77, -6.55);
insert into SHOT values (2191, 2241, 2247, 4081, 10.05, 248.73, 2.40, 10.04, 248.73, 2.40, 0.01, 67.61, -6.35);
insert into SHOT values (2192, 2241, 2248, 4081, 22.74, 198.43, -2.90, 22.73, 198.43, -2.90, 0.01, 352.57, 4.35);
insert into SHOT values (2193, 2241, 2249, 4081, 21.33, 212.43, -6.20, 21.33, 212.42, -6.22, 0.01, 142.03, -74.77);
insert into SHOT values (2194, 2241, 2250, 4081, 13.14, 227.53, -6.80, 13.14, 227.52, -6.82, 0.01, 88.34, -46.38);
insert into SHOT values (2195, 2241, 2251, 4081, 10.98, 245.23, -8.50, 10.98, 245.23, -8.54, 0.01, 35.76, -88.14);
insert into SHOT values (2196, 2241, 2252, 4081, 31.60, 219.73, -63.90, 31.60, 219.72, -63.91, 0.01, 70.49, -22.06);
insert into SHOT values (2197, 2241, 2253, 4081, 2.66, 168.33, 87.00, 2.65, 167.01, 87.12, 0.01, 16.16, -43.93);
insert into SHOT values (2198, 2253, 2254, 4081, 2.75, 118.23, 84.30, 2.75, 118.44, 84.31, 0.00, 218.43, 73.87);
insert into SHOT values (2199, 2253, 2255, 4081, 18.68, 195.73, -2.70, 18.69, 195.73, -2.70, 0.01, 192.27, -0.31);
insert into SHOT values (2200, 2253, 2256, 4081, 21.16, 211.83, -3.80, 21.16, 211.82, -3.79, 0.01, 104.99, 26.21);
insert into SHOT values (2201, 2253, 2257, 4081, 13.03, 230.23, -6.50, 13.03, 230.20, -6.48, 0.01, 176.90, 32.69);
insert into SHOT values (2202, 2253, 2258, 4081, 9.59, 256.73, -10.60, 9.59, 256.69, -10.58, 0.01, 142.38, 28.61);
insert into SHOT values (2203, 2253, 2259, 4081, 8.85, 353.93, -1.30, 8.84, 353.96, -1.30, 0.01, 143.86, 4.47);
insert into SHOT values (2204, 2253, 2260, 4081, 12.07, 331.23, -2.80, 12.06, 331.22, -2.80, 0.01, 159.71, -2.85);
insert into SHOT values (2205, 2253, 2261, 4081, 11.12, 310.93, -3.90, 11.11, 310.90, -3.87, 0.01, 165.32, 37.61);
insert into SHOT values (2206, 2253, 2262, 4081, 9.37, 295.23, -1.20, 9.36, 295.22, -1.16, 0.01, 122.44, 49.93);
insert into SHOT values (2207, 2253, 2263, 4081, 15.15, 218.03, 86.20, 15.15, 217.78, 86.17, 0.01, 189.11, 19.74);
insert into SHOT values (2208, 2253, 2264, 4081, 3.37, 252.43, 82.30, 3.37, 251.97, 82.29, 0.00, 172.81, 5.95);
insert into SHOT values (2209, 2264, 2265, 4081, 8.28, 80.33, 85.40, 8.29, 80.54, 85.37, 0.01, 106.19, 49.91);
insert into SHOT values (2210, 2264, 2266, 4081, 13.24, 209.23, 89.00, 13.24, 208.81, 89.01, 0.00, 59.72, 31.62);
insert into SHOT values (2211, 2266, 2267, 4081, 13.85, 249.73, 88.90, 13.85, 250.20, 88.90, 0.00, 344.60, 49.21);
insert into SHOT values (2212, 2266, 2268, 4081, 13.27, 248.53, 89.10, 13.27, 248.20, 89.07, 0.01, 238.45, 13.03);
insert into SHOT values (2213, 2266, 2269, 4081, 2.07, 16.83, 19.90, 2.06, 16.76, 19.82, 0.01, 228.77, -44.75);
insert into SHOT values (2214, 2269, 2270, 4081, 2.32, 170.13, 51.20, 2.32, 170.08, 51.27, 0.00, 19.13, 39.79);
insert into SCRAPS values (4082, 4079, 'klic_globin-p1', 1);
 insert into SCRAPS values (4153, 4079, 'klic_globin-p2', 1);
 insert into MAPS values (4164, 4079, 'm1p', NULL, 1, 100.980, 65.470);
 insert into MAPITEMS values (4164, 4, 4082);
 insert into MAPITEMS values (4164, 4, 4153);
 insert into SURVEY values (4166, 22, 'deeper_than_most', 'deeper_than_most.primadona.sistem_prima', 'Tiger Tiger streamway');
 insert into CENTRELINE values (4167, 4166, NULL, NULL, NULL, 0.00, 0.00, 0.00);
 insert into SCRAPS values (4168, 4166, 'deeper_than_most-p1', 1);
 insert into MAPS values (4179, 4166, 'm1-p', NULL, 1, 17.900, 16.450);
 insert into MAPITEMS values (4179, 4, 4168);
 insert into CENTRELINE values (4180, 4166, NULL, '2018-07-26', NULL, 17.90, 0.00, 0.00);
 insert into TOPO values (16, 4180);
 insert into PERSON values (33, 'Ben', 'Richards');
insert into TOPO values (33, 4180);
 insert into EXPLO values (16, 4180);
 insert into EXPLO values (33, 4180);
 insert into PERSON values (34, 'Alexander', 'Seaton');
insert into EXPLO values (34, 4180);
 insert into SHOT values (2215, 2271, 2272, 4180, 6.80, 318.53, -61.00, 6.80, 318.57, -61.03, 0.00, 92.42, -38.29);
insert into SHOT values (2216, 2272, 2273, 4180, 11.10, 240.53, -71.00, 11.11, 240.53, -70.99, 0.01, 242.62, -47.60);
insert into SURVEY values (4182, 22, 'tiger_tiger', 'tiger_tiger.primadona.sistem_prima', 'Tiger Tiger streamway');
 insert into CENTRELINE values (4183, 4182, NULL, NULL, NULL, 0.00, 0.00, 0.00);
 insert into SCRAPS values (4184, 4182, 'tiger_tiger-p1', 1);
 insert into MAPS values (4228, 4182, 'm1-p', NULL, 1, 60.520, 10.480);
 insert into MAPITEMS values (4228, 4, 4184);
 insert into CENTRELINE values (4229, 4182, NULL, '2018-07-22', NULL, 60.52, 0.00, 0.00);
 insert into TOPO values (2, 4229);
 insert into TOPO values (29, 4229);
 insert into EXPLO values (2, 4229);
 insert into EXPLO values (29, 4229);
 insert into SHOT values (2217, 2274, 2275, 4229, 3.73, 307.53, -17.00, 3.73, 307.61, -16.97, 0.01, 351.44, 4.27);
insert into SHOT values (2218, 2276, 2274, 4229, 9.52, 316.53, -6.00, 9.52, 316.54, -5.97, 0.01, 99.94, 50.89);
insert into SHOT values (2219, 2277, 2276, 4229, 5.27, 354.53, -13.00, 5.27, 354.52, -13.05, 0.00, 186.73, -71.31);
insert into SHOT values (2220, 2278, 2277, 4229, 5.69, 337.53, -9.00, 5.69, 337.50, -9.00, 0.00, 208.68, 1.80);
insert into SHOT values (2221, 2279, 2278, 4229, 2.30, 346.53, -2.00, 2.31, 346.45, -1.99, 0.01, 316.51, 2.39);
insert into SHOT values (2222, 2280, 2279, 4229, 5.05, 314.53, -8.00, 5.04, 314.51, -7.98, 0.01, 142.20, 18.23);
insert into SHOT values (2223, 2281, 2280, 4229, 5.62, 270.53, -16.00, 5.63, 270.53, -15.99, 0.01, 272.77, -6.59);
insert into SHOT values (2224, 2282, 2281, 4229, 6.00, 294.53, -5.00, 5.99, 294.55, -4.98, 0.01, 98.55, 20.27);
insert into SHOT values (2225, 2283, 2282, 4229, 4.10, 272.53, -9.00, 4.10, 272.54, -8.97, 0.00, 288.89, 16.50);
insert into SHOT values (2226, 2284, 2283, 4229, 2.92, 345.53, -8.00, 2.92, 345.58, -8.07, 0.00, 86.00, -53.04);
insert into SHOT values (2227, 2285, 2284, 4229, 4.37, 275.53, -9.00, 4.37, 275.58, -8.94, 0.01, 318.36, 31.90);
insert into SHOT values (2228, 2286, 2285, 4229, 2.45, 292.53, -45.00, 2.45, 292.42, -45.15, 0.01, 176.35, -63.97);
insert into SHOT values (2229, 2286, 2287, 4229, 3.50, 107.53, -21.00, 3.50, 107.66, -21.11, 0.01, 224.24, -34.26);
insert into SURVEY values (4231, 22, 'mouseleum', 'mouseleum.primadona.sistem_prima', 'mouseleum');
 insert into CENTRELINE values (4232, 4231, NULL, NULL, NULL, 0.00, 0.00, 0.00);
 insert into CENTRELINE values (4233, 4231, NULL, '2018-07-28', NULL, 109.13, 0.00, 0.00);
 insert into TOPO values (17, 4233);
 insert into TOPO values (25, 4233);
 insert into EXPLO values (32, 4233);
 insert into EXPLO values (17, 4233);
 insert into EXPLO values (25, 4233);
 insert into SHOT values (2230, 2288, 2289, 4233, 3.27, 173.53, 26.80, 3.27, 173.51, 26.89, 0.01, 81.29, 79.62);
insert into SHOT values (2231, 2289, 2290, 4233, 5.03, 131.63, 43.10, 5.02, 131.69, 43.07, 0.01, 267.47, -52.60);
insert into SHOT values (2232, 2290, 2291, 4233, 3.87, 359.33, 22.60, 3.88, 359.36, 22.60, 0.01, 14.25, 19.93);
insert into SHOT values (2233, 2291, 2292, 4233, 5.30, 155.53, 9.00, 5.31, 155.54, 9.00, 0.01, 164.41, 8.91);
insert into SHOT values (2234, 2292, 2293, 4233, 7.52, 130.93, 41.20, 7.51, 130.91, 41.22, 0.01, 323.93, -21.86);
insert into SHOT values (2235, 2293, 2294, 4233, 1.79, 192.43, -11.30, 1.80, 192.46, -11.24, 0.01, 200.91, 6.79);
insert into SHOT values (2236, 2294, 2295, 4233, 5.67, 164.33, -7.70, 5.67, 164.31, -7.70, 0.00, 90.14, -7.72);
insert into SHOT values (2237, 2295, 2296, 4233, 6.01, 325.43, 85.20, 6.01, 326.31, 85.18, 0.01, 42.29, 7.70);
insert into SHOT values (2238, 2296, 2297, 4233, 2.13, 210.83, 45.60, 2.13, 211.03, 45.50, 0.01, 267.41, -16.21);
insert into SHOT values (2239, 2297, 2298, 4233, 2.83, 176.63, 9.40, 2.83, 176.51, 9.54, 0.01, 116.07, 50.37);
insert into SHOT values (2240, 2298, 2299, 4233, 5.50, 185.33, 34.00, 5.50, 185.41, 33.95, 0.01, 270.03, -40.22);
insert into SHOT values (2241, 2299, 2300, 4233, 3.74, 354.03, 61.80, 3.74, 354.16, 61.80, 0.01, 59.81, 41.25);
insert into SHOT values (2242, 2300, 2301, 4233, 3.87, 195.43, 49.40, 3.87, 195.41, 49.39, 0.00, 179.98, 35.64);
insert into SHOT values (2243, 2301, 2302, 4233, 7.30, 159.13, 27.40, 7.30, 159.13, 27.39, 0.00, 167.31, 7.12);
insert into SHOT values (2244, 2302, 2303, 4233, 4.81, 260.73, -11.80, 4.81, 260.72, -11.87, 0.01, 246.01, -61.51);
insert into SHOT values (2245, 2303, 2304, 4233, 9.96, 265.73, 72.70, 9.96, 265.73, 72.72, 0.00, 80.33, 9.00);
insert into SHOT values (2246, 2304, 2305, 4233, 1.80, 226.13, -12.00, 1.80, 226.15, -11.87, 0.00, 286.55, 79.58);
insert into SHOT values (2247, 2305, 2306, 4233, 4.41, 239.13, 54.80, 4.40, 239.19, 54.81, 0.01, 23.48, -37.09);
insert into SHOT values (2248, 2306, 2307, 4233, 6.61, 0.23, 12.70, 6.61, 0.18, 12.67, 0.01, 287.25, -28.10);
insert into SHOT values (2249, 2307, 2308, 4233, 9.74, 190.43, 44.20, 9.74, 190.39, 44.19, 0.00, 123.96, -4.71);
insert into SHOT values (2250, 2307, 2309, 4233, 7.97, 10.93, -13.10, 7.97, 10.99, -13.06, 0.01, 102.24, 36.83);
insert into SCRAPS values (4234, 4231, 'mouseleum-p1', 1);
 insert into SCRAPS values (4254, 4231, 'mouseleum-p2', 1);
 insert into SCRAPS values (4277, 4231, 'mouseleum-p3', 1);
 insert into SCRAPS values (4299, 4231, 'mouseleum-p4', 1);
 insert into MAPS values (4314, 4231, 'm1p', NULL, 1, 109.130, 51.710);
 insert into MAPITEMS values (4314, 4, 4234);
 insert into MAPS values (4315, 4231, 'm2p', NULL, 1, 109.130, 51.710);
 insert into MAPITEMS values (4315, 4, 4254);
 insert into MAPS values (4316, 4231, 'm3p', NULL, 1, 109.130, 51.710);
 insert into MAPITEMS values (4316, 4, 4277);
 insert into MAPS values (4317, 4231, 'm4p', NULL, 1, 109.130, 51.710);
 insert into MAPITEMS values (4317, 4, 4299);
 insert into SURVEY values (4320, 22, 'mouseleum_2', 'mouseleum_2.primadona.sistem_prima', 'Mouseleum 2 (continuation)');
 insert into CENTRELINE values (4321, 4320, NULL, NULL, NULL, 0.00, 0.00, 0.00);
 insert into SCRAPS values (4322, 4320, 'mouseleum_2-p1', 1);
 insert into SCRAPS values (4335, 4320, 'mouseleum_2-p2', 1);
 insert into MAPS values (4346, 4320, 'm1-p', NULL, 1, 33.170, 21.130);
 insert into MAPITEMS values (4346, 4, 4322);
 insert into MAPS values (4347, 4320, 'm2-p', NULL, 1, 33.170, 21.130);
 insert into MAPITEMS values (4347, 4, 4335);
 insert into CENTRELINE values (4348, 4320, NULL, '2018-08-01', NULL, 33.17, 0.00, 0.00);
 insert into TOPO values (28, 4348);
 insert into TOPO values (29, 4348);
 insert into EXPLO values (28, 4348);
 insert into EXPLO values (29, 4348);
 insert into SHOT values (2251, 2310, 2311, 4348, 5.86, 341.53, -18.00, 5.86, 341.60, -18.08, 0.01, 55.47, -53.12);
insert into SHOT values (2252, 2312, 2310, 4348, 4.52, 18.53, -59.00, 4.51, 18.59, -59.05, 0.01, 178.58, 31.09);
insert into SHOT values (2253, 2313, 2312, 4348, 4.00, 294.53, -56.00, 4.01, 294.51, -55.97, 0.01, 285.04, -36.06);
insert into SHOT values (2254, 2314, 2313, 4348, 2.11, 12.53, 6.00, 2.11, 12.65, 5.98, 0.01, 72.10, -6.34);
insert into SHOT values (2255, 2315, 2314, 4348, 4.07, 252.53, -73.00, 4.07, 252.47, -72.92, 0.01, 240.77, 20.90);
insert into SHOT values (2256, 2316, 2315, 4348, 7.40, 140.53, -36.00, 7.40, 140.49, -35.99, 0.00, 71.32, -4.83);
insert into SHOT values (2257, 2317, 2316, 4348, 5.21, 239.53, -52.00, 5.21, 239.68, -51.95, 0.01, 320.49, 33.12);
insert into SURVEY values (4350, 22, 'chocolate_river', 'chocolate_river.primadona.sistem_prima', 'Chocolate River (continuation of Mouseleum 2');
 insert into CENTRELINE values (4351, 4350, NULL, NULL, NULL, 0.00, 0.00, 0.00);
 insert into SCRAPS values (4352, 4350, 'chocolate_river-p1', 1);
 insert into SCRAPS values (4364, 4350, 'chocolate_river-p2', 1);
 insert into MAPS values (4380, 4350, 'm1-p', NULL, 1, 67.710, 17.080);
 insert into MAPITEMS values (4380, 4, 4352);
 insert into MAPS values (4381, 4350, 'm2-p', NULL, 1, 67.710, 17.080);
 insert into MAPITEMS values (4381, 4, 4364);
 insert into CENTRELINE values (4383, 4350, NULL, '2018-08-02', NULL, 67.71, 0.00, 0.00);
 insert into TOPO values (28, 4383);
 insert into TOPO values (29, 4383);
 insert into EXPLO values (28, 4383);
 insert into EXPLO values (29, 4383);
 insert into SHOT values (2258, 2318, 2319, 4383, 15.10, 58.53, -1.00, 15.10, 58.54, -0.99, 0.00, 121.02, 45.59);
insert into SHOT values (2259, 2320, 2318, 4383, 14.80, 3.53, 0.00, 14.80, 3.53, 0.00, 0.00, 213.19, 0.00);
insert into SHOT values (2260, 2321, 2320, 4383, 5.69, 325.53, -10.00, 5.69, 325.54, -10.02, 0.00, 78.43, -52.31);
insert into SHOT values (2261, 2322, 2321, 4383, 3.75, 247.53, -55.00, 3.75, 247.61, -54.97, 0.00, 311.04, 29.91);
insert into SHOT values (2262, 2323, 2322, 4383, 7.25, 232.53, -22.00, 7.26, 232.55, -22.02, 0.01, 262.41, -39.86);
insert into SHOT values (2263, 2324, 2323, 4383, 2.21, 25.53, -29.00, 2.22, 25.64, -28.86, 0.01, 50.04, 8.96);
insert into SHOT values (2264, 2325, 2324, 4383, 2.57, 4.53, -90.00, 2.57, 90.00, -90.00, 0.00, 4.53, 81.96);
insert into SHOT values (2265, 2326, 2325, 4383, 3.28, 328.53, -25.00, 3.28, 328.51, -25.10, 0.01, 160.79, -33.46);
insert into SHOT values (2266, 2327, 2326, 4383, 4.27, 333.53, -54.00, 4.27, 333.54, -53.93, 0.01, 338.46, 52.03);
insert into SHOT values (2267, 2328, 2327, 4383, 2.94, 14.53, -32.00, 2.94, 14.43, -32.08, 0.01, 237.52, -17.27);
insert into SHOT values (2268, 2329, 2328, 4383, 5.85, 339.53, 0.00, 5.85, 339.58, 0.00, 0.01, 95.91, 0.00);
insert into SURVEY values (4405, 22, 'purgatory', 'purgatory.primadona.sistem_prima', 'purgatory');
 insert into CENTRELINE values (4406, 4405, NULL, NULL, NULL, 0.00, 0.00, 0.00);
 insert into CENTRELINE values (4407, 4405, NULL, '2018-07-24', NULL, 30.88, 0.00, 0.00);
 insert into SHOT values (2269, 2330, 2331, 4407, 3.40, 260.33, 16.40, 3.40, 260.31, 16.38, 0.01, 247.45, 0.44);
insert into SHOT values (2270, 2330, 2332, 4407, 3.08, 269.83, 14.70, 3.08, 269.81, 14.85, 0.01, 219.65, 81.23);
insert into SHOT values (2271, 2330, 2333, 4407, 7.56, 240.03, 57.20, 7.57, 240.00, 57.20, 0.01, 210.82, 48.71);
insert into SHOT values (2272, 2330, 2334, 4407, 6.51, 163.33, 34.20, 6.51, 163.38, 34.20, 0.01, 246.67, 9.08);
insert into SHOT values (2273, 2330, 2335, 4407, 5.35, 164.93, 13.70, 5.35, 164.95, 13.73, 0.00, 238.32, 55.75);
insert into SHOT values (2274, 2330, 2336, 4407, 3.69, 254.63, 7.10, 3.70, 254.68, 7.14, 0.01, 274.48, 22.72);
insert into SHOT values (2275, 2330, 2337, 4407, 6.05, 191.73, 10.90, 6.05, 191.74, 10.95, 0.01, 218.86, 55.89);
insert into SHOT values (2276, 2330, 2338, 4407, 5.63, 219.03, 14.70, 5.63, 219.04, 14.71, 0.00, 299.09, 52.17);
insert into SHOT values (2277, 2330, 2339, 4407, 5.00, 238.43, 14.00, 5.01, 238.47, 13.99, 0.01, 271.42, 3.35);
insert into SHOT values (2278, 2330, 2340, 4407, 4.42, 251.93, 15.10, 4.43, 251.86, 15.19, 0.01, 207.26, 51.19);
insert into SHOT values (2279, 2330, 2341, 4407, 5.62, 164.93, 12.80, 5.62, 164.97, 12.86, 0.01, 289.08, 41.85);
insert into SHOT values (2280, 2330, 2342, 4407, 2.49, 141.13, 17.80, 2.49, 141.34, 18.00, 0.01, 241.80, 44.50);
insert into SHOT values (2281, 2330, 2343, 4407, 5.84, 209.93, 12.40, 5.85, 209.93, 12.44, 0.01, 213.18, 36.36);
insert into SHOT values (2282, 2330, 2344, 4407, 6.69, 230.33, 17.60, 6.69, 230.34, 17.66, 0.01, 300.27, 74.21);
insert into SHOT values (2283, 2330, 2345, 4407, 6.56, 239.83, 24.90, 6.57, 239.86, 24.95, 0.01, 276.27, 53.08);
insert into SHOT values (2284, 2330, 2346, 4407, 7.08, 216.93, 28.90, 7.09, 216.94, 28.93, 0.01, 230.23, 46.52);
insert into SHOT values (2285, 2330, 2347, 4407, 7.86, 171.03, 43.20, 7.86, 171.06, 43.20, 0.00, 263.33, -8.33);
insert into SHOT values (2286, 2330, 2348, 4407, 9.50, 226.93, 56.90, 9.50, 226.87, 56.88, 0.01, 182.27, 13.47);
insert into SHOT values (2287, 2330, 2349, 4407, 14.37, 224.73, 76.20, 14.38, 224.76, 76.17, 0.01, 238.93, 27.76);
insert into SHOT values (2288, 2330, 2350, 4407, 5.36, 202.73, -11.80, 5.36, 202.75, -11.73, 0.01, 257.81, 63.43);
insert into SHOT values (2289, 2330, 2351, 4407, 2.90, 262.53, 5.50, 2.91, 262.46, 5.52, 0.01, 239.90, 12.68);
insert into SHOT values (2290, 2330, 2352, 4407, 2.97, 266.63, 7.50, 2.97, 266.50, 7.54, 0.01, 184.32, 19.05);
insert into SHOT values (2291, 2330, 2353, 4407, 3.66, 254.23, 8.00, 3.66, 254.16, 8.00, 0.01, 203.59, 6.83);
insert into SHOT values (2292, 2353, 2354, 4407, 3.61, 254.93, 8.30, 3.61, 254.91, 8.28, 0.00, 214.21, -41.59);
insert into SHOT values (2293, 2353, 2355, 4407, 3.69, 253.83, 8.00, 3.69, 253.80, 8.10, 0.01, 193.42, 70.76);
insert into SHOT values (2294, 2353, 2356, 4407, 3.72, 253.63, 7.80, 3.72, 253.63, 7.87, 0.01, 254.61, 51.92);
insert into SHOT values (2295, 2353, 2357, 4407, 1.68, 199.83, 13.20, 1.68, 199.98, 13.39, 0.01, 255.60, 49.70);
insert into SHOT values (2296, 2353, 2358, 4407, 2.60, 172.93, 5.20, 2.60, 172.90, 5.29, 0.00, 109.17, 74.18);
insert into SHOT values (2297, 2353, 2359, 4407, 4.91, 156.43, 5.40, 4.91, 156.48, 5.49, 0.01, 273.42, 58.31);
insert into SHOT values (2298, 2353, 2360, 4407, 6.63, 137.73, 5.30, 6.63, 137.70, 5.37, 0.01, 351.81, 56.99);
insert into SHOT values (2299, 2353, 2361, 4407, 5.45, 122.53, 4.50, 5.45, 122.52, 4.53, 0.00, 326.22, 54.76);
insert into SHOT values (2300, 2353, 2362, 4407, 5.08, 108.73, 4.40, 5.07, 108.69, 4.41, 0.01, 311.86, 1.66);
insert into SHOT values (2301, 2353, 2363, 4407, 4.96, 42.33, 7.90, 4.96, 42.36, 7.88, 0.00, 140.21, -31.07);
insert into SHOT values (2302, 2353, 2364, 4407, 4.79, 63.33, 8.70, 4.79, 63.27, 8.76, 0.01, 347.38, 49.74);
insert into SHOT values (2303, 2353, 2365, 4407, 5.26, 103.53, 8.00, 5.26, 103.56, 8.09, 0.01, 249.11, 59.82);
insert into SHOT values (2304, 2353, 2366, 4407, 5.39, 91.33, 35.80, 5.39, 91.31, 35.86, 0.01, 339.49, 79.46);
insert into SHOT values (2305, 2353, 2367, 4407, 9.59, 107.53, 56.90, 9.59, 107.47, 56.95, 0.01, 330.95, 37.40);
insert into SHOT values (2306, 2353, 2368, 4407, 13.19, 113.53, 75.30, 13.19, 113.42, 75.31, 0.01, 10.85, 15.68);
insert into SHOT values (2307, 2353, 2369, 4407, 0.83, 232.93, -0.00, 0.83, 232.85, 0.00, 0.00, 81.04, 0.00);
insert into SHOT values (2308, 2353, 2370, 4407, 2.27, 193.83, -4.60, 2.26, 193.85, -4.56, 0.01, 6.09, 15.99);
insert into SHOT values (2309, 2353, 2371, 4407, 3.16, 180.03, 6.60, 3.16, 180.00, 6.72, 0.01, 122.58, 75.56);
insert into SHOT values (2310, 2353, 2372, 4407, 4.46, 155.73, 0.40, 4.45, 155.74, 0.39, 0.01, 328.84, -9.81);
insert into SHOT values (2311, 2353, 2373, 4407, 5.03, 140.63, 1.20, 5.02, 140.57, 1.25, 0.01, 358.71, 31.86);
insert into SHOT values (2312, 2353, 2374, 4407, 5.05, 49.63, 6.00, 5.05, 49.52, 6.02, 0.01, 317.17, 13.09);
insert into SHOT values (2313, 2353, 2375, 4407, 5.02, 78.23, 8.40, 5.02, 78.15, 8.48, 0.01, 346.01, 43.87);
insert into SHOT values (2314, 2353, 2376, 4407, 5.19, 108.83, 9.40, 5.18, 108.82, 9.44, 0.01, 290.49, 19.00);
insert into SHOT values (2315, 2353, 2377, 4407, 6.36, 89.73, 45.30, 6.36, 89.74, 45.32, 0.00, 249.52, -10.27);
insert into SHOT values (2316, 2353, 2378, 4407, 12.16, 92.23, 70.80, 12.16, 92.15, 70.84, 0.01, 311.95, 38.36);
insert into SHOT values (2317, 2353, 2379, 4407, 2.47, 253.23, 73.50, 2.47, 253.38, 73.56, 0.00, 34.36, 30.07);
insert into SHOT values (2318, 2353, 2380, 4407, 6.94, 177.53, -59.30, 6.93, 177.57, -59.27, 0.01, 267.38, 68.60);
insert into SHOT values (2319, 2353, 2381, 4407, 6.75, 161.53, -62.10, 6.74, 161.51, -62.12, 0.01, 352.04, 42.89);
insert into SHOT values (2320, 2353, 2382, 4407, 6.71, 153.83, -65.90, 6.71, 153.81, -65.87, 0.01, 125.10, 70.60);
insert into SHOT values (2321, 2353, 2383, 4407, 6.68, 143.53, -69.60, 6.68, 143.57, -69.63, 0.00, 300.09, 12.30);
insert into SHOT values (2322, 2353, 2384, 4407, 6.55, 124.53, -73.00, 6.55, 124.35, -73.00, 0.01, 22.78, 32.81);
insert into SHOT values (2323, 2353, 2385, 4407, 6.42, 108.23, -75.10, 6.42, 108.00, -75.09, 0.01, 17.81, 31.85);
insert into SHOT values (2324, 2353, 2386, 4407, 6.46, 123.13, -76.30, 6.45, 122.96, -76.33, 0.01, 348.06, 44.76);
insert into SHOT values (2325, 2353, 2387, 4407, 6.38, 89.93, -78.70, 6.37, 90.00, -78.69, 0.01, 184.85, 75.79);
insert into SHOT values (2326, 2353, 2388, 4407, 6.27, 57.83, -78.30, 6.27, 57.56, -78.33, 0.01, 295.45, -2.26);
insert into SHOT values (2327, 2353, 2389, 4407, 7.04, 97.73, -55.80, 7.04, 97.70, -55.80, 0.00, 330.79, 48.64);
insert into SHOT values (2328, 2353, 2390, 4407, 6.40, 122.03, -40.10, 6.40, 121.97, -40.10, 0.01, 356.31, 21.15);
insert into SHOT values (2329, 2353, 2391, 4407, 6.24, 200.23, -58.40, 6.24, 200.21, -58.36, 0.01, 167.02, 67.10);
insert into SHOT values (2330, 2353, 2392, 4407, 5.58, 180.73, -42.10, 5.58, 180.69, -42.09, 0.00, 92.45, 21.20);
insert into SHOT values (2331, 2353, 2393, 4407, 5.24, 232.53, -79.20, 5.23, 232.90, -79.23, 0.01, 354.24, 44.15);
insert into SHOT values (2332, 2393, 2394, 4407, 3.98, 169.93, 0.40, 3.98, 170.02, 0.29, 0.01, 256.67, -51.15);
insert into SHOT values (2333, 2393, 2395, 4407, 4.38, 154.63, 2.10, 4.38, 154.72, 2.09, 0.01, 227.39, -3.74);
insert into SHOT values (2334, 2393, 2396, 4407, 4.91, 134.83, -1.70, 4.91, 134.83, -1.75, 0.00, 260.93, -78.99);
insert into SHOT values (2335, 2393, 2397, 4407, 5.17, 112.03, 6.80, 5.17, 112.07, 6.77, 0.01, 166.94, -24.13);
insert into SHOT values (2336, 2393, 2398, 4407, 4.52, 92.23, 5.80, 4.52, 92.30, 5.72, 0.01, 213.35, -47.07);
insert into SHOT values (2337, 2393, 2399, 4407, 4.66, 148.73, 17.20, 4.66, 148.77, 17.09, 0.01, 189.83, -56.55);
insert into SHOT values (2338, 2393, 2400, 4407, 3.61, 169.93, 26.70, 3.61, 170.01, 26.64, 0.01, 221.30, -18.28);
insert into SHOT values (2339, 2393, 2401, 4407, 5.39, 185.53, 24.50, 5.39, 185.49, 24.42, 0.01, 163.60, -31.58);
insert into SHOT values (2340, 2393, 2402, 4407, 4.86, 188.93, 36.30, 4.86, 188.96, 36.22, 0.01, 254.03, -72.25);
insert into SHOT values (2341, 2393, 2403, 4407, 3.91, 188.53, 47.20, 3.91, 188.65, 47.07, 0.01, 245.71, -53.04);
insert into SHOT values (2342, 2393, 2404, 4407, 4.28, 198.83, 34.40, 4.28, 198.79, 34.26, 0.01, 182.71, -47.19);
insert into SHOT values (2343, 2393, 2405, 4407, 2.47, 201.93, 35.30, 2.46, 201.85, 35.18, 0.01, 89.29, -69.24);
insert into SHOT values (2344, 2393, 2406, 4407, 4.91, 194.73, 19.10, 4.91, 194.72, 19.02, 0.01, 191.04, -67.33);
insert into SHOT values (2345, 2393, 2407, 4407, 6.52, 188.53, 6.70, 6.53, 188.52, 6.69, 0.01, 178.65, -6.48);
insert into SHOT values (2346, 2393, 2408, 4407, 9.33, 182.63, -4.60, 9.33, 182.65, -4.61, 0.00, 272.65, -24.85);
insert into SHOT values (2347, 2393, 2409, 4407, 7.58, 186.63, -4.70, 7.59, 186.61, -4.76, 0.01, 163.03, -55.01);
insert into SHOT values (2348, 2393, 2410, 4407, 2.40, 185.63, -9.70, 2.41, 185.57, -9.81, 0.01, 161.09, -42.98);
insert into SHOT values (2349, 2393, 2411, 4407, 8.58, 180.63, -9.90, 8.59, 180.61, -9.92, 0.01, 163.30, -29.32);
insert into SHOT values (2350, 2393, 2412, 4407, 4.23, 173.53, -15.00, 4.23, 173.54, -15.07, 0.01, 253.84, -82.85);
insert into SHOT values (2351, 2393, 2413, 4407, 4.56, 175.33, -19.20, 4.57, 175.35, -19.17, 0.01, 186.03, -2.63);
insert into SHOT values (2352, 2393, 2414, 4407, 2.80, 179.63, -22.10, 2.81, 179.56, -22.18, 0.01, 151.72, -45.06);
insert into SHOT values (2353, 2393, 2415, 4407, 2.99, 173.23, -24.90, 3.00, 173.24, -24.86, 0.01, 178.78, -9.12);
insert into SHOT values (2354, 2393, 2416, 4407, 4.21, 199.43, 9.40, 4.21, 199.39, 9.29, 0.01, 154.05, -66.29);
insert into SHOT values (2355, 2393, 2417, 4407, 5.44, 141.63, 16.00, 5.44, 141.68, 16.02, 0.01, 266.92, 4.89);
insert into SHOT values (2356, 2393, 2418, 4407, 7.46, 124.53, 27.20, 7.46, 124.62, 27.20, 0.01, 214.32, 0.25);
insert into SHOT values (2357, 2393, 2419, 4407, 7.60, 118.43, 27.40, 7.60, 118.50, 27.35, 0.01, 205.62, -40.33);
insert into SHOT values (2358, 2393, 2420, 4407, 10.10, 181.53, -5.30, 10.11, 181.54, -5.34, 0.01, 196.66, -45.04);
insert into SHOT values (2359, 2393, 2421, 4407, 2.92, 181.93, -5.20, 2.92, 181.97, -5.30, 0.01, 211.23, -51.34);
insert into SHOT values (2360, 2421, 2422, 4407, 1.25, 147.13, 11.10, 1.25, 146.96, 11.05, 0.00, 87.23, -8.78);
insert into SHOT values (2361, 2421, 2423, 4407, 1.38, 165.23, 8.10, 1.38, 165.15, 8.33, 0.01, 56.60, 70.72);
insert into SHOT values (2362, 2421, 2424, 4407, 5.44, 178.03, 2.20, 5.44, 178.00, 2.21, 0.00, 45.73, 16.45);
insert into SHOT values (2363, 2421, 2425, 4407, 4.30, 188.43, 3.00, 4.30, 188.43, 3.06, 0.01, 197.44, 64.51);
insert into SHOT values (2364, 2421, 2426, 4407, 3.20, 194.33, 3.40, 3.20, 194.30, 3.40, 0.01, 174.72, 2.51);
insert into SHOT values (2365, 2421, 2427, 4407, 1.82, 202.03, 6.60, 1.82, 202.04, 6.61, 0.00, 205.80, 10.32);
insert into SHOT values (2366, 2421, 2428, 4407, 1.74, 212.83, 10.20, 1.74, 212.86, 10.25, 0.00, 239.64, 44.43);
insert into SHOT values (2367, 2421, 2429, 4407, 0.81, 222.63, 14.70, 0.81, 222.42, 14.96, 0.01, 170.43, 51.25);
insert into SHOT values (2368, 2421, 2430, 4407, 1.86, 250.63, 35.30, 1.86, 250.73, 35.49, 0.01, 30.15, 51.60);
insert into SHOT values (2369, 2421, 2431, 4407, 2.40, 212.83, 40.00, 2.40, 212.83, 39.86, 0.01, 213.32, -23.87);
insert into SHOT values (2370, 2421, 2432, 4407, 3.44, 191.83, 49.60, 3.44, 191.92, 49.62, 0.00, 305.88, 4.69);
insert into SHOT values (2371, 2421, 2433, 4407, 3.05, 205.53, 67.20, 3.05, 205.48, 67.13, 0.00, 190.95, -25.57);
insert into SHOT values (2372, 2421, 2434, 4407, 3.22, 232.33, 73.70, 3.22, 232.24, 73.79, 0.01, 66.37, -5.63);
insert into SHOT values (2373, 2421, 2435, 4407, 1.68, 179.03, 70.80, 1.68, 178.96, 70.92, 0.00, 14.33, 54.12);
insert into SHOT values (2374, 2421, 2436, 4407, 2.55, 262.93, 86.60, 2.55, 262.41, 86.60, 0.00, 176.66, 72.90);
insert into SHOT values (2375, 2421, 2437, 4407, 3.86, 205.43, 12.80, 3.86, 205.48, 12.86, 0.01, 262.09, 51.07);
insert into SHOT values (2376, 2421, 2438, 4407, 0.81, 217.83, 17.80, 0.81, 217.61, 17.99, 0.00, 105.68, 37.68);
insert into SHOT values (2377, 2421, 2439, 4407, 4.09, 216.93, 17.10, 4.09, 216.90, 17.05, 0.01, 195.41, -26.93);
insert into SHOT values (2378, 2421, 2440, 4407, 1.92, 206.53, 9.10, 1.93, 206.57, 9.26, 0.01, 221.22, 51.80);
insert into SHOT values (2379, 2421, 2441, 4407, 3.62, 215.93, 18.40, 3.61, 215.87, 18.38, 0.01, 74.72, -25.10);
insert into SHOT values (2380, 2421, 2442, 4407, 3.65, 217.13, 17.20, 3.65, 217.07, 17.22, 0.00, 90.00, 8.32);
insert into SHOT values (2381, 2442, 2443, 4407, 2.06, 262.03, 2.80, 2.06, 261.91, 2.78, 0.01, 207.04, -6.96);
insert into SHOT values (2382, 2442, 2444, 4407, 2.44, 270.63, 3.90, 2.45, 270.70, 3.99, 0.01, 300.13, 31.10);
insert into SHOT values (2383, 2442, 2445, 4407, 2.94, 283.23, 5.10, 2.94, 283.23, 5.07, 0.00, 92.80, -63.37);
insert into SHOT values (2384, 2442, 2446, 4407, 3.22, 293.03, 5.10, 3.23, 292.89, 5.16, 0.01, 241.21, 21.66);
insert into SHOT values (2385, 2442, 2447, 4407, 3.53, 300.93, 4.30, 3.53, 300.94, 4.39, 0.01, 335.28, 79.65);
insert into SHOT values (2386, 2442, 2448, 4407, 4.64, 304.93, 5.00, 4.64, 304.96, 5.07, 0.01, 356.48, 57.46);
insert into SHOT values (2387, 2442, 2449, 4407, 4.94, 311.23, 5.20, 4.94, 311.21, 5.23, 0.00, 177.24, 45.00);
insert into SHOT values (2388, 2442, 2450, 4407, 2.48, 324.13, 3.50, 2.47, 324.06, 3.47, 0.01, 174.63, -13.43);
insert into SHOT values (2389, 2442, 2451, 4407, 2.13, 338.73, 7.50, 2.13, 338.65, 7.54, 0.00, 298.98, 24.39);
insert into SHOT values (2390, 2442, 2452, 4407, 1.79, 2.23, 6.20, 1.79, 2.25, 6.09, 0.00, 25.17, -58.88);
insert into SHOT values (2391, 2442, 2453, 4407, 1.76, 22.53, 2.90, 1.76, 22.47, 2.94, 0.01, 223.32, 10.85);
insert into SHOT values (2392, 2442, 2454, 4407, 9.04, 34.63, 1.70, 9.03, 34.62, 1.71, 0.01, 219.72, 14.34);
insert into SHOT values (2393, 2442, 2455, 4407, 3.40, 282.23, -4.60, 3.41, 282.24, -4.54, 0.01, 286.06, 18.19);
insert into SHOT values (2394, 2442, 2456, 4407, 2.67, 272.63, 10.50, 2.68, 272.61, 10.54, 0.01, 267.52, 24.66);
insert into SHOT values (2395, 2442, 2457, 4407, 4.78, 309.43, 11.10, 4.79, 309.38, 11.08, 0.01, 278.69, -2.11);
insert into SHOT values (2396, 2442, 2458, 4407, 4.72, 307.83, -2.60, 4.72, 307.77, -2.55, 0.01, 253.36, 34.82);
insert into SHOT values (2397, 2442, 2459, 4407, 1.79, 1.93, -0.20, 1.79, 1.92, -0.32, 0.00, 349.60, -74.50);
insert into SHOT values (2398, 2442, 2460, 4407, 4.86, 315.83, 8.00, 4.86, 315.76, 8.04, 0.01, 253.78, 28.60);
insert into SHOT values (2399, 2460, 2461, 4407, 1.71, 148.83, 2.60, 1.71, 148.63, 2.34, 0.01, 74.67, -51.67);
insert into SHOT values (2400, 2460, 2462, 4407, 1.78, 128.13, 6.70, 1.78, 128.10, 6.46, 0.01, 335.74, -78.08);
insert into SHOT values (2401, 2460, 2463, 4407, 2.13, 109.53, 6.80, 2.14, 109.54, 6.72, 0.01, 114.75, -16.77);
insert into SHOT values (2402, 2460, 2464, 4407, 1.80, 98.03, 8.60, 1.80, 98.08, 8.64, 0.00, 237.56, 16.89);
insert into SHOT values (2403, 2460, 2465, 4407, 4.15, 134.23, -3.80, 4.15, 134.22, -3.87, 0.01, 122.49, -57.00);
insert into SHOT values (2404, 2460, 2466, 4407, 4.51, 146.03, -6.80, 4.51, 146.03, -6.88, 0.01, 327.16, -52.74);
insert into SHOT values (2405, 2460, 2467, 4407, 1.37, 170.63, -6.60, 1.37, 170.68, -6.72, 0.00, 329.15, -38.36);
insert into SHOT values (2406, 2460, 2468, 4407, 1.08, 191.13, -6.60, 1.08, 190.78, -6.93, 0.01, 69.19, -37.92);
insert into SHOT values (2407, 2460, 2469, 4407, 1.40, 177.43, 21.40, 1.40, 177.36, 21.40, 0.00, 34.41, -17.51);
insert into SHOT values (2408, 2460, 2470, 4407, 3.18, 147.83, 36.90, 3.18, 147.68, 36.90, 0.01, 67.04, 5.91);
insert into SHOT values (2409, 2460, 2471, 4407, 3.40, 156.03, 42.00, 3.40, 155.97, 41.91, 0.01, 110.55, -54.36);
insert into SHOT values (2410, 2460, 2472, 4407, 2.94, 170.93, 39.90, 2.94, 170.83, 39.77, 0.01, 122.49, -48.82);
insert into SHOT values (2411, 2460, 2473, 4407, 3.36, 169.53, 48.30, 3.36, 169.44, 48.28, 0.00, 119.11, 16.99);
insert into SHOT values (2412, 2460, 2474, 4407, 3.25, 161.73, 35.80, 3.25, 161.63, 35.80, 0.00, 49.12, -13.49);
insert into SHOT values (2413, 2460, 2475, 4407, 1.50, 122.53, -5.60, 1.50, 122.41, -5.74, 0.00, 26.23, -50.36);
insert into SHOT values (2414, 2460, 2476, 4407, 1.27, 139.53, -20.40, 1.27, 139.09, -20.70, 0.01, 53.16, -38.51);
insert into SHOT values (2415, 2460, 2477, 4407, 2.24, 152.93, -27.10, 2.24, 152.79, -27.14, 0.01, 23.64, 3.95);
insert into SHOT values (2416, 2421, 2478, 4407, 4.87, 189.83, -29.00, 4.87, 189.86, -28.97, 0.00, 224.45, 13.27);
insert into SHOT values (2417, 2478, 2479, 4407, 3.16, 199.23, 14.70, 3.15, 199.15, 14.70, 0.01, 47.19, -11.84);
insert into SHOT values (2418, 2478, 2480, 4407, 2.48, 211.13, 17.50, 2.48, 211.13, 17.63, 0.01, 29.64, 38.26);
insert into SHOT values (2419, 2478, 2481, 4407, 1.92, 216.33, 18.20, 1.92, 216.30, 18.21, 0.00, 137.60, 23.53);
insert into SHOT values (2420, 2478, 2482, 4407, 1.08, 244.33, 21.70, 1.07, 244.46, 21.85, 0.01, 42.91, 5.95);
insert into SHOT values (2421, 2478, 2483, 4407, 1.16, 272.73, 29.80, 1.16, 272.86, 30.08, 0.01, 68.90, 30.92);
insert into SHOT values (2422, 2478, 2484, 4407, 1.42, 288.83, 18.60, 1.42, 289.11, 18.51, 0.01, 33.94, -23.09);
insert into SHOT values (2423, 2478, 2485, 4407, 1.74, 309.53, 13.40, 1.74, 309.72, 13.32, 0.01, 63.79, -27.57);
insert into SHOT values (2424, 2478, 2486, 4407, 2.34, 325.73, 14.20, 2.34, 325.96, 14.10, 0.01, 54.20, -23.55);
insert into SHOT values (2425, 2478, 2487, 4407, 2.87, 340.13, 13.10, 2.87, 340.14, 13.09, 0.00, 11.34, -22.54);
insert into SHOT values (2426, 2478, 2488, 4407, 3.31, 0.13, 11.40, 3.31, 0.18, 11.31, 0.01, 27.91, -35.24);
insert into SHOT values (2427, 2478, 2489, 4407, 4.34, 13.33, 12.50, 4.35, 13.35, 12.49, 0.01, 25.40, 4.83);
insert into SHOT values (2428, 2478, 2490, 4407, 2.52, 24.63, 14.20, 2.52, 24.68, 14.24, 0.00, 111.68, 40.56);
insert into SHOT values (2429, 2478, 2491, 4407, 2.13, 38.03, 16.60, 2.13, 38.05, 16.61, 0.00, 50.66, 24.32);
insert into SHOT values (2430, 2478, 2492, 4407, 1.91, 52.63, 18.50, 1.91, 52.62, 18.60, 0.00, 46.26, 78.86);
insert into SHOT values (2431, 2478, 2493, 4407, 1.86, 152.33, 16.10, 1.86, 152.29, 16.24, 0.00, 1.04, 57.89);
insert into SHOT values (2432, 2478, 2494, 4407, 2.04, 122.53, 13.80, 2.04, 122.40, 13.91, 0.01, 356.13, 32.87);
insert into SHOT values (2433, 2478, 2495, 4407, 2.21, 100.33, 15.20, 2.21, 100.26, 15.20, 0.00, 38.80, 10.71);
insert into SHOT values (2434, 2478, 2496, 4407, 2.07, 89.33, 10.20, 2.07, 89.16, 10.28, 0.01, 25.20, 27.12);
insert into SHOT values (2435, 2478, 2497, 4407, 4.34, 317.83, -16.20, 4.34, 317.92, -16.21, 0.01, 81.17, 5.75);
insert into SHOT values (2436, 2478, 2498, 4407, 3.84, 337.93, -12.50, 3.85, 337.94, -12.46, 0.01, 348.54, 10.79);
insert into SHOT values (2437, 2478, 2499, 4407, 3.92, 16.73, -8.90, 3.92, 16.80, -8.95, 0.01, 78.77, -32.87);
insert into SHOT values (2438, 2478, 2500, 4407, 3.29, 32.83, -2.60, 3.29, 32.97, -2.61, 0.01, 102.08, -5.08);
insert into SHOT values (2439, 2478, 2501, 4407, 2.36, 35.83, -0.30, 2.37, 35.90, -0.24, 0.01, 52.71, 12.27);
insert into SHOT values (2440, 2478, 2502, 4407, 2.05, 55.23, 10.10, 2.05, 55.29, 10.11, 0.00, 115.69, 11.59);
insert into SHOT values (2441, 2478, 2503, 4407, 1.89, 66.03, 12.90, 1.90, 66.07, 12.80, 0.01, 77.57, -15.98);
insert into SHOT values (2442, 2478, 2504, 4407, 1.82, 334.43, 32.60, 1.82, 334.60, 32.49, 0.01, 14.93, -4.48);
insert into SHOT values (2443, 2478, 2505, 4407, 3.61, 352.93, 34.80, 3.61, 353.02, 34.82, 0.01, 109.64, -2.97);
insert into SHOT values (2444, 2478, 2506, 4407, 3.17, 293.03, 80.20, 3.17, 293.20, 80.30, 0.01, 99.14, -29.35);
insert into SHOT values (2445, 2478, 2507, 4407, 3.69, 356.13, 76.20, 3.69, 356.10, 76.16, 0.00, 343.31, -61.38);
insert into SHOT values (2446, 2478, 2508, 4407, 3.18, 205.83, 13.40, 3.17, 205.73, 13.48, 0.01, 59.93, 18.96);
insert into SHOT values (2447, 2508, 2509, 4407, 3.05, 239.13, -8.10, 3.06, 239.20, -8.09, 0.01, 266.25, -1.73);
insert into SHOT values (2448, 2508, 2510, 4407, 2.35, 246.13, -7.50, 2.35, 245.96, -7.57, 0.01, 175.47, -24.73);
insert into SHOT values (2449, 2508, 2511, 4407, 2.53, 257.03, -9.50, 2.54, 257.07, -9.52, 0.01, 271.22, -16.15);
insert into SHOT values (2450, 2508, 2512, 4407, 2.39, 250.93, -17.90, 2.39, 250.77, -18.00, 0.01, 184.56, -38.40);
insert into SHOT values (2451, 2508, 2513, 4407, 3.19, 237.73, -14.90, 3.19, 237.70, -14.87, 0.01, 221.54, 2.75);
insert into SHOT values (2452, 2508, 2514, 4407, 1.59, 264.73, -12.20, 1.59, 264.47, -12.32, 0.01, 199.11, -27.74);
insert into SHOT values (2453, 2508, 2515, 4407, 1.23, 284.83, -8.40, 1.23, 284.72, -8.39, 0.00, 249.60, -4.59);
insert into SHOT values (2454, 2508, 2516, 4407, 0.86, 310.83, -3.40, 0.86, 310.75, -3.34, 0.00, 197.38, 37.28);
insert into SHOT values (2455, 2508, 2517, 4407, 0.75, 281.83, 13.80, 0.76, 281.77, 13.75, 0.01, 275.78, 8.75);
insert into SHOT values (2456, 2508, 2518, 4407, 1.12, 241.83, 11.10, 1.12, 241.81, 10.80, 0.01, 226.58, -74.13);
insert into SHOT values (2457, 2508, 2519, 4407, 1.50, 243.73, 3.50, 1.51, 243.60, 3.42, 0.01, 225.79, -8.59);
insert into SHOT values (2458, 2508, 2520, 4407, 1.08, 233.93, -5.10, 1.08, 233.66, -5.29, 0.01, 184.58, -31.12);
insert into SHOT values (2459, 2508, 2521, 4407, 1.08, 234.53, -13.00, 1.08, 234.65, -13.34, 0.01, 282.81, -66.41);
insert into SHOT values (2460, 2508, 2522, 4407, 1.90, 280.03, -23.90, 1.90, 279.95, -23.92, 0.00, 167.31, -5.27);
insert into SHOT values (2461, 2508, 2523, 4407, 1.09, 302.13, -25.70, 1.10, 301.76, -25.91, 0.01, 254.27, -40.55);
insert into SHOT values (2462, 2508, 2524, 4407, 1.20, 296.63, -39.70, 1.20, 296.29, -39.75, 0.01, 230.72, -30.13);
insert into SHOT values (2463, 2508, 2525, 4407, 1.76, 273.23, -29.80, 1.77, 272.99, -29.87, 0.01, 220.80, -34.03);
insert into SHOT values (2464, 2508, 2526, 4407, 7.17, 201.93, -46.60, 7.17, 201.93, -46.60, 0.00, 277.13, -51.77);
insert into SHOT values (2465, 2508, 2527, 4407, 5.39, 192.13, -41.80, 5.40, 192.20, -41.84, 0.01, 255.24, -50.54);
insert into SHOT values (2466, 2508, 2528, 4407, 1.77, 201.53, -40.40, 1.78, 201.64, -40.31, 0.01, 221.49, -19.15);
insert into SHOT values (2467, 2508, 2529, 4407, 1.59, 213.53, -42.20, 1.59, 213.55, -42.30, 0.00, 16.79, -44.54);
insert into SHOT values (2468, 2508, 2530, 4407, 1.59, 228.03, -44.80, 1.59, 227.86, -44.67, 0.01, 192.54, 3.76);
insert into SHOT values (2469, 2508, 2531, 4407, 1.07, 213.73, -61.20, 1.07, 214.00, -61.11, 0.00, 251.31, -30.45);
insert into SHOT values (2470, 2508, 2532, 4407, 0.72, 194.73, -62.70, 0.72, 195.71, -62.55, 0.01, 264.14, -1.84);
insert into SHOT values (2471, 2508, 2533, 4407, 0.76, 160.53, -47.50, 0.76, 160.87, -47.20, 0.01, 191.13, 3.14);
insert into SHOT values (2472, 2508, 2534, 4407, 0.63, 2.53, 14.90, 0.63, 1.88, 14.69, 0.01, 284.54, -15.75);
insert into SHOT values (2473, 2508, 2535, 4407, 1.94, 14.53, 17.90, 1.93, 14.49, 17.79, 0.01, 203.42, -39.13);
insert into SHOT values (2474, 2508, 2536, 4407, 1.57, 78.93, 15.30, 1.56, 78.91, 15.21, 0.01, 262.16, -34.53);
insert into SHOT values (2475, 2508, 2537, 4407, 1.77, 71.03, 6.70, 1.77, 71.05, 6.50, 0.01, 237.40, -66.29);
insert into SHOT values (2476, 2508, 2538, 4407, 2.70, 65.93, 8.10, 2.70, 65.93, 8.09, 0.00, 238.96, -32.78);
insert into SHOT values (2477, 2508, 2539, 4407, 3.14, 67.53, 12.80, 3.14, 67.54, 12.70, 0.01, 127.91, -82.86);
insert into SHOT values (2478, 2508, 2540, 4407, 4.34, 54.53, 11.60, 4.33, 54.59, 11.58, 0.01, 197.51, -19.66);
insert into SHOT values (2479, 2508, 2541, 4407, 1.89, 60.63, 3.90, 1.88, 60.71, 3.95, 0.01, 213.34, 13.93);
insert into SHOT values (2480, 2508, 2542, 4407, 1.57, 50.73, -8.20, 1.57, 50.76, -8.44, 0.01, 218.94, -52.11);
insert into SHOT values (2481, 2508, 2543, 4407, 2.50, 245.93, -13.90, 2.50, 245.97, -13.87, 0.00, 268.55, 7.59);
insert into SHOT values (2482, 2508, 2544, 4407, 4.03, 51.53, 2.30, 4.02, 51.56, 2.28, 0.01, 205.96, -16.57);
insert into SHOT values (2483, 2508, 2545, 4407, 4.36, 42.23, -0.10, 4.36, 42.21, -0.13, 0.00, 351.72, -58.09);
insert into SHOT values (2484, 2508, 2546, 4407, 4.40, 37.73, -0.10, 4.40, 37.70, -0.13, 0.00, 267.23, -44.60);
insert into SHOT values (2485, 2508, 2547, 4407, 4.82, 32.23, -1.50, 4.82, 32.27, -1.55, 0.01, 175.26, -32.24);
insert into SHOT values (2486, 2508, 2548, 4407, 6.81, 12.63, -7.50, 6.81, 12.57, -7.51, 0.01, 284.68, -10.30);
insert into SHOT values (2487, 2508, 2549, 4407, 6.25, 12.83, -1.00, 6.25, 12.77, -1.01, 0.01, 247.05, -6.61);
insert into SHOT values (2488, 2508, 2550, 4407, 5.82, 19.83, 0.70, 5.81, 19.81, 0.69, 0.01, 220.20, -10.40);
insert into SHOT values (2489, 2508, 2551, 4407, 4.69, 31.43, -10.10, 4.69, 31.35, -10.20, 0.01, 270.10, -45.04);
insert into SHOT values (2490, 2508, 2552, 4407, 4.41, 40.53, -11.80, 4.41, 40.49, -11.79, 0.01, 256.64, 19.28);
insert into SHOT values (2491, 2508, 2553, 4407, 6.82, 13.83, -7.20, 6.82, 13.77, -7.25, 0.01, 268.77, -36.52);
insert into SHOT values (2492, 2508, 2554, 4407, 2.32, 2.13, -3.80, 2.32, 1.98, -3.96, 0.01, 240.80, -42.67);
insert into SHOT values (2493, 2508, 2555, 4407, 6.25, 8.93, 0.40, 6.25, 8.93, 0.37, 0.01, 177.47, -41.21);
insert into SHOT values (2494, 2508, 2556, 4407, 12.39, 15.13, 4.00, 12.39, 15.10, 3.98, 0.01, 253.94, -37.34);
insert into SHOT values (2495, 2508, 2557, 4407, 5.85, 20.63, 4.90, 5.84, 20.61, 4.91, 0.01, 213.69, 2.98);
insert into SHOT values (2496, 2508, 2558, 4407, 4.56, 34.13, -13.70, 4.56, 34.05, -13.70, 0.01, 295.64, -0.17);
insert into SCRAPS values (4408, 4405, 'purgatory-1p', 1);
 insert into MAPS values (4445, 4405, 'm1p', NULL, 1, 30.880, 7.770);
 insert into MAPITEMS values (4445, 4, 4408);
 insert into SURVEY values (4447, 22, 'bath', 'bath.primadona.sistem_prima', 'Bath');
 insert into CENTRELINE values (4448, 4447, NULL, NULL, NULL, 0.00, 0.00, 0.00);
 insert into CENTRELINE values (4449, 4447, NULL, '2018-07-24', NULL, 106.59, 0.00, 0.00);
 insert into PERSON values (35, 'Chris', 'Bradley');
insert into TOPO values (35, 4449);
 insert into PERSON values (36, 'Jennifer', 'Ryder');
insert into TOPO values (36, 4449);
 insert into EXPLO values (35, 4449);
 insert into EXPLO values (17, 4449);
 insert into EXPLO values (36, 4449);
 insert into SHOT values (2497, 2559, 2560, 4449, 3.56, 359.63, -0.10, 3.56, 359.68, -0.16, 0.00, 88.54, -49.96);
insert into SHOT values (2498, 2559, 2561, 4449, 3.01, 342.73, -1.70, 3.02, 342.83, -1.71, 0.01, 25.56, -5.18);
insert into SHOT values (2499, 2559, 2562, 4449, 4.17, 316.83, -5.60, 4.17, 316.85, -5.64, 0.00, 351.84, -42.09);
insert into SHOT values (2500, 2559, 2563, 4449, 2.79, 310.83, -4.50, 2.79, 310.91, -4.53, 0.01, 71.16, -12.61);
insert into SHOT values (2501, 2559, 2564, 4449, 2.02, 301.23, -7.40, 2.02, 301.31, -7.40, 0.00, 63.17, 2.89);
insert into SHOT values (2502, 2559, 2565, 4449, 3.77, 11.53, -3.60, 3.78, 11.64, -3.65, 0.01, 67.76, -20.47);
insert into SHOT values (2503, 2559, 2566, 4449, 1.43, 145.03, 0.50, 1.43, 144.98, 0.40, 0.00, 12.00, -54.52);
insert into SHOT values (2504, 2559, 2567, 4449, 1.43, 171.93, 6.90, 1.42, 171.87, 6.85, 0.01, 6.46, -17.75);
insert into SHOT values (2505, 2559, 2568, 4449, 2.92, 195.93, 7.10, 2.91, 195.86, 7.10, 0.01, 38.85, -6.39);
insert into SHOT values (2506, 2559, 2569, 4449, 2.68, 304.33, -17.20, 2.68, 304.50, -17.15, 0.01, 34.04, 18.19);
insert into SHOT values (2507, 2569, 2570, 4449, 1.38, 333.33, -8.00, 1.38, 333.43, -7.93, 0.00, 108.32, 29.52);
insert into SHOT values (2508, 2569, 2571, 4449, 2.23, 4.73, -4.10, 2.22, 4.66, -4.13, 0.01, 206.11, -4.28);
insert into SHOT values (2509, 2569, 2572, 4449, 2.07, 27.33, -2.00, 2.06, 27.43, -1.94, 0.01, 177.74, 15.89);
insert into SHOT values (2510, 2569, 2573, 4449, 2.56, 47.53, 1.30, 2.56, 47.70, 1.34, 0.01, 164.66, 12.76);
insert into SHOT values (2511, 2569, 2574, 4449, 3.85, 82.93, -5.80, 3.85, 82.95, -5.82, 0.00, 214.78, -25.00);
insert into SHOT values (2512, 2569, 2575, 4449, 3.36, 109.63, -3.50, 3.36, 109.68, -3.58, 0.01, 162.26, -53.00);
insert into SHOT values (2513, 2569, 2576, 4449, 2.70, 122.33, -2.10, 2.70, 122.45, -2.12, 0.01, 179.97, -8.45);
insert into SHOT values (2514, 2569, 2577, 4449, 1.64, 126.03, -1.50, 1.65, 126.10, -1.74, 0.01, 144.33, -45.02);
insert into SHOT values (2515, 2569, 2578, 4449, 5.40, 280.23, -88.30, 5.40, 277.13, -88.29, 0.01, 195.54, -15.18);
insert into SHOT values (2516, 2569, 2579, 4449, 5.64, 11.33, -70.50, 5.64, 11.37, -70.57, 0.01, 177.80, -30.25);
insert into SHOT values (2517, 2569, 2580, 4449, 7.16, 45.63, -59.70, 7.16, 45.67, -59.73, 0.01, 199.03, 16.10);
insert into SHOT values (2518, 2569, 2581, 4449, 7.72, 49.83, -55.80, 7.73, 49.86, -55.80, 0.01, 80.45, -48.18);
insert into SHOT values (2519, 2569, 2582, 4449, 3.68, 49.63, -53.50, 3.68, 49.83, -53.56, 0.01, 163.36, -12.33);
insert into SHOT values (2520, 2569, 2583, 4449, 3.07, 50.23, -41.10, 3.07, 50.26, -41.11, 0.00, 90.59, -43.95);
insert into SHOT values (2521, 2569, 2584, 4449, 2.44, 45.03, -30.30, 2.43, 45.19, -30.36, 0.01, 182.25, 6.67);
insert into SHOT values (2522, 2569, 2585, 4449, 1.98, 40.93, -29.60, 1.98, 41.00, -29.64, 0.00, 108.87, -40.80);
insert into SHOT values (2523, 2569, 2586, 4449, 5.96, 42.03, -56.60, 5.96, 42.16, -56.65, 0.01, 153.67, -28.44);
insert into SHOT values (2524, 2586, 2587, 4449, 1.83, 110.33, 42.10, 1.83, 110.31, 42.25, 0.00, 297.17, 40.41);
insert into SHOT values (2525, 2586, 2588, 4449, 3.72, 193.43, 30.80, 3.73, 193.56, 30.84, 0.01, 255.96, 32.15);
insert into SHOT values (2526, 2586, 2589, 4449, 3.86, 103.43, -4.60, 3.86, 103.39, -4.61, 0.00, 324.96, -5.90);
insert into SHOT values (2527, 2586, 2590, 4449, 1.20, 114.63, -75.80, 1.19, 114.78, -76.13, 0.01, 289.35, 22.51);
insert into SHOT values (2528, 2586, 2591, 4449, 0.55, 5.73, 50.20, 0.55, 4.90, 50.09, 0.01, 266.62, -26.44);
insert into SHOT values (2529, 2586, 2592, 4449, 3.18, 289.23, 20.40, 3.19, 289.16, 20.40, 0.01, 254.98, 14.65);
insert into SHOT values (2530, 2586, 2593, 4449, 4.39, 250.13, 15.20, 4.40, 250.16, 15.17, 0.01, 271.17, -9.77);
insert into SHOT values (2531, 2586, 2594, 4449, 5.65, 244.23, 63.60, 5.65, 244.35, 63.54, 0.01, 286.73, -5.47);
insert into SHOT values (2532, 2586, 2595, 4449, 5.85, 215.83, 50.60, 5.85, 215.91, 50.57, 0.01, 275.24, -4.28);
insert into SHOT values (2533, 2586, 2596, 4449, 4.23, 193.33, 47.90, 4.23, 193.45, 47.89, 0.01, 265.79, 12.85);
insert into SHOT values (2534, 2586, 2597, 4449, 5.19, 259.13, 61.20, 5.19, 259.18, 61.17, 0.01, 289.70, 22.01);
insert into SHOT values (2535, 2586, 2598, 4449, 3.37, 286.33, 40.70, 3.38, 286.31, 40.64, 0.01, 282.29, 16.29);
insert into SHOT values (2536, 2586, 2599, 4449, 4.23, 260.03, 22.40, 4.24, 260.15, 22.34, 0.01, 311.45, -9.92);
insert into SHOT values (2537, 2586, 2600, 4449, 2.58, 296.03, 25.20, 2.58, 296.13, 25.19, 0.01, 337.98, 13.72);
insert into SHOT values (2538, 2586, 2601, 4449, 3.63, 233.93, -1.10, 3.63, 234.08, -1.10, 0.01, 317.02, -1.87);
insert into SHOT values (2539, 2586, 2602, 4449, 1.28, 215.23, -62.90, 1.28, 215.88, -63.03, 0.01, 329.91, -4.13);
insert into SHOT values (2540, 2586, 2603, 4449, 2.87, 242.73, -8.70, 2.88, 242.80, -8.60, 0.01, 269.96, 26.11);
insert into SHOT values (2541, 2586, 2604, 4449, 0.86, 212.93, -21.10, 0.86, 213.29, -21.14, 0.01, 311.74, -4.44);
insert into SHOT values (2542, 2586, 2605, 4449, 1.24, 195.43, -42.30, 1.24, 195.86, -42.22, 0.01, 304.19, 31.88);
insert into SHOT values (2543, 2586, 2606, 4449, 0.49, 3.23, 40.50, 0.49, 3.09, 40.81, 0.00, 205.87, 38.42);
insert into SHOT values (2544, 2586, 2607, 4449, 1.23, 164.53, 15.50, 1.23, 164.79, 15.61, 0.01, 290.37, 11.07);
insert into SHOT values (2545, 2586, 2608, 4449, 1.91, 128.23, -8.80, 1.91, 128.33, -8.74, 0.00, 233.52, 32.61);
insert into SHOT values (2546, 2586, 2609, 4449, 2.15, 118.53, -24.70, 2.14, 118.54, -24.81, 0.01, 294.77, -13.18);
insert into SHOT values (2547, 2586, 2610, 4449, 2.45, 66.13, -25.60, 2.45, 65.98, -25.61, 0.01, 355.51, -13.45);
insert into SHOT values (2548, 2586, 2611, 4449, 4.60, 97.93, -7.40, 4.59, 97.95, -7.38, 0.01, 263.67, 16.80);
insert into SHOT values (2549, 2586, 2612, 4449, 5.11, 110.93, -5.60, 5.11, 110.86, -5.62, 0.01, 358.68, -11.81);
insert into SHOT values (2550, 2586, 2613, 4449, 3.97, 101.73, -8.00, 3.97, 101.74, -7.96, 0.00, 144.18, 64.79);
insert into SHOT values (2551, 2586, 2614, 4449, 4.32, 101.93, -7.80, 4.31, 101.89, -7.73, 0.01, 300.67, 35.33);
insert into SHOT values (2552, 2586, 2615, 4449, 3.97, 101.63, -7.80, 3.97, 101.60, -7.82, 0.00, 316.55, -17.99);
insert into SHOT values (2553, 2615, 2616, 4449, 2.48, 318.73, 3.30, 2.48, 318.77, 3.47, 0.01, 104.19, 65.39);
insert into SHOT values (2554, 2615, 2617, 4449, 7.03, 279.43, 5.70, 7.03, 279.46, 5.71, 0.00, 10.29, 22.40);
insert into SHOT values (2555, 2615, 2618, 4449, 4.25, 278.63, -2.40, 4.25, 278.66, -2.29, 0.01, 329.95, 66.08);
insert into SHOT values (2556, 2615, 2619, 4449, 0.61, 316.63, 72.90, 0.62, 317.29, 73.31, 0.01, 96.81, 65.32);
insert into SHOT values (2557, 2615, 2620, 4449, 0.63, 191.23, -81.30, 0.63, 192.53, -81.54, 0.00, 337.37, 36.19);
insert into SHOT values (2558, 2615, 2621, 4449, 1.98, 225.83, 3.70, 1.98, 225.82, 3.76, 0.00, 221.87, 27.71);
insert into SHOT values (2559, 2615, 2622, 4449, 0.30, 36.83, 7.90, 0.30, 36.87, 7.59, 0.00, 41.35, -23.36);
insert into SHOT values (2560, 2615, 2623, 4449, 1.12, 130.63, 11.70, 1.12, 130.54, 11.89, 0.01, 329.95, 31.20);
insert into SHOT values (2561, 2615, 2624, 4449, 1.39, 242.93, -34.60, 1.39, 242.99, -34.61, 0.00, 301.37, -26.20);
insert into SHOT values (2562, 2615, 2625, 4449, 1.60, 179.33, -7.70, 1.60, 179.28, -7.52, 0.01, 163.15, 42.73);
insert into SHOT values (2563, 2615, 2626, 4449, 1.67, 144.53, 4.40, 1.67, 144.78, 4.47, 0.01, 237.63, 14.19);
insert into SHOT values (2564, 2615, 2627, 4449, 0.68, 138.63, 65.50, 0.68, 139.40, 65.96, 0.01, 284.17, 10.55);
insert into SHOT values (2565, 2615, 2628, 4449, 3.79, 157.33, 5.00, 3.78, 157.38, 5.00, 0.01, 305.21, -2.78);
insert into SHOT values (2566, 2615, 2629, 4449, 3.56, 157.93, -8.20, 3.56, 158.02, -8.07, 0.01, 221.57, 51.25);
insert into SHOT values (2567, 2615, 2630, 4449, 1.69, 181.53, 20.30, 1.69, 181.45, 20.47, 0.01, 26.57, 36.36);
insert into SHOT values (2568, 2615, 2631, 4449, 3.77, 158.53, 1.40, 3.77, 158.54, 1.52, 0.01, 172.67, 70.81);
insert into SHOT values (2569, 2631, 2632, 4449, 2.29, 80.93, -8.70, 2.29, 80.83, -8.81, 0.01, 299.67, -30.50);
insert into SHOT values (2570, 2631, 2633, 4449, 2.03, 83.13, 36.00, 2.03, 83.00, 35.93, 0.00, 351.75, -42.46);
insert into SHOT values (2571, 2631, 2634, 4449, 1.54, 66.83, 68.50, 1.54, 66.14, 68.32, 0.01, 8.10, -19.61);
insert into SHOT values (2572, 2631, 2635, 4449, 1.67, 60.63, -11.60, 1.67, 60.30, -11.75, 0.01, 323.69, -23.99);
insert into SHOT values (2573, 2631, 2636, 4449, 4.49, 57.13, -52.00, 4.49, 57.12, -52.03, 0.00, 256.07, -46.57);
insert into SHOT values (2574, 2631, 2637, 4449, 3.77, 27.23, -70.00, 3.78, 27.16, -69.99, 0.01, 1.19, -64.88);
insert into SHOT values (2575, 2631, 2638, 4449, 5.09, 76.53, -46.30, 5.09, 76.52, -46.30, 0.00, 15.49, -7.91);
insert into SHOT values (2576, 2631, 2639, 4449, 0.85, 10.33, -14.30, 0.85, 10.49, -14.30, 0.00, 97.78, -1.23);
insert into SHOT values (2577, 2631, 2640, 4449, 3.61, 78.63, -42.00, 3.61, 78.61, -42.05, 0.00, 355.63, -77.64);
insert into SHOT values (2578, 2640, 2641, 4449, 3.62, 256.53, -6.50, 3.62, 256.50, -6.50, 0.00, 228.37, -3.88);
insert into SHOT values (2579, 2640, 2642, 4449, 2.66, 215.43, -17.90, 2.66, 215.51, -17.95, 0.00, 313.55, -32.84);
insert into SHOT values (2580, 2640, 2643, 4449, 1.43, 104.93, -78.20, 1.43, 104.04, -78.35, 0.01, 334.32, -2.13);
insert into SHOT values (2581, 2640, 2644, 4449, 5.21, 186.23, -11.90, 5.21, 186.19, -11.85, 0.01, 124.61, 50.20);
insert into SHOT values (2582, 2640, 2645, 4449, 2.51, 198.53, -16.90, 2.51, 198.43, -16.90, 0.00, 132.63, -4.57);
insert into SHOT values (2583, 2640, 2646, 4449, 3.50, 180.43, -12.60, 3.49, 180.50, -12.56, 0.01, 320.98, 25.85);
insert into SHOT values (2584, 2640, 2647, 4449, 2.81, 271.23, 17.90, 2.82, 271.28, 17.79, 0.01, 292.48, -27.09);
insert into SHOT values (2585, 2640, 2648, 4449, 2.35, 296.03, 2.30, 2.35, 296.02, 2.20, 0.00, 183.32, -85.57);
insert into SHOT values (2586, 2640, 2649, 4449, 3.50, 282.43, -10.40, 3.50, 282.42, -10.38, 0.00, 113.57, 42.04);
insert into SHOT values (2587, 2640, 2650, 4449, 3.68, 261.23, -12.00, 3.68, 261.22, -12.07, 0.01, 248.72, -60.92);
insert into SHOT values (2588, 2640, 2651, 4449, 2.77, 305.83, -13.90, 2.77, 305.93, -13.97, 0.01, 1.11, -36.86);
insert into SHOT values (2589, 2640, 2652, 4449, 2.34, 284.23, 41.70, 2.35, 284.19, 41.66, 0.01, 275.49, 27.41);
insert into SHOT values (2590, 2640, 2653, 4449, 4.21, 274.43, 60.10, 4.21, 274.38, 60.13, 0.00, 129.96, 6.72);
insert into SHOT values (2591, 2640, 2654, 4449, 4.46, 266.53, 51.30, 4.46, 266.51, 51.23, 0.01, 260.72, -6.20);
insert into SHOT values (2592, 2640, 2655, 4449, 4.32, 268.53, 40.40, 4.32, 268.61, 40.39, 0.00, 344.81, 1.48);
insert into SHOT values (2593, 2640, 2656, 4449, 2.05, 297.63, -3.10, 2.06, 297.56, -3.07, 0.01, 276.97, 7.63);
insert into SHOT values (2594, 2640, 2657, 4449, 3.67, 255.13, -12.50, 3.67, 255.11, -12.44, 0.01, 96.13, 55.47);
insert into SHOT values (2595, 2640, 2658, 4449, 2.33, 267.33, -30.90, 2.33, 267.42, -30.94, 0.01, 318.34, -38.48);
insert into SHOT values (2596, 2640, 2659, 4449, 1.76, 37.03, -39.20, 1.76, 36.95, -39.14, 0.00, 310.26, 53.72);
insert into SHOT values (2597, 2640, 2660, 4449, 1.52, 127.53, -34.00, 1.52, 127.60, -33.96, 0.00, 165.41, -0.62);
insert into SHOT values (2598, 2640, 2661, 4449, 1.77, 101.73, -26.20, 1.76, 101.66, -26.24, 0.01, 299.14, 14.36);
insert into SHOT values (2599, 2640, 2662, 4449, 4.78, 190.03, -7.70, 4.78, 190.10, -7.70, 0.01, 310.88, 3.74);
insert into SHOT values (2600, 2662, 2663, 4449, 0.63, 231.13, 80.50, 0.63, 228.81, 80.27, 0.01, 168.64, -15.70);
insert into SHOT values (2601, 2662, 2664, 4449, 3.63, 113.93, 2.10, 3.63, 113.88, 2.05, 0.01, 73.54, -34.70);
insert into SHOT values (2602, 2662, 2665, 4449, 1.17, 89.83, 6.60, 1.18, 90.00, 6.34, 0.01, 114.35, -27.73);
insert into SHOT values (2603, 2662, 2666, 4449, 0.49, 314.53, 0.10, 0.49, 314.17, 0.00, 0.00, 190.50, -13.12);
insert into SHOT values (2604, 2662, 2667, 4449, 1.70, 354.13, 4.50, 1.69, 354.22, 4.40, 0.01, 149.77, -26.48);
insert into SHOT values (2605, 2662, 2668, 4449, 6.85, 7.43, -0.10, 6.85, 7.47, -0.08, 0.01, 118.94, 20.57);
insert into SHOT values (2606, 2662, 2669, 4449, 1.17, 18.63, 23.20, 1.17, 18.94, 23.10, 0.01, 81.77, -7.89);
insert into SHOT values (2607, 2662, 2670, 4449, 0.98, 59.83, 8.40, 0.98, 60.26, 8.23, 0.01, 165.60, -22.82);
insert into SHOT values (2608, 2662, 2671, 4449, 2.28, 32.73, 7.00, 2.28, 32.92, 7.05, 0.01, 119.96, 15.82);
insert into SHOT values (2609, 2662, 2672, 4449, 1.44, 31.93, -18.20, 1.44, 32.18, -18.18, 0.01, 98.82, -2.05);
insert into SHOT values (2610, 2662, 2673, 4449, 1.86, 19.03, -21.10, 1.86, 19.17, -21.10, 0.00, 96.50, -5.39);
insert into SHOT values (2611, 2662, 2674, 4449, 1.04, 31.63, -41.00, 1.04, 32.08, -40.69, 0.01, 78.74, 15.02);
insert into SHOT values (2612, 2662, 2675, 4449, 0.55, 281.13, 18.90, 0.55, 281.09, 19.10, 0.00, 126.48, 69.14);
insert into SHOT values (2613, 2662, 2676, 4449, 0.65, 204.53, 12.90, 0.65, 204.15, 12.42, 0.01, 139.84, -47.53);
insert into SHOT values (2614, 2662, 2677, 4449, 0.71, 201.13, 77.30, 0.71, 198.43, 77.09, 0.01, 125.11, -18.96);
insert into SHOT values (2615, 2662, 2678, 4449, 1.62, 166.83, 34.70, 1.62, 166.59, 34.54, 0.01, 116.11, -17.21);
insert into SHOT values (2616, 2662, 2679, 4449, 2.18, 119.73, -5.80, 2.19, 119.74, -5.77, 0.01, 124.62, 2.17);
insert into SHOT values (2617, 2662, 2680, 4449, 1.17, 118.33, -31.70, 1.17, 118.11, -31.86, 0.01, 58.02, -49.61);
insert into SHOT values (2618, 2662, 2681, 4449, 2.26, 144.23, 25.00, 2.26, 144.14, 24.88, 0.01, 55.27, -57.90);
insert into SHOT values (2619, 2662, 2682, 4449, 2.98, 138.43, 15.30, 2.98, 138.38, 15.36, 0.00, 82.36, 54.01);
insert into SHOT values (2620, 2662, 2683, 4449, 3.66, 121.73, 9.30, 3.67, 121.67, 9.26, 0.01, 94.44, -10.57);
insert into SHOT values (2621, 2662, 2684, 4449, 4.46, 132.43, 12.00, 4.46, 132.49, 12.02, 0.01, 181.32, 21.70);
insert into SHOT values (2622, 2662, 2685, 4449, 2.83, 127.63, 18.60, 2.83, 127.59, 18.51, 0.01, 113.50, -23.12);
insert into SHOT values (2623, 2662, 2686, 4449, 3.48, 116.33, 9.60, 3.48, 116.27, 9.58, 0.00, 69.41, -4.11);
insert into SHOT values (2624, 2662, 2687, 4449, 1.26, 98.53, 8.20, 1.27, 98.71, 8.17, 0.01, 127.33, 1.96);
insert into SHOT values (2625, 2662, 2688, 4449, 2.27, 115.53, 17.30, 2.27, 115.62, 17.13, 0.01, 144.77, -34.32);
insert into SHOT values (2626, 2662, 2689, 4449, 4.74, 107.93, 0.90, 4.74, 107.94, 0.85, 0.00, 150.13, -72.86);
insert into SHOT values (2627, 2662, 2690, 4449, 3.70, 111.23, 2.30, 3.70, 111.23, 2.32, 0.00, 110.81, 20.36);
insert into SHOT values (2628, 2662, 2691, 4449, 2.79, 133.93, 4.90, 2.80, 133.84, 4.92, 0.01, 101.00, 11.82);
insert into SHOT values (2629, 2662, 2692, 4449, 4.71, 136.33, 12.00, 4.71, 136.32, 12.02, 0.00, 328.54, 15.53);
insert into SHOT values (2630, 2662, 2693, 4449, 4.12, 128.43, 11.40, 4.12, 128.37, 11.33, 0.01, 88.80, -35.64);
insert into SHOT values (2631, 2662, 2694, 4449, 3.89, 132.63, 16.30, 3.89, 132.61, 16.26, 0.00, 117.58, -29.03);
insert into SHOT values (2632, 2662, 2695, 4449, 2.12, 135.73, 10.60, 2.12, 135.58, 10.59, 0.01, 68.85, 0.23);
insert into SHOT values (2633, 2695, 2696, 4449, 3.31, 79.93, -9.10, 3.31, 79.96, -9.04, 0.00, 128.90, 53.19);
insert into SHOT values (2634, 2695, 2697, 4449, 0.82, 88.03, 82.00, 0.82, 90.00, 82.27, 0.01, 225.90, -19.68);
insert into SHOT values (2635, 2695, 2698, 4449, 0.79, 164.23, 21.20, 0.79, 164.27, 21.46, 0.00, 190.00, 74.26);
insert into SHOT values (2636, 2695, 2699, 4449, 2.33, 134.73, 14.30, 2.33, 134.82, 14.18, 0.01, 254.77, -52.34);
insert into SHOT values (2637, 2695, 2700, 4449, 1.58, 91.63, 3.40, 1.57, 91.82, 3.28, 0.01, 231.58, -23.79);
insert into SHOT values (2638, 2695, 2701, 4449, 0.88, 39.43, -0.00, 0.88, 39.47, 0.00, 0.00, 77.05, 0.00);
insert into SHOT values (2639, 2695, 2702, 4449, 1.15, 357.03, -2.10, 1.14, 356.99, -2.01, 0.01, 182.93, 15.55);
insert into SHOT values (2640, 2695, 2703, 4449, 5.29, 65.13, -27.50, 5.29, 65.18, -27.47, 0.01, 140.73, 29.53);
insert into SHOT values (2641, 2695, 2704, 4449, 3.96, 30.33, -51.50, 3.95, 30.32, -51.61, 0.01, 211.22, -5.44);
insert into SHOT values (2642, 2695, 2705, 4449, 0.87, 80.83, -26.90, 0.86, 81.03, -26.88, 0.01, 238.18, 27.36);
insert into SHOT values (2643, 2695, 2706, 4449, 3.33, 80.23, -8.90, 3.33, 80.37, -8.99, 0.01, 194.35, -28.90);
insert into SHOT values (2644, 2695, 2707, 4449, 1.43, 83.33, 12.90, 1.43, 83.39, 12.97, 0.00, 246.11, 8.76);
insert into SHOT values (2645, 2695, 2708, 4449, 3.13, 74.93, -12.70, 3.13, 75.01, -12.73, 0.00, 158.05, -23.33);
insert into SHOT values (2646, 2708, 2709, 4449, 0.51, 2.23, 80.60, 0.51, 0.00, 80.91, 0.01, 225.03, -34.56);
insert into SHOT values (2647, 2708, 2710, 4449, 1.11, 329.43, 17.40, 1.11, 329.31, 17.32, 0.00, 212.53, -39.82);
insert into SHOT values (2648, 2708, 2711, 4449, 0.94, 275.13, 77.90, 0.94, 275.71, 77.68, 0.00, 302.55, 11.24);
insert into SHOT values (2649, 2708, 2712, 4449, 1.30, 269.73, 45.90, 1.30, 270.00, 45.62, 0.01, 309.01, -27.49);
insert into SHOT values (2650, 2708, 2713, 4449, 1.42, 296.43, -17.70, 1.42, 296.38, -17.66, 0.00, 145.50, 34.61);
insert into SHOT values (2651, 2708, 2714, 4449, 3.45, 275.83, -22.80, 3.46, 275.76, -22.81, 0.01, 244.31, -24.74);
insert into SHOT values (2652, 2708, 2715, 4449, 3.80, 273.53, 0.10, 3.81, 273.46, 0.15, 0.01, 242.40, 22.51);
insert into SHOT values (2653, 2708, 2716, 4449, 3.51, 280.03, -37.60, 3.51, 279.94, -37.57, 0.00, 200.17, 19.82);
insert into SHOT values (2654, 2708, 2717, 4449, 3.28, 320.33, -46.70, 3.28, 320.23, -46.72, 0.01, 249.97, -34.88);
insert into SHOT values (2655, 2708, 2718, 4449, 1.86, 336.93, -40.70, 1.86, 336.70, -40.52, 0.01, 289.95, 20.34);
insert into SHOT values (2656, 2708, 2719, 4449, 0.90, 311.93, 30.40, 0.90, 311.88, 30.56, 0.01, 298.11, 58.58);
insert into SHOT values (2657, 2708, 2720, 4449, 0.87, 148.63, 10.20, 0.87, 148.92, 10.63, 0.01, 280.43, 45.33);
insert into SHOT values (2658, 2708, 2721, 4449, 3.10, 174.43, -47.50, 3.09, 174.51, -47.50, 0.01, 322.56, 44.90);
insert into SHOT values (2659, 2708, 2722, 4449, 0.91, 176.63, 28.90, 0.91, 177.14, 28.78, 0.01, 235.60, 1.46);
insert into SHOT values (2660, 2708, 2723, 4449, 0.90, 255.03, 67.10, 0.90, 255.17, 67.04, 0.00, 286.03, 28.11);
insert into SHOT values (2661, 2708, 2724, 4449, 3.34, 316.23, -39.60, 3.34, 316.26, -39.60, 0.00, 12.18, -29.95);
insert into SHOT values (2662, 2708, 2725, 4449, 3.18, 257.83, -42.00, 3.18, 257.79, -42.03, 0.00, 177.82, -52.13);
insert into SHOT values (2663, 2708, 2726, 4449, 0.44, 190.43, -67.80, 0.44, 190.62, -68.34, 0.00, 1.44, -36.74);
insert into SHOT values (2664, 2708, 2727, 4449, 0.84, 169.53, 25.10, 0.84, 170.17, 25.31, 0.01, 256.44, 23.35);
insert into SHOT values (2665, 2708, 2728, 4449, 0.89, 157.73, -2.60, 0.88, 158.08, -2.59, 0.01, 291.48, 2.85);
insert into SHOT values (2666, 2708, 2729, 4449, 2.57, 163.83, -42.50, 2.56, 164.05, -42.43, 0.01, 268.64, 38.85);
insert into SHOT values (2667, 2729, 2730, 4449, 1.98, 38.23, 3.10, 1.98, 38.43, 2.89, 0.01, 115.43, -44.02);
insert into SHOT values (2668, 2729, 2731, 4449, 3.40, 5.13, 0.60, 3.40, 5.22, 0.50, 0.01, 58.51, -37.69);
insert into SHOT values (2669, 2729, 2732, 4449, 4.12, 337.13, -0.30, 4.12, 337.17, -0.42, 0.01, 19.04, -63.25);
insert into SHOT values (2670, 2729, 2733, 4449, 4.25, 319.63, -0.80, 4.25, 319.68, -0.81, 0.00, 47.60, -10.17);
insert into SHOT values (2671, 2729, 2734, 4449, 4.36, 308.43, -3.00, 4.36, 308.47, -3.02, 0.00, 13.67, -24.31);
insert into SHOT values (2672, 2729, 2735, 4449, 1.36, 286.03, -7.70, 1.36, 286.00, -8.06, 0.01, 111.37, -53.53);
insert into SHOT values (2673, 2729, 2736, 4449, 1.40, 249.43, 0.10, 1.40, 249.49, 0.00, 0.00, 19.96, -49.50);
insert into SHOT values (2674, 2729, 2737, 4449, 2.03, 183.83, 0.70, 2.03, 183.66, 0.56, 0.01, 130.50, -33.68);
insert into SHOT values (2675, 2729, 2738, 4449, 0.93, 213.33, 62.50, 0.92, 212.57, 62.48, 0.01, 101.37, -39.11);
insert into SHOT values (2676, 2729, 2739, 4449, 1.42, 194.23, 31.70, 1.41, 193.92, 31.55, 0.01, 80.98, -41.37);
insert into SHOT values (2677, 2729, 2740, 4449, 1.66, 216.33, 16.10, 1.66, 216.08, 16.08, 0.01, 136.58, -2.81);
insert into SHOT values (2678, 2729, 2741, 4449, 2.28, 350.83, 44.50, 2.28, 350.83, 44.27, 0.01, 350.67, -60.07);
insert into SHOT values (2679, 2729, 2742, 4449, 3.00, 339.23, 47.50, 2.99, 339.41, 47.59, 0.01, 119.59, -10.23);
insert into SHOT values (2680, 2729, 2743, 4449, 3.31, 6.73, 13.80, 3.31, 6.79, 13.65, 0.01, 123.85, -66.38);
insert into SHOT values (2681, 2729, 2744, 4449, 1.83, 349.73, 24.00, 1.82, 349.97, 23.96, 0.01, 121.48, -24.38);
insert into SHOT values (2682, 2729, 2745, 4449, 1.87, 335.53, 34.20, 1.87, 335.59, 34.14, 0.00, 17.28, -24.32);
insert into SHOT values (2683, 2729, 2746, 4449, 1.61, 318.83, 34.60, 1.61, 318.98, 34.47, 0.01, 45.08, -50.60);
insert into SHOT values (2684, 2729, 2747, 4449, 2.95, 300.03, -12.40, 2.95, 300.04, -12.54, 0.01, 111.40, -53.49);
insert into SHOT values (2685, 2729, 2748, 4449, 1.09, 37.73, -16.30, 1.09, 37.64, -16.48, 0.00, 356.36, -58.08);
insert into SHOT values (2686, 2729, 2749, 4449, 0.66, 327.93, -44.40, 0.67, 327.99, -44.90, 0.01, 43.17, -85.99);
insert into SHOT values (2687, 2729, 2750, 4449, 0.80, 278.93, -49.30, 0.80, 278.91, -49.76, 0.01, 100.06, -32.68);
insert into SHOT values (2688, 2729, 2751, 4449, 4.02, 306.93, -3.30, 4.01, 306.98, -3.43, 0.01, 98.22, -45.80);
insert into SHOT values (2689, 2751, 2752, 4449, 4.32, 89.43, 6.10, 4.31, 89.47, 6.12, 0.01, 240.90, 8.76);
insert into SHOT values (2690, 2751, 2753, 4449, 4.15, 74.73, 6.50, 4.14, 74.65, 6.51, 0.01, 296.50, 1.38);
insert into SHOT values (2691, 2751, 2754, 4449, 2.55, 60.83, 5.60, 2.55, 60.70, 5.63, 0.01, 296.42, 10.00);
insert into SHOT values (2692, 2751, 2755, 4449, 2.42, 43.23, 0.90, 2.41, 43.15, 0.95, 0.01, 246.73, 14.18);
insert into SHOT values (2693, 2751, 2756, 4449, 1.65, 81.93, 53.40, 1.65, 81.79, 53.61, 0.01, 294.62, 50.42);
insert into SHOT values (2694, 2751, 2757, 4449, 2.87, 119.43, 70.40, 2.87, 119.52, 70.61, 0.01, 289.42, 34.82);
insert into SHOT values (2695, 2751, 2758, 4449, 3.75, 114.63, 52.90, 3.75, 114.63, 52.97, 0.01, 292.55, -7.87);
insert into SHOT values (2696, 2751, 2759, 4449, 3.41, 97.33, 39.90, 3.41, 97.26, 39.99, 0.01, 307.80, 24.19);
insert into SHOT values (2697, 2751, 2760, 4449, 1.50, 169.83, 12.90, 1.50, 170.15, 13.10, 0.01, 264.15, 31.72);
insert into SHOT values (2698, 2751, 2761, 4449, 1.76, 171.73, 35.90, 1.76, 171.93, 36.14, 0.01, 279.25, 56.88);
insert into SHOT values (2699, 2751, 2762, 4449, 4.53, 122.23, 3.90, 4.53, 122.25, 3.93, 0.00, 272.40, 30.19);
insert into SHOT values (2700, 2751, 2763, 4449, 4.49, 108.33, 8.00, 4.49, 108.35, 8.06, 0.01, 202.14, 68.02);
insert into SHOT values (2701, 2751, 2764, 4449, 3.47, 100.43, 56.90, 3.47, 100.36, 56.99, 0.01, 308.75, 33.43);
insert into SHOT values (2702, 2751, 2765, 4449, 2.63, 138.23, 77.20, 2.63, 138.53, 77.41, 0.01, 299.13, 29.82);
insert into SHOT values (2703, 2751, 2766, 4449, 1.42, 82.43, 81.40, 1.43, 81.87, 81.44, 0.01, 346.39, 70.83);
insert into SHOT values (2704, 2751, 2767, 4449, 0.63, 14.33, 7.80, 0.63, 13.82, 8.15, 0.01, 319.64, 33.19);
insert into SHOT values (2705, 2751, 2768, 4449, 0.48, 269.73, 10.10, 0.49, 270.00, 10.62, 0.01, 286.83, 36.83);
insert into SHOT values (2706, 2751, 2769, 4449, 0.96, 208.83, 9.60, 0.96, 209.00, 9.57, 0.00, 258.38, -1.53);
insert into SHOT values (2707, 2751, 2770, 4449, 1.37, 174.73, 8.20, 1.37, 174.92, 8.39, 0.01, 273.16, 44.82);
insert into SHOT values (2708, 2751, 2771, 4449, 1.55, 161.63, 8.00, 1.55, 161.80, 8.15, 0.01, 228.87, 40.24);
insert into SHOT values (2709, 2751, 2772, 4449, 1.72, 143.93, 6.20, 1.71, 144.07, 6.36, 0.01, 286.97, 30.67);
insert into SHOT values (2710, 2751, 2773, 4449, 2.28, 133.13, 7.90, 2.27, 133.20, 8.10, 0.01, 295.05, 36.06);
insert into SHOT values (2711, 2751, 2774, 4449, 4.65, 123.43, 4.00, 4.65, 123.38, 4.07, 0.01, 345.39, 45.70);
insert into SHOT values (2712, 2751, 2775, 4449, 4.49, 114.63, 3.20, 4.49, 114.68, 3.19, 0.01, 250.04, -6.55);
insert into SHOT values (2713, 2751, 2776, 4449, 1.69, 107.43, 3.90, 1.68, 107.35, 4.09, 0.01, 299.73, 26.78);
insert into SHOT values (2714, 2751, 2777, 4449, 4.47, 90.63, 5.40, 4.47, 90.64, 5.39, 0.00, 175.44, -26.84);
insert into SHOT values (2715, 2751, 2778, 4449, 2.60, 103.33, -14.80, 2.59, 103.37, -14.74, 0.01, 264.66, 34.40);
insert into SHOT values (2716, 2751, 2779, 4449, 2.42, 117.43, -17.60, 2.41, 117.46, -17.62, 0.01, 288.67, 12.45);
insert into SHOT values (2717, 2751, 2780, 4449, 2.18, 70.73, -16.60, 2.18, 70.70, -16.54, 0.00, 281.91, 53.07);
insert into SHOT values (2718, 2751, 2781, 4449, 2.50, 92.73, -14.90, 2.50, 92.61, -14.86, 0.01, 327.03, 25.68);
insert into SHOT values (2719, 2729, 2782, 4449, 3.79, 202.23, 0.90, 3.79, 202.17, 0.76, 0.01, 120.52, -66.98);
insert into SHOT values (2720, 2782, 2783, 4449, 0.85, 197.43, 64.40, 0.85, 197.45, 64.52, 0.00, 359.20, 83.13);
insert into SHOT values (2721, 2782, 2784, 4449, 3.35, 178.33, 2.10, 3.34, 178.29, 2.23, 0.01, 19.64, 47.17);
insert into SHOT values (2722, 2782, 2785, 4449, 1.51, 199.13, 2.60, 1.50, 199.04, 2.67, 0.01, 39.48, 12.63);
insert into SHOT values (2723, 2782, 2786, 4449, 7.01, 16.13, 3.50, 7.01, 16.10, 3.52, 0.00, 245.65, 28.03);
insert into SHOT values (2724, 2782, 2787, 4449, 0.32, 88.53, 3.70, 0.32, 88.21, 5.35, 0.01, 23.33, 78.22);
insert into SHOT values (2725, 2782, 2788, 4449, 10.06, 178.53, -46.60, 10.05, 178.51, -46.56, 0.01, 94.56, 76.08);
insert into SHOT values (2726, 2782, 2789, 4449, 4.51, 200.13, -54.40, 4.50, 200.10, -54.41, 0.01, 33.90, 49.34);
insert into SHOT values (2727, 2782, 2790, 4449, 1.24, 261.13, -80.30, 1.24, 261.87, -80.14, 0.00, 301.92, 28.36);
insert into SHOT values (2728, 2782, 2791, 4449, 9.43, 150.93, -59.20, 9.43, 150.89, -59.19, 0.00, 87.39, -0.13);
insert into SHOT values (2729, 2782, 2792, 4449, 13.94, 155.93, -65.90, 13.94, 155.96, -65.88, 0.01, 211.86, 54.80);
insert into SHOT values (2730, 2782, 2793, 4449, 10.97, 188.03, -65.00, 10.97, 188.06, -65.00, 0.00, 284.97, 39.01);
insert into SHOT values (2731, 2782, 2794, 4449, 14.04, 163.43, -67.20, 14.04, 163.43, -67.21, 0.01, 337.96, 30.30);
insert into SHOT values (2732, 2782, 2795, 4449, 7.34, 149.93, -54.70, 7.34, 149.87, -54.69, 0.00, 83.56, 5.58);
insert into SHOT values (2733, 2782, 2796, 4449, 6.32, 192.93, -60.50, 6.32, 193.01, -60.52, 0.01, 310.53, 7.40);
insert into SHOT values (2734, 2782, 2797, 4449, 10.78, 192.03, -68.20, 10.77, 191.98, -68.21, 0.01, 37.39, 52.81);
insert into SHOT values (2735, 2782, 2798, 4449, 9.27, 144.53, -63.30, 9.27, 144.48, -63.30, 0.00, 53.95, 23.72);
insert into SHOT values (2736, 2782, 2799, 4449, 0.75, 169.63, -18.90, 0.75, 169.48, -18.63, 0.00, 132.25, 44.18);
insert into SHOT values (2737, 2782, 2800, 4449, 4.70, 168.03, -16.30, 4.70, 167.97, -16.20, 0.01, 54.72, 60.81);
insert into SHOT values (2738, 2782, 2801, 4449, 1.71, 182.03, 17.80, 1.72, 182.11, 18.00, 0.01, 220.00, 62.65);
insert into SHOT values (2739, 2782, 2802, 4449, 0.81, 236.43, 1.10, 0.81, 236.11, 1.42, 0.01, 114.37, 40.46);
insert into SHOT values (2740, 2782, 2803, 4449, 10.68, 185.13, -58.50, 10.68, 185.14, -58.47, 0.01, 213.16, 68.53);
insert into SHOT values (2741, 2782, 2804, 4449, 14.02, 160.33, -65.20, 14.01, 160.33, -65.18, 0.01, 174.64, 70.04);
insert into SHOT values (2742, 2782, 2805, 4449, 0.22, 171.53, -62.40, 0.22, 168.69, -61.78, 0.01, 80.74, 44.53);
insert into SHOT values (2743, 2782, 2806, 4449, 14.23, 171.43, -62.50, 14.23, 171.43, -62.49, 0.00, 169.58, 37.90);
insert into SHOT values (2744, 2782, 2807, 4449, 14.29, 171.43, -62.40, 14.28, 171.39, -62.41, 0.01, 25.24, 28.08);
insert into SHOT values (2745, 2807, 2808, 4449, 0.21, 171.53, -62.40, 0.21, 174.29, -62.12, 0.01, 228.99, -34.15);
insert into SHOT values (2746, 2807, 2809, 4449, 2.73, 38.43, 0.90, 2.72, 38.43, 0.84, 0.01, 217.78, -15.13);
insert into SHOT values (2747, 2807, 2810, 4449, 3.67, 5.83, 1.60, 3.66, 5.80, 1.57, 0.01, 194.28, -13.99);
insert into SHOT values (2748, 2807, 2811, 4449, 3.07, 339.33, 3.10, 3.06, 339.31, 3.18, 0.01, 164.63, 25.29);
insert into SHOT values (2749, 2807, 2812, 4449, 3.75, 14.43, 33.30, 3.75, 14.44, 33.36, 0.01, 189.28, 11.92);
insert into SHOT values (2750, 2807, 2813, 4449, 9.52, 8.13, 48.70, 9.52, 8.14, 48.69, 0.00, 93.75, -49.00);
insert into SHOT values (2751, 2807, 2814, 4449, 13.43, 352.73, 63.10, 13.43, 352.71, 63.13, 0.01, 185.95, 23.26);
insert into SHOT values (2752, 2807, 2815, 4449, 7.76, 327.33, 64.80, 7.76, 327.22, 64.78, 0.01, 259.00, -12.75);
insert into SHOT values (2753, 2807, 2816, 4449, 8.15, 5.23, 46.60, 8.14, 5.23, 46.63, 0.01, 181.25, -13.73);
insert into SHOT values (2754, 2807, 2817, 4449, 4.24, 32.63, 72.50, 4.24, 32.82, 72.51, 0.01, 145.95, -39.36);
insert into SHOT values (2755, 2807, 2818, 4449, 4.24, 77.83, 69.60, 4.23, 77.85, 69.64, 0.01, 250.73, -39.22);
insert into SHOT values (2756, 2807, 2819, 4449, 3.63, 30.23, 45.20, 3.63, 30.27, 45.23, 0.00, 91.39, 61.35);
insert into SHOT values (2757, 2807, 2820, 4449, 3.72, 8.73, 26.90, 3.71, 8.69, 26.92, 0.01, 200.23, -17.53);
insert into SHOT values (2758, 2807, 2821, 4449, 2.57, 309.23, 16.00, 2.57, 309.09, 16.01, 0.01, 249.95, 13.56);
insert into SHOT values (2759, 2807, 2822, 4449, 1.46, 281.53, 62.10, 1.46, 280.98, 62.12, 0.01, 185.27, -2.61);
insert into SHOT values (2760, 2807, 2823, 4449, 3.07, 96.13, 10.80, 3.07, 96.28, 10.88, 0.01, 168.85, 29.74);
insert into SHOT values (2761, 2807, 2824, 4449, 2.43, 122.63, 14.30, 2.43, 122.68, 14.31, 0.00, 262.36, -3.76);
insert into SHOT values (2762, 2807, 2825, 4449, 1.98, 141.53, 13.30, 1.98, 141.53, 13.41, 0.00, 140.33, 67.52);
insert into SHOT values (2763, 2807, 2826, 4449, 3.52, 163.93, 6.40, 3.53, 163.94, 6.35, 0.01, 170.10, -15.06);
insert into SHOT values (2764, 2807, 2827, 4449, 1.66, 188.03, 7.30, 1.67, 187.98, 7.23, 0.01, 180.47, -5.52);
insert into SHOT values (2765, 2807, 2828, 4449, 0.86, 235.03, 11.90, 0.87, 234.62, 12.01, 0.01, 183.31, 19.17);
insert into SHOT values (2766, 2807, 2829, 4449, 4.27, 46.63, 69.80, 4.27, 46.65, 69.85, 0.00, 214.48, 40.37);
insert into SHOT values (2767, 2807, 2830, 4449, 11.46, 1.53, 62.30, 11.46, 1.51, 62.33, 0.01, 200.55, 31.40);
insert into SHOT values (2768, 2807, 2831, 4449, 13.06, 353.43, 66.00, 13.06, 353.40, 66.03, 0.01, 195.32, -7.03);
insert into SHOT values (2769, 2807, 2832, 4449, 14.35, 346.43, 69.30, 14.35, 346.43, 69.30, 0.00, 149.63, -77.38);
insert into SHOT values (2770, 2807, 2833, 4449, 7.65, 332.83, 49.70, 7.65, 332.81, 49.74, 0.01, 191.47, 71.40);
insert into SHOT values (2771, 2807, 2834, 4449, 2.69, 177.73, 14.90, 2.69, 177.80, 14.85, 0.00, 231.22, -22.96);
insert into SHOT values (2772, 2807, 2835, 4449, 3.38, 162.63, 12.00, 3.38, 162.77, 11.95, 0.01, 236.91, -17.72);
insert into SHOT values (2773, 2807, 2836, 4449, 2.11, 143.93, 19.00, 2.11, 144.16, 19.05, 0.01, 212.25, 19.05);
insert into SHOT values (2774, 2807, 2837, 4449, 2.05, 130.83, 20.00, 2.05, 130.79, 19.95, 0.00, 104.05, -25.33);
insert into SHOT values (2775, 2807, 2838, 4449, 3.06, 106.93, 17.90, 3.06, 107.00, 17.92, 0.01, 248.97, -4.76);
insert into SHOT values (2776, 2807, 2839, 4449, 3.13, 92.23, 9.00, 3.13, 92.22, 9.00, 0.00, 81.77, 22.27);
insert into SHOT values (2777, 2807, 2840, 4449, 2.84, 173.53, 7.30, 2.84, 173.48, 7.28, 0.00, 111.98, -18.28);
insert into SHOT values (2778, 2840, 2841, 4449, 2.90, 118.73, -7.20, 2.90, 118.88, -7.13, 0.01, 202.88, 24.07);
insert into SHOT values (2779, 2840, 2842, 4449, 4.10, 113.33, -30.70, 4.09, 113.43, -30.70, 0.01, 240.89, 21.30);
insert into SHOT values (2780, 2840, 2843, 4449, 10.45, 103.43, -41.30, 10.45, 103.49, -41.33, 0.01, 221.08, -17.74);
insert into SHOT values (2781, 2840, 2844, 4449, 11.26, 95.63, -50.00, 11.25, 95.63, -49.99, 0.01, 263.50, 62.62);
insert into SHOT values (2782, 2840, 2845, 4449, 9.59, 82.33, -51.20, 9.58, 82.34, -51.21, 0.01, 246.25, 33.50);
insert into SHOT values (2783, 2840, 2846, 4449, 3.10, 132.03, -34.70, 3.10, 132.14, -34.63, 0.01, 220.71, 44.06);
insert into SHOT values (2784, 2840, 2847, 4449, 4.69, 131.63, -58.40, 4.69, 131.87, -58.37, 0.01, 222.63, 24.16);
insert into SHOT values (2785, 2840, 2848, 4449, 0.96, 56.73, -6.30, 0.95, 56.65, -6.04, 0.01, 245.74, 32.08);
insert into SHOT values (2786, 2840, 2849, 4449, 0.61, 108.03, 77.20, 0.61, 112.62, 77.77, 0.01, 226.14, 23.61);
insert into SHOT values (2787, 2840, 2850, 4449, 1.52, 326.93, 7.70, 1.52, 326.63, 7.92, 0.01, 254.38, 37.35);
insert into SHOT values (2788, 2840, 2851, 4449, 6.46, 343.63, 7.50, 6.46, 343.58, 7.48, 0.01, 222.40, -25.29);
insert into SHOT values (2789, 2840, 2852, 4449, 5.37, 11.63, 1.80, 5.36, 11.62, 1.82, 0.01, 193.45, 10.12);
insert into SHOT values (2790, 2840, 2853, 4449, 4.81, 54.93, -76.30, 4.81, 55.05, -76.34, 0.01, 206.91, 31.40);
insert into SHOT values (2791, 2840, 2854, 4449, 9.04, 79.43, -48.30, 9.04, 79.46, -48.31, 0.00, 204.62, -5.88);
insert into SHOT values (2792, 2840, 2855, 4449, 9.33, 73.53, -56.10, 9.33, 73.59, -56.10, 0.01, 181.67, 35.61);
insert into SHOT values (2793, 2840, 2856, 4449, 9.17, 63.43, -57.50, 9.16, 63.43, -57.53, 0.01, 238.30, 26.80);
insert into SHOT values (2794, 2840, 2857, 4449, 3.12, 128.83, -35.80, 3.12, 128.91, -35.71, 0.01, 201.92, 53.80);
insert into SHOT values (2795, 2840, 2858, 4449, 4.68, 127.33, -53.60, 4.68, 127.53, -53.65, 0.01, 234.41, -16.69);
insert into SHOT values (2796, 2840, 2859, 4449, 4.86, 125.63, -66.40, 4.86, 125.81, -66.35, 0.01, 192.88, 27.41);
insert into SHOT values (2797, 2840, 2860, 4449, 9.23, 75.53, -57.30, 9.23, 75.57, -57.36, 0.01, 232.68, -15.53);
insert into SHOT values (2798, 2840, 2861, 4449, 9.16, 66.23, -57.10, 9.16, 66.27, -57.12, 0.01, 210.14, 7.94);
insert into SHOT values (2799, 2840, 2862, 4449, 9.82, 86.23, -50.00, 9.81, 86.27, -50.03, 0.01, 237.68, 14.27);
insert into SHOT values (2800, 2840, 2863, 4449, 10.57, 105.03, -41.50, 10.56, 105.09, -41.50, 0.01, 217.57, 22.43);
insert into SHOT values (2801, 2840, 2864, 4449, 6.54, 96.73, -38.40, 6.54, 96.72, -38.38, 0.00, 349.16, 80.72);
insert into SHOT values (2802, 2840, 2865, 4449, 6.94, 89.13, -37.80, 6.94, 89.16, -37.79, 0.01, 220.50, 37.38);
insert into SHOT values (2803, 2840, 2866, 4449, 1.14, 85.43, -15.90, 1.14, 85.80, -15.84, 0.01, 201.32, 16.21);
insert into SHOT values (2804, 2840, 2867, 4449, 2.08, 103.03, -12.20, 2.08, 103.08, -12.21, 0.00, 202.04, -13.33);
insert into SHOT values (2805, 2840, 2868, 4449, 5.66, 85.83, -55.50, 5.65, 85.88, -55.54, 0.01, 245.92, 29.46);
insert into SHOT values (2806, 2868, 2869, 4449, 5.67, 82.53, -52.70, 5.67, 82.48, -52.67, 0.00, 46.01, 4.26);
insert into SHOT values (2807, 2868, 2870, 4449, 3.17, 241.33, 22.90, 3.17, 241.33, 22.86, 0.00, 61.41, -56.29);
insert into SHOT values (2808, 2868, 2871, 4449, 3.51, 266.23, 37.60, 3.50, 266.28, 37.63, 0.01, 58.57, -15.63);
insert into SHOT values (2809, 2868, 2872, 4449, 5.12, 239.73, 60.50, 5.11, 239.66, 60.53, 0.01, 82.33, -39.81);
insert into SHOT values (2810, 2868, 2873, 4449, 4.40, 194.23, 87.10, 4.40, 192.80, 87.06, 0.01, 131.86, -34.62);
insert into SHOT values (2811, 2868, 2874, 4449, 3.46, 126.13, 25.40, 3.46, 126.03, 25.32, 0.01, 63.33, -33.96);
insert into SHOT values (2812, 2868, 2875, 4449, 2.15, 83.73, 19.70, 2.15, 83.75, 19.60, 0.01, 240.09, -63.65);
insert into SHOT values (2813, 2868, 2876, 4449, 3.85, 58.23, -41.70, 3.85, 58.35, -41.65, 0.01, 120.16, 8.98);
insert into SHOT values (2814, 2868, 2877, 4449, 2.80, 70.53, -13.70, 2.81, 70.50, -13.81, 0.01, 59.24, -48.17);
insert into SHOT values (2815, 2868, 2878, 4449, 5.19, 120.83, -7.60, 5.19, 120.85, -7.63, 0.01, 147.53, -38.80);
insert into SHOT values (2816, 2868, 2879, 4449, 5.00, 134.63, -4.70, 5.00, 134.59, -4.70, 0.00, 79.81, -4.96);
insert into SHOT values (2817, 2868, 2880, 4449, 5.45, 139.93, -25.80, 5.45, 139.96, -25.76, 0.01, 166.93, 20.46);
insert into SHOT values (2818, 2868, 2881, 4449, 5.81, 134.83, -38.50, 5.82, 134.82, -38.48, 0.01, 131.60, -24.98);
insert into SHOT values (2819, 2868, 2882, 4449, 5.65, 107.63, -48.90, 5.65, 107.70, -48.90, 0.01, 177.66, -24.11);
insert into SHOT values (2820, 2868, 2883, 4449, 11.48, 162.33, -51.00, 11.48, 162.27, -51.00, 0.01, 61.63, 12.09);
insert into SHOT values (2821, 2868, 2884, 4449, 11.31, 162.63, -49.70, 11.31, 162.58, -49.71, 0.01, 75.55, -35.46);
insert into SHOT values (2822, 2868, 2885, 4449, 12.06, 157.33, -56.70, 12.06, 157.35, -56.70, 0.00, 258.27, -3.98);
insert into SHOT values (2823, 2868, 2886, 4449, 2.84, 187.53, 32.50, 2.84, 187.42, 32.35, 0.01, 145.21, -42.01);
insert into SHOT values (2824, 2868, 2887, 4449, 1.83, 154.43, 11.30, 1.83, 154.29, 11.32, 0.01, 103.35, 14.41);
insert into SHOT values (2825, 2868, 2888, 4449, 12.79, 160.93, -53.10, 12.79, 160.93, -53.10, 0.00, 165.24, -41.74);
insert into SHOT values (2826, 2888, 2889, 4449, 12.79, 168.73, -51.00, 12.79, 168.68, -51.01, 0.01, 60.39, -2.31);
insert into SHOT values (2827, 2888, 2890, 4449, 6.93, 353.83, 78.20, 6.93, 353.93, 78.19, 0.00, 66.09, -53.64);
insert into SHOT values (2828, 2888, 2891, 4449, 14.98, 347.73, 56.60, 14.98, 347.75, 56.60, 0.01, 52.12, 47.22);
insert into SHOT values (2829, 2888, 2892, 4449, 14.26, 352.23, 49.10, 14.26, 352.24, 49.11, 0.00, 106.35, 27.86);
insert into SHOT values (2830, 2888, 2893, 4449, 6.05, 345.73, 9.80, 6.05, 345.73, 9.80, 0.00, 355.65, 5.73);
insert into SHOT values (2831, 2888, 2894, 4449, 6.78, 345.93, 30.00, 6.78, 345.92, 29.98, 0.01, 333.80, 0.00);
insert into SHOT values (2832, 2888, 2895, 4449, 7.23, 341.33, 48.50, 7.23, 341.38, 48.47, 0.01, 69.48, -50.35);
insert into SHOT values (2833, 2888, 2896, 4449, 6.54, 347.73, -5.70, 6.54, 347.76, -5.70, 0.00, 72.32, -7.29);
insert into SHOT values (2834, 2888, 2897, 4449, 7.32, 316.53, 1.80, 7.32, 316.55, 1.80, 0.00, 82.24, 1.10);
insert into SHOT values (2835, 2888, 2898, 4449, 6.04, 312.83, 34.60, 6.04, 312.88, 34.63, 0.01, 87.48, 2.02);
insert into SHOT values (2836, 2888, 2899, 4449, 6.34, 317.33, 61.20, 6.34, 317.39, 61.15, 0.01, 3.42, -52.92);
insert into SHOT values (2837, 2888, 2900, 4449, 3.34, 287.33, -10.80, 3.34, 287.39, -10.87, 0.01, 34.13, -49.91);
insert into SHOT values (2838, 2888, 2901, 4449, 3.15, 285.53, 26.40, 3.15, 285.61, 26.37, 0.00, 342.57, -6.94);
insert into SHOT values (2839, 2888, 2902, 4449, 5.29, 289.13, 69.00, 5.29, 289.10, 69.02, 0.00, 136.49, 40.12);
insert into SHOT values (2840, 2888, 2903, 4449, 1.59, 35.03, 33.10, 1.59, 35.24, 33.10, 0.01, 97.55, 17.02);
insert into SHOT values (2841, 2888, 2904, 4449, 6.73, 18.83, 86.90, 6.73, 18.92, 86.85, 0.01, 24.78, -1.43);
insert into SHOT values (2842, 2888, 2905, 4449, 2.20, 29.13, 39.60, 2.20, 29.28, 39.52, 0.01, 98.92, -25.18);
insert into SHOT values (2843, 2888, 2906, 4449, 2.72, 274.33, 0.40, 2.72, 274.43, 0.42, 0.01, 24.49, 10.88);
insert into SHOT values (2844, 2888, 2907, 4449, 4.38, 284.83, 61.60, 4.38, 284.77, 61.63, 0.01, 128.70, -29.99);
insert into SHOT values (2845, 2888, 2908, 4449, 5.60, 302.43, 74.40, 5.60, 302.53, 74.39, 0.00, 24.69, -53.73);
insert into SHOT values (2846, 2888, 2909, 4449, 8.41, 317.63, -3.40, 8.41, 317.61, -3.41, 0.00, 223.27, -22.80);
insert into SHOT values (2847, 2888, 2910, 4449, 8.06, 335.43, -0.20, 8.06, 335.44, -0.21, 0.00, 89.15, -46.67);
insert into SHOT values (2848, 2888, 2911, 4449, 5.34, 6.83, 10.40, 5.34, 6.88, 10.35, 0.01, 48.73, -27.81);
insert into SHOT values (2849, 2888, 2912, 4449, 6.52, 307.33, 1.70, 6.52, 307.33, 1.67, 0.00, 126.54, -49.51);
insert into SHOT values (2850, 2912, 2913, 4449, 2.54, 206.63, 44.90, 2.55, 206.71, 44.96, 0.01, 245.88, 60.60);
insert into SHOT values (2851, 2912, 2914, 4449, 2.69, 210.73, 21.90, 2.69, 210.88, 22.05, 0.01, 319.20, 42.58);
insert into SHOT values (2852, 2912, 2915, 4449, 6.86, 137.23, 15.30, 6.85, 137.21, 15.32, 0.01, 333.84, -1.22);
insert into SHOT values (2853, 2912, 2916, 4449, 6.83, 114.83, 15.30, 6.83, 114.78, 15.29, 0.01, 8.60, -19.97);
insert into SHOT values (2854, 2912, 2917, 4449, 5.66, 97.63, 12.20, 5.66, 97.59, 12.25, 0.01, 322.69, 36.19);
insert into SHOT values (2855, 2912, 2918, 4449, 3.82, 69.53, 6.10, 3.82, 69.51, 6.16, 0.00, 46.77, 62.46);
insert into SHOT values (2856, 2912, 2919, 4449, 2.82, 32.73, 6.60, 2.82, 32.61, 6.72, 0.01, 306.96, 46.29);
insert into SHOT values (2857, 2912, 2920, 4449, 5.50, 93.73, 7.50, 5.50, 93.68, 7.52, 0.01, 342.35, 24.29);
insert into SHOT values (2858, 2912, 2921, 4449, 8.35, 121.03, 31.40, 8.35, 120.99, 31.40, 0.00, 35.31, -5.54);
insert into SHOT values (2859, 2912, 2922, 4449, 6.69, 95.53, 39.10, 6.69, 95.52, 39.09, 0.00, 89.16, 18.08);
insert into SHOT values (2860, 2912, 2923, 4449, 6.53, 83.03, 38.90, 6.53, 82.99, 38.92, 0.01, 305.01, -6.45);
insert into SHOT values (2861, 2912, 2924, 4449, 3.03, 47.53, 46.60, 3.03, 47.52, 46.50, 0.01, 46.28, -13.97);
insert into SHOT values (2862, 2912, 2925, 4449, 8.21, 115.73, 48.90, 8.21, 115.71, 48.93, 0.00, 323.33, 43.27);
insert into SHOT values (2863, 2912, 2926, 4449, 7.05, 126.33, 45.40, 7.05, 126.29, 45.40, 0.00, 37.67, 4.01);
insert into SHOT values (2864, 2912, 2927, 4449, 1.30, 185.83, -25.20, 1.30, 185.86, -25.06, 0.00, 288.80, 80.10);
insert into SHOT values (2865, 2912, 2928, 4449, 1.40, 237.63, -79.80, 1.40, 238.24, -79.85, 0.00, 347.40, -37.11);
insert into SHOT values (2866, 2912, 2929, 4449, 1.27, 189.23, -10.30, 1.27, 189.24, -10.01, 0.01, 6.04, 64.44);
insert into SHOT values (2867, 2912, 2930, 4449, 1.75, 164.53, 51.10, 1.75, 164.70, 51.06, 0.00, 254.29, -30.24);
insert into SHOT values (2868, 2912, 2931, 4449, 2.29, 228.13, -4.20, 2.29, 228.20, -4.26, 0.01, 7.87, -27.06);
insert into SHOT values (2869, 2912, 2932, 4449, 2.62, 208.73, 22.60, 2.62, 208.69, 22.68, 0.00, 66.71, 48.39);
insert into SHOT values (2870, 2912, 2933, 4449, 4.85, 222.83, -14.90, 4.85, 222.92, -14.83, 0.01, 332.37, 40.19);
insert into SHOT values (2871, 2912, 2934, 4449, 2.86, 237.03, -19.10, 2.86, 237.07, -18.98, 0.01, 287.16, 63.72);
insert into SHOT values (2872, 2934, 2935, 4449, 2.86, 235.03, -18.30, 2.85, 235.08, -18.39, 0.01, 38.03, -13.67);
insert into SHOT values (2873, 2934, 2936, 4449, 0.55, 172.03, 46.50, 0.55, 172.30, 46.97, 0.01, 333.00, 10.68);
insert into SHOT values (2874, 2934, 2937, 4449, 0.22, 101.73, -67.30, 0.23, 96.34, -66.67, 0.01, 43.45, -35.17);
insert into SHOT values (2875, 2934, 2938, 4449, 0.97, 201.33, 1.90, 0.97, 201.25, 1.78, 0.00, 40.02, -28.26);
insert into SHOT values (2876, 2934, 2939, 4449, 2.06, 161.73, -1.20, 2.06, 161.57, -1.39, 0.01, 36.66, -44.03);
insert into SHOT values (2877, 2934, 2940, 4449, 6.25, 148.43, -0.80, 6.25, 148.42, -0.83, 0.01, 334.12, -29.72);
insert into SHOT values (2878, 2934, 2941, 4449, 1.26, 125.43, 4.40, 1.27, 125.33, 4.08, 0.01, 105.72, -45.49);
insert into SHOT values (2879, 2934, 2942, 4449, 1.32, 78.73, 10.00, 1.33, 78.52, 9.99, 0.01, 41.13, 5.74);
insert into SHOT values (2880, 2934, 2943, 4449, 2.49, 88.13, 29.50, 2.49, 88.15, 29.33, 0.01, 101.88, -56.51);
insert into SHOT values (2881, 2934, 2944, 4449, 2.91, 113.83, 22.30, 2.92, 113.81, 22.17, 0.01, 108.32, -29.39);
insert into SHOT values (2882, 2934, 2945, 4449, 1.83, 186.03, -5.30, 1.83, 185.99, -5.34, 0.00, 32.11, -21.16);
insert into SHOT values (2883, 2934, 2946, 4449, 5.30, 140.13, 10.20, 5.30, 140.05, 10.21, 0.01, 60.99, 12.08);
insert into SHOT values (2884, 2934, 2947, 4449, 6.33, 145.73, 6.90, 6.33, 145.70, 6.90, 0.00, 21.10, -8.27);
insert into SHOT values (2885, 2934, 2948, 4449, 3.05, 143.33, 2.60, 3.05, 143.28, 2.63, 0.00, 4.08, 23.59);
insert into SHOT values (2886, 2934, 2949, 4449, 6.94, 150.43, 3.90, 6.94, 150.40, 3.88, 0.00, 55.56, -30.74);
insert into SHOT values (2887, 2934, 2950, 4449, 7.00, 151.13, 4.20, 7.00, 151.12, 4.18, 0.00, 343.20, -37.08);
insert into SHOT values (2888, 2950, 2951, 4449, 5.82, 150.63, 1.00, 5.82, 150.57, 0.98, 0.01, 79.82, -15.05);
insert into SHOT values (2889, 2951, 2952, 4449, 3.54, 182.43, 4.70, 3.55, 182.43, 4.69, 0.01, 186.78, -0.70);
insert into SHOT values (2890, 2951, 2953, 4449, 2.76, 172.43, 16.70, 2.76, 172.39, 16.64, 0.00, 71.62, -61.58);
insert into SHOT values (2891, 2951, 2954, 4449, 1.44, 150.23, 19.50, 1.44, 150.41, 19.48, 0.00, 246.28, -8.78);
insert into SHOT values (2892, 2951, 2955, 4449, 1.20, 86.43, 57.20, 1.20, 86.48, 57.19, 0.00, 112.88, 45.06);
insert into SHOT values (2893, 2951, 2956, 4449, 1.10, 43.03, -79.50, 1.10, 42.88, -79.97, 0.01, 226.03, 9.52);
insert into SHOT values (2894, 2951, 2957, 4449, 1.43, 46.53, -10.50, 1.43, 46.44, -10.47, 0.00, 351.94, 12.73);
insert into SHOT values (2895, 2951, 2958, 4449, 1.50, 3.63, -5.40, 1.50, 3.46, -5.36, 0.00, 265.50, 14.54);
insert into SHOT values (2896, 2951, 2959, 4449, 0.39, 253.83, 12.20, 0.39, 253.44, 11.71, 0.01, 225.53, -23.89);
insert into SHOT values (2897, 2951, 2960, 4449, 2.33, 285.03, -0.20, 2.33, 284.93, -0.25, 0.00, 175.68, -24.41);
insert into SHOT values (2898, 2951, 2961, 4449, 3.98, 298.83, -4.90, 3.98, 298.76, -4.90, 0.01, 251.36, -0.37);
insert into SHOT values (2899, 2951, 2962, 4449, 1.91, 285.63, -14.50, 1.91, 285.69, -14.55, 0.00, 23.23, -40.83);
insert into SHOT values (2900, 2951, 2963, 4449, 3.08, 294.83, -15.40, 3.08, 294.67, -15.43, 0.01, 216.46, -13.88);
insert into SHOT values (2901, 2951, 2964, 4449, 2.55, 287.93, -21.40, 2.55, 287.90, -21.38, 0.00, 233.86, 18.13);
insert into SHOT values (2902, 2951, 2965, 4449, 3.30, 307.33, -5.80, 3.30, 307.32, -5.74, 0.00, 137.46, 73.70);
insert into SHOT values (2903, 2951, 2966, 4449, 4.52, 297.63, -0.50, 4.52, 297.53, -0.51, 0.01, 222.97, -3.94);
insert into SHOT values (2904, 2951, 2967, 4449, 1.21, 0.13, 77.60, 1.21, 0.00, 77.57, 0.00, 286.54, -71.30);
insert into SHOT values (2905, 2951, 2968, 4449, 1.36, 86.33, 65.30, 1.36, 86.93, 65.66, 0.01, 228.06, 24.79);
insert into SHOT values (2906, 2951, 2969, 4449, 3.40, 305.33, -1.60, 3.40, 305.19, -1.52, 0.01, 233.65, 29.11);
insert into SHOT values (2907, 2951, 2970, 4449, 1.86, 287.33, -7.90, 1.86, 287.35, -7.72, 0.01, 316.11, 72.21);
insert into SHOT values (2908, 2951, 2971, 4449, 3.22, 307.93, -5.70, 3.22, 307.91, -5.70, 0.00, 282.70, -4.03);
insert into SHOT values (2909, 2971, 2972, 4449, 1.98, 254.43, 12.30, 1.98, 254.38, 12.27, 0.00, 100.22, -26.65);
insert into SHOT values (2910, 2971, 2973, 4449, 1.34, 255.33, 53.40, 1.34, 255.44, 53.62, 0.01, 50.55, 48.51);
insert into SHOT values (2911, 2971, 2974, 4449, 1.63, 257.13, -31.60, 1.63, 257.07, -31.54, 0.01, 101.47, 49.57);
insert into SHOT values (2912, 2971, 2975, 4449, 1.39, 259.73, -51.50, 1.39, 259.34, -51.57, 0.01, 165.94, -20.36);
insert into SHOT values (2913, 2971, 2976, 4449, 1.96, 267.43, -65.40, 1.96, 267.17, -65.51, 0.01, 123.53, 19.01);
insert into SHOT values (2914, 2971, 2977, 4449, 11.11, 289.13, -40.00, 11.11, 289.14, -40.00, 0.00, 34.20, 39.99);
insert into SHOT values (2915, 2971, 2978, 4449, 11.65, 289.93, -42.10, 11.65, 289.88, -42.09, 0.01, 210.09, 3.84);
insert into SHOT values (2916, 2971, 2979, 4449, 4.44, 285.03, -19.40, 4.43, 284.97, -19.37, 0.01, 141.04, 32.69);
insert into SHOT values (2917, 2971, 2980, 4449, 2.41, 276.23, 19.30, 2.41, 276.06, 19.39, 0.01, 170.36, 26.94);
insert into SHOT values (2918, 2971, 2981, 4449, 0.71, 288.73, 76.20, 0.71, 287.35, 76.34, 0.00, 174.87, 6.43);
insert into SHOT values (2919, 2971, 2982, 4449, 0.56, 20.43, 42.70, 0.56, 20.22, 43.18, 0.01, 212.66, 1.96);
insert into SHOT values (2920, 2971, 2983, 4449, 1.06, 221.73, 0.40, 1.06, 221.95, 0.54, 0.01, 283.56, 29.31);
insert into SHOT values (2921, 2971, 2984, 4449, 2.48, 143.73, 1.10, 2.48, 143.68, 1.15, 0.00, 107.94, 37.01);
insert into SHOT values (2922, 2971, 2985, 4449, 5.65, 156.43, 11.30, 5.65, 156.39, 11.32, 0.01, 113.75, 31.95);
insert into SHOT values (2923, 2971, 2986, 4449, 3.75, 151.53, 9.70, 3.75, 151.56, 9.67, 0.00, 252.10, -37.97);
insert into SHOT values (2924, 2971, 2987, 4449, 3.51, 143.53, 10.80, 3.52, 143.59, 10.82, 0.01, 176.51, 17.01);
insert into SHOT values (2925, 2971, 2988, 4449, 2.35, 144.43, -0.10, 2.35, 144.35, 0.00, 0.01, 63.90, 51.68);
insert into SHOT values (2926, 2971, 2989, 4449, 2.74, 147.83, -11.80, 2.74, 147.79, -11.79, 0.00, 82.48, 9.75);
insert into SHOT values (2927, 2971, 2990, 4449, 1.63, 148.43, -23.80, 1.63, 148.44, -23.89, 0.00, 305.52, -64.37);
insert into SHOT values (2928, 2971, 2991, 4449, 1.44, 152.43, -30.50, 1.44, 152.61, -30.51, 0.00, 267.66, 11.20);
insert into SHOT values (2929, 2971, 2992, 4449, 1.60, 144.83, -52.40, 1.60, 145.01, -52.44, 0.00, 229.51, -37.01);
insert into SHOT values (2930, 2971, 2993, 4449, 2.07, 235.63, 38.80, 2.07, 235.62, 38.89, 0.00, 62.44, 59.58);
insert into SHOT values (2931, 2971, 2994, 4449, 2.02, 255.73, -8.60, 2.02, 255.82, -8.53, 0.01, 298.99, 22.44);
insert into SHOT values (2932, 2971, 2995, 4449, 3.73, 294.23, -38.50, 3.73, 294.28, -38.49, 0.00, 43.65, 33.90);
insert into SHOT values (2933, 2995, 2996, 4449, 3.99, 306.83, 0.40, 3.99, 306.76, 0.43, 0.01, 256.17, 18.34);
insert into SHOT values (2934, 2995, 2997, 4449, 1.29, 257.73, -0.00, 1.29, 257.47, 0.00, 0.01, 174.88, 0.00);
insert into SHOT values (2935, 2995, 2998, 4449, 1.48, 212.23, -3.50, 1.48, 212.29, -3.48, 0.00, 261.32, 8.88);
insert into SHOT values (2936, 2995, 2999, 4449, 1.35, 174.73, -1.20, 1.36, 174.92, -1.27, 0.01, 213.93, -13.42);
insert into SHOT values (2937, 2995, 3000, 4449, 1.72, 118.83, 6.40, 1.72, 118.96, 6.32, 0.01, 156.57, -15.17);
insert into SHOT values (2938, 2995, 3001, 4449, 1.76, 158.53, 43.70, 1.77, 158.87, 43.72, 0.01, 224.47, 26.09);
insert into SHOT values (2939, 2995, 3002, 4449, 2.59, 194.33, 50.90, 2.60, 194.46, 50.75, 0.01, 218.26, 0.24);
insert into SHOT values (2940, 2995, 3003, 4449, 2.34, 243.63, 57.90, 2.34, 243.43, 57.69, 0.01, 217.93, -13.18);
insert into SHOT values (2941, 2995, 3004, 4449, 2.65, 285.43, 54.50, 2.65, 285.03, 54.46, 0.01, 215.14, 12.78);
insert into SHOT values (2942, 2995, 3005, 4449, 0.48, 8.23, 17.80, 0.48, 7.59, 18.28, 0.01, 246.75, 29.08);
insert into SHOT values (2943, 2995, 3006, 4449, 0.41, 60.93, 16.00, 0.40, 60.80, 15.77, 0.01, 251.27, -32.60);
insert into SHOT values (2944, 2995, 3007, 4449, 0.61, 317.73, 27.70, 0.61, 318.01, 27.49, 0.00, 83.74, -46.95);
insert into SHOT values (2945, 2995, 3008, 4449, 2.21, 247.43, -47.90, 2.21, 247.41, -47.86, 0.00, 236.08, -5.93);
insert into SHOT values (2946, 2995, 3009, 4449, 2.00, 215.03, -43.60, 2.00, 214.89, -43.57, 0.00, 161.99, -10.31);
insert into SHOT values (2947, 2995, 3010, 4449, 2.02, 176.63, -62.90, 2.02, 176.89, -62.89, 0.00, 251.41, -22.05);
insert into SHOT values (2948, 2995, 3011, 4449, 1.46, 288.33, -75.50, 1.46, 287.45, -75.42, 0.01, 211.14, 31.18);
insert into SHOT values (2949, 3011, 3012, 4449, 1.46, 279.43, -74.40, 1.46, 278.75, -74.37, 0.01, 211.88, -36.71);
insert into SHOT values (2950, 3011, 3013, 4449, 3.84, 333.63, -4.80, 3.84, 333.64, -4.93, 0.01, 353.43, -78.65);
insert into SHOT values (2951, 3011, 3014, 4449, 4.62, 295.13, -4.80, 4.62, 295.17, -4.84, 0.01, 339.98, -32.06);
insert into SHOT values (2952, 3011, 3015, 4449, 4.81, 277.73, -4.90, 4.81, 277.67, -5.01, 0.01, 194.11, -63.88);
insert into SHOT values (2953, 3011, 3016, 4449, 3.65, 326.13, 35.80, 3.65, 326.15, 35.72, 0.01, 359.57, -67.89);
insert into SHOT values (2954, 3011, 3017, 4449, 1.92, 326.53, 76.70, 1.91, 327.03, 76.66, 0.01, 66.63, -65.15);
insert into SHOT values (2955, 3011, 3018, 4449, 3.75, 266.03, 77.90, 3.74, 266.33, 77.95, 0.01, 43.11, -47.55);
insert into SHOT values (2956, 3011, 3019, 4449, 0.68, 52.53, 2.30, 0.68, 52.79, 1.69, 0.01, 167.29, -64.64);
insert into SHOT values (2957, 3011, 3020, 4449, 1.09, 30.93, -0.80, 1.09, 30.78, -1.05, 0.01, 358.36, -43.35);
insert into SHOT values (2958, 3011, 3021, 4449, 2.53, 4.23, -2.40, 2.53, 4.31, -2.49, 0.01, 103.80, -46.89);
insert into SHOT values (2959, 3011, 3022, 4449, 3.54, 352.33, 0.90, 3.54, 352.37, 0.81, 0.01, 50.73, -59.02);
insert into SHOT values (2960, 3011, 3023, 4449, 1.29, 131.23, 5.10, 1.29, 131.23, 4.87, 0.01, 131.44, -44.02);
insert into SHOT values (2961, 3011, 3024, 4449, 1.62, 189.33, 16.50, 1.62, 189.28, 16.53, 0.00, 32.26, -1.84);
insert into SHOT values (2962, 3011, 3025, 4449, 1.79, 217.43, 25.80, 1.79, 217.44, 25.53, 0.01, 250.23, -86.18);
insert into SHOT values (2963, 3011, 3026, 4449, 2.40, 226.73, 57.20, 2.39, 226.87, 57.07, 0.01, 289.23, -63.90);
insert into SHOT values (2964, 3011, 3027, 4449, 3.33, 219.53, 72.70, 3.32, 219.66, 72.70, 0.01, 3.61, -67.79);
insert into SHOT values (2965, 3011, 3028, 4449, 4.42, 163.43, 72.10, 4.41, 163.30, 72.09, 0.01, 50.25, -61.74);
insert into SHOT values (2966, 3011, 3029, 4449, 3.63, 329.93, 32.30, 3.63, 329.93, 32.26, 0.01, 332.52, 3.23);
insert into SHOT values (2967, 3011, 3030, 4449, 5.16, 306.93, 34.00, 5.16, 306.92, 33.95, 0.01, 250.06, -86.76);
insert into SHOT values (2968, 3011, 3031, 4449, 4.58, 282.33, 7.80, 4.58, 282.35, 7.78, 0.00, 67.21, -25.77);
insert into SHOT values (2969, 3011, 3032, 4449, 1.73, 262.13, 20.50, 1.72, 262.17, 20.38, 0.01, 69.16, -46.65);
insert into SHOT values (2970, 3011, 3033, 4449, 1.69, 265.53, 51.00, 1.69, 265.68, 50.94, 0.00, 6.04, -48.73);
insert into SHOT values (2971, 3011, 3034, 4449, 3.81, 285.43, 72.30, 3.81, 285.47, 72.25, 0.00, 298.96, 5.34);
insert into SHOT values (2972, 3011, 3035, 4449, 2.58, 301.23, 50.00, 2.58, 301.20, 49.88, 0.01, 277.35, -73.53);
insert into SHOT values (2973, 3011, 3036, 4449, 2.33, 292.83, 31.80, 2.32, 292.93, 31.69, 0.01, 71.11, -55.07);
insert into SHOT values (2974, 3011, 3037, 4449, 4.55, 291.63, 7.60, 4.55, 291.61, 7.58, 0.00, 131.19, -27.63);
insert into SHOT values (2975, 3011, 3038, 4449, 5.58, 294.03, -23.60, 5.58, 294.01, -23.66, 0.01, 172.51, -71.89);
insert into SHOT values (2976, 3011, 3039, 4449, 5.00, 317.63, -28.40, 5.00, 317.67, -28.43, 0.00, 80.57, -23.71);
insert into SHOT values (2977, 3011, 3040, 4449, 0.79, 298.03, -46.00, 0.79, 298.44, -46.24, 0.01, 64.23, -19.32);
insert into SHOT values (2978, 3011, 3041, 4449, 0.83, 263.23, -41.60, 0.84, 263.56, -41.91, 0.01, 311.17, -61.47);
insert into SHOT values (2979, 3011, 3042, 4449, 0.87, 337.63, -35.80, 0.87, 337.44, -35.93, 0.00, 209.39, -20.67);
insert into SHOT values (2980, 3011, 3043, 4449, 19.71, 302.93, -85.00, 19.71, 302.86, -85.01, 0.01, 153.29, -49.89);
insert into SCRAPS values (4450, 4447, 'bath-1p', 1);
 insert into SCRAPS values (4502, 4447, 'bath-2p', 1);
 insert into SCRAPS values (4541, 4447, 'bath-3p', 1);
 insert into MAPS values (4570, 4447, 'm1p', NULL, 1, 106.590, 42.620);
 insert into MAPITEMS values (4570, 4, 4450);
 insert into MAPS values (4571, 4447, 'm2p', NULL, 1, 106.590, 42.620);
 insert into MAPITEMS values (4571, 4, 4502);
 insert into MAPS values (4572, 4447, 'm3p', NULL, 1, 106.590, 42.620);
 insert into MAPITEMS values (4572, 4, 4541);
 insert into SURVEY values (4577, 22, 'holy_moley', 'holy_moley.primadona.sistem_prima', 'holy_moley');
 insert into CENTRELINE values (4578, 4577, NULL, NULL, NULL, 0.00, 0.00, 0.00);
 insert into CENTRELINE values (4579, 4577, NULL, '2018-07-12', NULL, 47.75, 0.00, 0.00);
 insert into EXPLO values (35, 4579);
 insert into EXPLO values (18, 4579);
 insert into EXPLO values (28, 4579);
 insert into SHOT values (2981, 3044, 3045, 4579, 5.76, 357.52, 16.00, 5.82, 356.83, 15.45, 0.11, 314.02, -20.97);
insert into SHOT values (2982, 3045, 3046, 4579, 4.56, 303.52, 0.00, 4.65, 303.69, -0.37, 0.10, 312.00, -18.03);
insert into SHOT values (2983, 3046, 3047, 4579, 4.01, 26.52, 10.00, 4.03, 25.79, 9.70, 0.06, 324.27, -15.90);
insert into SHOT values (2984, 3047, 3048, 4579, 5.88, 321.52, 3.00, 5.97, 321.40, 2.59, 0.10, 313.52, -22.38);
insert into SHOT values (2985, 3048, 3049, 4579, 10.10, 6.52, 8.00, 10.16, 5.47, 7.41, 0.22, 297.84, -25.64);
insert into SHOT values (2986, 3049, 3050, 4579, 6.97, 150.52, 44.00, 6.88, 150.78, 44.38, 0.11, 318.06, -17.54);
insert into SHOT values (2987, 3050, 3051, 4579, 6.04, 151.52, -4.00, 5.96, 151.88, -4.43, 0.10, 307.66, -22.78);
insert into SHOT values (2988, 3051, 3052, 4579, 2.78, 42.52, 44.00, 2.76, 41.75, 43.72, 0.03, 306.79, -38.09);
insert into SHOT values (2989, 3052, 3053, 4579, 1.65, 134.52, 0.00, 1.56, 134.48, -0.37, 0.09, 315.24, -6.05);
insert into SCRAPS values (4580, 4577, 'holy_moley-p1', 1);
 insert into SCRAPS values (4613, 4577, 'holy_moley-p2', 1);
 insert into MAPS values (4623, 4577, 'm1p', NULL, 1, 47.750, 10.040);
 insert into MAPITEMS values (4623, 4, 4580);
 insert into MAPS values (4624, 4577, 'm2p', NULL, 1, 47.750, 10.040);
 insert into MAPITEMS values (4624, 4, 4613);
 insert into SURVEY values (4627, 22, 'adequately_hammered', 'adequately_hammered.primadona.sistem_prima', 'Adequately Hammered');
 insert into CENTRELINE values (4628, 4627, NULL, NULL, NULL, 0.00, 0.00, 0.00);
 insert into CENTRELINE values (4629, 4627, NULL, '2018-07-16', NULL, 16.73, 0.00, 0.00);
 insert into TOPO values (27, 4629);
 insert into PERSON values (37, 'David', 'Kirkpatrick');
insert into TOPO values (37, 4629);
 insert into EXPLO values (27, 4629);
 insert into EXPLO values (37, 4629);
 insert into EXPLO values (36, 4629);
 insert into SHOT values (2990, 3054, 3055, 4629, 3.00, 49.52, 0.00, 2.99, 48.80, -0.38, 0.04, 305.22, -27.02);
insert into SHOT values (2991, 3055, 3056, 4629, 13.73, 4.52, 90.00, 13.70, 2.12, 88.87, 0.27, 2.12, -6.34);
insert into SURVEY values (4631, 22, 'canticle_for_migovec', 'canticle_for_migovec.primadona.sistem_prima', NULL);
 insert into CENTRELINE values (4632, 4631, NULL, NULL, NULL, 0.00, 0.00, 0.00);
 insert into SCRAPS values (4633, 4631, 'canticle_for_migovec-p1', 1);
 insert into SCRAPS values (4648, 4631, 'canticle_for_migovec-p3', 1);
 insert into SCRAPS values (4668, 4631, 'canticle_for_migovec-p2', 1);
 insert into MAPS values (4684, 4631, 'mcanticle_for_migovec-p1', NULL, 1, 189.340, 58.980);
 insert into MAPITEMS values (4684, 4, 4633);
 insert into MAPS values (4685, 4631, 'mcanticle_for_migovec-p2', NULL, 1, 189.340, 58.980);
 insert into MAPITEMS values (4685, 4, 4668);
 insert into MAPS values (4686, 4631, 'mcanticle_for_migovec-p3', NULL, 1, 189.340, 58.980);
 insert into MAPITEMS values (4686, 4, 4648);
 insert into CENTRELINE values (4687, 4631, NULL, '2018-07-28', NULL, 189.34, 0.00, 0.00);
 insert into TOPO values (25, 4687);
 insert into TOPO values (18, 4687);
 insert into SHOT values (2992, 3057, 3058, 4687, 5.11, 15.13, 39.50, 5.11, 15.13, 39.47, 0.00, 14.61, -5.45);
insert into SHOT values (2993, 3058, 3059, 4687, 3.08, 26.43, 14.60, 3.08, 26.48, 14.65, 0.01, 74.57, 45.57);
insert into SHOT values (2994, 3059, 3060, 4687, 2.00, 97.53, 0.70, 2.00, 97.77, 0.57, 0.01, 198.11, -27.82);
insert into SHOT values (2995, 3060, 3061, 4687, 2.04, 16.33, 0.40, 2.04, 16.48, 0.56, 0.01, 70.26, 39.88);
insert into SHOT values (2996, 3061, 3062, 4687, 5.57, 71.23, -15.40, 5.57, 71.19, -15.42, 0.00, 293.93, -10.11);
insert into SHOT values (2997, 3062, 3063, 4687, 4.41, 27.23, 8.00, 4.41, 27.27, 7.96, 0.01, 149.07, -45.46);
insert into SHOT values (2998, 3063, 3064, 4687, 3.52, 59.23, 20.10, 3.52, 59.24, 20.11, 0.00, 190.44, 14.46);
insert into SHOT values (2999, 3064, 3065, 4687, 4.15, 60.23, -5.70, 4.15, 60.20, -5.68, 0.00, 263.89, 26.02);
insert into SHOT values (3000, 3065, 3066, 4687, 5.37, 28.23, 10.90, 5.38, 28.26, 10.83, 0.01, 55.73, -37.37);
insert into SHOT values (3001, 3066, 3067, 4687, 3.56, 73.63, 24.40, 3.56, 73.69, 24.40, 0.00, 188.62, -9.56);
insert into SHOT values (3002, 3067, 3068, 4687, 7.28, 26.63, 3.10, 7.28, 26.64, 3.15, 0.01, 47.95, 68.18);
insert into SHOT values (3003, 3068, 3069, 4687, 3.47, 339.73, -2.90, 3.47, 339.58, -2.97, 0.01, 264.46, -25.48);
insert into SHOT values (3004, 3069, 3070, 4687, 2.00, 353.53, -22.90, 2.00, 353.76, -22.96, 0.01, 94.71, -12.84);
insert into SHOT values (3005, 3070, 3071, 4687, 8.17, 345.43, 6.20, 8.17, 345.38, 6.25, 0.01, 261.71, 49.24);
insert into SHOT values (3006, 3071, 3072, 4687, 4.13, 324.93, 2.90, 4.13, 324.96, 2.91, 0.00, 0.87, 14.06);
insert into SHOT values (3007, 3072, 3073, 4687, 3.36, 18.53, 6.20, 3.37, 18.65, 6.14, 0.01, 71.86, -17.78);
insert into SHOT values (3008, 3073, 3074, 4687, 8.58, 312.43, 5.30, 8.58, 312.39, 5.28, 0.01, 225.67, -24.50);
insert into SHOT values (3009, 3074, 3075, 4687, 1.74, 7.73, -0.90, 1.75, 7.57, -0.98, 0.01, 326.66, -20.33);
insert into SHOT values (3010, 3075, 3076, 4687, 2.79, 56.03, -19.70, 2.79, 56.19, -19.71, 0.01, 168.07, 3.58);
insert into SHOT values (3011, 3076, 3077, 4687, 7.90, 354.23, 2.60, 7.91, 354.26, 2.61, 0.01, 24.13, 10.37);
insert into SHOT values (3012, 3077, 3078, 4687, 4.77, 56.63, 1.50, 4.77, 56.64, 1.56, 0.01, 216.36, 54.71);
insert into SHOT values (3013, 3078, 3079, 4687, 3.98, 341.63, -6.90, 3.98, 341.57, -6.92, 0.01, 272.58, -21.66);
insert into SHOT values (3014, 3079, 3080, 4687, 14.19, 90.83, 54.20, 14.19, 90.83, 54.20, 0.00, 91.42, 72.43);
insert into SHOT values (3015, 3080, 3081, 4687, 2.14, 186.03, 15.00, 2.14, 185.82, 14.88, 0.01, 121.55, -24.98);
insert into SHOT values (3016, 3081, 3082, 4687, 6.81, 105.83, 51.10, 6.81, 105.76, 51.14, 0.01, 326.30, 1.22);
insert into SHOT values (3017, 3082, 3083, 4687, 9.27, 137.23, 40.50, 9.27, 137.24, 40.47, 0.01, 150.28, -3.40);
insert into SHOT values (3018, 3083, 3084, 4687, 1.67, 21.03, -7.70, 1.67, 20.84, -7.56, 0.01, 323.92, 29.94);
insert into SHOT values (3019, 3084, 3085, 4687, 5.00, 279.93, 60.40, 4.99, 279.81, 60.39, 0.01, 154.91, -49.33);
insert into SHOT values (3020, 3085, 3086, 4687, 2.06, 84.93, -12.90, 2.06, 84.86, -12.90, 0.00, 356.63, -2.41);
insert into SHOT values (3021, 3086, 3087, 4687, 10.23, 129.83, 11.40, 10.23, 129.82, 11.45, 0.01, 335.94, 68.02);
insert into SHOT values (3022, 3087, 3088, 4687, 3.17, 224.13, 12.20, 3.18, 224.09, 12.18, 0.01, 204.01, 0.87);
insert into SHOT values (3023, 3088, 3089, 4687, 3.08, 171.63, 5.00, 3.08, 171.55, 5.04, 0.01, 30.39, 13.55);
insert into SHOT values (3024, 3089, 3090, 4687, 3.00, 83.33, 62.60, 3.00, 83.34, 62.59, 0.00, 252.32, -69.16);
insert into SHOT values (3025, 3090, 3091, 4687, 6.34, 128.33, -0.50, 6.34, 128.33, -0.54, 0.01, 296.97, -51.18);
insert into SHOT values (3026, 3091, 3092, 4687, 4.15, 227.73, -10.00, 4.15, 227.68, -10.00, 0.00, 102.41, 8.47);
insert into SHOT values (3027, 3092, 3093, 4687, 19.61, 165.93, 88.40, 19.61, 166.22, 88.41, 0.00, 289.59, -35.35);
insert into SHOT values (3028, 3093, 3094, 4687, 1.64, 89.83, 9.50, 1.64, 90.00, 9.81, 0.01, 152.73, 59.67);
insert into SURVEY values (4689, 22, 'testify', 'testify.primadona.sistem_prima', NULL);
 insert into CENTRELINE values (4690, 4689, NULL, NULL, NULL, 0.00, 0.00, 0.00);
 insert into SCRAPS values (4691, 4689, 'testify-p1', 1);
 insert into SCRAPS values (4708, 4689, 'testify-p2', 1);
 insert into SCRAPS values (4726, 4689, 'testify-p3', 1);
 insert into SCRAPS values (4741, 4689, 'testify-p4', 1);
 insert into SCRAPS values (4761, 4689, 'testify-p5', 1);
 insert into SCRAPS values (4770, 4689, 'testify-p6', 1);
 insert into MAPS values (4790, 4689, 'mtestify-p1', NULL, 1, 311.030, 61.740);
 insert into MAPITEMS values (4790, 4, 4691);
 insert into MAPS values (4791, 4689, 'mtestify-p2', NULL, 1, 311.030, 61.740);
 insert into MAPITEMS values (4791, 4, 4708);
 insert into MAPS values (4792, 4689, 'mtestify-p3', NULL, 1, 311.030, 61.740);
 insert into MAPITEMS values (4792, 4, 4726);
 insert into MAPS values (4793, 4689, 'mtestify-p4', NULL, 1, 311.030, 61.740);
 insert into MAPITEMS values (4793, 4, 4741);
 insert into MAPS values (4794, 4689, 'mtestify-p5', NULL, 1, 311.030, 61.740);
 insert into MAPITEMS values (4794, 4, 4761);
 insert into MAPS values (4795, 4689, 'mtestify-p6', NULL, 1, 311.030, 61.740);
 insert into MAPITEMS values (4795, 4, 4770);
 insert into CENTRELINE values (4801, 4689, NULL, '2018-08-05', '2018-08-05', 311.03, 0.00, 0.00);
 insert into PERSON values (38, 'Andy', 'Jurd');
insert into TOPO values (38, 4801);
 insert into TOPO values (25, 4801);
 insert into SHOT values (3029, 3095, 3096, 4801, 4.68, 79.53, -23.00, 4.69, 79.45, -22.99, 0.01, 27.41, -9.60);
insert into SHOT values (3030, 3095, 3097, 4801, 3.36, 163.53, 39.00, 3.36, 163.51, 39.12, 0.01, 356.25, 53.28);
insert into SHOT values (3031, 3097, 3098, 4801, 2.14, 282.53, 26.00, 2.14, 282.59, 25.77, 0.01, 318.15, -66.10);
insert into SHOT values (3032, 3098, 3099, 4801, 5.00, 166.53, 26.00, 5.00, 166.49, 26.08, 0.01, 83.56, 67.99);
insert into SHOT values (3033, 3100, 3099, 4801, 7.05, 297.53, -16.00, 7.05, 297.59, -15.97, 0.01, 356.07, 23.28);
insert into SHOT values (3034, 3100, 3101, 4801, 5.72, 160.53, 16.00, 5.72, 160.54, 16.05, 0.01, 327.16, 34.97);
insert into SHOT values (3035, 3101, 3102, 4801, 5.97, 98.53, 19.00, 5.97, 98.56, 18.97, 0.01, 221.06, -46.25);
insert into SHOT values (3036, 3102, 3103, 4801, 8.30, 200.53, 4.00, 8.30, 200.52, 4.01, 0.01, 44.80, 10.61);
insert into SHOT values (3037, 3103, 3104, 4801, 4.20, 158.53, 12.00, 4.20, 158.56, 11.97, 0.01, 311.44, -33.94);
insert into SHOT values (3038, 3104, 3105, 4801, 6.94, 85.53, 13.00, 6.94, 85.59, 12.99, 0.01, 192.82, -9.31);
insert into SHOT values (3039, 3105, 3106, 4801, 2.50, 78.53, 39.00, 2.51, 78.46, 39.02, 0.01, 58.13, 43.82);
insert into SHOT values (3040, 3106, 3107, 4801, 3.25, 25.53, 4.00, 3.25, 25.62, 3.89, 0.01, 154.17, -47.67);
insert into SHOT values (3041, 3107, 3108, 4801, 5.89, 70.53, -1.00, 5.89, 70.46, -0.97, 0.01, 341.69, 20.27);
insert into SHOT values (3042, 3108, 3109, 4801, 5.04, 35.53, 4.00, 5.04, 35.52, 3.98, 0.00, 229.48, -33.14);
insert into SHOT values (3043, 3109, 3110, 4801, 4.20, 66.53, -4.00, 4.20, 66.50, -3.96, 0.00, 294.03, 40.58);
insert into SHOT values (3044, 3110, 3111, 4801, 5.10, 22.53, -1.00, 5.10, 22.59, -1.01, 0.01, 90.09, -9.30);
insert into SHOT values (3045, 3111, 3112, 4801, 3.74, 56.53, -10.00, 3.74, 56.53, -10.02, 0.00, 243.57, -11.47);
insert into SHOT values (3046, 3112, 3113, 4801, 3.93, 334.53, 1.00, 3.93, 334.54, 1.02, 0.00, 353.73, 29.67);
insert into SHOT values (3047, 3113, 3114, 4801, 5.47, 22.53, -5.00, 5.47, 22.56, -5.04, 0.01, 148.99, -40.58);
insert into SHOT values (3048, 3114, 3115, 4801, 6.02, 263.53, 3.00, 6.03, 263.51, 3.04, 0.01, 247.62, 34.97);
insert into SHOT values (3049, 3116, 3115, 4801, 3.66, 167.53, -3.00, 3.66, 167.52, -2.97, 0.00, 145.25, 46.09);
insert into SHOT values (3050, 3116, 3117, 4801, 4.40, 37.53, 12.00, 4.40, 37.64, 11.93, 0.01, 110.58, -28.98);
insert into SHOT values (3051, 3117, 3118, 4801, 5.36, 84.53, -15.00, 5.36, 84.45, -14.93, 0.01, 329.97, 43.80);
insert into SHOT values (3052, 3118, 3119, 4801, 3.70, 64.53, 2.00, 3.70, 64.54, 2.01, 0.00, 93.99, 28.43);
insert into SHOT values (3053, 3119, 3120, 4801, 5.61, 42.53, 20.00, 5.60, 42.54, 19.94, 0.01, 217.10, -55.67);
insert into SHOT values (3054, 3120, 3121, 4801, 7.04, 84.53, -3.00, 7.04, 84.53, -2.93, 0.01, 91.31, 78.94);
insert into SHOT values (3055, 3121, 3122, 4801, 3.12, 9.53, 11.00, 3.12, 9.59, 10.90, 0.01, 97.91, -61.39);
insert into SHOT values (3056, 3122, 3123, 4801, 4.62, 40.53, -1.00, 4.62, 40.52, -0.99, 0.00, 244.24, 16.67);
insert into SHOT values (3057, 3123, 3124, 4801, 3.76, 333.53, -4.00, 3.76, 333.57, -3.96, 0.00, 37.57, 37.76);
insert into SHOT values (3058, 3124, 3125, 4801, 4.17, 14.53, 3.00, 4.17, 14.47, 3.03, 0.01, 257.45, 19.54);
insert into SHOT values (3059, 3125, 3126, 4801, 4.44, 83.53, 22.00, 4.44, 83.44, 21.96, 0.01, 355.52, -27.64);
insert into SHOT values (3060, 3126, 3127, 4801, 6.68, 47.53, -1.00, 6.68, 47.55, -1.03, 0.00, 82.85, -45.84);
insert into SHOT values (3061, 3127, 3128, 4801, 7.14, 88.53, 9.00, 7.14, 88.54, 9.02, 0.00, 164.11, 75.10);
insert into SHOT values (3062, 3128, 3129, 4801, 4.36, 350.53, 12.00, 4.35, 350.54, 12.06, 0.01, 166.38, 27.24);
insert into SHOT values (3063, 3130, 3131, 4801, 3.14, 253.53, -5.00, 3.14, 253.65, -4.94, 0.01, 357.62, 28.37);
insert into SHOT values (3064, 3131, 3132, 4801, 3.52, 210.53, -12.00, 3.52, 210.51, -11.96, 0.00, 191.82, 22.88);
insert into SHOT values (3065, 3132, 3133, 4801, 2.62, 260.53, -3.00, 2.62, 260.54, -3.06, 0.00, 60.29, -73.09);
insert into SHOT values (3066, 3133, 3129, 4801, 2.42, 231.53, -6.00, 2.42, 231.41, -5.93, 0.01, 122.67, 29.81);
insert into SHOT values (3067, 3128, 3134, 4801, 2.30, 46.53, 35.00, 2.30, 46.72, 35.05, 0.01, 156.65, 6.59);
insert into SHOT values (3068, 3134, 3135, 4801, 3.85, 138.53, 31.00, 3.84, 138.57, 31.01, 0.01, 297.62, -25.55);
insert into SHOT values (3069, 3135, 3136, 4801, 3.90, 55.53, 24.00, 3.91, 55.51, 24.02, 0.01, 36.87, 39.76);
insert into SHOT values (3070, 3136, 3137, 4801, 4.05, 3.53, -6.00, 4.05, 3.56, -5.95, 0.00, 94.95, 59.89);
insert into SHOT values (3071, 3137, 3138, 4801, 3.62, 345.53, 15.00, 3.61, 345.41, 14.91, 0.01, 227.81, -38.97);
insert into SHOT values (3072, 3138, 3139, 4801, 4.92, 16.53, -1.00, 4.94, 16.23, -0.70, 0.04, 320.72, 39.74);
insert into SHOT values (3073, 3139, 3140, 4801, 2.90, 55.53, 7.00, 2.90, 55.20, 7.34, 0.02, 310.04, 44.24);
insert into SHOT values (3074, 3140, 3141, 4801, 4.80, 84.53, 0.00, 4.76, 84.22, 0.24, 0.05, 300.56, 24.29);
insert into SHOT values (3075, 3141, 3142, 4801, 5.12, 116.53, 30.00, 5.10, 116.45, 30.38, 0.04, 307.25, 30.42);
insert into SHOT values (3076, 3142, 3143, 4801, 3.01, 148.53, 8.00, 2.97, 148.64, 8.32, 0.04, 321.14, 14.96);
insert into SHOT values (3077, 3143, 3144, 4801, 4.65, 124.53, 4.00, 4.62, 124.55, 4.35, 0.04, 301.74, 34.74);
insert into SHOT values (3078, 3144, 3145, 4801, 2.49, 86.53, 16.00, 2.48, 86.14, 16.42, 0.03, 308.38, 29.21);
insert into SHOT values (3079, 3145, 3146, 4801, 4.44, 116.53, 9.00, 4.40, 116.51, 9.28, 0.04, 299.35, 21.86);
insert into SHOT values (3080, 3146, 3147, 4801, 6.16, 91.53, 13.00, 6.13, 91.25, 13.40, 0.06, 307.22, 34.34);
insert into SHOT values (3081, 3147, 3148, 4801, 3.84, 218.53, 8.00, 3.84, 218.80, 8.24, 0.02, 322.68, 40.15);
insert into SHOT values (3082, 3148, 3149, 4801, 7.47, 237.53, -11.00, 7.48, 237.95, -10.63, 0.07, 310.04, 38.60);
insert into SHOT values (3083, 3149, 3150, 4801, 2.53, 204.53, 8.00, 2.52, 205.13, 8.43, 0.03, 314.17, 32.95);
insert into SHOT values (3084, 3150, 3151, 4801, 3.85, 254.53, -16.00, 3.87, 254.73, -15.76, 0.03, 286.96, 24.79);
insert into SHOT values (3085, 3151, 3152, 4801, 2.93, 281.53, -22.00, 2.95, 281.80, -21.71, 0.03, 312.98, 17.00);
insert into SHOT values (3086, 3152, 3153, 4801, 4.19, 331.53, -14.00, 4.22, 331.31, -13.56, 0.05, 309.16, 29.80);
insert into SHOT values (3087, 3153, 3154, 4801, 1.84, 269.53, -9.00, 1.86, 269.69, -8.65, 0.02, 282.11, 18.65);
insert into SHOT values (3088, 3154, 3155, 4801, 6.21, 338.53, -12.00, 6.24, 338.30, -11.65, 0.06, 306.41, 34.23);
insert into SHOT values (3089, 3155, 3156, 4801, 3.85, 264.53, -13.00, 3.87, 264.83, -12.69, 0.04, 304.24, 27.28);
insert into SHOT values (3090, 3156, 3157, 4801, 2.20, 301.53, -2.00, 2.24, 301.49, -1.79, 0.04, 299.31, 9.34);
insert into SHOT values (3091, 3157, 3138, 4801, 2.77, 304.53, -10.00, 2.81, 304.55, -9.64, 0.04, 305.91, 15.25);
insert into SHOT values (3092, 3148, 3158, 4801, 4.20, 49.53, -9.00, 4.19, 49.50, -8.92, 0.01, 247.76, 48.05);
insert into SHOT values (3093, 3158, 3159, 4801, 28.91, 4.53, 90.00, 28.91, 90.00, 90.00, 0.00, 4.53, 38.99);
insert into SHOT values (3094, 3159, 3160, 4801, 1.77, 30.53, -48.00, 1.77, 30.47, -48.12, 0.00, 264.69, -70.19);
insert into SURVEY values (4807, 22, 'dysentry', 'dysentry.primadona.sistem_prima', 'Dysentry');
 insert into CENTRELINE values (4808, 4807, NULL, NULL, NULL, 0.00, 0.00, 0.00);
 insert into CENTRELINE values (4809, 4807, NULL, '2018-07-22', NULL, 193.48, 0.00, 0.00);
 insert into SHOT values (3095, 3161, 3162, 4809, 1.69, 288.93, 14.00, 1.69, 288.88, 14.05, 0.00, 148.47, 27.71);
insert into SHOT values (3096, 3162, 3163, 4809, 1.69, 285.93, 15.70, 1.70, 285.99, 15.73, 0.01, 302.96, 22.28);
insert into SHOT values (3097, 3162, 3164, 4809, 3.86, 26.73, 25.00, 3.85, 26.71, 25.02, 0.01, 215.67, -12.98);
insert into SHOT values (3098, 3164, 3165, 4809, 8.32, 350.03, 2.80, 8.33, 350.03, 2.82, 0.01, 352.59, 32.66);
insert into SHOT values (3099, 3165, 3166, 4809, 2.96, 23.63, -0.70, 2.96, 23.71, -0.77, 0.01, 113.88, -42.62);
insert into SHOT values (3100, 3165, 3167, 4809, 2.78, 62.33, 1.20, 2.78, 62.33, 1.03, 0.01, 239.52, -78.47);
insert into SHOT values (3101, 3165, 3168, 4809, 2.53, 79.43, 1.90, 2.53, 79.53, 1.81, 0.01, 132.77, -33.37);
insert into SHOT values (3102, 3165, 3169, 4809, 3.26, 97.23, 2.20, 3.26, 97.23, 2.11, 0.01, 262.22, -71.33);
insert into SHOT values (3103, 3165, 3170, 4809, 3.62, 122.73, 2.40, 3.62, 122.81, 2.37, 0.01, 210.15, -16.46);
insert into SHOT values (3104, 3165, 3171, 4809, 4.38, 132.63, 4.40, 4.38, 132.68, 4.32, 0.01, 231.88, -55.59);
insert into SHOT values (3105, 3165, 3172, 4809, 4.96, 145.43, 3.90, 4.97, 145.44, 3.81, 0.01, 160.82, -52.08);
insert into SHOT values (3106, 3165, 3173, 4809, 6.79, 157.43, 2.60, 6.79, 157.48, 2.53, 0.01, 209.77, -46.23);
insert into SHOT values (3107, 3165, 3174, 4809, 11.11, 162.93, 1.20, 11.11, 162.94, 1.19, 0.00, 211.52, -49.06);
insert into SHOT values (3108, 3165, 3175, 4809, 14.67, 171.33, 1.40, 14.67, 171.33, 1.37, 0.01, 218.82, -72.18);
insert into SHOT values (3109, 3165, 3176, 4809, 15.63, 176.03, -0.60, 15.63, 176.04, -0.62, 0.01, 296.87, -61.25);
insert into SHOT values (3110, 3165, 3177, 4809, 3.43, 179.13, -1.00, 3.43, 179.16, -1.00, 0.00, 248.16, -3.20);
insert into SHOT values (3111, 3165, 3178, 4809, 3.27, 184.53, 0.30, 3.27, 184.56, 0.18, 0.01, 262.90, -74.57);
insert into SHOT values (3112, 3165, 3179, 4809, 1.34, 197.03, -2.30, 1.34, 196.95, -2.57, 0.01, 83.41, -71.67);
insert into SHOT values (3113, 3165, 3180, 4809, 1.70, 205.63, -84.60, 1.71, 205.02, -84.44, 0.01, 187.99, -52.41);
insert into SHOT values (3114, 3165, 3181, 4809, 1.13, 273.23, -61.70, 1.13, 273.24, -62.04, 0.01, 91.76, -46.08);
insert into SHOT values (3115, 3165, 3182, 4809, 0.87, 273.83, -47.70, 0.87, 273.95, -48.19, 0.01, 77.59, -56.50);
insert into SHOT values (3116, 3165, 3183, 4809, 1.30, 274.93, -26.10, 1.30, 274.93, -26.48, 0.01, 94.60, -68.80);
insert into SHOT values (3117, 3165, 3184, 4809, 2.44, 275.73, -16.90, 2.44, 275.66, -16.94, 0.00, 134.64, -9.33);
insert into SHOT values (3118, 3165, 3185, 4809, 2.81, 279.03, -11.10, 2.81, 278.98, -11.29, 0.01, 128.40, -65.05);
insert into SHOT values (3119, 3165, 3186, 4809, 0.95, 214.83, -10.80, 0.95, 214.54, -10.90, 0.01, 143.61, -21.95);
insert into SHOT values (3120, 3165, 3187, 4809, 1.12, 238.13, -9.50, 1.13, 237.89, -9.71, 0.01, 196.04, -36.46);
insert into SHOT values (3121, 3165, 3188, 4809, 1.34, 250.63, -9.20, 1.34, 250.61, -9.43, 0.01, 240.69, -66.93);
insert into SHOT values (3122, 3165, 3189, 4809, 1.88, 267.43, -10.40, 1.88, 267.52, -10.40, 0.00, 317.82, -8.66);
insert into SHOT values (3123, 3165, 3190, 4809, 1.35, 336.63, -29.00, 1.35, 336.48, -29.26, 0.01, 202.22, -53.00);
insert into SHOT values (3124, 3165, 3191, 4809, 1.37, 326.33, -27.40, 1.37, 326.44, -27.47, 0.00, 116.79, 5.49);
insert into SHOT values (3125, 3165, 3192, 4809, 2.23, 287.33, -13.30, 2.23, 287.18, -13.50, 0.01, 164.79, -46.91);
insert into SHOT values (3126, 3192, 3193, 4809, 0.56, 274.53, 18.30, 0.56, 275.39, 18.68, 0.01, 0.14, 27.37);
insert into SHOT values (3127, 3192, 3194, 4809, 0.45, 280.73, 62.00, 0.45, 280.78, 61.88, 0.00, 285.65, 46.66);
insert into SHOT values (3128, 3192, 3195, 4809, 0.46, 72.73, 77.30, 0.46, 73.30, 76.94, 0.00, 90.49, 20.07);
insert into SHOT values (3129, 3192, 3196, 4809, 0.52, 92.13, 62.10, 0.52, 90.00, 62.45, 0.01, 340.73, 2.65);
insert into SHOT values (3130, 3192, 3197, 4809, 0.70, 95.73, 28.80, 0.70, 95.62, 29.02, 0.00, 343.62, 65.65);
insert into SHOT values (3131, 3192, 3198, 4809, 0.98, 166.93, 8.90, 0.98, 166.83, 8.83, 0.00, 17.65, -26.39);
insert into SHOT values (3132, 3192, 3199, 4809, 0.83, 184.83, 6.70, 0.83, 184.88, 6.93, 0.00, 335.38, 63.90);
insert into SHOT values (3133, 3192, 3200, 4809, 0.92, 199.53, 11.10, 0.92, 199.44, 11.29, 0.00, 63.56, 55.89);
insert into SHOT values (3134, 3192, 3201, 4809, 0.87, 228.83, 6.30, 0.86, 229.25, 6.65, 0.01, 5.58, 25.87);
insert into SHOT values (3135, 3192, 3202, 4809, 0.54, 29.23, 16.00, 0.54, 28.52, 15.99, 0.01, 333.78, 8.43);
insert into SHOT values (3136, 3192, 3203, 4809, 2.02, 10.43, 7.10, 2.03, 10.30, 7.08, 0.01, 342.21, 2.06);
insert into SHOT values (3137, 3192, 3204, 4809, 1.93, 8.73, 4.40, 1.94, 8.63, 4.44, 0.01, 346.28, 13.26);
insert into SHOT values (3138, 3192, 3205, 4809, 2.19, 356.23, 5.10, 2.19, 356.33, 5.23, 0.01, 46.39, 47.19);
insert into SHOT values (3139, 3192, 3206, 4809, 2.18, 350.73, 2.60, 2.18, 350.75, 2.63, 0.00, 53.29, 43.10);
insert into SHOT values (3140, 3192, 3207, 4809, 2.09, 0.23, 1.00, 2.09, 0.27, 1.10, 0.00, 79.17, 63.19);
insert into SHOT values (3141, 3207, 3208, 4809, 0.60, 205.43, 9.00, 0.60, 206.13, 8.67, 0.01, 313.14, -26.86);
insert into SHOT values (3142, 3207, 3209, 4809, 0.45, 209.03, 38.90, 0.44, 209.54, 39.08, 0.01, 359.31, -22.55);
insert into SHOT values (3143, 3207, 3210, 4809, 0.32, 218.33, 40.40, 0.32, 218.29, 40.94, 0.00, 43.71, 58.01);
insert into SHOT values (3144, 3207, 3211, 4809, 0.53, 198.83, -15.80, 0.53, 199.50, -16.41, 0.01, 296.37, -43.19);
insert into SHOT values (3145, 3207, 3212, 4809, 0.96, 242.83, 6.10, 0.96, 243.17, 5.99, 0.01, 352.38, -18.57);
insert into SHOT values (3146, 3207, 3213, 4809, 1.34, 264.43, 3.00, 1.34, 264.42, 3.00, 0.00, 90.87, -4.05);
insert into SHOT values (3147, 3207, 3214, 4809, 1.31, 274.33, 5.20, 1.31, 274.40, 5.26, 0.00, 29.33, 34.94);
insert into SHOT values (3148, 3207, 3215, 4809, 1.22, 290.83, 2.20, 1.22, 291.10, 2.34, 0.01, 355.20, 25.67);
insert into SHOT values (3149, 3207, 3216, 4809, 1.12, 281.73, -4.10, 1.13, 281.81, -4.07, 0.01, 295.58, 0.64);
insert into SHOT values (3150, 3216, 3217, 4809, 1.72, 104.03, 9.00, 1.72, 103.95, 9.02, 0.00, 46.44, 20.30);
insert into SHOT values (3151, 3216, 3218, 4809, 1.83, 105.83, 5.60, 1.84, 105.86, 5.62, 0.01, 113.02, 9.57);
insert into SHOT values (3152, 3216, 3219, 4809, 0.82, 87.93, 6.00, 0.82, 87.90, 5.57, 0.01, 84.43, -48.53);
insert into SHOT values (3153, 3216, 3220, 4809, 1.09, 86.83, 4.90, 1.10, 86.85, 4.71, 0.01, 91.28, -28.78);
insert into SHOT values (3154, 3216, 3221, 4809, 0.71, 71.63, 9.60, 0.72, 71.82, 9.66, 0.01, 96.77, 15.70);
insert into SHOT values (3155, 3216, 3222, 4809, 0.86, 54.13, 10.40, 0.87, 54.07, 9.98, 0.01, 46.70, -39.80);
insert into SHOT values (3156, 3216, 3223, 4809, 1.37, 34.23, 7.60, 1.37, 34.51, 7.54, 0.01, 114.30, -9.94);
insert into SHOT values (3157, 3216, 3224, 4809, 1.50, 30.83, 11.30, 1.50, 31.10, 11.15, 0.01, 116.53, -29.31);
insert into SHOT values (3158, 3216, 3225, 4809, 0.24, 106.73, 69.80, 0.23, 104.04, 69.45, 0.01, 9.36, -53.32);
insert into SHOT values (3159, 3216, 3226, 4809, 0.32, 104.63, 50.10, 0.32, 104.04, 49.34, 0.01, 37.15, -67.30);
insert into SHOT values (3160, 3216, 3227, 4809, 0.48, 106.83, 33.60, 0.48, 105.75, 32.69, 0.01, 51.92, -31.20);
insert into SHOT values (3161, 3216, 3228, 4809, 0.41, 200.03, 7.10, 0.41, 200.22, 7.04, 0.00, 343.41, -16.04);
insert into SHOT values (3162, 3216, 3229, 4809, 1.58, 20.73, 3.40, 1.58, 20.73, 3.26, 0.01, 20.52, -35.54);
insert into SHOT values (3163, 3229, 3230, 4809, 1.58, 15.23, 8.60, 1.57, 15.29, 8.77, 0.01, 182.26, 26.77);
insert into SHOT values (3164, 3229, 3231, 4809, 0.81, 223.23, -9.30, 0.82, 222.99, -9.16, 0.01, 198.59, 6.44);
insert into SHOT values (3165, 3229, 3232, 4809, 0.80, 241.13, 0.60, 0.80, 240.88, 0.71, 0.00, 172.18, 23.39);
insert into SHOT values (3166, 3229, 3233, 4809, 0.99, 256.53, 0.90, 0.99, 256.53, 1.16, 0.01, 76.30, 58.66);
insert into SHOT values (3167, 3229, 3234, 4809, 2.06, 271.23, 0.40, 2.06, 271.11, 0.56, 0.01, 187.28, 53.77);
insert into SHOT values (3168, 3229, 3235, 4809, 2.26, 285.23, 1.00, 2.26, 285.14, 1.01, 0.00, 174.48, 9.12);
insert into SHOT values (3169, 3229, 3236, 4809, 2.33, 287.23, -0.00, 2.32, 287.27, 0.00, 0.01, 90.19, 0.00);
insert into SHOT values (3170, 3229, 3237, 4809, 0.26, 234.73, 33.60, 0.27, 234.16, 34.04, 0.01, 212.94, 46.11);
insert into SHOT values (3171, 3229, 3238, 4809, 0.43, 226.43, 5.50, 0.43, 225.94, 5.30, 0.01, 178.90, -13.72);
insert into SHOT values (3172, 3229, 3239, 4809, 0.79, 230.73, -23.40, 0.79, 230.60, -23.16, 0.00, 129.41, 66.40);
insert into SHOT values (3173, 3229, 3240, 4809, 0.61, 235.13, -39.00, 0.61, 235.30, -38.70, 0.00, 314.39, 68.83);
insert into SHOT values (3174, 3229, 3241, 4809, 0.38, 224.63, -70.10, 0.37, 221.99, -68.97, 0.01, 173.81, 42.45);
insert into SHOT values (3175, 3229, 3242, 4809, 0.66, 163.43, -9.00, 0.67, 163.22, -8.64, 0.01, 142.11, 26.19);
insert into SHOT values (3176, 3229, 3243, 4809, 1.05, 175.63, -5.80, 1.06, 175.64, -5.42, 0.01, 177.73, 35.95);
insert into SHOT values (3177, 3229, 3244, 4809, 1.31, 181.23, -3.90, 1.31, 181.31, -3.93, 0.00, 211.35, -12.98);
insert into SHOT values (3178, 3229, 3245, 4809, 2.22, 198.63, -7.10, 2.22, 198.52, -6.98, 0.01, 123.68, 45.33);
insert into SHOT values (3179, 3229, 3246, 4809, 1.94, 285.13, 4.20, 1.94, 284.97, 4.14, 0.01, 204.71, -21.20);
insert into SHOT values (3180, 3246, 3247, 4809, 1.96, 330.53, -4.10, 1.96, 330.55, -4.10, 0.00, 136.05, 2.82);
insert into SHOT values (3181, 3247, 3248, 4809, 1.97, 331.13, -2.60, 1.98, 331.23, -2.32, 0.01, 2.55, 54.49);
insert into SHOT values (3182, 3249, 3247, 4809, 2.15, 134.93, -2.30, 2.15, 135.00, -2.40, 0.00, 199.18, -50.42);
insert into SHOT values (3183, 3249, 3250, 4809, 2.17, 142.73, -5.50, 2.17, 142.71, -5.55, 0.00, 122.38, -42.67);
insert into SHOT values (3184, 3249, 3251, 4809, 1.11, 312.53, 5.30, 1.11, 312.80, 5.18, 0.01, 57.16, -25.12);
insert into SHOT values (3185, 3249, 3252, 4809, 2.90, 310.33, 2.60, 2.90, 310.39, 2.57, 0.01, 345.05, -16.01);
insert into SHOT values (3186, 3252, 3253, 4809, 3.03, 115.63, -0.80, 3.03, 115.80, -0.76, 0.01, 189.91, 13.23);
insert into SHOT values (3187, 3254, 3252, 4809, 4.03, 112.33, 0.70, 4.03, 112.30, 0.71, 0.00, 71.43, 16.93);
insert into SHOT values (3188, 3254, 3255, 4809, 0.57, 205.93, 2.70, 0.57, 204.78, 3.00, 0.01, 131.61, 14.76);
insert into SHOT values (3189, 3254, 3256, 4809, 0.85, 147.63, 1.40, 0.85, 147.43, 1.34, 0.01, 114.91, -7.91);
insert into SHOT values (3190, 3254, 3257, 4809, 1.16, 125.83, 4.00, 1.16, 125.88, 3.94, 0.00, 146.52, -15.98);
insert into SHOT values (3191, 3254, 3258, 4809, 1.55, 115.83, 5.30, 1.55, 116.07, 5.54, 0.01, 174.17, 41.63);
insert into SHOT values (3192, 3254, 3259, 4809, 2.47, 95.83, 6.30, 2.48, 95.83, 6.26, 0.01, 95.86, -7.78);
insert into SHOT values (3193, 3254, 3260, 4809, 2.50, 103.93, 6.50, 2.51, 103.92, 6.63, 0.01, 103.54, 36.81);
insert into SHOT values (3194, 3254, 3261, 4809, 2.65, 104.73, 6.20, 2.65, 104.72, 6.28, 0.00, 98.59, 61.52);
insert into SHOT values (3195, 3254, 3262, 4809, 0.28, 69.93, 55.00, 0.28, 72.65, 53.91, 0.01, 119.23, 3.48);
insert into SHOT values (3196, 3254, 3263, 4809, 0.32, 92.23, 82.30, 0.32, 101.31, 80.95, 0.01, 139.35, 14.72);
insert into SHOT values (3197, 3254, 3264, 4809, 0.38, 254.23, 76.80, 0.38, 249.44, 77.00, 0.01, 151.33, 0.31);
insert into SHOT values (3198, 3254, 3265, 4809, 0.40, 258.03, 60.40, 0.40, 255.26, 60.69, 0.01, 160.01, 12.93);
insert into SHOT values (3199, 3254, 3266, 4809, 0.45, 263.73, 42.10, 0.45, 263.09, 43.00, 0.01, 151.72, 64.35);
insert into SHOT values (3200, 3254, 3267, 4809, 0.55, 263.63, 30.90, 0.55, 262.57, 32.01, 0.01, 130.15, 32.62);
insert into SHOT values (3201, 3254, 3268, 4809, 0.65, 262.93, 20.60, 0.65, 262.41, 20.81, 0.01, 143.11, 11.61);
insert into SHOT values (3202, 3254, 3269, 4809, 0.64, 256.33, 6.90, 0.63, 256.18, 7.26, 0.01, 88.47, 22.92);
insert into SHOT values (3203, 3254, 3270, 4809, 0.50, 253.93, -12.20, 0.49, 253.07, -11.75, 0.01, 116.03, 27.92);
insert into SHOT values (3204, 3254, 3271, 4809, 0.45, 250.53, -30.30, 0.44, 250.14, -29.89, 0.01, 94.30, 48.08);
insert into SHOT values (3205, 3254, 3272, 4809, 0.35, 248.63, -50.40, 0.35, 245.77, -50.91, 0.01, 138.26, -1.58);
insert into SHOT values (3206, 3254, 3273, 4809, 0.49, 250.53, -68.60, 0.48, 249.44, -69.21, 0.01, 92.65, 35.96);
insert into SHOT values (3207, 3254, 3274, 4809, 2.30, 18.13, -5.80, 2.30, 18.36, -5.74, 0.01, 119.94, 14.56);
insert into SHOT values (3208, 3274, 3275, 4809, 2.31, 19.03, -1.90, 2.31, 18.99, -1.99, 0.01, 225.50, -42.58);
insert into SHOT values (3209, 3274, 3276, 4809, 0.24, 18.73, 65.20, 0.24, 16.70, 64.61, 0.01, 333.54, 22.28);
insert into SHOT values (3210, 3274, 3277, 4809, 0.48, 250.33, 82.60, 0.48, 251.57, 82.49, 0.00, 294.47, 63.84);
insert into SHOT values (3211, 3274, 3278, 4809, 0.52, 220.33, 63.50, 0.53, 219.81, 63.50, 0.01, 177.22, 56.08);
insert into SHOT values (3212, 3274, 3279, 4809, 0.66, 227.43, 47.80, 0.66, 227.73, 47.69, 0.00, 268.92, 16.87);
insert into SHOT values (3213, 3274, 3280, 4809, 0.38, 81.93, 9.50, 0.38, 82.30, 9.13, 0.00, 202.14, -43.66);
insert into SHOT values (3214, 3274, 3281, 4809, 0.34, 39.73, 17.00, 0.34, 38.66, 17.35, 0.01, 269.48, 4.35);
insert into SHOT values (3215, 3274, 3282, 4809, 0.15, 357.93, 21.60, 0.15, 355.91, 23.15, 0.01, 277.19, 43.76);
insert into SHOT values (3216, 3274, 3283, 4809, 0.50, 322.03, 10.20, 0.51, 321.52, 10.24, 0.01, 286.11, 10.99);
insert into SHOT values (3217, 3274, 3284, 4809, 0.66, 304.03, 9.80, 0.66, 303.69, 9.62, 0.00, 194.09, -30.00);
insert into SHOT values (3218, 3274, 3285, 4809, 2.22, 288.23, 7.30, 2.22, 288.27, 7.25, 0.00, 50.08, -46.27);
insert into SHOT values (3219, 3274, 3286, 4809, 2.21, 278.33, 5.60, 2.21, 278.35, 5.70, 0.01, 291.89, 47.20);
insert into SHOT values (3220, 3274, 3287, 4809, 0.78, 268.93, 8.00, 0.79, 269.27, 8.03, 0.01, 300.08, 9.19);
insert into SHOT values (3221, 3274, 3288, 4809, 2.22, 280.43, 2.60, 2.22, 280.40, 2.58, 0.00, 140.65, -22.19);
insert into SHOT values (3222, 3274, 3289, 4809, 1.89, 279.13, 0.90, 1.89, 279.11, 0.91, 0.00, 273.63, 4.30);
insert into SHOT values (3223, 3289, 3290, 4809, 0.39, 318.33, 12.30, 0.38, 318.24, 12.03, 0.01, 144.02, -28.36);
insert into SHOT values (3224, 3289, 3291, 4809, 0.68, 355.93, 7.20, 0.68, 355.73, 7.63, 0.01, 215.25, 53.04);
insert into SHOT values (3225, 3289, 3292, 4809, 0.91, 13.53, 4.00, 0.91, 13.42, 3.79, 0.00, 221.72, -44.91);
insert into SHOT values (3226, 3289, 3293, 4809, 3.31, 27.63, -1.20, 3.31, 27.73, -1.21, 0.01, 109.93, -6.65);
insert into SHOT values (3227, 3289, 3294, 4809, 0.60, 53.53, 5.10, 0.60, 53.13, 4.76, 0.01, 353.17, -34.96);
insert into SHOT values (3228, 3289, 3295, 4809, 0.82, 66.13, 3.90, 0.82, 66.25, 4.19, 0.00, 120.22, 62.57);
insert into SHOT values (3229, 3289, 3296, 4809, 0.85, 56.83, 7.30, 0.85, 57.06, 7.41, 0.00, 107.21, 23.88);
insert into SHOT values (3230, 3289, 3297, 4809, 0.27, 272.73, -2.20, 0.27, 272.12, -2.12, 0.00, 190.10, 7.22);
insert into SHOT values (3231, 3289, 3298, 4809, 1.06, 33.13, 51.50, 1.06, 33.21, 51.62, 0.00, 193.06, 9.21);
insert into SHOT values (3232, 3289, 3299, 4809, 1.30, 32.33, 34.50, 1.30, 32.06, 34.57, 0.01, 328.21, 33.70);
insert into SHOT values (3233, 3289, 3300, 4809, 1.61, 31.33, 19.90, 1.61, 31.48, 19.98, 0.00, 137.32, 24.73);
insert into SHOT values (3234, 3289, 3301, 4809, 1.62, 29.33, 14.20, 1.62, 29.34, 14.28, 0.00, 46.15, 66.98);
insert into SHOT values (3235, 3289, 3302, 4809, 3.63, 27.73, 5.90, 3.63, 27.70, 5.85, 0.00, 1.48, -39.42);
insert into SHOT values (3236, 3289, 3303, 4809, 3.31, 27.03, -2.00, 3.31, 26.95, -1.90, 0.01, 315.99, 50.66);
insert into SHOT values (3237, 3289, 3304, 4809, 3.72, 24.93, -11.80, 3.72, 25.02, -11.79, 0.01, 112.38, 7.17);
insert into SHOT values (3238, 3289, 3305, 4809, 3.20, 20.83, -16.00, 3.20, 20.73, -15.95, 0.01, 323.64, 18.38);
insert into SHOT values (3239, 3289, 3306, 4809, 1.71, 33.03, 9.20, 1.71, 32.94, 9.07, 0.01, 360.00, -35.61);
insert into SHOT values (3240, 3306, 3307, 4809, 4.34, 325.73, -72.30, 4.34, 325.83, -72.31, 0.01, 97.04, 55.75);
insert into SHOT values (3241, 3306, 3308, 4809, 4.20, 349.03, -63.90, 4.20, 349.06, -63.94, 0.00, 156.32, 21.66);
insert into SHOT values (3242, 3306, 3309, 4809, 0.19, 353.33, -56.20, 0.18, 354.29, -56.18, 0.01, 155.37, 55.21);
insert into SHOT values (3243, 3306, 3310, 4809, 2.35, 357.83, -48.90, 2.35, 357.77, -48.95, 0.00, 200.68, 12.40);
insert into SHOT values (3244, 3306, 3311, 4809, 1.23, 286.23, 1.80, 1.23, 286.07, 1.87, 0.00, 173.19, 21.00);
insert into SHOT values (3245, 3306, 3312, 4809, 1.08, 306.33, 2.90, 1.08, 305.91, 3.20, 0.01, 186.40, 30.75);
insert into SHOT values (3246, 3306, 3313, 4809, 0.82, 326.43, -2.00, 0.82, 326.50, -1.41, 0.01, 131.12, 63.82);
insert into SHOT values (3247, 3306, 3314, 4809, 0.62, 325.73, -3.30, 0.62, 325.54, -2.78, 0.01, 223.74, 70.06);
insert into SHOT values (3248, 3306, 3315, 4809, 1.28, 271.43, 4.10, 1.28, 271.34, 4.47, 0.01, 244.17, 64.32);
insert into SHOT values (3249, 3306, 3316, 4809, 0.73, 270.73, 1.20, 0.73, 270.00, 1.57, 0.01, 181.35, 26.99);
insert into SHOT values (3250, 3306, 3317, 4809, 0.77, 199.53, 7.90, 0.77, 199.15, 8.21, 0.01, 103.39, 39.49);
insert into SHOT values (3251, 3306, 3318, 4809, 1.78, 213.43, -1.50, 1.78, 213.33, -1.28, 0.01, 177.68, 53.21);
insert into SHOT values (3252, 3306, 3319, 4809, 0.75, 203.63, -7.40, 0.76, 203.50, -6.82, 0.01, 192.65, 36.85);
insert into SHOT values (3253, 3306, 3320, 4809, 1.08, 302.03, 1.90, 1.07, 302.06, 2.13, 0.01, 115.24, 36.49);
insert into SHOT values (3254, 3320, 3321, 4809, 1.08, 307.43, 13.00, 1.08, 307.30, 12.80, 0.01, 276.14, -34.18);
insert into SHOT values (3255, 3320, 3322, 4809, 1.50, 226.43, -25.00, 1.50, 226.48, -24.77, 0.01, 239.98, 33.76);
insert into SHOT values (3256, 3320, 3323, 4809, 1.15, 196.03, -32.00, 1.15, 196.03, -31.95, 0.00, 195.90, -12.15);
insert into SHOT values (3257, 3320, 3324, 4809, 0.54, 182.03, -7.90, 0.54, 182.12, -7.38, 0.01, 191.28, 37.17);
insert into SHOT values (3258, 3320, 3325, 4809, 0.55, 214.03, -9.20, 0.55, 214.56, -9.35, 0.01, 269.69, -18.44);
insert into SHOT values (3259, 3320, 3326, 4809, 0.67, 227.23, -0.70, 0.68, 227.39, -0.84, 0.01, 238.55, -10.65);
insert into SHOT values (3260, 3320, 3327, 4809, 0.44, 210.23, 64.60, 0.45, 210.47, 63.75, 0.01, 215.76, 16.52);
insert into SHOT values (3261, 3320, 3328, 4809, 0.63, 352.83, -80.90, 0.63, 348.69, -80.66, 0.01, 278.58, 15.16);
insert into SHOT values (3262, 3320, 3329, 4809, 0.84, 240.03, -67.40, 0.84, 240.26, -67.54, 0.00, 343.99, -73.58);
insert into SHOT values (3263, 3320, 3330, 4809, 0.96, 232.73, -58.50, 0.96, 232.22, -58.32, 0.01, 187.80, -13.14);
insert into SHOT values (3264, 3320, 3331, 4809, 3.72, 226.43, -45.30, 3.72, 226.39, -45.17, 0.01, 213.85, 28.48);
insert into SHOT values (3265, 3320, 3332, 4809, 3.30, 222.53, -37.90, 3.30, 222.51, -37.93, 0.00, 173.98, -71.49);
insert into SHOT values (3266, 3320, 3333, 4809, 2.82, 219.43, -33.80, 2.82, 219.46, -33.81, 0.00, 274.04, -35.26);
insert into SHOT values (3267, 3320, 3334, 4809, 2.43, 203.23, -55.80, 2.43, 203.20, -55.71, 0.01, 195.66, -2.22);
insert into SHOT values (3268, 3320, 3335, 4809, 1.50, 226.23, -27.00, 1.51, 226.21, -26.84, 0.01, 222.51, 7.68);
insert into SHOT values (3269, 3335, 3336, 4809, 1.51, 217.23, -14.50, 1.50, 217.18, -14.63, 0.01, 47.40, -17.87);
insert into SHOT values (3270, 3335, 3337, 4809, 1.97, 214.73, -55.50, 1.96, 214.70, -55.66, 0.01, 38.53, 21.32);
insert into SHOT values (3271, 3337, 3338, 4809, 1.99, 212.03, -55.30, 2.00, 212.43, -55.26, 0.01, 272.79, -23.05);
insert into SHOT values (3272, 3337, 3339, 4809, 2.32, 291.13, -4.30, 2.32, 291.02, -4.45, 0.01, 207.83, -54.40);
insert into SHOT values (3273, 3337, 3340, 4809, 2.18, 310.63, -2.00, 2.18, 310.34, -2.10, 0.01, 216.92, -20.06);
insert into SHOT values (3274, 3337, 3341, 4809, 1.03, 333.73, 1.00, 1.03, 333.43, 0.56, 0.01, 230.13, -56.00);
insert into SHOT values (3275, 3337, 3342, 4809, 0.93, 356.23, 0.50, 0.92, 355.65, 0.00, 0.01, 227.89, -34.40);
insert into SHOT values (3276, 3337, 3343, 4809, 1.18, 5.53, 3.10, 1.18, 5.37, 2.92, 0.01, 231.13, -40.55);
insert into SHOT values (3277, 3337, 3344, 4809, 1.30, 50.73, 4.40, 1.30, 50.65, 4.42, 0.00, 261.49, 4.41);
insert into SHOT values (3278, 3337, 3345, 4809, 1.00, 65.23, 0.80, 0.99, 64.98, 0.58, 0.01, 277.26, -26.51);
insert into SHOT values (3279, 3337, 3346, 4809, 0.56, 74.63, 11.70, 0.55, 74.93, 11.54, 0.01, 238.39, -19.13);
insert into SHOT values (3280, 3337, 3347, 4809, 1.86, 311.53, -41.70, 1.86, 311.50, -41.77, 0.00, 204.36, -74.22);
insert into SHOT values (3281, 3337, 3348, 4809, 2.12, 305.43, -29.30, 2.12, 305.32, -29.33, 0.00, 244.62, -32.98);
insert into SHOT values (3282, 3337, 3349, 4809, 3.46, 304.03, -29.20, 3.47, 303.95, -29.18, 0.01, 269.31, -16.38);
insert into SHOT values (3283, 3337, 3350, 4809, 2.92, 303.23, -18.80, 2.93, 303.06, -18.94, 0.01, 238.90, -44.99);
insert into SHOT values (3284, 3337, 3351, 4809, 2.33, 300.83, -0.30, 2.34, 300.63, -0.49, 0.01, 246.71, -37.92);
insert into SHOT values (3285, 3337, 3352, 4809, 2.27, 303.33, 11.20, 2.28, 303.12, 11.15, 0.01, 250.14, -5.21);
insert into SHOT values (3286, 3337, 3353, 4809, 2.37, 305.53, 22.00, 2.36, 305.36, 21.85, 0.01, 193.31, -47.91);
insert into SHOT values (3287, 3337, 3354, 4809, 2.28, 309.33, 38.10, 2.27, 309.11, 38.01, 0.01, 196.48, -42.92);
insert into SHOT values (3288, 3337, 3355, 4809, 2.52, 314.13, 47.20, 2.51, 314.05, 47.07, 0.01, 204.92, -75.58);
insert into SHOT values (3289, 3337, 3356, 4809, 2.85, 319.83, 52.90, 2.85, 319.72, 52.90, 0.00, 195.11, -40.01);
insert into SHOT values (3290, 3337, 3357, 4809, 2.34, 300.13, -14.60, 2.34, 299.96, -14.62, 0.01, 192.40, -1.35);
insert into SHOT values (3291, 3357, 3358, 4809, 2.35, 300.63, -9.20, 2.35, 300.54, -9.29, 0.01, 245.08, -45.48);
insert into SHOT values (3292, 3357, 3359, 4809, 0.76, 160.73, -8.70, 0.76, 161.32, -9.10, 0.01, 263.91, -32.15);
insert into SHOT values (3293, 3357, 3360, 4809, 0.68, 181.33, -8.10, 0.68, 181.71, -8.49, 0.01, 304.49, -37.99);
insert into SHOT values (3294, 3357, 3361, 4809, 0.87, 57.33, -3.30, 0.87, 57.23, -3.30, 0.00, 314.74, 2.94);
insert into SHOT values (3295, 3357, 3362, 4809, 1.12, 36.13, -4.60, 1.11, 35.84, -4.63, 0.01, 258.05, -1.21);
insert into SHOT values (3296, 3357, 3363, 4809, 1.31, 27.73, -3.90, 1.31, 27.35, -3.94, 0.01, 291.02, -5.95);
insert into SHOT values (3297, 3357, 3364, 4809, 3.90, 221.83, -84.20, 3.90, 222.95, -84.17, 0.01, 297.20, 0.25);
insert into SHOT values (3298, 3357, 3365, 4809, 3.53, 159.73, -82.60, 3.54, 160.35, -82.76, 0.01, 310.69, -43.40);
insert into SHOT values (3299, 3357, 3366, 4809, 2.39, 141.13, -75.40, 2.40, 141.79, -75.54, 0.01, 263.12, -41.33);
insert into SHOT values (3300, 3357, 3367, 4809, 1.70, 132.33, -65.70, 1.70, 132.66, -65.89, 0.01, 278.36, -4.82);
insert into SHOT values (3301, 3357, 3368, 4809, 1.24, 131.73, -52.90, 1.23, 131.70, -53.35, 0.01, 313.55, -5.01);
insert into SHOT values (3302, 3357, 3369, 4809, 1.30, 120.93, -41.50, 1.30, 121.07, -41.92, 0.01, 274.25, -58.66);
insert into SHOT values (3303, 3357, 3370, 4809, 1.39, 117.93, -33.30, 1.39, 117.90, -33.71, 0.01, 302.29, -41.80);
insert into SHOT values (3304, 3357, 3371, 4809, 1.63, 117.73, -21.40, 1.63, 117.58, -21.65, 0.01, 330.97, -37.11);
insert into SHOT values (3305, 3357, 3372, 4809, 2.59, 182.93, -65.10, 2.59, 183.15, -65.08, 0.00, 257.76, -9.68);
insert into SHOT values (3306, 3372, 3373, 4809, 0.49, 51.83, -12.10, 0.50, 51.71, -12.80, 0.01, 40.77, -54.86);
insert into SHOT values (3307, 3372, 3374, 4809, 0.75, 17.03, -8.90, 0.75, 17.22, -9.17, 0.01, 63.62, -49.49);
insert into SHOT values (3308, 3372, 3375, 4809, 1.72, 6.93, -3.70, 1.73, 7.00, -3.65, 0.01, 26.26, 8.31);
insert into SHOT values (3309, 3372, 3376, 4809, 4.75, 3.33, 8.20, 4.76, 3.29, 8.10, 0.01, 336.77, -46.70);
insert into SHOT values (3310, 3372, 3377, 4809, 3.03, 354.23, 9.60, 3.04, 354.25, 9.48, 0.01, 4.16, -34.91);
insert into SHOT values (3311, 3372, 3378, 4809, 1.96, 329.03, 11.70, 1.96, 329.04, 11.46, 0.01, 332.92, -56.45);
insert into SHOT values (3312, 3372, 3379, 4809, 1.37, 299.33, 14.60, 1.37, 299.26, 14.34, 0.01, 279.14, -51.82);
insert into SHOT values (3313, 3372, 3380, 4809, 1.05, 286.03, 14.20, 1.05, 285.95, 13.78, 0.01, 238.07, -75.66);
insert into SHOT values (3314, 3372, 3381, 4809, 1.07, 283.73, 8.00, 1.07, 284.17, 8.04, 0.01, 355.51, 7.19);
insert into SHOT values (3315, 3372, 3382, 4809, 1.13, 264.43, 5.40, 1.13, 264.39, 5.08, 0.01, 204.49, -82.76);
insert into SHOT values (3316, 3372, 3383, 4809, 1.27, 238.53, 3.20, 1.27, 238.57, 3.17, 0.00, 35.69, -19.55);
insert into SHOT values (3317, 3372, 3384, 4809, 1.75, 219.13, 0.10, 1.74, 219.17, 0.00, 0.01, 29.60, -19.32);
insert into SHOT values (3318, 3372, 3385, 4809, 2.35, 209.33, -1.20, 2.34, 209.41, -1.22, 0.01, 5.00, -5.33);
insert into SHOT values (3319, 3372, 3386, 4809, 0.92, 203.53, 7.40, 0.91, 203.45, 6.93, 0.01, 32.72, -47.70);
insert into SHOT values (3320, 3372, 3387, 4809, 4.66, 29.23, 75.20, 4.65, 29.15, 75.18, 0.01, 313.71, -72.73);
insert into SHOT values (3321, 3372, 3388, 4809, 2.07, 322.23, 78.20, 2.06, 322.59, 78.04, 0.01, 352.56, -48.94);
insert into SHOT values (3322, 3372, 3389, 4809, 1.67, 285.23, 73.30, 1.67, 285.78, 73.37, 0.01, 37.53, 4.99);
insert into SHOT values (3323, 3372, 3390, 4809, 0.93, 266.23, 51.40, 0.93, 267.04, 51.11, 0.01, 352.69, -39.54);
insert into SHOT values (3324, 3372, 3391, 4809, 0.87, 264.83, 12.30, 0.87, 265.29, 11.92, 0.01, 332.70, -35.48);
insert into SHOT values (3325, 3372, 3392, 4809, 1.11, 266.73, -7.90, 1.11, 266.88, -8.26, 0.01, 320.12, -63.97);
insert into SHOT values (3326, 3372, 3393, 4809, 1.49, 267.63, -75.00, 1.49, 268.49, -75.21, 0.01, 41.64, -5.51);
insert into SHOT values (3327, 3372, 3394, 4809, 1.68, 285.03, -59.50, 1.68, 285.02, -59.65, 0.00, 106.85, -33.89);
insert into SHOT values (3328, 3372, 3395, 4809, 1.59, 286.03, -45.60, 1.59, 286.16, -45.66, 0.00, 344.99, -53.28);
insert into SHOT values (3329, 3372, 3396, 4809, 2.80, 206.23, -16.00, 2.80, 206.28, -16.18, 0.01, 352.75, -61.33);
insert into SHOT values (3330, 3397, 3398, 4809, 0.43, 110.83, -0.20, 0.44, 110.10, -1.31, 0.01, 70.43, -44.68);
insert into SHOT values (3331, 3397, 3399, 4809, 0.58, 111.53, 31.90, 0.58, 111.37, 31.27, 0.01, 70.80, -72.43);
insert into SHOT values (3332, 3397, 3400, 4809, 0.94, 94.03, 52.70, 0.93, 94.01, 52.33, 0.01, 90.15, -77.08);
insert into SHOT values (3333, 3397, 3401, 4809, 1.20, 104.03, 74.70, 1.19, 102.72, 74.55, 0.01, 22.50, -45.65);
insert into SHOT values (3334, 3397, 3402, 4809, 5.25, 14.03, 7.90, 5.26, 14.12, 7.87, 0.01, 63.24, -8.33);
insert into SHOT values (3335, 3397, 3403, 4809, 4.60, 7.73, 14.40, 4.60, 7.73, 14.34, 0.01, 11.45, -38.11);
insert into SHOT values (3336, 3397, 3404, 4809, 0.70, 351.93, 20.20, 0.70, 352.12, 20.09, 0.00, 100.83, -36.52);
insert into SHOT values (3337, 3397, 3405, 4809, 0.81, 184.13, 0.80, 0.81, 183.53, 0.71, 0.01, 104.74, -8.70);
insert into SHOT values (3338, 3397, 3406, 4809, 2.16, 202.53, -3.70, 2.16, 202.39, -3.72, 0.01, 79.79, -5.93);
insert into SHOT values (3339, 3397, 3407, 4809, 1.70, 227.33, -3.80, 1.70, 227.16, -4.06, 0.01, 91.88, -45.78);
insert into SHOT values (3340, 3397, 3408, 4809, 0.87, 261.03, 2.60, 0.86, 261.30, 2.00, 0.01, 56.68, -43.05);
insert into SHOT values (3341, 3397, 3409, 4809, 1.09, 257.83, 3.50, 1.09, 257.76, 3.17, 0.01, 99.29, -61.53);
insert into SHOT values (3342, 3397, 3410, 4809, 0.48, 82.83, -6.20, 0.49, 82.87, -7.07, 0.01, 86.43, -51.22);
insert into SHOT values (3343, 3397, 3411, 4809, 1.16, 59.63, -2.90, 1.16, 59.46, -2.96, 0.00, 6.73, -17.20);
insert into SHOT values (3344, 3397, 3412, 4809, 1.31, 7.23, -3.00, 1.31, 7.45, -3.06, 0.01, 68.12, -13.79);
insert into SHOT values (3345, 3397, 3413, 4809, 0.74, 100.13, 45.60, 0.73, 100.01, 45.12, 0.01, 16.97, -82.95);
insert into SHOT values (3346, 3397, 3414, 4809, 0.79, 100.53, 73.90, 0.78, 100.30, 73.40, 0.01, 89.72, -62.93);
insert into SHOT values (3347, 3397, 3415, 4809, 1.20, 216.43, 88.20, 1.19, 213.69, 88.26, 0.01, 82.15, -75.67);
insert into SHOT values (3348, 3397, 3416, 4809, 1.04, 276.23, 55.60, 1.03, 276.88, 55.50, 0.01, 33.16, -47.28);
insert into SHOT values (3349, 3397, 3417, 4809, 0.87, 284.23, 36.30, 0.86, 284.24, 36.42, 0.01, 103.46, -26.97);
insert into SHOT values (3350, 3397, 3418, 4809, 1.16, 286.73, 9.00, 1.15, 286.84, 8.98, 0.01, 87.92, -11.42);
insert into SHOT values (3351, 3397, 3419, 4809, 4.19, 348.13, 32.70, 4.19, 348.21, 32.67, 0.01, 95.07, -33.24);
insert into SHOT values (3352, 3397, 3420, 4809, 4.56, 348.23, 32.60, 4.56, 348.28, 32.54, 0.01, 101.11, -59.89);
insert into SHOT values (3353, 3397, 3421, 4809, 4.61, 348.23, 32.60, 4.61, 348.26, 32.58, 0.00, 129.03, -49.67);
insert into SHOT values (3354, 3397, 3422, 4809, 4.20, 347.93, 32.20, 4.20, 348.00, 32.08, 0.01, 36.40, -54.69);
insert into SHOT values (3355, 3421, 3423, 4809, 4.18, 348.23, 32.60, 4.18, 348.21, 32.55, 0.00, 331.11, -34.39);
insert into SHOT values (3356, 3397, 3424, 4809, 0.41, 90.63, 1.70, 0.41, 90.00, 1.40, 0.00, 2.62, -25.75);
insert into SHOT values (3357, 3397, 3425, 4809, 0.28, 77.53, 47.80, 0.28, 78.11, 45.85, 0.01, 95.61, -49.29);
insert into SHOT values (3358, 3397, 3426, 4809, 0.81, 8.03, -74.70, 0.82, 8.13, -74.97, 0.01, 174.56, -79.27);
insert into SHOT values (3359, 3397, 3427, 4809, 1.81, 2.03, 4.40, 1.82, 2.21, 4.11, 0.01, 43.78, -44.71);
insert into SHOT values (3360, 3397, 3428, 4809, 4.41, 350.13, 4.20, 4.41, 350.17, 4.16, 0.01, 125.72, -30.02);
insert into SHOT values (3361, 3397, 3429, 4809, 2.21, 172.83, -1.40, 2.21, 172.71, -1.56, 0.01, 63.48, -52.66);
insert into SHOT values (3362, 3397, 3430, 4809, 1.90, 172.63, -14.70, 1.90, 172.49, -14.94, 0.01, 57.72, -58.12);
insert into SHOT values (3363, 3423, 3431, 4809, 3.30, 356.13, 1.90, 3.30, 356.17, 1.91, 0.00, 102.98, 11.48);
insert into SHOT values (3364, 3431, 3432, 4809, 1.18, 202.73, -5.60, 1.18, 202.62, -5.37, 0.01, 49.15, 46.53);
insert into SHOT values (3365, 3431, 3433, 4809, 0.79, 222.03, -5.80, 0.79, 222.42, -5.81, 0.01, 315.09, -1.75);
insert into SHOT values (3366, 3431, 3434, 4809, 3.68, 244.33, -0.20, 3.68, 244.41, -0.16, 0.01, 322.51, 27.50);
insert into SHOT values (3367, 3431, 3435, 4809, 1.34, 268.53, 16.90, 1.34, 268.66, 16.94, 0.00, 29.83, 7.62);
insert into SHOT values (3368, 3431, 3436, 4809, 1.07, 294.03, 16.70, 1.08, 294.08, 16.76, 0.01, 304.71, 27.86);
insert into SHOT values (3369, 3431, 3437, 4809, 1.17, 325.13, 5.30, 1.18, 325.09, 5.37, 0.01, 317.34, 18.56);
insert into SHOT values (3370, 3431, 3438, 4809, 1.33, 343.63, 4.10, 1.33, 343.76, 4.32, 0.01, 125.13, 45.31);
insert into SHOT values (3371, 3431, 3439, 4809, 0.44, 144.93, 6.60, 0.44, 145.22, 6.51, 0.00, 206.95, -12.59);
insert into SHOT values (3372, 3431, 3440, 4809, 0.68, 172.13, 5.90, 0.68, 172.35, 5.91, 0.00, 270.45, 2.18);
insert into SHOT values (3373, 3431, 3441, 4809, 0.18, 221.43, 65.80, 0.17, 225.00, 66.16, 0.01, 347.52, -37.48);
insert into SHOT values (3374, 3431, 3442, 4809, 4.44, 251.13, 4.00, 4.44, 251.16, 4.01, 0.00, 20.62, 5.43);
insert into SHOT values (3375, 3431, 3443, 4809, 4.64, 251.23, 3.80, 4.64, 251.21, 3.83, 0.00, 89.69, 35.59);
insert into SHOT values (3376, 3431, 3444, 4809, 4.44, 251.13, 4.10, 4.44, 251.16, 4.13, 0.00, 11.44, 43.95);
insert into SHOT values (3377, 3444, 3445, 4809, 0.41, 132.93, 3.40, 0.41, 133.03, 2.79, 0.00, 166.01, -73.27);
insert into SHOT values (3378, 3444, 3446, 4809, 0.62, 138.93, 14.30, 0.62, 138.37, 13.99, 0.01, 61.03, -27.56);
insert into SHOT values (3379, 3444, 3447, 4809, 0.46, 150.83, -55.10, 0.46, 150.52, -55.19, 0.00, 96.66, -57.81);
insert into SHOT values (3380, 3444, 3448, 4809, 0.85, 180.73, -83.10, 0.86, 180.00, -83.29, 0.01, 31.55, -68.11);
insert into SHOT values (3381, 3444, 3449, 4809, 0.84, 197.63, -74.50, 0.84, 198.43, -74.72, 0.00, 332.80, -7.08);
insert into SHOT values (3382, 3444, 3450, 4809, 9.63, 202.13, -5.40, 9.63, 202.12, -5.42, 0.00, 40.07, -66.89);
insert into SHOT values (3383, 3450, 3451, 4809, 1.01, 105.03, 81.70, 1.01, 105.95, 81.72, 0.00, 200.32, 13.86);
insert into SHOT values (3384, 3450, 3452, 4809, 1.22, 57.03, 64.40, 1.22, 56.61, 64.40, 0.00, 324.24, -3.53);
insert into SHOT values (3385, 3450, 3453, 4809, 0.59, 316.63, 58.40, 0.59, 316.33, 58.69, 0.01, 153.90, -25.61);
insert into SHOT values (3386, 3450, 3454, 4809, 0.53, 311.73, 27.00, 0.53, 311.53, 27.17, 0.00, 150.42, -7.08);
insert into SHOT values (3387, 3450, 3455, 4809, 0.54, 329.43, 5.10, 0.54, 329.59, 5.36, 0.01, 130.74, 22.90);
insert into SHOT values (3388, 3450, 3456, 4809, 2.72, 16.13, 5.70, 2.72, 16.09, 5.70, 0.00, 268.24, -4.87);
insert into SHOT values (3389, 3450, 3457, 4809, 10.15, 23.13, 5.50, 10.15, 23.14, 5.48, 0.00, 126.82, -50.69);
insert into SHOT values (3390, 3450, 3458, 4809, 2.20, 266.83, -17.50, 2.20, 266.73, -17.42, 0.01, 232.73, 13.77);
insert into SHOT values (3391, 3458, 3459, 4809, 2.20, 271.83, -13.20, 2.20, 271.87, -13.14, 0.00, 24.28, 51.14);
insert into SHOT values (3392, 3458, 3460, 4809, 2.03, 151.23, 0.70, 2.03, 151.16, 0.56, 0.01, 104.97, -57.74);
insert into SHOT values (3393, 3458, 3461, 4809, 2.34, 183.63, -0.90, 2.33, 183.44, -0.98, 0.01, 57.79, -18.98);
insert into SHOT values (3394, 3458, 3462, 4809, 1.99, 195.93, -1.40, 1.99, 195.79, -1.44, 0.01, 62.68, -11.75);
insert into SHOT values (3395, 3458, 3463, 4809, 2.46, 212.33, -0.50, 2.46, 212.20, -0.47, 0.01, 103.89, 14.75);
insert into SHOT values (3396, 3458, 3464, 4809, 2.76, 227.23, -0.70, 2.75, 227.21, -0.62, 0.01, 54.16, 27.46);
insert into SHOT values (3397, 3458, 3465, 4809, 2.79, 237.13, -1.10, 2.79, 237.17, -1.03, 0.01, 34.31, 35.62);
insert into SHOT values (3398, 3458, 3466, 4809, 2.18, 240.33, -0.20, 2.18, 240.26, -0.26, 0.00, 100.69, -29.81);
insert into SHOT values (3399, 3458, 3467, 4809, 0.57, 257.03, -1.80, 0.57, 256.70, -2.03, 0.01, 112.04, -20.57);
insert into SHOT values (3400, 3458, 3468, 4809, 0.43, 302.43, 14.20, 0.43, 303.31, 14.72, 0.01, 16.08, 33.85);
insert into SHOT values (3401, 3458, 3469, 4809, 1.34, 52.63, 9.80, 1.34, 52.70, 9.88, 0.00, 156.91, 49.14);
insert into SHOT values (3402, 3458, 3470, 4809, 1.45, 81.03, 9.50, 1.46, 80.80, 9.47, 0.01, 46.85, 3.85);
insert into SHOT values (3403, 3458, 3471, 4809, 1.97, 88.23, 6.20, 1.97, 88.25, 6.11, 0.00, 104.16, -47.38);
insert into SHOT values (3404, 3458, 3472, 4809, 1.65, 112.83, 3.40, 1.65, 112.83, 3.47, 0.00, 118.51, 44.83);
insert into SHOT values (3405, 3458, 3473, 4809, 1.78, 124.53, 7.00, 1.78, 124.41, 7.09, 0.01, 73.06, 33.46);
insert into SHOT values (3406, 3458, 3474, 4809, 2.03, 152.13, 0.80, 2.03, 152.04, 0.85, 0.00, 13.29, 20.54);
insert into SHOT values (3407, 3458, 3475, 4809, 2.02, 189.23, -1.00, 2.02, 189.14, -1.14, 0.01, 47.02, -42.24);
insert into SHOT values (3408, 3458, 3476, 4809, 2.52, 224.83, -5.10, 2.51, 224.68, -5.02, 0.01, 88.61, 22.98);
insert into SHOT values (3409, 3476, 3477, 4809, 0.59, 347.73, 2.90, 0.60, 347.37, 2.89, 0.01, 311.73, 1.36);
insert into SHOT values (3410, 3476, 3478, 4809, 1.20, 313.53, -6.40, 1.20, 313.31, -6.68, 0.01, 256.61, -48.59);
insert into SHOT values (3411, 3476, 3479, 4809, 1.84, 280.83, -7.90, 1.85, 280.70, -8.08, 0.01, 256.76, -34.92);
insert into SHOT values (3412, 3476, 3480, 4809, 0.44, 269.83, -6.70, 0.44, 270.00, -7.77, 0.01, 293.79, -69.23);
insert into SHOT values (3413, 3476, 3481, 4809, 0.81, 282.63, -4.00, 0.81, 282.84, -4.24, 0.01, 335.83, -43.41);
insert into SHOT values (3414, 3476, 3482, 4809, 2.34, 292.63, -2.50, 2.34, 292.62, -2.69, 0.01, 285.97, -74.21);
insert into SHOT values (3415, 3476, 3483, 4809, 2.58, 289.93, -5.60, 2.59, 289.98, -5.77, 0.01, 309.11, -46.64);
insert into SHOT values (3416, 3483, 3484, 4809, 0.42, 336.73, 83.20, 0.42, 333.43, 83.92, 0.01, 183.53, 27.42);
insert into SHOT values (3417, 3483, 3485, 4809, 0.31, 170.13, 72.40, 0.32, 168.69, 71.23, 0.01, 152.84, 27.67);
insert into SHOT values (3418, 3483, 3486, 4809, 0.71, 167.33, 2.50, 0.72, 167.12, 3.19, 0.01, 151.20, 44.84);
insert into SHOT values (3419, 3483, 3487, 4809, 1.54, 181.83, 5.60, 1.55, 181.86, 5.56, 0.01, 188.10, -1.94);
insert into SHOT values (3420, 3483, 3488, 4809, 1.48, 199.63, 5.10, 1.48, 199.42, 5.43, 0.01, 106.29, 57.60);
insert into SHOT values (3421, 3483, 3489, 4809, 0.85, 220.13, 2.50, 0.85, 220.24, 2.69, 0.00, 255.84, 46.20);
insert into SHOT values (3422, 3483, 3490, 4809, 0.63, 224.03, -0.90, 0.64, 223.73, -0.90, 0.01, 197.37, -0.81);
insert into SHOT values (3423, 3483, 3491, 4809, 0.71, 137.03, -2.10, 0.71, 137.29, -1.62, 0.01, 256.67, 58.02);
insert into SHOT values (3424, 3483, 3492, 4809, 0.73, 140.83, -0.50, 0.73, 141.10, 0.00, 0.01, 195.08, 56.31);
insert into SHOT values (3425, 3483, 3493, 4809, 3.53, 197.93, -10.30, 3.54, 197.91, -10.27, 0.01, 190.34, 11.85);
insert into SHOT values (3426, 3483, 3494, 4809, 3.42, 196.13, -6.50, 3.42, 196.04, -6.37, 0.01, 146.16, 46.25);
insert into SHOT values (3427, 3494, 3495, 4809, 3.44, 196.13, -3.80, 3.43, 196.27, -3.84, 0.01, 318.08, -11.50);
insert into SHOT values (3428, 3494, 3496, 4809, 1.90, 172.83, 3.60, 1.90, 173.03, 3.63, 0.01, 281.69, 5.74);
insert into SHOT values (3429, 3494, 3497, 4809, 2.54, 185.93, 1.90, 2.53, 185.89, 1.81, 0.01, 22.69, -37.67);
insert into SHOT values (3430, 3494, 3498, 4809, 2.98, 202.43, 0.90, 2.98, 202.52, 0.77, 0.01, 322.50, -51.56);
insert into SHOT values (3431, 3494, 3499, 4809, 1.31, 214.83, 3.90, 1.31, 215.03, 3.94, 0.00, 308.55, 11.05);
insert into SHOT values (3432, 3494, 3500, 4809, 0.94, 257.03, 2.40, 0.94, 257.14, 2.43, 0.00, 280.04, 7.45);
insert into SHOT values (3433, 3494, 3501, 4809, 1.42, 296.23, 7.50, 1.42, 296.02, 7.26, 0.01, 253.08, -35.86);
insert into SHOT values (3434, 3494, 3502, 4809, 1.57, 317.63, 8.50, 1.57, 317.60, 8.40, 0.00, 309.47, -24.45);
insert into SHOT values (3435, 3494, 3503, 4809, 0.98, 343.33, 6.10, 0.99, 343.41, 5.82, 0.01, 356.42, -32.35);
insert into SHOT values (3436, 3494, 3504, 4809, 1.08, 2.53, 11.10, 1.08, 2.16, 10.68, 0.01, 280.42, -49.26);
insert into SHOT values (3437, 3494, 3505, 4809, 1.22, 23.83, 6.30, 1.22, 23.82, 6.12, 0.00, 11.09, -79.36);
insert into SHOT values (3438, 3494, 3506, 4809, 0.74, 56.03, 6.10, 0.74, 56.09, 6.21, 0.00, 189.73, 48.73);
insert into SHOT values (3439, 3494, 3507, 4809, 0.67, 64.33, 22.50, 0.67, 64.26, 21.91, 0.01, 49.22, -66.46);
insert into SHOT values (3440, 3494, 3508, 4809, 0.65, 105.93, 68.70, 0.64, 105.26, 69.19, 0.01, 304.19, -33.30);
insert into SHOT values (3441, 3494, 3509, 4809, 0.58, 98.03, 46.40, 0.58, 97.31, 46.89, 0.01, 313.97, -0.13);
insert into SHOT values (3442, 3494, 3510, 4809, 1.22, 295.93, -1.20, 1.23, 296.15, -1.40, 0.01, 335.76, -31.14);
insert into SHOT values (3443, 3494, 3511, 4809, 1.29, 300.03, 18.70, 1.29, 299.92, 18.53, 0.00, 235.43, -54.84);
insert into SHOT values (3444, 3494, 3512, 4809, 1.13, 300.83, 28.90, 1.13, 300.96, 28.58, 0.01, 351.00, -63.11);
insert into SHOT values (3445, 3494, 3513, 4809, 0.84, 307.93, 49.10, 0.84, 307.69, 48.57, 0.01, 287.58, -37.21);
insert into SHOT values (3446, 3494, 3514, 4809, 0.72, 312.83, 69.70, 0.72, 311.82, 69.17, 0.01, 271.65, -37.83);
insert into SHOT values (3447, 3494, 3515, 4809, 0.61, 272.43, 82.50, 0.61, 277.13, 82.35, 0.01, 356.11, -35.74);
insert into SHOT values (3448, 3494, 3516, 4809, 2.66, 221.93, -6.80, 2.66, 222.08, -6.91, 0.01, 314.84, -34.72);
insert into SHOT values (3449, 3516, 3517, 4809, 2.66, 228.93, -5.60, 2.66, 228.83, -5.62, 0.01, 96.40, -4.28);
insert into SHOT values (3450, 3516, 3518, 4809, 1.56, 11.93, 3.60, 1.56, 11.89, 3.68, 0.00, 207.71, 28.66);
insert into SHOT values (3451, 3516, 3519, 4809, 1.74, 355.83, 0.80, 1.73, 356.03, 0.99, 0.01, 128.20, 34.08);
insert into SHOT values (3452, 3516, 3520, 4809, 2.14, 346.53, 0.40, 2.14, 346.48, 0.54, 0.01, 232.98, 70.99);
insert into SHOT values (3453, 3516, 3521, 4809, 2.08, 347.43, 6.30, 2.08, 347.44, 6.34, 0.00, 1.98, 39.23);
insert into SHOT values (3454, 3516, 3522, 4809, 0.28, 308.13, -8.10, 0.28, 307.69, -8.19, 0.00, 239.35, -13.69);
insert into SHOT values (3455, 3516, 3523, 4809, 0.57, 340.83, -3.70, 0.56, 341.24, -3.07, 0.01, 136.79, 34.26);
insert into SHOT values (3456, 3516, 3524, 4809, 2.28, 344.23, -5.20, 2.27, 344.37, -5.05, 0.01, 125.20, 36.84);
insert into SHOT values (3457, 3516, 3525, 4809, 1.78, 356.23, 8.00, 1.78, 356.42, 8.07, 0.01, 79.22, 20.36);
insert into SHOT values (3458, 3525, 3526, 4809, 0.72, 221.13, 1.00, 0.73, 221.11, 0.78, 0.01, 220.11, -14.24);
insert into SHOT values (3459, 3525, 3527, 4809, 0.95, 245.23, -3.30, 0.95, 245.06, -3.02, 0.01, 156.11, 58.99);
insert into SHOT values (3460, 3525, 3528, 4809, 1.50, 264.53, -3.20, 1.50, 264.25, -3.06, 0.01, 173.35, 27.45);
insert into SHOT values (3461, 3525, 3529, 4809, 1.81, 287.63, -1.80, 1.81, 287.34, -1.90, 0.01, 216.73, -17.90);
insert into SHOT values (3462, 3525, 3530, 4809, 1.99, 281.93, -2.40, 1.99, 281.87, -2.30, 0.01, 259.35, 35.08);
insert into SHOT values (3463, 3525, 3531, 4809, 1.53, 150.33, 0.30, 1.53, 150.58, 0.38, 0.01, 264.89, 14.92);
insert into SHOT values (3464, 3525, 3532, 4809, 1.85, 162.13, -2.60, 1.85, 162.35, -2.48, 0.01, 261.32, 28.23);
insert into SHOT values (3465, 3525, 3533, 4809, 1.90, 167.83, -1.00, 1.90, 167.86, -0.90, 0.00, 191.38, 45.83);
insert into SHOT values (3466, 3525, 3534, 4809, 1.86, 282.23, -3.90, 1.87, 282.09, -4.00, 0.01, 244.99, -26.32);
insert into SHOT values (3467, 3525, 3535, 4809, 1.86, 283.83, -4.40, 1.86, 283.74, -4.32, 0.00, 166.20, 39.40);
insert into SHOT values (3468, 3535, 3536, 4809, 1.87, 285.23, -3.80, 1.87, 285.23, -3.99, 0.01, 95.88, -86.31);
insert into SHOT values (3469, 3535, 3537, 4809, 3.66, 28.43, 5.80, 3.66, 28.40, 5.81, 0.00, 236.16, 1.91);
insert into SHOT values (3470, 3535, 3538, 4809, 3.76, 30.73, 8.70, 3.75, 30.65, 8.74, 0.01, 241.11, 6.97);
insert into SHOT values (3471, 3535, 3539, 4809, 5.07, 31.83, 4.80, 5.07, 31.80, 4.76, 0.01, 238.37, -40.32);
insert into SHOT values (3472, 3535, 3540, 4809, 2.96, 22.83, -2.70, 2.95, 22.74, -2.72, 0.01, 233.68, -3.71);
insert into SHOT values (3473, 3535, 3541, 4809, 3.62, 16.13, -7.80, 3.61, 16.06, -7.79, 0.01, 228.88, 8.96);
insert into SHOT values (3474, 3535, 3542, 4809, 2.28, 13.23, -11.80, 2.28, 13.23, -11.91, 0.00, 193.58, -54.32);
insert into SHOT values (3475, 3535, 3543, 4809, 5.77, 25.13, 7.10, 5.77, 25.13, 7.07, 0.01, 197.36, -37.52);
insert into SHOT values (3476, 3535, 3544, 4809, 5.36, 25.73, 6.20, 5.36, 25.70, 6.21, 0.00, 261.23, 20.22);
insert into SHOT values (3477, 3544, 3545, 4809, 0.94, 305.63, -5.00, 0.94, 305.89, -5.48, 0.01, 14.30, -59.88);
insert into SHOT values (3478, 3544, 3546, 4809, 0.77, 346.13, -0.60, 0.77, 345.78, -0.74, 0.01, 294.98, -18.08);
insert into SHOT values (3479, 3544, 3547, 4809, 0.89, 329.43, 2.60, 0.89, 329.70, 2.57, 0.01, 26.26, -4.23);
insert into SHOT values (3480, 3544, 3548, 4809, 0.52, 259.03, 4.90, 0.52, 258.91, 4.40, 0.00, 224.99, -66.25);
insert into SHOT values (3481, 3544, 3549, 4809, 0.74, 243.53, -2.20, 0.74, 243.43, -2.33, 0.00, 100.65, -39.28);
insert into SHOT values (3482, 3544, 3550, 4809, 1.27, 229.33, -3.20, 1.27, 229.15, -3.16, 0.00, 154.41, 12.73);
insert into SHOT values (3483, 3544, 3551, 4809, 1.93, 225.43, -6.70, 1.94, 225.42, -6.82, 0.01, 223.98, -36.32);
insert into SHOT values (3484, 3544, 3552, 4809, 2.36, 306.73, -2.90, 2.36, 306.72, -2.91, 0.00, 301.88, -30.16);
insert into SHOT values (3485, 3544, 3553, 4809, 2.03, 305.83, -0.70, 2.03, 305.80, -0.84, 0.01, 293.98, -48.47);
insert into SHOT values (3486, 3553, 3554, 4809, 2.03, 312.33, 0.70, 2.02, 312.20, 0.85, 0.01, 174.01, 37.25);
insert into SHOT values (3487, 3553, 3555, 4809, 5.26, 344.53, -4.90, 5.26, 344.51, -4.91, 0.00, 245.42, -19.91);
insert into SHOT values (3488, 3553, 3556, 4809, 4.04, 344.43, -5.30, 4.03, 344.41, -5.26, 0.01, 179.80, 32.25);
insert into SHOT values (3489, 3556, 3557, 4809, 4.04, 339.83, -2.00, 4.04, 339.86, -1.99, 0.00, 86.22, 22.28);
insert into SHOT values (3490, 3556, 3558, 4809, 1.25, 312.13, -0.70, 1.25, 312.40, -0.92, 0.01, 77.12, -33.30);
insert into SHOT values (3491, 3556, 3559, 4809, 1.73, 278.53, 2.70, 1.73, 278.65, 2.65, 0.00, 344.95, -20.84);
insert into SHOT values (3492, 3556, 3560, 4809, 2.09, 262.43, 7.90, 2.09, 262.50, 7.98, 0.00, 36.41, 37.71);
insert into SHOT values (3493, 3556, 3561, 4809, 1.92, 244.13, 9.10, 1.91, 244.25, 9.03, 0.01, 38.34, -21.42);
insert into SHOT values (3494, 3556, 3562, 4809, 1.44, 226.23, 2.30, 1.44, 226.41, 2.39, 0.01, 349.04, 21.86);
insert into SHOT values (3495, 3556, 3563, 4809, 1.06, 87.53, -0.40, 1.06, 87.30, -0.54, 0.01, 13.42, -30.76);
insert into SHOT values (3496, 3556, 3564, 4809, 4.44, 165.43, 6.10, 4.44, 165.43, 6.08, 0.00, 342.33, -31.57);
insert into SHOT values (3497, 3556, 3565, 4809, 3.56, 160.63, 9.60, 3.56, 160.53, 9.54, 0.01, 76.09, -32.74);
insert into SHOT values (3498, 3556, 3566, 4809, 7.80, 185.53, 62.60, 7.79, 185.44, 62.61, 0.01, 63.15, -37.92);
insert into SHOT values (3499, 3556, 3567, 4809, 5.42, 189.33, 55.80, 5.41, 189.28, 55.84, 0.01, 30.74, -20.98);
insert into SHOT values (3500, 3556, 3568, 4809, 4.38, 199.83, 44.80, 4.37, 199.78, 44.79, 0.01, 48.00, -48.72);
insert into SHOT values (3501, 3556, 3569, 4809, 0.92, 204.93, 41.60, 0.92, 205.07, 41.71, 0.00, 359.23, -11.79);
insert into SHOT values (3502, 3556, 3570, 4809, 3.81, 210.83, 41.00, 3.81, 210.76, 41.02, 0.00, 102.69, 6.64);
insert into SHOT values (3503, 3556, 3571, 4809, 2.39, 256.43, 40.80, 2.39, 256.58, 40.77, 0.01, 344.10, -19.23);
insert into SHOT values (3504, 3556, 3572, 4809, 1.88, 280.93, 31.20, 1.88, 281.10, 31.07, 0.01, 348.40, -36.26);
insert into SHOT values (3505, 3556, 3573, 4809, 1.57, 256.63, 19.40, 1.57, 256.72, 19.36, 0.00, 15.52, -29.66);
insert into SHOT values (3506, 3556, 3574, 4809, 0.93, 190.63, 18.70, 0.92, 190.54, 18.93, 0.01, 22.82, 16.22);
insert into SHOT values (3507, 3556, 3575, 4809, 1.66, 179.23, 3.90, 1.65, 178.96, 3.81, 0.01, 51.81, -16.65);
insert into SHOT values (3508, 3576, 3556, 4809, 6.75, 10.73, -60.10, 6.78, 9.38, -59.53, 0.11, 321.74, 6.16);
insert into SHOT values (3509, 3577, 3578, 4809, 6.77, 17.73, -51.10, 6.77, 17.80, -51.09, 0.01, 84.57, -12.94);
insert into SHOT values (3510, 3577, 3579, 4809, 3.33, 23.93, -50.90, 3.34, 24.13, -50.91, 0.01, 87.79, -34.89);
insert into SHOT values (3511, 3577, 3580, 4809, 6.76, 10.53, -59.90, 6.76, 10.52, -59.86, 0.01, 5.49, -12.92);
insert into SHOT values (3512, 3577, 3581, 4809, 3.71, 319.73, 87.40, 3.70, 322.43, 87.46, 0.01, 79.72, -34.67);
insert into SHOT values (3513, 3577, 3582, 4809, 1.32, 312.13, 51.30, 1.32, 312.55, 51.20, 0.01, 18.27, -1.43);
insert into SHOT values (3514, 3577, 3583, 4809, 1.05, 303.93, 14.00, 1.05, 304.16, 13.84, 0.01, 75.61, -35.96);
insert into SHOT values (3515, 3577, 3584, 4809, 0.44, 118.93, 42.00, 0.44, 117.35, 41.61, 0.01, 25.04, -26.14);
insert into SHOT values (3516, 3577, 3585, 4809, 1.18, 121.43, 69.90, 1.18, 120.96, 69.81, 0.00, 70.08, 23.89);
insert into SHOT values (3517, 3577, 3586, 4809, 2.42, 89.33, 84.60, 2.42, 87.51, 84.54, 0.01, 17.25, 5.51);
insert into SHOT values (3518, 3577, 3587, 4809, 14.56, 169.23, 82.70, 14.56, 169.06, 82.72, 0.01, 29.21, -13.08);
insert into SHOT values (3519, 3577, 3588, 4809, 6.58, 207.93, 68.20, 6.58, 207.82, 68.21, 0.00, 102.17, 7.10);
insert into SHOT values (3520, 3577, 3589, 4809, 6.12, 209.13, 63.70, 6.11, 209.12, 63.66, 0.01, 187.55, -78.70);
insert into SHOT values (3521, 3577, 3590, 4809, 4.22, 229.03, 2.50, 4.21, 229.04, 2.45, 0.01, 34.78, -36.77);
insert into SHOT values (3522, 3577, 3591, 4809, 2.88, 245.13, -0.80, 2.88, 245.13, -0.80, 0.00, 63.87, 4.19);
insert into SHOT values (3523, 3577, 3592, 4809, 1.55, 256.33, 9.20, 1.54, 256.33, 9.32, 0.01, 75.78, 17.55);
insert into SHOT values (3524, 3577, 3593, 4809, 1.35, 275.93, 6.00, 1.34, 276.01, 5.98, 0.01, 75.75, -11.24);
insert into SHOT values (3525, 3577, 3594, 4809, 1.08, 278.93, 8.20, 1.07, 279.20, 8.03, 0.01, 55.46, -28.96);
insert into SHOT values (3526, 3576, 3595, 4809, 1.05, 186.63, 5.00, 1.05, 186.58, 4.91, 0.00, 144.52, -51.43);
insert into SHOT values (3527, 3576, 3596, 4809, 1.53, 204.83, 5.40, 1.54, 204.72, 5.60, 0.01, 183.43, 38.46);
insert into SHOT values (3528, 3576, 3597, 4809, 3.71, 219.13, 0.20, 3.71, 219.09, 0.31, 0.01, 150.42, 72.30);
insert into SHOT values (3529, 3577, 3598, 4809, 4.11, 222.53, 7.10, 4.10, 222.51, 7.14, 0.01, 49.80, 12.72);
insert into SHOT values (3530, 3598, 3599, 4809, 0.62, 290.73, -1.40, 0.62, 290.77, -1.85, 0.00, 335.21, -81.66);
insert into SHOT values (3531, 3598, 3600, 4809, 0.85, 231.03, 2.50, 0.85, 230.71, 2.01, 0.01, 178.15, -50.22);
insert into SHOT values (3532, 3598, 3601, 4809, 0.67, 187.13, 3.60, 0.68, 187.65, 3.39, 0.01, 227.37, -12.19);
insert into SHOT values (3533, 3598, 3602, 4809, 0.55, 143.93, 19.70, 0.55, 144.46, 19.23, 0.01, 253.23, -46.55);
insert into SHOT values (3534, 3598, 3603, 4809, 0.72, 94.63, 21.90, 0.71, 95.19, 21.42, 0.01, 223.79, -45.25);
insert into SHOT values (3535, 3598, 3604, 4809, 0.88, 71.43, 11.40, 0.87, 71.57, 11.26, 0.01, 238.24, -23.48);
insert into SHOT values (3536, 3598, 3605, 4809, 1.84, 67.23, 6.10, 1.83, 67.09, 5.95, 0.01, 284.37, -37.61);
insert into SHOT values (3537, 3598, 3606, 4809, 1.29, 125.13, 65.70, 1.28, 125.79, 65.63, 0.01, 222.51, -42.72);
insert into SHOT values (3538, 3598, 3607, 4809, 1.41, 167.13, 83.10, 1.41, 169.99, 82.97, 0.01, 237.85, 1.33);
insert into SHOT values (3539, 3598, 3608, 4809, 1.42, 290.63, 75.90, 1.41, 289.98, 75.62, 0.01, 253.39, -47.94);
insert into SHOT values (3540, 3598, 3609, 4809, 0.89, 328.63, 69.90, 0.88, 328.39, 69.81, 0.01, 213.92, -76.69);
insert into SHOT values (3541, 3598, 3610, 4809, 0.64, 316.03, 8.80, 0.64, 315.64, 8.14, 0.01, 189.47, -56.53);
insert into SHOT values (3542, 3598, 3611, 4809, 2.69, 227.53, 5.30, 2.69, 227.57, 5.11, 0.01, 253.02, -61.65);
insert into SHOT values (3543, 3611, 3612, 4809, 3.23, 191.93, 30.10, 3.23, 191.99, 30.13, 0.00, 328.51, 1.43);
insert into SHOT values (3544, 3611, 3613, 4809, 3.49, 192.73, 29.70, 3.49, 192.75, 29.68, 0.00, 216.44, 13.04);
insert into SHOT values (3545, 3611, 3614, 4809, 5.59, 191.63, 31.00, 5.59, 191.57, 31.03, 0.01, 59.93, 8.20);
insert into SHOT values (3546, 3614, 3615, 4809, 1.23, 301.63, 3.90, 1.23, 301.36, 4.19, 0.01, 235.61, 45.76);
insert into SHOT values (3547, 3614, 3616, 4809, 1.24, 279.83, 6.50, 1.25, 279.77, 6.45, 0.01, 267.55, -3.52);
insert into SHOT values (3548, 3614, 3617, 4809, 1.50, 255.23, 7.50, 1.50, 255.22, 7.65, 0.00, 248.98, 63.05);
insert into SHOT values (3549, 3614, 3618, 4809, 1.98, 230.03, 7.10, 1.99, 229.93, 7.22, 0.01, 209.00, 30.81);
insert into SHOT values (3550, 3614, 3619, 4809, 3.39, 239.33, 2.90, 3.40, 239.35, 2.87, 0.01, 250.75, -10.05);
insert into SHOT values (3551, 3614, 3620, 4809, 4.28, 244.83, 2.30, 4.28, 244.81, 2.28, 0.00, 157.58, -60.99);
insert into SHOT values (3552, 3614, 3576, 4809, 4.55, 237.33, 21.80, 4.55, 237.36, 21.79, 0.00, 279.85, 3.99);
insert into SHOT values (3553, 3576, 3621, 4809, 2.48, 221.23, 10.60, 2.46, 219.62, 10.79, 0.07, 111.79, 3.04);
insert into SHOT values (3554, 3576, 3622, 4809, 2.48, 224.13, 13.70, 2.48, 224.16, 13.75, 0.00, 258.80, 46.64);
insert into SHOT values (3555, 3576, 3623, 4809, 0.58, 119.23, 11.90, 0.59, 119.25, 11.83, 0.01, 121.57, 4.15);
insert into SHOT values (3556, 3621, 3624, 4809, 0.63, 127.73, 45.30, 0.62, 127.65, 44.87, 0.01, 336.63, -80.87);
insert into SHOT values (3557, 3621, 3625, 4809, 0.29, 133.13, 63.90, 0.29, 135.00, 63.92, 0.00, 228.22, -5.85);
insert into SHOT values (3558, 3621, 3626, 4809, 2.46, 201.03, 2.00, 2.47, 201.15, 1.86, 0.01, 236.68, -31.76);
insert into SHOT values (3559, 3621, 3627, 4809, 2.13, 62.03, 1.60, 2.13, 61.99, 1.61, 0.00, 342.49, 21.49);
insert into SHOT values (3560, 3621, 3628, 4809, 2.64, 244.83, -48.50, 2.58, 243.28, -49.08, 0.08, 102.26, 19.99);
insert into SHOT values (3561, 3628, 3629, 4809, 1.29, 277.73, -23.60, 1.29, 277.79, -23.77, 0.00, 51.94, -63.78);
insert into SHOT values (3562, 3628, 3630, 4809, 5.29, 264.03, -27.90, 5.18, 262.94, -28.47, 0.15, 119.52, 2.05);
insert into SHOT values (3563, 3630, 3631, 4809, 5.29, 266.73, -22.10, 5.29, 266.72, -22.11, 0.00, 91.71, 3.88);
insert into SHOT values (3564, 3630, 3632, 4809, 0.78, 240.63, 0.30, 0.78, 240.80, 0.00, 0.00, 353.67, -57.47);
insert into SHOT values (3565, 3630, 3633, 4809, 0.79, 295.33, 3.10, 0.79, 295.59, 2.91, 0.00, 49.82, -34.51);
insert into SHOT values (3566, 3630, 3634, 4809, 2.56, 321.43, 7.30, 2.56, 321.55, 7.18, 0.01, 34.33, -42.28);
insert into SHOT values (3567, 3630, 3635, 4809, 3.26, 301.03, 10.80, 3.26, 301.06, 10.80, 0.00, 97.48, -11.75);
insert into SHOT values (3568, 3630, 3636, 4809, 3.54, 288.83, 10.40, 3.54, 288.96, 10.42, 0.01, 40.98, 6.46);
insert into SHOT values (3569, 3630, 3637, 4809, 1.04, 7.13, 4.50, 1.04, 7.19, 4.41, 0.00, 48.63, -40.99);
insert into SHOT values (3570, 3630, 3638, 4809, 1.89, 19.73, -5.70, 1.89, 19.88, -5.76, 0.01, 93.18, -23.58);
insert into SHOT values (3571, 3630, 3639, 4809, 3.34, 29.93, -7.30, 3.34, 29.90, -7.40, 0.01, 246.40, -61.67);
insert into SHOT values (3572, 3630, 3640, 4809, 3.12, 296.53, 12.20, 3.12, 296.65, 12.19, 0.01, 349.54, 4.65);
insert into SHOT values (3573, 3640, 3641, 4809, 1.72, 243.43, 6.80, 1.72, 243.13, 6.69, 0.01, 128.61, -20.91);
insert into SHOT values (3574, 3640, 3642, 4809, 6.52, 220.93, 11.20, 6.52, 220.88, 11.13, 0.01, 181.34, -40.09);
insert into SHOT values (3575, 3640, 3643, 4809, 3.14, 211.83, 14.60, 3.15, 211.71, 14.55, 0.01, 163.81, -9.90);
insert into SHOT values (3576, 3640, 3644, 4809, 2.44, 198.83, 16.00, 2.44, 198.67, 15.96, 0.01, 90.01, -20.36);
insert into SHOT values (3577, 3640, 3645, 4809, 1.86, 184.03, 13.50, 1.86, 183.79, 13.34, 0.01, 129.96, -24.78);
insert into SHOT values (3578, 3640, 3646, 4809, 1.59, 173.63, 12.70, 1.60, 173.38, 12.64, 0.01, 137.39, 2.21);
insert into SHOT values (3579, 3640, 3647, 4809, 9.56, 230.53, 11.80, 9.56, 230.51, 11.77, 0.01, 104.23, -53.56);
insert into SHOT values (3580, 3647, 3648, 4809, 1.68, 328.53, -4.50, 1.68, 328.68, -4.44, 0.01, 70.41, 21.03);
insert into SHOT values (3581, 3647, 3649, 4809, 0.88, 338.53, 58.30, 0.88, 338.43, 58.35, 0.00, 246.30, 58.52);
insert into SHOT values (3582, 3647, 3650, 4809, 1.04, 345.23, 28.90, 1.04, 345.35, 29.28, 0.01, 99.98, 73.35);
insert into SHOT values (3583, 3647, 3651, 4809, 1.48, 343.53, -63.30, 1.47, 343.22, -63.50, 0.01, 190.49, 15.63);
insert into SHOT values (3584, 3647, 3652, 4809, 1.52, 38.43, 3.10, 1.52, 38.31, 3.02, 0.00, 286.20, -32.57);
insert into SHOT values (3585, 3647, 3653, 4809, 2.96, 48.03, -5.10, 2.96, 48.03, -5.04, 0.00, 226.88, 50.18);
insert into SHOT values (3586, 3647, 3654, 4809, 5.05, 58.93, -10.80, 5.05, 58.94, -10.73, 0.01, 105.18, 78.15);
insert into SHOT values (3587, 3647, 3655, 4809, 10.22, 56.13, -10.70, 10.22, 56.17, -10.66, 0.01, 163.06, 44.83);
insert into SHOT values (3588, 3647, 3656, 4809, 1.74, 277.83, -13.90, 1.74, 277.84, -13.99, 0.00, 89.93, -31.15);
insert into SHOT values (3589, 3647, 3657, 4809, 1.74, 283.73, -13.10, 1.74, 283.63, -12.94, 0.01, 239.98, 45.80);
insert into SHOT values (3590, 3647, 3658, 4809, 2.51, 256.53, 26.90, 2.51, 256.58, 26.96, 0.01, 295.87, 51.01);
insert into SHOT values (3591, 3658, 3659, 4809, 0.89, 200.33, -0.80, 0.90, 200.26, -0.64, 0.01, 189.04, 23.54);
insert into SHOT values (3592, 3658, 3660, 4809, 1.14, 235.63, -6.00, 1.14, 235.05, -6.04, 0.01, 149.75, -4.18);
insert into SHOT values (3593, 3658, 3661, 4809, 2.44, 255.33, -2.20, 2.44, 255.28, -2.35, 0.01, 209.21, -66.82);
insert into SHOT values (3594, 3658, 3662, 4809, 2.80, 301.43, -8.40, 2.79, 301.39, -8.44, 0.01, 139.46, -9.79);
insert into SHOT values (3595, 3658, 3663, 4809, 2.38, 328.73, -9.30, 2.37, 328.62, -9.45, 0.01, 185.49, -35.76);
insert into SHOT values (3596, 3658, 3664, 4809, 1.51, 44.83, -9.50, 1.51, 45.00, -9.56, 0.01, 178.99, -7.07);
insert into SHOT values (3597, 3658, 3665, 4809, 4.51, 81.03, -20.80, 4.51, 81.14, -20.76, 0.01, 144.01, 9.23);
insert into SHOT values (3598, 3658, 3666, 4809, 2.53, 298.23, -6.60, 2.52, 298.10, -6.60, 0.01, 153.14, 4.67);
insert into SHOT values (3599, 3666, 3667, 4809, 2.54, 307.83, -17.10, 2.54, 307.81, -17.15, 0.00, 295.67, -49.55);
insert into SHOT values (3600, 3666, 3668, 4809, 1.34, 12.03, 22.20, 1.34, 12.03, 21.84, 0.01, 12.84, -43.13);
insert into SHOT values (3601, 3666, 3669, 4809, 0.73, 90.63, 19.70, 0.73, 90.00, 19.18, 0.01, 20.23, -37.21);
insert into SHOT values (3602, 3666, 3670, 4809, 2.28, 178.33, 4.80, 2.28, 178.23, 4.78, 0.00, 74.13, -11.73);
insert into SHOT values (3603, 3666, 3671, 4809, 2.70, 199.63, 25.00, 2.69, 199.62, 25.03, 0.01, 21.48, -11.55);
insert into SHOT values (3604, 3666, 3672, 4809, 1.15, 217.33, 31.00, 1.15, 217.57, 30.94, 0.01, 329.28, -27.07);
insert into SHOT values (3605, 3666, 3673, 4809, 2.37, 273.63, 25.10, 2.37, 273.74, 25.00, 0.01, 24.06, -48.94);
insert into SHOT values (3606, 3673, 3674, 4809, 2.37, 273.23, 26.70, 2.38, 273.24, 26.74, 0.01, 277.90, 39.87);
insert into SHOT values (3607, 3673, 3675, 4809, 2.83, 224.03, -8.00, 2.83, 223.99, -7.91, 0.01, 205.07, 35.12);
insert into SHOT values (3608, 3673, 3676, 4809, 4.08, 248.23, -11.20, 4.08, 248.17, -11.15, 0.01, 211.10, 21.52);
insert into SHOT values (3609, 3673, 3677, 4809, 2.00, 121.03, -1.80, 2.00, 121.06, -1.72, 0.00, 276.66, 42.89);
insert into SHOT values (3610, 3673, 3678, 4809, 2.61, 133.93, -0.90, 2.61, 133.91, -0.88, 0.00, 45.41, 59.24);
insert into SHOT values (3611, 3673, 3679, 4809, 0.63, 146.03, -81.60, 0.63, 147.99, -81.35, 0.01, 201.23, 39.40);
insert into SHOT values (3612, 3673, 3680, 4809, 4.57, 267.93, -27.50, 4.57, 267.88, -27.50, 0.00, 163.45, 3.16);
insert into SHOT values (3613, 3680, 3681, 4809, 5.13, 295.83, -17.40, 5.14, 295.89, -17.33, 0.01, 333.56, 26.22);
insert into SHOT values (3614, 3680, 3682, 4809, 1.53, 300.43, -4.20, 1.54, 300.58, -4.10, 0.01, 329.59, 13.74);
insert into SHOT values (3615, 3680, 3683, 4809, 1.69, 300.53, 5.70, 1.69, 300.67, 5.76, 0.01, 346.17, 19.67);
insert into SHOT values (3616, 3680, 3684, 4809, 2.48, 297.93, 10.60, 2.49, 297.82, 10.67, 0.01, 255.07, 30.70);
insert into SHOT values (3617, 3630, 3685, 4809, 1.35, 321.23, 14.10, 1.19, 322.04, 14.57, 0.16, 135.21, -10.48);
insert into SHOT values (3618, 3685, 3686, 4809, 1.35, 323.93, 11.80, 1.35, 323.91, 11.94, 0.00, 315.39, 55.70);
insert into SHOT values (3619, 3685, 3687, 4809, 1.52, 192.73, 79.20, 1.52, 192.53, 79.48, 0.01, 19.33, -20.36);
insert into SHOT values (3620, 3685, 3688, 4809, 1.24, 323.43, 72.30, 1.24, 323.43, 71.89, 0.01, 323.46, -8.22);
insert into SHOT values (3621, 3685, 3689, 4809, 0.44, 15.63, 66.30, 0.44, 16.39, 66.11, 0.00, 97.72, -50.50);
insert into SHOT values (3622, 3685, 3690, 4809, 0.38, 147.33, 2.20, 0.38, 147.99, 3.03, 0.01, 265.79, 47.23);
insert into SHOT values (3623, 3685, 3691, 4809, 0.44, 159.73, 16.50, 0.44, 158.96, 17.28, 0.01, 33.59, 36.12);
insert into SHOT values (3624, 3685, 3692, 4809, 1.46, 266.03, 5.80, 1.46, 266.05, 5.89, 0.00, 304.33, 64.54);
insert into SHOT values (3625, 3685, 3693, 4809, 2.41, 225.83, 8.50, 2.41, 225.85, 8.59, 0.00, 333.55, 74.63);
insert into SHOT values (3626, 3685, 3694, 4809, 1.17, 211.33, 7.70, 1.17, 211.22, 7.87, 0.00, 81.37, 48.71);
insert into SHOT values (3627, 3685, 3695, 4809, 1.25, 191.73, 4.70, 1.25, 191.58, 4.59, 0.00, 93.64, -37.16);
insert into SHOT values (3628, 3685, 3696, 4809, 0.93, 211.43, 5.80, 0.92, 211.61, 5.61, 0.01, 14.27, -22.07);
insert into SHOT values (3629, 3685, 3697, 4809, 6.56, 32.73, -14.30, 6.56, 32.74, -14.29, 0.00, 55.73, 4.38);
insert into SHOT values (3630, 3685, 3698, 4809, 2.18, 33.43, -9.80, 2.18, 33.25, -9.75, 0.01, 334.78, 7.64);
insert into SHOT values (3631, 3685, 3699, 4809, 4.47, 45.13, -7.80, 4.48, 45.09, -7.83, 0.01, 16.41, -30.85);
insert into SHOT values (3632, 3685, 3700, 4809, 3.76, 37.93, -13.20, 3.78, 39.27, -13.15, 0.09, 115.14, -0.91);
insert into SHOT values (3633, 3700, 3701, 4809, 3.75, 35.93, -13.50, 3.75, 35.96, -13.43, 0.01, 169.53, 62.74);
insert into SHOT values (3634, 3700, 3702, 4809, 0.84, 319.03, 1.90, 0.84, 318.88, 2.05, 0.00, 172.67, 28.92);
insert into SHOT values (3635, 3700, 3703, 4809, 1.05, 27.33, -8.00, 1.05, 27.55, -7.68, 0.01, 144.43, 53.07);
insert into SHOT values (3636, 3700, 3704, 4809, 1.02, 92.73, 7.60, 1.02, 92.83, 7.88, 0.01, 176.87, 69.42);
insert into SHOT values (3637, 3700, 3705, 4809, 1.01, 124.53, 20.10, 1.01, 124.70, 20.25, 0.00, 210.56, 46.00);
insert into SHOT values (3638, 3700, 3706, 4809, 1.03, 124.63, 12.30, 1.04, 124.95, 12.26, 0.01, 166.95, 3.95);
insert into SHOT values (3639, 3700, 3707, 4809, 2.57, 18.23, -15.70, 2.53, 19.70, -15.84, 0.08, 142.42, 4.11);
insert into SHOT values (3640, 3707, 3708, 4809, 2.58, 29.93, 8.80, 2.58, 29.88, 8.92, 0.01, 279.13, 69.35);
insert into SHOT values (3641, 3707, 3709, 4809, 0.63, 161.63, 10.70, 0.63, 161.27, 10.90, 0.01, 117.30, 28.95);
insert into SHOT values (3642, 3707, 3710, 4809, 1.65, 165.23, 34.30, 1.65, 165.15, 34.26, 0.00, 129.64, 3.32);
insert into SHOT values (3643, 3707, 3711, 4809, 1.44, 166.03, 53.00, 1.45, 166.12, 52.72, 0.01, 175.37, -0.22);
insert into SHOT values (3644, 3707, 3712, 4809, 1.04, 172.73, 54.80, 1.04, 172.41, 54.54, 0.01, 142.47, 1.44);
insert into SHOT values (3645, 3707, 3713, 4809, 1.51, 104.63, 27.30, 1.66, 105.26, 26.53, 0.15, 111.24, 18.56);
insert into SHOT values (3646, 3713, 3714, 4809, 2.48, 62.03, -16.30, 2.56, 63.43, -16.10, 0.10, 99.59, -8.00);
insert into SHOT values (3647, 3714, 3715, 4809, 2.48, 66.33, -16.00, 2.48, 66.23, -15.93, 0.01, 310.05, 39.60);
insert into SHOT values (3648, 3714, 3556, 4809, 2.04, 94.43, -18.20, 2.17, 95.27, -17.69, 0.14, 107.55, -9.67);
insert into SHOT values (3649, 3431, 3716, 4809, 3.33, 353.43, 1.40, 3.33, 353.45, 1.38, 0.00, 21.11, -23.75);
insert into SHOT values (3650, 3716, 3717, 4809, 1.46, 353.63, -9.30, 1.46, 353.62, -9.08, 0.01, 181.51, 72.23);
insert into SHOT values (3651, 3717, 3718, 4809, 2.38, 68.83, -2.30, 2.38, 68.82, -2.41, 0.01, 67.07, -59.20);
insert into SHOT values (3652, 3718, 3719, 4809, 2.38, 60.93, -0.70, 2.38, 60.85, -0.72, 0.00, 0.77, -14.54);
insert into SHOT values (3653, 3718, 3720, 4809, 1.87, 70.03, 2.90, 1.87, 69.91, 2.77, 0.01, 291.22, -39.20);
insert into SHOT values (3654, 3720, 3721, 4809, 1.87, 85.23, -5.60, 1.87, 85.39, -5.51, 0.01, 132.22, 18.85);
insert into SHOT values (3655, 3720, 3722, 4809, 1.67, 14.23, 51.20, 1.67, 14.44, 51.48, 0.01, 146.79, 58.64);
insert into SHOT values (3656, 3720, 3723, 4809, 1.78, 13.53, 50.60, 1.79, 13.79, 50.62, 0.01, 75.20, 37.34);
insert into SHOT values (3657, 3720, 3724, 4809, 1.78, 13.03, 45.30, 1.78, 12.93, 45.42, 0.01, 274.57, 65.14);
insert into SHOT values (3658, 3720, 3725, 4809, 1.39, 17.03, -24.30, 1.39, 17.00, -24.25, 0.00, 215.51, 50.92);
insert into SHOT values (3659, 3720, 3726, 4809, 1.99, 355.63, -19.80, 1.98, 355.70, -19.76, 0.01, 157.98, 28.78);
insert into SHOT values (3660, 3726, 3396, 4809, 3.32, 7.83, 3.00, 3.32, 7.79, 2.93, 0.01, 344.94, -33.73);
insert into SHOT values (3661, 3397, 3727, 4809, 1.37, 0.73, 18.70, 1.37, 0.88, 18.30, 0.01, 55.67, -65.04);
insert into SHOT values (3662, 3396, 3728, 4809, 1.39, 1.73, 19.60, 1.39, 1.75, 19.73, 0.00, 26.03, 71.26);
insert into SHOT values (3663, 3397, 3729, 4809, 1.57, 1.53, 19.80, 1.57, 1.55, 19.70, 0.00, 11.11, -28.11);
insert into SCRAPS values (4810, 4807, 'dysentry-1p', 1);
 insert into SCRAPS values (4892, 4807, 'dysentry-p4', 1);
 insert into SCRAPS values (4937, 4807, 'dysentry-p2', 1);
 insert into SCRAPS values (4964, 4807, 'dysentry-p3', 1);
 insert into MAPS values (5021, 4807, 'm1p', NULL, 1, 193.480, 10.390);
 insert into MAPITEMS values (5021, 4, 4810);
 insert into MAPS values (5022, 4807, 'm2p', NULL, 1, 193.480, 10.390);
 insert into MAPITEMS values (5022, 4, 4937);
 insert into MAPS values (5023, 4807, 'm3p', NULL, 1, 193.480, 10.390);
 insert into MAPITEMS values (5023, 4, 4964);
 insert into MAPS values (5024, 4807, 'm4p', NULL, 1, 193.480, 10.390);
 insert into MAPITEMS values (5024, 4, 4892);
 insert into SURVEY values (5032, 20, 's_ubend', 's_ubend.sistem_prima', 'U-bend 571');
 insert into CENTRELINE values (5033, 5032, NULL, NULL, NULL, 0.00, 0.00, 0.00);
 insert into SURVEY values (5034, 5032, 'ubend', 'ubend.s_ubend.sistem_prima', NULL);
 insert into CENTRELINE values (5035, 5034, NULL, NULL, NULL, 0.00, 0.00, 0.00);
 insert into SCRAPS values (5036, 5034, 'ubendp_1', 1);
 insert into MAPS values (5051, 5034, 'mubendp_1', NULL, 1, 16.160, 7.300);
 insert into MAPITEMS values (5051, 4, 5036);
 insert into CENTRELINE values (5052, 5034, NULL, '2000-07-27', NULL, 16.16, 0.00, 0.00);
 insert into PERSON values (39, 'Andrew', 'Jurd');
insert into TOPO values (39, 5052);
 insert into PERSON values (40, 'Hugh', 'Penney');
insert into TOPO values (40, 5052);
 insert into SHOT values (3664, 3730, 3731, 5052, 7.15, 2.53, 90.00, 7.15, 90.00, 90.00, 0.00, 2.53, 74.59);
insert into SHOT values (3665, 3731, 3732, 5052, 2.71, 292.53, -7.00, 2.71, 292.47, -6.98, 0.01, 261.27, 2.70);
insert into SHOT values (3666, 3732, 3733, 5052, 2.02, 350.53, -23.00, 2.02, 350.69, -23.07, 0.01, 125.41, -5.83);
insert into SHOT values (3667, 3733, 3734, 5052, 2.43, 352.53, 23.00, 2.43, 352.56, 22.99, 0.00, 16.03, 13.28);
insert into SHOT values (3668, 3734, 3735, 5052, 1.85, 317.53, 10.00, 1.85, 317.66, 9.94, 0.01, 0.33, -11.74);
insert into SURVEY values (5054, 5032, 'ubend2', 'ubend2.s_ubend.sistem_prima', NULL);
 insert into CENTRELINE values (5055, 5054, NULL, NULL, NULL, 0.00, 0.00, 0.00);
 insert into SCRAPS values (5056, 5054, 'ubend2p_1', 1);
 insert into MAPS values (5068, 5054, 'mubend2p_1', NULL, 1, 20.690, 11.690);
 insert into MAPITEMS values (5068, 4, 5056);
 insert into CENTRELINE values (5069, 5054, NULL, '2000-07-28', NULL, 20.69, 0.00, 0.00);
 insert into TOPO values (39, 5069);
 insert into TOPO values (40, 5069);
 insert into SHOT values (3669, 3736, 3737, 5069, 3.90, 330.54, -7.00, 3.90, 330.46, -7.06, 0.01, 267.53, -38.42);
insert into SHOT values (3670, 3737, 3738, 5069, 1.58, 337.54, -1.00, 1.58, 337.66, -0.73, 0.01, 88.09, 64.25);
insert into SHOT values (3671, 3738, 3739, 5069, 4.25, 325.54, 10.00, 4.25, 325.51, 9.89, 0.01, 241.94, -78.30);
insert into SHOT values (3672, 3739, 3740, 5069, 10.96, 2.54, 90.00, 10.96, 90.00, 90.00, 0.00, 2.54, 42.87);
insert into SURVEY values (5071, 5032, 'ubend3', 'ubend3.s_ubend.sistem_prima', NULL);
 insert into CENTRELINE values (5072, 5071, NULL, NULL, NULL, 0.00, 0.00, 0.00);
 insert into SCRAPS values (5073, 5071, 'ubend3p_1', 1);
 insert into SCRAPS values (5090, 5071, 'ubend3p_2', 1);
 insert into SCRAPS values (5110, 5071, 'ubend3p_3', 1);
 insert into MAPS values (5130, 5071, 'mubend3p_1', NULL, 1, 93.110, 66.870);
 insert into MAPITEMS values (5130, 4, 5073);
 insert into MAPS values (5131, 5071, 'mubend3p_2', NULL, 1, 93.110, 66.870);
 insert into MAPITEMS values (5131, 4, 5090);
 insert into MAPS values (5132, 5071, 'mubend3p_3', NULL, 1, 93.110, 66.870);
 insert into MAPITEMS values (5132, 4, 5110);
 insert into CENTRELINE values (5134, 5071, NULL, '2000-08-20', NULL, 93.11, 0.00, 0.00);
 insert into PERSON values (41, 'Bruce', 'Drinkwater');
insert into TOPO values (41, 5134);
 insert into TOPO values (1, 5134);
 insert into SHOT values (3673, 3741, 3742, 5134, 2.40, 112.54, 38.00, 2.40, 112.76, 38.11, 0.01, 233.39, 16.01);
insert into SHOT values (3674, 3742, 3743, 5134, 3.45, 186.54, 14.00, 3.44, 186.53, 13.95, 0.01, 12.97, -38.22);
insert into SHOT values (3675, 3743, 3744, 5134, 3.40, 136.54, 13.00, 3.41, 136.59, 13.07, 0.01, 166.33, 43.38);
insert into SHOT values (3676, 3744, 3745, 5134, 3.30, 179.54, -29.00, 3.29, 179.60, -29.05, 0.01, 333.03, -1.06);
insert into SHOT values (3677, 3745, 3746, 5134, 3.60, 2.54, -90.00, 3.60, 90.00, -90.00, 0.00, 2.54, 82.14);
insert into SHOT values (3678, 3746, 3747, 5134, 2.50, 173.54, -4.00, 2.50, 173.33, -4.12, 0.01, 101.49, -30.19);
insert into SHOT values (3679, 3747, 3748, 5134, 2.90, 150.54, -17.00, 2.89, 150.56, -17.08, 0.01, 320.34, -19.11);
insert into SHOT values (3680, 3748, 3749, 5134, 30.00, 2.54, -90.00, 30.00, 90.00, -90.00, 0.00, 2.54, 0.00);
insert into SHOT values (3681, 3749, 3750, 5134, 5.00, 211.54, -60.00, 5.00, 211.47, -59.91, 0.01, 193.47, 0.76);
insert into SHOT values (3682, 3750, 3751, 5134, 1.30, 214.54, 0.00, 1.30, 214.67, 0.00, 0.00, 286.09, 0.00);
insert into SHOT values (3683, 3751, 3752, 5134, 7.36, 2.54, -90.00, 7.36, 90.00, -90.00, 0.00, 2.54, 75.64);
insert into SHOT values (3684, 3752, 3753, 5134, 5.70, 232.54, 2.00, 5.70, 232.57, 2.01, 0.01, 21.67, 12.22);
insert into SHOT values (3685, 3753, 3754, 5134, 3.10, 2.54, -90.00, 3.10, 90.00, -90.00, 0.00, 2.54, -85.46);
insert into SHOT values (3686, 3754, 3755, 5134, 3.05, 102.54, 0.00, 3.05, 102.49, 0.00, 0.00, 50.74, 0.00);
insert into SHOT values (3687, 3755, 3756, 5134, 16.05, 2.54, -90.00, 16.05, 90.00, -90.00, 0.00, 2.54, 39.49);
insert into SURVEY values (5136, 5032, 'det', 'det.s_ubend.sistem_prima', NULL);
 insert into CENTRELINE values (5137, 5136, NULL, NULL, NULL, 0.00, 0.00, 0.00);
 insert into SCRAPS values (5138, 5136, 'detp_1', 1);
 insert into MAPS values (5150, 5136, 'mdetp_1', NULL, 1, 22.790, 13.940);
 insert into MAPITEMS values (5150, 4, 5138);
 insert into CENTRELINE values (5151, 5136, NULL, '2007-08-03', NULL, 22.79, 0.00, 0.00);
 insert into PERSON values (42, 'Alvin', 'Chow');
insert into TOPO values (42, 5151);
 insert into PERSON values (43, 'Sandeep', 'Mavadia');
insert into TOPO values (43, 5151);
 insert into SHOT values (3688, 3757, 3758, 5151, 1.57, 89.20, 6.00, 1.57, 89.27, 5.86, 0.00, 216.62, -63.01);
insert into SHOT values (3689, 3757, 3759, 5151, 1.26, 197.20, -11.00, 1.26, 197.41, -10.98, 0.00, 289.92, 5.41);
insert into SHOT values (3690, 3758, 3760, 5151, 0.66, 65.20, 0.00, 0.66, 64.98, 0.00, 0.00, 14.77, 0.00);
insert into SHOT values (3691, 3760, 3761, 5151, 2.19, 68.20, 9.00, 2.19, 68.30, 8.93, 0.00, 153.08, -36.46);
insert into SHOT values (3692, 3761, 3762, 5151, 3.91, 55.20, 0.00, 3.91, 55.09, 0.00, 0.01, 354.36, 0.00);
insert into SHOT values (3693, 3762, 3763, 5151, 13.20, 3.20, 90.00, 13.20, 90.00, 90.00, 0.00, 3.20, 45.06);
insert into SURVEY values (5153, 5032, 'drainpipe', 'drainpipe.s_ubend.sistem_prima', NULL);
 insert into CENTRELINE values (5154, 5153, NULL, NULL, NULL, 0.00, 0.00, 0.00);
 insert into SCRAPS values (5155, 5153, 'drainpipep_1', 1);
 insert into CENTRELINE values (5168, 5153, NULL, '2007-08-05', NULL, 46.19, 0.00, 0.00);
 insert into TOPO values (42, 5168);
 insert into TOPO values (43, 5168);
 insert into SHOT values (3694, 3764, 3765, 5168, 6.20, 225.20, -36.00, 6.20, 225.24, -36.06, 0.01, 352.27, -54.38);
insert into SHOT values (3695, 3764, 3766, 5168, 5.86, 63.20, 32.00, 5.86, 63.23, 31.94, 0.01, 93.92, -52.73);
insert into SHOT values (3696, 3766, 3767, 5168, 11.24, 27.20, 46.00, 11.25, 27.19, 46.00, 0.01, 3.88, 38.56);
insert into SHOT values (3697, 3767, 3768, 5168, 20.94, 3.20, 90.00, 20.94, 90.00, 90.00, 0.00, 3.20, 36.09);
insert into SHOT values (3698, 3769, 3768, 5168, 1.95, 271.20, -52.00, 1.95, 271.43, -52.06, 0.01, 3.30, -35.36);
insert into SURVEY values (5170, 5032, 'bathtub', 'bathtub.s_ubend.sistem_prima', NULL);
 insert into CENTRELINE values (5171, 5170, NULL, NULL, NULL, 0.00, 0.00, 0.00);
 insert into SCRAPS values (5172, 5170, 'bathtubp_1', 1);
 insert into MAPS values (5182, 5170, 'mbathtubp_1', NULL, 1, 23.860, 20.930);
 insert into MAPITEMS values (5182, 4, 5172);
 insert into CENTRELINE values (5183, 5170, NULL, '2007-08-04', NULL, 23.86, 0.00, 0.00);
 insert into TOPO values (42, 5183);
 insert into TOPO values (43, 5183);
 insert into SHOT values (3699, 3770, 3771, 5183, 4.44, 50.20, 30.00, 4.44, 50.18, 30.03, 0.00, 256.15, 0.00);
insert into SHOT values (3700, 3771, 3772, 5183, 13.14, 3.20, 90.00, 13.14, 90.00, 90.00, 0.00, 3.20, 65.24);
insert into SHOT values (3701, 3773, 3772, 5183, 3.02, 237.20, -60.00, 3.02, 237.15, -59.92, 0.01, 197.68, 67.55);
insert into SHOT values (3702, 3773, 3774, 5183, 3.26, 334.20, 65.00, 3.26, 334.18, 65.04, 0.01, 226.13, 83.18);
insert into SURVEY values (5190, 20, 'monatip', 'monatip.sistem_prima', NULL);
 insert into CENTRELINE values (5191, 5190, NULL, NULL, NULL, 0.00, 0.00, 0.00);
 insert into SURVEY values (5192, 5190, 'monatip1', 'monatip1.monatip.sistem_prima', NULL);
 insert into CENTRELINE values (5193, 5192, NULL, NULL, NULL, 0.00, 0.00, 0.00);
 insert into SCRAPS values (5194, 5192, 'monatip1p_1', 1);
 insert into SCRAPS values (5214, 5192, 'monatip1p_2', 1);
 insert into SCRAPS values (5225, 5192, 'monatip1p_3', 1);
 insert into SCRAPS values (5242, 5192, 'monatip1p_4', 1);
 insert into SCRAPS values (5248, 5192, 'monatip1p_5', 1);
 insert into SCRAPS values (5260, 5192, 'monatip', 1);
 insert into MAPS values (5262, 5192, 'mmonatip1p', NULL, 1, 193.920, 30.040);
 insert into MAPITEMS values (5262, 4, 5194);
 insert into MAPS values (5263, 5192, 'mmonatip1p_2', NULL, 1, 193.920, 30.040);
 insert into MAPITEMS values (5263, 4, 5214);
 insert into MAPS values (5264, 5192, 'mmonatip1p_3', NULL, 1, 193.920, 30.040);
 insert into MAPITEMS values (5264, 4, 5225);
 insert into MAPS values (5265, 5192, 'mmonatip1p_4', NULL, 1, 193.920, 30.040);
 insert into MAPITEMS values (5265, 4, 5242);
 insert into MAPS values (5266, 5192, 'mmonatip1p_5', NULL, 1, 193.920, 30.040);
 insert into MAPITEMS values (5266, 4, 5248);
 insert into CENTRELINE values (5268, 5192, NULL, '2007-08-06', NULL, 193.92, 0.00, 0.00);
 insert into TOPO values (2, 5268);
 insert into TOPO values (32, 5268);
 insert into SHOT values (3703, 3775, 3776, 5268, 15.90, 84.21, 5.00, 16.02, 83.69, 2.33, 0.77, 43.29, -73.29);
insert into SHOT values (3704, 3777, 3776, 5268, 5.29, 213.21, -9.00, 5.36, 213.78, -7.83, 0.14, 246.65, 45.29);
insert into SHOT values (3705, 3777, 3778, 5268, 7.52, 136.21, 7.00, 7.57, 135.05, 5.61, 0.24, 69.52, -46.96);
insert into SHOT values (3706, 3779, 3778, 5268, 6.95, 314.21, -9.00, 6.98, 313.13, -7.66, 0.21, 246.54, 48.13);
insert into SHOT values (3707, 3779, 3780, 5268, 5.00, 43.21, 15.00, 5.07, 43.68, 13.70, 0.14, 67.03, -42.80);
insert into SHOT values (3708, 3780, 3781, 5268, 1.50, 3.21, -90.00, 1.61, 71.57, -88.87, 0.11, 71.57, -73.96);
insert into SHOT values (3709, 3782, 3781, 5268, 4.08, 264.21, -17.00, 4.15, 264.10, -15.81, 0.11, 259.68, 35.04);
insert into SHOT values (3710, 3782, 3783, 5268, 3.84, 124.21, 4.00, 3.90, 123.36, 2.94, 0.11, 80.69, -39.26);
insert into SHOT values (3711, 3784, 3783, 5268, 3.33, 233.21, 2.00, 3.44, 233.53, 3.00, 0.12, 243.82, 31.07);
insert into SHOT values (3712, 3784, 3785, 5268, 2.78, 106.21, -40.00, 2.92, 105.59, -40.26, 0.15, 93.09, -44.42);
insert into SHOT values (3713, 3785, 3786, 5268, 3.60, 171.21, -28.00, 3.64, 170.24, -28.92, 0.09, 88.69, -52.30);
insert into SHOT values (3714, 3786, 3787, 5268, 10.00, 3.21, -90.00, 10.11, 71.57, -89.46, 0.15, 71.57, -49.22);
insert into SHOT values (3715, 3788, 3787, 5268, 11.55, 325.21, -23.00, 11.54, 323.61, -21.07, 0.49, 259.33, 47.83);
insert into SHOT values (3716, 3789, 3788, 5268, 4.98, 313.21, 3.00, 5.05, 312.34, 4.09, 0.14, 261.20, 45.94);
insert into SHOT values (3717, 3789, 3790, 5268, 14.10, 3.21, -90.00, 14.21, 70.35, -89.40, 0.18, 70.35, -36.50);
insert into SHOT values (3718, 3791, 3790, 5268, 9.45, 310.21, -34.00, 9.44, 309.11, -32.19, 0.33, 265.43, 49.50);
insert into SHOT values (3719, 3792, 3791, 5268, 8.28, 298.21, 46.00, 8.41, 297.36, 46.30, 0.16, 242.01, 50.18);
insert into SHOT values (3720, 3792, 3793, 5268, 8.72, 105.21, 33.00, 8.74, 104.54, 31.05, 0.31, 78.82, -50.60);
insert into SHOT values (3721, 3793, 3794, 5268, 3.21, 156.21, 11.00, 3.20, 155.22, 10.08, 0.08, 64.54, -44.23);
insert into SHOT values (3722, 3794, 3795, 5268, 9.30, 3.21, -90.00, 9.42, 75.96, -89.50, 0.15, 75.96, -55.50);
insert into SHOT values (3723, 3796, 3795, 5268, 11.90, 287.21, -70.00, 11.84, 286.72, -67.93, 0.44, 281.56, 29.21);
insert into SHOT values (3724, 3796, 3797, 5268, 10.50, 107.21, 50.00, 10.47, 106.53, 47.82, 0.41, 90.70, -44.07);
insert into SHOT values (3725, 3797, 3798, 5268, 5.51, 144.21, -7.00, 5.56, 143.13, -8.07, 0.15, 70.47, -45.26);
insert into SHOT values (3726, 3798, 3799, 5268, 10.00, 3.21, -90.00, 10.00, 90.00, -90.00, 0.00, 3.21, 0.00);
insert into SHOT values (3727, 3798, 3800, 5268, 9.10, 132.21, -14.00, 9.19, 130.93, -15.26, 0.30, 52.65, -47.45);
insert into SHOT values (3728, 3801, 3800, 5268, 7.53, 288.21, 1.00, 7.62, 287.43, 2.33, 0.22, 236.25, 53.97);
insert into SURVEY values (5270, 5190, 'monatip2', 'monatip2.monatip.sistem_prima', NULL);
 insert into CENTRELINE values (5271, 5270, NULL, NULL, NULL, 0.00, 0.00, 0.00);
 insert into SCRAPS values (5272, 5270, 'monatip2p_1', 1);
 insert into SCRAPS values (5290, 5270, 'monatip2p_2', 1);
 insert into SCRAPS values (5302, 5270, 'monatip2p_3', 1);
 insert into MAPS values (5315, 5270, 'mmonatip2p_2', NULL, 1, 60.100, 29.390);
 insert into MAPITEMS values (5315, 4, 5290);
 insert into MAPS values (5316, 5270, 'mmonatip2p_1', NULL, 1, 60.100, 29.390);
 insert into MAPITEMS values (5316, 4, 5272);
 insert into MAPS values (5317, 5270, 'mmonatip2p_3', NULL, 1, 60.100, 29.390);
 insert into MAPITEMS values (5317, 4, 5302);
 insert into CENTRELINE values (5319, 5270, NULL, '2008-07-13', NULL, 60.10, 0.00, 0.00);
 insert into TOPO values (32, 5319);
 insert into PERSON values (44, 'Samo', 'Rutar');
insert into TOPO values (44, 5319);
 insert into SHOT values (3729, 3802, 3803, 5319, 5.40, 185.30, 8.00, 5.45, 190.02, 7.90, 0.45, 270.59, -0.20);
insert into SHOT values (3730, 3803, 3804, 5319, 11.30, 124.30, -51.00, 11.11, 127.95, -56.30, 1.13, 282.11, -23.83);
insert into SHOT values (3731, 3804, 3805, 5319, 4.90, 126.30, -14.00, 4.51, 129.13, -15.03, 0.46, 278.18, 1.94);
insert into SHOT values (3732, 3805, 3806, 5319, 5.70, 142.30, 1.00, 5.40, 146.40, 1.06, 0.50, 271.10, 0.06);
insert into SHOT values (3733, 3806, 3807, 5319, 1.80, 95.30, 20.00, 1.33, 96.03, 22.01, 0.47, 273.32, -14.26);
insert into SHOT values (3734, 3807, 3808, 5319, 4.40, 161.30, -7.00, 4.24, 165.70, -7.17, 0.36, 278.96, 0.98);
insert into SHOT values (3735, 3808, 3809, 5319, 4.00, 176.30, -47.00, 3.98, 180.63, -47.13, 0.21, 273.42, 1.50);
insert into SHOT values (3736, 3809, 3810, 5319, 8.60, 169.30, -18.00, 8.54, 175.47, -18.42, 0.88, 267.19, -2.76);
insert into SHOT values (3737, 3810, 3811, 5319, 8.00, 201.30, -64.00, 8.08, 200.48, -65.32, 0.21, 41.24, -46.35);
insert into SHOT values (3738, 3811, 3812, 5319, 6.00, 155.30, -85.00, 6.11, 151.99, -85.00, 0.12, 80.80, -74.20);
insert into SURVEY values (5321, 5190, 'monatip3', 'monatip3.monatip.sistem_prima', NULL);
 insert into CENTRELINE values (5322, 5321, NULL, NULL, NULL, 0.00, 0.00, 0.00);
 insert into SCRAPS values (5323, 5321, 'monatip3p_1', 1);
 insert into SCRAPS values (5336, 5321, 'monatip3p_2', 1);
 insert into MAPS values (5352, 5321, 'mmonatip3p_1', NULL, 1, 41.850, 14.610);
 insert into MAPITEMS values (5352, 4, 5323);
 insert into MAPS values (5353, 5321, 'mmonatip3p_2', NULL, 1, 41.850, 14.610);
 insert into MAPITEMS values (5353, 4, 5336);
 insert into CENTRELINE values (5355, 5321, NULL, '2008-08-03', NULL, 41.85, 0.00, 0.00);
 insert into PERSON values (45, 'Siljo', '(Silan)');
insert into TOPO values (45, 5355);
 insert into PERSON values (46, NULL, 'Aljosa');
insert into TOPO values (46, 5355);
 insert into PERSON values (47, NULL, 'Spela');
insert into TOPO values (47, 5355);
 insert into SHOT values (3739, 3813, 3814, 5355, 6.80, 173.31, 40.00, 6.72, 172.27, 39.15, 0.16, 81.67, -54.31);
insert into SHOT values (3740, 3814, 3815, 5355, 5.75, 188.31, 0.00, 5.70, 187.26, -1.21, 0.17, 70.34, -45.52);
insert into SHOT values (3741, 3815, 3816, 5355, 6.00, 163.31, -52.00, 6.09, 162.35, -52.65, 0.13, 72.75, -61.08);
insert into SHOT values (3742, 3816, 3817, 5355, 3.40, 178.31, 9.00, 3.35, 177.41, 7.90, 0.10, 47.49, -46.14);
insert into SHOT values (3743, 3817, 3818, 5355, 7.40, 178.31, -45.00, 7.46, 177.34, -46.16, 0.18, 50.60, -53.07);
insert into SHOT values (3744, 3818, 3819, 5355, 5.10, 283.31, -65.00, 5.17, 283.90, -66.25, 0.13, 87.17, -54.27);
insert into SHOT values (3745, 3819, 3820, 5355, 7.40, 198.31, 15.00, 7.32, 197.29, 13.92, 0.21, 87.47, -48.87);
insert into SURVEY values (5357, 5190, 'broken_hammer', 'broken_hammer.monatip.sistem_prima', NULL);
 insert into CENTRELINE values (5358, 5357, NULL, NULL, NULL, 0.00, 0.00, 0.00);
 insert into SCRAPS values (5359, 5357, 'broken_hammerp_1', 1);
 insert into SCRAPS values (5379, 5357, 'broken_hammerp_2', 1);
 insert into MAPS values (5388, 5357, 'mbroken_hammerp_1', NULL, 1, 63.700, 24.920);
 insert into MAPITEMS values (5388, 4, 5359);
 insert into MAPS values (5389, 5357, 'mbroken_hammerp_2', NULL, 1, 63.700, 24.920);
 insert into MAPITEMS values (5389, 4, 5379);
 insert into CENTRELINE values (5390, 5357, NULL, '2008-08-08', NULL, 63.70, 0.00, 0.00);
 insert into TOPO values (2, 5390);
 insert into TOPO values (32, 5390);
 insert into PERSON values (48, NULL, 'Samo');
insert into TOPO values (48, 5390);
 insert into SHOT values (3746, 3821, 3822, 5390, 3.20, 195.31, -11.00, 3.16, 194.44, -12.07, 0.09, 56.25, -34.65);
insert into SHOT values (3747, 3822, 3823, 5390, 2.00, 239.31, -30.00, 1.97, 239.15, -31.55, 0.06, 64.11, -28.61);
insert into SHOT values (3748, 3823, 3824, 5390, 3.40, 198.31, -6.00, 3.35, 197.51, -7.03, 0.09, 57.20, -36.37);
insert into SHOT values (3749, 3824, 3825, 5390, 2.80, 278.31, -5.00, 2.71, 278.76, -6.15, 0.11, 86.10, -24.62);
insert into SHOT values (3750, 3825, 3826, 5390, 3.40, 272.31, -15.00, 3.33, 272.69, -16.24, 0.11, 79.11, -28.23);
insert into SHOT values (3751, 3826, 3827, 5390, 2.60, 3.31, -90.00, 2.71, 71.57, -89.33, 0.11, 71.57, -73.96);
insert into SHOT values (3752, 3827, 3828, 5390, 2.90, 268.31, 44.00, 2.74, 268.55, 43.81, 0.16, 83.76, -47.26);
insert into SHOT values (3753, 3828, 3829, 5390, 5.30, 267.31, -3.00, 5.20, 267.57, -4.19, 0.15, 75.15, -42.86);
insert into SHOT values (3754, 3829, 3830, 5390, 3.65, 247.31, 0.00, 3.55, 247.27, -0.97, 0.12, 68.75, -29.83);
insert into SHOT values (3755, 3830, 3831, 5390, 2.00, 185.31, -5.00, 1.97, 184.11, -6.13, 0.07, 52.69, -32.59);
insert into SHOT values (3756, 3831, 3832, 5390, 3.10, 314.31, 23.00, 3.01, 315.29, 22.08, 0.12, 99.26, -44.40);
insert into SHOT values (3757, 3832, 3833, 5390, 2.50, 351.31, -10.00, 2.54, 352.16, -10.90, 0.07, 41.41, -43.52);
insert into SHOT values (3758, 3833, 3834, 5390, 4.75, 315.31, -2.00, 4.70, 316.21, -3.05, 0.12, 80.29, -43.18);
insert into SHOT values (3759, 3834, 3835, 5390, 4.10, 294.31, -35.00, 4.11, 295.02, -36.28, 0.10, 74.05, -51.13);
insert into SHOT values (3760, 3835, 3836, 5390, 18.00, 3.31, -90.00, 18.11, 72.35, -89.27, 0.26, 72.35, -25.48);
insert into SURVEY values (5392, 5190, 'monatip4', 'monatip4.monatip.sistem_prima', NULL);
 insert into CENTRELINE values (5393, 5392, NULL, NULL, NULL, 0.00, 0.00, 0.00);
 insert into SCRAPS values (5394, 5392, 'monatip4p_1', 1);
 insert into SCRAPS values (5415, 5392, 'monatip4p_2', 1);
 insert into SCRAPS values (5431, 5392, 'monatip4p_3', 1);
 insert into SCRAPS values (5448, 5392, 'monatip4p_5', 1);
 insert into SCRAPS values (5466, 5392, 'monatip4p_4', 1);
 insert into MAPS values (5487, 5392, 'mmonatip4p_1', NULL, 1, 181.290, 35.950);
 insert into MAPITEMS values (5487, 4, 5394);
 insert into MAPS values (5488, 5392, 'mmonatip4p_2', NULL, 1, 181.290, 35.950);
 insert into MAPITEMS values (5488, 4, 5415);
 insert into MAPS values (5489, 5392, 'mmonatip4p_3', NULL, 1, 181.290, 35.950);
 insert into MAPITEMS values (5489, 4, 5431);
 insert into MAPS values (5490, 5392, 'mmonatip4p_4', NULL, 1, 181.290, 35.950);
 insert into MAPITEMS values (5490, 4, 5466);
 insert into MAPS values (5491, 5392, 'mmonatip4p_5', NULL, 1, 181.290, 35.950);
 insert into MAPITEMS values (5491, 4, 5448);
 insert into CENTRELINE values (5496, 5392, NULL, '2008-08-07', NULL, 181.29, 0.00, 0.00);
 insert into TOPO values (46, 5496);
 insert into PERSON values (49, 'Dan', 'Greenwald');
insert into TOPO values (49, 5496);
 insert into TOPO values (32, 5496);
 insert into SHOT values (3761, 3837, 3838, 5496, 5.97, 252.31, 3.00, 5.85, 252.28, 1.86, 0.17, 73.98, -46.95);
insert into SHOT values (3762, 3838, 3839, 5496, 2.97, 233.31, -40.00, 2.97, 233.03, -41.34, 0.07, 66.45, -46.43);
insert into SHOT values (3763, 3839, 3840, 5496, 3.45, 259.31, 14.00, 3.31, 259.46, 13.26, 0.14, 75.48, -31.17);
insert into SHOT values (3764, 3840, 3841, 5496, 3.51, 188.31, -1.00, 3.46, 187.47, -1.99, 0.09, 53.33, -39.46);
insert into SHOT values (3765, 3841, 3842, 5496, 2.65, 243.31, -3.00, 2.54, 243.03, -4.06, 0.12, 69.69, -20.36);
insert into SHOT values (3766, 3842, 3843, 5496, 2.65, 3.31, -90.00, 2.77, 71.57, -89.35, 0.12, 71.57, -75.24);
insert into SHOT values (3767, 3843, 3844, 5496, 5.38, 188.31, -45.00, 5.43, 187.48, -46.10, 0.13, 60.19, -56.89);
insert into SHOT values (3768, 3844, 3845, 5496, 12.50, 158.31, 12.00, 12.50, 156.43, 10.00, 0.59, 78.56, -46.34);
insert into SHOT values (3769, 3845, 3846, 5496, 4.04, 163.31, -15.00, 4.07, 162.31, -15.96, 0.10, 83.45, -46.84);
insert into SHOT values (3770, 3846, 3847, 5496, 4.59, 150.31, -6.00, 4.63, 149.36, -6.95, 0.11, 78.84, -44.88);
insert into SHOT values (3771, 3847, 3848, 5496, 3.70, 115.31, -3.00, 3.78, 114.59, -3.94, 0.11, 83.86, -36.32);
insert into SHOT values (3772, 3848, 3849, 5496, 3.32, 128.31, 14.00, 3.36, 127.57, 12.88, 0.09, 92.38, -36.31);
insert into SHOT values (3773, 3849, 3850, 5496, 4.54, 136.31, -14.00, 4.61, 135.36, -14.96, 0.13, 80.03, -46.02);
insert into SHOT values (3774, 3850, 3851, 5496, 4.16, 167.31, 3.00, 4.15, 166.33, 2.07, 0.10, 71.30, -43.57);
insert into SHOT values (3775, 3851, 3852, 5496, 2.65, 129.31, -12.00, 2.73, 128.59, -12.91, 0.10, 103.49, -37.64);
insert into SHOT values (3776, 3852, 3853, 5496, 4.18, 71.31, -69.00, 4.33, 71.34, -68.42, 0.16, 71.77, -53.10);
insert into SHOT values (3777, 3853, 3854, 5496, 5.16, 26.31, -6.00, 5.25, 27.06, -6.89, 0.14, 67.32, -41.22);
insert into SHOT values (3778, 3854, 3855, 5496, 4.26, 132.31, -9.00, 4.32, 131.48, -9.99, 0.12, 81.09, -46.46);
insert into SHOT values (3779, 3855, 3856, 5496, 4.30, 185.31, -2.00, 4.27, 184.31, -3.09, 0.12, 69.58, -43.94);
insert into SHOT values (3780, 3856, 3857, 5496, 3.50, 126.31, -10.00, 3.58, 125.50, -10.80, 0.10, 89.26, -37.03);
insert into SHOT values (3781, 3857, 3858, 5496, 2.85, 150.31, 12.00, 2.85, 149.32, 10.91, 0.07, 76.58, -46.07);
insert into SHOT values (3782, 3858, 3859, 5496, 2.46, 186.31, -4.00, 2.42, 185.47, -4.98, 0.07, 45.43, -34.55);
insert into SHOT values (3783, 3859, 3860, 5496, 2.42, 256.31, -21.00, 2.36, 256.47, -22.43, 0.09, 71.80, -22.51);
insert into SHOT values (3784, 3860, 3861, 5496, 5.26, 149.31, -24.00, 5.34, 148.35, -24.93, 0.14, 82.03, -51.38);
insert into SHOT values (3785, 3861, 3862, 5496, 2.38, 136.31, -8.00, 2.45, 135.34, -8.93, 0.09, 102.37, -33.49);
insert into SHOT values (3786, 3862, 3863, 5496, 2.34, 172.31, -17.00, 2.35, 171.51, -18.09, 0.06, 75.99, -55.50);
insert into SHOT values (3787, 3863, 3864, 5496, 5.39, 148.31, -25.00, 5.47, 147.28, -25.81, 0.14, 79.92, -46.97);
insert into SHOT values (3788, 3864, 3865, 5496, 4.45, 145.31, -26.00, 4.53, 144.46, -26.77, 0.12, 91.02, -50.45);
insert into SHOT values (3789, 3865, 3866, 5496, 3.85, 265.31, -2.00, 3.75, 265.55, -3.06, 0.13, 76.80, -31.38);
insert into SHOT values (3790, 3866, 3867, 5496, 3.04, 285.31, -13.00, 2.97, 285.92, -14.22, 0.10, 84.83, -27.86);
insert into SHOT values (3791, 3867, 3868, 5496, 2.80, 268.31, -43.00, 2.80, 268.57, -44.41, 0.07, 77.52, -46.38);
insert into SHOT values (3792, 3868, 3869, 5496, 2.45, 296.31, 14.00, 2.35, 297.01, 13.03, 0.11, 98.54, -34.28);
insert into SHOT values (3793, 3869, 3870, 5496, 2.04, 226.31, -16.00, 1.97, 225.86, -17.41, 0.09, 56.76, -18.82);
insert into SHOT values (3794, 3870, 3871, 5496, 2.02, 120.31, 7.00, 2.08, 119.54, 5.80, 0.08, 96.72, -27.46);
insert into SHOT values (3795, 3871, 3872, 5496, 3.67, 248.31, -36.00, 3.65, 248.13, -37.32, 0.09, 75.89, -36.64);
insert into SHOT values (3796, 3872, 3873, 5496, 2.35, 175.31, -23.00, 2.37, 174.42, -24.18, 0.06, 79.83, -56.97);
insert into SHOT values (3797, 3873, 3874, 5496, 3.01, 125.31, 2.00, 3.08, 124.67, 1.12, 0.09, 98.52, -30.63);
insert into SHOT values (3798, 3874, 3875, 5496, 3.43, 118.31, 9.00, 3.49, 117.60, 7.91, 0.10, 85.10, -36.05);
insert into SHOT values (3799, 3875, 3876, 5496, 2.03, 226.31, -24.00, 1.98, 225.68, -25.41, 0.07, 63.05, -19.58);
insert into SHOT values (3800, 3876, 3877, 5496, 1.40, 158.31, 13.00, 1.38, 156.86, 11.32, 0.06, 43.19, -49.95);
insert into SHOT values (3801, 3877, 3878, 5496, 4.33, 216.31, -11.00, 4.27, 215.74, -12.16, 0.11, 65.48, -41.11);
insert into SHOT values (3802, 3878, 3879, 5496, 4.87, 215.31, -8.00, 4.79, 214.66, -9.13, 0.14, 65.03, -37.40);
insert into SHOT values (3803, 3879, 3880, 5496, 2.38, 203.31, 8.00, 2.29, 202.50, 7.02, 0.10, 44.17, -29.68);
insert into SHOT values (3804, 3880, 3881, 5496, 1.68, 204.31, 19.00, 1.58, 203.50, 17.69, 0.11, 38.58, -37.74);
insert into SHOT values (3805, 3881, 3882, 5496, 3.02, 275.31, 4.00, 2.91, 275.73, 3.15, 0.12, 84.18, -24.67);
insert into SHOT values (3806, 3882, 3883, 5496, 2.55, 242.31, -27.00, 2.51, 242.16, -28.35, 0.07, 67.37, -25.75);
insert into SHOT values (3807, 3883, 3884, 5496, 2.26, 288.31, -29.00, 2.23, 289.09, -30.40, 0.07, 80.95, -30.94);
insert into SHOT values (3808, 3884, 3885, 5496, 4.87, 210.31, -43.00, 4.90, 209.79, -44.32, 0.12, 58.81, -55.72);
insert into SHOT values (3809, 3885, 3886, 5496, 8.21, 291.31, 11.00, 8.10, 292.16, 9.81, 0.24, 55.51, -52.47);
insert into SURVEY values (5498, 5190, 'alkatraz', 'alkatraz.monatip.sistem_prima', NULL);
 insert into CENTRELINE values (5499, 5498, NULL, NULL, NULL, 0.00, 0.00, 0.00);
 insert into SCRAPS values (5500, 5498, 'alkatrazp_1', 1);
 insert into SCRAPS values (5518, 5498, 'alkatrazp_2', 1);
 insert into MAPS values (5529, 5498, 'malkatrazp_1', NULL, 1, 94.500, 26.230);
 insert into MAPITEMS values (5529, 4, 5500);
 insert into MAPS values (5530, 5498, 'malkatrazp_2', NULL, 1, 94.500, 26.230);
 insert into MAPITEMS values (5530, 4, 5518);
 insert into CENTRELINE values (5532, 5498, NULL, '2016-07-18', NULL, 94.50, 0.00, 0.00);
 insert into TOPO values (2, 5532);
 insert into TOPO values (32, 5532);
 insert into SHOT values (3810, 3887, 3888, 5532, 5.00, 136.27, -10.00, 4.94, 137.16, -8.73, 0.15, 255.48, 53.87);
insert into SHOT values (3811, 3887, 3889, 5532, 6.45, 273.27, -3.00, 6.35, 273.80, -4.60, 0.21, 64.76, -54.65);
insert into SHOT values (3812, 3890, 3889, 5532, 10.90, 80.27, 48.00, 10.95, 80.46, 50.69, 0.51, 256.74, 45.90);
insert into SHOT values (3813, 3890, 3891, 5532, 13.65, 220.27, -27.00, 13.66, 219.33, -30.20, 0.79, 68.65, -58.63);
insert into SHOT values (3814, 3892, 3891, 5532, 8.30, 318.27, 5.00, 8.30, 318.29, 4.98, 0.00, 107.03, -45.09);
insert into SHOT values (3815, 3893, 3891, 5532, 26.20, 7.27, 18.00, 26.34, 4.00, 23.21, 2.77, 248.83, 55.48);
insert into SHOT values (3816, 3893, 3894, 5532, 24.00, 282.27, 6.00, 24.00, 282.29, 6.00, 0.01, 26.39, 11.16);
insert into SURVEY values (5534, 5190, 'doubletime', 'doubletime.monatip.sistem_prima', NULL);
 insert into CENTRELINE values (5535, 5534, NULL, NULL, NULL, 0.00, 0.00, 0.00);
 insert into SCRAPS values (5536, 5534, 'doubletimep_1', 1);
 insert into SCRAPS values (5551, 5534, 'doubletimep_2', 1);
 insert into SCRAPS values (5562, 5534, 'doubletimep_3', 1);
 insert into SCRAPS values (5575, 5534, 'doubletimep_4', 1);
 insert into MAPS values (5589, 5534, 'mdoubletimep_1', NULL, 1, 93.750, 54.860);
 insert into MAPITEMS values (5589, 4, 5536);
 insert into MAPS values (5590, 5534, 'mtherockp_2', NULL, 1, 93.750, 54.860);
 insert into MAPITEMS values (5590, 4, 5551);
 insert into MAPS values (5591, 5534, 'mdoubletimep_3', NULL, 1, 93.750, 54.860);
 insert into MAPITEMS values (5591, 4, 5562);
 insert into MAPS values (5592, 5534, 'mdoubletimep_4', NULL, 1, 93.750, 54.860);
 insert into MAPITEMS values (5592, 4, 5575);
 insert into CENTRELINE values (5595, 5534, NULL, '2008-08-07', NULL, 93.75, 0.00, 0.00);
 insert into TOPO values (49, 5595);
 insert into TOPO values (32, 5595);
 insert into SHOT values (3817, 3895, 3896, 5595, 11.80, 3.31, -44.00, 11.79, 3.31, -43.99, 0.01, 182.03, 59.84);
insert into SHOT values (3818, 3896, 3897, 5595, 22.50, 3.31, 90.00, 22.47, 315.00, 89.96, 0.03, 315.00, -64.76);
insert into SHOT values (3819, 3897, 3898, 5595, 3.76, 341.31, 42.00, 3.75, 341.24, 41.77, 0.02, 304.08, -70.73);
insert into SHOT values (3820, 3898, 3899, 5595, 3.84, 304.31, 9.00, 3.84, 304.36, 8.70, 0.02, 52.42, -80.40);
insert into SHOT values (3821, 3899, 3900, 5595, 4.53, 261.31, 45.00, 4.52, 261.21, 44.75, 0.02, 210.57, -73.14);
insert into SHOT values (3822, 3900, 3901, 5595, 3.86, 59.31, 59.00, 3.83, 59.04, 58.85, 0.03, 298.99, -69.03);
insert into SHOT values (3823, 3901, 3902, 5595, 4.43, 277.31, -5.00, 4.43, 277.29, -5.18, 0.01, 240.52, -77.29);
insert into SHOT values (3824, 3902, 3903, 5595, 6.55, 27.31, 73.00, 6.52, 27.37, 72.92, 0.03, 139.11, -86.47);
insert into SHOT values (3825, 3903, 3904, 5595, 1.58, 54.31, 44.00, 1.56, 54.05, 43.85, 0.02, 256.85, -52.55);
insert into SHOT values (3826, 3904, 3905, 5595, 2.46, 151.31, 58.00, 2.43, 151.25, 57.97, 0.03, 336.80, -60.61);
insert into SHOT values (3827, 3905, 3906, 5595, 1.54, 336.31, 61.00, 1.52, 335.88, 61.10, 0.02, 180.11, -51.01);
insert into SHOT values (3828, 3906, 3907, 5595, 2.77, 357.31, -3.00, 2.78, 357.31, -3.30, 0.02, 358.39, -65.51);
insert into SHOT values (3829, 3907, 3908, 5595, 0.95, 334.31, 42.00, 0.93, 334.54, 41.62, 0.02, 135.75, -61.08);
insert into SHOT values (3830, 3908, 3909, 5595, 2.28, 49.31, 63.00, 2.26, 49.34, 62.91, 0.02, 225.12, -72.29);
insert into SHOT values (3831, 3909, 3910, 5595, 5.11, 19.31, 34.00, 5.10, 19.29, 33.73, 0.03, 335.09, -85.52);
insert into SHOT values (3832, 3910, 3911, 5595, 2.28, 16.31, -10.00, 2.29, 16.26, -10.33, 0.01, 353.31, -70.32);
insert into SHOT values (3833, 3911, 3912, 5595, 3.76, 72.31, 8.00, 3.75, 72.30, 7.81, 0.02, 259.22, -60.62);
insert into SHOT values (3834, 3912, 3913, 5595, 5.85, 37.31, 57.00, 5.83, 37.23, 56.83, 0.03, 348.24, -77.14);
insert into SHOT values (3835, 3913, 3914, 5595, 3.90, 295.31, 36.00, 3.88, 295.18, 35.78, 0.02, 165.58, -67.66);
insert into SURVEY values (5602, 5190, 'therock', 'therock.monatip.sistem_prima', NULL);
 insert into CENTRELINE values (5603, 5602, NULL, NULL, NULL, 0.00, 0.00, 0.00);
 insert into SCRAPS values (5604, 5602, 'therockp_1', 1);
 insert into SCRAPS values (5625, 5602, 'therockp_2', 1);
 insert into SCRAPS values (5637, 5602, 'therockp_3', 1);
 insert into MAPS values (5657, 5602, 'mtherockp_1', NULL, 1, 129.350, 33.900);
 insert into MAPITEMS values (5657, 4, 5604);
 insert into MAPS values (5658, 5602, 'mtherockp_2', NULL, 1, 129.350, 33.900);
 insert into MAPITEMS values (5658, 4, 5625);
 insert into MAPS values (5659, 5602, 'mtherock_3', NULL, 1, 129.350, 33.900);
 insert into MAPITEMS values (5659, 4, 5637);
 insert into CENTRELINE values (5661, 5602, NULL, '2016-07-19', NULL, 129.35, 0.00, 0.00);
 insert into TOPO values (16, 5661);
 insert into TOPO values (20, 5661);
 insert into SHOT values (3836, 3915, 3916, 5661, 6.03, 38.27, -38.00, 6.03, 38.25, -38.07, 0.01, 263.82, -66.18);
insert into SHOT values (3837, 3916, 3917, 5661, 5.88, 219.27, -36.00, 5.87, 219.28, -35.97, 0.01, 27.80, 65.09);
insert into SHOT values (3838, 3915, 3918, 5661, 6.69, 101.27, 17.00, 6.68, 101.74, 19.52, 0.30, 255.64, 66.72);
insert into SHOT values (3839, 3918, 3919, 5661, 6.14, 148.27, 46.00, 6.27, 149.25, 47.69, 0.24, 268.53, 69.63);
insert into SHOT values (3840, 3919, 3920, 5661, 3.41, 197.27, 57.00, 3.63, 197.97, 57.56, 0.22, 212.36, 65.64);
insert into SHOT values (3841, 3920, 3921, 5661, 3.46, 131.27, 30.00, 3.52, 132.16, 31.71, 0.13, 223.83, 68.93);
insert into SHOT values (3842, 3921, 3922, 5661, 3.19, 10.27, 53.00, 3.34, 9.46, 54.31, 0.17, 324.13, 76.75);
insert into SHOT values (3843, 3922, 3923, 5661, 2.63, 95.27, 34.00, 2.68, 95.58, 36.18, 0.11, 245.62, 78.01);
insert into SHOT values (3844, 3923, 3924, 5661, 3.35, 153.27, 3.00, 3.35, 154.28, 4.79, 0.12, 248.03, 60.68);
insert into SHOT values (3845, 3924, 3925, 5661, 3.89, 206.27, -22.00, 3.88, 206.92, -20.05, 0.14, 253.45, 66.34);
insert into SHOT values (3846, 3925, 3926, 5661, 10.12, 174.27, -48.00, 9.98, 175.31, -45.68, 0.45, 206.46, 58.09);
insert into SHOT values (3847, 3926, 3927, 5661, 16.26, 146.27, -8.00, 16.26, 148.47, -3.35, 1.46, 225.12, 64.19);
insert into SHOT values (3848, 3927, 3928, 5661, 7.60, 105.27, -22.00, 7.45, 105.92, -20.02, 0.31, 226.75, 72.63);
insert into SHOT values (3849, 3928, 3929, 5661, 7.34, 48.27, -23.00, 7.32, 48.29, -22.16, 0.11, 53.01, 78.61);
insert into SHOT values (3850, 3929, 3930, 5661, 3.21, 19.27, -55.00, 3.16, 19.13, -54.64, 0.05, 224.15, 77.33);
insert into SHOT values (3851, 3930, 3931, 5661, 2.63, 232.27, -53.00, 2.57, 232.03, -52.59, 0.06, 68.83, 68.77);
insert into SHOT values (3852, 3931, 3932, 5661, 1.86, 270.27, -17.00, 1.84, 270.32, -16.07, 0.03, 80.27, 75.36);
insert into SHOT values (3853, 3932, 3933, 5661, 4.83, 234.27, -25.00, 4.79, 234.34, -24.55, 0.06, 40.52, 67.62);
insert into SHOT values (3854, 3933, 3934, 5661, 5.47, 219.27, -39.00, 5.42, 219.27, -38.41, 0.07, 51.31, 88.98);
insert into SHOT values (3855, 3934, 3935, 5661, 5.63, 215.27, -32.00, 5.58, 215.26, -31.42, 0.07, 42.41, 81.70);
insert into SHOT values (3856, 3935, 3936, 5661, 2.76, 4.27, -90.00, 2.69, 90.00, -90.00, 0.07, 4.27, 90.00);
insert into SHOT values (3857, 3936, 3937, 5661, 4.24, 232.27, -31.00, 4.20, 232.40, -30.46, 0.06, 18.43, 74.83);
insert into SHOT values (3858, 3937, 3938, 5661, 6.64, 144.27, -9.00, 6.63, 144.18, -8.24, 0.09, 68.75, 82.71);
insert into SHOT values (3859, 3938, 3939, 5661, 6.09, 252.27, 28.00, 6.12, 252.34, 28.69, 0.08, 14.61, 84.78);
insert into SURVEY values (5663, 5190, 'cloacamaxima', 'cloacamaxima.monatip.sistem_prima', NULL);
 insert into CENTRELINE values (5664, 5663, NULL, NULL, NULL, 0.00, 0.00, 0.00);
 insert into SCRAPS values (5665, 5663, 'cloacamaximap_1', 1);
 insert into SCRAPS values (5679, 5663, 'cloacamaximap_2', 1);
 insert into SCRAPS values (5693, 5663, 'cloacamaximap_3', 1);
 insert into SCRAPS values (5712, 5663, 'cloacamaximap_4', 1);
 insert into SCRAPS values (5736, 5663, 'cloacamaximap_5', 1);
 insert into MAPS values (5743, 5663, 'mcloacamaximap_1', NULL, 1, 335.610, 86.590);
 insert into MAPITEMS values (5743, 4, 5665);
 insert into MAPS values (5744, 5663, 'mcloacamaximap_2', NULL, 1, 335.610, 86.590);
 insert into MAPITEMS values (5744, 4, 5679);
 insert into MAPS values (5745, 5663, 'mcloacamaximap_3', NULL, 1, 335.610, 86.590);
 insert into MAPITEMS values (5745, 4, 5693);
 insert into MAPS values (5746, 5663, 'mcloacamaximap_4', NULL, 1, 335.610, 86.590);
 insert into MAPITEMS values (5746, 4, 5712);
 insert into MAPS values (5747, 5663, 'mcloacamaximap_5', NULL, 1, 335.610, 86.590);
 insert into MAPITEMS values (5747, 4, 5736);
 insert into CENTRELINE values (5752, 5663, NULL, '2016-07-30', NULL, 335.61, 0.00, 30.71);
 insert into TOPO values (17, 5752);
 insert into TOPO values (25, 5752);
 insert into EXPLO values (17, 5752);
 insert into EXPLO values (25, 5752);
 insert into SHOT values (3860, 3940, 3941, 5752, 1.20, 292.28, 3.00, 1.20, 292.07, 2.87, 0.01, 194.29, -32.32);
insert into SHOT values (3861, 3941, 3942, 5752, 30.10, 4.28, -90.00, 30.10, 90.00, -90.00, 0.00, 4.28, 41.31);
insert into SHOT values (3862, 3943, 3940, 5752, 5.34, 224.28, -45.00, 5.33, 224.25, -45.01, 0.01, 60.72, 40.23);
insert into SHOT values (3863, 3943, 3944, 5752, 4.06, 89.28, 9.00, 4.06, 89.29, 9.07, 0.00, 150.71, 82.74);
insert into SHOT values (3864, 3945, 3944, 5752, 4.38, 218.28, -9.00, 4.38, 218.25, -8.93, 0.01, 181.49, 52.60);
insert into SHOT values (3865, 3945, 3946, 5752, 3.72, 341.28, 6.00, 3.71, 341.37, 6.03, 0.01, 117.23, 7.79);
insert into SHOT values (3866, 3947, 3946, 5752, 4.62, 277.28, -7.00, 4.62, 277.26, -6.96, 0.00, 236.80, 61.49);
insert into SHOT values (3867, 3947, 3948, 5752, 3.55, 54.28, 23.00, 3.55, 54.22, 23.05, 0.00, 304.92, 38.61);
insert into SHOT values (3868, 3949, 3948, 5752, 3.65, 166.28, -31.00, 3.65, 166.32, -31.00, 0.00, 253.53, -2.82);
insert into SHOT values (3869, 3949, 3950, 5752, 2.65, 114.28, 1.00, 2.65, 114.34, 1.08, 0.01, 263.64, 35.26);
insert into SHOT values (3870, 3951, 3950, 5752, 7.39, 237.28, -9.00, 7.39, 237.31, -8.96, 0.01, 6.88, 47.01);
insert into SHOT values (3871, 3951, 3952, 5752, 38.50, 4.28, 90.00, 38.50, 90.00, 90.00, 0.00, 4.28, 0.00);
insert into SHOT values (3872, 3953, 3954, 5752, 5.02, 315.28, -2.00, 5.02, 315.24, -2.06, 0.01, 176.70, -45.74);
insert into SHOT values (3873, 3954, 3955, 5752, 11.80, 326.28, -45.00, 11.80, 326.23, -44.97, 0.01, 270.61, 26.41);
insert into SHOT values (3874, 3951, 3955, 5752, 6.27, 202.28, -5.00, 6.27, 202.30, -4.94, 0.01, 267.45, 72.00);
insert into SHOT values (3875, 3951, 3956, 5752, 8.31, 21.28, 31.00, 8.31, 21.31, 30.99, 0.01, 63.86, 0.34);
insert into SHOT values (3876, 3957, 3956, 5752, 2.81, 210.28, -10.00, 2.81, 210.18, -10.05, 0.01, 91.93, -21.27);
insert into SHOT values (3877, 3957, 3958, 5752, 7.77, 30.28, 12.00, 7.77, 30.28, 12.04, 0.01, 209.67, 48.60);
insert into SHOT values (3878, 3959, 3958, 5752, 2.55, 223.28, -11.00, 2.56, 223.23, -10.82, 0.01, 207.72, 37.35);
insert into SHOT values (3879, 3959, 3960, 5752, 5.60, 143.28, 4.00, 5.60, 143.29, 3.99, 0.00, 187.01, -15.45);
insert into SHOT values (3880, 3958, 3961, 5752, 21.48, 340.28, 8.00, 21.48, 340.30, 8.00, 0.01, 49.96, 3.04);
insert into SHOT values (3881, 3962, 3961, 5752, 5.77, 185.28, -13.00, 5.77, 185.20, -12.92, 0.01, 103.53, 47.28);
insert into SHOT values (3882, 3962, 3963, 5752, 10.33, 324.28, 9.00, 10.32, 324.30, 9.03, 0.01, 114.92, 27.68);
insert into SHOT values (3883, 3964, 3963, 5752, 4.72, 127.28, -10.00, 4.72, 127.22, -10.01, 0.01, 13.75, -3.93);
insert into SHOT values (3884, 3964, 3965, 5752, 16.75, 4.28, -90.00, 16.75, 90.00, -90.00, 0.00, 4.28, 0.00);
insert into SHOT values (3885, 3966, 3962, 5752, 2.84, 279.28, -7.00, 2.85, 279.36, -7.06, 0.01, 304.57, -21.72);
insert into SHOT values (3886, 3966, 3967, 5752, 3.00, 1.28, 8.00, 3.00, 1.16, 8.05, 0.01, 269.40, 21.65);
insert into SHOT values (3887, 3968, 3967, 5752, 5.38, 233.28, -20.00, 5.38, 233.29, -20.01, 0.00, 37.84, 1.07);
insert into SHOT values (3888, 3968, 3969, 5752, 4.41, 18.28, 17.00, 4.42, 18.35, 16.98, 0.01, 53.32, 4.00);
insert into SHOT values (3889, 3970, 3969, 5752, 6.53, 256.28, -14.00, 6.52, 256.29, -14.01, 0.01, 59.98, -2.39);
insert into SHOT values (3890, 3970, 3971, 5752, 2.29, 333.28, 6.00, 2.29, 333.43, 6.01, 0.01, 35.28, 5.08);
insert into SHOT values (3891, 3972, 3971, 5752, 4.18, 123.28, 64.00, 4.18, 123.17, 64.07, 0.01, 340.58, 27.83);
insert into SHOT values (3892, 3972, 3973, 5752, 5.70, 27.28, 7.00, 5.70, 27.24, 6.95, 0.01, 299.63, -54.65);
insert into SHOT values (3893, 3974, 3973, 5752, 5.07, 146.28, -33.00, 5.08, 146.31, -33.07, 0.01, 190.03, -68.34);
insert into SHOT values (3894, 3974, 3975, 5752, 6.00, 19.28, 17.00, 5.99, 19.26, 16.98, 0.01, 215.42, -29.47);
insert into SHOT values (3895, 3976, 3975, 5752, 3.54, 208.28, -22.00, 3.54, 208.36, -22.05, 0.01, 276.01, -37.47);
insert into SHOT values (3896, 3976, 3977, 5752, 1.96, 309.28, 14.00, 1.96, 309.46, 13.87, 0.01, 19.57, -33.12);
insert into SHOT values (3897, 3978, 3977, 5752, 27.22, 192.28, -14.00, 27.21, 192.27, -14.01, 0.01, 41.24, -26.51);
insert into SHOT values (3898, 3978, 3979, 5752, 8.58, 17.28, 12.00, 8.58, 17.25, 11.97, 0.01, 337.09, -29.98);
insert into SHOT values (3899, 3980, 3979, 5752, 2.19, 240.28, -16.00, 2.19, 240.39, -15.91, 0.01, 334.32, 41.39);
insert into SHOT values (3900, 3980, 3981, 5752, 9.08, 24.28, 10.00, 9.08, 24.30, 10.02, 0.00, 110.21, 42.36);
insert into SHOT values (3901, 3982, 3981, 5752, 2.97, 295.28, 31.00, 2.97, 295.15, 31.05, 0.01, 164.04, 2.62);
insert into SHOT values (3902, 3982, 3983, 5752, 1.61, 74.28, -27.00, 1.61, 74.22, -26.98, 0.00, 326.47, 30.98);
insert into SHOT values (3903, 3983, 3984, 5752, 6.54, 6.28, 16.00, 6.52, 0.00, 17.32, 0.70, 267.59, 11.29);
insert into SHOT values (3904, 3985, 3984, 5752, 4.04, 192.28, -40.00, 4.00, 186.91, -41.53, 0.31, 79.73, -9.95);
insert into SHOT values (3905, 3985, 3986, 5752, 4.14, 0.28, 17.00, 4.17, 355.08, 17.89, 0.37, 268.56, 10.96);
insert into SHOT values (3906, 3987, 3986, 5752, 2.50, 121.28, 18.00, 2.95, 118.64, 15.93, 0.48, 105.33, 4.51);
insert into SHOT_FLAG values(3906, 'dpl');
insert into SHOT values (3907, 3987, 3988, 5752, 1.92, 308.28, 6.00, 2.38, 305.03, 6.50, 0.48, 291.88, 8.30);
insert into SHOT_FLAG values(3907, 'dpl');
insert into SHOT values (3908, 3989, 3988, 5752, 3.82, 158.28, -6.00, 4.05, 153.56, -6.67, 0.40, 100.43, -10.27);
insert into SHOT_FLAG values(3908, 'dpl');
insert into SHOT values (3909, 3989, 3990, 5752, 3.95, 315.28, 7.00, 4.38, 311.73, 7.48, 0.50, 282.23, 10.20);
insert into SHOT_FLAG values(3909, 'dpl');
insert into SHOT values (3910, 3991, 3990, 5752, 12.48, 179.28, -68.00, 12.58, 173.65, -68.95, 0.51, 67.28, -19.44);
insert into SHOT_FLAG values(3910, 'dpl');
insert into SHOT values (3911, 3991, 3992, 5752, 6.04, 329.28, -30.00, 6.27, 324.45, -27.56, 0.57, 272.39, 12.13);
insert into SHOT_FLAG values(3911, 'dpl');
insert into STATION values (1, '2', 24, 404215.92, 5122572.83, 1567.57);
insert into STATION values (2, '1', 24, 404215.77, 5122570.25, 1565.18);
insert into STATION values (3, '3', 24, 404216.40, 5122579.29, 1570.19);
insert into STATION values (4, '4', 24, 404215.43, 5122577.85, 1571.87);
insert into STATION values (5, '5', 24, 404216.03, 5122580.58, 1574.38);
insert into STATION values (6, '6', 24, 404216.99, 5122584.64, 1574.39);
insert into STATION values (7, '7', 24, 404221.30, 5122591.57, 1573.71);
insert into STATION values (8, '8', 24, 404223.12, 5122594.04, 1572.60);
insert into STATION values (9, '9', 24, 404222.89, 5122597.87, 1574.47);
insert into STATION values (10, '10', 24, 404225.23, 5122605.11, 1577.57);
insert into STATION values (11, '11', 24, 404225.69, 5122608.21, 1577.47);
insert into STATION values (12, '12', 24, 404229.21, 5122607.51, 1572.90);
insert into STATION values (13, '13', 24, 404233.19, 5122605.06, 1574.20);
insert into STATION values (14, '14', 24, 404233.15, 5122605.08, 1578.82);
insert into STATION values (15, '15', 24, 404234.11, 5122607.43, 1579.47);
insert into STATION values (16, '16', 24, 404236.34, 5122607.39, 1580.49);
insert into STATION values (17, '17', 24, 404235.73, 5122601.45, 1579.98);
insert into STATION values (18, '18', 24, 404235.70, 5122601.47, 1582.74);
insert into STATION values (19, '19', 24, 404235.91, 5122603.73, 1583.31);
insert into STATION values (20, '20', 24, 404235.87, 5122603.74, 1586.37);
insert into STATION values (21, '21', 24, 404233.61, 5122605.13, 1585.38);
insert into STATION values (22, '22', 24, 404236.92, 5122607.00, 1584.65);
insert into STATION values (23, '23', 24, 404236.90, 5122610.09, 1584.39);
insert into STATION values (24, '24', 24, 404242.13, 5122608.36, 1584.41);
insert into STATION values (25, '25', 24, 404247.02, 5122609.61, 1581.42);
insert into STATION values (26, '26', 24, 404244.60, 5122617.25, 1582.26);
insert into STATION values (27, '27', 24, 404241.80, 5122620.27, 1580.93);
insert into STATION values (28, '28', 24, 404242.49, 5122624.06, 1579.68);
insert into STATION values (29, '29', 24, 404240.79, 5122625.66, 1582.74);
insert into STATION values (30, '30', 24, 404233.45, 5122639.43, 1586.47);
insert into STATION values (31, '31', 24, 404232.09, 5122637.14, 1585.49);
insert into STATION values (32, '32', 24, 404234.46, 5122632.99, 1574.70);
insert into STATION values (33, '1', 168, 404234.46, 5122632.99, 1574.70);
insert into STATION values (34, '2', 168, 404236.82, 5122638.15, 1573.59);
insert into STATION values (35, '3', 168, 404230.49, 5122647.77, 1573.52);
insert into STATION values (36, '4', 168, 404231.36, 5122650.38, 1593.75);
insert into STATION values (37, '5', 168, 404231.33, 5122654.53, 1595.33);
insert into STATION values (38, '6', 168, 404229.95, 5122656.79, 1596.23);
insert into STATION values (39, '7', 168, 404226.87, 5122656.11, 1598.34);
insert into STATION values (40, '8', 168, 404224.60, 5122657.98, 1599.02);
insert into STATION values (41, '9', 168, 404227.52, 5122661.59, 1600.86);
insert into STATION values (42, '10', 168, 404224.29, 5122656.56, 1605.13);
insert into STATION values (43, '11', 168, 404221.43, 5122660.28, 1605.95);
insert into STATION values (44, '12', 168, 404227.89, 5122668.42, 1607.61);
insert into STATION values (45, '13', 168, 404225.11, 5122677.56, 1613.45);
insert into STATION values (46, '14', 168, 404224.46, 5122682.54, 1621.17);
insert into STATION values (47, '15', 168, 404224.99, 5122690.87, 1638.20);
insert into STATION values (48, '16', 168, 404226.72, 5122693.00, 1641.32);
insert into STATION values (49, '17', 168, 404226.16, 5122694.01, 1641.52);
insert into STATION values (50, '18', 168, 404220.91, 5122697.35, 1644.31);
insert into STATION values (51, '19', 168, 404219.69, 5122699.50, 1644.05);
insert into STATION values (52, '20', 168, 404217.78, 5122703.71, 1665.26);
insert into STATION values (53, '21', 168, 404221.53, 5122706.65, 1666.69);
insert into STATION values (54, '21b', 168, 404219.99, 5122711.01, 1669.26);
insert into STATION values (55, '22', 168, 404219.21, 5122713.20, 1670.56);
insert into STATION values (56, '23', 168, 404211.58, 5122717.18, 1667.28);
insert into STATION values (57, '24', 168, 404213.81, 5122726.32, 1681.49);
insert into STATION values (58, '25', 168, 404213.69, 5122728.97, 1691.52);
insert into STATION values (59, '26', 168, 404213.63, 5122730.56, 1692.25);
insert into STATION values (60, '27', 168, 404212.56, 5122731.91, 1693.52);
insert into STATION values (61, '28', 168, 404215.30, 5122733.44, 1695.24);
insert into STATION values (62, '29', 168, 404215.32, 5122736.43, 1699.85);
insert into STATION values (63, '30', 168, 404213.68, 5122740.19, 1701.69);
insert into STATION values (64, '31', 168, 404209.54, 5122741.55, 1701.14);
insert into STATION values (65, '32', 168, 404204.64, 5122740.10, 1698.70);
insert into STATION values (66, '33', 168, 404200.40, 5122743.23, 1700.32);
insert into STATION values (67, '34', 168, 404212.04, 5122768.09, 1721.00);
insert into STATION values (68, '35', 168, 404208.25, 5122767.67, 1721.00);
insert into STATION_FLAG values(68, 'fix');
insert into STATION values (69, '1', 404, 404188.43, 5122385.20, 1443.85);
insert into STATION values (70, '2', 404, 404188.85, 5122388.34, 1485.31);
insert into STATION values (71, '3', 404, 404195.84, 5122393.82, 1494.71);
insert into STATION values (72, '4', 404, 404202.58, 5122399.53, 1494.63);
insert into STATION values (73, '5', 404, 404208.35, 5122404.20, 1494.58);
insert into STATION values (74, '6', 404, 404210.92, 5122408.93, 1498.74);
insert into STATION values (75, '7', 404, 404212.17, 5122411.65, 1502.05);
insert into STATION values (76, '8', 404, 404218.29, 5122418.19, 1505.02);
insert into STATION values (77, '9', 404, 404222.48, 5122421.64, 1504.98);
insert into STATION values (78, '10', 404, 404227.58, 5122426.85, 1503.45);
insert into STATION values (79, '11', 404, 404227.60, 5122427.01, 1510.21);
insert into STATION values (80, '12', 404, 404233.37, 5122432.55, 1513.65);
insert into STATION values (81, '13', 404, 404241.29, 5122440.35, 1515.37);
insert into STATION values (82, '14', 404, 404244.17, 5122443.78, 1516.90);
insert into STATION values (83, '15', 404, 404237.11, 5122450.15, 1519.42);
insert into STATION values (84, '16', 404, 404231.03, 5122461.20, 1516.69);
insert into STATION values (85, '17', 404, 404231.17, 5122471.03, 1520.28);
insert into STATION values (86, '18', 404, 404233.63, 5122472.99, 1521.70);
insert into STATION values (87, '19', 404, 404233.95, 5122477.13, 1521.72);
insert into STATION values (88, '20', 404, 404236.07, 5122480.62, 1521.73);
insert into STATION values (89, '21', 404, 404236.84, 5122486.62, 1521.75);
insert into STATION values (90, '22', 404, 404231.05, 5122496.39, 1526.26);
insert into STATION values (91, '23', 404, 404221.85, 5122512.70, 1523.62);
insert into STATION values (92, '24', 404, 404227.91, 5122514.75, 1538.82);
insert into STATION values (93, '25', 404, 404224.32, 5122520.24, 1541.57);
insert into STATION values (94, '26', 404, 404220.70, 5122521.39, 1545.96);
insert into STATION values (95, '27', 404, 404223.67, 5122526.72, 1548.21);
insert into STATION values (96, '28', 404, 404223.23, 5122537.58, 1548.27);
insert into STATION values (97, '29', 404, 404223.52, 5122542.42, 1550.04);
insert into STATION values (98, '30', 404, 404220.55, 5122545.61, 1552.32);
insert into STATION values (99, '31', 404, 404216.20, 5122550.29, 1559.63);
insert into STATION values (100, '32', 404, 404215.21, 5122553.28, 1562.06);
insert into STATION values (101, '33', 404, 404219.48, 5122563.11, 1562.13);
insert into STATION values (102, '34', 404, 404215.77, 5122570.25, 1565.18);
insert into STATION values (103, '1', 591, 404128.86, 5122311.90, 1282.63);
insert into STATION values (104, '2', 591, 404128.86, 5122311.90, 1295.23);
insert into STATION values (105, '3', 591, 404123.84, 5122316.04, 1306.49);
insert into STATION values (106, '4', 591, 404123.80, 5122317.19, 1330.35);
insert into STATION values (107, '5', 591, 404134.91, 5122320.39, 1346.62);
insert into STATION values (108, '6', 591, 404138.43, 5122322.08, 1346.53);
insert into STATION values (109, '7', 591, 404141.65, 5122327.01, 1364.95);
insert into STATION values (110, '8', 591, 404152.08, 5122324.99, 1365.84);
insert into STATION values (111, '9', 591, 404154.81, 5122328.52, 1368.88);
insert into STATION values (112, '10', 591, 404159.07, 5122341.36, 1386.33);
insert into STATION values (113, '11', 591, 404159.13, 5122342.14, 1405.12);
insert into STATION values (114, '12', 591, 404153.42, 5122345.98, 1410.90);
insert into STATION values (115, '13', 591, 404153.49, 5122347.04, 1432.89);
insert into STATION values (116, '14', 591, 404158.81, 5122348.49, 1432.85);
insert into STATION values (117, '15', 591, 404163.41, 5122353.84, 1432.80);
insert into STATION values (118, '16', 591, 404160.26, 5122358.61, 1435.66);
insert into STATION values (119, '17', 591, 404162.01, 5122371.78, 1436.54);
insert into STATION values (120, '18', 591, 404163.78, 5122369.19, 1438.26);
insert into STATION values (121, '19', 591, 404167.60, 5122373.60, 1442.78);
insert into STATION values (122, '20', 591, 404170.75, 5122372.64, 1445.27);
insert into STATION values (123, '21', 591, 404177.06, 5122375.00, 1444.06);
insert into STATION values (124, '22', 591, 404188.43, 5122385.20, 1443.85);
insert into STATION values (125, '1', 753, 404239.05, 5122617.78, 1556.08);
insert into STATION values (126, '2', 753, 404236.06, 5122620.99, 1560.48);
insert into STATION values (127, '3', 753, 404236.90, 5122624.17, 1565.60);
insert into STATION values (128, '4', 753, 404238.30, 5122630.43, 1572.58);
insert into STATION values (129, '5', 753, 404234.46, 5122632.99, 1574.70);
insert into STATION values (130, '1', 801, 404239.05, 5122617.78, 1556.08);
insert into STATION values (131, '2', 801, 404244.82, 5122620.79, 1559.45);
insert into STATION values (132, '3', 801, 404247.59, 5122621.49, 1558.99);
insert into STATION values (133, '4', 801, 404247.21, 5122616.97, 1556.34);
insert into STATION values (134, '5', 801, 404248.68, 5122610.11, 1554.28);
insert into STATION values (135, '6', 801, 404252.62, 5122604.92, 1553.92);
insert into STATION values (136, '7', 801, 404256.28, 5122601.12, 1553.16);
insert into STATION values (137, '8', 801, 404262.19, 5122599.27, 1555.16);
insert into STATION values (138, '9', 801, 404262.30, 5122594.14, 1553.52);
insert into STATION values (139, '10', 801, 404265.67, 5122589.96, 1553.61);
insert into STATION values (140, '11', 801, 404269.06, 5122586.79, 1554.92);
insert into STATION values (141, '12', 801, 404273.24, 5122584.41, 1554.91);
insert into STATION values (142, '1', 915, 404244.17, 5122443.78, 1516.90);
insert into STATION values (143, '2', 915, 404253.10, 5122452.09, 1519.39);
insert into STATION values (144, '3', 915, 404260.33, 5122454.96, 1519.36);
insert into STATION values (145, '4', 915, 404258.65, 5122462.01, 1519.59);
insert into STATION values (146, '5', 915, 404252.02, 5122468.96, 1518.51);
insert into STATION values (147, '6', 915, 404259.66, 5122481.89, 1521.04);
insert into STATION values (148, '7', 915, 404263.22, 5122489.24, 1518.98);
insert into STATION values (149, '8', 915, 404263.26, 5122490.41, 1518.83);
insert into STATION values (150, '9', 915, 404268.01, 5122495.58, 1523.66);
insert into STATION values (151, '10', 915, 404265.30, 5122503.78, 1525.97);
insert into STATION values (152, '11', 915, 404260.10, 5122511.34, 1526.91);
insert into STATION values (153, '12', 915, 404257.72, 5122510.53, 1526.86);
insert into STATION values (154, '13', 915, 404255.47, 5122521.09, 1529.43);
insert into STATION values (155, '14', 915, 404263.83, 5122527.67, 1535.88);
insert into STATION values (156, '15', 915, 404264.64, 5122530.41, 1540.45);
insert into STATION values (157, '16', 915, 404264.79, 5122535.98, 1541.52);
insert into STATION values (158, '17', 915, 404271.08, 5122538.87, 1543.19);
insert into STATION values (159, '18', 915, 404270.48, 5122546.95, 1547.88);
insert into STATION values (160, '19', 915, 404271.76, 5122553.69, 1548.94);
insert into STATION values (161, '20', 915, 404276.77, 5122562.04, 1551.31);
insert into STATION values (162, '21', 915, 404278.80, 5122563.00, 1551.65);
insert into STATION values (163, '22', 915, 404278.45, 5122568.84, 1552.05);
insert into STATION values (164, '23', 915, 404281.53, 5122568.85, 1552.30);
insert into STATION values (165, '24', 915, 404279.05, 5122577.97, 1552.26);
insert into STATION values (166, '25', 915, 404276.33, 5122579.19, 1553.42);
insert into STATION values (167, '26', 915, 404273.27, 5122582.85, 1553.41);
insert into STATION values (168, '27', 915, 404273.24, 5122584.41, 1554.91);
insert into STATION values (169, '28', 915, 404271.18, 5122586.92, 1554.91);
insert into STATION values (170, '29', 915, 404275.17, 5122588.65, 1553.99);
insert into STATION values (171, '30', 915, 404282.64, 5122583.68, 1551.75);
insert into STATION values (172, '31', 915, 404286.49, 5122586.31, 1552.91);
insert into STATION values (173, '32', 915, 404289.17, 5122585.46, 1553.61);
insert into STATION values (174, '33', 915, 404294.69, 5122577.68, 1551.59);
insert into STATION values (175, '1', 1095, 404219.18, 5122499.58, 1470.66);
insert into STATION values (176, '2', 1095, 404219.18, 5122499.58, 1498.26);
insert into STATION values (177, '3', 1095, 404219.61, 5122501.11, 1499.55);
insert into STATION values (178, '4', 1095, 404221.41, 5122504.87, 1502.58);
insert into STATION values (179, '5', 1095, 404224.21, 5122507.51, 1503.19);
insert into STATION values (180, '6', 1095, 404222.76, 5122511.64, 1505.71);
insert into STATION values (181, '7', 1095, 404227.48, 5122518.22, 1505.99);
insert into STATION values (182, '8', 1095, 404228.78, 5122523.18, 1509.20);
insert into STATION values (183, '9', 1095, 404236.99, 5122525.28, 1507.24);
insert into STATION values (184, '10', 1095, 404242.42, 5122530.07, 1510.54);
insert into STATION values (185, '11', 1095, 404246.44, 5122543.52, 1510.17);
insert into STATION values (186, '12', 1095, 404261.49, 5122550.35, 1510.68);
insert into STATION values (187, '13', 1095, 404272.47, 5122550.42, 1511.83);
insert into STATION values (188, '14', 1095, 404284.79, 5122552.29, 1510.97);
insert into STATION values (189, '15', 1095, 404289.90, 5122563.35, 1510.91);
insert into STATION values (190, '16', 1095, 404292.96, 5122565.63, 1513.66);
insert into STATION values (191, '17', 1095, 404297.38, 5122564.62, 1513.66);
insert into STATION values (192, '18', 1095, 404297.37, 5122564.26, 1534.95);
insert into STATION values (193, '19', 1095, 404297.45, 5122565.85, 1538.93);
insert into STATION values (194, '20', 1095, 404301.08, 5122575.71, 1539.47);
insert into STATION values (195, '21', 1095, 404301.08, 5122575.68, 1544.97);
insert into STATION values (196, '22', 1095, 404297.10, 5122574.64, 1548.96);
insert into STATION values (197, '23', 1095, 404292.95, 5122579.51, 1549.29);
insert into STATION values (198, '24', 1095, 404289.80, 5122585.90, 1551.48);
insert into STATION values (199, '25', 1095, 404284.22, 5122587.33, 1551.07);
insert into STATION values (200, '26', 1095, 404280.17, 5122584.41, 1550.81);
insert into STATION values (201, '27', 1095, 404272.68, 5122589.55, 1554.89);
insert into STATION values (202, '28', 1095, 404270.32, 5122586.75, 1554.90);
insert into STATION values (203, '29', 1095, 404273.24, 5122584.41, 1554.91);
insert into STATION values (204, '2', 1301, 404226.62, 5122716.99, 1672.01);
insert into STATION values (205, '1', 1301, 404227.87, 5122715.02, 1664.36);
insert into STATION values (206, '3', 1301, 404228.49, 5122717.76, 1677.02);
insert into STATION values (207, '4', 1301, 404233.94, 5122719.26, 1683.76);
insert into STATION values (208, '5', 1301, 404234.13, 5122722.25, 1683.92);
insert into STATION values (209, '6', 1301, 404237.23, 5122723.53, 1686.93);
insert into STATION values (210, '7', 1301, 404243.90, 5122732.19, 1692.99);
insert into STATION values (211, '7a', 1301, 404243.90, 5122732.19, 1712.99);
insert into STATION values (212, '8', 1301, 404243.90, 5122732.19, 1721.49);
insert into STATION values (213, '9', 1301, 404243.88, 5122735.70, 1730.64);
insert into STATION values (214, '10', 1301, 404241.40, 5122740.48, 1730.17);
insert into STATION values (215, '11', 1301, 404238.37, 5122746.09, 1729.61);
insert into STATION values (216, '12', 1301, 404239.36, 5122747.47, 1729.61);
insert into STATION values (217, '13', 1301, 404237.42, 5122749.75, 1729.61);
insert into STATION values (218, '14', 1301, 404226.50, 5122764.05, 1728.98);
insert into STATION values (219, '15', 1301, 404212.04, 5122768.09, 1721.00);
insert into STATION values (220, '10a', 1301, 404241.40, 5122740.48, 1719.17);
insert into STATION values (221, '10b', 1301, 404243.85, 5122732.13, 1710.47);
insert into STATION values (222, '1', 1367, 404228.07, 5122847.14, 1616.75);
insert into STATION values (223, '0', 1367, 404208.58, 5122857.83, 1636.76);
insert into STATION values (224, '2', 1367, 404218.43, 5122833.75, 1612.64);
insert into STATION values (225, '3', 1367, 404204.96, 5122826.52, 1600.70);
insert into STATION values (226, '4', 1367, 404212.90, 5122809.69, 1593.93);
insert into STATION values (227, '5', 1367, 404212.79, 5122807.43, 1587.72);
insert into STATION values (228, '6', 1367, 404212.79, 5122807.43, 1581.52);
insert into STATION values (229, '7', 1367, 404215.13, 5122803.73, 1581.06);
insert into STATION values (230, '8', 1367, 404215.54, 5122800.53, 1575.89);
insert into STATION values (231, '9', 1367, 404210.67, 5122792.02, 1572.71);
insert into STATION values (232, '10', 1367, 404210.81, 5122785.97, 1570.97);
insert into STATION values (233, '11', 1367, 404206.15, 5122774.29, 1566.64);
insert into STATION values (234, '12', 1367, 404202.93, 5122771.46, 1564.27);
insert into STATION values (235, '13', 1367, 404203.56, 5122765.63, 1563.65);
insert into STATION values (236, '14', 1367, 404206.65, 5122765.42, 1562.82);
insert into STATION values (237, '15', 1367, 404206.80, 5122761.65, 1564.12);
insert into STATION values (238, '16', 1367, 404209.16, 5122761.86, 1563.79);
insert into STATION values (239, '17', 1367, 404208.04, 5122757.27, 1562.16);
insert into STATION values (240, '18', 1367, 404209.06, 5122753.98, 1560.56);
insert into STATION values (241, '19', 1367, 404207.50, 5122750.58, 1559.90);
insert into STATION values (242, '20', 1367, 404211.13, 5122742.12, 1558.60);
insert into STATION values (243, '21', 1367, 404211.14, 5122740.05, 1563.04);
insert into STATION values (244, '22', 1367, 404212.37, 5122736.71, 1561.23);
insert into STATION values (245, '23', 1367, 404218.61, 5122734.34, 1558.80);
insert into STATION values (246, '24', 1367, 404226.29, 5122728.18, 1554.62);
insert into STATION values (247, '25', 1367, 404223.99, 5122725.20, 1553.61);
insert into STATION values (248, '26', 1367, 404221.09, 5122722.66, 1550.26);
insert into STATION values (249, '27', 1367, 404224.02, 5122722.00, 1547.04);
insert into STATION values (250, '28', 1367, 404226.86, 5122722.31, 1547.55);
insert into STATION values (251, '29', 1367, 404228.59, 5122720.40, 1546.45);
insert into STATION values (252, '30', 1367, 404230.02, 5122717.24, 1545.97);
insert into STATION values (253, '31', 1367, 404229.38, 5122714.80, 1541.01);
insert into STATION values (254, '32', 1367, 404234.97, 5122707.98, 1538.59);
insert into STATION values (255, '33', 1367, 404241.90, 5122705.65, 1540.27);
insert into STATION values (256, '34', 1367, 404247.67, 5122699.96, 1533.80);
insert into STATION values (257, '35', 1367, 404253.33, 5122692.82, 1531.30);
insert into STATION values (258, '36', 1367, 404256.57, 5122691.65, 1532.90);
insert into STATION values (259, '37', 1367, 404259.41, 5122687.28, 1532.52);
insert into STATION values (260, '38', 1367, 404259.42, 5122687.35, 1527.71);
insert into STATION values (261, '39', 1367, 404268.25, 5122680.15, 1529.71);
insert into STATION values (262, '40', 1367, 404278.41, 5122673.03, 1536.34);
insert into STATION values (263, '41', 1367, 404282.41, 5122663.25, 1537.44);
insert into STATION values (264, '42', 1367, 404282.21, 5122654.80, 1535.58);
insert into STATION values (265, '43', 1367, 404291.85, 5122653.39, 1536.75);
insert into STATION values (266, '44', 1367, 404291.72, 5122643.34, 1531.17);
insert into STATION values (267, '45', 1367, 404285.70, 5122635.56, 1527.79);
insert into STATION values (268, '46', 1367, 404280.15, 5122615.89, 1519.11);
insert into STATION values (269, '47', 1367, 404283.04, 5122608.83, 1521.16);
insert into STATION values (270, '48', 1367, 404295.78, 5122604.26, 1519.02);
insert into STATION values (271, '49', 1367, 404300.55, 5122599.19, 1514.32);
insert into STATION values (272, '50', 1367, 404311.17, 5122593.36, 1516.45);
insert into STATION values (273, '51', 1367, 404309.85, 5122583.68, 1512.90);
insert into STATION values (274, '52', 1367, 404310.35, 5122580.64, 1516.32);
insert into STATION values (275, '53', 1367, 404307.67, 5122579.81, 1518.07);
insert into STATION values (276, '54', 1367, 404302.69, 5122576.02, 1516.73);
insert into STATION values (277, '55', 1367, 404306.47, 5122570.47, 1517.80);
insert into STATION values (278, '56', 1367, 404299.44, 5122567.59, 1517.53);
insert into STATION values (279, '57', 1367, 404297.38, 5122564.62, 1513.66);
insert into STATION values (280, '1', 1621, 404142.57, 5122334.82, 1420.53);
insert into STATION values (281, '2', 1621, 404142.57, 5122334.82, 1433.03);
insert into STATION values (282, '3', 1621, 404143.92, 5122338.79, 1433.01);
insert into STATION values (283, '4', 1621, 404153.49, 5122347.04, 1432.89);
insert into STATION values (284, '1', 1663, 404128.86, 5122311.90, 1282.63);
insert into STATION values (285, '2', 1663, 404128.54, 5122305.33, 1279.70);
insert into STATION values (286, '3', 1663, 404129.94, 5122300.20, 1278.28);
insert into STATION values (287, '4', 1663, 404129.31, 5122292.52, 1270.02);
insert into STATION values (288, '5', 1663, 404128.66, 5122287.00, 1267.77);
insert into STATION values (289, '6', 1663, 404126.19, 5122279.70, 1260.06);
insert into STATION values (290, '7', 1663, 404126.19, 5122279.70, 1239.36);
insert into STATION values (291, '8', 1663, 404121.68, 5122277.17, 1236.95);
insert into STATION values (292, '9', 1663, 404116.09, 5122279.28, 1236.43);
insert into STATION values (293, '10', 1663, 404112.86, 5122278.75, 1236.03);
insert into STATION values (294, '11', 1663, 404108.42, 5122284.80, 1236.03);
insert into STATION values (295, '12', 1663, 404102.29, 5122289.05, 1227.14);
insert into STATION values (296, '13', 1663, 404102.29, 5122289.05, 1213.14);
insert into STATION values (297, '14', 1663, 404101.95, 5122295.04, 1213.14);
insert into STATION values (298, '15', 1663, 404098.86, 5122297.10, 1212.35);
insert into STATION values (299, '16', 1663, 404098.86, 5122297.10, 1184.25);
insert into STATION values (300, '2', 1768, 404088.81, 5122293.59, 1169.66);
insert into STATION values (301, '1', 1768, 404098.86, 5122297.10, 1212.35);
insert into STATION values (302, '3', 1768, 404090.81, 5122304.13, 1160.66);
insert into STATION values (303, '4', 1768, 404091.63, 5122306.29, 1159.48);
insert into STATION values (304, '5', 1768, 404093.55, 5122306.30, 1156.92);
insert into STATION values (305, '6', 1768, 404096.66, 5122307.33, 1154.63);
insert into STATION values (306, '7', 1768, 404098.74, 5122311.83, 1154.02);
insert into STATION values (307, '8', 1768, 404100.86, 5122315.00, 1150.47);
insert into STATION values (308, '9', 1768, 404100.86, 5122315.00, 1140.07);
insert into STATION values (309, 'POP1', 1829, 404304.78, 5122635.11, 1595.88);
insert into STATION values (310, 'POP2', 1829, 404304.78, 5122635.11, 1589.88);
insert into STATION values (311, 'POP3', 1829, 404303.92, 5122632.10, 1586.52);
insert into STATION values (312, 'POP4', 1829, 404301.16, 5122630.08, 1576.59);
insert into STATION values (313, 'POP5', 1829, 404299.97, 5122618.57, 1569.07);
insert into STATION values (314, 'POP6', 1829, 404298.99, 5122616.99, 1565.09);
insert into STATION values (315, 'POP7', 1829, 404295.09, 5122615.24, 1562.91);
insert into STATION values (316, 'POP8', 1829, 404288.11, 5122613.75, 1567.72);
insert into STATION values (317, 'POP9', 1829, 404282.83, 5122608.80, 1566.83);
insert into STATION values (318, 'POP14', 1829, 404282.77, 5122605.16, 1565.72);
insert into STATION values (319, 'POP15', 1829, 404278.88, 5122605.91, 1564.04);
insert into STATION values (320, 'POP16', 1829, 404276.89, 5122607.76, 1564.71);
insert into STATION values (321, 'POP17', 1829, 404277.19, 5122609.94, 1564.83);
insert into STATION values (322, 'POP18', 1829, 404275.25, 5122611.34, 1565.00);
insert into STATION values (323, 'POP19', 1829, 404280.56, 5122605.31, 1568.55);
insert into STATION values (324, 'POP20', 1829, 404277.60, 5122605.21, 1568.03);
insert into STATION values (325, 'POP21', 1829, 404274.69, 5122602.57, 1565.28);
insert into STATION values (326, 'POP22', 1829, 404271.26, 5122602.20, 1563.45);
insert into STATION values (327, 'POP23', 1829, 404272.65, 5122600.24, 1563.46);
insert into STATION values (328, 'POP24', 1829, 404272.65, 5122600.22, 1545.49);
insert into STATION values (329, 'POP25', 1829, 404272.68, 5122589.55, 1554.89);
insert into STATION values (330, 'POP10', 1829, 404283.39, 5122631.13, 1570.17);
insert into STATION values (331, 'POP11', 1829, 404280.02, 5122621.80, 1576.37);
insert into STATION values (332, 'POP12', 1829, 404279.19, 5122617.52, 1573.54);
insert into STATION values (333, 'POP13', 1829, 404272.02, 5122609.79, 1567.20);
insert into STATION values (334, 'KAK1', 1829, 404305.41, 5122570.34, 1550.24);
insert into STATION values (335, 'KAK2', 1829, 404302.60, 5122573.57, 1553.35);
insert into STATION values (336, 'KAK3', 1829, 404302.60, 5122573.57, 1543.85);
insert into STATION values (337, 'KAK4', 1829, 404298.18, 5122575.91, 1553.35);
insert into STATION values (338, 'KAK5', 1829, 404297.90, 5122574.86, 1552.84);
insert into STATION values (339, 'KAK6', 1829, 404294.60, 5122577.07, 1553.33);
insert into STATION values (340, 'KAK7', 1829, 404292.38, 5122582.29, 1552.74);
insert into STATION values (341, 'KAK8', 1829, 404287.80, 5122582.04, 1553.14);
insert into STATION values (342, 'KAK9', 1829, 404285.73, 5122585.92, 1553.14);
insert into STATION values (343, 'KAK10', 1829, 404283.16, 5122589.44, 1552.52);
insert into STATION values (344, 'KAK11', 1829, 404279.74, 5122590.04, 1554.07);
insert into STATION values (345, 'KAK12', 1829, 404276.43, 5122586.94, 1552.85);
insert into STATION values (346, 'POP22', 1916, 404271.26, 5122602.20, 1563.45);
insert into STATION values (347, 'BV2', 1916, 404270.33, 5122607.01, 1563.68);
insert into STATION values (348, 'BV3', 1916, 404271.60, 5122607.97, 1563.53);
insert into STATION values (349, 'BV4', 1916, 404272.01, 5122615.92, 1565.47);
insert into STATION values (350, 'BV5', 1916, 404274.87, 5122628.38, 1567.84);
insert into STATION values (351, 'BV6', 1916, 404281.03, 5122629.35, 1574.02);
insert into STATION values (352, 'BV7', 1916, 404289.61, 5122633.17, 1577.44);
insert into STATION values (353, 'BV8', 1916, 404296.47, 5122636.97, 1578.40);
insert into STATION values (354, 'BV9', 1916, 404299.49, 5122637.24, 1579.94);
insert into STATION values (355, 'BV10', 1916, 404300.98, 5122638.57, 1579.30);
insert into STATION values (356, 'BV11', 1916, 404301.25, 5122639.76, 1579.74);
insert into STATION values (357, 'BV12', 1916, 404304.43, 5122640.67, 1580.88);
insert into STATION values (358, 'BV13', 1916, 404303.12, 5122643.37, 1580.88);
insert into STATION values (359, 'BV14', 1916, 404300.95, 5122645.33, 1581.55);
insert into STATION values (360, 'BV15', 1916, 404301.71, 5122646.71, 1581.83);
insert into STATION values (361, 'BV16', 1916, 404302.96, 5122652.12, 1583.11);
insert into STATION values (362, 'BV17', 1916, 404301.85, 5122653.59, 1584.95);
insert into STATION values (363, 'BV18', 1916, 404300.93, 5122654.06, 1585.55);
insert into STATION values (364, 'BV19', 1916, 404298.59, 5122657.53, 1586.91);
insert into STATION values (365, 'BV20', 1916, 404298.90, 5122663.38, 1590.16);
insert into STATION values (366, 'BV21', 1916, 404301.43, 5122665.29, 1591.07);
insert into STATION values (367, 'BV22', 1916, 404302.39, 5122665.67, 1591.45);
insert into STATION values (368, 'BV23', 1916, 404306.55, 5122664.40, 1590.76);
insert into STATION values (369, 'BV24', 1916, 404310.29, 5122668.70, 1590.76);
insert into STATION values (370, 'BV25', 1916, 404310.29, 5122668.70, 1595.76);
insert into STATION values (371, 'BV26', 1916, 404311.43, 5122669.93, 1602.04);
insert into STATION values (372, 'BV27', 1916, 404312.41, 5122668.92, 1602.55);
insert into STATION values (373, 'BV28', 1916, 404312.76, 5122670.69, 1602.55);
insert into STATION values (374, 'BV29', 1916, 404314.68, 5122673.06, 1603.09);
insert into STATION values (375, 'BV30', 1916, 404316.96, 5122674.07, 1603.09);
insert into STATION values (376, 'BV31', 1916, 404318.97, 5122678.18, 1606.66);
insert into STATION values (377, 'BV32', 1916, 404318.97, 5122678.18, 1606.66);
insert into STATION values (378, '2', 1992, 404234.30, 5122713.09, 1543.83);
insert into STATION values (379, '1', 1992, 404230.02, 5122717.24, 1545.97);
insert into STATION values (380, '3', 1992, 404236.91, 5122704.07, 1550.25);
insert into STATION values (381, '4', 1992, 404246.14, 5122697.18, 1556.34);
insert into STATION values (382, '5', 1992, 404250.44, 5122697.26, 1558.85);
insert into STATION values (383, '6', 1992, 404255.54, 5122689.34, 1557.90);
insert into STATION values (384, '7', 1992, 404260.01, 5122685.00, 1559.11);
insert into STATION values (385, '8', 1992, 404268.77, 5122677.48, 1559.15);
insert into STATION values (386, '9', 1992, 404273.88, 5122677.21, 1558.43);
insert into STATION values (387, '10', 1992, 404276.79, 5122676.09, 1557.72);
insert into STATION values (388, '11', 1992, 404275.84, 5122672.32, 1557.39);
insert into STATION values (389, '12', 1992, 404277.84, 5122668.43, 1555.38);
insert into STATION values (390, '13', 1992, 404280.38, 5122665.53, 1555.39);
insert into STATION values (391, '14', 1992, 404281.50, 5122662.13, 1555.39);
insert into STATION values (392, '15', 1992, 404287.54, 5122659.02, 1552.68);
insert into STATION values (393, '16', 1992, 404286.91, 5122658.97, 1552.68);
insert into STATION values (394, '17', 1992, 404291.87, 5122653.62, 1546.24);
insert into STATION values (395, '18', 1992, 404291.85, 5122653.39, 1536.75);
insert into STATION values (396, '1', 2047, 404156.92, 5122503.03, 1448.76);
insert into STATION values (397, '2', 2047, 404157.56, 5122510.21, 1451.77);
insert into STATION values (398, '3', 2047, 404158.86, 5122514.98, 1451.38);
insert into STATION values (399, '4', 2047, 404158.16, 5122523.02, 1449.56);
insert into STATION values (400, '5', 2047, 404160.15, 5122530.32, 1449.35);
insert into STATION values (401, '6', 2047, 404167.37, 5122523.14, 1450.28);
insert into STATION values (402, '7', 2047, 404169.90, 5122529.31, 1452.66);
insert into STATION values (403, '8', 2047, 404170.14, 5122535.75, 1452.15);
insert into STATION values (404, '9', 2047, 404172.08, 5122537.09, 1453.23);
insert into STATION values (405, '10', 2047, 404172.26, 5122540.22, 1451.73);
insert into STATION values (406, '11', 2047, 404177.62, 5122539.69, 1451.87);
insert into STATION values (407, '12', 2047, 404185.72, 5122530.38, 1451.26);
insert into STATION values (408, '13', 2047, 404186.36, 5122528.09, 1451.92);
insert into STATION values (409, '14', 2047, 404188.13, 5122520.03, 1451.55);
insert into STATION values (410, '15', 2047, 404190.25, 5122514.62, 1451.50);
insert into STATION values (411, '16', 2047, 404191.63, 5122509.29, 1450.58);
insert into STATION values (412, '17', 2047, 404194.02, 5122508.75, 1450.22);
insert into STATION values (413, '18', 2047, 404196.13, 5122502.75, 1451.39);
insert into STATION values (414, '19', 2047, 404202.71, 5122490.75, 1449.95);
insert into STATION values (415, '20', 2047, 404199.54, 5122505.01, 1457.46);
insert into STATION values (416, '21', 2047, 404198.73, 5122509.22, 1461.74);
insert into STATION values (417, '22', 2047, 404207.71, 5122508.62, 1464.56);
insert into STATION values (418, '23', 2047, 404210.65, 5122506.01, 1466.97);
insert into STATION values (419, '24', 2047, 404216.43, 5122503.46, 1470.69);
insert into STATION values (420, '25', 2047, 404219.90, 5122499.22, 1469.97);
insert into STATION values (421, '26', 2047, 404219.82, 5122498.99, 1500.38);
insert into STATION values (422, '27', 2047, 404219.72, 5122500.61, 1501.85);
insert into STATION values (423, '28', 2047, 404219.83, 5122503.06, 1503.39);
insert into STATION values (424, '29', 2047, 404224.27, 5122505.45, 1505.42);
insert into STATION values (425, '30', 2047, 404223.09, 5122510.74, 1508.20);
insert into STATION values (426, '31', 2047, 404226.78, 5122515.52, 1508.41);
insert into STATION values (427, '32', 2047, 404229.67, 5122521.79, 1508.40);
insert into STATION values (428, '33', 2047, 404232.66, 5122522.39, 1509.27);
insert into STATION values (429, '34', 2047, 404237.40, 5122524.54, 1507.27);
insert into STATION values (430, '35', 2047, 404240.11, 5122530.17, 1508.72);
insert into STATION values (431, '36', 2047, 404242.41, 5122530.39, 1509.65);
insert into STATION values (432, '37', 2047, 404245.25, 5122535.19, 1509.05);
insert into STATION values (433, '38', 2047, 404246.92, 5122541.55, 1509.51);
insert into STATION values (434, '39', 2047, 404246.44, 5122543.52, 1510.17);
insert into STATION values (435, '1', 2143, 404149.86, 5122495.10, 1421.03);
insert into STATION values (436, '2', 2143, 404151.63, 5122496.36, 1423.44);
insert into STATION values (437, '3', 2143, 404150.48, 5122496.79, 1431.10);
insert into STATION values (438, '4', 2143, 404157.15, 5122501.53, 1448.91);
insert into STATION values (439, '5', 2143, 404156.92, 5122503.03, 1448.76);
insert into STATION values (440, '1', 2172, 404103.87, 5122459.42, 1390.28);
insert into STATION values (441, '2', 2172, 404108.11, 5122456.94, 1395.30);
insert into STATION values (442, '3', 2172, 404111.47, 5122460.22, 1395.79);
insert into STATION values (443, '4', 2172, 404114.08, 5122458.56, 1395.84);
insert into STATION values (444, '5', 2172, 404126.60, 5122463.85, 1385.62);
insert into STATION values (445, '6', 2172, 404129.47, 5122468.16, 1385.88);
insert into STATION values (446, '7', 2172, 404140.40, 5122473.26, 1381.01);
insert into STATION values (447, '8', 2172, 404143.78, 5122485.14, 1385.03);
insert into STATION values (448, '9', 2172, 404146.59, 5122489.05, 1399.23);
insert into STATION values (449, '10', 2172, 404148.10, 5122491.41, 1420.34);
insert into STATION values (450, '11', 2172, 404147.88, 5122493.36, 1420.47);
insert into STATION values (451, '12', 2172, 404149.86, 5122495.10, 1421.03);
insert into STATION values (452, '1', 2224, 404150.27, 5122339.18, 1366.88);
insert into STATION values (453, '2', 2224, 404149.72, 5122332.87, 1372.93);
insert into STATION values (454, '3', 2224, 404149.35, 5122332.09, 1384.34);
insert into STATION values (455, '4', 2224, 404152.27, 5122327.54, 1384.15);
insert into STATION values (456, '5', 2224, 404142.58, 5122318.34, 1380.80);
insert into STATION values (457, '6', 2224, 404135.77, 5122323.69, 1378.93);
insert into STATION values (458, '7', 2224, 404132.33, 5122345.01, 1375.39);
insert into STATION values (459, '8', 2224, 404129.77, 5122347.68, 1374.32);
insert into STATION values (460, '9', 2224, 404128.65, 5122351.21, 1372.25);
insert into STATION values (461, '10', 2224, 404128.73, 5122354.11, 1373.08);
insert into STATION values (462, '11', 2224, 404130.73, 5122356.13, 1376.73);
insert into STATION values (463, '12', 2224, 404132.60, 5122354.54, 1379.95);
insert into STATION values (464, '13', 2224, 404134.68, 5122354.59, 1380.62);
insert into STATION values (465, '14', 2224, 404135.30, 5122355.90, 1379.26);
insert into STATION values (466, '15', 2224, 404132.65, 5122359.33, 1377.66);
insert into STATION values (467, '16', 2224, 404131.02, 5122370.36, 1382.91);
insert into STATION values (468, '17', 2224, 404128.56, 5122378.13, 1383.34);
insert into STATION values (469, '18', 2224, 404126.04, 5122383.90, 1387.62);
insert into STATION values (470, '19', 2224, 404122.94, 5122396.88, 1387.83);
insert into STATION values (471, '20', 2224, 404121.62, 5122404.77, 1389.69);
insert into STATION values (472, '21', 2224, 404123.44, 5122410.50, 1390.11);
insert into STATION values (473, '22', 2224, 404120.02, 5122410.02, 1388.18);
insert into STATION values (474, '23', 2224, 404120.03, 5122410.01, 1384.66);
insert into STATION values (475, '24', 2224, 404119.26, 5122412.17, 1385.59);
insert into STATION values (476, '25', 2224, 404114.35, 5122421.15, 1384.85);
insert into STATION values (477, '26', 2224, 404114.21, 5122421.86, 1387.42);
insert into STATION values (478, '27', 2224, 404109.64, 5122435.55, 1387.65);
insert into STATION values (479, '28', 2224, 404109.65, 5122435.54, 1391.86);
insert into STATION values (480, '29', 2224, 404105.96, 5122452.40, 1392.13);
insert into STATION values (481, '30', 2224, 404103.87, 5122459.42, 1390.28);
insert into STATION values (482, '1', 2291, 404093.42, 5122489.48, 1387.94);
insert into STATION values (483, '2', 2291, 404099.18, 5122479.79, 1386.96);
insert into STATION values (484, '3', 2291, 404098.34, 5122472.16, 1384.90);
insert into STATION values (485, '4', 2291, 404097.34, 5122469.71, 1383.99);
insert into STATION values (486, '5', 2291, 404099.77, 5122466.07, 1385.41);
insert into STATION values (487, '6', 2291, 404101.47, 5122460.74, 1386.50);
insert into STATION values (488, '7', 2291, 404103.18, 5122460.27, 1387.29);
insert into STATION values (489, '8', 2291, 404102.99, 5122459.75, 1389.52);
insert into STATION values (490, '9', 2291, 404103.87, 5122459.42, 1390.28);
insert into STATION values (491, '10', 2291, 404093.42, 5122489.48, 1341.94);
insert into STATION values (492, '1', 2356, 404085.87, 5122509.82, 1329.73);
insert into STATION values (493, '2', 2356, 404081.68, 5122516.10, 1339.05);
insert into STATION values (494, '3', 2356, 404077.58, 5122526.39, 1344.70);
insert into STATION values (495, '4', 2356, 404075.95, 5122528.66, 1347.31);
insert into STATION values (496, '5', 2356, 404071.91, 5122529.25, 1348.32);
insert into STATION values (497, '6', 2356, 404069.86, 5122540.08, 1355.21);
insert into STATION values (498, '7', 2356, 404081.32, 5122505.65, 1347.43);
insert into STATION values (499, '8', 2356, 404081.52, 5122503.62, 1351.81);
insert into STATION values (500, '9', 2356, 404090.05, 5122495.00, 1361.63);
insert into STATION values (501, '10', 2356, 404092.36, 5122491.27, 1386.55);
insert into STATION values (502, '11', 2356, 404093.42, 5122489.48, 1387.94);
insert into STATION values (503, '2', 2391, 404262.30, 5122552.05, 1510.84);
insert into STATION values (504, '1', 2391, 404246.44, 5122543.52, 1510.17);
insert into STATION values (505, '3', 2391, 404270.85, 5122552.79, 1512.47);
insert into STATION values (506, '4', 2391, 404283.56, 5122555.40, 1512.30);
insert into STATION values (507, '5', 2391, 404288.77, 5122567.62, 1511.45);
insert into STATION values (508, '6', 2391, 404292.96, 5122565.63, 1513.66);
insert into STATION values (509, '1', 2395, 404297.24, 5122573.13, 1489.41);
insert into STATION values (510, '2', 2395, 404301.15, 5122572.42, 1497.93);
insert into STATION values (511, '3', 2395, 404300.82, 5122573.10, 1498.45);
insert into STATION values (512, '4', 2395, 404298.89, 5122572.73, 1499.18);
insert into STATION values (513, '5', 2395, 404296.27, 5122577.56, 1496.89);
insert into STATION values (514, '6', 2395, 404298.89, 5122580.97, 1494.48);
insert into STATION values (515, '7', 2395, 404298.71, 5122583.57, 1494.15);
insert into STATION values (516, '8', 2395, 404302.60, 5122586.16, 1493.99);
insert into STATION values (517, '9', 2395, 404298.05, 5122581.18, 1494.15);
insert into STATION values (518, '10', 2395, 404295.22, 5122579.48, 1493.85);
insert into STATION values (519, '11', 2395, 404291.85, 5122581.18, 1494.18);
insert into STATION values (520, '12', 2395, 404290.62, 5122583.65, 1494.57);
insert into STATION values (521, '13', 2395, 404291.28, 5122585.62, 1494.79);
insert into STATION values (522, '14', 2395, 404293.20, 5122585.84, 1495.37);
insert into STATION values (523, '15', 2395, 404293.74, 5122590.85, 1496.83);
insert into STATION values (524, '16', 2395, 404296.82, 5122568.75, 1501.49);
insert into STATION values (525, '17', 2395, 404291.67, 5122567.32, 1501.32);
insert into STATION values (526, '18', 2395, 404289.82, 5122570.40, 1502.26);
insert into STATION values (527, '19', 2395, 404288.25, 5122573.37, 1504.32);
insert into STATION values (528, '20', 2395, 404288.96, 5122572.30, 1507.09);
insert into STATION values (529, '21', 2395, 404288.45, 5122571.25, 1509.43);
insert into STATION values (530, '22', 2395, 404289.53, 5122568.31, 1513.03);
insert into STATION values (531, '23', 2395, 404292.96, 5122565.63, 1513.66);
insert into STATION values (532, '1', 2447, 404292.96, 5122565.63, 1513.66);
insert into STATION values (533, '2', 2447, 404299.74, 5122567.59, 1510.03);
insert into STATION values (534, '3', 2447, 404303.21, 5122565.84, 1508.90);
insert into STATION values (535, '4', 2447, 404304.21, 5122570.08, 1508.83);
insert into STATION values (536, '5', 2447, 404303.07, 5122574.01, 1508.91);
insert into STATION values (537, '6', 2447, 404306.25, 5122576.31, 1509.19);
insert into STATION values (538, '7', 2447, 404304.45, 5122580.74, 1508.87);
insert into STATION values (539, '8', 2447, 404302.17, 5122583.78, 1508.88);
insert into STATION values (540, '9', 2447, 404303.22, 5122587.36, 1508.43);
insert into STATION values (541, '10', 2447, 404305.79, 5122588.28, 1508.29);
insert into STATION values (542, '11', 2447, 404304.12, 5122589.44, 1508.02);
insert into STATION values (543, '12', 2447, 404306.59, 5122590.58, 1506.10);
insert into STATION values (544, '13', 2447, 404306.48, 5122594.90, 1502.32);
insert into STATION values (545, '14', 2447, 404299.55, 5122592.35, 1498.93);
insert into STATION values (546, '15', 2447, 404296.11, 5122590.07, 1497.68);
insert into STATION values (547, '16', 2447, 404294.84, 5122590.46, 1496.39);
insert into STATION values (548, '17', 2447, 404293.74, 5122590.85, 1496.83);
insert into STATION values (549, '1', 2493, 404261.73, 5122555.40, 1480.27);
insert into STATION values (550, '2', 2493, 404257.70, 5122558.14, 1480.78);
insert into STATION values (551, '3', 2493, 404255.74, 5122562.21, 1482.43);
insert into STATION values (552, '4', 2493, 404250.87, 5122557.21, 1483.04);
insert into STATION values (553, '5', 2493, 404246.64, 5122561.19, 1482.01);
insert into STATION values (554, '6', 2493, 404244.99, 5122559.50, 1482.43);
insert into STATION values (555, '7', 2493, 404246.61, 5122553.74, 1485.22);
insert into STATION values (556, '8', 2493, 404248.47, 5122551.93, 1486.72);
insert into STATION values (557, '9', 2493, 404252.29, 5122550.21, 1487.08);
insert into STATION values (558, '10', 2493, 404252.52, 5122547.91, 1488.26);
insert into STATION values (559, '11', 2493, 404254.71, 5122546.92, 1488.26);
insert into STATION values (560, '12', 2493, 404249.31, 5122547.80, 1501.80);
insert into STATION values (561, '13', 2493, 404251.42, 5122546.85, 1505.66);
insert into STATION values (562, '14', 2493, 404246.44, 5122543.52, 1510.17);
insert into STATION values (563, '2', 2529, 404264.84, 5122564.65, 1475.55);
insert into STATION values (564, '1', 2529, 404262.10, 5122566.89, 1474.80);
insert into STATION values (565, '3', 2529, 404264.49, 5122562.55, 1472.73);
insert into STATION values (566, '4', 2529, 404267.97, 5122560.68, 1471.89);
insert into STATION values (567, '5', 2529, 404268.86, 5122558.67, 1471.70);
insert into STATION values (568, '6', 2529, 404270.40, 5122557.88, 1470.85);
insert into STATION values (569, '7', 2529, 404270.69, 5122554.32, 1471.35);
insert into STATION values (570, '8', 2529, 404270.69, 5122554.32, 1476.95);
insert into STATION values (571, '9', 2529, 404267.99, 5122553.86, 1478.87);
insert into STATION values (572, '10', 2529, 404261.24, 5122550.46, 1478.61);
insert into STATION values (573, '12', 2529, 404261.33, 5122547.95, 1476.40);
insert into STATION values (574, '11', 2529, 404264.24, 5122551.77, 1476.48);
insert into STATION values (575, '13', 2529, 404263.01, 5122549.11, 1477.27);
insert into STATION values (576, '15', 2529, 404260.90, 5122555.58, 1480.27);
insert into STATION values (577, '16', 2529, 404261.73, 5122555.40, 1480.27);
insert into STATION values (578, '1', 2575, 404153.85, 5122367.36, 1433.52);
insert into STATION values (579, '2', 2575, 404155.58, 5122371.03, 1436.46);
insert into STATION values (580, '3', 2575, 404151.55, 5122375.55, 1437.86);
insert into STATION values (581, '4', 2575, 404147.90, 5122377.27, 1436.63);
insert into STATION values (582, '5', 2575, 404151.39, 5122377.75, 1436.93);
insert into STATION values (583, '6', 2575, 404155.82, 5122379.88, 1436.76);
insert into STATION values (584, '7', 2575, 404159.39, 5122381.52, 1439.72);
insert into STATION values (585, '8', 2575, 404160.99, 5122380.90, 1439.39);
insert into STATION values (586, '9', 2575, 404164.21, 5122384.44, 1444.01);
insert into STATION values (587, '10', 2575, 404154.12, 5122393.62, 1450.37);
insert into STATION values (588, '11', 2575, 404154.29, 5122391.57, 1449.14);
insert into STATION values (589, '12', 2575, 404141.25, 5122378.66, 1453.04);
insert into STATION values (590, '13', 2575, 404145.21, 5122378.26, 1442.95);
insert into STATION values (591, '1', 2625, 404091.29, 5122511.43, 1320.54);
insert into STATION values (592, '2', 2625, 404090.97, 5122507.20, 1333.61);
insert into STATION values (593, '3', 2625, 404090.45, 5122504.00, 1333.90);
insert into STATION values (594, '4', 2625, 404090.45, 5122504.00, 1337.33);
insert into STATION values (595, '5', 2625, 404092.35, 5122500.04, 1337.10);
insert into STATION values (596, '6', 2625, 404091.79, 5122492.57, 1336.44);
insert into STATION values (597, '7', 2625, 404091.79, 5122492.57, 1341.11);
insert into STATION values (598, '8', 2625, 404092.69, 5122487.86, 1341.11);
insert into STATION values (599, '9', 2625, 404093.42, 5122489.48, 1341.94);
insert into STATION values (600, '1', 2653, 404063.53, 5122552.19, 1322.55);
insert into STATION values (601, '2', 2653, 404065.19, 5122546.29, 1328.68);
insert into STATION values (602, '3', 2653, 404065.89, 5122542.58, 1331.84);
insert into STATION values (603, '4', 2653, 404068.88, 5122537.56, 1332.35);
insert into STATION values (604, '5', 2653, 404068.88, 5122537.56, 1338.11);
insert into STATION values (605, '6', 2653, 404069.70, 5122536.60, 1342.82);
insert into STATION values (606, '7', 2653, 404071.61, 5122534.38, 1344.18);
insert into STATION values (607, '8', 2653, 404070.72, 5122530.90, 1347.78);
insert into STATION values (608, '9', 2653, 404071.91, 5122529.25, 1348.32);
insert into STATION values (609, '1', 2688, 404150.57, 5122332.46, 1374.13);
insert into STATION values (610, '2', 2688, 404149.39, 5122335.80, 1374.01);
insert into STATION values (611, '3', 2688, 404149.36, 5122335.76, 1369.31);
insert into STATION values (612, '4', 2688, 404150.27, 5122339.18, 1366.88);
insert into STATION values (613, '5', 2688, 404150.05, 5122339.07, 1384.26);
insert into STATION values (614, '6', 2688, 404150.41, 5122340.69, 1386.78);
insert into STATION values (615, '7', 2688, 404152.55, 5122344.15, 1388.13);
insert into STATION values (616, '1', 2692, 404152.55, 5122344.15, 1388.13);
insert into STATION values (617, '2', 2692, 404156.41, 5122341.89, 1388.86);
insert into STATION values (618, '3', 2692, 404156.21, 5122341.79, 1405.57);
insert into STATION values (619, '4', 2692, 404156.16, 5122341.77, 1410.61);
insert into STATION values (620, '5', 2692, 404149.02, 5122340.00, 1411.13);
insert into STATION values (621, '6', 2692, 404149.97, 5122337.70, 1419.76);
insert into STATION values (622, '7', 2692, 404147.43, 5122330.89, 1422.10);
insert into STATION values (623, '8', 2692, 404142.70, 5122334.89, 1420.00);
insert into STATION values (624, '9', 2692, 404142.57, 5122334.82, 1433.03);
insert into STATION values (625, '10', 2692, 404143.73, 5122338.73, 1432.53);
insert into STATION values (626, '11', 2692, 404148.61, 5122341.16, 1432.58);
insert into STATION values (627, '12', 2692, 404155.10, 5122348.04, 1433.39);
insert into STATION values (628, '13', 2692, 404157.62, 5122348.36, 1433.18);
insert into STATION values (629, '14', 2692, 404159.29, 5122358.85, 1433.11);
insert into STATION values (630, '15', 2692, 404156.30, 5122358.23, 1433.39);
insert into STATION values (631, '16', 2692, 404155.32, 5122362.23, 1435.63);
insert into STATION values (632, '17', 2692, 404156.54, 5122365.47, 1435.27);
insert into STATION values (633, '18', 2692, 404153.85, 5122367.36, 1433.52);
insert into STATION values (634, '19', 2692, 404156.03, 5122369.41, 1433.05);
insert into STATION values (635, '20', 2692, 404156.00, 5122369.29, 1438.37);
insert into STATION values (636, '21', 2692, 404157.69, 5122371.26, 1438.44);
insert into STATION values (637, '22', 2692, 404161.72, 5122365.76, 1439.65);
insert into STATION values (638, '23', 2692, 404166.68, 5122369.73, 1445.24);
insert into STATION values (639, '24', 2692, 404169.51, 5122371.16, 1445.78);
insert into STATION values (640, '25', 2692, 404174.09, 5122372.41, 1444.24);
insert into STATION values (641, '26', 2692, 404175.38, 5122374.02, 1446.89);
insert into STATION values (642, '27', 2692, 404188.38, 5122379.09, 1446.58);
insert into STATION values (643, '28', 2692, 404191.09, 5122387.02, 1463.53);
insert into STATION values (644, '29', 2692, 404190.90, 5122386.25, 1484.66);
insert into STATION values (645, '30', 2692, 404196.88, 5122393.86, 1493.25);
insert into STATION values (646, '31', 2692, 404204.15, 5122399.18, 1492.35);
insert into STATION values (647, '32', 2692, 404206.26, 5122400.83, 1493.50);
insert into STATION values (648, '33', 2692, 404209.06, 5122404.10, 1494.08);
insert into STATION values (649, '34', 2692, 404209.04, 5122404.02, 1496.41);
insert into STATION values (650, '35', 2692, 404211.03, 5122405.88, 1497.75);
insert into STATION values (651, '36', 2692, 404213.70, 5122410.88, 1498.22);
insert into STATION values (652, '37', 2692, 404217.27, 5122412.36, 1498.87);
insert into STATION values (653, '38', 2692, 404217.30, 5122414.71, 1500.57);
insert into STATION values (654, '39', 2692, 404219.70, 5122415.92, 1499.85);
insert into STATION values (655, '40', 2692, 404221.93, 5122414.48, 1502.30);
insert into STATION values (656, '41', 2692, 404222.74, 5122420.17, 1505.90);
insert into STATION values (657, '42', 2692, 404226.97, 5122422.78, 1503.31);
insert into STATION values (658, '43', 2692, 404230.32, 5122429.30, 1511.99);
insert into STATION values (659, '45', 2692, 404230.30, 5122429.21, 1515.92);
insert into STATION values (660, '46', 2692, 404240.78, 5122441.23, 1518.05);
insert into STATION values (661, '47', 2692, 404244.17, 5122443.78, 1516.90);
insert into STATION values (662, '2', 2696, 404312.55, 5122611.41, 1490.96);
insert into STATION values (663, '1', 2696, 404312.33, 5122616.14, 1489.24);
insert into STATION values (664, '3', 2696, 404311.49, 5122609.09, 1490.51);
insert into STATION values (665, '4', 2696, 404309.43, 5122608.19, 1491.51);
insert into STATION values (666, '5', 2696, 404307.48, 5122607.53, 1489.45);
insert into STATION values (667, '6', 2696, 404307.48, 5122607.53, 1490.90);
insert into STATION values (668, '7', 2696, 404307.67, 5122603.22, 1489.33);
insert into STATION values (669, '8', 2696, 404305.08, 5122589.12, 1489.33);
insert into STATION values (670, '9', 2696, 404303.46, 5122581.06, 1489.18);
insert into STATION values (671, '10', 2696, 404305.94, 5122583.11, 1489.46);
insert into STATION values (672, '11', 2696, 404302.60, 5122586.16, 1493.99);
insert into STATION values (673, '2', 2737, 404311.26, 5122618.16, 1470.43);
insert into STATION values (674, '1', 2737, 404310.26, 5122617.84, 1471.41);
insert into STATION values (675, '3', 2737, 404314.25, 5122618.45, 1470.43);
insert into STATION values (676, '4', 2737, 404318.95, 5122612.97, 1467.36);
insert into STATION values (677, '5', 2737, 404325.02, 5122603.84, 1468.71);
insert into STATION values (678, '6', 2737, 404329.84, 5122605.37, 1468.71);
insert into STATION values (679, '7', 2737, 404330.90, 5122610.62, 1468.24);
insert into STATION values (680, '8', 2737, 404336.95, 5122606.93, 1465.80);
insert into STATION values (681, '9', 2737, 404338.03, 5122608.50, 1466.73);
insert into STATION values (682, '10', 2737, 404310.26, 5122617.84, 1488.71);
insert into STATION values (683, '11', 2737, 404312.33, 5122616.14, 1489.24);
insert into STATION values (684, '2', 2773, 404312.12, 5122548.60, 1468.09);
insert into STATION values (685, '1', 2773, 404311.24, 5122547.97, 1468.71);
insert into STATION values (686, '3', 2773, 404313.70, 5122548.04, 1467.16);
insert into STATION values (687, '4', 2773, 404316.02, 5122546.69, 1466.78);
insert into STATION values (688, '5', 2773, 404318.27, 5122548.83, 1467.05);
insert into STATION values (689, '6', 2773, 404320.14, 5122553.61, 1467.23);
insert into STATION values (690, '7', 2773, 404319.87, 5122559.51, 1466.82);
insert into STATION values (691, '8', 2773, 404319.22, 5122564.43, 1466.90);
insert into STATION values (692, '9', 2773, 404318.79, 5122567.66, 1468.09);
insert into STATION values (693, '10', 2773, 404317.41, 5122572.58, 1467.10);
insert into STATION values (694, '11', 2773, 404316.18, 5122575.41, 1467.15);
insert into STATION values (695, '12', 2773, 404316.46, 5122582.19, 1467.51);
insert into STATION values (696, '13', 2773, 404314.25, 5122590.13, 1467.51);
insert into STATION values (697, '14', 2773, 404313.26, 5122593.05, 1467.45);
insert into STATION values (698, '15', 2773, 404314.07, 5122593.12, 1466.93);
insert into STATION values (699, '16', 2773, 404310.40, 5122597.88, 1471.46);
insert into STATION values (700, '17', 2773, 404307.33, 5122602.50, 1472.53);
insert into STATION values (701, '18', 2773, 404304.56, 5122606.10, 1469.48);
insert into STATION values (702, '19', 2773, 404304.69, 5122604.85, 1469.26);
insert into STATION values (703, '20', 2773, 404306.77, 5122603.43, 1464.31);
insert into STATION values (704, '21', 2773, 404304.89, 5122606.69, 1478.79);
insert into STATION values (705, '22', 2773, 404302.60, 5122607.37, 1486.16);
insert into STATION values (706, '23', 2773, 404302.13, 5122605.54, 1486.49);
insert into STATION values (707, '24', 2773, 404306.34, 5122604.99, 1488.30);
insert into STATION values (708, '25', 2773, 404306.37, 5122602.78, 1489.10);
insert into STATION values (709, '2', 2827, 404295.62, 5122626.59, 1486.72);
insert into STATION values (710, '1', 2827, 404294.38, 5122630.07, 1486.85);
insert into STATION values (711, '3', 2827, 404296.76, 5122622.75, 1487.50);
insert into STATION values (712, '4', 2827, 404297.89, 5122617.70, 1487.14);
insert into STATION values (713, '5', 2827, 404298.23, 5122613.50, 1485.85);
insert into STATION values (714, '6', 2827, 404297.11, 5122609.41, 1485.78);
insert into STATION values (715, '7', 2827, 404299.50, 5122605.93, 1486.60);
insert into STATION values (716, '8', 2827, 404305.44, 5122604.63, 1488.00);
insert into STATION values (717, '9', 2827, 404306.37, 5122602.78, 1489.10);
insert into STATION values (718, '10', 2827, 404305.73, 5122597.12, 1489.30);
insert into STATION values (719, '11', 2827, 404303.46, 5122587.59, 1489.30);
insert into STATION values (720, '12', 2827, 404305.82, 5122584.04, 1489.22);
insert into STATION values (721, '13', 2827, 404302.60, 5122586.16, 1493.99);
insert into STATION values (722, '1', 2852, 404335.51, 5122523.93, 1461.10);
insert into STATION values (723, '2', 2852, 404334.03, 5122527.17, 1461.29);
insert into STATION values (724, '3', 2852, 404332.00, 5122531.42, 1461.53);
insert into STATION values (725, '4', 2852, 404329.76, 5122534.33, 1463.09);
insert into STATION values (726, '5', 2852, 404327.75, 5122537.23, 1465.66);
insert into STATION values (727, '6', 2852, 404325.67, 5122536.44, 1464.66);
insert into STATION values (728, '7', 2852, 404322.03, 5122543.71, 1465.66);
insert into STATION values (729, '8', 2852, 404319.53, 5122546.95, 1466.53);
insert into STATION values (730, '9', 2852, 404318.93, 5122549.09, 1467.13);
insert into STATION values (731, '10', 2852, 404318.27, 5122548.83, 1467.05);
insert into STATION values (732, '2', 2876, 404374.05, 5122465.02, 1449.41);
insert into STATION values (733, '1', 2876, 404373.43, 5122459.28, 1448.45);
insert into STATION values (734, '3', 2876, 404371.62, 5122464.44, 1448.94);
insert into STATION values (735, '4', 2876, 404371.19, 5122467.91, 1448.14);
insert into STATION values (736, '5', 2876, 404368.79, 5122467.86, 1447.41);
insert into STATION values (737, '6', 2876, 404362.46, 5122469.07, 1446.88);
insert into STATION values (738, '7', 2876, 404359.27, 5122476.51, 1447.81);
insert into STATION values (739, '8', 2876, 404360.50, 5122476.97, 1447.62);
insert into STATION values (740, '9', 2876, 404361.19, 5122485.91, 1449.52);
insert into STATION values (741, '10', 2876, 404355.80, 5122488.71, 1450.81);
insert into STATION values (742, '11', 2876, 404353.79, 5122495.45, 1458.91);
insert into STATION values (743, '12', 2876, 404352.65, 5122497.73, 1459.36);
insert into STATION values (744, '13', 2876, 404351.03, 5122503.95, 1459.92);
insert into STATION values (745, '14', 2876, 404350.48, 5122508.70, 1461.76);
insert into STATION values (746, '16', 2876, 404351.01, 5122512.29, 1463.15);
insert into STATION values (747, '17', 2876, 404345.34, 5122514.40, 1463.15);
insert into STATION values (748, '18', 2876, 404344.52, 5122515.32, 1464.22);
insert into STATION values (749, '19', 2876, 404343.58, 5122518.29, 1465.68);
insert into STATION values (750, '20', 2876, 404339.34, 5122522.03, 1465.28);
insert into STATION values (751, '21', 2876, 404334.66, 5122529.95, 1465.44);
insert into STATION values (752, '22', 2876, 404334.66, 5122529.95, 1461.22);
insert into STATION values (753, '23', 2876, 404333.58, 5122528.59, 1461.72);
insert into STATION values (754, '24', 2876, 404335.51, 5122523.93, 1461.10);
insert into STATION values (755, '1', 2947, 404348.64, 5122432.72, 1401.99);
insert into STATION values (756, '2', 2947, 404347.62, 5122434.25, 1415.10);
insert into STATION values (757, '3', 2947, 404350.94, 5122437.41, 1417.33);
insert into STATION values (758, '4', 2947, 404350.42, 5122439.54, 1418.64);
insert into STATION values (759, '5', 2947, 404351.30, 5122446.11, 1420.48);
insert into STATION values (760, '6', 2947, 404351.81, 5122448.57, 1422.33);
insert into STATION values (761, '7', 2947, 404355.19, 5122450.39, 1424.03);
insert into STATION values (762, '8', 2947, 404357.79, 5122456.37, 1424.90);
insert into STATION values (763, '9', 2947, 404355.81, 5122457.41, 1423.91);
insert into STATION values (764, '10', 2947, 404351.62, 5122441.88, 1420.51);
insert into STATION values (765, '11', 2947, 404352.82, 5122442.80, 1426.55);
insert into STATION values (766, '12', 2947, 404352.98, 5122441.54, 1426.37);
insert into STATION values (767, '13', 2947, 404353.01, 5122441.51, 1430.25);
insert into STATION values (768, '14', 2947, 404355.00, 5122440.09, 1431.60);
insert into STATION values (769, '15', 2947, 404353.99, 5122435.20, 1431.80);
insert into STATION values (770, '16', 2947, 404352.74, 5122435.16, 1434.44);
insert into STATION values (771, '17', 2947, 404351.55, 5122441.93, 1435.46);
insert into STATION values (772, '18', 2947, 404353.23, 5122444.15, 1441.79);
insert into STATION values (773, '19', 2947, 404356.74, 5122447.62, 1443.62);
insert into STATION values (774, '20', 2947, 404359.42, 5122447.99, 1444.15);
insert into STATION values (775, '21', 2947, 404363.57, 5122449.57, 1445.70);
insert into STATION values (776, '22', 2947, 404366.27, 5122454.20, 1445.92);
insert into STATION values (777, '23', 2947, 404368.56, 5122454.24, 1446.41);
insert into STATION values (778, '24', 2947, 404374.17, 5122455.02, 1447.74);
insert into STATION values (779, '25', 2947, 404373.65, 5122459.26, 1448.45);
insert into STATION values (780, '26', 2947, 404373.43, 5122459.28, 1448.45);
insert into STATION values (781, '1', 3015, 404267.82, 5122677.16, 1500.02);
insert into STATION values (782, '2', 3015, 404267.82, 5122677.16, 1512.62);
insert into STATION values (783, '3', 3015, 404264.81, 5122680.33, 1511.92);
insert into STATION values (784, '5', 3015, 404276.24, 5122607.00, 1475.64);
insert into STATION values (785, 'SUMP', 3015, 404273.91, 5122602.09, 1474.28);
insert into STATION values (786, '6', 3015, 404275.26, 5122609.60, 1475.35);
insert into STATION values (787, '7', 3015, 404276.17, 5122611.28, 1475.25);
insert into STATION values (788, '8', 3015, 404273.62, 5122619.32, 1477.19);
insert into STATION values (789, '9', 3015, 404273.81, 5122622.53, 1478.30);
insert into STATION values (790, '10', 3015, 404269.65, 5122630.49, 1477.83);
insert into STATION values (791, '11', 3015, 404269.29, 5122631.99, 1480.50);
insert into STATION values (792, '12', 3015, 404266.45, 5122634.23, 1480.24);
insert into STATION values (793, '13', 3015, 404264.70, 5122641.47, 1481.83);
insert into STATION values (794, '14', 3015, 404263.90, 5122644.33, 1482.46);
insert into STATION values (795, '15', 3015, 404263.03, 5122650.84, 1483.03);
insert into STATION values (796, '16', 3015, 404263.03, 5122650.84, 1487.48);
insert into STATION values (797, '17', 3015, 404262.08, 5122651.68, 1488.59);
insert into STATION values (798, '18', 3015, 404264.20, 5122655.77, 1493.53);
insert into STATION values (799, '19', 3015, 404268.02, 5122657.60, 1494.12);
insert into STATION values (800, '20', 3015, 404267.17, 5122660.45, 1496.29);
insert into STATION values (801, '21', 3015, 404268.71, 5122663.86, 1495.63);
insert into STATION values (802, '22', 3015, 404268.71, 5122663.86, 1501.98);
insert into STATION values (803, '23', 3015, 404267.86, 5122670.24, 1503.82);
insert into STATION values (804, '24', 3015, 404267.86, 5122670.24, 1509.67);
insert into STATION values (805, '25', 3015, 404266.43, 5122673.85, 1510.50);
insert into STATION values (806, '26', 3015, 404264.19, 5122676.12, 1509.76);
insert into STATION values (807, '27', 3015, 404262.61, 5122684.72, 1514.88);
insert into STATION values (808, '28', 3015, 404260.32, 5122689.29, 1516.44);
insert into STATION values (809, '29', 3015, 404260.32, 5122689.29, 1536.17);
insert into STATION values (810, '30', 3015, 404265.79, 5122684.12, 1537.09);
insert into STATION values (811, '31', 3015, 404270.10, 5122678.31, 1534.32);
insert into STATION values (812, '32', 3015, 404273.40, 5122674.85, 1533.98);
insert into STATION values (813, '33', 3015, 404273.22, 5122678.78, 1533.71);
insert into STATION values (814, '34', 3015, 404268.25, 5122680.15, 1533.71);
insert into STATION values (815, '35', 3015, 404268.25, 5122680.15, 1529.71);
insert into STATION values (816, '1', 3107, 404149.86, 5122495.10, 1421.03);
insert into STATION values (817, '2', 3107, 404151.48, 5122496.17, 1422.16);
insert into STATION values (818, '3', 3107, 404151.55, 5122496.19, 1438.43);
insert into STATION values (819, '4', 3107, 404149.19, 5122485.83, 1441.63);
insert into STATION values (820, '5', 3107, 404148.97, 5122479.52, 1441.68);
insert into STATION values (821, '6', 3107, 404148.12, 5122476.11, 1439.59);
insert into STATION values (822, '7', 3107, 404137.27, 5122466.36, 1427.01);
insert into STATION values (823, '8', 3107, 404137.27, 5122466.36, 1430.65);
insert into STATION values (824, '9', 3107, 404139.38, 5122466.79, 1435.98);
insert into STATION values (825, '10', 3107, 404144.94, 5122469.11, 1439.32);
insert into STATION values (826, '11', 3107, 404147.27, 5122466.39, 1438.36);
insert into STATION values (827, '12', 3107, 404147.27, 5122466.39, 1435.86);
insert into STATION values (828, '13', 3107, 404159.99, 5122465.16, 1443.57);
insert into STATION values (829, '14', 3107, 404160.07, 5122465.18, 1460.83);
insert into STATION values (830, '15', 3107, 404161.77, 5122464.38, 1460.81);
insert into STATION values (831, '2', 3162, 404123.89, 5122365.10, 1424.93);
insert into STATION values (832, '1', 3162, 404110.46, 5122363.78, 1427.80);
insert into STATION values (833, '3', 3162, 404129.71, 5122363.93, 1422.29);
insert into STATION values (834, '4', 3162, 404132.09, 5122369.70, 1425.47);
insert into STATION values (835, '5', 3162, 404135.38, 5122370.02, 1430.37);
insert into STATION values (836, '6', 3162, 404134.45, 5122372.95, 1432.68);
insert into STATION values (837, '7', 3162, 404144.28, 5122377.04, 1433.05);
insert into STATION values (838, '8', 3162, 404144.28, 5122377.04, 1442.30);
insert into STATION values (839, '9', 3162, 404145.21, 5122378.26, 1442.95);
insert into STATION values (840, '2', 3195, 404162.77, 5122463.82, 1460.80);
insert into STATION values (841, '1', 3195, 404161.77, 5122464.38, 1460.81);
insert into STATION values (842, '3', 3195, 404169.07, 5122463.46, 1460.86);
insert into STATION values (843, '4', 3195, 404170.48, 5122467.01, 1460.28);
insert into STATION values (844, '5', 3195, 404183.01, 5122469.81, 1461.34);
insert into STATION values (845, '6', 3195, 404192.10, 5122469.13, 1459.36);
insert into STATION values (846, '7', 3195, 404192.16, 5122469.14, 1474.51);
insert into STATION values (847, '8', 3195, 404199.33, 5122468.23, 1475.46);
insert into STATION values (848, '9', 3195, 404199.38, 5122468.24, 1487.13);
insert into STATION values (849, '10', 3195, 404197.36, 5122470.09, 1491.11);
insert into STATION values (850, '11', 3195, 404197.40, 5122483.42, 1494.38);
insert into STATION values (851, '12', 3195, 404196.54, 5122488.17, 1495.09);
insert into STATION values (852, '13', 3195, 404193.84, 5122495.96, 1497.23);
insert into STATION values (853, '14', 3195, 404193.43, 5122503.52, 1500.06);
insert into STATION values (854, '15', 3195, 404197.84, 5122502.80, 1505.39);
insert into STATION values (855, '16', 3195, 404203.06, 5122499.53, 1506.09);
insert into STATION values (856, '17', 3195, 404208.81, 5122498.90, 1507.78);
insert into STATION values (857, '18', 3195, 404211.08, 5122495.11, 1507.27);
insert into STATION values (858, '19', 3195, 404214.34, 5122498.53, 1508.14);
insert into STATION values (859, '20', 3195, 404214.35, 5122498.54, 1509.18);
insert into STATION values (860, '21', 3195, 404217.34, 5122498.31, 1507.27);
insert into STATION values (861, '22', 3195, 404219.61, 5122500.78, 1505.37);
insert into STATION values (862, '23', 3195, 404220.54, 5122501.52, 1501.59);
insert into STATION values (863, '24', 3195, 404219.81, 5122498.98, 1501.33);
insert into STATION values (864, '25', 3195, 404219.82, 5122498.99, 1500.38);
insert into STATION values (865, '2', 3246, 404156.60, 5122467.88, 1439.06);
insert into STATION values (866, '1', 3246, 404156.60, 5122467.88, 1435.56);
insert into STATION values (867, '3', 3246, 404155.82, 5122466.09, 1441.02);
insert into STATION values (868, '4', 3246, 404160.38, 5122462.08, 1440.38);
insert into STATION values (869, '5', 3246, 404159.28, 5122459.54, 1439.74);
insert into STATION values (870, '6', 3246, 404159.28, 5122459.54, 1438.54);
insert into STATION values (871, '7', 3246, 404159.28, 5122459.54, 1449.04);
insert into STATION values (872, '8', 3246, 404140.03, 5122466.78, 1434.93);
insert into STATION values (873, '9', 3246, 404142.64, 5122468.65, 1437.09);
insert into STATION values (874, '10', 3246, 404144.55, 5122464.99, 1437.52);
insert into STATION values (875, '11', 3246, 404144.70, 5122462.63, 1438.11);
insert into STATION values (876, '12', 3246, 404146.57, 5122464.36, 1438.20);
insert into STATION values (877, '13', 3246, 404146.57, 5122464.36, 1440.66);
insert into STATION values (878, '14', 3246, 404152.47, 5122464.01, 1440.97);
insert into STATION values (879, '15', 3246, 404152.26, 5122462.38, 1443.22);
insert into STATION values (880, '16', 3246, 404154.07, 5122457.58, 1444.70);
insert into STATION values (881, '17', 3246, 404160.54, 5122458.16, 1449.21);
insert into STATION values (882, '18', 3246, 404163.40, 5122461.28, 1454.25);
insert into STATION values (883, '19', 3246, 404166.39, 5122460.40, 1454.30);
insert into STATION values (884, '20', 3246, 404165.34, 5122458.09, 1455.33);
insert into STATION values (885, '21', 3246, 404168.37, 5122455.59, 1454.56);
insert into STATION values (886, '22', 3246, 404170.45, 5122460.38, 1454.56);
insert into STATION values (887, '23', 3246, 404169.98, 5122462.46, 1454.11);
insert into STATION values (888, '24', 3246, 404170.02, 5122464.09, 1454.23);
insert into STATION values (889, '25', 3246, 404172.12, 5122462.49, 1455.88);
insert into STATION values (890, '26', 3246, 404174.30, 5122461.76, 1456.45);
insert into STATION values (891, '27', 3246, 404175.40, 5122465.51, 1454.71);
insert into STATION values (892, '28', 3246, 404177.06, 5122462.47, 1455.64);
insert into STATION values (893, '29', 3246, 404178.54, 5122464.62, 1455.32);
insert into STATION values (894, '30', 3246, 404178.54, 5122464.62, 1457.69);
insert into STATION values (895, '31', 3246, 404183.04, 5122468.35, 1457.69);
insert into STATION values (896, '32', 3246, 404182.98, 5122465.93, 1461.28);
insert into STATION values (897, '33', 3246, 404183.01, 5122469.81, 1461.34);
insert into STATION values (898, '1', 3318, 404127.29, 5122465.51, 1415.59);
insert into STATION values (899, '2', 3318, 404125.08, 5122465.88, 1413.90);
insert into STATION values (900, '3', 3318, 404124.06, 5122467.11, 1404.80);
insert into STATION values (901, '4', 3318, 404124.06, 5122467.11, 1389.20);
insert into STATION values (902, '5', 3318, 404133.50, 5122461.57, 1414.55);
insert into STATION values (903, '6', 3318, 404140.13, 5122465.49, 1407.37);
insert into STATION values (904, '7', 3318, 404145.24, 5122471.50, 1409.05);
insert into STATION values (905, '8', 3318, 404137.19, 5122469.04, 1431.77);
insert into STATION values (906, '9', 3318, 404140.03, 5122466.78, 1434.93);
insert into STATION values (907, '2', 3361, 404271.68, 5122492.33, 1527.66);
insert into STATION values (908, '1', 3361, 404272.35, 5122488.70, 1526.01);
insert into STATION values (909, '3', 3361, 404268.04, 5122496.42, 1529.87);
insert into STATION values (910, '4', 3361, 404273.13, 5122494.72, 1528.10);
insert into STATION values (911, '5', 3361, 404274.38, 5122496.29, 1529.84);
insert into STATION values (912, '6', 3361, 404273.10, 5122500.56, 1530.79);
insert into STATION values (913, '7', 3361, 404273.47, 5122503.37, 1529.53);
insert into STATION values (914, '9', 3361, 404270.93, 5122494.50, 1524.29);
insert into STATION values (915, '8', 3361, 404265.57, 5122495.20, 1524.48);
insert into STATION values (916, '10', 3361, 404269.14, 5122500.93, 1525.47);
insert into STATION values (917, '11', 3361, 404270.43, 5122501.55, 1527.52);
insert into STATION values (918, '12', 3361, 404269.94, 5122503.96, 1527.86);
insert into STATION values (919, '13', 3361, 404274.14, 5122507.91, 1535.00);
insert into STATION values (920, '14', 3361, 404273.29, 5122510.60, 1535.25);
insert into STATION values (921, '15', 3361, 404273.29, 5122510.60, 1532.69);
insert into STATION values (922, '16', 3361, 404270.52, 5122510.86, 1537.71);
insert into STATION values (923, '17', 3361, 404270.02, 5122513.52, 1541.43);
insert into STATION values (924, '18', 3361, 404269.54, 5122516.09, 1541.70);
insert into STATION values (925, '19', 3361, 404276.75, 5122514.77, 1539.88);
insert into STATION values (926, '20', 3361, 404276.75, 5122514.77, 1544.88);
insert into STATION values (927, '21', 3361, 404268.90, 5122517.71, 1543.64);
insert into STATION values (928, '22', 3361, 404266.39, 5122529.93, 1540.99);
insert into STATION values (929, '23', 3361, 404256.35, 5122520.69, 1528.27);
insert into STATION values (930, '24', 3361, 404255.98, 5122511.91, 1526.24);
insert into STATION values (931, '25', 3361, 404259.50, 5122510.24, 1526.65);
insert into STATION values (932, '26', 3361, 404260.10, 5122511.34, 1526.91);
insert into STATION values (933, '2', 3447, 404142.63, 5122328.26, 1370.36);
insert into STATION values (934, '1', 3447, 404150.57, 5122332.46, 1374.13);
insert into STATION values (935, '3', 3447, 404148.14, 5122328.57, 1368.16);
insert into STATION values (936, '4', 3447, 404148.17, 5122328.60, 1364.73);
insert into STATION values (937, '5', 3447, 404141.65, 5122327.01, 1364.95);
insert into STATION values (938, '6', 3447, 404140.79, 5122327.44, 1363.33);
insert into STATION values (939, '7', 3447, 404140.15, 5122325.47, 1360.51);
insert into STATION values (940, '8', 3447, 404139.59, 5122325.62, 1345.46);
insert into STATION values (941, '9', 3447, 404135.96, 5122323.52, 1345.44);
insert into STATION values (942, '10', 3447, 404132.76, 5122321.59, 1346.26);
insert into STATION values (943, '11', 3447, 404127.63, 5122316.09, 1330.84);
insert into STATION values (944, '12', 3447, 404124.89, 5122315.75, 1327.92);
insert into STATION values (945, '13', 3447, 404123.84, 5122316.04, 1306.49);
insert into STATION values (946, '0', 3451, 404131.43, 5122297.16, 1269.60);
insert into STATION values (947, '.', 3451, 404131.89, 5122297.01, 1269.57);
insert into STATION values (948, '.', 3451, 404131.80, 5122297.65, 1269.69);
insert into STATION values (949, '.', 3451, 404131.50, 5122298.19, 1269.65);
insert into STATION values (950, '.', 3451, 404130.60, 5122298.00, 1269.71);
insert into STATION values (951, '.', 3451, 404129.74, 5122296.91, 1269.44);
insert into STATION values (952, '.', 3451, 404130.21, 5122297.42, 1269.66);
insert into STATION values (953, '.', 3451, 404131.24, 5122296.30, 1269.63);
insert into STATION values (954, '.', 3451, 404130.53, 5122295.43, 1269.95);
insert into STATION values (955, '.', 3451, 404130.66, 5122295.17, 1270.37);
insert into STATION values (956, '.', 3451, 404131.47, 5122296.62, 1272.95);
insert into STATION values (957, '.', 3451, 404130.93, 5122296.99, 1271.61);
insert into STATION values (958, '.', 3451, 404130.62, 5122297.07, 1271.11);
insert into STATION values (959, '.', 3451, 404130.43, 5122296.90, 1270.75);
insert into STATION values (960, '.', 3451, 404130.29, 5122297.09, 1270.43);
insert into STATION values (961, '1', 3451, 404130.88, 5122295.51, 1270.97);
insert into STATION values (962, '.', 3451, 404131.91, 5122295.45, 1270.88);
insert into STATION values (963, '.', 3451, 404131.76, 5122294.99, 1270.97);
insert into STATION values (964, '.', 3451, 404131.77, 5122294.47, 1270.95);
insert into STATION values (965, '.', 3451, 404131.97, 5122292.80, 1270.91);
insert into STATION values (966, '.', 3451, 404132.02, 5122290.99, 1270.88);
insert into STATION values (967, '.', 3451, 404133.45, 5122280.28, 1270.05);
insert into STATION values (968, '.', 3451, 404132.56, 5122284.85, 1270.36);
insert into STATION values (969, '.', 3451, 404131.83, 5122289.01, 1270.63);
insert into STATION values (970, '.', 3451, 404131.18, 5122291.34, 1270.74);
insert into STATION values (971, '.', 3451, 404131.00, 5122292.30, 1270.81);
insert into STATION values (972, '.', 3451, 404131.11, 5122292.81, 1270.88);
insert into STATION values (973, '.', 3451, 404132.08, 5122291.24, 1270.83);
insert into STATION values (974, '.', 3451, 404132.32, 5122291.60, 1270.81);
insert into STATION values (975, '.', 3451, 404132.54, 5122292.09, 1270.86);
insert into STATION values (976, '.', 3451, 404132.10, 5122293.98, 1270.98);
insert into STATION values (977, '.', 3451, 404131.98, 5122294.72, 1270.98);
insert into STATION values (978, '.', 3451, 404131.87, 5122295.26, 1271.03);
insert into STATION values (979, '.', 3451, 404132.00, 5122295.63, 1271.11);
insert into STATION values (980, '.', 3451, 404131.76, 5122296.18, 1271.08);
insert into STATION values (981, '.', 3451, 404131.52, 5122296.79, 1271.12);
insert into STATION values (982, '.', 3451, 404131.53, 5122297.99, 1271.05);
insert into STATION values (983, '.', 3451, 404131.29, 5122301.43, 1271.14);
insert into STATION values (984, '.', 3451, 404130.78, 5122298.38, 1269.59);
insert into STATION values (985, '.', 3451, 404130.83, 5122298.41, 1270.02);
insert into STATION values (986, '.', 3451, 404130.95, 5122298.35, 1270.43);
insert into STATION values (987, '.', 3451, 404131.04, 5122298.48, 1270.88);
insert into STATION values (988, '.', 3451, 404131.68, 5122302.22, 1271.91);
insert into STATION values (989, '.', 3451, 404130.66, 5122297.38, 1271.02);
insert into STATION values (990, '.', 3451, 404131.00, 5122297.54, 1271.12);
insert into STATION values (991, '.', 3451, 404134.01, 5122298.61, 1277.34);
insert into STATION values (992, '.', 3451, 404133.94, 5122297.99, 1275.98);
insert into STATION values (993, '.', 3451, 404133.11, 5122297.14, 1273.95);
insert into STATION values (994, '.', 3451, 404132.06, 5122296.35, 1272.21);
insert into STATION values (995, '.', 3451, 404132.65, 5122296.74, 1272.96);
insert into STATION values (996, '.', 3451, 404131.85, 5122296.21, 1271.48);
insert into STATION values (997, '.', 3451, 404131.84, 5122295.92, 1271.11);
insert into STATION values (998, '.', 3451, 404134.34, 5122297.18, 1279.61);
insert into STATION values (999, '.', 3451, 404134.57, 5122297.27, 1278.66);
insert into STATION values (1000, '.', 3451, 404133.88, 5122296.94, 1276.31);
insert into STATION values (1001, '.', 3451, 404133.54, 5122297.01, 1274.81);
insert into STATION values (1002, '.', 3451, 404132.80, 5122296.47, 1273.30);
insert into STATION values (1003, '.', 3451, 404134.58, 5122299.41, 1279.04);
insert into STATION values (1004, '2', 3451, 404134.18, 5122297.90, 1278.44);
insert into STATION values (1005, '3', 3451, 404131.26, 5122292.66, 1270.04);
insert into STATION values (1006, '.', 3451, 404132.28, 5122283.66, 1269.89);
insert into STATION values (1007, '.', 3451, 404131.45, 5122288.69, 1270.00);
insert into STATION values (1008, '.', 3451, 404131.04, 5122289.02, 1270.04);
insert into STATION values (1009, '.', 3451, 404129.42, 5122289.90, 1270.39);
insert into STATION values (1010, '.', 3451, 404130.75, 5122292.27, 1270.20);
insert into STATION values (1011, '.', 3451, 404130.72, 5122292.67, 1270.22);
insert into STATION values (1012, '.', 3451, 404130.78, 5122292.72, 1270.35);
insert into STATION values (1013, '.', 3451, 404135.16, 5122293.97, 1279.19);
insert into STATION values (1014, '.', 3451, 404136.32, 5122292.10, 1281.81);
insert into STATION values (1015, '.', 3451, 404135.07, 5122289.98, 1278.18);
insert into STATION values (1016, '.', 3451, 404136.86, 5122288.55, 1281.20);
insert into STATION values (1017, '.', 3451, 404136.47, 5122286.73, 1280.04);
insert into STATION values (1018, '.', 3451, 404137.23, 5122284.00, 1280.93);
insert into STATION values (1019, '.', 3451, 404137.65, 5122281.98, 1281.32);
insert into STATION values (1020, '.', 3451, 404133.58, 5122288.02, 1274.19);
insert into STATION values (1021, '.', 3451, 404131.54, 5122292.73, 1270.28);
insert into STATION values (1022, '.', 3451, 404132.40, 5122292.97, 1271.92);
insert into STATION values (1023, '.', 3451, 404132.72, 5122292.92, 1273.02);
insert into STATION values (1024, '.', 3451, 404136.13, 5122292.70, 1281.03);
insert into STATION values (1025, '.', 3451, 404134.46, 5122295.02, 1278.45);
insert into STATION values (1026, '.', 3451, 404134.48, 5122296.96, 1278.65);
insert into STATION values (1027, '.', 3451, 404133.80, 5122298.94, 1277.50);
insert into STATION values (1028, '.', 3451, 404133.95, 5122302.99, 1280.48);
insert into STATION values (1029, '.', 3451, 404133.35, 5122298.66, 1276.71);
insert into STATION values (1030, '.', 3451, 404131.78, 5122288.83, 1268.57);
insert into STATION values (1031, '4', 3451, 404131.76, 5122288.91, 1268.59);
insert into STATION values (1032, '.', 3451, 404131.79, 5122288.94, 1268.45);
insert into STATION values (1033, '.', 3451, 404131.59, 5122285.12, 1268.73);
insert into STATION values (1034, '.', 3451, 404130.69, 5122287.38, 1268.58);
insert into STATION values (1035, '.', 3451, 404130.77, 5122288.39, 1268.65);
insert into STATION values (1036, '.', 3451, 404130.36, 5122291.58, 1268.87);
insert into STATION values (1037, '.', 3451, 404129.93, 5122290.11, 1268.65);
insert into STATION values (1038, '.', 3451, 404129.96, 5122289.17, 1268.79);
insert into STATION values (1039, '.', 3451, 404131.86, 5122289.14, 1271.51);
insert into STATION values (1040, '.', 3451, 404131.27, 5122288.80, 1270.06);
insert into STATION values (1041, '.', 3451, 404131.12, 5122288.74, 1269.41);
insert into STATION values (1042, '5', 3451, 404130.17, 5122288.64, 1267.53);
insert into STATION values (1043, '.', 3451, 404128.60, 5122288.23, 1266.48);
insert into STATION values (1044, '6', 3451, 404128.54, 5122282.44, 1259.86);
insert into STATION values (1045, '7', 3451, 404128.15, 5122281.80, 1260.57);
insert into STATION values (1046, '.', 3451, 404128.67, 5122282.45, 1259.99);
insert into STATION values (1047, '8', 3451, 404127.99, 5122280.82, 1260.82);
insert into STATION values (1048, '.', 3451, 404129.55, 5122270.32, 1259.19);
insert into STATION values (1049, '.', 3451, 404129.26, 5122280.13, 1260.71);
insert into STATION values (1050, '.', 3451, 404129.91, 5122278.33, 1260.81);
insert into STATION values (1051, '.', 3451, 404130.03, 5122277.09, 1260.83);
insert into STATION values (1052, '.', 3451, 404130.91, 5122272.13, 1260.40);
insert into STATION values (1053, '.', 3451, 404128.03, 5122275.11, 1261.00);
insert into STATION values (1054, '.', 3451, 404127.49, 5122277.14, 1260.95);
insert into STATION values (1055, '.', 3451, 404127.51, 5122278.46, 1260.94);
insert into STATION values (1056, '.', 3451, 404127.72, 5122279.63, 1260.85);
insert into STATION values (1057, '.', 3451, 404130.17, 5122281.13, 1264.41);
insert into STATION values (1058, '.', 3451, 404133.35, 5122281.65, 1270.94);
insert into STATION values (1059, '.', 3451, 404129.09, 5122280.68, 1260.80);
insert into STATION values (1060, '.', 3451, 404128.90, 5122282.18, 1260.85);
insert into STATION values (1061, '.', 3451, 404128.85, 5122281.84, 1260.86);
insert into STATION values (1062, '.', 3451, 404128.77, 5122282.58, 1260.95);
insert into STATION values (1063, '.', 3451, 404127.99, 5122281.49, 1260.84);
insert into STATION values (1064, '.', 3451, 404128.07, 5122281.73, 1260.90);
insert into STATION values (1065, '.', 3451, 404134.09, 5122297.90, 1278.55);
insert into STATION values (1066, '.', 3451, 404134.25, 5122295.63, 1278.42);
insert into STATION values (1067, '.', 3451, 404133.55, 5122296.80, 1278.34);
insert into STATION values (1068, '.', 3451, 404133.90, 5122297.74, 1278.45);
insert into STATION values (1069, '.', 3451, 404133.66, 5122298.10, 1278.40);
insert into STATION values (1070, '.', 3451, 404133.65, 5122298.79, 1278.49);
insert into STATION values (1071, '.', 3451, 404130.93, 5122302.59, 1271.26);
insert into STATION values (1072, '.', 3451, 404131.11, 5122301.45, 1271.22);
insert into STATION values (1073, '.', 3451, 404131.18, 5122298.73, 1270.94);
insert into STATION values (1074, '.', 3451, 404130.17, 5122288.99, 1265.93);
insert into STATION values (1075, '.', 3451, 404131.29, 5122292.78, 1269.62);
insert into STATION values (1076, '.', 3451, 404131.39, 5122294.01, 1270.02);
insert into STATION values (1077, '.', 3451, 404130.98, 5122295.32, 1269.51);
insert into STATION values (1078, '.', 3451, 404134.70, 5122286.71, 1275.46);
insert into STATION values (1079, '.', 3451, 404134.46, 5122282.55, 1273.09);
insert into STATION values (1080, '.', 3451, 404133.90, 5122287.96, 1273.63);
insert into STATION values (1081, '.', 3451, 404132.16, 5122284.32, 1269.45);
insert into STATION values (1082, '9', 3451, 404133.45, 5122300.84, 1278.66);
insert into STATION values (1083, '.', 3451, 404132.96, 5122303.84, 1278.88);
insert into STATION values (1084, '.', 3451, 404133.88, 5122300.82, 1278.65);
insert into STATION values (1085, '.', 3451, 404133.78, 5122300.23, 1278.61);
insert into STATION values (1086, '.', 3451, 404135.30, 5122288.10, 1277.03);
insert into STATION values (1087, '.', 3451, 404133.37, 5122299.06, 1278.40);
insert into STATION values (1088, '.', 3451, 404133.29, 5122300.91, 1278.65);
insert into STATION values (1089, '.', 3451, 404133.28, 5122301.63, 1278.63);
insert into STATION values (1090, '.', 3451, 404134.38, 5122300.89, 1280.51);
insert into STATION values (1091, '.', 3451, 404134.20, 5122300.88, 1280.14);
insert into STATION values (1092, '10', 3451, 404134.20, 5122300.88, 1280.15);
insert into STATION values (1093, '.', 3451, 404134.17, 5122300.91, 1280.16);
insert into STATION values (1094, '.', 3451, 404133.54, 5122300.87, 1279.86);
insert into STATION values (1095, '.', 3451, 404132.89, 5122300.81, 1281.06);
insert into STATION values (1096, '.', 3451, 404132.58, 5122300.53, 1279.90);
insert into STATION values (1097, '.', 3451, 404132.78, 5122298.85, 1279.06);
insert into STATION values (1098, '.', 3451, 404132.38, 5122300.07, 1279.08);
insert into STATION values (1099, '.', 3451, 404132.69, 5122300.18, 1279.47);
insert into STATION values (1100, '.', 3451, 404131.66, 5122304.84, 1278.41);
insert into STATION values (1101, '.', 3451, 404131.64, 5122302.39, 1278.85);
insert into STATION values (1102, '.', 3451, 404131.77, 5122301.88, 1278.97);
insert into STATION values (1103, '.', 3451, 404131.64, 5122307.86, 1275.51);
insert into STATION values (1104, '11', 3451, 404132.56, 5122307.15, 1277.32);
insert into STATION values (1105, '.', 3451, 404131.56, 5122314.03, 1282.54);
insert into STATION values (1106, '.', 3451, 404132.81, 5122309.23, 1279.04);
insert into STATION values (1107, '.', 3451, 404133.48, 5122308.47, 1278.76);
insert into STATION values (1108, '.', 3451, 404133.50, 5122307.70, 1278.56);
insert into STATION values (1109, '.', 3451, 404133.58, 5122306.88, 1278.42);
insert into STATION values (1110, '.', 3451, 404133.59, 5122306.21, 1278.41);
insert into STATION values (1111, '.', 3451, 404133.75, 5122305.05, 1278.61);
insert into STATION values (1112, '.', 3451, 404133.77, 5122302.25, 1279.05);
insert into STATION values (1113, '.', 3451, 404133.78, 5122299.52, 1279.48);
insert into STATION values (1114, '.', 3451, 404133.25, 5122300.70, 1279.22);
insert into STATION values (1115, '.', 3451, 404132.44, 5122304.92, 1278.07);
insert into STATION values (1116, '.', 3451, 404132.30, 5122305.58, 1277.97);
insert into STATION values (1117, '.', 3451, 404132.12, 5122306.01, 1277.94);
insert into STATION values (1118, '.', 3451, 404131.96, 5122306.67, 1277.88);
insert into STATION values (1119, '.', 3451, 404132.05, 5122307.12, 1277.88);
insert into STATION values (1120, '.', 3451, 404132.18, 5122307.57, 1277.97);
insert into STATION values (1121, '.', 3451, 404132.16, 5122307.04, 1278.25);
insert into STATION values (1122, '.', 3451, 404132.21, 5122307.08, 1278.56);
insert into STATION values (1123, '.', 3451, 404132.33, 5122307.31, 1280.06);
insert into STATION values (1124, '.', 3451, 404132.81, 5122307.18, 1278.69);
insert into STATION values (1125, '.', 3451, 404133.43, 5122307.21, 1279.17);
insert into STATION values (1126, '.', 3451, 404133.29, 5122307.66, 1278.75);
insert into STATION values (1127, '12', 3451, 404131.91, 5122309.80, 1279.91);
insert into STATION values (1128, '.', 3451, 404131.54, 5122314.32, 1283.00);
insert into STATION values (1129, '.', 3451, 404132.66, 5122314.30, 1282.65);
insert into STATION values (1130, '.', 3451, 404134.21, 5122314.66, 1283.22);
insert into STATION values (1131, '.', 3451, 404135.35, 5122313.17, 1282.84);
insert into STATION values (1132, '.', 3451, 404135.18, 5122311.00, 1282.32);
insert into STATION values (1133, '.', 3451, 404134.50, 5122309.64, 1281.69);
insert into STATION values (1134, '.', 3451, 404134.30, 5122308.67, 1281.76);
insert into STATION values (1135, '.', 3451, 404131.71, 5122310.03, 1281.06);
insert into STATION values (1136, '.', 3451, 404131.08, 5122312.13, 1281.95);
insert into STATION values (1137, '.', 3451, 404131.28, 5122313.57, 1282.25);
insert into STATION values (1138, '.', 3451, 404131.96, 5122308.88, 1281.30);
insert into STATION values (1139, '.', 3451, 404132.42, 5122307.58, 1281.62);
insert into STATION values (1140, '.', 3451, 404132.90, 5122306.25, 1282.21);
insert into STATION values (1141, '.', 3451, 404133.51, 5122304.47, 1282.87);
insert into STATION values (1142, '.', 3451, 404135.19, 5122301.31, 1285.27);
insert into STATION values (1143, '.', 3451, 404135.40, 5122298.78, 1285.38);
insert into STATION values (1144, '13', 3451, 404133.73, 5122310.38, 1280.75);
insert into STATION values (1145, '.', 3451, 404135.52, 5122310.98, 1281.67);
insert into STATION values (1146, '.', 3451, 404133.25, 5122311.22, 1299.70);
insert into STATION values (1147, '.', 3451, 404133.97, 5122311.88, 1299.59);
insert into STATION values (1148, '.', 3451, 404134.45, 5122311.60, 1291.66);
insert into STATION values (1149, '.', 3451, 404132.85, 5122312.64, 1289.66);
insert into STATION values (1150, '.', 3451, 404132.75, 5122312.75, 1287.06);
insert into STATION values (1151, '.', 3451, 404132.48, 5122313.24, 1285.77);
insert into STATION values (1152, '.', 3451, 404132.23, 5122313.46, 1284.69);
insert into STATION values (1153, '.', 3451, 404132.12, 5122313.81, 1283.62);
insert into STATION values (1154, '.', 3451, 404132.20, 5122313.72, 1282.04);
insert into STATION values (1155, '.', 3451, 404131.91, 5122314.07, 1280.93);
insert into STATION values (1156, '.', 3451, 404130.77, 5122312.22, 1281.44);
insert into STATION values (1157, '.', 3451, 404130.78, 5122311.21, 1281.51);
insert into STATION values (1158, '.', 3451, 404131.02, 5122310.61, 1281.48);
insert into STATION values (1159, '.', 3451, 404131.33, 5122309.65, 1281.63);
insert into STATION values (1160, '.', 3451, 404131.52, 5122309.10, 1281.59);
insert into STATION values (1161, '.', 3451, 404131.74, 5122308.60, 1281.77);
insert into STATION values (1162, '14', 3451, 404133.72, 5122312.43, 1280.93);
insert into STATION values (1163, '.', 3451, 404134.20, 5122314.43, 1281.08);
insert into STATION values (1164, '15', 3451, 404130.25, 5122310.24, 1300.57);
insert into STATION values (1165, '16', 3451, 404125.03, 5122312.25, 1302.72);
insert into STATION values (1166, '17', 3451, 404126.75, 5122314.92, 1306.72);
insert into STATION values (1167, '18', 3451, 404123.84, 5122316.04, 1306.49);
insert into STATION values (1168, '1', 3524, 404118.21, 5122283.41, 1284.39);
insert into STATION values (1169, '2', 3524, 404113.71, 5122284.24, 1284.10);
insert into STATION values (1170, '3', 3524, 404113.16, 5122283.64, 1284.45);
insert into STATION values (1171, '4', 3524, 404114.12, 5122288.11, 1286.36);
insert into STATION values (1172, '5', 3524, 404115.93, 5122287.61, 1287.12);
insert into STATION values (1173, '6', 3524, 404113.46, 5122290.41, 1287.92);
insert into STATION values (1174, '7', 3524, 404115.64, 5122292.31, 1287.04);
insert into STATION values (1175, '8', 3524, 404115.76, 5122292.11, 1289.12);
insert into STATION values (1176, '9', 3524, 404118.22, 5122295.00, 1289.32);
insert into STATION values (1177, '10', 3524, 404118.83, 5122294.13, 1289.27);
insert into STATION values (1178, '11', 3524, 404121.46, 5122299.05, 1292.81);
insert into STATION values (1179, '12', 3524, 404120.33, 5122297.83, 1292.83);
insert into STATION values (1180, '13', 3524, 404119.28, 5122300.71, 1296.29);
insert into STATION values (1181, '14', 3524, 404117.82, 5122303.73, 1298.02);
insert into STATION values (1182, '15', 3524, 404115.81, 5122305.02, 1298.33);
insert into STATION values (1183, '16', 3524, 404115.96, 5122305.83, 1298.78);
insert into STATION values (1184, '17', 3524, 404113.88, 5122307.86, 1298.93);
insert into STATION values (1185, '18', 3524, 404111.77, 5122310.68, 1300.09);
insert into STATION values (1186, '19', 3524, 404114.40, 5122310.24, 1300.76);
insert into STATION values (1187, '20', 3524, 404112.75, 5122315.67, 1300.65);
insert into STATION values (1188, '21', 3524, 404116.93, 5122318.05, 1302.20);
insert into STATION values (1189, '22', 3524, 404117.34, 5122317.31, 1303.21);
insert into STATION values (1190, '23', 3524, 404123.96, 5122317.27, 1305.58);
insert into STATION values (1191, '24', 3524, 404125.40, 5122317.22, 1306.23);
insert into STATION values (1192, '25', 3524, 404123.84, 5122316.04, 1306.49);
insert into STATION values (1193, '2', 3599, 404115.57, 5122276.12, 1278.03);
insert into STATION values (1194, '1', 3599, 404115.99, 5122274.18, 1276.95);
insert into STATION values (1195, '3', 3599, 404116.62, 5122280.89, 1282.05);
insert into STATION values (1196, '4', 3599, 404118.21, 5122283.41, 1284.39);
insert into STATION values (1197, '1', 3624, 404097.73, 5122252.26, 1252.12);
insert into STATION values (1198, '2', 3624, 404100.01, 5122251.96, 1255.54);
insert into STATION values (1199, '3', 3624, 404102.06, 5122253.26, 1258.33);
insert into STATION values (1200, '4', 3624, 404103.85, 5122255.22, 1258.61);
insert into STATION values (1201, '5', 3624, 404105.39, 5122254.70, 1259.04);
insert into STATION values (1202, '6', 3624, 404106.84, 5122255.90, 1263.69);
insert into STATION values (1203, '7', 3624, 404107.38, 5122257.34, 1264.13);
insert into STATION values (1204, '8', 3624, 404108.71, 5122258.56, 1263.68);
insert into STATION values (1205, '9', 3624, 404107.85, 5122262.15, 1263.68);
insert into STATION values (1206, '10', 3624, 404107.53, 5122264.54, 1267.26);
insert into STATION values (1207, '11', 3624, 404110.42, 5122265.80, 1267.98);
insert into STATION values (1208, '12', 3624, 404109.62, 5122268.18, 1269.32);
insert into STATION values (1209, '13', 3624, 404113.44, 5122269.76, 1271.71);
insert into STATION values (1210, '14', 3624, 404114.88, 5122273.83, 1275.46);
insert into STATION values (1211, '15', 3624, 404115.99, 5122274.18, 1276.95);
insert into STATION values (1212, '2', 3672, 404090.22, 5122254.77, 1245.48);
insert into STATION values (1213, '1', 3672, 404097.73, 5122252.26, 1252.12);
insert into STATION values (1214, '3', 3672, 404088.14, 5122252.99, 1245.48);
insert into STATION values (1215, '4', 3672, 404077.40, 5122250.02, 1235.44);
insert into STATION values (1216, '5', 3672, 404090.22, 5122254.77, 1236.86);
insert into STATION values (1217, '0', 3691, 403996.23, 5122252.16, 1177.85);
insert into STATION values (1218, '.', 3691, 403997.55, 5122252.64, 1177.64);
insert into STATION values (1219, '.', 3691, 403997.04, 5122253.47, 1177.60);
insert into STATION values (1220, '.', 3691, 403999.30, 5122270.83, 1175.93);
insert into STATION values (1221, '.', 3691, 403996.47, 5122252.97, 1182.12);
insert into STATION values (1222, '.', 3691, 403995.79, 5122252.25, 1179.16);
insert into STATION values (1223, '.', 3691, 403996.24, 5122252.35, 1179.95);
insert into STATION values (1224, '.', 3691, 403996.40, 5122252.17, 1178.85);
insert into STATION values (1225, '.', 3691, 403995.65, 5122252.10, 1177.82);
insert into STATION values (1226, '.', 3691, 403995.66, 5122252.08, 1178.16);
insert into STATION values (1227, '.', 3691, 403995.74, 5122252.10, 1178.52);
insert into STATION values (1228, '.', 3691, 403995.73, 5122251.65, 1177.64);
insert into STATION values (1229, '.', 3691, 403995.88, 5122250.49, 1177.85);
insert into STATION values (1230, '1', 3691, 403998.04, 5122248.78, 1177.60);
insert into STATION values (1231, '.', 3691, 403996.14, 5122248.93, 1177.68);
insert into STATION values (1232, '.', 3691, 403995.51, 5122250.21, 1177.93);
insert into STATION values (1233, '.', 3691, 403995.29, 5122251.47, 1178.05);
insert into STATION values (1234, '.', 3691, 403993.82, 5122251.89, 1178.08);
insert into STATION values (1235, '.', 3691, 403995.59, 5122245.51, 1177.56);
insert into STATION values (1236, '.', 3691, 403995.81, 5122246.88, 1177.62);
insert into STATION values (1237, '.', 3691, 403996.03, 5122247.73, 1177.46);
insert into STATION values (1238, '.', 3691, 403997.50, 5122248.47, 1174.45);
insert into STATION values (1239, '.', 3691, 403995.91, 5122244.35, 1177.07);
insert into STATION values (1240, '2', 3691, 403995.85, 5122243.92, 1174.77);
insert into STATION values (1241, '.', 3691, 403996.03, 5122243.94, 1175.41);
insert into STATION values (1242, '.', 3691, 404001.50, 5122243.62, 1180.39);
insert into STATION values (1243, '.', 3691, 404003.78, 5122245.42, 1180.53);
insert into STATION values (1244, '.', 3691, 404005.66, 5122248.03, 1179.99);
insert into STATION values (1245, '.', 3691, 404001.55, 5122242.28, 1178.71);
insert into STATION values (1246, '.', 3691, 403998.72, 5122241.61, 1177.66);
insert into STATION values (1247, '.', 3691, 403998.50, 5122240.78, 1178.45);
insert into STATION values (1248, '.', 3691, 403998.34, 5122249.00, 1176.55);
insert into STATION values (1249, '.', 3691, 404000.53, 5122247.80, 1177.06);
insert into STATION values (1250, '.', 3691, 404003.70, 5122247.62, 1178.05);
insert into STATION values (1251, '3', 3691, 404001.30, 5122242.52, 1176.83);
insert into STATION values (1252, '.', 3691, 403996.16, 5122242.11, 1177.49);
insert into STATION values (1253, '.', 3691, 403996.21, 5122244.28, 1177.14);
insert into STATION values (1254, '.', 3691, 403996.78, 5122246.64, 1176.72);
insert into STATION values (1255, '.', 3691, 403999.51, 5122245.52, 1176.77);
insert into STATION values (1256, '.', 3691, 404000.86, 5122247.82, 1176.87);
insert into STATION values (1257, '.', 3691, 404002.34, 5122248.52, 1176.34);
insert into STATION values (1258, '.', 3691, 404003.53, 5122249.51, 1175.93);
insert into STATION values (1259, '.', 3691, 404005.29, 5122249.57, 1174.83);
insert into STATION values (1260, '.', 3691, 404009.92, 5122258.31, 1172.18);
insert into STATION values (1261, '.', 3691, 404006.85, 5122248.01, 1175.75);
insert into STATION values (1262, '.', 3691, 404004.26, 5122244.49, 1176.43);
insert into STATION values (1263, '.', 3691, 404003.21, 5122243.37, 1177.37);
insert into STATION values (1264, '.', 3691, 404001.58, 5122242.08, 1177.54);
insert into STATION values (1265, '.', 3691, 404001.62, 5122241.98, 1178.58);
insert into STATION values (1266, '.', 3691, 404001.22, 5122242.74, 1179.42);
insert into STATION values (1267, '.', 3691, 404000.87, 5122243.13, 1179.55);
insert into STATION values (1268, '.', 3691, 403999.84, 5122244.42, 1180.59);
insert into STATION values (1269, '.', 3691, 403999.47, 5122246.25, 1179.29);
insert into STATION values (1270, '.', 3691, 403999.40, 5122247.03, 1177.11);
insert into STATION values (1271, '.', 3691, 403999.52, 5122248.20, 1176.31);
insert into STATION values (1272, '4', 3691, 404008.37, 5122255.37, 1172.63);
insert into STATION values (1273, '.', 3691, 404009.52, 5122254.59, 1172.85);
insert into STATION values (1274, '.', 3691, 404009.73, 5122254.55, 1174.01);
insert into STATION values (1275, '.', 3691, 404011.11, 5122253.94, 1177.39);
insert into STATION values (1276, '.', 3691, 404010.29, 5122254.61, 1179.38);
insert into STATION values (1277, '.', 3691, 404009.49, 5122255.55, 1182.94);
insert into STATION values (1278, '.', 3691, 404007.29, 5122255.96, 1172.48);
insert into STATION values (1279, '.', 3691, 404007.68, 5122255.88, 1173.25);
insert into STATION values (1280, '.', 3691, 404007.78, 5122255.87, 1173.75);
insert into STATION values (1281, '.', 3691, 404008.06, 5122255.94, 1174.37);
insert into STATION values (1282, '.', 3691, 404002.74, 5122246.54, 1173.51);
insert into STATION values (1283, '.', 3691, 404006.21, 5122247.61, 1173.36);
insert into STATION values (1284, '.', 3691, 404007.93, 5122249.83, 1173.20);
insert into STATION values (1285, '.', 3691, 404008.79, 5122252.27, 1172.97);
insert into STATION values (1286, '.', 3691, 404008.63, 5122253.16, 1172.64);
insert into STATION values (1287, '.', 3691, 404007.41, 5122255.72, 1172.66);
insert into STATION values (1288, '.', 3691, 404007.58, 5122256.16, 1172.69);
insert into STATION values (1289, '5', 3691, 404007.19, 5122258.05, 1170.99);
insert into STATION values (1290, '.', 3691, 404009.44, 5122258.09, 1170.77);
insert into STATION values (1291, '.', 3691, 404010.52, 5122258.40, 1170.57);
insert into STATION values (1292, '.', 3691, 404008.21, 5122257.23, 1170.99);
insert into STATION values (1293, '.', 3691, 404007.83, 5122259.82, 1170.76);
insert into STATION values (1294, '.', 3691, 404005.94, 5122258.69, 1170.75);
insert into STATION values (1295, '.', 3691, 404006.15, 5122258.56, 1170.89);
insert into STATION values (1296, '.', 3691, 404006.07, 5122258.93, 1170.95);
insert into STATION values (1297, '.', 3691, 404010.29, 5122254.59, 1173.99);
insert into STATION values (1298, '.', 3691, 404007.50, 5122257.86, 1171.20);
insert into STATION values (1299, '6', 3691, 404009.24, 5122260.40, 1169.16);
insert into STATION values (1300, '.', 3691, 404011.31, 5122262.96, 1167.71);
insert into STATION values (1301, '.', 3691, 404008.99, 5122260.84, 1169.21);
insert into STATION values (1302, '.', 3691, 404009.53, 5122260.92, 1169.23);
insert into STATION values (1303, '.', 3691, 404010.03, 5122260.09, 1169.28);
insert into STATION values (1304, '.', 3691, 404010.40, 5122260.19, 1169.33);
insert into STATION values (1305, '.', 3691, 404009.66, 5122259.46, 1169.41);
insert into STATION values (1306, '.', 3691, 404009.63, 5122259.17, 1169.53);
insert into STATION values (1307, '.', 3691, 404008.10, 5122260.14, 1169.57);
insert into STATION values (1308, '.', 3691, 404006.65, 5122259.49, 1170.12);
insert into STATION values (1309, '7', 3691, 404011.77, 5122262.93, 1169.38);
insert into STATION values (1310, '.', 3691, 404014.68, 5122260.55, 1170.47);
insert into STATION values (1311, '.', 3691, 404013.63, 5122259.80, 1170.93);
insert into STATION values (1312, '.', 3691, 404011.94, 5122260.72, 1170.59);
insert into STATION values (1313, '.', 3691, 404011.44, 5122261.50, 1170.00);
insert into STATION values (1314, '.', 3691, 404010.91, 5122261.54, 1169.76);
insert into STATION values (1315, '.', 3691, 404010.89, 5122261.11, 1170.11);
insert into STATION values (1316, '.', 3691, 404012.01, 5122262.90, 1171.00);
insert into STATION values (1317, '.', 3691, 404011.67, 5122262.12, 1170.91);
insert into STATION values (1318, '.', 3691, 404011.79, 5122261.40, 1170.96);
insert into STATION values (1319, '.', 3691, 404011.76, 5122261.38, 1169.86);
insert into STATION values (1320, '.', 3691, 404011.75, 5122261.70, 1169.21);
insert into STATION values (1321, '.', 3691, 404011.78, 5122261.89, 1168.73);
insert into STATION values (1322, '8', 3691, 404013.50, 5122262.05, 1168.76);
insert into STATION values (1323, '.', 3691, 404015.10, 5122260.89, 1168.26);
insert into STATION values (1324, '9', 3691, 404014.61, 5122262.63, 1166.86);
insert into STATION values (1325, '.', 3691, 404015.70, 5122263.34, 1164.97);
insert into STATION values (1326, '.', 3691, 404014.89, 5122260.65, 1167.13);
insert into STATION values (1327, '.', 3691, 404014.40, 5122260.28, 1167.15);
insert into STATION values (1328, '.', 3691, 404014.18, 5122261.30, 1167.04);
insert into STATION values (1329, '.', 3691, 404014.98, 5122261.41, 1167.47);
insert into STATION values (1330, '.', 3691, 404014.90, 5122261.55, 1169.73);
insert into STATION values (1331, '.', 3691, 404014.27, 5122261.80, 1170.96);
insert into STATION values (1332, '.', 3691, 404013.86, 5122262.79, 1170.71);
insert into STATION values (1333, '.', 3691, 404012.91, 5122263.15, 1171.07);
insert into STATION values (1334, '.', 3691, 404017.10, 5122264.68, 1169.99);
insert into STATION values (1335, '.', 3691, 404018.48, 5122264.27, 1169.06);
insert into STATION values (1336, '.', 3691, 404018.51, 5122264.25, 1168.61);
insert into STATION values (1337, '.', 3691, 404016.35, 5122262.21, 1167.32);
insert into STATION values (1338, '.', 3691, 404015.81, 5122261.83, 1167.10);
insert into STATION values (1339, '10', 3691, 404014.77, 5122260.49, 1166.09);
insert into STATION values (1340, '.', 3691, 404014.86, 5122260.39, 1164.83);
insert into STATION values (1341, '.', 3691, 404014.11, 5122260.83, 1165.05);
insert into STATION values (1342, '.', 3691, 404014.52, 5122260.65, 1166.10);
insert into STATION values (1343, '.', 3691, 404014.39, 5122260.74, 1166.91);
insert into STATION values (1344, '.', 3691, 404014.39, 5122260.53, 1167.72);
insert into STATION values (1345, '.', 3691, 404014.78, 5122260.52, 1167.34);
insert into STATION values (1346, '.', 3691, 404014.85, 5122260.49, 1166.49);
insert into STATION values (1347, '11', 3691, 404012.14, 5122257.29, 1165.96);
insert into STATION values (1348, '.', 3691, 404009.37, 5122254.22, 1165.86);
insert into STATION values (1349, '.', 3691, 404011.83, 5122257.58, 1166.04);
insert into STATION values (1350, '.', 3691, 404011.96, 5122257.57, 1166.43);
insert into STATION values (1351, '.', 3691, 404011.97, 5122257.49, 1168.14);
insert into STATION values (1352, '.', 3691, 404012.44, 5122257.10, 1167.22);
insert into STATION values (1353, '.', 3691, 404012.72, 5122256.92, 1166.98);
insert into STATION values (1354, '.', 3691, 404012.28, 5122256.96, 1166.25);
insert into STATION values (1355, '.', 3691, 404012.00, 5122257.28, 1165.08);
insert into STATION values (1356, '.', 3691, 404011.52, 5122257.50, 1165.33);
insert into STATION values (1357, '.', 3691, 404010.15, 5122256.38, 1166.29);
insert into STATION values (1358, '.', 3691, 404012.27, 5122257.98, 1166.08);
insert into STATION values (1359, '.', 3691, 404012.87, 5122258.70, 1166.21);
insert into STATION values (1360, '.', 3691, 404010.16, 5122255.85, 1166.42);
insert into STATION values (1361, '.', 3691, 404010.20, 5122255.88, 1166.41);
insert into STATION values (1362, '.', 3691, 404010.04, 5122256.18, 1166.44);
insert into STATION values (1363, '.', 3691, 404014.10, 5122258.03, 1165.74);
insert into STATION values (1364, '.', 3691, 404013.87, 5122257.24, 1165.68);
insert into STATION values (1365, '.', 3691, 404013.33, 5122256.54, 1165.67);
insert into STATION values (1366, '.', 3691, 404013.00, 5122256.16, 1165.72);
insert into STATION values (1367, '.', 3691, 404012.89, 5122255.79, 1165.85);
insert into STATION values (1368, '.', 3691, 404012.73, 5122252.49, 1165.37);
insert into STATION values (1369, '.', 3691, 404012.26, 5122252.22, 1165.60);
insert into STATION values (1370, '.', 3691, 404010.71, 5122251.34, 1165.64);
insert into STATION values (1371, '.', 3691, 404009.19, 5122250.22, 1165.21);
insert into STATION values (1372, '.', 3691, 404011.08, 5122256.89, 1166.05);
insert into STATION values (1373, '.', 3691, 404010.61, 5122256.14, 1166.01);
insert into STATION values (1374, '.', 3691, 404010.42, 5122255.37, 1165.49);
insert into STATION values (1375, '12', 3691, 404010.12, 5122254.48, 1164.85);
insert into STATION values (1376, '.', 3691, 404008.15, 5122251.60, 1163.83);
insert into STATION values (1377, '.', 3691, 404013.35, 5122255.49, 1165.17);
insert into STATION values (1378, '.', 3691, 404013.58, 5122254.09, 1165.32);
insert into STATION values (1379, '.', 3691, 404013.91, 5122253.05, 1165.45);
insert into STATION values (1380, '.', 3691, 404012.78, 5122252.31, 1165.44);
insert into STATION values (1381, '.', 3691, 404011.82, 5122251.61, 1165.46);
insert into STATION values (1382, '.', 3691, 404010.64, 5122251.38, 1165.50);
insert into STATION values (1383, '.', 3691, 404009.99, 5122250.66, 1166.56);
insert into STATION values (1384, '.', 3691, 404010.20, 5122254.23, 1168.25);
insert into STATION values (1385, '.', 3691, 404010.14, 5122254.20, 1166.32);
insert into STATION values (1386, '.', 3691, 404011.44, 5122253.69, 1166.58);
insert into STATION values (1387, '.', 3691, 404012.57, 5122253.26, 1166.07);
insert into STATION values (1388, '.', 3691, 404010.68, 5122254.20, 1163.93);
insert into STATION values (1389, '.', 3691, 404011.65, 5122253.19, 1164.06);
insert into STATION values (1390, '13', 3691, 404009.72, 5122250.97, 1166.33);
insert into STATION values (1391, '.', 3691, 404008.33, 5122250.00, 1166.30);
insert into STATION values (1392, '.', 3691, 404005.35, 5122249.79, 1165.96);
insert into STATION values (1393, '.', 3691, 404006.98, 5122251.14, 1166.06);
insert into STATION values (1394, '.', 3691, 404007.46, 5122251.52, 1166.11);
insert into STATION values (1395, '.', 3691, 404009.31, 5122252.89, 1165.75);
insert into STATION values (1396, '.', 3691, 404010.42, 5122255.14, 1165.75);
insert into STATION values (1397, '.', 3691, 404012.76, 5122257.11, 1165.78);
insert into STATION values (1398, '.', 3691, 404014.88, 5122259.16, 1165.33);
insert into STATION values (1399, '.', 3691, 404012.27, 5122256.18, 1165.18);
insert into STATION values (1400, '.', 3691, 404006.53, 5122253.26, 1166.12);
insert into STATION values (1401, '14', 3691, 404005.57, 5122249.15, 1166.04);
insert into STATION values (1402, '.', 3691, 404004.75, 5122249.36, 1167.69);
insert into STATION values (1403, '.', 3691, 404005.07, 5122249.19, 1167.46);
insert into STATION values (1404, '.', 3691, 404005.98, 5122249.16, 1167.05);
insert into STATION values (1405, '.', 3691, 404006.95, 5122248.54, 1166.10);
insert into STATION values (1406, '.', 3691, 404007.18, 5122249.09, 1166.13);
insert into STATION values (1407, '.', 3691, 404006.58, 5122248.39, 1166.11);
insert into STATION values (1408, '.', 3691, 404006.61, 5122248.58, 1165.09);
insert into STATION values (1409, '.', 3691, 404007.30, 5122249.26, 1166.16);
insert into STATION values (1410, '.', 3691, 404008.69, 5122250.58, 1166.05);
insert into STATION values (1411, '.', 3691, 404012.83, 5122254.52, 1165.88);
insert into STATION values (1412, '.', 3691, 404006.83, 5122250.20, 1166.11);
insert into STATION values (1413, '.', 3691, 404010.96, 5122251.76, 1165.99);
insert into STATION values (1414, '15', 3691, 404015.76, 5122262.44, 1166.04);
insert into STATION values (1415, '.', 3691, 404017.04, 5122262.32, 1165.40);
insert into STATION values (1416, '.', 3691, 404015.96, 5122262.43, 1169.66);
insert into STATION values (1417, '.', 3691, 404014.90, 5122263.30, 1171.53);
insert into STATION values (1418, '.', 3691, 404014.24, 5122263.11, 1169.79);
insert into STATION values (1419, '.', 3691, 404017.36, 5122266.56, 1170.99);
insert into STATION values (1420, '16', 3691, 404016.05, 5122264.15, 1168.08);
insert into STATION values (1421, '.', 3691, 404016.72, 5122265.82, 1170.05);
insert into STATION values (1422, '.', 3691, 404016.17, 5122264.15, 1170.73);
insert into STATION values (1423, '.', 3691, 404016.99, 5122263.37, 1169.96);
insert into STATION values (1424, '.', 3691, 404018.27, 5122262.54, 1169.96);
insert into STATION values (1425, '.', 3691, 404017.22, 5122263.15, 1168.04);
insert into STATION values (1426, '.', 3691, 404017.52, 5122263.57, 1167.82);
insert into STATION values (1427, '.', 3691, 404016.71, 5122264.93, 1164.89);
insert into STATION values (1428, '.', 3691, 404016.51, 5122263.99, 1166.99);
insert into STATION values (1429, '.', 3691, 404016.93, 5122263.28, 1167.09);
insert into STATION values (1430, '.', 3691, 404017.13, 5122263.01, 1167.38);
insert into STATION values (1431, '.', 3691, 404017.23, 5122262.76, 1168.13);
insert into STATION values (1432, '.', 3691, 404015.98, 5122261.94, 1168.04);
insert into STATION values (1433, '.', 3691, 404015.01, 5122261.22, 1167.85);
insert into STATION values (1434, '.', 3691, 404014.30, 5122261.47, 1167.80);
insert into STATION values (1435, '.', 3691, 404012.86, 5122261.04, 1168.56);
insert into STATION values (1436, '17', 3691, 404020.81, 5122261.05, 1168.26);
insert into STATION values (1437, '.', 3691, 404019.91, 5122260.73, 1168.41);
insert into STATION values (1438, '.', 3691, 404019.45, 5122261.25, 1168.40);
insert into STATION values (1439, '.', 3691, 404018.97, 5122262.24, 1168.34);
insert into STATION values (1440, '.', 3691, 404020.01, 5122262.59, 1168.38);
insert into STATION values (1441, '.', 3691, 404020.45, 5122262.39, 1168.47);
insert into STATION values (1442, '.', 3691, 404021.00, 5122262.43, 1168.35);
insert into STATION values (1443, '.', 3691, 404021.33, 5122262.36, 1168.45);
insert into STATION values (1444, '.', 3691, 404020.47, 5122260.34, 1168.49);
insert into STATION values (1445, '.', 3691, 404020.75, 5122260.98, 1169.67);
insert into STATION values (1446, '.', 3691, 404020.01, 5122261.88, 1170.96);
insert into STATION values (1447, '.', 3691, 404019.16, 5122262.30, 1170.73);
insert into STATION values (1448, '.', 3691, 404017.73, 5122263.65, 1170.65);
insert into STATION values (1449, '.', 3691, 404016.80, 5122264.00, 1169.78);
insert into STATION values (1450, '.', 3691, 404015.77, 5122264.61, 1168.93);
insert into STATION values (1451, '.', 3691, 404016.20, 5122264.44, 1167.43);
insert into STATION values (1452, '.', 3691, 404015.60, 5122264.05, 1168.24);
insert into STATION values (1453, '18', 3691, 404021.44, 5122263.49, 1168.31);
insert into STATION values (1454, '.', 3691, 404020.86, 5122263.55, 1168.36);
insert into STATION values (1455, '.', 3691, 404021.01, 5122263.67, 1168.82);
insert into STATION values (1456, '.', 3691, 404021.52, 5122263.60, 1168.92);
insert into STATION values (1457, '.', 3691, 404021.55, 5122263.43, 1168.85);
insert into STATION values (1458, '.', 3691, 404021.32, 5122263.75, 1167.07);
insert into STATION values (1459, '19', 3691, 404020.03, 5122266.33, 1167.80);
insert into STATION values (1460, '.', 3691, 404021.03, 5122265.75, 1167.82);
insert into STATION values (1461, '.', 3691, 404021.14, 5122265.02, 1168.01);
insert into STATION values (1462, '.', 3691, 404020.77, 5122266.57, 1167.71);
insert into STATION values (1463, '.', 3691, 404025.43, 5122269.07, 1167.83);
insert into STATION values (1464, '.', 3691, 404023.74, 5122269.69, 1167.50);
insert into STATION values (1465, '.', 3691, 404020.33, 5122266.22, 1167.92);
insert into STATION values (1466, '.', 3691, 404020.00, 5122266.41, 1167.06);
insert into STATION values (1467, '.', 3691, 404020.29, 5122266.19, 1167.08);
insert into STATION values (1468, '.', 3691, 404020.53, 5122265.98, 1167.06);
insert into STATION values (1469, '.', 3691, 404020.82, 5122265.67, 1167.14);
insert into STATION values (1470, '.', 3691, 404023.34, 5122267.54, 1167.45);
insert into STATION values (1471, '20', 3691, 404023.96, 5122267.81, 1167.80);
insert into STATION values (1472, '.', 3691, 404025.25, 5122265.50, 1169.34);
insert into STATION values (1473, '.', 3691, 404023.13, 5122262.64, 1174.16);
insert into STATION values (1474, '.', 3691, 404022.48, 5122265.80, 1169.38);
insert into STATION values (1475, '.', 3691, 404022.21, 5122266.35, 1169.29);
insert into STATION values (1476, '.', 3691, 404022.73, 5122268.66, 1169.16);
insert into STATION values (1477, '.', 3691, 404023.76, 5122268.97, 1169.06);
insert into STATION values (1478, '.', 3691, 404024.76, 5122268.88, 1169.06);
insert into STATION values (1479, '.', 3691, 404025.21, 5122268.29, 1168.69);
insert into STATION values (1480, '.', 3691, 404022.15, 5122268.87, 1167.52);
insert into STATION values (1481, '.', 3691, 404020.85, 5122266.94, 1167.99);
insert into STATION values (1482, '.', 3691, 404020.68, 5122266.30, 1168.26);
insert into STATION values (1483, '.', 3691, 404022.06, 5122266.22, 1168.35);
insert into STATION values (1484, '.', 3691, 404022.39, 5122265.89, 1168.53);
insert into STATION values (1485, '21', 3691, 404025.61, 5122268.10, 1167.49);
insert into STATION values (1486, '.', 3691, 404027.29, 5122268.32, 1167.26);
insert into STATION values (1487, '.', 3691, 404026.39, 5122266.28, 1167.51);
insert into STATION values (1488, '.', 3691, 404025.64, 5122266.59, 1167.68);
insert into STATION values (1489, '.', 3691, 404024.76, 5122267.03, 1167.74);
insert into STATION values (1490, '.', 3691, 404024.39, 5122267.60, 1167.66);
insert into STATION values (1491, '.', 3691, 404024.41, 5122269.91, 1167.91);
insert into STATION values (1492, '.', 3691, 404025.60, 5122268.11, 1166.02);
insert into STATION values (1493, '.', 3691, 404026.53, 5122267.49, 1164.83);
insert into STATION values (1494, '.', 3691, 404027.89, 5122266.82, 1164.54);
insert into STATION values (1495, '.', 3691, 404028.61, 5122266.22, 1164.43);
insert into STATION values (1496, '22', 3691, 404029.04, 5122266.17, 1164.83);
insert into STATION values (1497, '.', 3691, 404028.84, 5122265.01, 1165.28);
insert into STATION values (1498, '.', 3691, 404028.44, 5122265.50, 1165.48);
insert into STATION values (1499, '.', 3691, 404027.73, 5122265.73, 1165.60);
insert into STATION values (1500, '.', 3691, 404026.81, 5122265.93, 1165.66);
insert into STATION values (1501, '.', 3691, 404026.44, 5122266.43, 1165.47);
insert into STATION values (1502, '.', 3691, 404025.10, 5122266.89, 1165.54);
insert into STATION values (1503, '.', 3691, 404025.32, 5122267.40, 1165.52);
insert into STATION values (1504, '.', 3691, 404025.16, 5122265.25, 1165.23);
insert into STATION values (1505, '.', 3691, 404029.52, 5122267.36, 1164.86);
insert into STATION values (1506, '.', 3691, 404030.10, 5122266.92, 1164.92);
insert into STATION values (1507, '.', 3691, 404030.80, 5122266.85, 1164.85);
insert into STATION values (1508, '.', 3691, 404031.38, 5122266.61, 1164.86);
insert into STATION values (1509, '.', 3691, 404031.59, 5122266.74, 1164.71);
insert into STATION values (1510, '23', 3691, 404030.44, 5122267.09, 1164.92);
insert into STATION values (1511, '.', 3691, 404031.92, 5122267.87, 1165.00);
insert into STATION values (1512, '24', 3691, 404032.06, 5122264.39, 1162.44);
insert into STATION values (1513, '.', 3691, 404032.64, 5122265.76, 1162.53);
insert into STATION values (1514, '.', 3691, 404036.43, 5122267.57, 1162.30);
insert into STATION values (1515, '.', 3691, 404036.39, 5122266.28, 1162.02);
insert into STATION values (1516, '.', 3691, 404036.19, 5122265.43, 1161.78);
insert into STATION values (1517, '.', 3691, 404036.03, 5122264.57, 1161.47);
insert into STATION values (1518, '.', 3691, 404035.82, 5122264.02, 1161.00);
insert into STATION values (1519, '.', 3691, 404035.67, 5122263.35, 1161.33);
insert into STATION values (1520, '.', 3691, 404032.78, 5122264.97, 1168.88);
insert into STATION values (1521, '.', 3691, 404032.87, 5122265.55, 1172.63);
insert into STATION values (1522, '.', 3691, 404031.87, 5122265.15, 1168.82);
insert into STATION values (1523, '.', 3691, 404031.72, 5122267.00, 1166.66);
insert into STATION values (1524, '.', 3691, 404029.83, 5122265.36, 1163.29);
insert into STATION values (1525, '.', 3691, 404029.76, 5122266.32, 1163.27);
insert into STATION values (1526, '25', 3691, 404034.10, 5122266.16, 1160.37);
insert into STATION values (1527, '.', 3691, 404035.85, 5122265.77, 1160.50);
insert into STATION values (1528, '.', 3691, 404035.59, 5122264.37, 1160.59);
insert into STATION values (1529, '.', 3691, 404035.22, 5122262.71, 1160.79);
insert into STATION values (1530, '.', 3691, 404032.56, 5122253.66, 1160.48);
insert into STATION values (1531, '.', 3691, 404033.08, 5122262.39, 1160.50);
insert into STATION values (1532, '.', 3691, 404032.45, 5122263.53, 1160.54);
insert into STATION values (1533, '.', 3691, 404031.94, 5122264.79, 1160.29);
insert into STATION values (1534, '.', 3691, 404032.02, 5122265.81, 1160.31);
insert into STATION values (1535, '.', 3691, 404032.21, 5122265.77, 1160.39);
insert into STATION values (1536, '.', 3691, 404034.24, 5122266.19, 1162.75);
insert into STATION values (1537, '.', 3691, 404032.85, 5122266.97, 1163.66);
insert into STATION values (1538, '.', 3691, 404032.32, 5122267.26, 1162.42);
insert into STATION values (1539, '.', 3691, 404032.83, 5122267.40, 1161.83);
insert into STATION values (1540, '.', 3691, 404032.48, 5122266.87, 1160.98);
insert into STATION values (1541, '.', 3691, 404032.39, 5122266.92, 1160.53);
insert into STATION values (1542, '26', 3691, 404034.02, 5122272.27, 1166.18);
insert into STATION values (1543, '.', 3691, 404034.32, 5122273.51, 1166.01);
insert into STATION values (1544, '.', 3691, 404035.78, 5122275.86, 1165.76);
insert into STATION values (1545, '.', 3691, 404045.81, 5122295.29, 1161.24);
insert into STATION values (1546, '.', 3691, 404046.93, 5122293.31, 1161.60);
insert into STATION values (1547, '.', 3691, 404038.09, 5122277.76, 1165.09);
insert into STATION values (1548, '.', 3691, 404037.49, 5122274.48, 1165.80);
insert into STATION values (1549, '.', 3691, 404037.20, 5122273.35, 1165.83);
insert into STATION values (1550, '.', 3691, 404036.91, 5122272.31, 1166.21);
insert into STATION values (1551, '.', 3691, 404033.86, 5122272.08, 1164.67);
insert into STATION values (1552, '.', 3691, 404034.37, 5122273.15, 1164.42);
insert into STATION values (1553, '.', 3691, 404035.08, 5122273.96, 1163.51);
insert into STATION values (1554, '.', 3691, 404035.62, 5122274.59, 1163.32);
insert into STATION values (1555, '.', 3691, 404036.30, 5122276.55, 1162.61);
insert into STATION values (1556, '27', 3691, 404036.41, 5122276.75, 1162.43);
insert into STATION values (1557, '.', 3691, 404038.17, 5122295.24, 1162.63);
insert into STATION values (1558, '.', 3691, 404043.58, 5122299.43, 1162.10);
insert into STATION values (1559, '.', 3691, 404047.44, 5122293.91, 1162.22);
insert into STATION values (1560, '.', 3691, 404048.92, 5122289.96, 1161.96);
insert into STATION values (1561, '.', 3691, 404038.10, 5122277.49, 1162.36);
insert into STATION values (1562, '.', 3691, 404038.27, 5122276.14, 1162.48);
insert into STATION values (1563, '.', 3691, 404038.23, 5122275.29, 1162.50);
insert into STATION values (1564, '.', 3691, 404037.60, 5122273.67, 1162.95);
insert into STATION values (1565, '.', 3691, 404038.40, 5122274.36, 1164.85);
insert into STATION values (1566, '.', 3691, 404036.78, 5122275.59, 1168.37);
insert into STATION values (1567, '28', 3691, 404038.51, 5122286.35, 1151.09);
insert into STATION values (1568, '0', 3832, 404019.42, 5122300.54, 1164.50);
insert into STATION values (1569, '-', 3832, 404022.10, 5122300.13, 1164.39);
insert into STATION values (1570, '-', 3832, 404020.46, 5122300.53, 1164.85);
insert into STATION values (1571, '-', 3832, 404019.89, 5122300.72, 1164.91);
insert into STATION values (1572, '-', 3832, 404019.39, 5122300.74, 1165.12);
insert into STATION values (1573, '-', 3832, 404019.52, 5122300.88, 1164.57);
insert into STATION values (1574, '1', 3832, 404018.25, 5122291.80, 1164.50);
insert into STATION values (1575, '-', 3832, 404019.70, 5122292.31, 1164.52);
insert into STATION values (1576, '-', 3832, 404019.83, 5122291.74, 1164.48);
insert into STATION values (1577, '-', 3832, 404017.48, 5122290.82, 1164.61);
insert into STATION values (1578, '-', 3832, 404017.79, 5122291.89, 1164.46);
insert into STATION values (1579, '-', 3832, 404018.33, 5122291.77, 1165.77);
insert into STATION values (1580, '-', 3832, 404019.08, 5122291.60, 1165.74);
insert into STATION values (1581, '-', 3832, 404019.40, 5122291.76, 1165.15);
insert into STATION values (1582, '-', 3832, 404019.81, 5122290.72, 1164.63);
insert into STATION values (1583, '2', 3832, 404017.46, 5122288.97, 1164.26);
insert into STATION values (1584, '-', 3832, 404018.10, 5122288.95, 1164.20);
insert into STATION values (1585, '-', 3832, 404018.01, 5122288.49, 1164.92);
insert into STATION values (1586, '-', 3832, 404018.62, 5122288.60, 1163.25);
insert into STATION values (1587, '-', 3832, 404018.47, 5122288.69, 1162.93);
insert into STATION values (1588, '3', 3832, 404016.48, 5122281.09, 1163.22);
insert into STATION values (1589, '-', 3832, 404017.07, 5122280.95, 1163.25);
insert into STATION values (1590, '-', 3832, 404016.14, 5122280.72, 1164.17);
insert into STATION values (1591, '-', 3832, 404015.38, 5122281.18, 1163.70);
insert into STATION values (1592, '-', 3832, 404014.94, 5122281.45, 1163.20);
insert into STATION values (1593, '-', 3832, 404015.69, 5122281.11, 1163.86);
insert into STATION values (1594, '4', 3832, 404015.95, 5122276.87, 1163.65);
insert into STATION values (1595, '-', 3832, 404015.45, 5122272.80, 1164.02);
insert into STATION values (1596, '-', 3832, 404015.47, 5122272.88, 1164.13);
insert into STATION values (1597, '-', 3832, 404016.68, 5122276.83, 1163.59);
insert into STATION values (1598, '-', 3832, 404017.03, 5122276.99, 1163.11);
insert into STATION values (1599, '-', 3832, 404016.00, 5122276.85, 1164.55);
insert into STATION values (1600, '-', 3832, 404014.53, 5122276.92, 1163.89);
insert into STATION values (1601, '-', 3832, 404014.45, 5122277.15, 1163.18);
insert into STATION values (1602, '-', 3832, 404014.47, 5122277.16, 1164.13);
insert into STATION values (1603, '-', 3832, 404015.99, 5122274.62, 1166.29);
insert into STATION values (1604, '5', 3832, 404016.03, 5122274.69, 1166.27);
insert into STATION values (1605, '6', 3832, 404011.93, 5122275.80, 1161.16);
insert into STATION values (1606, '-', 3832, 404007.93, 5122277.01, 1156.11);
insert into STATION values (1607, '-', 3832, 404007.84, 5122276.37, 1155.95);
insert into STATION values (1608, '7', 3832, 404017.10, 5122269.09, 1167.00);
insert into STATION values (1609, '-', 3832, 404017.91, 5122269.05, 1167.08);
insert into STATION values (1610, '-', 3832, 404018.24, 5122269.17, 1166.73);
insert into STATION values (1611, '-', 3832, 404016.68, 5122269.07, 1166.90);
insert into STATION values (1612, '-', 3832, 404016.20, 5122268.85, 1166.32);
insert into STATION values (1613, '-', 3832, 404017.20, 5122269.12, 1166.29);
insert into STATION values (1614, '-', 3832, 404017.14, 5122269.28, 1166.09);
insert into STATION values (1615, '8', 3832, 404016.09, 5122262.14, 1166.31);
insert into STATION values (1616, '-', 3832, 404016.80, 5122261.74, 1166.32);
insert into STATION values (1617, '-', 3832, 404016.27, 5122261.98, 1166.86);
insert into STATION values (1618, '-', 3832, 404015.97, 5122261.92, 1169.31);
insert into STATION values (1619, '-', 3832, 404015.17, 5122262.53, 1171.29);
insert into STATION values (1620, '-', 3832, 404011.80, 5122263.15, 1170.76);
insert into STATION values (1621, '9', 3832, 404014.61, 5122262.63, 1166.86);
insert into STATION values (1622, '-', 3832, 404013.16, 5122263.14, 1167.43);
insert into STATION values (1623, '0', 3863, 403994.00, 5122126.01, 1152.20);
insert into STATION values (1624, '.', 3863, 403994.00, 5122126.04, 1152.68);
insert into STATION values (1625, '.', 3863, 403993.73, 5122126.11, 1152.76);
insert into STATION values (1626, '.', 3863, 403994.44, 5122125.91, 1152.38);
insert into STATION values (1627, '.', 3863, 403994.81, 5122125.93, 1152.16);
insert into STATION values (1628, '.', 3863, 403995.21, 5122125.95, 1151.77);
insert into STATION values (1629, '.', 3863, 403994.28, 5122127.56, 1152.31);
insert into STATION values (1630, '.', 3863, 403994.99, 5122126.98, 1152.10);
insert into STATION values (1631, '.', 3863, 403995.40, 5122126.72, 1151.84);
insert into STATION values (1632, '.', 3863, 403994.73, 5122125.21, 1152.21);
insert into STATION values (1633, '.', 3863, 403994.17, 5122124.42, 1152.16);
insert into STATION values (1634, '.', 3863, 403993.55, 5122123.79, 1152.27);
insert into STATION values (1635, '.', 3863, 403990.23, 5122117.00, 1151.76);
insert into STATION values (1636, '.', 3863, 403990.16, 5122114.80, 1151.71);
insert into STATION values (1637, '.', 3863, 403993.08, 5122124.02, 1152.11);
insert into STATION values (1638, '.', 3863, 403993.42, 5122125.08, 1152.17);
insert into STATION values (1639, '.', 3863, 403993.62, 5122125.45, 1152.20);
insert into STATION values (1640, '.', 3863, 403990.84, 5122119.12, 1151.87);
insert into STATION values (1641, '.', 3863, 403993.43, 5122122.95, 1152.06);
insert into STATION values (1642, '.', 3863, 403993.09, 5122122.55, 1152.05);
insert into STATION values (1643, '.', 3863, 403992.25, 5122120.26, 1151.98);
insert into STATION values (1644, '1', 3863, 403995.49, 5122126.70, 1151.61);
insert into STATION values (1645, '.', 3863, 403994.31, 5122126.90, 1151.71);
insert into STATION values (1646, '.', 3863, 403994.64, 5122127.61, 1151.65);
insert into STATION values (1647, '.', 3863, 403994.82, 5122128.11, 1151.71);
insert into STATION values (1648, '.', 3863, 403994.17, 5122128.35, 1151.78);
insert into STATION values (1649, '.', 3863, 403995.24, 5122126.78, 1151.70);
insert into STATION values (1650, '.', 3863, 403994.80, 5122127.05, 1151.81);
insert into STATION values (1651, '.', 3863, 403995.54, 5122126.68, 1151.08);
insert into STATION values (1652, '.', 3863, 403995.63, 5122126.67, 1150.88);
insert into STATION values (1653, '2', 3863, 403995.41, 5122130.50, 1151.86);
insert into STATION values (1654, '.', 3863, 403994.72, 5122128.56, 1151.91);
insert into STATION values (1655, '.', 3863, 403994.73, 5122126.59, 1151.50);
insert into STATION values (1656, '.', 3863, 403994.53, 5122126.75, 1151.59);
insert into STATION values (1657, '.', 3863, 403995.59, 5122126.93, 1151.44);
insert into STATION values (1658, '.', 3863, 403995.99, 5122128.19, 1151.45);
insert into STATION values (1659, '.', 3863, 403996.15, 5122128.98, 1151.40);
insert into STATION values (1660, '.', 3863, 403996.24, 5122129.30, 1151.34);
insert into STATION values (1661, '.', 3863, 403996.29, 5122130.12, 1151.66);
insert into STATION values (1662, '.', 3863, 403996.51, 5122130.34, 1151.57);
insert into STATION values (1663, '.', 3863, 403996.76, 5122131.32, 1151.45);
insert into STATION values (1664, '.', 3863, 403997.14, 5122132.71, 1151.15);
insert into STATION values (1665, '3', 3863, 403997.40, 5122136.72, 1151.31);
insert into STATION values (1666, '.', 3863, 403995.24, 5122130.62, 1151.75);
insert into STATION values (1667, '.', 3863, 403996.16, 5122130.98, 1151.03);
insert into STATION values (1668, '.', 3863, 403997.06, 5122132.09, 1150.29);
insert into STATION values (1669, '.', 3863, 403997.62, 5122133.81, 1150.07);
insert into STATION values (1670, '.', 3863, 403998.11, 5122135.36, 1150.19);
insert into STATION values (1671, '.', 3863, 403999.00, 5122136.43, 1149.08);
insert into STATION values (1672, '.', 3863, 403999.26, 5122137.87, 1148.79);
insert into STATION values (1673, '.', 3863, 403997.47, 5122136.80, 1151.22);
insert into STATION values (1674, '.', 3863, 403997.48, 5122136.80, 1151.22);
insert into STATION values (1675, '.', 3863, 403999.79, 5122139.27, 1148.63);
insert into STATION values (1676, '.', 3863, 403997.47, 5122136.79, 1151.23);
insert into STATION values (1677, '4', 3863, 404000.90, 5122140.34, 1147.53);
insert into STATION values (1678, '.', 3863, 404000.06, 5122140.73, 1147.64);
insert into STATION values (1679, '.', 3863, 404000.44, 5122141.44, 1147.46);
insert into STATION values (1680, '.', 3863, 404000.81, 5122142.39, 1147.21);
insert into STATION values (1681, '.', 3863, 404000.26, 5122143.64, 1147.34);
insert into STATION values (1682, '.', 3863, 403999.83, 5122140.31, 1148.01);
insert into STATION values (1683, '.', 3863, 404000.81, 5122140.36, 1148.03);
insert into STATION values (1684, '.', 3863, 404000.43, 5122140.43, 1148.42);
insert into STATION values (1685, '.', 3863, 403999.67, 5122140.47, 1149.39);
insert into STATION values (1686, '.', 3863, 403999.80, 5122140.52, 1148.65);
insert into STATION values (1687, '.', 3863, 403999.89, 5122140.71, 1148.18);
insert into STATION values (1688, '.', 3863, 403999.99, 5122140.78, 1147.74);
insert into STATION values (1689, '.', 3863, 404000.23, 5122140.87, 1147.42);
insert into STATION values (1690, '5', 3863, 404002.16, 5122146.63, 1146.16);
insert into STATION values (1691, '.', 3863, 404002.94, 5122146.22, 1146.15);
insert into STATION values (1692, '.', 3863, 404002.76, 5122145.45, 1146.27);
insert into STATION values (1693, '.', 3863, 404002.40, 5122144.81, 1146.31);
insert into STATION values (1694, '.', 3863, 404001.99, 5122144.17, 1146.44);
insert into STATION values (1695, '.', 3863, 403999.40, 5122138.05, 1147.88);
insert into STATION values (1696, '.', 3863, 404001.28, 5122143.23, 1146.88);
insert into STATION values (1697, '.', 3863, 404001.84, 5122143.98, 1146.56);
insert into STATION values (1698, '.', 3863, 404003.32, 5122147.53, 1146.06);
insert into STATION values (1699, '.', 3863, 404003.39, 5122148.67, 1146.01);
insert into STATION values (1700, '.', 3863, 404003.45, 5122148.83, 1146.06);
insert into STATION values (1701, '.', 3863, 404004.18, 5122150.69, 1145.98);
insert into STATION values (1702, '.', 3863, 404004.18, 5122150.91, 1145.92);
insert into STATION values (1703, '.', 3863, 404004.22, 5122150.87, 1146.53);
insert into STATION values (1704, '6', 3863, 404004.16, 5122150.71, 1145.85);
insert into STATION values (1705, '.', 3863, 404003.49, 5122150.79, 1145.81);
insert into STATION values (1706, '.', 3863, 404003.39, 5122150.47, 1145.87);
insert into STATION values (1707, '.', 3863, 404003.43, 5122150.97, 1146.30);
insert into STATION values (1708, '.', 3863, 404003.55, 5122150.95, 1145.48);
insert into STATION values (1709, '.', 3863, 404004.16, 5122150.71, 1145.07);
insert into STATION values (1710, '.', 3863, 404003.73, 5122150.74, 1145.12);
insert into STATION values (1711, '.', 3863, 404003.63, 5122150.72, 1145.53);
insert into STATION values (1712, '.', 3863, 404003.62, 5122150.75, 1145.54);
insert into STATION values (1713, '.', 3863, 404003.92, 5122149.77, 1145.86);
insert into STATION values (1714, '.', 3863, 404000.22, 5122142.18, 1146.54);
insert into STATION values (1715, '.', 3863, 404001.65, 5122146.25, 1146.19);
insert into STATION values (1716, '.', 3863, 404002.34, 5122148.11, 1146.03);
insert into STATION values (1717, '.', 3863, 404002.50, 5122148.84, 1145.98);
insert into STATION values (1718, '.', 3863, 404003.02, 5122149.77, 1145.91);
insert into STATION values (1719, '.', 3863, 404003.20, 5122150.28, 1145.87);
insert into STATION values (1720, '.', 3863, 404003.93, 5122151.95, 1145.51);
insert into STATION values (1721, '.', 3863, 404004.04, 5122152.24, 1145.51);
insert into STATION values (1722, '.', 3863, 404004.39, 5122153.17, 1145.43);
insert into STATION values (1723, '.', 3863, 404004.90, 5122154.65, 1145.17);
insert into STATION values (1724, '7', 3863, 404005.71, 5122156.63, 1144.46);
insert into STATION values (1725, '.', 3863, 404006.46, 5122155.73, 1144.63);
insert into STATION values (1726, '.', 3863, 404006.04, 5122155.10, 1144.65);
insert into STATION values (1727, '.', 3863, 404005.77, 5122154.27, 1144.77);
insert into STATION values (1728, '.', 3863, 404005.52, 5122153.74, 1144.78);
insert into STATION values (1729, '.', 3863, 404004.72, 5122152.41, 1145.08);
insert into STATION values (1730, '.', 3863, 404003.26, 5122149.18, 1145.79);
insert into STATION values (1731, '.', 3863, 404005.12, 5122155.20, 1144.72);
insert into STATION values (1732, '.', 3863, 404005.33, 5122155.92, 1144.62);
insert into STATION values (1733, '.', 3863, 404005.33, 5122156.34, 1144.65);
insert into STATION values (1734, '.', 3863, 404008.84, 5122166.09, 1144.64);
insert into STATION values (1735, '.', 3863, 404006.63, 5122160.42, 1144.41);
insert into STATION values (1736, '.', 3863, 404005.93, 5122157.80, 1144.41);
insert into STATION values (1737, '.', 3863, 404006.78, 5122160.57, 1144.38);
insert into STATION values (1738, '.', 3863, 404007.20, 5122161.39, 1144.37);
insert into STATION values (1739, '.', 3863, 404008.08, 5122160.59, 1144.40);
insert into STATION values (1740, '.', 3863, 404007.62, 5122159.20, 1144.41);
insert into STATION values (1741, '.', 3863, 404007.24, 5122158.58, 1144.69);
insert into STATION values (1742, '.', 3863, 404007.47, 5122158.06, 1144.32);
insert into STATION values (1743, '.', 3863, 404007.11, 5122157.27, 1144.45);
insert into STATION values (1744, '.', 3863, 404007.05, 5122156.61, 1144.50);
insert into STATION values (1745, '.', 3863, 404006.68, 5122156.39, 1144.76);
insert into STATION values (1746, '.', 3863, 404006.55, 5122156.45, 1144.89);
insert into STATION values (1747, '.', 3863, 404006.45, 5122156.43, 1145.05);
insert into STATION values (1748, '.', 3863, 404005.99, 5122156.52, 1144.95);
insert into STATION values (1749, '.', 3863, 404006.00, 5122156.57, 1145.03);
insert into STATION values (1750, '.', 3863, 404005.80, 5122156.66, 1144.24);
insert into STATION values (1751, '.', 3863, 404006.34, 5122156.46, 1143.93);
insert into STATION values (1752, '.', 3863, 404006.81, 5122156.19, 1144.25);
insert into STATION values (1753, '8', 3863, 404007.06, 5122160.06, 1143.95);
insert into STATION values (1754, '.', 3863, 404007.78, 5122159.73, 1144.01);
insert into STATION values (1755, '.', 3863, 404007.54, 5122159.25, 1144.03);
insert into STATION values (1756, '.', 3863, 404007.50, 5122159.02, 1144.11);
insert into STATION values (1757, '.', 3863, 404007.29, 5122157.89, 1144.13);
insert into STATION values (1758, '.', 3863, 404006.80, 5122156.79, 1144.11);
insert into STATION values (1759, '.', 3863, 404008.25, 5122160.77, 1144.09);
insert into STATION values (1760, '.', 3863, 404008.10, 5122161.30, 1144.32);
insert into STATION values (1761, '.', 3863, 404008.21, 5122161.44, 1144.36);
insert into STATION values (1762, '.', 3863, 404008.45, 5122162.22, 1144.52);
insert into STATION values (1763, '.', 3863, 404007.17, 5122161.20, 1144.28);
insert into STATION values (1764, '.', 3863, 404007.43, 5122162.17, 1144.66);
insert into STATION values (1765, '.', 3863, 404007.10, 5122160.10, 1145.05);
insert into STATION values (1766, '.', 3863, 404007.51, 5122159.90, 1145.03);
insert into STATION values (1767, '.', 3863, 404007.65, 5122159.76, 1144.61);
insert into STATION values (1768, '.', 3863, 404007.75, 5122159.75, 1144.19);
insert into STATION values (1769, '.', 3863, 404006.82, 5122160.14, 1144.11);
insert into STATION values (1770, '.', 3863, 404006.80, 5122160.13, 1144.50);
insert into STATION values (1771, '.', 3863, 404006.80, 5122160.05, 1145.09);
insert into STATION values (1772, '.', 3863, 404006.97, 5122159.99, 1145.04);
insert into STATION values (1773, '.', 3863, 404009.22, 5122163.70, 1144.56);
insert into STATION values (1774, '9', 3863, 404009.22, 5122163.70, 1144.56);
insert into STATION values (1775, '.', 3863, 404008.23, 5122164.27, 1144.63);
insert into STATION values (1776, '.', 3863, 404008.54, 5122164.95, 1144.58);
insert into STATION values (1777, '.', 3863, 404008.81, 5122165.56, 1144.55);
insert into STATION values (1778, '.', 3863, 404009.25, 5122165.44, 1144.68);
insert into STATION values (1779, '.', 3863, 404007.83, 5122163.00, 1144.61);
insert into STATION values (1780, '.', 3863, 404007.36, 5122161.66, 1144.71);
insert into STATION values (1781, '.', 3863, 404005.43, 5122159.82, 1144.87);
insert into STATION values (1782, '.', 3863, 404008.11, 5122164.20, 1145.18);
insert into STATION values (1783, '.', 3863, 404008.91, 5122163.86, 1144.71);
insert into STATION values (1784, '.', 3863, 404008.45, 5122164.15, 1144.09);
insert into STATION values (1785, '.', 3863, 404008.55, 5122164.08, 1143.91);
insert into STATION values (1786, '.', 3863, 404008.20, 5122164.21, 1144.49);
insert into STATION values (1787, '10', 3863, 404010.34, 5122169.58, 1144.66);
insert into STATION values (1788, '.', 3863, 404011.19, 5122169.28, 1144.56);
insert into STATION values (1789, '.', 3863, 404011.17, 5122169.86, 1144.70);
insert into STATION values (1790, '.', 3863, 404011.29, 5122171.26, 1145.02);
insert into STATION values (1791, '.', 3863, 404011.08, 5122172.12, 1145.56);
insert into STATION values (1792, '.', 3863, 404011.01, 5122172.61, 1146.02);
insert into STATION values (1793, '.', 3863, 404010.42, 5122169.61, 1145.49);
insert into STATION values (1794, '.', 3863, 404010.69, 5122169.54, 1145.28);
insert into STATION values (1795, '.', 3863, 404010.86, 5122169.46, 1145.07);
insert into STATION values (1796, '.', 3863, 404010.95, 5122169.44, 1144.83);
insert into STATION values (1797, '.', 3863, 404011.20, 5122169.36, 1144.26);
insert into STATION values (1798, '.', 3863, 404010.84, 5122169.46, 1143.92);
insert into STATION values (1799, '.', 3863, 404010.58, 5122169.53, 1144.07);
insert into STATION values (1800, '.', 3863, 404010.65, 5122168.47, 1144.50);
insert into STATION values (1801, '.', 3863, 404010.36, 5122167.93, 1144.45);
insert into STATION values (1802, '.', 3863, 404009.72, 5122166.19, 1144.14);
insert into STATION values (1803, '.', 3863, 404008.97, 5122164.44, 1144.11);
insert into STATION values (1804, '.', 3863, 404005.59, 5122155.51, 1144.09);
insert into STATION values (1805, '11', 3863, 404011.05, 5122172.08, 1145.94);
insert into STATION values (1806, '.', 3863, 404011.84, 5122174.34, 1147.58);
insert into STATION values (1807, '.', 3863, 404010.11, 5122171.85, 1145.95);
insert into STATION values (1808, '.', 3863, 404010.19, 5122171.19, 1145.73);
insert into STATION values (1809, '.', 3863, 404009.96, 5122169.29, 1145.17);
insert into STATION values (1810, '.', 3863, 404010.11, 5122172.37, 1146.23);
insert into STATION values (1811, '.', 3863, 404010.11, 5122172.87, 1146.49);
insert into STATION values (1812, '.', 3863, 404010.06, 5122173.76, 1146.71);
insert into STATION values (1813, '12', 3863, 404010.25, 5122176.08, 1147.08);
insert into STATION values (1814, '.', 3863, 404011.09, 5122175.87, 1147.07);
insert into STATION values (1815, '.', 3863, 404011.26, 5122176.81, 1147.26);
insert into STATION values (1816, '.', 3863, 404011.25, 5122177.71, 1147.42);
insert into STATION values (1817, '.', 3863, 404011.23, 5122178.58, 1147.77);
insert into STATION values (1818, '.', 3863, 404012.03, 5122181.92, 1148.66);
insert into STATION values (1819, '.', 3863, 404010.97, 5122175.32, 1147.08);
insert into STATION values (1820, '.', 3863, 404010.75, 5122174.41, 1146.96);
insert into STATION values (1821, '.', 3863, 404010.56, 5122173.41, 1146.83);
insert into STATION values (1822, '.', 3863, 404010.10, 5122171.14, 1146.18);
insert into STATION values (1823, '.', 3863, 404009.62, 5122171.86, 1146.74);
insert into STATION values (1824, '.', 3863, 404009.83, 5122174.68, 1147.10);
insert into STATION values (1825, '.', 3863, 404009.77, 5122175.83, 1148.61);
insert into STATION values (1826, '.', 3863, 404010.43, 5122175.81, 1147.97);
insert into STATION values (1827, '.', 3863, 404010.63, 5122175.84, 1147.48);
insert into STATION values (1828, '.', 3863, 404010.92, 5122175.76, 1147.20);
insert into STATION values (1829, '.', 3863, 404010.29, 5122176.02, 1146.51);
insert into STATION values (1830, '.', 3863, 404010.72, 5122175.90, 1146.53);
insert into STATION values (1831, '13', 3863, 404011.10, 5122178.77, 1148.38);
insert into STATION values (1832, '.', 3863, 404010.42, 5122179.02, 1148.54);
insert into STATION values (1833, '.', 3863, 404010.24, 5122179.21, 1149.44);
insert into STATION values (1834, '.', 3863, 404010.97, 5122178.92, 1148.94);
insert into STATION values (1835, '.', 3863, 404011.00, 5122178.73, 1148.93);
insert into STATION values (1836, '.', 3863, 404010.21, 5122177.96, 1148.46);
insert into STATION values (1837, '.', 3863, 404009.49, 5122176.15, 1148.38);
insert into STATION values (1838, '.', 3863, 404010.60, 5122177.75, 1148.29);
insert into STATION values (1839, '.', 3863, 404010.94, 5122178.34, 1148.36);
insert into STATION values (1840, '.', 3863, 404010.50, 5122179.00, 1148.26);
insert into STATION values (1841, '.', 3863, 404010.56, 5122178.92, 1147.81);
insert into STATION values (1842, '.', 3863, 404010.81, 5122178.93, 1147.43);
insert into STATION values (1843, '.', 3863, 404011.27, 5122178.84, 1147.40);
insert into STATION values (1844, '.', 3863, 404011.00, 5122178.87, 1147.19);
insert into STATION values (1845, '.', 3863, 404010.80, 5122178.89, 1147.32);
insert into STATION values (1846, '.', 3863, 404010.65, 5122178.96, 1147.51);
insert into STATION values (1847, '.', 3863, 404012.01, 5122181.78, 1148.75);
insert into STATION values (1848, '.', 3863, 404011.26, 5122182.24, 1148.74);
insert into STATION values (1849, '.', 3863, 404010.79, 5122180.58, 1148.67);
insert into STATION values (1850, '.', 3863, 404010.49, 5122179.58, 1148.60);
insert into STATION values (1851, '.', 3863, 404010.40, 5122179.09, 1148.54);
insert into STATION values (1852, '.', 3863, 404010.30, 5122178.76, 1148.52);
insert into STATION values (1853, '14', 3863, 404011.08, 5122183.12, 1149.48);
insert into STATION values (1854, '.', 3863, 404012.38, 5122189.31, 1150.25);
insert into STATION values (1855, '.', 3863, 404013.22, 5122187.77, 1149.90);
insert into STATION values (1856, '.', 3863, 404012.90, 5122185.97, 1149.77);
insert into STATION values (1857, '.', 3863, 404012.45, 5122184.61, 1149.74);
insert into STATION values (1858, '.', 3863, 404012.15, 5122183.71, 1149.75);
insert into STATION values (1859, '.', 3863, 404012.04, 5122183.15, 1149.55);
insert into STATION values (1860, '.', 3863, 404011.93, 5122182.54, 1149.60);
insert into STATION values (1861, '.', 3863, 404011.70, 5122182.17, 1149.49);
insert into STATION values (1862, '.', 3863, 404011.76, 5122181.25, 1149.11);
insert into STATION values (1863, '.', 3863, 404011.44, 5122179.91, 1148.50);
insert into STATION values (1864, '.', 3863, 404012.19, 5122182.86, 1147.98);
insert into STATION values (1865, '.', 3863, 404011.34, 5122182.95, 1149.43);
insert into STATION values (1866, '.', 3863, 404012.19, 5122182.70, 1148.73);
insert into STATION values (1867, '.', 3863, 404011.27, 5122183.13, 1150.34);
insert into STATION values (1868, '.', 3863, 404011.93, 5122183.07, 1150.29);
insert into STATION values (1869, '.', 3863, 404011.93, 5122183.12, 1149.98);
insert into STATION values (1870, '15', 3863, 404012.20, 5122188.90, 1153.16);
insert into STATION values (1871, '.', 3863, 404011.75, 5122184.56, 1152.09);
insert into STATION values (1872, '.', 3863, 404010.73, 5122184.02, 1152.16);
insert into STATION values (1873, '.', 3863, 404010.28, 5122185.65, 1152.34);
insert into STATION values (1874, '.', 3863, 404010.48, 5122187.36, 1152.73);
insert into STATION values (1875, '.', 3863, 404011.03, 5122188.64, 1153.12);
insert into STATION values (1876, '.', 3863, 404011.29, 5122189.13, 1153.17);
insert into STATION values (1877, '.', 3863, 404011.55, 5122189.57, 1153.14);
insert into STATION values (1878, '.', 3863, 404011.75, 5122189.86, 1153.19);
insert into STATION values (1879, '.', 3863, 404011.90, 5122190.04, 1153.13);
insert into STATION values (1880, '.', 3863, 404010.49, 5122184.41, 1154.35);
insert into STATION values (1881, '.', 3863, 404009.43, 5122185.57, 1159.55);
insert into STATION values (1882, '.', 3863, 404009.79, 5122186.74, 1157.92);
insert into STATION values (1883, '.', 3863, 404010.11, 5122187.63, 1156.35);
insert into STATION values (1884, '.', 3863, 404010.20, 5122187.85, 1155.68);
insert into STATION values (1885, '.', 3863, 404008.64, 5122184.37, 1163.06);
insert into STATION values (1886, '.', 3863, 404008.18, 5122183.85, 1164.86);
insert into STATION values (1887, '.', 3863, 404012.61, 5122187.25, 1144.08);
insert into STATION values (1888, '.', 3863, 404012.38, 5122184.98, 1143.05);
insert into STATION values (1889, '.', 3863, 404012.44, 5122186.57, 1143.56);
insert into STATION values (1890, '.', 3863, 404012.23, 5122188.26, 1144.29);
insert into STATION values (1891, '.', 3863, 404011.87, 5122190.06, 1154.15);
insert into STATION values (1892, '16', 3863, 404011.87, 5122190.06, 1154.15);
insert into STATION values (1893, '.', 3863, 404011.56, 5122191.20, 1155.18);
insert into STATION values (1894, '.', 3863, 404012.26, 5122189.87, 1154.20);
insert into STATION values (1895, '.', 3863, 404012.18, 5122189.83, 1154.62);
insert into STATION values (1896, '.', 3863, 404011.74, 5122189.68, 1157.65);
insert into STATION values (1897, '.', 3863, 404011.95, 5122189.67, 1156.00);
insert into STATION values (1898, '.', 3863, 404012.23, 5122189.61, 1155.26);
insert into STATION values (1899, '.', 3863, 404011.68, 5122190.04, 1154.61);
insert into STATION values (1900, '.', 3863, 404011.66, 5122189.91, 1156.02);
insert into STATION values (1901, '.', 3863, 404010.81, 5122185.02, 1153.37);
insert into STATION values (1902, '.', 3863, 404011.79, 5122189.00, 1154.10);
insert into STATION values (1903, '.', 3863, 404011.51, 5122189.27, 1154.46);
insert into STATION values (1904, '17', 3863, 404013.78, 5122194.62, 1160.18);
insert into STATION values (1905, '.', 3863, 404013.34, 5122194.76, 1160.18);
insert into STATION values (1906, '.', 3863, 404010.88, 5122186.44, 1149.26);
insert into STATION values (1907, '.', 3863, 404012.19, 5122191.34, 1155.89);
insert into STATION values (1908, '.', 3863, 404012.14, 5122192.45, 1158.43);
insert into STATION values (1909, '.', 3863, 404012.91, 5122193.61, 1159.39);
insert into STATION values (1910, '.', 3863, 404012.99, 5122194.04, 1159.66);
insert into STATION values (1911, '.', 3863, 404013.31, 5122194.51, 1159.99);
insert into STATION values (1912, '.', 3863, 404013.83, 5122193.84, 1159.50);
insert into STATION values (1913, '.', 3863, 404013.67, 5122193.56, 1159.12);
insert into STATION values (1914, '.', 3863, 404013.54, 5122192.81, 1158.01);
insert into STATION values (1915, '.', 3863, 404013.47, 5122195.43, 1160.07);
insert into STATION values (1916, '.', 3863, 404013.39, 5122196.91, 1159.75);
insert into STATION values (1917, '.', 3863, 404013.84, 5122197.62, 1160.04);
insert into STATION values (1918, '.', 3863, 404014.26, 5122198.86, 1160.88);
insert into STATION values (1919, '.', 3863, 404014.81, 5122199.75, 1161.03);
insert into STATION values (1920, '.', 3863, 404014.57, 5122197.44, 1160.76);
insert into STATION values (1921, '.', 3863, 404013.09, 5122195.75, 1158.90);
insert into STATION values (1922, '.', 3863, 404014.63, 5122197.67, 1157.51);
insert into STATION values (1923, '.', 3863, 404014.50, 5122197.67, 1156.73);
insert into STATION values (1924, '.', 3863, 404014.46, 5122198.05, 1155.02);
insert into STATION values (1925, '.', 3863, 404014.19, 5122198.21, 1153.37);
insert into STATION values (1926, '.', 3863, 404014.21, 5122197.64, 1152.81);
insert into STATION values (1927, '.', 3863, 404013.77, 5122194.47, 1159.54);
insert into STATION values (1928, '.', 3863, 404013.69, 5122194.28, 1159.51);
insert into STATION values (1929, '18', 3863, 404015.10, 5122200.03, 1161.10);
insert into STATION values (1930, '.', 3863, 404015.63, 5122199.82, 1161.11);
insert into STATION values (1931, '.', 3863, 404015.47, 5122199.66, 1162.93);
insert into STATION values (1932, '.', 3863, 404015.39, 5122199.93, 1160.22);
insert into STATION values (1933, '.', 3863, 404013.95, 5122197.62, 1160.52);
insert into STATION values (1934, '.', 3863, 404014.59, 5122196.72, 1160.65);
insert into STATION values (1935, '19', 3863, 404016.78, 5122202.84, 1161.27);
insert into STATION values (1936, '.', 3863, 404018.87, 5122205.31, 1161.80);
insert into STATION values (1937, '.', 3863, 404016.22, 5122202.97, 1161.35);
insert into STATION values (1938, '.', 3863, 404016.28, 5122202.89, 1162.33);
insert into STATION values (1939, '.', 3863, 404016.39, 5122202.85, 1160.75);
insert into STATION values (1940, '.', 3863, 404016.57, 5122202.81, 1160.85);
insert into STATION values (1941, '.', 3863, 404016.45, 5122203.98, 1162.02);
insert into STATION values (1942, '.', 3863, 404017.24, 5122204.15, 1162.24);
insert into STATION values (1943, '20', 3863, 404017.04, 5122206.42, 1162.96);
insert into STATION values (1944, '.', 3863, 404017.45, 5122209.95, 1164.68);
insert into STATION values (1945, '.', 3863, 404017.46, 5122206.22, 1162.95);
insert into STATION values (1946, '.', 3863, 404017.20, 5122206.44, 1162.11);
insert into STATION values (1947, '.', 3863, 404017.11, 5122206.40, 1163.42);
insert into STATION values (1948, '21', 3863, 404018.72, 5122210.12, 1162.41);
insert into STATION values (1949, '.', 3863, 404017.98, 5122210.37, 1162.38);
insert into STATION values (1950, '.', 3863, 404018.68, 5122210.16, 1161.52);
insert into STATION values (1951, '.', 3863, 404018.31, 5122210.18, 1164.00);
insert into STATION values (1952, '.', 3863, 404018.59, 5122210.87, 1162.60);
insert into STATION values (1953, '.', 3863, 404017.67, 5122209.23, 1162.53);
insert into STATION values (1954, '.', 3863, 404018.70, 5122209.40, 1162.36);
insert into STATION values (1955, '.', 3863, 404016.65, 5122205.17, 1163.24);
insert into STATION values (1956, '22', 3863, 404019.40, 5122213.06, 1162.26);
insert into STATION values (1957, '.', 3863, 404020.07, 5122215.99, 1162.19);
insert into STATION values (1958, '.', 3863, 404019.81, 5122212.80, 1162.28);
insert into STATION values (1959, '.', 3863, 404019.65, 5122212.91, 1163.10);
insert into STATION values (1960, '.', 3863, 404019.58, 5122213.08, 1163.21);
insert into STATION values (1961, '.', 3863, 404019.92, 5122212.92, 1160.79);
insert into STATION values (1962, '.', 3863, 404019.03, 5122211.19, 1162.27);
insert into STATION values (1963, '.', 3863, 404018.94, 5122211.56, 1162.36);
insert into STATION values (1964, '.', 3863, 404019.13, 5122212.31, 1162.34);
insert into STATION values (1965, '.', 3863, 404019.43, 5122212.53, 1163.19);
insert into STATION values (1966, '.', 3863, 404021.93, 5122218.15, 1159.05);
insert into STATION values (1967, '23', 3863, 404021.92, 5122218.15, 1159.05);
insert into STATION values (1968, '.', 3863, 404020.38, 5122218.62, 1161.14);
insert into STATION values (1969, '.', 3863, 404022.26, 5122220.15, 1161.75);
insert into STATION values (1970, '.', 3863, 404021.56, 5122219.35, 1163.88);
insert into STATION values (1971, '.', 3863, 404021.43, 5122218.19, 1162.79);
insert into STATION values (1972, '.', 3863, 404021.34, 5122217.55, 1162.80);
insert into STATION values (1973, '.', 3863, 404022.05, 5122218.24, 1159.19);
insert into STATION values (1974, '.', 3863, 404021.30, 5122218.34, 1159.56);
insert into STATION values (1975, '.', 3863, 404022.79, 5122221.15, 1159.26);
insert into STATION values (1976, '24', 3863, 404022.77, 5122221.07, 1159.26);
insert into STATION values (1977, '.', 3863, 404022.33, 5122221.18, 1159.24);
insert into STATION values (1978, '.', 3863, 404022.56, 5122220.95, 1158.71);
insert into STATION values (1979, '.', 3863, 404023.09, 5122220.88, 1159.23);
insert into STATION values (1980, '.', 3863, 404023.12, 5122219.77, 1159.36);
insert into STATION values (1981, '.', 3863, 404022.78, 5122219.59, 1159.45);
insert into STATION values (1982, '.', 3863, 404023.41, 5122223.50, 1158.27);
insert into STATION values (1983, '25', 3863, 404023.40, 5122223.41, 1158.30);
insert into STATION values (1984, '.', 3863, 404023.81, 5122223.22, 1158.42);
insert into STATION values (1985, '.', 3863, 404023.29, 5122223.69, 1160.86);
insert into STATION values (1986, '.', 3863, 404023.62, 5122223.58, 1158.94);
insert into STATION values (1987, '.', 3863, 404024.10, 5122223.18, 1157.83);
insert into STATION values (1988, '.', 3863, 404023.61, 5122223.26, 1157.73);
insert into STATION values (1989, '26', 3863, 404025.42, 5122226.76, 1157.24);
insert into STATION values (1990, '.', 3863, 404024.41, 5122227.19, 1157.40);
insert into STATION values (1991, '.', 3863, 404024.30, 5122229.01, 1157.37);
insert into STATION values (1992, '.', 3863, 404024.31, 5122232.10, 1157.28);
insert into STATION values (1993, '.', 3863, 404025.26, 5122233.88, 1157.23);
insert into STATION values (1994, '.', 3863, 404027.72, 5122239.02, 1156.89);
insert into STATION values (1995, '.', 3863, 404028.47, 5122238.53, 1156.41);
insert into STATION values (1996, '.', 3863, 404027.45, 5122231.87, 1156.61);
insert into STATION values (1997, '.', 3863, 404024.53, 5122224.50, 1157.51);
insert into STATION values (1998, '.', 3863, 404023.70, 5122223.92, 1157.73);
insert into STATION values (1999, '.', 3863, 404024.29, 5122225.69, 1157.67);
insert into STATION values (2000, '.', 3863, 404024.37, 5122226.26, 1157.78);
insert into STATION values (2001, '27', 3863, 404025.96, 5122234.34, 1157.00);
insert into STATION values (2002, '.', 3863, 404026.96, 5122234.38, 1153.27);
insert into STATION values (2003, '.', 3863, 404027.48, 5122233.99, 1154.48);
insert into STATION values (2004, '.', 3863, 404027.26, 5122234.02, 1157.11);
insert into STATION values (2005, '.', 3863, 404027.44, 5122234.97, 1157.12);
insert into STATION values (2006, '.', 3863, 404027.50, 5122235.92, 1157.17);
insert into STATION values (2007, '.', 3863, 404028.01, 5122237.52, 1157.03);
insert into STATION values (2008, '.', 3863, 404027.79, 5122238.90, 1157.03);
insert into STATION values (2009, '.', 3863, 404027.42, 5122237.91, 1157.21);
insert into STATION values (2010, '.', 3863, 404024.85, 5122226.54, 1156.67);
insert into STATION values (2011, '.', 3863, 404025.85, 5122227.85, 1156.77);
insert into STATION values (2012, '.', 3863, 404027.00, 5122230.25, 1156.80);
insert into STATION values (2013, '.', 3863, 404027.43, 5122231.49, 1156.71);
insert into STATION values (2014, '.', 3863, 404026.51, 5122232.22, 1156.89);
insert into STATION values (2015, '.', 3863, 404023.95, 5122223.83, 1157.67);
insert into STATION values (2016, '28', 3863, 404025.48, 5122235.38, 1173.35);
insert into STATION values (2017, '.', 3863, 404025.21, 5122233.02, 1173.13);
insert into STATION values (2018, '.', 3863, 404026.36, 5122233.73, 1173.42);
insert into STATION values (2019, '.', 3863, 404026.85, 5122234.42, 1173.49);
insert into STATION values (2020, '.', 3863, 404028.29, 5122235.18, 1173.55);
insert into STATION values (2021, '.', 3863, 404028.02, 5122240.54, 1173.57);
insert into STATION values (2022, '.', 3863, 404028.44, 5122239.28, 1173.65);
insert into STATION values (2023, '.', 3863, 404025.96, 5122238.78, 1173.54);
insert into STATION values (2024, '29', 3863, 404026.09, 5122239.26, 1173.67);
insert into STATION values (2025, '.', 3863, 404026.58, 5122243.11, 1174.37);
insert into STATION values (2026, '.', 3863, 404028.47, 5122238.72, 1173.81);
insert into STATION values (2027, '.', 3863, 404029.94, 5122237.35, 1173.82);
insert into STATION values (2028, '.', 3863, 404029.11, 5122236.52, 1173.94);
insert into STATION values (2029, '.', 3863, 404028.25, 5122235.24, 1174.19);
insert into STATION values (2030, '.', 3863, 404027.04, 5122234.53, 1173.72);
insert into STATION values (2031, '.', 3863, 404025.34, 5122236.32, 1173.94);
insert into STATION values (2032, '.', 3863, 404024.81, 5122237.18, 1174.14);
insert into STATION values (2033, '.', 3863, 404023.82, 5122238.07, 1174.24);
insert into STATION values (2034, '.', 3863, 404024.33, 5122239.93, 1173.64);
insert into STATION values (2035, '.', 3863, 404024.54, 5122240.70, 1173.85);
insert into STATION values (2036, '.', 3863, 404024.91, 5122241.73, 1173.92);
insert into STATION values (2037, '.', 3863, 404026.03, 5122245.23, 1174.51);
insert into STATION values (2038, '.', 3863, 404028.14, 5122250.19, 1175.01);
insert into STATION values (2039, '.', 3863, 404033.15, 5122262.33, 1175.57);
insert into STATION values (2040, '.', 3863, 404033.87, 5122260.95, 1175.12);
insert into STATION values (2041, '.', 3863, 404029.23, 5122246.57, 1174.14);
insert into STATION values (2042, '.', 3863, 404028.07, 5122242.75, 1173.86);
insert into STATION values (2043, '.', 3863, 404027.98, 5122241.95, 1173.83);
insert into STATION values (2044, '.', 3863, 404027.99, 5122240.61, 1173.78);
insert into STATION values (2045, '.', 3863, 404028.41, 5122239.16, 1173.94);
insert into STATION values (2046, '.', 3863, 404024.37, 5122240.52, 1177.04);
insert into STATION values (2047, '.', 3863, 404025.87, 5122239.56, 1176.79);
insert into STATION values (2048, '.', 3863, 404030.08, 5122240.16, 1187.05);
insert into STATION values (2049, '.', 3863, 404029.32, 5122238.73, 1179.43);
insert into STATION values (2050, '.', 3863, 404029.66, 5122237.90, 1177.11);
insert into STATION values (2051, '.', 3863, 404029.63, 5122237.41, 1175.41);
insert into STATION values (2052, '.', 3863, 404029.44, 5122236.99, 1173.79);
insert into STATION values (2053, '.', 3863, 404029.42, 5122237.29, 1172.17);
insert into STATION values (2054, '30', 3863, 404025.37, 5122242.60, 1172.99);
insert into STATION values (2055, '.', 3863, 404028.59, 5122245.27, 1172.79);
insert into STATION values (2056, '.', 3863, 404034.29, 5122257.85, 1173.45);
insert into STATION values (2057, '.', 3863, 404028.00, 5122242.00, 1173.41);
insert into STATION values (2058, '.', 3863, 404028.06, 5122240.06, 1173.69);
insert into STATION values (2059, '.', 3863, 404029.40, 5122236.79, 1173.68);
insert into STATION values (2060, '.', 3863, 404028.46, 5122244.21, 1185.39);
insert into STATION values (2061, '.', 3863, 404030.20, 5122239.46, 1185.76);
insert into STATION values (2062, '31', 3863, 404028.33, 5122244.94, 1170.97);
insert into STATION values (2063, '.', 3863, 404026.29, 5122245.75, 1171.23);
insert into STATION values (2064, '.', 3863, 404026.23, 5122247.16, 1171.22);
insert into STATION values (2065, '.', 3863, 404027.40, 5122250.40, 1170.87);
insert into STATION values (2066, '.', 3863, 404028.82, 5122254.52, 1170.82);
insert into STATION values (2067, '.', 3863, 404027.84, 5122235.00, 1173.68);
insert into STATION values (2068, '.', 3863, 404025.48, 5122242.31, 1172.23);
insert into STATION values (2069, '.', 3863, 404025.64, 5122243.50, 1171.64);
insert into STATION values (2070, '.', 3863, 404026.08, 5122244.61, 1171.49);
insert into STATION values (2071, '.', 3863, 404026.22, 5122245.24, 1171.38);
insert into STATION values (2072, '32', 3863, 404029.68, 5122247.71, 1170.68);
insert into STATION values (2073, '.', 3863, 404030.56, 5122257.76, 1170.41);
insert into STATION values (2074, '.', 3863, 404029.89, 5122255.06, 1170.51);
insert into STATION values (2075, '.', 3863, 404028.95, 5122253.91, 1170.81);
insert into STATION values (2076, '.', 3863, 404027.77, 5122250.53, 1170.47);
insert into STATION values (2077, '.', 3863, 404027.68, 5122249.39, 1169.96);
insert into STATION values (2078, '.', 3863, 404028.96, 5122251.94, 1162.02);
insert into STATION values (2079, '.', 3863, 404029.50, 5122253.60, 1162.42);
insert into STATION values (2080, '.', 3863, 404029.80, 5122256.13, 1162.14);
insert into STATION values (2081, '.', 3863, 404029.63, 5122253.89, 1164.41);
insert into STATION values (2082, '.', 3863, 404028.25, 5122251.44, 1165.56);
insert into STATION values (2083, '.', 3863, 404028.49, 5122248.46, 1182.76);
insert into STATION values (2084, '.', 3863, 404029.72, 5122247.77, 1172.17);
insert into STATION values (2085, '.', 3863, 404028.38, 5122248.71, 1186.00);
insert into STATION values (2086, '.', 3863, 404027.97, 5122242.86, 1171.38);
insert into STATION values (2087, '.', 3863, 404026.66, 5122245.73, 1171.25);
insert into STATION values (2088, '.', 3863, 404026.60, 5122247.46, 1171.28);
insert into STATION values (2089, '33', 3863, 404029.45, 5122247.62, 1165.27);
insert into STATION values (2090, '.', 3863, 404031.53, 5122247.54, 1165.82);
insert into STATION values (2091, '.', 3863, 404031.54, 5122248.23, 1166.11);
insert into STATION values (2092, '.', 3863, 404031.66, 5122248.96, 1166.32);
insert into STATION values (2093, '.', 3863, 404032.12, 5122250.12, 1165.93);
insert into STATION values (2094, '34', 3863, 404031.90, 5122248.83, 1165.07);
insert into STATION values (2095, '.', 3863, 404032.13, 5122249.25, 1165.05);
insert into STATION values (2096, '.', 3863, 404034.18, 5122258.04, 1164.34);
insert into STATION values (2097, '.', 3863, 404032.59, 5122250.84, 1164.89);
insert into STATION values (2098, '.', 3863, 404032.90, 5122252.26, 1164.77);
insert into STATION values (2099, '.', 3863, 404031.79, 5122252.38, 1164.80);
insert into STATION values (2100, '.', 3863, 404031.31, 5122250.60, 1164.96);
insert into STATION values (2101, '.', 3863, 404031.35, 5122250.16, 1165.05);
insert into STATION values (2102, '35', 3863, 404032.50, 5122254.54, 1160.93);
insert into STATION values (2103, '.', 3863, 404032.91, 5122254.40, 1160.99);
insert into STATION values (2104, '.', 3863, 404033.01, 5122254.33, 1162.18);
insert into STATION values (2105, '.', 3863, 404033.33, 5122254.65, 1167.73);
insert into STATION values (2106, '.', 3863, 404032.58, 5122254.64, 1162.96);
insert into STATION values (2107, '.', 3863, 404032.47, 5122255.03, 1161.00);
insert into STATION values (2108, '.', 3863, 404032.31, 5122254.51, 1160.95);
insert into STATION values (2109, '.', 3863, 404032.07, 5122253.46, 1160.96);
insert into STATION values (2110, '.', 3863, 404031.68, 5122250.31, 1161.06);
insert into STATION values (2111, '.', 3863, 404031.78, 5122252.36, 1160.98);
insert into STATION values (2112, '.', 3863, 404031.63, 5122251.61, 1161.05);
insert into STATION values (2113, '.', 3863, 404032.87, 5122254.02, 1161.11);
insert into STATION values (2114, '36', 3863, 404034.71, 5122259.69, 1160.65);
insert into STATION values (2115, '.', 3863, 404033.37, 5122257.17, 1161.24);
insert into STATION values (2116, '.', 3863, 404032.40, 5122256.85, 1161.25);
insert into STATION values (2117, '.', 3863, 404031.42, 5122256.76, 1161.55);
insert into STATION values (2118, '.', 3863, 404032.00, 5122258.03, 1161.46);
insert into STATION values (2119, '.', 3863, 404033.08, 5122259.38, 1161.26);
insert into STATION values (2120, '.', 3863, 404033.11, 5122260.42, 1161.26);
insert into STATION values (2121, '.', 3863, 404033.31, 5122261.67, 1160.97);
insert into STATION values (2122, '.', 3863, 404033.08, 5122260.84, 1160.72);
insert into STATION values (2123, '.', 3863, 404032.41, 5122266.70, 1160.89);
insert into STATION values (2124, '.', 3863, 404034.27, 5122267.90, 1161.28);
insert into STATION values (2125, '.', 3863, 404033.88, 5122261.83, 1157.08);
insert into STATION values (2126, '.', 3863, 404033.75, 5122259.59, 1154.95);
insert into STATION values (2127, '.', 3863, 404034.14, 5122259.99, 1153.16);
insert into STATION values (2128, '.', 3863, 404033.78, 5122258.86, 1158.70);
insert into STATION values (2129, '.', 3863, 404033.61, 5122258.21, 1159.22);
insert into STATION values (2130, '.', 3863, 404033.04, 5122256.82, 1159.79);
insert into STATION values (2131, '.', 3863, 404034.10, 5122259.86, 1163.56);
insert into STATION values (2132, '.', 3863, 404033.36, 5122258.02, 1165.08);
insert into STATION values (2133, '.', 3863, 404033.91, 5122261.90, 1162.21);
insert into STATION values (2134, '37', 3863, 404034.10, 5122266.16, 1160.37);
insert into STATION values (2135, '0', 4079, 404038.51, 5122286.35, 1151.09);
insert into STATION values (2136, '.', 4079, 404044.73, 5122284.76, 1151.05);
insert into STATION values (2137, '.', 4079, 404046.08, 5122289.33, 1151.12);
insert into STATION values (2138, '.', 4079, 404044.46, 5122296.05, 1151.35);
insert into STATION values (2139, '.', 4079, 404037.06, 5122298.44, 1150.92);
insert into STATION values (2140, '.', 4079, 404033.62, 5122293.50, 1151.06);
insert into STATION values (2141, '.', 4079, 404042.82, 5122280.99, 1151.42);
insert into STATION values (2142, '.', 4079, 404038.88, 5122280.58, 1153.59);
insert into STATION values (2143, '.', 4079, 404036.24, 5122282.77, 1152.35);
insert into STATION values (2144, '.', 4079, 404036.35, 5122283.89, 1151.92);
insert into STATION values (2145, '.', 4079, 404034.69, 5122284.17, 1151.93);
insert into STATION values (2146, '.', 4079, 404034.25, 5122284.41, 1151.74);
insert into STATION values (2147, '.', 4079, 404029.96, 5122286.18, 1151.18);
insert into STATION values (2148, '.', 4079, 404026.87, 5122289.81, 1150.64);
insert into STATION values (2149, '.', 4079, 404044.02, 5122284.83, 1154.11);
insert into STATION values (2150, '.', 4079, 404043.78, 5122287.90, 1190.68);
insert into STATION values (2151, '.', 4079, 404034.17, 5122278.83, 1162.91);
insert into STATION values (2152, '.', 4079, 404041.42, 5122282.26, 1160.94);
insert into STATION values (2153, '.', 4079, 404046.27, 5122287.36, 1177.17);
insert into STATION values (2154, '.', 4079, 404045.34, 5122294.59, 1164.02);
insert into STATION values (2155, '.', 4079, 404043.03, 5122298.40, 1164.32);
insert into STATION values (2156, '.', 4079, 404030.40, 5122285.94, 1151.57);
insert into STATION values (2157, '.', 4079, 404028.69, 5122287.60, 1150.79);
insert into STATION values (2158, '.', 4079, 404027.90, 5122289.40, 1150.97);
insert into STATION values (2159, '.', 4079, 404027.59, 5122291.17, 1151.30);
insert into STATION values (2160, '.', 4079, 404028.10, 5122292.51, 1150.83);
insert into STATION values (2161, '.', 4079, 404029.25, 5122293.54, 1150.74);
insert into STATION values (2162, '.', 4079, 404032.29, 5122291.60, 1150.83);
insert into STATION values (2163, '.', 4079, 404033.34, 5122293.53, 1150.75);
insert into STATION values (2164, '.', 4079, 404035.24, 5122295.36, 1151.09);
insert into STATION values (2165, '.', 4079, 404036.97, 5122296.62, 1151.05);
insert into STATION values (2166, '.', 4079, 404039.68, 5122299.86, 1151.21);
insert into STATION values (2167, '.', 4079, 404040.38, 5122300.65, 1151.49);
insert into STATION values (2168, '1', 4079, 404028.92, 5122291.65, 1150.84);
insert into STATION values (2169, '.', 4079, 404019.03, 5122296.31, 1151.32);
insert into STATION values (2170, '.', 4079, 404026.78, 5122290.80, 1150.81);
insert into STATION values (2171, '.', 4079, 404027.69, 5122291.25, 1152.10);
insert into STATION values (2172, '.', 4079, 404028.92, 5122291.66, 1152.61);
insert into STATION values (2173, '.', 4079, 404030.24, 5122292.19, 1151.60);
insert into STATION values (2174, '.', 4079, 404031.69, 5122292.64, 1150.44);
insert into STATION values (2175, '.', 4079, 404027.83, 5122289.11, 1151.36);
insert into STATION values (2176, '.', 4079, 404029.24, 5122288.81, 1151.79);
insert into STATION values (2177, '.', 4079, 404030.58, 5122284.83, 1151.06);
insert into STATION values (2178, '.', 4079, 404028.74, 5122287.43, 1150.65);
insert into STATION values (2179, '.', 4079, 404035.14, 5122285.34, 1150.06);
insert into STATION values (2180, '.', 4079, 404045.25, 5122285.67, 1149.68);
insert into STATION values (2181, '.', 4079, 404030.38, 5122290.29, 1151.61);
insert into STATION values (2182, '2', 4079, 404026.04, 5122295.83, 1153.03);
insert into STATION values (2183, '.', 4079, 404025.74, 5122294.11, 1152.99);
insert into STATION values (2184, '.', 4079, 404025.09, 5122295.06, 1154.05);
insert into STATION values (2185, '.', 4079, 404023.46, 5122297.05, 1155.17);
insert into STATION values (2186, '.', 4079, 404022.69, 5122298.88, 1156.54);
insert into STATION values (2187, '.', 4079, 404020.80, 5122301.06, 1159.81);
insert into STATION values (2188, '.', 4079, 404022.33, 5122301.10, 1155.40);
insert into STATION values (2189, '.', 4079, 404023.43, 5122304.03, 1156.26);
insert into STATION values (2190, '.', 4079, 404024.42, 5122301.02, 1153.30);
insert into STATION values (2191, '.', 4079, 404026.95, 5122303.50, 1153.55);
insert into STATION values (2192, '.', 4079, 404028.15, 5122301.70, 1153.48);
insert into STATION values (2193, '.', 4079, 404028.60, 5122298.43, 1152.81);
insert into STATION values (2194, '.', 4079, 404028.88, 5122299.23, 1151.55);
insert into STATION values (2195, '.', 4079, 404029.07, 5122297.02, 1152.73);
insert into STATION values (2196, '3', 4079, 404024.41, 5122302.57, 1155.01);
insert into STATION values (2197, '.', 4079, 404022.42, 5122303.99, 1160.18);
insert into STATION values (2198, '.', 4079, 404020.36, 5122298.04, 1162.43);
insert into STATION values (2199, '.', 4079, 404020.27, 5122296.23, 1160.38);
insert into STATION values (2200, '.', 4079, 404022.22, 5122296.38, 1158.76);
insert into STATION values (2201, '.', 4079, 404024.32, 5122301.83, 1157.61);
insert into STATION values (2202, '.', 4079, 404025.40, 5122301.74, 1156.17);
insert into STATION values (2203, '.', 4079, 404026.71, 5122304.15, 1154.92);
insert into STATION values (2204, '4', 4079, 404041.06, 5122291.92, 1147.34);
insert into STATION values (2205, '5', 4079, 404039.57, 5122294.35, 1145.75);
insert into STATION values (2206, '6', 4079, 404039.29, 5122291.93, 1145.72);
insert into STATION values (2207, '7', 4079, 404045.31, 5122287.46, 1160.26);
insert into STATION values (2208, '.', 4079, 404036.58, 5122277.03, 1160.45);
insert into STATION values (2209, '.', 4079, 404033.09, 5122282.31, 1160.37);
insert into STATION values (2210, '.', 4079, 404032.95, 5122287.73, 1160.58);
insert into STATION values (2211, '.', 4079, 404034.84, 5122293.27, 1161.54);
insert into STATION values (2212, '.', 4079, 404037.97, 5122297.69, 1161.65);
insert into STATION values (2213, '.', 4079, 404040.60, 5122299.75, 1161.39);
insert into STATION values (2214, '.', 4079, 404044.59, 5122297.79, 1161.60);
insert into STATION values (2215, '.', 4079, 404044.64, 5122293.62, 1162.54);
insert into STATION values (2216, '8', 4079, 404045.37, 5122287.32, 1167.59);
insert into STATION values (2217, '.', 4079, 404040.26, 5122277.61, 1167.57);
insert into STATION values (2218, '.', 4079, 404034.88, 5122280.92, 1167.65);
insert into STATION values (2219, '.', 4079, 404033.76, 5122287.20, 1167.49);
insert into STATION values (2220, '.', 4079, 404034.37, 5122292.25, 1167.08);
insert into STATION values (2221, '.', 4079, 404033.65, 5122289.54, 1166.06);
insert into STATION values (2222, '.', 4079, 404034.58, 5122284.15, 1153.65);
insert into STATION values (2223, '.', 4079, 404031.64, 5122286.77, 1149.28);
insert into STATION values (2224, '.', 4079, 404031.15, 5122291.67, 1148.69);
insert into STATION values (2225, '.', 4079, 404046.46, 5122291.33, 1167.02);
insert into STATION values (2226, '.', 4079, 404044.35, 5122295.38, 1166.58);
insert into STATION values (2227, '.', 4079, 404043.25, 5122297.06, 1166.31);
insert into STATION values (2228, '.', 4079, 404038.75, 5122298.71, 1166.02);
insert into STATION values (2229, '.', 4079, 404041.58, 5122298.99, 1166.04);
insert into STATION values (2230, '9', 4079, 404044.89, 5122288.14, 1180.85);
insert into STATION values (2231, '.', 4079, 404044.90, 5122288.77, 1194.13);
insert into STATION values (2232, '.', 4079, 404044.45, 5122292.62, 1180.44);
insert into STATION values (2233, '.', 4079, 404038.91, 5122298.94, 1180.14);
insert into STATION values (2234, '.', 4079, 404035.28, 5122296.38, 1179.88);
insert into STATION values (2235, '.', 4079, 404033.37, 5122290.78, 1179.86);
insert into STATION values (2236, '.', 4079, 404041.20, 5122276.25, 1180.42);
insert into STATION values (2237, '.', 4079, 404035.78, 5122271.11, 1178.79);
insert into STATION values (2238, '.', 4079, 404036.78, 5122280.32, 1179.67);
insert into STATION values (2239, '.', 4079, 404036.99, 5122284.07, 1180.22);
insert into STATION values (2240, '.', 4079, 404034.07, 5122285.85, 1179.77);
insert into STATION values (2241, '10', 4079, 404043.89, 5122288.17, 1189.45);
insert into STATION values (2242, '.', 4079, 404042.99, 5122287.90, 1198.03);
insert into STATION values (2243, '.', 4079, 404039.26, 5122299.89, 1190.90);
insert into STATION values (2244, '.', 4079, 404036.61, 5122298.55, 1190.00);
insert into STATION values (2245, '.', 4079, 404035.52, 5122294.51, 1189.94);
insert into STATION values (2246, '.', 4079, 404035.10, 5122291.33, 1189.71);
insert into STATION values (2247, '.', 4079, 404034.54, 5122284.53, 1189.87);
insert into STATION values (2248, '.', 4079, 404036.71, 5122266.63, 1188.30);
insert into STATION values (2249, '.', 4079, 404032.52, 5122270.27, 1187.14);
insert into STATION values (2250, '.', 4079, 404034.27, 5122279.36, 1187.89);
insert into STATION values (2251, '.', 4079, 404034.03, 5122283.62, 1187.82);
insert into STATION values (2252, '.', 4079, 404035.01, 5122277.48, 1161.07);
insert into STATION values (2253, '11', 4079, 404043.92, 5122288.04, 1192.10);
insert into STATION values (2254, '.', 4079, 404044.16, 5122287.91, 1194.84);
insert into STATION values (2255, '.', 4079, 404038.86, 5122270.07, 1191.22);
insert into STATION values (2256, '.', 4079, 404032.79, 5122270.10, 1190.70);
insert into STATION values (2257, '.', 4079, 404033.97, 5122279.75, 1190.63);
insert into STATION values (2258, '.', 4079, 404034.75, 5122285.87, 1190.34);
insert into STATION values (2259, '.', 4079, 404042.99, 5122296.83, 1191.90);
insert into STATION values (2260, '.', 4079, 404038.12, 5122298.60, 1191.51);
insert into STATION values (2261, '.', 4079, 404035.54, 5122295.30, 1191.35);
insert into STATION values (2262, '.', 4079, 404035.45, 5122292.03, 1191.91);
insert into STATION values (2263, '.', 4079, 404043.30, 5122287.24, 1207.22);
insert into STATION values (2264, '12', 4079, 404043.49, 5122287.90, 1195.44);
insert into STATION values (2265, '.', 4079, 404044.15, 5122288.01, 1203.70);
insert into STATION values (2266, '13', 4079, 404043.38, 5122287.70, 1208.68);
insert into STATION values (2267, '.', 4079, 404043.13, 5122287.61, 1222.53);
insert into STATION values (2268, '.', 4079, 404043.18, 5122287.62, 1221.95);
insert into STATION values (2269, '14', 4079, 404043.94, 5122289.56, 1209.38);
insert into STATION values (2270, '15', 4079, 404044.19, 5122288.13, 1211.19);
insert into STATION values (2271, '1', 4166, 404049.52, 5122287.44, 1227.64);
insert into STATION values (2272, '2', 4166, 404047.34, 5122289.91, 1221.69);
insert into STATION values (2273, '3', 4166, 404044.19, 5122288.13, 1211.19);
insert into STATION values (2274, '2', 4182, 404052.35, 5122285.26, 1228.73);
insert into STATION values (2275, '1', 4182, 404049.52, 5122287.44, 1227.64);
insert into STATION values (2276, '3', 4182, 404058.86, 5122278.39, 1229.72);
insert into STATION values (2277, '4', 4182, 404059.35, 5122273.28, 1230.91);
insert into STATION values (2278, '5', 4182, 404061.50, 5122268.09, 1231.80);
insert into STATION values (2279, '6', 4182, 404062.04, 5122265.85, 1231.88);
insert into STATION values (2280, '7', 4182, 404065.60, 5122262.35, 1232.58);
insert into STATION values (2281, '8', 4182, 404071.01, 5122262.30, 1234.13);
insert into STATION values (2282, '9', 4182, 404076.44, 5122259.82, 1234.65);
insert into STATION values (2283, '10', 4182, 404080.49, 5122259.64, 1235.29);
insert into STATION values (2284, '11', 4182, 404081.21, 5122256.84, 1235.70);
insert into STATION values (2285, '12', 4182, 404085.51, 5122256.42, 1236.38);
insert into STATION values (2286, '13', 4182, 404087.11, 5122255.76, 1238.12);
insert into STATION values (2287, '14', 4182, 404090.22, 5122254.77, 1236.86);
insert into STATION values (2288, '0', 4231, 403997.76, 5122288.36, 1126.14);
insert into STATION values (2289, '1', 4231, 403998.09, 5122285.46, 1127.62);
insert into STATION values (2290, '2', 4231, 404000.83, 5122283.02, 1131.05);
insert into STATION values (2291, '3', 4231, 404000.79, 5122286.60, 1132.54);
insert into STATION values (2292, '4', 4231, 404002.96, 5122281.83, 1133.37);
insert into STATION values (2293, '5', 4231, 404007.23, 5122278.13, 1138.32);
insert into STATION values (2294, '6', 4231, 404006.85, 5122276.41, 1137.97);
insert into STATION values (2295, '7', 4231, 404008.37, 5122271.00, 1137.21);
insert into STATION values (2296, '8', 4231, 404008.09, 5122271.42, 1143.20);
insert into STATION values (2297, '9', 4231, 404007.32, 5122270.14, 1144.72);
insert into STATION values (2298, '10', 4231, 404007.49, 5122267.35, 1145.19);
insert into STATION values (2299, '11', 4231, 404007.06, 5122262.81, 1148.26);
insert into STATION values (2300, '12', 4231, 404006.88, 5122264.57, 1151.56);
insert into STATION values (2301, '13', 4231, 404006.21, 5122262.14, 1154.50);
insert into STATION values (2302, '14', 4231, 404008.52, 5122256.08, 1157.86);
insert into STATION values (2303, '15', 4231, 404003.87, 5122255.32, 1156.87);
insert into STATION values (2304, '16', 4231, 404000.92, 5122255.10, 1166.38);
insert into STATION values (2305, '17', 4231, 403999.65, 5122253.88, 1166.01);
insert into STATION values (2306, '18', 4231, 403997.47, 5122252.58, 1169.61);
insert into STATION values (2307, '19', 4231, 403997.49, 5122259.03, 1171.06);
insert into STATION values (2308, '20', 4231, 403996.23, 5122252.16, 1177.85);
insert into STATION values (2309, '21', 4231, 403998.97, 5122266.65, 1169.26);
insert into STATION values (2310, '1', 4320, 403996.82, 5122286.94, 1106.83);
insert into STATION values (2311, '2', 4320, 403995.06, 5122292.23, 1105.01);
insert into STATION values (2312, '3', 4320, 403996.08, 5122284.74, 1110.70);
insert into STATION values (2313, '4', 4320, 403998.12, 5122283.81, 1114.02);
insert into STATION values (2314, '5', 4320, 403997.66, 5122281.76, 1113.80);
insert into STATION values (2315, '6', 4320, 403998.80, 5122282.12, 1117.69);
insert into STATION values (2316, '7', 4320, 403994.99, 5122286.74, 1122.04);
insert into STATION values (2317, '8', 4320, 403997.76, 5122288.36, 1126.14);
insert into STATION values (2318, '2', 4350, 403983.24, 5122313.64, 1093.88);
insert into STATION values (2319, '1', 4350, 403996.12, 5122321.52, 1093.62);
insert into STATION values (2320, '3', 4350, 403982.33, 5122298.87, 1093.88);
insert into STATION values (2321, '4', 4350, 403985.50, 5122294.25, 1094.87);
insert into STATION values (2322, '5', 4350, 403987.49, 5122295.07, 1097.94);
insert into STATION values (2323, '6', 4350, 403992.83, 5122299.16, 1100.66);
insert into STATION values (2324, '7', 4350, 403991.99, 5122297.41, 1101.73);
insert into STATION values (2325, '8', 4350, 403991.99, 5122297.41, 1104.30);
insert into STATION values (2326, '9', 4350, 403993.54, 5122294.88, 1105.69);
insert into STATION values (2327, '10', 4350, 403994.66, 5122292.63, 1109.14);
insert into STATION values (2328, '11', 4350, 403994.04, 5122290.22, 1110.70);
insert into STATION values (2329, '12', 4350, 403996.08, 5122284.74, 1110.70);
insert into STATION values (2330, '0', 4405, 404348.64, 5122432.72, 1401.99);
insert into STATION values (2331, '.', 4405, 404345.42, 5122432.17, 1402.95);
insert into STATION values (2332, '.', 4405, 404345.66, 5122432.71, 1402.78);
insert into STATION values (2333, '.', 4405, 404345.09, 5122430.67, 1408.35);
insert into STATION values (2334, '.', 4405, 404350.18, 5122427.56, 1405.65);
insert into STATION values (2335, '.', 4405, 404349.99, 5122427.70, 1403.26);
insert into STATION values (2336, '.', 4405, 404345.10, 5122431.75, 1402.45);
insert into STATION values (2337, '.', 4405, 404347.43, 5122426.90, 1403.14);
insert into STATION values (2338, '.', 4405, 404345.21, 5122428.49, 1403.42);
insert into STATION values (2339, '.', 4405, 404344.50, 5122430.18, 1403.20);
insert into STATION values (2340, '.', 4405, 404344.58, 5122431.39, 1403.15);
insert into STATION values (2341, '.', 4405, 404350.06, 5122427.43, 1403.24);
insert into STATION values (2342, '.', 4405, 404350.12, 5122430.87, 1402.76);
insert into STATION values (2343, '.', 4405, 404345.79, 5122427.77, 1403.25);
insert into STATION values (2344, '.', 4405, 404343.73, 5122428.65, 1404.02);
insert into STATION values (2345, '.', 4405, 404343.49, 5122429.73, 1404.76);
insert into STATION values (2346, '.', 4405, 404344.91, 5122427.76, 1405.42);
insert into STATION values (2347, '.', 4405, 404349.53, 5122427.06, 1407.37);
insert into STATION values (2348, '.', 4405, 404344.85, 5122429.17, 1409.95);
insert into STATION values (2349, '.', 4405, 404346.22, 5122430.28, 1415.95);
insert into STATION values (2350, '.', 4405, 404346.61, 5122427.88, 1400.90);
insert into STATION values (2351, '.', 4405, 404345.77, 5122432.34, 1402.27);
insert into STATION values (2352, '.', 4405, 404345.70, 5122432.54, 1402.38);
insert into STATION values (2353, '1', 4405, 404345.15, 5122431.73, 1402.50);
insert into STATION values (2354, '.', 4405, 404341.70, 5122430.80, 1403.02);
insert into STATION values (2355, '.', 4405, 404341.64, 5122430.71, 1403.02);
insert into STATION values (2356, '.', 4405, 404341.61, 5122430.69, 1403.01);
insert into STATION values (2357, '.', 4405, 404344.59, 5122430.19, 1402.89);
insert into STATION values (2358, '.', 4405, 404345.47, 5122429.16, 1402.74);
insert into STATION values (2359, '.', 4405, 404347.10, 5122427.25, 1402.97);
insert into STATION values (2360, '.', 4405, 404349.59, 5122426.85, 1403.12);
insert into STATION values (2361, '.', 4405, 404349.73, 5122428.81, 1402.93);
insert into STATION values (2362, '.', 4405, 404349.94, 5122430.11, 1402.89);
insert into STATION values (2363, '.', 4405, 404348.46, 5122435.36, 1403.18);
insert into STATION values (2364, '.', 4405, 404349.38, 5122433.86, 1403.23);
insert into STATION values (2365, '.', 4405, 404350.21, 5122430.51, 1403.24);
insert into STATION values (2366, '.', 4405, 404349.52, 5122431.63, 1405.66);
insert into STATION values (2367, '.', 4405, 404350.14, 5122430.16, 1410.54);
insert into STATION values (2368, '.', 4405, 404348.22, 5122430.40, 1415.26);
insert into STATION values (2369, '.', 4405, 404344.49, 5122431.23, 1402.50);
insert into STATION values (2370, '.', 4405, 404344.61, 5122429.54, 1402.32);
insert into STATION values (2371, '.', 4405, 404345.15, 5122428.59, 1402.87);
insert into STATION values (2372, '.', 4405, 404346.98, 5122427.67, 1402.53);
insert into STATION values (2373, '.', 4405, 404348.34, 5122427.85, 1402.61);
insert into STATION values (2374, '.', 4405, 404348.97, 5122434.99, 1403.03);
insert into STATION values (2375, '.', 4405, 404350.01, 5122432.75, 1403.24);
insert into STATION values (2376, '.', 4405, 404349.99, 5122430.08, 1403.35);
insert into STATION values (2377, '.', 4405, 404349.62, 5122431.75, 1407.02);
insert into STATION values (2378, '.', 4405, 404349.14, 5122431.58, 1413.99);
insert into STATION values (2379, '.', 4405, 404344.48, 5122431.53, 1404.87);
insert into STATION values (2380, '.', 4405, 404345.30, 5122428.19, 1396.54);
insert into STATION values (2381, '.', 4405, 404346.15, 5122428.74, 1396.54);
insert into STATION values (2382, '.', 4405, 404346.36, 5122429.27, 1396.38);
insert into STATION values (2383, '.', 4405, 404346.53, 5122429.86, 1396.24);
insert into STATION values (2384, '.', 4405, 404346.73, 5122430.65, 1396.24);
insert into STATION values (2385, '.', 4405, 404346.72, 5122431.22, 1396.30);
insert into STATION values (2386, '.', 4405, 404346.43, 5122430.90, 1396.23);
insert into STATION values (2387, '.', 4405, 404346.40, 5122431.73, 1396.25);
insert into STATION values (2388, '.', 4405, 404346.22, 5122432.41, 1396.36);
insert into STATION values (2389, '.', 4405, 404349.07, 5122431.20, 1396.68);
insert into STATION values (2390, '.', 4405, 404349.30, 5122429.14, 1398.38);
insert into STATION values (2391, '.', 4405, 404344.02, 5122428.66, 1397.19);
insert into STATION values (2392, '.', 4405, 404345.10, 5122427.59, 1398.76);
insert into STATION values (2393, '2', 4405, 404344.37, 5122431.14, 1397.36);
insert into STATION values (2394, '.', 4405, 404345.06, 5122427.22, 1397.38);
insert into STATION values (2395, '.', 4405, 404346.24, 5122427.18, 1397.52);
insert into STATION values (2396, '.', 4405, 404347.85, 5122427.68, 1397.21);
insert into STATION values (2397, '.', 4405, 404349.13, 5122429.21, 1397.97);
insert into STATION values (2398, '.', 4405, 404348.86, 5122430.96, 1397.81);
insert into STATION values (2399, '.', 4405, 404346.68, 5122427.33, 1398.73);
insert into STATION values (2400, '.', 4405, 404344.93, 5122427.96, 1398.98);
insert into STATION values (2401, '.', 4405, 404343.90, 5122426.25, 1399.59);
insert into STATION values (2402, '.', 4405, 404343.76, 5122427.27, 1400.23);
insert into STATION values (2403, '.', 4405, 404343.97, 5122428.51, 1400.22);
insert into STATION values (2404, '.', 4405, 404343.23, 5122427.79, 1399.77);
insert into STATION values (2405, '.', 4405, 404343.62, 5122429.27, 1398.78);
insert into STATION values (2406, '.', 4405, 404343.19, 5122426.65, 1398.96);
insert into STATION values (2407, '.', 4405, 404343.41, 5122424.73, 1398.12);
insert into STATION values (2408, '.', 4405, 404343.94, 5122421.85, 1396.61);
insert into STATION values (2409, '.', 4405, 404343.50, 5122423.63, 1396.73);
insert into STATION values (2410, '.', 4405, 404344.14, 5122428.78, 1396.95);
insert into STATION values (2411, '.', 4405, 404344.28, 5122422.68, 1395.88);
insert into STATION values (2412, '.', 4405, 404344.83, 5122427.08, 1396.26);
insert into STATION values (2413, '.', 4405, 404344.72, 5122426.84, 1395.86);
insert into STATION values (2414, '.', 4405, 404344.39, 5122428.54, 1396.30);
insert into STATION values (2415, '.', 4405, 404344.69, 5122428.44, 1396.10);
insert into STATION values (2416, '.', 4405, 404342.99, 5122427.22, 1398.04);
insert into STATION values (2417, '.', 4405, 404347.61, 5122427.04, 1398.86);
insert into STATION values (2418, '.', 4405, 404349.83, 5122427.37, 1400.77);
insert into STATION values (2419, '.', 4405, 404350.30, 5122427.92, 1400.85);
insert into STATION values (2420, '.', 4405, 404344.10, 5122421.08, 1396.42);
insert into STATION values (2421, '3', 4405, 404344.27, 5122428.23, 1397.09);
insert into STATION values (2422, '.', 4405, 404344.94, 5122427.20, 1397.33);
insert into STATION values (2423, '.', 4405, 404344.62, 5122426.91, 1397.29);
insert into STATION values (2424, '.', 4405, 404344.46, 5122422.80, 1397.30);
insert into STATION values (2425, '.', 4405, 404343.64, 5122423.98, 1397.32);
insert into STATION values (2426, '.', 4405, 404343.48, 5122425.13, 1397.28);
insert into STATION values (2427, '.', 4405, 404343.59, 5122426.55, 1397.30);
insert into STATION values (2428, '.', 4405, 404343.34, 5122426.79, 1397.40);
insert into STATION values (2429, '.', 4405, 404343.74, 5122427.65, 1397.30);
insert into STATION values (2430, '.', 4405, 404342.84, 5122427.73, 1398.17);
insert into STATION values (2431, '.', 4405, 404343.27, 5122426.68, 1398.63);
insert into STATION values (2432, '.', 4405, 404343.81, 5122426.05, 1399.71);
insert into STATION values (2433, '.', 4405, 404343.76, 5122427.16, 1399.90);
insert into STATION values (2434, '.', 4405, 404343.56, 5122427.68, 1400.18);
insert into STATION values (2435, '.', 4405, 404344.28, 5122427.68, 1398.68);
insert into STATION values (2436, '.', 4405, 404344.12, 5122428.21, 1399.64);
insert into STATION values (2437, '.', 4405, 404342.65, 5122424.83, 1397.95);
insert into STATION values (2438, '.', 4405, 404343.80, 5122427.62, 1397.34);
insert into STATION values (2439, '.', 4405, 404341.92, 5122425.10, 1398.29);
insert into STATION values (2440, '.', 4405, 404343.42, 5122426.53, 1397.40);
insert into STATION values (2441, '.', 4405, 404342.26, 5122425.45, 1398.23);
insert into STATION values (2442, '4', 4405, 404342.17, 5122425.45, 1398.17);
insert into STATION values (2443, '.', 4405, 404340.13, 5122425.16, 1398.27);
insert into STATION values (2444, '.', 4405, 404339.73, 5122425.48, 1398.34);
insert into STATION values (2445, '.', 4405, 404339.32, 5122426.12, 1398.43);
insert into STATION values (2446, '.', 4405, 404339.21, 5122426.70, 1398.46);
insert into STATION values (2447, '.', 4405, 404339.15, 5122427.26, 1398.44);
insert into STATION values (2448, '.', 4405, 404338.38, 5122428.10, 1398.58);
insert into STATION values (2449, '.', 4405, 404338.47, 5122428.69, 1398.62);
insert into STATION values (2450, '.', 4405, 404340.72, 5122427.45, 1398.32);
insert into STATION values (2451, '.', 4405, 404341.40, 5122427.42, 1398.45);
insert into STATION values (2452, '.', 4405, 404342.24, 5122427.23, 1398.36);
insert into STATION values (2453, '.', 4405, 404342.84, 5122427.07, 1398.26);
insert into STATION values (2454, '.', 4405, 404347.30, 5122432.88, 1398.44);
insert into STATION values (2455, '.', 4405, 404338.85, 5122426.17, 1397.90);
insert into STATION values (2456, '.', 4405, 404339.54, 5122425.57, 1398.66);
insert into STATION values (2457, '.', 4405, 404338.54, 5122428.43, 1399.09);
insert into STATION values (2458, '.', 4405, 404338.44, 5122428.34, 1397.96);
insert into STATION values (2459, '.', 4405, 404342.23, 5122427.24, 1398.16);
insert into STATION values (2460, '5', 4405, 404338.81, 5122428.90, 1398.85);
insert into STATION values (2461, '.', 4405, 404339.70, 5122427.44, 1398.92);
insert into STATION values (2462, '.', 4405, 404340.20, 5122427.81, 1399.05);
insert into STATION values (2463, '.', 4405, 404340.81, 5122428.19, 1399.10);
insert into STATION values (2464, '.', 4405, 404340.57, 5122428.65, 1399.12);
insert into STATION values (2465, '.', 4405, 404341.78, 5122426.01, 1398.57);
insert into STATION values (2466, '.', 4405, 404341.31, 5122425.19, 1398.31);
insert into STATION values (2467, '.', 4405, 404339.03, 5122427.56, 1398.69);
insert into STATION values (2468, '.', 4405, 404338.61, 5122427.85, 1398.72);
insert into STATION values (2469, '.', 4405, 404338.87, 5122427.60, 1399.36);
insert into STATION values (2470, '.', 4405, 404340.17, 5122426.75, 1400.76);
insert into STATION values (2471, '.', 4405, 404339.84, 5122426.59, 1401.12);
insert into STATION values (2472, '.', 4405, 404339.17, 5122426.67, 1400.73);
insert into STATION values (2473, '.', 4405, 404339.22, 5122426.70, 1401.36);
insert into STATION values (2474, '.', 4405, 404339.64, 5122426.40, 1400.75);
insert into STATION values (2475, '.', 4405, 404340.07, 5122428.10, 1398.70);
insert into STATION values (2476, '.', 4405, 404339.59, 5122428.00, 1398.40);
insert into STATION values (2477, '.', 4405, 404339.72, 5122427.13, 1397.83);
insert into STATION values (2478, '6', 4405, 404343.54, 5122424.03, 1394.73);
insert into STATION values (2479, '.', 4405, 404342.54, 5122421.15, 1395.53);
insert into STATION values (2480, '.', 4405, 404342.32, 5122422.01, 1395.48);
insert into STATION values (2481, '.', 4405, 404342.46, 5122422.56, 1395.33);
insert into STATION values (2482, '.', 4405, 404342.64, 5122423.60, 1395.13);
insert into STATION values (2483, '.', 4405, 404342.54, 5122424.08, 1395.31);
insert into STATION values (2484, '.', 4405, 404342.27, 5122424.47, 1395.18);
insert into STATION values (2485, '.', 4405, 404342.24, 5122425.11, 1395.13);
insert into STATION values (2486, '.', 4405, 404342.27, 5122425.91, 1395.30);
insert into STATION values (2487, '.', 4405, 404342.59, 5122426.66, 1395.38);
insert into STATION values (2488, '.', 4405, 404343.55, 5122427.28, 1395.38);
insert into STATION values (2489, '.', 4405, 404344.52, 5122428.16, 1395.67);
insert into STATION values (2490, '.', 4405, 404344.56, 5122426.25, 1395.35);
insert into STATION values (2491, '.', 4405, 404344.80, 5122425.64, 1395.34);
insert into STATION values (2492, '.', 4405, 404344.98, 5122425.13, 1395.34);
insert into STATION values (2493, '.', 4405, 404344.37, 5122422.45, 1395.25);
insert into STATION values (2494, '.', 4405, 404345.21, 5122422.97, 1395.22);
insert into STATION values (2495, '.', 4405, 404345.64, 5122423.65, 1395.31);
insert into STATION values (2496, '.', 4405, 404345.58, 5122424.06, 1395.10);
insert into STATION values (2497, '.', 4405, 404340.75, 5122427.12, 1393.52);
insert into STATION values (2498, '.', 4405, 404342.13, 5122427.51, 1393.90);
insert into STATION values (2499, '.', 4405, 404344.66, 5122427.74, 1394.12);
insert into STATION values (2500, '.', 4405, 404345.33, 5122426.79, 1394.58);
insert into STATION values (2501, '.', 4405, 404344.93, 5122425.95, 1394.72);
insert into STATION values (2502, '.', 4405, 404345.20, 5122425.18, 1395.09);
insert into STATION values (2503, '.', 4405, 404345.23, 5122424.78, 1395.15);
insert into STATION values (2504, '.', 4405, 404342.88, 5122425.42, 1395.71);
insert into STATION values (2505, '.', 4405, 404343.18, 5122426.97, 1396.79);
insert into STATION values (2506, '.', 4405, 404343.05, 5122424.24, 1397.85);
insert into STATION values (2507, '.', 4405, 404343.48, 5122424.91, 1398.31);
insert into STATION values (2508, '7', 4405, 404342.20, 5122421.25, 1395.47);
insert into STATION values (2509, '.', 4405, 404339.60, 5122419.70, 1395.04);
insert into STATION values (2510, '.', 4405, 404340.07, 5122420.30, 1395.16);
insert into STATION values (2511, '.', 4405, 404339.76, 5122420.69, 1395.05);
insert into STATION values (2512, '.', 4405, 404340.05, 5122420.50, 1394.73);
insert into STATION values (2513, '.', 4405, 404339.59, 5122419.60, 1394.65);
insert into STATION values (2514, '.', 4405, 404340.65, 5122421.10, 1395.13);
insert into STATION values (2515, '.', 4405, 404341.02, 5122421.56, 1395.29);
insert into STATION values (2516, '.', 4405, 404341.55, 5122421.81, 1395.42);
insert into STATION values (2517, '.', 4405, 404341.48, 5122421.40, 1395.65);
insert into STATION values (2518, '.', 4405, 404341.23, 5122420.73, 1395.68);
insert into STATION values (2519, '.', 4405, 404340.85, 5122420.58, 1395.56);
insert into STATION values (2520, '.', 4405, 404341.33, 5122420.61, 1395.37);
insert into STATION values (2521, '.', 4405, 404341.34, 5122420.64, 1395.22);
insert into STATION values (2522, '.', 4405, 404340.49, 5122421.55, 1394.70);
insert into STATION values (2523, '.', 4405, 404341.36, 5122421.77, 1394.99);
insert into STATION values (2524, '.', 4405, 404341.37, 5122421.66, 1394.70);
insert into STATION values (2525, '.', 4405, 404340.67, 5122421.33, 1394.59);
insert into STATION values (2526, '.', 4405, 404340.36, 5122416.68, 1390.26);
insert into STATION values (2527, '.', 4405, 404341.35, 5122417.32, 1391.87);
insert into STATION values (2528, '.', 4405, 404341.70, 5122419.99, 1394.32);
insert into STATION values (2529, '.', 4405, 404341.55, 5122420.27, 1394.40);
insert into STATION values (2530, '.', 4405, 404341.36, 5122420.49, 1394.35);
insert into STATION values (2531, '.', 4405, 404341.91, 5122420.82, 1394.53);
insert into STATION values (2532, '.', 4405, 404342.11, 5122420.93, 1394.83);
insert into STATION values (2533, '.', 4405, 404342.37, 5122420.76, 1394.91);
insert into STATION values (2534, '.', 4405, 404342.22, 5122421.86, 1395.63);
insert into STATION values (2535, '.', 4405, 404342.66, 5122423.03, 1396.06);
insert into STATION values (2536, '.', 4405, 404343.68, 5122421.54, 1395.88);
insert into STATION values (2537, '.', 4405, 404343.86, 5122421.82, 1395.67);
insert into STATION values (2538, '.', 4405, 404344.64, 5122422.34, 1395.85);
insert into STATION values (2539, '.', 4405, 404345.03, 5122422.42, 1396.16);
insert into STATION values (2540, '.', 4405, 404345.66, 5122423.71, 1396.34);
insert into STATION values (2541, '.', 4405, 404343.84, 5122422.17, 1395.60);
insert into STATION values (2542, '.', 4405, 404343.40, 5122422.23, 1395.24);
insert into STATION values (2543, '9', 4405, 404339.98, 5122420.26, 1394.87);
insert into STATION values (2544, '.', 4405, 404345.35, 5122423.75, 1395.63);
insert into STATION values (2545, '.', 4405, 404345.13, 5122424.48, 1395.46);
insert into STATION values (2546, '.', 4405, 404344.89, 5122424.73, 1395.46);
insert into STATION values (2547, '.', 4405, 404344.77, 5122425.32, 1395.34);
insert into STATION values (2548, '.', 4405, 404343.67, 5122427.84, 1394.58);
insert into STATION values (2549, '.', 4405, 404343.58, 5122427.34, 1395.36);
insert into STATION values (2550, '.', 4405, 404344.17, 5122426.72, 1395.54);
insert into STATION values (2551, '.', 4405, 404344.60, 5122425.19, 1394.64);
insert into STATION values (2552, '.', 4405, 404345.00, 5122424.53, 1394.57);
insert into STATION values (2553, '.', 4405, 404343.81, 5122427.82, 1394.61);
insert into STATION values (2554, '.', 4405, 404342.28, 5122423.56, 1395.31);
insert into STATION values (2555, '.', 4405, 404343.17, 5122427.42, 1395.51);
insert into STATION values (2556, '.', 4405, 404345.42, 5122433.18, 1396.33);
insert into STATION values (2557, '.', 4405, 404344.25, 5122426.70, 1395.97);
insert into STATION values (2558, '.', 4405, 404344.68, 5122424.92, 1394.39);
insert into STATION values (2559, '0', 4447, 404343.54, 5122424.03, 1394.73);
insert into STATION values (2560, '.', 4447, 404343.52, 5122427.59, 1394.72);
insert into STATION values (2561, '.', 4447, 404342.65, 5122426.91, 1394.64);
insert into STATION values (2562, '.', 4447, 404340.70, 5122427.06, 1394.32);
insert into STATION values (2563, '.', 4447, 404341.44, 5122425.85, 1394.51);
insert into STATION values (2564, '.', 4447, 404341.83, 5122425.07, 1394.47);
insert into STATION values (2565, '.', 4447, 404344.30, 5122427.72, 1394.49);
insert into STATION values (2566, '.', 4447, 404344.36, 5122422.86, 1394.74);
insert into STATION values (2567, '.', 4447, 404343.74, 5122422.63, 1394.90);
insert into STATION values (2568, '.', 4447, 404342.75, 5122421.25, 1395.09);
insert into STATION values (2569, '1', 4447, 404341.43, 5122425.48, 1393.94);
insert into STATION values (2570, '.', 4447, 404340.82, 5122426.70, 1393.75);
insert into STATION values (2571, '.', 4447, 404341.61, 5122427.69, 1393.78);
insert into STATION values (2572, '.', 4447, 404342.38, 5122427.31, 1393.87);
insert into STATION values (2573, '.', 4447, 404343.32, 5122427.20, 1394.00);
insert into STATION values (2574, '.', 4447, 404345.23, 5122425.95, 1393.55);
insert into STATION values (2575, '.', 4447, 404344.59, 5122424.35, 1393.73);
insert into STATION values (2576, '.', 4447, 404343.71, 5122424.03, 1393.84);
insert into STATION values (2577, '.', 4447, 404342.76, 5122424.51, 1393.89);
insert into STATION values (2578, '.', 4447, 404341.27, 5122425.50, 1388.54);
insert into STATION values (2579, '.', 4447, 404341.80, 5122427.32, 1388.62);
insert into STATION values (2580, '.', 4447, 404344.01, 5122428.00, 1387.76);
insert into STATION values (2581, '.', 4447, 404344.75, 5122428.28, 1387.55);
insert into STATION values (2582, '.', 4447, 404343.10, 5122426.89, 1390.98);
insert into STATION values (2583, '.', 4447, 404343.21, 5122426.96, 1391.92);
insert into STATION values (2584, '.', 4447, 404342.92, 5122426.96, 1392.71);
insert into STATION values (2585, '.', 4447, 404342.56, 5122426.78, 1392.96);
insert into STATION values (2586, '2', 4447, 404343.63, 5122427.91, 1388.96);
insert into STATION values (2587, '.', 4447, 404344.90, 5122427.44, 1390.19);
insert into STATION values (2588, '.', 4447, 404342.88, 5122424.80, 1390.87);
insert into STATION values (2589, '.', 4447, 404347.37, 5122427.02, 1388.65);
insert into STATION values (2590, '.', 4447, 404343.89, 5122427.79, 1387.80);
insert into STATION values (2591, '.', 4447, 404343.66, 5122428.26, 1389.38);
insert into STATION values (2592, '.', 4447, 404340.81, 5122428.89, 1390.07);
insert into STATION values (2593, '.', 4447, 404339.64, 5122426.47, 1390.11);
insert into STATION values (2594, '.', 4447, 404341.36, 5122426.82, 1394.02);
insert into STATION values (2595, '.', 4447, 404341.45, 5122424.90, 1393.48);
insert into STATION values (2596, '.', 4447, 404342.97, 5122425.15, 1392.10);
insert into STATION values (2597, '.', 4447, 404341.17, 5122427.44, 1393.51);
insert into STATION values (2598, '.', 4447, 404341.17, 5122428.63, 1391.16);
insert into STATION values (2599, '.', 4447, 404339.77, 5122427.24, 1390.57);
insert into STATION values (2600, '.', 4447, 404341.53, 5122428.94, 1390.06);
insert into STATION values (2601, '.', 4447, 404340.69, 5122425.78, 1388.89);
insert into STATION values (2602, '.', 4447, 404343.29, 5122427.44, 1387.82);
insert into STATION values (2603, '.', 4447, 404341.10, 5122426.61, 1388.53);
insert into STATION values (2604, '.', 4447, 404343.19, 5122427.24, 1388.65);
insert into STATION values (2605, '.', 4447, 404343.38, 5122427.03, 1388.13);
insert into STATION values (2606, '.', 4447, 404343.65, 5122428.28, 1389.28);
insert into STATION values (2607, '.', 4447, 404343.94, 5122426.77, 1389.29);
insert into STATION values (2608, '.', 4447, 404345.11, 5122426.74, 1388.67);
insert into STATION values (2609, '.', 4447, 404345.34, 5122426.98, 1388.06);
insert into STATION values (2610, '.', 4447, 404345.65, 5122428.81, 1387.90);
insert into STATION values (2611, '.', 4447, 404348.14, 5122427.28, 1388.37);
insert into STATION values (2612, '.', 4447, 404348.38, 5122426.10, 1388.46);
insert into STATION values (2613, '.', 4447, 404347.48, 5122427.11, 1388.41);
insert into STATION values (2614, '.', 4447, 404347.81, 5122427.03, 1388.38);
insert into STATION values (2615, '3', 4447, 404347.48, 5122427.12, 1388.42);
insert into STATION values (2616, '.', 4447, 404345.85, 5122428.98, 1388.57);
insert into STATION values (2617, '.', 4447, 404340.58, 5122428.27, 1389.12);
insert into STATION values (2618, '.', 4447, 404343.28, 5122427.76, 1388.25);
insert into STATION values (2619, '.', 4447, 404347.36, 5122427.25, 1389.01);
insert into STATION values (2620, '.', 4447, 404347.46, 5122427.03, 1387.80);
insert into STATION values (2621, '.', 4447, 404346.06, 5122425.74, 1388.55);
insert into STATION values (2622, '.', 4447, 404347.66, 5122427.36, 1388.46);
insert into STATION values (2623, '.', 4447, 404348.31, 5122426.41, 1388.65);
insert into STATION values (2624, '.', 4447, 404346.46, 5122426.60, 1387.63);
insert into STATION values (2625, '.', 4447, 404347.50, 5122425.53, 1388.21);
insert into STATION values (2626, '.', 4447, 404348.44, 5122425.76, 1388.55);
insert into STATION values (2627, '.', 4447, 404347.66, 5122426.91, 1389.04);
insert into STATION values (2628, '.', 4447, 404348.93, 5122423.64, 1388.75);
insert into STATION values (2629, '.', 4447, 404348.80, 5122423.85, 1387.92);
insert into STATION values (2630, '.', 4447, 404347.44, 5122425.54, 1389.01);
insert into STATION values (2631, '4', 4447, 404348.86, 5122423.61, 1388.52);
insert into STATION values (2632, '.', 4447, 404351.09, 5122423.97, 1388.17);
insert into STATION values (2633, '.', 4447, 404350.49, 5122423.81, 1389.71);
insert into STATION values (2634, '.', 4447, 404349.38, 5122423.84, 1389.95);
insert into STATION values (2635, '.', 4447, 404350.28, 5122424.42, 1388.18);
insert into STATION values (2636, '.', 4447, 404351.18, 5122425.11, 1384.98);
insert into STATION values (2637, '.', 4447, 404349.45, 5122424.76, 1384.97);
insert into STATION values (2638, '.', 4447, 404352.28, 5122424.43, 1384.84);
insert into STATION values (2639, '.', 4447, 404349.01, 5122424.42, 1388.31);
insert into STATION values (2640, '5', 4447, 404351.49, 5122424.14, 1386.10);
insert into STATION values (2641, '.', 4447, 404347.99, 5122423.30, 1385.69);
insert into STATION values (2642, '.', 4447, 404350.02, 5122422.08, 1385.28);
insert into STATION values (2643, '.', 4447, 404351.77, 5122424.07, 1384.70);
insert into STATION values (2644, '.', 4447, 404350.94, 5122419.07, 1385.03);
insert into STATION values (2645, '.', 4447, 404350.73, 5122421.86, 1385.37);
insert into STATION values (2646, '.', 4447, 404351.46, 5122420.73, 1385.34);
insert into STATION values (2647, '.', 4447, 404348.81, 5122424.20, 1386.96);
insert into STATION values (2648, '.', 4447, 404349.38, 5122425.17, 1386.19);
insert into STATION values (2649, '.', 4447, 404348.13, 5122424.88, 1385.47);
insert into STATION values (2650, '.', 4447, 404347.93, 5122423.59, 1385.33);
insert into STATION values (2651, '.', 4447, 404349.31, 5122425.72, 1385.43);
insert into STATION values (2652, '.', 4447, 404349.79, 5122424.57, 1387.66);
insert into STATION values (2653, '.', 4447, 404349.40, 5122424.30, 1389.75);
insert into STATION values (2654, '.', 4447, 404348.70, 5122423.97, 1389.58);
insert into STATION values (2655, '.', 4447, 404348.20, 5122424.06, 1388.90);
insert into STATION values (2656, '.', 4447, 404349.67, 5122425.09, 1385.99);
insert into STATION values (2657, '.', 4447, 404348.03, 5122423.22, 1385.31);
insert into STATION values (2658, '.', 4447, 404349.49, 5122424.05, 1384.90);
insert into STATION values (2659, '.', 4447, 404352.31, 5122425.23, 1384.99);
insert into STATION values (2660, '.', 4447, 404352.49, 5122423.37, 1385.25);
insert into STATION values (2661, '.', 4447, 404353.04, 5122423.82, 1385.32);
insert into STATION values (2662, '6', 4447, 404350.66, 5122419.48, 1385.46);
insert into STATION values (2663, '.', 4447, 404350.58, 5122419.41, 1386.08);
insert into STATION values (2664, '.', 4447, 404353.98, 5122418.01, 1385.59);
insert into STATION values (2665, '.', 4447, 404351.83, 5122419.48, 1385.59);
insert into STATION values (2666, '.', 4447, 404350.31, 5122419.82, 1385.46);
insert into STATION values (2667, '.', 4447, 404350.49, 5122421.16, 1385.59);
insert into STATION values (2668, '.', 4447, 404351.55, 5122426.27, 1385.45);
insert into STATION values (2669, '.', 4447, 404351.01, 5122420.50, 1385.92);
insert into STATION values (2670, '.', 4447, 404351.50, 5122419.96, 1385.60);
insert into STATION values (2671, '.', 4447, 404351.89, 5122421.38, 1385.74);
insert into STATION values (2672, '.', 4447, 404351.39, 5122420.64, 1385.01);
insert into STATION values (2673, '.', 4447, 404351.23, 5122421.12, 1384.79);
insert into STATION values (2674, '.', 4447, 404351.08, 5122420.15, 1384.78);
insert into STATION values (2675, '.', 4447, 404350.15, 5122419.58, 1385.64);
insert into STATION values (2676, '.', 4447, 404350.40, 5122418.90, 1385.60);
insert into STATION values (2677, '.', 4447, 404350.61, 5122419.33, 1386.15);
insert into STATION values (2678, '.', 4447, 404350.97, 5122418.18, 1386.38);
insert into STATION values (2679, '.', 4447, 404352.55, 5122418.40, 1385.24);
insert into STATION values (2680, '.', 4447, 404351.54, 5122419.01, 1384.84);
insert into STATION values (2681, '.', 4447, 404351.86, 5122417.82, 1386.41);
insert into STATION values (2682, '.', 4447, 404352.57, 5122417.33, 1386.25);
insert into STATION values (2683, '.', 4447, 404353.74, 5122417.58, 1386.05);
insert into STATION values (2684, '.', 4447, 404353.88, 5122416.53, 1386.39);
insert into STATION values (2685, '.', 4447, 404352.79, 5122417.84, 1386.36);
insert into STATION values (2686, '.', 4447, 404353.74, 5122417.96, 1386.04);
insert into STATION values (2687, '.', 4447, 404351.90, 5122419.29, 1385.64);
insert into STATION values (2688, '.', 4447, 404352.62, 5122418.54, 1386.13);
insert into STATION values (2689, '.', 4447, 404355.17, 5122418.02, 1385.53);
insert into STATION values (2690, '.', 4447, 404354.11, 5122418.14, 1385.61);
insert into STATION values (2691, '.', 4447, 404352.67, 5122417.55, 1385.70);
insert into STATION values (2692, '.', 4447, 404353.84, 5122416.15, 1386.44);
insert into STATION values (2693, '.', 4447, 404353.83, 5122416.97, 1386.27);
insert into STATION values (2694, '.', 4447, 404353.41, 5122416.95, 1386.55);
insert into STATION values (2695, '7', 4447, 404352.12, 5122417.99, 1385.85);
insert into STATION values (2696, '.', 4447, 404355.34, 5122418.56, 1385.33);
insert into STATION values (2697, '.', 4447, 404352.23, 5122417.99, 1386.66);
insert into STATION values (2698, '.', 4447, 404352.32, 5122417.28, 1386.14);
insert into STATION values (2699, '.', 4447, 404353.72, 5122416.40, 1386.42);
insert into STATION values (2700, '.', 4447, 404353.69, 5122417.94, 1385.94);
insert into STATION values (2701, '.', 4447, 404352.68, 5122418.67, 1385.85);
insert into STATION values (2702, '.', 4447, 404352.06, 5122419.13, 1385.81);
insert into STATION values (2703, '.', 4447, 404356.38, 5122419.96, 1383.41);
insert into STATION values (2704, '.', 4447, 404353.36, 5122420.11, 1382.75);
insert into STATION values (2705, '.', 4447, 404352.88, 5122418.11, 1385.46);
insert into STATION values (2706, '.', 4447, 404355.36, 5122418.54, 1385.33);
insert into STATION values (2707, '.', 4447, 404353.50, 5122418.15, 1386.17);
insert into STATION values (2708, '8', 4447, 404355.07, 5122418.78, 1385.16);
insert into STATION values (2709, '.', 4447, 404355.07, 5122418.86, 1385.66);
insert into STATION values (2710, '.', 4447, 404354.53, 5122419.69, 1385.49);
insert into STATION values (2711, '.', 4447, 404354.87, 5122418.80, 1386.08);
insert into STATION values (2712, '.', 4447, 404354.16, 5122418.78, 1386.09);
insert into STATION values (2713, '.', 4447, 404353.86, 5122419.38, 1384.73);
insert into STATION values (2714, '.', 4447, 404351.90, 5122419.10, 1383.82);
insert into STATION values (2715, '.', 4447, 404351.27, 5122419.01, 1385.17);
insert into STATION values (2716, '.', 4447, 404352.33, 5122419.26, 1383.02);
insert into STATION values (2717, '.', 4447, 404353.63, 5122420.51, 1382.77);
insert into STATION values (2718, '.', 4447, 404354.51, 5122420.08, 1383.95);
insert into STATION values (2719, '.', 4447, 404354.49, 5122419.30, 1385.62);
insert into STATION values (2720, '.', 4447, 404355.51, 5122418.05, 1385.32);
insert into STATION values (2721, '.', 4447, 404355.27, 5122416.70, 1382.88);
insert into STATION values (2722, '.', 4447, 404355.11, 5122417.98, 1385.60);
insert into STATION values (2723, '.', 4447, 404354.73, 5122418.69, 1385.99);
insert into STATION values (2724, '.', 4447, 404353.29, 5122420.64, 1383.03);
insert into STATION values (2725, '.', 4447, 404352.76, 5122418.28, 1383.03);
insert into STATION values (2726, '.', 4447, 404355.04, 5122418.62, 1384.75);
insert into STATION values (2727, '.', 4447, 404355.20, 5122418.03, 1385.52);
insert into STATION values (2728, '.', 4447, 404355.40, 5122417.96, 1385.12);
insert into STATION values (2729, '9', 4447, 404355.59, 5122416.96, 1383.43);
insert into STATION values (2730, '.', 4447, 404356.82, 5122418.51, 1383.53);
insert into STATION values (2731, '.', 4447, 404355.90, 5122420.35, 1383.46);
insert into STATION values (2732, '.', 4447, 404353.99, 5122420.76, 1383.40);
insert into STATION values (2733, '.', 4447, 404352.84, 5122420.20, 1383.37);
insert into STATION values (2734, '.', 4447, 404352.18, 5122419.67, 1383.20);
insert into STATION values (2735, '.', 4447, 404354.30, 5122417.33, 1383.24);
insert into STATION values (2736, '.', 4447, 404354.28, 5122416.47, 1383.43);
insert into STATION values (2737, '.', 4447, 404355.46, 5122414.93, 1383.45);
insert into STATION values (2738, '.', 4447, 404355.36, 5122416.60, 1384.25);
insert into STATION values (2739, '.', 4447, 404355.30, 5122415.79, 1384.17);
insert into STATION values (2740, '.', 4447, 404354.65, 5122415.67, 1383.89);
insert into STATION values (2741, '.', 4447, 404355.33, 5122418.57, 1385.02);
insert into STATION values (2742, '.', 4447, 404354.88, 5122418.85, 1385.64);
insert into STATION values (2743, '.', 4447, 404355.97, 5122420.15, 1384.21);
insert into STATION values (2744, '.', 4447, 404355.30, 5122418.60, 1384.17);
insert into STATION values (2745, '.', 4447, 404354.95, 5122418.37, 1384.48);
insert into STATION values (2746, '.', 4447, 404354.72, 5122417.96, 1384.34);
insert into STATION values (2747, '.', 4447, 404353.10, 5122418.40, 1382.79);
insert into STATION values (2748, '.', 4447, 404356.23, 5122417.79, 1383.12);
insert into STATION values (2749, '.', 4447, 404355.34, 5122417.36, 1382.96);
insert into STATION values (2750, '.', 4447, 404355.08, 5122417.04, 1382.82);
insert into STATION values (2751, '10', 4447, 404352.39, 5122419.37, 1383.19);
insert into STATION values (2752, '.', 4447, 404356.68, 5122419.41, 1383.65);
insert into STATION values (2753, '.', 4447, 404356.36, 5122420.46, 1383.66);
insert into STATION values (2754, '.', 4447, 404354.60, 5122420.61, 1383.44);
insert into STATION values (2755, '.', 4447, 404354.04, 5122421.13, 1383.23);
insert into STATION values (2756, '.', 4447, 404353.36, 5122419.51, 1384.52);
insert into STATION values (2757, '.', 4447, 404353.22, 5122418.90, 1385.90);
insert into STATION values (2758, '.', 4447, 404354.44, 5122418.43, 1386.18);
insert into STATION values (2759, '.', 4447, 404354.98, 5122419.04, 1385.38);
insert into STATION values (2760, '.', 4447, 404352.64, 5122417.93, 1383.53);
insert into STATION values (2761, '.', 4447, 404352.59, 5122417.96, 1384.23);
insert into STATION values (2762, '.', 4447, 404356.21, 5122416.96, 1383.50);
insert into STATION values (2763, '.', 4447, 404356.61, 5122417.97, 1383.82);
insert into STATION values (2764, '.', 4447, 404354.25, 5122419.03, 1386.10);
insert into STATION values (2765, '.', 4447, 404352.77, 5122418.94, 1385.76);
insert into STATION values (2766, '.', 4447, 404352.60, 5122419.40, 1384.60);
insert into STATION values (2767, '.', 4447, 404352.54, 5122419.98, 1383.28);
insert into STATION values (2768, '.', 4447, 404351.91, 5122419.37, 1383.28);
insert into STATION values (2769, '.', 4447, 404351.93, 5122418.54, 1383.35);
insert into STATION values (2770, '.', 4447, 404352.51, 5122418.02, 1383.39);
insert into STATION values (2771, '.', 4447, 404352.87, 5122417.91, 1383.41);
insert into STATION values (2772, '.', 4447, 404353.39, 5122417.99, 1383.38);
insert into STATION values (2773, '.', 4447, 404354.03, 5122417.83, 1383.51);
insert into STATION values (2774, '.', 4447, 404356.26, 5122416.82, 1383.52);
insert into STATION values (2775, '.', 4447, 404356.46, 5122417.50, 1383.44);
insert into STATION values (2776, '.', 4447, 404353.99, 5122418.87, 1383.31);
insert into STATION values (2777, '.', 4447, 404356.84, 5122419.32, 1383.61);
insert into STATION values (2778, '.', 4447, 404354.83, 5122418.79, 1382.53);
insert into STATION values (2779, '.', 4447, 404354.43, 5122418.31, 1382.46);
insert into STATION values (2780, '.', 4447, 404354.36, 5122420.06, 1382.57);
insert into STATION values (2781, '.', 4447, 404354.80, 5122419.26, 1382.55);
insert into STATION values (2782, '11', 4447, 404354.16, 5122413.45, 1383.48);
insert into STATION values (2783, '.', 4447, 404354.05, 5122413.10, 1384.25);
insert into STATION values (2784, '.', 4447, 404354.26, 5122410.11, 1383.61);
insert into STATION values (2785, '.', 4447, 404353.67, 5122412.03, 1383.55);
insert into STATION values (2786, '.', 4447, 404356.10, 5122420.17, 1383.91);
insert into STATION values (2787, '.', 4447, 404354.48, 5122413.46, 1383.51);
insert into STATION values (2788, '.', 4447, 404354.34, 5122406.54, 1376.18);
insert into STATION values (2789, '.', 4447, 404353.26, 5122410.99, 1379.82);
insert into STATION values (2790, '.', 4447, 404353.95, 5122413.42, 1382.26);
insert into STATION values (2791, '.', 4447, 404356.51, 5122409.23, 1375.38);
insert into STATION values (2792, '.', 4447, 404356.48, 5122408.25, 1370.76);
insert into STATION values (2793, '.', 4447, 404353.51, 5122408.86, 1373.54);
insert into STATION values (2794, '.', 4447, 404355.71, 5122408.24, 1370.54);
insert into STATION values (2795, '.', 4447, 404356.29, 5122409.78, 1377.49);
insert into STATION values (2796, '.', 4447, 404353.46, 5122410.42, 1377.98);
insert into STATION values (2797, '.', 4447, 404353.33, 5122409.54, 1373.48);
insert into STATION values (2798, '.', 4447, 404356.58, 5122410.06, 1375.20);
insert into STATION values (2799, '.', 4447, 404354.29, 5122412.75, 1383.24);
insert into STATION values (2800, '.', 4447, 404355.10, 5122409.04, 1382.17);
insert into STATION values (2801, '.', 4447, 404354.10, 5122411.82, 1384.01);
insert into STATION values (2802, '.', 4447, 404353.49, 5122413.00, 1383.50);
insert into STATION values (2803, '.', 4447, 404353.66, 5122407.89, 1374.38);
insert into STATION values (2804, '.', 4447, 404356.14, 5122407.91, 1370.76);
insert into STATION values (2805, '.', 4447, 404354.18, 5122413.35, 1383.29);
insert into STATION values (2806, '.', 4447, 404355.14, 5122406.95, 1370.86);
insert into STATION values (2807, '11A', 4447, 404355.15, 5122406.91, 1370.82);
insert into STATION values (2808, '.', 4447, 404355.16, 5122406.81, 1370.63);
insert into STATION values (2809, '.', 4447, 404356.84, 5122409.04, 1370.86);
insert into STATION values (2810, '.', 4447, 404355.52, 5122410.55, 1370.92);
insert into STATION values (2811, '.', 4447, 404354.07, 5122409.77, 1370.99);
insert into STATION values (2812, '.', 4447, 404355.93, 5122409.94, 1372.88);
insert into STATION values (2813, '.', 4447, 404356.04, 5122413.13, 1377.97);
insert into STATION values (2814, '.', 4447, 404354.38, 5122412.93, 1382.80);
insert into STATION values (2815, '.', 4447, 404353.36, 5122409.69, 1377.84);
insert into STATION values (2816, '.', 4447, 404355.66, 5122412.48, 1376.74);
insert into STATION values (2817, '.', 4447, 404355.84, 5122407.98, 1374.86);
insert into STATION values (2818, '.', 4447, 404356.59, 5122407.22, 1374.79);
insert into STATION values (2819, '.', 4447, 404356.44, 5122409.12, 1373.40);
insert into STATION values (2820, '.', 4447, 404355.65, 5122410.18, 1372.50);
insert into STATION values (2821, '.', 4447, 404353.23, 5122408.47, 1371.53);
insert into STATION values (2822, '.', 4447, 404354.48, 5122407.04, 1372.11);
insert into STATION values (2823, '.', 4447, 404358.15, 5122406.58, 1371.40);
insert into STATION values (2824, '.', 4447, 404357.13, 5122405.64, 1371.42);
insert into STATION values (2825, '.', 4447, 404356.35, 5122405.40, 1371.28);
insert into STATION values (2826, '.', 4447, 404356.12, 5122403.54, 1371.21);
insert into STATION values (2827, '.', 4447, 404354.92, 5122405.27, 1371.03);
insert into STATION values (2828, '.', 4447, 404354.46, 5122406.42, 1371.00);
insert into STATION values (2829, '.', 4447, 404356.22, 5122407.92, 1374.83);
insert into STATION values (2830, '.', 4447, 404355.29, 5122412.23, 1380.97);
insert into STATION values (2831, '.', 4447, 404354.54, 5122412.18, 1382.75);
insert into STATION values (2832, '.', 4447, 404353.96, 5122411.84, 1384.24);
insert into STATION values (2833, '.', 4447, 404352.89, 5122411.31, 1376.66);
insert into STATION values (2834, '.', 4447, 404355.25, 5122404.31, 1371.51);
insert into STATION values (2835, '.', 4447, 404356.13, 5122403.75, 1371.52);
insert into STATION values (2836, '.', 4447, 404356.32, 5122405.29, 1371.51);
insert into STATION values (2837, '.', 4447, 404356.61, 5122405.65, 1371.52);
insert into STATION values (2838, '.', 4447, 404357.93, 5122406.06, 1371.76);
insert into STATION values (2839, '.', 4447, 404358.24, 5122406.79, 1371.31);
insert into STATION values (2840, '12', 4447, 404355.47, 5122404.11, 1371.18);
insert into STATION values (2841, '.', 4447, 404357.99, 5122402.72, 1370.82);
insert into STATION values (2842, '.', 4447, 404358.70, 5122402.71, 1369.09);
insert into STATION values (2843, '.', 4447, 404363.10, 5122402.28, 1364.28);
insert into STATION values (2844, '.', 4447, 404362.67, 5122403.40, 1362.56);
insert into STATION values (2845, '.', 4447, 404361.42, 5122404.91, 1363.71);
insert into STATION values (2846, '.', 4447, 404357.36, 5122402.40, 1369.42);
insert into STATION values (2847, '.', 4447, 404357.30, 5122402.47, 1367.19);
insert into STATION values (2848, '.', 4447, 404356.26, 5122404.63, 1371.08);
insert into STATION values (2849, '.', 4447, 404355.59, 5122404.06, 1371.78);
insert into STATION values (2850, '.', 4447, 404354.64, 5122405.37, 1371.39);
insert into STATION values (2851, '.', 4447, 404353.66, 5122410.25, 1372.02);
insert into STATION values (2852, '.', 4447, 404356.55, 5122409.36, 1371.35);
insert into STATION values (2853, '.', 4447, 404356.40, 5122404.76, 1366.51);
insert into STATION values (2854, '.', 4447, 404361.38, 5122405.21, 1364.43);
insert into STATION values (2855, '.', 4447, 404360.46, 5122405.58, 1363.44);
insert into STATION values (2856, '.', 4447, 404359.87, 5122406.31, 1363.45);
insert into STATION values (2857, '.', 4447, 404357.44, 5122402.52, 1369.36);
insert into STATION values (2858, '.', 4447, 404357.67, 5122402.42, 1367.41);
insert into STATION values (2859, '.', 4447, 404357.05, 5122402.97, 1366.73);
insert into STATION values (2860, '.', 4447, 404360.29, 5122405.35, 1363.41);
insert into STATION values (2861, '.', 4447, 404360.02, 5122406.11, 1363.49);
insert into STATION values (2862, '.', 4447, 404361.76, 5122404.52, 1363.66);
insert into STATION values (2863, '.', 4447, 404363.11, 5122402.05, 1364.18);
insert into STATION values (2864, '.', 4447, 404360.56, 5122403.51, 1367.12);
insert into STATION values (2865, '.', 4447, 404360.95, 5122404.19, 1366.93);
insert into STATION values (2866, '.', 4447, 404356.56, 5122404.19, 1370.87);
insert into STATION values (2867, '.', 4447, 404357.45, 5122403.65, 1370.74);
insert into STATION values (2868, '13', 4447, 404358.66, 5122404.34, 1366.52);
insert into STATION values (2869, '.', 4447, 404362.07, 5122404.79, 1362.01);
insert into STATION values (2870, '.', 4447, 404356.10, 5122402.94, 1367.75);
insert into STATION values (2871, '.', 4447, 404355.89, 5122404.16, 1368.66);
insert into STATION values (2872, '.', 4447, 404356.49, 5122403.07, 1370.97);
insert into STATION values (2873, '.', 4447, 404358.61, 5122404.12, 1370.91);
insert into STATION values (2874, '.', 4447, 404361.19, 5122402.50, 1368.00);
insert into STATION values (2875, '.', 4447, 404360.67, 5122404.56, 1367.24);
insert into STATION values (2876, '.', 4447, 404361.11, 5122405.85, 1363.96);
insert into STATION values (2877, '.', 4447, 404361.23, 5122405.25, 1365.85);
insert into STATION values (2878, '.', 4447, 404363.08, 5122401.70, 1365.83);
insert into STATION values (2879, '.', 4447, 404362.21, 5122400.84, 1366.11);
insert into STATION values (2880, '.', 4447, 404361.82, 5122400.58, 1364.15);
insert into STATION values (2881, '.', 4447, 404361.89, 5122401.13, 1362.90);
insert into STATION values (2882, '.', 4447, 404362.20, 5122403.21, 1362.26);
insert into STATION values (2883, '.', 4447, 404360.86, 5122397.46, 1357.60);
insert into STATION values (2884, '.', 4447, 404360.85, 5122397.36, 1357.89);
insert into STATION values (2885, '.', 4447, 404361.21, 5122398.23, 1356.44);
insert into STATION values (2886, '.', 4447, 404358.35, 5122401.96, 1368.04);
insert into STATION values (2887, '.', 4447, 404359.44, 5122402.72, 1366.88);
insert into STATION values (2888, '14', 4447, 404361.17, 5122397.08, 1356.29);
insert into STATION values (2889, '.', 4447, 404362.75, 5122389.19, 1346.35);
insert into STATION values (2890, '.', 4447, 404361.02, 5122398.49, 1363.07);
insert into STATION values (2891, '.', 4447, 404359.42, 5122405.14, 1368.80);
insert into STATION values (2892, '.', 4447, 404359.91, 5122406.33, 1367.07);
insert into STATION values (2893, '.', 4447, 404359.70, 5122402.86, 1357.32);
insert into STATION values (2894, '.', 4447, 404359.74, 5122402.78, 1359.68);
insert into STATION values (2895, '.', 4447, 404359.64, 5122401.62, 1361.70);
insert into STATION values (2896, '.', 4447, 404359.79, 5122403.44, 1355.64);
insert into STATION values (2897, '.', 4447, 404356.14, 5122402.39, 1356.52);
insert into STATION values (2898, '.', 4447, 404357.53, 5122400.46, 1359.72);
insert into STATION values (2899, '.', 4447, 404359.10, 5122399.33, 1361.84);
insert into STATION values (2900, '.', 4447, 404358.04, 5122398.06, 1355.66);
insert into STATION values (2901, '.', 4447, 404358.45, 5122397.84, 1357.69);
insert into STATION values (2902, '.', 4447, 404359.38, 5122397.70, 1361.23);
insert into STATION values (2903, '.', 4447, 404361.94, 5122398.17, 1357.16);
insert into STATION values (2904, '.', 4447, 404361.29, 5122397.43, 1363.01);
insert into STATION values (2905, '.', 4447, 404362.00, 5122398.56, 1357.69);
insert into STATION values (2906, '.', 4447, 404358.46, 5122397.29, 1356.31);
insert into STATION values (2907, '.', 4447, 404359.16, 5122397.61, 1360.14);
insert into STATION values (2908, '.', 4447, 404359.90, 5122397.89, 1361.68);
insert into STATION values (2909, '.', 4447, 404355.51, 5122403.28, 1355.79);
insert into STATION values (2910, '.', 4447, 404357.82, 5122404.41, 1356.26);
insert into STATION values (2911, '.', 4447, 404361.80, 5122402.30, 1357.25);
insert into STATION values (2912, '15', 4447, 404355.99, 5122401.03, 1356.48);
insert into STATION values (2913, '.', 4447, 404355.18, 5122399.42, 1358.28);
insert into STATION values (2914, '.', 4447, 404354.71, 5122398.89, 1357.49);
insert into STATION values (2915, '.', 4447, 404360.48, 5122396.18, 1358.29);
insert into STATION values (2916, '.', 4447, 404361.97, 5122398.27, 1358.28);
insert into STATION values (2917, '.', 4447, 404361.47, 5122400.30, 1357.68);
insert into STATION values (2918, '.', 4447, 404359.55, 5122402.36, 1356.89);
insert into STATION values (2919, '.', 4447, 404357.50, 5122403.39, 1356.81);
insert into STATION values (2920, '.', 4447, 404361.43, 5122400.68, 1357.20);
insert into STATION values (2921, '.', 4447, 404362.10, 5122397.36, 1360.83);
insert into STATION values (2922, '.', 4447, 404361.16, 5122400.53, 1360.70);
insert into STATION values (2923, '.', 4447, 404361.03, 5122401.65, 1360.58);
insert into STATION values (2924, '.', 4447, 404357.53, 5122402.44, 1358.68);
insert into STATION values (2925, '.', 4447, 404360.85, 5122398.69, 1362.67);
insert into STATION values (2926, '.', 4447, 404359.98, 5122398.10, 1361.50);
insert into STATION values (2927, '.', 4447, 404355.87, 5122399.86, 1355.93);
insert into STATION values (2928, '.', 4447, 404355.78, 5122400.90, 1355.10);
insert into STATION values (2929, '.', 4447, 404355.79, 5122399.80, 1356.26);
insert into STATION values (2930, '.', 4447, 404356.28, 5122399.97, 1357.84);
insert into STATION values (2931, '.', 4447, 404354.29, 5122399.51, 1356.31);
insert into STATION values (2932, '.', 4447, 404354.83, 5122398.91, 1357.49);
insert into STATION values (2933, '.', 4447, 404352.80, 5122397.60, 1355.24);
insert into STATION values (2934, '16', 4447, 404353.72, 5122399.56, 1355.55);
insert into STATION values (2935, '.', 4447, 404351.50, 5122398.01, 1354.65);
insert into STATION values (2936, '.', 4447, 404353.77, 5122399.19, 1355.95);
insert into STATION values (2937, '.', 4447, 404353.81, 5122399.55, 1355.34);
insert into STATION values (2938, '.', 4447, 404353.37, 5122398.66, 1355.58);
insert into STATION values (2939, '.', 4447, 404354.37, 5122397.61, 1355.50);
insert into STATION values (2940, '.', 4447, 404356.99, 5122394.24, 1355.46);
insert into STATION values (2941, '.', 4447, 404354.75, 5122398.83, 1355.64);
insert into STATION values (2942, '.', 4447, 404355.00, 5122399.82, 1355.78);
insert into STATION values (2943, '.', 4447, 404355.89, 5122399.63, 1356.77);
insert into STATION values (2944, '.', 4447, 404356.19, 5122398.47, 1356.65);
insert into STATION values (2945, '.', 4447, 404353.53, 5122397.75, 1355.38);
insert into STATION values (2946, '.', 4447, 404357.07, 5122395.56, 1356.49);
insert into STATION values (2947, '.', 4447, 404357.26, 5122394.37, 1356.31);
insert into STATION values (2948, '.', 4447, 404355.54, 5122397.12, 1355.69);
insert into STATION values (2949, '.', 4447, 404357.14, 5122393.54, 1356.02);
insert into STATION values (2950, '16A', 4447, 404357.09, 5122393.45, 1356.06);
insert into STATION values (2951, '17', 4447, 404359.95, 5122388.38, 1356.16);
insert into STATION values (2952, '.', 4447, 404359.80, 5122384.85, 1356.45);
insert into STATION values (2953, '.', 4447, 404360.30, 5122385.76, 1356.95);
insert into STATION values (2954, '.', 4447, 404360.62, 5122387.20, 1356.64);
insert into STATION values (2955, '.', 4447, 404360.60, 5122388.42, 1357.17);
insert into STATION values (2956, '.', 4447, 404360.08, 5122388.52, 1355.08);
insert into STATION values (2957, '.', 4447, 404360.97, 5122389.35, 1355.90);
insert into STATION values (2958, '.', 4447, 404360.04, 5122389.87, 1356.02);
insert into STATION values (2959, '.', 4447, 404359.58, 5122388.27, 1356.24);
insert into STATION values (2960, '.', 4447, 404357.70, 5122388.98, 1356.15);
insert into STATION values (2961, '.', 4447, 404356.47, 5122390.29, 1355.82);
insert into STATION values (2962, '.', 4447, 404358.17, 5122388.88, 1355.68);
insert into STATION values (2963, '.', 4447, 404357.25, 5122389.62, 1355.34);
insert into STATION values (2964, '.', 4447, 404357.69, 5122389.11, 1355.23);
insert into STATION values (2965, '.', 4447, 404357.34, 5122390.37, 1355.83);
insert into STATION values (2966, '.', 4447, 404355.94, 5122390.47, 1356.12);
insert into STATION values (2967, '.', 4447, 404359.95, 5122388.64, 1357.34);
insert into STATION values (2968, '.', 4447, 404360.51, 5122388.41, 1357.40);
insert into STATION values (2969, '.', 4447, 404357.17, 5122390.34, 1356.07);
insert into STATION values (2970, '.', 4447, 404358.19, 5122388.93, 1355.91);
insert into STATION values (2971, '18', 4447, 404357.42, 5122390.35, 1355.84);
insert into STATION values (2972, '.', 4447, 404355.56, 5122389.83, 1356.26);
insert into STATION values (2973, '.', 4447, 404356.65, 5122390.15, 1356.92);
insert into STATION values (2974, '.', 4447, 404356.07, 5122390.04, 1354.99);
insert into STATION values (2975, '.', 4447, 404356.57, 5122390.19, 1354.75);
insert into STATION values (2976, '.', 4447, 404356.61, 5122390.31, 1354.06);
insert into STATION values (2977, '.', 4447, 404349.38, 5122393.14, 1348.70);
insert into STATION values (2978, '.', 4447, 404349.29, 5122393.29, 1348.03);
insert into STATION values (2979, '.', 4447, 404353.38, 5122391.43, 1354.37);
insert into STATION values (2980, '.', 4447, 404355.16, 5122390.59, 1356.64);
insert into STATION values (2981, '.', 4447, 404357.26, 5122390.40, 1356.53);
insert into STATION values (2982, '.', 4447, 404357.56, 5122390.73, 1356.22);
insert into STATION values (2983, '.', 4447, 404356.71, 5122389.56, 1355.85);
insert into STATION values (2984, '.', 4447, 404358.89, 5122388.35, 1355.89);
insert into STATION values (2985, '.', 4447, 404359.64, 5122385.27, 1356.95);
insert into STATION values (2986, '.', 4447, 404359.18, 5122387.10, 1356.47);
insert into STATION values (2987, '.', 4447, 404359.47, 5122387.57, 1356.50);
insert into STATION values (2988, '.', 4447, 404358.79, 5122388.44, 1355.84);
insert into STATION values (2989, '.', 4447, 404358.85, 5122388.08, 1355.28);
insert into STATION values (2990, '.', 4447, 404358.20, 5122389.08, 1355.18);
insert into STATION values (2991, '.', 4447, 404357.99, 5122389.25, 1355.11);
insert into STATION values (2992, '.', 4447, 404357.98, 5122389.55, 1354.57);
insert into STATION values (2993, '.', 4447, 404356.09, 5122389.44, 1357.14);
insert into STATION values (2994, '.', 4447, 404355.48, 5122389.86, 1355.54);
insert into STATION values (2995, '19', 4447, 404354.76, 5122391.55, 1353.52);
insert into STATION values (2996, '.', 4447, 404351.56, 5122393.94, 1353.55);
insert into STATION values (2997, '.', 4447, 404353.50, 5122391.27, 1353.52);
insert into STATION values (2998, '.', 4447, 404353.97, 5122390.30, 1353.43);
insert into STATION values (2999, '.', 4447, 404354.88, 5122390.20, 1353.49);
insert into STATION values (3000, '.', 4447, 404356.26, 5122390.72, 1353.71);
insert into STATION values (3001, '.', 4447, 404355.22, 5122390.36, 1354.74);
insert into STATION values (3002, '.', 4447, 404354.35, 5122389.96, 1355.53);
insert into STATION values (3003, '.', 4447, 404353.64, 5122390.99, 1355.50);
insert into STATION values (3004, '.', 4447, 404353.27, 5122391.95, 1355.68);
insert into STATION values (3005, '.', 4447, 404354.82, 5122392.00, 1353.67);
insert into STATION values (3006, '.', 4447, 404355.10, 5122391.74, 1353.63);
insert into STATION values (3007, '.', 4447, 404354.40, 5122391.95, 1353.80);
insert into STATION values (3008, '.', 4447, 404353.39, 5122390.98, 1351.88);
insert into STATION values (3009, '.', 4447, 404353.93, 5122390.36, 1352.14);
insert into STATION values (3010, '.', 4447, 404354.81, 5122390.63, 1351.72);
insert into STATION values (3011, '20', 4447, 404354.41, 5122391.66, 1352.11);
insert into STATION values (3012, '.', 4447, 404354.02, 5122391.72, 1350.70);
insert into STATION values (3013, '.', 4447, 404352.71, 5122395.09, 1351.78);
insert into STATION values (3014, '.', 4447, 404350.24, 5122393.62, 1351.72);
insert into STATION values (3015, '.', 4447, 404349.66, 5122392.30, 1351.69);
insert into STATION values (3016, '.', 4447, 404352.76, 5122394.12, 1354.24);
insert into STATION values (3017, '.', 4447, 404354.17, 5122392.03, 1353.97);
insert into STATION values (3018, '.', 4447, 404353.63, 5122391.61, 1355.77);
insert into STATION values (3019, '.', 4447, 404354.95, 5122392.07, 1352.13);
insert into STATION values (3020, '.', 4447, 404354.97, 5122392.60, 1352.09);
insert into STATION values (3021, '.', 4447, 404354.60, 5122394.18, 1352.00);
insert into STATION values (3022, '.', 4447, 404353.94, 5122395.17, 1352.16);
insert into STATION values (3023, '.', 4447, 404355.38, 5122390.81, 1352.22);
insert into STATION values (3024, '.', 4447, 404354.16, 5122390.13, 1352.57);
insert into STATION values (3025, '.', 4447, 404353.43, 5122390.38, 1352.88);
insert into STATION values (3026, '.', 4447, 404353.46, 5122390.77, 1354.12);
insert into STATION values (3027, '.', 4447, 404353.78, 5122390.90, 1355.28);
insert into STATION values (3028, '.', 4447, 404354.80, 5122390.36, 1356.31);
insert into STATION values (3029, '.', 4447, 404352.87, 5122394.32, 1354.05);
insert into STATION values (3030, '.', 4447, 404350.99, 5122394.23, 1354.99);
insert into STATION values (3031, '.', 4447, 404349.98, 5122392.63, 1352.73);
insert into STATION values (3032, '.', 4447, 404352.81, 5122391.44, 1352.71);
insert into STATION values (3033, '.', 4447, 404353.35, 5122391.58, 1353.42);
insert into STATION values (3034, '.', 4447, 404353.29, 5122391.97, 1355.74);
insert into STATION values (3035, '.', 4447, 404352.99, 5122392.52, 1354.08);
insert into STATION values (3036, '.', 4447, 404352.59, 5122392.43, 1353.33);
insert into STATION values (3037, '.', 4447, 404350.22, 5122393.32, 1352.71);
insert into STATION values (3038, '.', 4447, 404349.74, 5122393.74, 1349.87);
insert into STATION values (3039, '.', 4447, 404351.45, 5122394.91, 1349.73);
insert into STATION values (3040, '.', 4447, 404353.93, 5122391.92, 1351.54);
insert into STATION values (3041, '.', 4447, 404353.79, 5122391.59, 1351.55);
insert into STATION values (3042, '.', 4447, 404354.14, 5122392.31, 1351.60);
insert into STATION values (3043, '.', 4447, 404352.97, 5122392.59, 1332.47);
insert into STATION values (3044, '1', 4577, 404358.07, 5122459.65, 1437.59);
insert into STATION values (3045, '2', 4577, 404357.76, 5122465.25, 1439.14);
insert into STATION values (3046, '3', 4577, 404353.89, 5122467.83, 1439.11);
insert into STATION values (3047, '4', 4577, 404355.62, 5122471.41, 1439.79);
insert into STATION values (3048, '5', 4577, 404351.90, 5122476.07, 1440.06);
insert into STATION values (3049, '6', 4577, 404352.86, 5122486.10, 1441.37);
insert into STATION values (3050, '7', 4577, 404355.26, 5122481.81, 1446.18);
insert into STATION values (3051, '8', 4577, 404358.06, 5122476.57, 1445.72);
insert into STATION values (3052, '9', 4577, 404359.39, 5122478.06, 1447.63);
insert into STATION values (3053, '10', 4577, 404360.50, 5122476.97, 1447.62);
insert into STATION values (3054, '0', 4627, 404355.81, 5122457.41, 1423.91);
insert into STATION values (3055, '1', 4627, 404358.06, 5122459.38, 1423.89);
insert into STATION values (3056, '2', 4627, 404358.07, 5122459.65, 1437.59);
insert into STATION values (3057, '1', 4631, 404305.63, 5122344.51, 1293.13);
insert into STATION values (3058, '2', 4631, 404306.66, 5122348.32, 1296.38);
insert into STATION values (3059, '3', 4631, 404307.99, 5122350.99, 1297.16);
insert into STATION values (3060, '4', 4631, 404309.97, 5122350.72, 1297.18);
insert into STATION values (3061, '5', 4631, 404310.55, 5122352.68, 1297.20);
insert into STATION values (3062, '6', 4631, 404315.63, 5122354.41, 1295.72);
insert into STATION values (3063, '7', 4631, 404317.63, 5122358.29, 1296.33);
insert into STATION values (3064, '8', 4631, 404320.47, 5122359.98, 1297.54);
insert into STATION values (3065, '9', 4631, 404324.05, 5122362.03, 1297.13);
insert into STATION values (3066, '10', 4631, 404326.55, 5122366.68, 1298.14);
insert into STATION values (3067, '11', 4631, 404329.66, 5122367.59, 1299.61);
insert into STATION values (3068, '12', 4631, 404332.92, 5122374.09, 1300.01);
insert into STATION values (3069, '13', 4631, 404331.71, 5122377.34, 1299.83);
insert into STATION values (3070, '14', 4631, 404331.51, 5122379.17, 1299.05);
insert into STATION values (3071, '15', 4631, 404329.46, 5122387.03, 1299.94);
insert into STATION values (3072, '16', 4631, 404327.09, 5122390.41, 1300.15);
insert into STATION values (3073, '17', 4631, 404328.16, 5122393.58, 1300.51);
insert into STATION values (3074, '18', 4631, 404321.85, 5122399.34, 1301.30);
insert into STATION values (3075, '19', 4631, 404322.08, 5122401.07, 1301.27);
insert into STATION values (3076, '20', 4631, 404324.26, 5122402.53, 1300.33);
insert into STATION values (3077, '21', 4631, 404323.47, 5122410.39, 1300.69);
insert into STATION values (3078, '22', 4631, 404327.45, 5122413.01, 1300.82);
insert into STATION values (3079, '23', 4631, 404326.20, 5122416.76, 1300.34);
insert into STATION values (3080, '24', 4631, 404334.50, 5122416.64, 1311.85);
insert into STATION values (3081, '25', 4631, 404334.29, 5122414.58, 1312.40);
insert into STATION values (3082, '26', 4631, 404338.40, 5122413.42, 1317.70);
insert into STATION values (3083, '27', 4631, 404343.19, 5122408.24, 1323.72);
insert into STATION values (3084, '28', 4631, 404343.78, 5122409.79, 1323.50);
insert into STATION values (3085, '29', 4631, 404341.35, 5122410.21, 1327.84);
insert into STATION values (3086, '30', 4631, 404343.35, 5122410.39, 1327.38);
insert into STATION values (3087, '31', 4631, 404351.05, 5122403.97, 1329.41);
insert into STATION values (3088, '32', 4631, 404348.89, 5122401.74, 1330.08);
insert into STATION values (3089, '33', 4631, 404349.34, 5122398.71, 1330.35);
insert into STATION values (3090, '34', 4631, 404350.71, 5122398.87, 1333.01);
insert into STATION values (3091, '35', 4631, 404355.68, 5122394.94, 1332.95);
insert into STATION values (3092, '36', 4631, 404352.66, 5122392.19, 1332.23);
insert into STATION values (3093, '37', 4631, 404352.79, 5122391.66, 1351.83);
insert into STATION values (3094, '38', 4631, 404354.41, 5122391.66, 1352.11);
insert into STATION values (3095, '2', 4689, 404194.86, 5122305.93, 1234.54);
insert into STATION values (3096, '1', 4689, 404199.10, 5122306.72, 1232.71);
insert into STATION values (3097, '3', 4689, 404195.60, 5122303.43, 1236.66);
insert into STATION values (3098, '4', 4689, 404193.72, 5122303.85, 1237.59);
insert into STATION values (3099, '5', 4689, 404194.77, 5122299.48, 1239.79);
insert into STATION values (3100, '6', 4689, 404200.78, 5122296.34, 1241.73);
insert into STATION values (3101, '7', 4689, 404202.61, 5122291.16, 1243.31);
insert into STATION values (3102, '8', 4689, 404208.19, 5122290.32, 1245.25);
insert into STATION values (3103, '9', 4689, 404205.29, 5122282.57, 1245.83);
insert into STATION values (3104, '10', 4689, 404206.79, 5122278.75, 1246.70);
insert into STATION values (3105, '11', 4689, 404213.53, 5122279.27, 1248.26);
insert into STATION values (3106, '12', 4689, 404215.44, 5122279.66, 1249.84);
insert into STATION values (3107, '13', 4689, 404216.84, 5122282.58, 1250.06);
insert into STATION values (3108, '14', 4689, 404222.39, 5122284.55, 1249.96);
insert into STATION values (3109, '15', 4689, 404225.31, 5122288.64, 1250.31);
insert into STATION values (3110, '16', 4689, 404229.15, 5122290.31, 1250.02);
insert into STATION values (3111, '17', 4689, 404231.11, 5122295.02, 1249.93);
insert into STATION values (3112, '18', 4689, 404234.18, 5122297.05, 1249.28);
insert into STATION values (3113, '19', 4689, 404232.49, 5122300.60, 1249.35);
insert into STATION values (3114, '20', 4689, 404234.58, 5122305.63, 1248.87);
insert into STATION values (3115, '21', 4689, 404228.60, 5122304.95, 1249.19);
insert into STATION values (3116, '22', 4689, 404227.81, 5122308.52, 1249.38);
insert into STATION values (3117, '23', 4689, 404230.44, 5122311.93, 1250.29);
insert into STATION values (3118, '24', 4689, 404235.59, 5122312.43, 1248.91);
insert into STATION values (3119, '25', 4689, 404238.93, 5122314.02, 1249.04);
insert into STATION values (3120, '26', 4689, 404242.49, 5122317.90, 1250.95);
insert into STATION values (3121, '28', 4689, 404249.49, 5122318.57, 1250.59);
insert into STATION values (3122, '29', 4689, 404250.00, 5122321.59, 1251.18);
insert into STATION values (3123, '30', 4689, 404253.00, 5122325.10, 1251.10);
insert into STATION values (3124, '31', 4689, 404251.33, 5122328.46, 1250.84);
insert into STATION values (3125, '32', 4689, 404252.37, 5122332.49, 1251.06);
insert into STATION values (3126, '33', 4689, 404256.46, 5122332.96, 1252.72);
insert into STATION values (3127, '34', 4689, 404261.39, 5122337.47, 1252.60);
insert into STATION values (3128, '35', 4689, 404268.44, 5122337.65, 1253.72);
insert into STATION values (3129, '36', 4689, 404267.74, 5122341.85, 1254.63);
insert into STATION values (3130, '37', 4689, 404276.95, 5122347.63, 1256.02);
insert into STATION values (3131, '38', 4689, 404273.95, 5122346.75, 1255.75);
insert into STATION values (3132, '39', 4689, 404272.20, 5122343.78, 1255.02);
insert into STATION values (3133, '40', 4689, 404269.62, 5122343.35, 1254.88);
insert into STATION values (3134, '41', 4689, 404269.81, 5122338.94, 1255.04);
insert into STATION values (3135, '42', 4689, 404271.99, 5122336.47, 1257.02);
insert into STATION values (3136, '43', 4689, 404274.93, 5122338.49, 1258.61);
insert into STATION values (3137, '44', 4689, 404275.18, 5122342.51, 1258.19);
insert into STATION values (3138, '45', 4689, 404274.30, 5122345.89, 1259.12);
insert into STATION values (3139, '46', 4689, 404275.68, 5122350.63, 1259.06);
insert into STATION values (3140, '47', 4689, 404278.04, 5122352.27, 1259.43);
insert into STATION values (3141, '48', 4689, 404282.78, 5122352.75, 1259.45);
insert into STATION values (3142, '49', 4689, 404286.72, 5122350.79, 1262.03);
insert into STATION values (3143, '50', 4689, 404288.25, 5122348.28, 1262.46);
insert into STATION values (3144, '51', 4689, 404292.04, 5122345.67, 1262.81);
insert into STATION values (3145, '52', 4689, 404294.41, 5122345.83, 1263.51);
insert into STATION values (3146, '53', 4689, 404298.30, 5122343.89, 1264.22);
insert into STATION values (3147, '54', 4689, 404304.26, 5122343.76, 1265.64);
insert into STATION values (3148, '55', 4689, 404301.88, 5122340.80, 1266.19);
insert into STATION values (3149, '56', 4689, 404295.65, 5122336.90, 1264.81);
insert into STATION values (3150, '57', 4689, 404294.59, 5122334.64, 1265.18);
insert into STATION values (3151, '58', 4689, 404291.00, 5122333.66, 1264.13);
insert into STATION values (3152, '59', 4689, 404288.32, 5122334.22, 1263.04);
insert into STATION values (3153, '60', 4689, 404286.35, 5122337.82, 1262.05);
insert into STATION values (3154, '61', 4689, 404284.51, 5122337.81, 1261.77);
insert into STATION values (3155, '62', 4689, 404282.25, 5122343.49, 1260.51);
insert into STATION values (3156, '63', 4689, 404278.49, 5122343.15, 1259.66);
insert into STATION values (3157, '64', 4689, 404276.58, 5122344.32, 1259.59);
insert into STATION values (3158, '65', 4689, 404305.03, 5122343.49, 1265.54);
insert into STATION values (3159, '66', 4689, 404305.03, 5122343.49, 1294.45);
insert into STATION values (3160, '67', 4689, 404305.63, 5122344.51, 1293.13);
insert into STATION values (3161, '0', 4807, 404148.12, 5122476.11, 1439.59);
insert into STATION values (3162, '1', 4807, 404146.57, 5122476.64, 1440.00);
insert into STATION values (3163, '.', 4807, 404145.00, 5122477.09, 1440.46);
insert into STATION values (3164, '2', 4807, 404148.14, 5122479.76, 1441.63);
insert into STATION values (3165, '3', 4807, 404146.70, 5122487.95, 1442.04);
insert into STATION values (3166, '.', 4807, 404147.89, 5122490.66, 1442.00);
insert into STATION values (3167, '.', 4807, 404149.16, 5122489.24, 1442.09);
insert into STATION values (3168, '.', 4807, 404149.19, 5122488.41, 1442.12);
insert into STATION values (3169, '.', 4807, 404149.93, 5122487.54, 1442.16);
insert into STATION values (3170, '.', 4807, 404149.74, 5122485.99, 1442.19);
insert into STATION values (3171, '.', 4807, 404149.91, 5122484.99, 1442.37);
insert into STATION values (3172, '.', 4807, 404149.51, 5122483.87, 1442.37);
insert into STATION values (3173, '.', 4807, 404149.30, 5122481.68, 1442.34);
insert into STATION values (3174, '.', 4807, 404149.96, 5122477.33, 1442.27);
insert into STATION values (3175, '.', 4807, 404148.91, 5122473.45, 1442.39);
insert into STATION values (3176, '.', 4807, 404147.78, 5122472.36, 1441.87);
insert into STATION values (3177, '.', 4807, 404146.75, 5122484.52, 1441.98);
insert into STATION values (3178, '.', 4807, 404146.44, 5122484.69, 1442.05);
insert into STATION values (3179, '.', 4807, 404146.31, 5122486.67, 1441.98);
insert into STATION values (3180, '.', 4807, 404146.63, 5122487.80, 1440.34);
insert into STATION values (3181, '.', 4807, 404146.17, 5122487.98, 1441.04);
insert into STATION values (3182, '.', 4807, 404146.12, 5122487.99, 1441.39);
insert into STATION values (3183, '.', 4807, 404145.54, 5122488.05, 1441.46);
insert into STATION values (3184, '.', 4807, 404144.38, 5122488.18, 1441.33);
insert into STATION values (3185, '.', 4807, 404143.98, 5122488.38, 1441.49);
insert into STATION values (3186, '.', 4807, 404146.17, 5122487.18, 1441.86);
insert into STATION values (3187, '.', 4807, 404145.76, 5122487.36, 1441.85);
insert into STATION values (3188, '.', 4807, 404145.45, 5122487.51, 1441.82);
insert into STATION values (3189, '.', 4807, 404144.85, 5122487.87, 1441.70);
insert into STATION values (3190, '.', 4807, 404146.23, 5122489.03, 1441.38);
insert into STATION values (3191, '.', 4807, 404146.03, 5122488.96, 1441.41);
insert into STATION values (3192, '4', 4807, 404144.63, 5122488.59, 1441.52);
insert into STATION values (3193, '.', 4807, 404144.10, 5122488.64, 1441.70);
insert into STATION values (3194, '.', 4807, 404144.42, 5122488.63, 1441.92);
insert into STATION values (3195, '.', 4807, 404144.73, 5122488.62, 1441.97);
insert into STATION values (3196, '.', 4807, 404144.87, 5122488.59, 1441.98);
insert into STATION values (3197, '.', 4807, 404145.24, 5122488.53, 1441.86);
insert into STATION values (3198, '.', 4807, 404144.85, 5122487.65, 1441.67);
insert into STATION values (3199, '.', 4807, 404144.56, 5122487.77, 1441.62);
insert into STATION values (3200, '.', 4807, 404144.33, 5122487.74, 1441.70);
insert into STATION values (3201, '.', 4807, 404143.98, 5122488.03, 1441.62);
insert into STATION values (3202, '.', 4807, 404144.88, 5122489.05, 1441.67);
insert into STATION values (3203, '.', 4807, 404144.99, 5122490.57, 1441.77);
insert into STATION values (3204, '.', 4807, 404144.92, 5122490.50, 1441.67);
insert into STATION values (3205, '.', 4807, 404144.49, 5122490.77, 1441.72);
insert into STATION values (3206, '.', 4807, 404144.28, 5122490.74, 1441.62);
insert into STATION values (3207, '5', 4807, 404144.64, 5122490.68, 1441.56);
insert into STATION values (3208, '.', 4807, 404144.38, 5122490.15, 1441.65);
insert into STATION values (3209, '.', 4807, 404144.47, 5122490.38, 1441.84);
insert into STATION values (3210, '.', 4807, 404144.49, 5122490.49, 1441.77);
insert into STATION values (3211, '.', 4807, 404144.47, 5122490.20, 1441.41);
insert into STATION values (3212, '.', 4807, 404143.79, 5122490.25, 1441.66);
insert into STATION values (3213, '.', 4807, 404143.31, 5122490.55, 1441.63);
insert into STATION values (3214, '.', 4807, 404143.34, 5122490.78, 1441.68);
insert into STATION values (3215, '.', 4807, 404143.50, 5122491.12, 1441.61);
insert into STATION values (3216, '6', 4807, 404143.54, 5122490.91, 1441.48);
insert into STATION values (3217, '.', 4807, 404145.19, 5122490.50, 1441.75);
insert into STATION values (3218, '.', 4807, 404145.30, 5122490.41, 1441.66);
insert into STATION values (3219, '.', 4807, 404144.36, 5122490.94, 1441.56);
insert into STATION values (3220, '.', 4807, 404144.63, 5122490.97, 1441.57);
insert into STATION values (3221, '.', 4807, 404144.21, 5122491.13, 1441.60);
insert into STATION values (3222, '.', 4807, 404144.23, 5122491.41, 1441.63);
insert into STATION values (3223, '.', 4807, 404144.31, 5122492.03, 1441.66);
insert into STATION values (3224, '.', 4807, 404144.30, 5122492.17, 1441.77);
insert into STATION values (3225, '.', 4807, 404143.62, 5122490.89, 1441.70);
insert into STATION values (3226, '.', 4807, 404143.74, 5122490.86, 1441.72);
insert into STATION values (3227, '.', 4807, 404143.93, 5122490.80, 1441.74);
insert into STATION values (3228, '.', 4807, 404143.40, 5122490.53, 1441.53);
insert into STATION values (3229, '7', 4807, 404144.10, 5122492.39, 1441.57);
insert into STATION values (3230, '.', 4807, 404144.51, 5122493.89, 1441.81);
insert into STATION values (3231, '.', 4807, 404143.55, 5122491.80, 1441.44);
insert into STATION values (3232, '.', 4807, 404143.40, 5122492.00, 1441.58);
insert into STATION values (3233, '.', 4807, 404143.14, 5122492.16, 1441.59);
insert into STATION values (3234, '.', 4807, 404142.04, 5122492.43, 1441.59);
insert into STATION values (3235, '.', 4807, 404141.92, 5122492.98, 1441.61);
insert into STATION values (3236, '.', 4807, 404141.88, 5122493.08, 1441.57);
insert into STATION values (3237, '.', 4807, 404143.92, 5122492.26, 1441.72);
insert into STATION values (3238, '.', 4807, 404143.79, 5122492.09, 1441.61);
insert into STATION values (3239, '.', 4807, 404143.54, 5122491.93, 1441.26);
insert into STATION values (3240, '.', 4807, 404143.71, 5122492.12, 1441.19);
insert into STATION values (3241, '.', 4807, 404144.01, 5122492.29, 1441.22);
insert into STATION values (3242, '.', 4807, 404144.29, 5122491.76, 1441.47);
insert into STATION values (3243, '.', 4807, 404144.18, 5122491.34, 1441.47);
insert into STATION values (3244, '.', 4807, 404144.07, 5122491.08, 1441.48);
insert into STATION values (3245, '.', 4807, 404143.40, 5122490.30, 1441.30);
insert into STATION values (3246, '8', 4807, 404142.23, 5122492.89, 1441.71);
insert into STATION values (3247, '9', 4807, 404141.27, 5122494.59, 1441.57);
insert into STATION values (3248, '.', 4807, 404140.32, 5122496.32, 1441.49);
insert into STATION values (3249, '10', 4807, 404139.75, 5122496.11, 1441.66);
insert into STATION values (3250, '.', 4807, 404141.06, 5122494.39, 1441.45);
insert into STATION values (3251, '.', 4807, 404138.94, 5122496.86, 1441.76);
insert into STATION values (3252, '11', 4807, 404137.54, 5122497.99, 1441.79);
insert into STATION values (3253, '.', 4807, 404140.27, 5122496.67, 1441.75);
insert into STATION values (3254, '12', 4807, 404133.81, 5122499.52, 1441.74);
insert into STATION values (3255, '.', 4807, 404133.57, 5122499.00, 1441.77);
insert into STATION values (3256, '.', 4807, 404134.27, 5122498.80, 1441.76);
insert into STATION values (3257, '.', 4807, 404134.75, 5122498.84, 1441.82);
insert into STATION values (3258, '.', 4807, 404135.20, 5122498.84, 1441.89);
insert into STATION values (3259, '.', 4807, 404136.26, 5122499.27, 1442.01);
insert into STATION values (3260, '.', 4807, 404136.23, 5122498.92, 1442.03);
insert into STATION values (3261, '.', 4807, 404136.36, 5122498.85, 1442.03);
insert into STATION values (3262, '.', 4807, 404133.97, 5122499.57, 1441.97);
insert into STATION values (3263, '.', 4807, 404133.86, 5122499.51, 1442.06);
insert into STATION values (3264, '.', 4807, 404133.73, 5122499.49, 1442.11);
insert into STATION values (3265, '.', 4807, 404133.62, 5122499.47, 1442.09);
insert into STATION values (3266, '.', 4807, 404133.48, 5122499.48, 1442.05);
insert into STATION values (3267, '.', 4807, 404133.35, 5122499.46, 1442.03);
insert into STATION values (3268, '.', 4807, 404133.21, 5122499.44, 1441.97);
insert into STATION values (3269, '.', 4807, 404133.20, 5122499.37, 1441.82);
insert into STATION values (3270, '.', 4807, 404133.35, 5122499.38, 1441.64);
insert into STATION values (3271, '.', 4807, 404133.45, 5122499.39, 1441.52);
insert into STATION values (3272, '.', 4807, 404133.61, 5122499.43, 1441.47);
insert into STATION values (3273, '.', 4807, 404133.65, 5122499.46, 1441.29);
insert into STATION values (3274, '13', 4807, 404134.53, 5122501.69, 1441.51);
insert into STATION values (3275, '.', 4807, 404135.28, 5122503.87, 1441.43);
insert into STATION values (3276, '.', 4807, 404134.56, 5122501.79, 1441.73);
insert into STATION values (3277, '.', 4807, 404134.47, 5122501.67, 1441.99);
insert into STATION values (3278, '.', 4807, 404134.38, 5122501.51, 1441.98);
insert into STATION values (3279, '.', 4807, 404134.20, 5122501.39, 1442.00);
insert into STATION values (3280, '.', 4807, 404134.90, 5122501.74, 1441.57);
insert into STATION values (3281, '.', 4807, 404134.73, 5122501.94, 1441.61);
insert into STATION values (3282, '.', 4807, 404134.52, 5122501.83, 1441.57);
insert into STATION values (3283, '.', 4807, 404134.22, 5122502.08, 1441.60);
insert into STATION values (3284, '.', 4807, 404133.99, 5122502.05, 1441.62);
insert into STATION values (3285, '.', 4807, 404132.44, 5122502.38, 1441.79);
insert into STATION values (3286, '.', 4807, 404132.35, 5122502.01, 1441.73);
insert into STATION values (3287, '.', 4807, 404133.75, 5122501.68, 1441.62);
insert into STATION values (3288, '.', 4807, 404132.35, 5122502.09, 1441.61);
insert into STATION values (3289, '14', 4807, 404132.66, 5122501.99, 1441.54);
insert into STATION values (3290, '.', 4807, 404132.41, 5122502.27, 1441.62);
insert into STATION values (3291, '.', 4807, 404132.61, 5122502.66, 1441.63);
insert into STATION values (3292, '.', 4807, 404132.87, 5122502.87, 1441.60);
insert into STATION values (3293, '.', 4807, 404134.20, 5122504.92, 1441.47);
insert into STATION values (3294, '.', 4807, 404133.14, 5122502.35, 1441.59);
insert into STATION values (3295, '.', 4807, 404133.41, 5122502.32, 1441.60);
insert into STATION values (3296, '.', 4807, 404133.37, 5122502.45, 1441.65);
insert into STATION values (3297, '.', 4807, 404132.39, 5122502.00, 1441.53);
insert into STATION values (3298, '.', 4807, 404133.02, 5122502.54, 1442.37);
insert into STATION values (3299, '.', 4807, 404133.23, 5122502.90, 1442.28);
insert into STATION values (3300, '.', 4807, 404133.45, 5122503.28, 1442.09);
insert into STATION values (3301, '.', 4807, 404133.43, 5122503.36, 1441.94);
insert into STATION values (3302, '.', 4807, 404134.34, 5122505.19, 1441.91);
insert into STATION values (3303, '.', 4807, 404134.16, 5122504.94, 1441.43);
insert into STATION values (3304, '.', 4807, 404134.20, 5122505.29, 1440.78);
insert into STATION values (3305, '.', 4807, 404133.75, 5122504.87, 1440.66);
insert into STATION values (3306, '15', 4807, 404133.58, 5122503.41, 1441.81);
insert into STATION values (3307, '.', 4807, 404132.84, 5122504.50, 1437.68);
insert into STATION values (3308, '.', 4807, 404133.23, 5122505.22, 1438.04);
insert into STATION values (3309, '.', 4807, 404133.57, 5122503.51, 1441.66);
insert into STATION values (3310, '.', 4807, 404133.52, 5122504.95, 1440.04);
insert into STATION values (3311, '.', 4807, 404132.40, 5122503.75, 1441.85);
insert into STATION values (3312, '.', 4807, 404132.71, 5122504.04, 1441.87);
insert into STATION values (3313, '.', 4807, 404133.13, 5122504.09, 1441.79);
insert into STATION values (3314, '.', 4807, 404133.23, 5122503.92, 1441.78);
insert into STATION values (3315, '.', 4807, 404132.30, 5122503.44, 1441.91);
insert into STATION values (3316, '.', 4807, 404132.85, 5122503.41, 1441.83);
insert into STATION values (3317, '.', 4807, 404133.33, 5122502.69, 1441.92);
insert into STATION values (3318, '.', 4807, 404132.60, 5122501.92, 1441.77);
insert into STATION values (3319, '.', 4807, 404133.28, 5122502.72, 1441.72);
insert into STATION values (3320, '16', 4807, 404132.67, 5122503.98, 1441.85);
insert into STATION values (3321, '.', 4807, 404131.83, 5122504.62, 1442.09);
insert into STATION values (3322, '.', 4807, 404131.68, 5122503.04, 1441.22);
insert into STATION values (3323, '.', 4807, 404132.40, 5122503.04, 1441.24);
insert into STATION values (3324, '.', 4807, 404132.65, 5122503.44, 1441.78);
insert into STATION values (3325, '.', 4807, 404132.36, 5122503.53, 1441.76);
insert into STATION values (3326, '.', 4807, 404132.17, 5122503.52, 1441.84);
insert into STATION values (3327, '.', 4807, 404132.57, 5122503.81, 1442.25);
insert into STATION values (3328, '.', 4807, 404132.65, 5122504.08, 1441.23);
insert into STATION values (3329, '.', 4807, 404132.39, 5122503.82, 1441.07);
insert into STATION values (3330, '.', 4807, 404132.27, 5122503.67, 1441.03);
insert into STATION values (3331, '.', 4807, 404130.77, 5122502.17, 1439.21);
insert into STATION values (3332, '.', 4807, 404130.91, 5122502.06, 1439.82);
insert into STATION values (3333, '.', 4807, 404131.18, 5122502.17, 1440.28);
insert into STATION values (3334, '.', 4807, 404132.13, 5122502.72, 1439.84);
insert into STATION values (3335, '17', 4807, 404131.70, 5122503.05, 1441.17);
insert into STATION values (3336, '.', 4807, 404130.82, 5122501.89, 1440.79);
insert into STATION values (3337, '18', 4807, 404131.07, 5122502.14, 1439.55);
insert into STATION values (3338, '.', 4807, 404130.46, 5122501.18, 1437.91);
insert into STATION values (3339, '.', 4807, 404128.91, 5122502.97, 1439.37);
insert into STATION values (3340, '.', 4807, 404129.41, 5122503.55, 1439.47);
insert into STATION values (3341, '.', 4807, 404130.61, 5122503.06, 1439.56);
insert into STATION values (3342, '.', 4807, 404131.00, 5122503.06, 1439.55);
insert into STATION values (3343, '.', 4807, 404131.18, 5122503.31, 1439.61);
insert into STATION values (3344, '.', 4807, 404132.07, 5122502.96, 1439.65);
insert into STATION values (3345, '.', 4807, 404131.97, 5122502.56, 1439.56);
insert into STATION values (3346, '.', 4807, 404131.59, 5122502.28, 1439.66);
insert into STATION values (3347, '.', 4807, 404130.03, 5122503.06, 1438.31);
insert into STATION values (3348, '.', 4807, 404129.56, 5122503.21, 1438.51);
insert into STATION values (3349, '.', 4807, 404128.56, 5122503.83, 1437.86);
insert into STATION values (3350, '.', 4807, 404128.75, 5122503.65, 1438.60);
insert into STATION values (3351, '.', 4807, 404129.06, 5122503.33, 1439.53);
insert into STATION values (3352, '.', 4807, 404129.20, 5122503.36, 1439.99);
insert into STATION values (3353, '.', 4807, 404129.28, 5122503.41, 1440.43);
insert into STATION values (3354, '.', 4807, 404129.68, 5122503.27, 1440.95);
insert into STATION values (3355, '.', 4807, 404129.84, 5122503.33, 1441.39);
insert into STATION values (3356, '.', 4807, 404129.96, 5122503.45, 1441.82);
insert into STATION values (3357, '19', 4807, 404129.11, 5122503.27, 1438.96);
insert into STATION values (3358, '.', 4807, 404127.11, 5122504.45, 1438.58);
insert into STATION values (3359, '.', 4807, 404129.35, 5122502.56, 1438.84);
insert into STATION values (3360, '.', 4807, 404129.09, 5122502.60, 1438.86);
insert into STATION values (3361, '.', 4807, 404129.84, 5122503.74, 1438.91);
insert into STATION values (3362, '.', 4807, 404129.76, 5122504.17, 1438.87);
insert into STATION values (3363, '.', 4807, 404129.71, 5122504.43, 1438.87);
insert into STATION values (3364, '.', 4807, 404128.84, 5122502.98, 1435.08);
insert into STATION values (3365, '.', 4807, 404129.26, 5122502.85, 1435.45);
insert into STATION values (3366, '.', 4807, 404129.48, 5122502.80, 1436.64);
insert into STATION values (3367, '.', 4807, 404129.62, 5122502.80, 1437.41);
insert into STATION values (3368, '.', 4807, 404129.66, 5122502.78, 1437.97);
insert into STATION values (3369, '.', 4807, 404129.94, 5122502.77, 1438.09);
insert into STATION values (3370, '.', 4807, 404130.13, 5122502.73, 1438.19);
insert into STATION values (3371, '.', 4807, 404130.45, 5122502.57, 1438.36);
insert into STATION values (3372, '20', 4807, 404129.05, 5122502.18, 1436.61);
insert into STATION values (3373, '.', 4807, 404129.43, 5122502.48, 1436.50);
insert into STATION values (3374, '.', 4807, 404129.27, 5122502.89, 1436.49);
insert into STATION values (3375, '.', 4807, 404129.26, 5122503.89, 1436.50);
insert into STATION values (3376, '.', 4807, 404129.32, 5122506.88, 1437.28);
insert into STATION values (3377, '.', 4807, 404128.75, 5122505.16, 1437.11);
insert into STATION values (3378, '.', 4807, 404128.06, 5122503.83, 1437.00);
insert into STATION values (3379, '.', 4807, 404127.89, 5122502.83, 1436.95);
insert into STATION values (3380, '.', 4807, 404128.07, 5122502.46, 1436.86);
insert into STATION values (3381, '.', 4807, 404128.02, 5122502.44, 1436.76);
insert into STATION values (3382, '.', 4807, 404127.93, 5122502.07, 1436.71);
insert into STATION values (3383, '.', 4807, 404127.97, 5122501.52, 1436.68);
insert into STATION values (3384, '.', 4807, 404127.95, 5122500.83, 1436.61);
insert into STATION values (3385, '.', 4807, 404127.90, 5122500.14, 1436.56);
insert into STATION values (3386, '.', 4807, 404128.69, 5122501.35, 1436.72);
insert into STATION values (3387, '.', 4807, 404129.63, 5122503.22, 1441.11);
insert into STATION values (3388, '.', 4807, 404128.79, 5122502.52, 1438.63);
insert into STATION values (3389, '.', 4807, 404128.59, 5122502.31, 1438.21);
insert into STATION values (3390, '.', 4807, 404128.47, 5122502.15, 1437.33);
insert into STATION values (3391, '.', 4807, 404128.20, 5122502.11, 1436.79);
insert into STATION values (3392, '.', 4807, 404127.95, 5122502.12, 1436.45);
insert into STATION values (3393, '.', 4807, 404128.67, 5122502.17, 1435.17);
insert into STATION values (3394, '.', 4807, 404128.23, 5122502.40, 1435.16);
insert into STATION values (3395, '.', 4807, 404127.98, 5122502.49, 1435.47);
insert into STATION values (3396, '60', 4807, 404127.86, 5122499.77, 1435.83);
insert into STATION values (3397, '21', 4807, 404125.85, 5122477.84, 1431.65);
insert into STATION values (3398, '.', 4807, 404126.26, 5122477.69, 1431.64);
insert into STATION values (3399, '.', 4807, 404126.31, 5122477.66, 1431.95);
insert into STATION values (3400, '.', 4807, 404126.42, 5122477.80, 1432.39);
insert into STATION values (3401, '.', 4807, 404126.16, 5122477.77, 1432.80);
insert into STATION values (3402, '.', 4807, 404127.12, 5122482.89, 1432.37);
insert into STATION values (3403, '.', 4807, 404126.45, 5122482.26, 1432.79);
insert into STATION values (3404, '.', 4807, 404125.76, 5122478.49, 1431.89);
insert into STATION values (3405, '.', 4807, 404125.80, 5122477.03, 1431.66);
insert into STATION values (3406, '.', 4807, 404125.03, 5122475.85, 1431.51);
insert into STATION values (3407, '.', 4807, 404124.61, 5122476.69, 1431.53);
insert into STATION values (3408, '.', 4807, 404125.00, 5122477.71, 1431.68);
insert into STATION values (3409, '.', 4807, 404124.79, 5122477.61, 1431.71);
insert into STATION values (3410, '.', 4807, 404126.33, 5122477.90, 1431.59);
insert into STATION values (3411, '.', 4807, 404126.85, 5122478.43, 1431.59);
insert into STATION values (3412, '.', 4807, 404126.02, 5122479.14, 1431.58);
insert into STATION values (3413, '.', 4807, 404126.36, 5122477.75, 1432.17);
insert into STATION values (3414, '.', 4807, 404126.07, 5122477.80, 1432.40);
insert into STATION values (3415, '.', 4807, 404125.83, 5122477.81, 1432.84);
insert into STATION values (3416, '.', 4807, 404125.27, 5122477.91, 1432.50);
insert into STATION values (3417, '.', 4807, 404125.18, 5122478.01, 1432.16);
insert into STATION values (3418, '.', 4807, 404124.76, 5122478.17, 1431.83);
insert into STATION values (3419, '.', 4807, 404125.13, 5122481.29, 1433.91);
insert into STATION values (3420, '.', 4807, 404125.07, 5122481.60, 1434.10);
insert into STATION values (3421, '21A', 4807, 404125.06, 5122481.64, 1434.13);
insert into STATION values (3422, '.', 4807, 404125.11, 5122481.32, 1433.88);
insert into STATION values (3423, '21B', 4807, 404124.34, 5122485.09, 1436.38);
insert into STATION values (3424, '.', 4807, 404126.26, 5122477.84, 1431.66);
insert into STATION values (3425, '.', 4807, 404126.04, 5122477.88, 1431.85);
insert into STATION values (3426, '.', 4807, 404125.88, 5122478.05, 1430.86);
insert into STATION values (3427, '.', 4807, 404125.92, 5122479.65, 1431.78);
insert into STATION values (3428, '.', 4807, 404125.10, 5122482.17, 1431.97);
insert into STATION values (3429, '.', 4807, 404126.13, 5122475.65, 1431.59);
insert into STATION values (3430, '.', 4807, 404126.09, 5122476.02, 1431.16);
insert into STATION values (3431, '22', 4807, 404124.12, 5122488.38, 1436.49);
insert into STATION values (3432, '.', 4807, 404123.67, 5122487.30, 1436.38);
insert into STATION values (3433, '.', 4807, 404123.59, 5122487.80, 1436.41);
insert into STATION values (3434, '.', 4807, 404120.80, 5122486.79, 1436.48);
insert into STATION values (3435, '.', 4807, 404122.84, 5122488.35, 1436.88);
insert into STATION values (3436, '.', 4807, 404123.18, 5122488.80, 1436.80);
insert into STATION values (3437, '.', 4807, 404123.45, 5122489.34, 1436.60);
insert into STATION values (3438, '.', 4807, 404123.75, 5122489.65, 1436.59);
insert into STATION values (3439, '.', 4807, 404124.37, 5122488.02, 1436.54);
insert into STATION values (3440, '.', 4807, 404124.21, 5122487.71, 1436.56);
insert into STATION values (3441, '.', 4807, 404124.07, 5122488.33, 1436.65);
insert into STATION values (3442, '.', 4807, 404119.93, 5122486.95, 1436.80);
insert into STATION values (3443, '.', 4807, 404119.74, 5122486.89, 1436.80);
insert into STATION values (3444, '23', 4807, 404119.93, 5122486.95, 1436.81);
insert into STATION values (3445, '.', 4807, 404120.23, 5122486.67, 1436.83);
insert into STATION values (3446, '.', 4807, 404120.33, 5122486.50, 1436.96);
insert into STATION values (3447, '.', 4807, 404120.06, 5122486.72, 1436.43);
insert into STATION values (3448, '.', 4807, 404119.93, 5122486.85, 1435.96);
insert into STATION values (3449, '.', 4807, 404119.86, 5122486.74, 1436.00);
insert into STATION values (3450, '24', 4807, 404116.32, 5122478.07, 1435.90);
insert into STATION values (3451, '.', 4807, 404116.46, 5122478.03, 1436.90);
insert into STATION values (3452, '.', 4807, 404116.76, 5122478.36, 1437.00);
insert into STATION values (3453, '.', 4807, 404116.11, 5122478.29, 1436.40);
insert into STATION values (3454, '.', 4807, 404115.97, 5122478.38, 1436.14);
insert into STATION values (3455, '.', 4807, 404116.05, 5122478.53, 1435.95);
insert into STATION values (3456, '.', 4807, 404117.07, 5122480.67, 1436.17);
insert into STATION values (3457, '.', 4807, 404120.29, 5122487.36, 1436.87);
insert into STATION values (3458, '25', 4807, 404114.22, 5122477.95, 1435.24);
insert into STATION values (3459, '.', 4807, 404112.08, 5122478.02, 1434.74);
insert into STATION values (3460, '.', 4807, 404115.20, 5122476.17, 1435.26);
insert into STATION values (3461, '.', 4807, 404114.08, 5122475.62, 1435.20);
insert into STATION values (3462, '.', 4807, 404113.68, 5122476.04, 1435.19);
insert into STATION values (3463, '.', 4807, 404112.91, 5122475.87, 1435.22);
insert into STATION values (3464, '.', 4807, 404112.20, 5122476.08, 1435.21);
insert into STATION values (3465, '.', 4807, 404111.88, 5122476.44, 1435.19);
insert into STATION values (3466, '.', 4807, 404112.33, 5122476.87, 1435.23);
insert into STATION values (3467, '.', 4807, 404113.67, 5122477.82, 1435.22);
insert into STATION values (3468, '.', 4807, 404113.87, 5122478.18, 1435.35);
insert into STATION values (3469, '.', 4807, 404115.27, 5122478.75, 1435.47);
insert into STATION values (3470, '.', 4807, 404115.64, 5122478.18, 1435.48);
insert into STATION values (3471, '.', 4807, 404116.18, 5122478.01, 1435.45);
insert into STATION values (3472, '.', 4807, 404115.74, 5122477.31, 1435.34);
insert into STATION values (3473, '.', 4807, 404115.68, 5122476.95, 1435.46);
insert into STATION values (3474, '.', 4807, 404115.17, 5122476.16, 1435.27);
insert into STATION values (3475, '.', 4807, 404113.90, 5122475.96, 1435.20);
insert into STATION values (3476, '26', 4807, 404112.46, 5122476.17, 1435.02);
insert into STATION values (3477, '.', 4807, 404112.33, 5122476.75, 1435.05);
insert into STATION values (3478, '.', 4807, 404111.59, 5122476.99, 1434.88);
insert into STATION values (3479, '.', 4807, 404110.66, 5122476.51, 1434.76);
insert into STATION values (3480, '.', 4807, 404112.02, 5122476.17, 1434.96);
insert into STATION values (3481, '.', 4807, 404111.67, 5122476.35, 1434.96);
insert into STATION values (3482, '.', 4807, 404110.30, 5122477.07, 1434.91);
insert into STATION values (3483, '27', 4807, 404110.04, 5122477.05, 1434.76);
insert into STATION values (3484, '.', 4807, 404110.02, 5122477.09, 1435.18);
insert into STATION values (3485, '.', 4807, 404110.06, 5122476.95, 1435.06);
insert into STATION values (3486, '.', 4807, 404110.20, 5122476.35, 1434.80);
insert into STATION values (3487, '.', 4807, 404109.99, 5122475.51, 1434.91);
insert into STATION values (3488, '.', 4807, 404109.55, 5122475.66, 1434.90);
insert into STATION values (3489, '.', 4807, 404109.49, 5122476.40, 1434.80);
insert into STATION values (3490, '.', 4807, 404109.60, 5122476.59, 1434.75);
insert into STATION values (3491, '.', 4807, 404110.52, 5122476.53, 1434.74);
insert into STATION values (3492, '.', 4807, 404110.50, 5122476.48, 1434.76);
insert into STATION values (3493, '.', 4807, 404108.97, 5122473.74, 1434.13);
insert into STATION values (3494, '28', 4807, 404109.10, 5122473.78, 1434.38);
insert into STATION values (3495, '.', 4807, 404108.14, 5122470.49, 1434.15);
insert into STATION values (3496, '.', 4807, 404109.33, 5122471.90, 1434.50);
insert into STATION values (3497, '.', 4807, 404108.84, 5122471.26, 1434.46);
insert into STATION values (3498, '.', 4807, 404107.96, 5122471.03, 1434.42);
insert into STATION values (3499, '.', 4807, 404108.35, 5122472.71, 1434.47);
insert into STATION values (3500, '.', 4807, 404108.18, 5122473.57, 1434.42);
insert into STATION values (3501, '.', 4807, 404107.83, 5122474.40, 1434.56);
insert into STATION values (3502, '.', 4807, 404108.05, 5122474.93, 1434.61);
insert into STATION values (3503, '.', 4807, 404108.82, 5122474.72, 1434.48);
insert into STATION values (3504, '.', 4807, 404109.14, 5122474.84, 1434.58);
insert into STATION values (3505, '.', 4807, 404109.59, 5122474.89, 1434.51);
insert into STATION values (3506, '.', 4807, 404109.71, 5122474.19, 1434.46);
insert into STATION values (3507, '.', 4807, 404109.66, 5122474.05, 1434.63);
insert into STATION values (3508, '.', 4807, 404109.32, 5122473.72, 1434.98);
insert into STATION values (3509, '.', 4807, 404109.49, 5122473.73, 1434.80);
insert into STATION values (3510, '.', 4807, 404108.00, 5122474.32, 1434.35);
insert into STATION values (3511, '.', 4807, 404108.04, 5122474.39, 1434.79);
insert into STATION values (3512, '.', 4807, 404108.25, 5122474.29, 1434.92);
insert into STATION values (3513, '.', 4807, 404108.66, 5122474.12, 1435.01);
insert into STATION values (3514, '.', 4807, 404108.91, 5122473.95, 1435.05);
insert into STATION values (3515, '.', 4807, 404109.02, 5122473.79, 1434.98);
insert into STATION values (3516, '29', 4807, 404107.33, 5122471.82, 1434.06);
insert into STATION values (3517, '.', 4807, 404105.34, 5122470.08, 1433.80);
insert into STATION values (3518, '.', 4807, 404107.65, 5122473.34, 1434.16);
insert into STATION values (3519, '.', 4807, 404107.21, 5122473.55, 1434.09);
insert into STATION values (3520, '.', 4807, 404106.83, 5122473.90, 1434.08);
insert into STATION values (3521, '.', 4807, 404106.88, 5122473.84, 1434.29);
insert into STATION values (3522, '.', 4807, 404107.11, 5122471.99, 1434.02);
insert into STATION values (3523, '.', 4807, 404107.15, 5122472.35, 1434.03);
insert into STATION values (3524, '.', 4807, 404106.72, 5122474.00, 1433.86);
insert into STATION values (3525, '30', 4807, 404107.22, 5122473.58, 1434.31);
insert into STATION values (3526, '.', 4807, 404106.74, 5122473.03, 1434.32);
insert into STATION values (3527, '.', 4807, 404106.36, 5122473.18, 1434.26);
insert into STATION values (3528, '.', 4807, 404105.73, 5122473.43, 1434.23);
insert into STATION values (3529, '.', 4807, 404105.49, 5122474.12, 1434.25);
insert into STATION values (3530, '.', 4807, 404105.27, 5122473.99, 1434.23);
insert into STATION values (3531, '.', 4807, 404107.97, 5122472.25, 1434.32);
insert into STATION values (3532, '.', 4807, 404107.78, 5122471.82, 1434.23);
insert into STATION values (3533, '.', 4807, 404107.62, 5122471.72, 1434.28);
insert into STATION values (3534, '.', 4807, 404105.40, 5122473.97, 1434.18);
insert into STATION values (3535, '31', 4807, 404105.42, 5122474.02, 1434.17);
insert into STATION values (3536, '.', 4807, 404103.62, 5122474.51, 1434.04);
insert into STATION values (3537, '.', 4807, 404107.15, 5122477.22, 1434.54);
insert into STATION values (3538, '.', 4807, 404107.31, 5122477.21, 1434.74);
insert into STATION values (3539, '.', 4807, 404108.08, 5122478.31, 1434.59);
insert into STATION values (3540, '.', 4807, 404106.56, 5122476.74, 1434.03);
insert into STATION values (3541, '.', 4807, 404106.41, 5122477.46, 1433.68);
insert into STATION values (3542, '.', 4807, 404105.93, 5122476.19, 1433.70);
insert into STATION values (3543, '.', 4807, 404107.85, 5122479.20, 1434.88);
insert into STATION values (3544, '32', 4807, 404107.73, 5122478.82, 1434.75);
insert into STATION values (3545, '.', 4807, 404106.97, 5122479.37, 1434.66);
insert into STATION values (3546, '.', 4807, 404107.54, 5122479.57, 1434.74);
insert into STATION values (3547, '.', 4807, 404107.28, 5122479.59, 1434.79);
insert into STATION values (3548, '.', 4807, 404107.22, 5122478.72, 1434.79);
insert into STATION values (3549, '.', 4807, 404107.07, 5122478.49, 1434.72);
insert into STATION values (3550, '.', 4807, 404106.77, 5122477.99, 1434.68);
insert into STATION values (3551, '.', 4807, 404106.36, 5122477.47, 1434.52);
insert into STATION values (3552, '.', 4807, 404105.84, 5122480.23, 1434.63);
insert into STATION values (3553, '33', 4807, 404106.08, 5122480.01, 1434.72);
insert into STATION values (3554, '.', 4807, 404104.58, 5122481.37, 1434.75);
insert into STATION values (3555, '.', 4807, 404104.68, 5122485.06, 1434.27);
insert into STATION values (3556, '34', 4807, 404105.00, 5122483.88, 1434.35);
insert into STATION values (3557, '.', 4807, 404103.61, 5122487.67, 1434.21);
insert into STATION values (3558, '.', 4807, 404104.08, 5122484.72, 1434.33);
insert into STATION values (3559, '.', 4807, 404103.29, 5122484.14, 1434.43);
insert into STATION values (3560, '.', 4807, 404102.95, 5122483.61, 1434.64);
insert into STATION values (3561, '.', 4807, 404103.30, 5122483.06, 1434.65);
insert into STATION values (3562, '.', 4807, 404103.96, 5122482.89, 1434.41);
insert into STATION values (3563, '.', 4807, 404106.06, 5122483.93, 1434.34);
insert into STATION values (3564, '.', 4807, 404106.11, 5122479.61, 1434.82);
insert into STATION values (3565, '.', 4807, 404106.17, 5122480.57, 1434.94);
insert into STATION values (3566, '.', 4807, 404104.66, 5122480.31, 1441.27);
insert into STATION values (3567, '.', 4807, 404104.51, 5122480.88, 1438.83);
insert into STATION values (3568, '.', 4807, 404103.95, 5122480.96, 1437.43);
insert into STATION values (3569, '.', 4807, 404104.71, 5122483.26, 1434.96);
insert into STATION values (3570, '.', 4807, 404103.53, 5122481.41, 1436.85);
insert into STATION values (3571, '.', 4807, 404103.24, 5122483.46, 1435.91);
insert into STATION values (3572, '.', 4807, 404103.42, 5122484.19, 1435.32);
insert into STATION values (3573, '.', 4807, 404103.56, 5122483.54, 1434.87);
insert into STATION values (3574, '.', 4807, 404104.84, 5122483.02, 1434.65);
insert into STATION values (3575, '.', 4807, 404105.03, 5122482.23, 1434.46);
insert into STATION values (3576, '35', 4807, 404104.44, 5122480.49, 1440.19);
insert into STATION values (3577, '35A', 4807, 404113.69, 5122492.27, 1434.87);
insert into STATION values (3578, '.', 4807, 404114.99, 5122496.32, 1429.60);
insert into STATION values (3579, '.', 4807, 404114.55, 5122494.19, 1432.28);
insert into STATION values (3580, '.', 4807, 404114.31, 5122495.61, 1429.02);
insert into STATION values (3581, '.', 4807, 404113.59, 5122492.40, 1438.57);
insert into STATION values (3582, '.', 4807, 404113.08, 5122492.83, 1435.90);
insert into STATION values (3583, '.', 4807, 404112.85, 5122492.84, 1435.12);
insert into STATION values (3584, '.', 4807, 404113.98, 5122492.12, 1435.16);
insert into STATION values (3585, '.', 4807, 404114.04, 5122492.06, 1435.98);
insert into STATION values (3586, '.', 4807, 404113.92, 5122492.28, 1437.28);
insert into STATION values (3587, '.', 4807, 404114.04, 5122490.46, 1449.31);
insert into STATION values (3588, '.', 4807, 404112.55, 5122490.11, 1440.98);
insert into STATION values (3589, '.', 4807, 404112.37, 5122489.90, 1440.35);
insert into STATION values (3590, '.', 4807, 404110.51, 5122489.51, 1435.05);
insert into STATION values (3591, '.', 4807, 404111.08, 5122491.06, 1434.83);
insert into STATION values (3592, '.', 4807, 404112.21, 5122491.91, 1435.12);
insert into STATION values (3593, '.', 4807, 404112.36, 5122492.41, 1435.01);
insert into STATION values (3594, '.', 4807, 404112.64, 5122492.44, 1435.02);
insert into STATION values (3595, '.', 4807, 404104.32, 5122479.45, 1440.28);
insert into STATION values (3596, '.', 4807, 404103.80, 5122479.10, 1440.34);
insert into STATION values (3597, '.', 4807, 404102.10, 5122477.61, 1440.21);
insert into STATION values (3598, '36', 4807, 404110.94, 5122489.27, 1435.38);
insert into STATION values (3599, '.', 4807, 404110.36, 5122489.49, 1435.36);
insert into STATION values (3600, '.', 4807, 404110.28, 5122488.73, 1435.41);
insert into STATION values (3601, '.', 4807, 404110.85, 5122488.60, 1435.42);
insert into STATION values (3602, '.', 4807, 404111.24, 5122488.85, 1435.56);
insert into STATION values (3603, '.', 4807, 404111.60, 5122489.21, 1435.64);
insert into STATION values (3604, '.', 4807, 404111.75, 5122489.54, 1435.55);
insert into STATION values (3605, '.', 4807, 404112.62, 5122489.98, 1435.57);
insert into STATION values (3606, '.', 4807, 404111.37, 5122488.96, 1436.55);
insert into STATION values (3607, '.', 4807, 404110.97, 5122489.10, 1436.78);
insert into STATION values (3608, '.', 4807, 404110.61, 5122489.39, 1436.75);
insert into STATION values (3609, '.', 4807, 404110.78, 5122489.53, 1436.21);
insert into STATION values (3610, '.', 4807, 404110.50, 5122489.72, 1435.47);
insert into STATION values (3611, '37', 4807, 404108.96, 5122487.46, 1435.62);
insert into STATION values (3612, '.', 4807, 404108.38, 5122484.73, 1437.24);
insert into STATION values (3613, '.', 4807, 404108.29, 5122484.50, 1437.35);
insert into STATION values (3614, '38', 4807, 404108.00, 5122482.77, 1438.50);
insert into STATION values (3615, '.', 4807, 404106.95, 5122483.41, 1438.59);
insert into STATION values (3616, '.', 4807, 404106.78, 5122482.98, 1438.64);
insert into STATION values (3617, '.', 4807, 404106.56, 5122482.39, 1438.70);
insert into STATION values (3618, '.', 4807, 404106.49, 5122481.50, 1438.75);
insert into STATION values (3619, '.', 4807, 404105.08, 5122481.04, 1438.67);
insert into STATION values (3620, '.', 4807, 404104.13, 5122480.95, 1438.67);
insert into STATION values (3621, '40', 4807, 404102.90, 5122478.63, 1440.65);
insert into STATION values (3622, '.', 4807, 404102.76, 5122478.76, 1440.78);
insert into STATION values (3623, '.', 4807, 404104.94, 5122480.21, 1440.31);
insert into STATION values (3624, '.', 4807, 404103.25, 5122478.36, 1441.09);
insert into STATION values (3625, '.', 4807, 404102.99, 5122478.54, 1440.91);
insert into STATION values (3626, '.', 4807, 404102.01, 5122476.33, 1440.73);
insert into STATION values (3627, '.', 4807, 404104.78, 5122479.63, 1440.71);
insert into STATION values (3628, '41', 4807, 404101.39, 5122477.87, 1438.70);
insert into STATION values (3629, '.', 4807, 404100.22, 5122478.03, 1438.18);
insert into STATION values (3630, '42', 4807, 404096.87, 5122477.31, 1436.23);
insert into STATION values (3631, '.', 4807, 404091.98, 5122477.03, 1434.24);
insert into STATION values (3632, '.', 4807, 404096.19, 5122476.93, 1436.23);
insert into STATION values (3633, '.', 4807, 404096.16, 5122477.65, 1436.27);
insert into STATION values (3634, '.', 4807, 404095.29, 5122479.30, 1436.55);
insert into STATION values (3635, '.', 4807, 404094.13, 5122478.96, 1436.84);
insert into STATION values (3636, '.', 4807, 404093.58, 5122478.44, 1436.87);
insert into STATION values (3637, '.', 4807, 404097.00, 5122478.34, 1436.31);
insert into STATION values (3638, '.', 4807, 404097.51, 5122479.08, 1436.04);
insert into STATION values (3639, '.', 4807, 404098.52, 5122480.18, 1435.80);
insert into STATION values (3640, '43', 4807, 404094.14, 5122478.68, 1436.89);
insert into STATION values (3641, '.', 4807, 404092.62, 5122477.91, 1437.09);
insert into STATION values (3642, '.', 4807, 404089.95, 5122473.84, 1438.15);
insert into STATION values (3643, '.', 4807, 404092.54, 5122476.09, 1437.68);
insert into STATION values (3644, '.', 4807, 404093.39, 5122476.46, 1437.56);
insert into STATION values (3645, '.', 4807, 404094.02, 5122476.87, 1437.32);
insert into STATION values (3646, '.', 4807, 404094.32, 5122477.13, 1437.24);
insert into STATION values (3647, '44', 4807, 404086.92, 5122472.73, 1438.84);
insert into STATION values (3648, '.', 4807, 404086.05, 5122474.16, 1438.71);
insert into STATION values (3649, '.', 4807, 404086.75, 5122473.16, 1439.59);
insert into STATION values (3650, '.', 4807, 404086.69, 5122473.61, 1439.35);
insert into STATION values (3651, '.', 4807, 404086.73, 5122473.36, 1437.52);
insert into STATION values (3652, '.', 4807, 404087.86, 5122473.92, 1438.92);
insert into STATION values (3653, '.', 4807, 404089.11, 5122474.70, 1438.58);
insert into STATION values (3654, '.', 4807, 404091.17, 5122475.29, 1437.90);
insert into STATION values (3655, '.', 4807, 404095.26, 5122478.32, 1436.95);
insert into STATION values (3656, '.', 4807, 404085.25, 5122472.96, 1438.42);
insert into STATION values (3657, '.', 4807, 404085.27, 5122473.13, 1438.45);
insert into STATION values (3658, '45', 4807, 404084.74, 5122472.21, 1439.98);
insert into STATION values (3659, '.', 4807, 404084.43, 5122471.37, 1439.97);
insert into STATION values (3660, '.', 4807, 404083.81, 5122471.56, 1439.86);
insert into STATION values (3661, '.', 4807, 404082.38, 5122471.59, 1439.88);
insert into STATION values (3662, '.', 4807, 404082.38, 5122473.65, 1439.57);
insert into STATION values (3663, '.', 4807, 404083.52, 5122474.21, 1439.59);
insert into STATION values (3664, '.', 4807, 404085.79, 5122473.26, 1439.73);
insert into STATION values (3665, '.', 4807, 404088.91, 5122472.86, 1438.38);
insert into STATION values (3666, '46', 4807, 404082.53, 5122473.39, 1439.69);
insert into STATION values (3667, '.', 4807, 404080.61, 5122474.88, 1438.94);
insert into STATION values (3668, '.', 4807, 404082.79, 5122474.61, 1440.19);
insert into STATION values (3669, '.', 4807, 404083.22, 5122473.39, 1439.93);
insert into STATION values (3670, '.', 4807, 404082.60, 5122471.12, 1439.88);
insert into STATION values (3671, '.', 4807, 404081.71, 5122471.09, 1440.83);
insert into STATION values (3672, '.', 4807, 404081.93, 5122472.61, 1440.28);
insert into STATION values (3673, '47', 4807, 404080.39, 5122473.53, 1440.69);
insert into STATION values (3674, '.', 4807, 404078.27, 5122473.65, 1441.76);
insert into STATION values (3675, '.', 4807, 404078.44, 5122471.51, 1440.30);
insert into STATION values (3676, '.', 4807, 404076.67, 5122472.04, 1439.90);
insert into STATION values (3677, '.', 4807, 404082.10, 5122472.50, 1440.63);
insert into STATION values (3678, '.', 4807, 404082.27, 5122471.72, 1440.65);
insert into STATION values (3679, '.', 4807, 404080.44, 5122473.45, 1440.07);
insert into STATION values (3680, '48', 4807, 404076.34, 5122473.38, 1438.58);
insert into STATION values (3681, '.', 4807, 404071.93, 5122475.52, 1437.05);
insert into STATION values (3682, '.', 4807, 404075.02, 5122474.16, 1438.47);
insert into STATION values (3683, '.', 4807, 404074.89, 5122474.24, 1438.75);
insert into STATION values (3684, '.', 4807, 404074.18, 5122474.52, 1439.04);
insert into STATION values (3685, '49', 4807, 404096.16, 5122478.22, 1436.53);
insert into STATION values (3686, '.', 4807, 404095.38, 5122479.29, 1436.81);
insert into STATION values (3687, '.', 4807, 404096.10, 5122477.95, 1438.02);
insert into STATION values (3688, '.', 4807, 404095.93, 5122478.53, 1437.71);
insert into STATION values (3689, '.', 4807, 404096.21, 5122478.39, 1436.93);
insert into STATION values (3690, '.', 4807, 404096.36, 5122477.90, 1436.55);
insert into STATION values (3691, '.', 4807, 404096.31, 5122477.83, 1436.66);
insert into STATION values (3692, '.', 4807, 404094.71, 5122478.12, 1436.68);
insert into STATION values (3693, '.', 4807, 404094.45, 5122476.56, 1436.89);
insert into STATION values (3694, '.', 4807, 404095.56, 5122477.23, 1436.69);
insert into STATION values (3695, '.', 4807, 404095.91, 5122477.00, 1436.63);
insert into STATION values (3696, '.', 4807, 404095.68, 5122477.44, 1436.62);
insert into STATION values (3697, '.', 4807, 404099.60, 5122483.57, 1434.91);
insert into STATION values (3698, '.', 4807, 404097.34, 5122480.02, 1436.16);
insert into STATION values (3699, '.', 4807, 404099.30, 5122481.35, 1435.92);
insert into STATION values (3700, '50', 4807, 404098.49, 5122481.07, 1435.67);
insert into STATION values (3701, '.', 4807, 404100.63, 5122484.02, 1434.80);
insert into STATION values (3702, '.', 4807, 404097.94, 5122481.70, 1435.70);
insert into STATION values (3703, '.', 4807, 404098.97, 5122481.99, 1435.53);
insert into STATION values (3704, '.', 4807, 404099.50, 5122481.02, 1435.81);
insert into STATION values (3705, '.', 4807, 404099.27, 5122480.53, 1436.02);
insert into STATION values (3706, '.', 4807, 404099.32, 5122480.49, 1435.89);
insert into STATION values (3707, '51', 4807, 404099.31, 5122483.36, 1434.98);
insert into STATION values (3708, '.', 4807, 404100.58, 5122485.57, 1435.38);
insert into STATION values (3709, '.', 4807, 404099.51, 5122482.77, 1435.10);
insert into STATION values (3710, '.', 4807, 404099.66, 5122482.04, 1435.91);
insert into STATION values (3711, '.', 4807, 404099.52, 5122482.51, 1436.13);
insert into STATION values (3712, '.', 4807, 404099.39, 5122482.76, 1435.83);
insert into STATION values (3713, '52', 4807, 404100.74, 5122482.97, 1435.72);
insert into STATION values (3714, '53', 4807, 404102.94, 5122484.07, 1435.01);
insert into STATION values (3715, '.', 4807, 404105.12, 5122485.03, 1434.33);
insert into STATION values (3716, '55', 4807, 404123.74, 5122491.69, 1436.57);
insert into STATION values (3717, '56', 4807, 404123.58, 5122493.12, 1436.34);
insert into STATION values (3718, '57', 4807, 404125.80, 5122493.98, 1436.24);
insert into STATION values (3719, '.', 4807, 404127.88, 5122495.14, 1436.21);
insert into STATION values (3720, '58', 4807, 404127.55, 5122494.62, 1436.33);
insert into STATION values (3721, '.', 4807, 404129.41, 5122494.77, 1436.15);
insert into STATION values (3722, '.', 4807, 404127.81, 5122495.63, 1437.64);
insert into STATION values (3723, '.', 4807, 404127.82, 5122495.72, 1437.71);
insert into STATION values (3724, '.', 4807, 404127.83, 5122495.84, 1437.60);
insert into STATION values (3725, '.', 4807, 404127.92, 5122495.83, 1435.76);
insert into STATION values (3726, '59', 4807, 404127.41, 5122496.48, 1435.66);
insert into STATION values (3727, '.', 4807, 404125.87, 5122479.14, 1432.08);
insert into STATION values (3728, '.', 4807, 404127.90, 5122501.08, 1436.30);
insert into STATION values (3729, '.', 4807, 404125.89, 5122479.32, 1432.18);
insert into STATION values (3730, '1', 5034, 404251.16, 5122755.43, 1761.05);
insert into STATION values (3731, '2', 5034, 404251.16, 5122755.43, 1768.20);
insert into STATION values (3732, '3', 5034, 404248.67, 5122756.46, 1767.87);
insert into STATION values (3733, '4', 5034, 404248.37, 5122758.29, 1767.08);
insert into STATION values (3734, '5', 5034, 404248.08, 5122760.51, 1768.03);
insert into STATION values (3735, '6', 5034, 404246.85, 5122761.86, 1768.35);
insert into STATION values (3736, '1', 5054, 404246.85, 5122761.86, 1768.35);
insert into STATION values (3737, '2', 5054, 404244.94, 5122765.23, 1767.87);
insert into STATION values (3738, '3', 5054, 404244.34, 5122766.69, 1767.85);
insert into STATION values (3739, '4', 5054, 404241.97, 5122770.14, 1768.58);
insert into STATION values (3740, '5', 5054, 404241.97, 5122770.14, 1779.54);
insert into STATION values (3741, '1', 5071, 404251.16, 5122755.43, 1761.05);
insert into STATION values (3742, '2', 5071, 404252.90, 5122754.70, 1762.53);
insert into STATION values (3743, '3', 5071, 404252.52, 5122751.38, 1763.36);
insert into STATION values (3744, '4', 5071, 404254.80, 5122748.97, 1764.13);
insert into STATION values (3745, '5', 5071, 404254.82, 5122746.09, 1762.53);
insert into STATION values (3746, '6', 5071, 404254.82, 5122746.09, 1758.93);
insert into STATION values (3747, '7', 5071, 404255.11, 5122743.61, 1758.75);
insert into STATION values (3748, '8', 5071, 404256.47, 5122741.20, 1757.90);
insert into STATION values (3749, '9', 5071, 404256.47, 5122741.20, 1727.90);
insert into STATION values (3750, '10', 5071, 404255.16, 5122739.06, 1723.57);
insert into STATION values (3751, '11', 5071, 404254.42, 5122737.99, 1723.57);
insert into STATION values (3752, '12', 5071, 404254.42, 5122737.99, 1716.21);
insert into STATION values (3753, '13', 5071, 404249.90, 5122734.53, 1716.41);
insert into STATION values (3754, '14', 5071, 404249.90, 5122734.53, 1713.31);
insert into STATION values (3755, '15', 5071, 404252.88, 5122733.87, 1713.31);
insert into STATION values (3756, '16', 5071, 404252.88, 5122733.87, 1697.26);
insert into STATION values (3757, '1', 5136, 404249.09, 5122737.86, 1744.20);
insert into STATION values (3758, '2', 5136, 404250.65, 5122737.88, 1744.36);
insert into STATION values (3759, '3', 5136, 404248.72, 5122736.68, 1743.96);
insert into STATION values (3760, '4', 5136, 404251.25, 5122738.16, 1744.36);
insert into STATION values (3761, '5', 5136, 404253.26, 5122738.96, 1744.70);
insert into STATION values (3762, '6', 5136, 404256.47, 5122741.20, 1744.70);
insert into STATION values (3763, '7', 5136, 404256.47, 5122741.20, 1757.90);
insert into STATION values (3764, '1', 5153, 404235.89, 5122723.00, 1689.36);
insert into STATION values (3765, '2', 5153, 404232.33, 5122719.47, 1685.71);
insert into STATION values (3766, '3', 5153, 404240.33, 5122725.24, 1692.46);
insert into STATION values (3767, '4', 5153, 404243.90, 5122732.19, 1700.55);
insert into STATION values (3768, '5', 5153, 404243.90, 5122732.19, 1721.49);
insert into STATION values (3769, '6', 5153, 404245.10, 5122732.16, 1723.03);
insert into STATION values (3770, '1', 5170, 404245.10, 5122732.16, 1723.03);
insert into STATION values (3771, '2', 5170, 404248.05, 5122734.62, 1725.25);
insert into STATION values (3772, '3', 5170, 404248.05, 5122734.62, 1738.39);
insert into STATION values (3773, '4', 5170, 404249.32, 5122735.44, 1741.00);
insert into STATION values (3774, '5', 5170, 404248.72, 5122736.68, 1743.96);
insert into STATION values (3775, '1', 5192, 404197.51, 5122850.08, 1736.00);
insert into STATION_FLAG values(3775, 'fix');
insert into STATION values (3776, '2', 5192, 404213.42, 5122851.84, 1736.65);
insert into STATION values (3777, '3', 5192, 404216.37, 5122856.25, 1737.38);
insert into STATION values (3778, '4', 5192, 404221.69, 5122850.92, 1738.12);
insert into STATION values (3779, '5', 5192, 404226.74, 5122846.19, 1739.05);
insert into STATION values (3780, '6', 5192, 404230.14, 5122849.75, 1740.25);
insert into STATION values (3781, '7', 5192, 404230.17, 5122849.76, 1738.64);
insert into STATION values (3782, '8', 5192, 404234.14, 5122850.17, 1739.77);
insert into STATION values (3783, '9', 5192, 404237.39, 5122848.03, 1739.97);
insert into STATION values (3784, '10', 5192, 404240.15, 5122850.07, 1739.79);
insert into STATION values (3785, '11', 5192, 404242.30, 5122849.47, 1737.90);
insert into STATION values (3786, '12', 5192, 404242.84, 5122846.33, 1736.14);
insert into STATION values (3787, '13', 5192, 404242.93, 5122846.36, 1726.03);
insert into STATION values (3788, '14', 5192, 404249.32, 5122837.69, 1730.18);
insert into STATION values (3789, '15', 5192, 404253.04, 5122834.30, 1729.82);
insert into STATION values (3790, '16', 5192, 404253.18, 5122834.35, 1715.61);
insert into STATION values (3791, '17', 5192, 404259.38, 5122829.31, 1720.64);
insert into STATION values (3792, '18', 5192, 404264.54, 5122826.64, 1714.56);
insert into STATION values (3793, '19', 5192, 404271.79, 5122824.76, 1719.07);
insert into STATION values (3794, '20', 5192, 404273.11, 5122821.90, 1719.63);
insert into STATION values (3795, '21', 5192, 404273.19, 5122821.92, 1710.21);
insert into STATION values (3796, '22', 5192, 404277.45, 5122820.64, 1721.18);
insert into STATION values (3797, '23', 5192, 404284.19, 5122818.64, 1728.94);
insert into STATION values (3798, '24', 5192, 404287.49, 5122814.24, 1728.16);
insert into STATION values (3799, '25', 5192, 404287.49, 5122814.24, 1718.16);
insert into STATION values (3800, '26', 5192, 404294.19, 5122808.43, 1725.74);
insert into STATION values (3801, '27', 5192, 404301.45, 5122806.15, 1725.43);
insert into STATION values (3802, '27', 5270, 404301.45, 5122806.15, 1725.43);
insert into STATION values (3803, '28', 5270, 404300.51, 5122800.83, 1726.18);
insert into STATION values (3804, '29', 5270, 404305.37, 5122797.04, 1716.94);
insert into STATION values (3805, '30', 5270, 404308.75, 5122794.29, 1715.77);
insert into STATION values (3806, '31', 5270, 404311.74, 5122789.79, 1715.87);
insert into STATION values (3807, '32', 5270, 404312.97, 5122789.66, 1716.37);
insert into STATION values (3808, '33', 5270, 404314.01, 5122785.58, 1715.84);
insert into STATION values (3809, '34', 5270, 404313.98, 5122782.87, 1712.92);
insert into STATION values (3810, '35', 5270, 404314.62, 5122774.79, 1710.22);
insert into STATION values (3811, '36', 5270, 404313.44, 5122771.63, 1702.88);
insert into STATION values (3812, '37', 5270, 404313.69, 5122771.16, 1696.79);
insert into STATION values (3813, '37', 5321, 404313.69, 5122771.16, 1696.79);
insert into STATION values (3814, '38', 5321, 404314.39, 5122766.00, 1701.03);
insert into STATION values (3815, '39', 5321, 404313.67, 5122760.35, 1700.91);
insert into STATION values (3816, '40', 5321, 404314.79, 5122756.83, 1696.07);
insert into STATION values (3817, '41', 5321, 404314.94, 5122753.52, 1696.53);
insert into STATION values (3818, '42', 5321, 404315.18, 5122748.36, 1691.15);
insert into STATION values (3819, '43', 5321, 404313.16, 5122748.86, 1686.42);
insert into STATION values (3820, '44', 5321, 404311.05, 5122742.08, 1688.18);
insert into STATION values (3821, '1', 5357, 404311.05, 5122742.08, 1688.18);
insert into STATION values (3822, '2', 5357, 404310.28, 5122739.09, 1687.52);
insert into STATION values (3823, '3', 5357, 404308.84, 5122738.23, 1686.49);
insert into STATION values (3824, '4', 5357, 404307.84, 5122735.06, 1686.08);
insert into STATION values (3825, '5', 5357, 404305.18, 5122735.47, 1685.79);
insert into STATION values (3826, '6', 5357, 404301.99, 5122735.62, 1684.86);
insert into STATION values (3827, '7', 5357, 404302.02, 5122735.63, 1682.15);
insert into STATION values (3828, '8', 5357, 404300.04, 5122735.58, 1684.05);
insert into STATION values (3829, '9', 5357, 404294.86, 5122735.36, 1683.67);
insert into STATION values (3830, '10', 5357, 404291.59, 5122733.99, 1683.61);
insert into STATION values (3831, '11', 5357, 404291.45, 5122732.04, 1683.40);
insert into STATION values (3832, '12', 5357, 404289.49, 5122734.02, 1684.53);
insert into STATION values (3833, '13', 5357, 404289.15, 5122736.49, 1684.05);
insert into STATION values (3834, '14', 5357, 404285.90, 5122739.88, 1683.80);
insert into STATION values (3835, '15', 5357, 404282.90, 5122741.28, 1681.37);
insert into STATION values (3836, '16', 5357, 404283.12, 5122741.35, 1663.26);
insert into STATION values (3837, '1', 5392, 404283.12, 5122741.35, 1663.26);
insert into STATION values (3838, '2', 5392, 404277.55, 5122739.57, 1663.45);
insert into STATION values (3839, '3', 5392, 404275.77, 5122738.23, 1661.49);
insert into STATION values (3840, '4', 5392, 404272.60, 5122737.64, 1662.25);
insert into STATION values (3841, '5', 5392, 404272.15, 5122734.21, 1662.13);
insert into STATION values (3842, '6', 5392, 404269.89, 5122733.06, 1661.95);
insert into STATION values (3843, '7', 5392, 404269.92, 5122733.07, 1659.18);
insert into STATION values (3844, '8', 5392, 404269.43, 5122729.34, 1655.27);
insert into STATION values (3845, '9', 5392, 404274.35, 5122718.06, 1657.44);
insert into STATION values (3846, '10', 5392, 404275.54, 5122714.33, 1656.32);
insert into STATION values (3847, '11', 5392, 404277.88, 5122710.38, 1655.76);
insert into STATION values (3848, '12', 5392, 404281.31, 5122708.81, 1655.50);
insert into STATION values (3849, '13', 5392, 404283.91, 5122706.81, 1656.25);
insert into STATION values (3850, '14', 5392, 404287.04, 5122703.64, 1655.06);
insert into STATION values (3851, '15', 5392, 404288.02, 5122699.61, 1655.21);
insert into STATION values (3852, '16', 5392, 404290.10, 5122697.95, 1654.60);
insert into STATION values (3853, '17', 5392, 404291.61, 5122698.46, 1650.57);
insert into STATION values (3854, '18', 5392, 404293.98, 5122703.10, 1649.94);
insert into STATION values (3855, '19', 5392, 404297.17, 5122700.28, 1649.19);
insert into STATION values (3856, '20', 5392, 404296.85, 5122696.03, 1648.96);
insert into STATION values (3857, '21', 5392, 404299.71, 5122693.99, 1648.29);
insert into STATION values (3858, '22', 5392, 404301.14, 5122691.58, 1648.83);
insert into STATION values (3859, '23', 5392, 404300.91, 5122689.18, 1648.62);
insert into STATION values (3860, '24', 5392, 404298.79, 5122688.67, 1647.72);
insert into STATION values (3861, '25', 5392, 404301.33, 5122684.55, 1645.47);
insert into STATION values (3862, '26', 5392, 404303.03, 5122682.83, 1645.09);
insert into STATION values (3863, '27', 5392, 404303.36, 5122680.62, 1644.36);
insert into STATION values (3864, '28', 5392, 404306.02, 5122676.48, 1641.98);
insert into STATION values (3865, '29', 5392, 404308.37, 5122673.19, 1639.94);
insert into STATION values (3866, '30', 5392, 404304.64, 5122672.90, 1639.74);
insert into STATION values (3867, '31', 5392, 404301.87, 5122673.69, 1639.01);
insert into STATION values (3868, '32', 5392, 404299.87, 5122673.64, 1637.05);
insert into STATION values (3869, '33', 5392, 404297.83, 5122674.68, 1637.58);
insert into STATION values (3870, '34', 5392, 404296.48, 5122673.37, 1636.99);
insert into STATION values (3871, '35', 5392, 404298.28, 5122672.35, 1637.20);
insert into STATION values (3872, '36', 5392, 404295.59, 5122671.27, 1634.99);
insert into STATION values (3873, '37', 5392, 404295.80, 5122669.12, 1634.02);
insert into STATION values (3874, '38', 5392, 404298.33, 5122667.37, 1634.08);
insert into STATION values (3875, '39', 5392, 404301.39, 5122665.77, 1634.56);
insert into STATION values (3876, '40', 5392, 404300.11, 5122664.52, 1633.71);
insert into STATION values (3877, '41', 5392, 404300.64, 5122663.28, 1633.98);
insert into STATION values (3878, '42', 5392, 404298.20, 5122659.89, 1633.08);
insert into STATION values (3879, '43', 5392, 404295.51, 5122656.00, 1632.32);
insert into STATION values (3880, '44', 5392, 404294.64, 5122653.90, 1632.60);
insert into STATION values (3881, '45', 5392, 404294.04, 5122652.52, 1633.08);
insert into STATION values (3882, '46', 5392, 404291.15, 5122652.81, 1633.24);
insert into STATION values (3883, '47', 5392, 404289.20, 5122651.78, 1632.05);
insert into STATION values (3884, '48', 5392, 404287.38, 5122652.41, 1630.92);
insert into STATION values (3885, '49', 5392, 404285.64, 5122649.37, 1627.50);
insert into STATION values (3886, '50', 5392, 404278.25, 5122652.38, 1628.88);
insert into STATION values (3887, '2', 5498, 404274.93, 5122655.96, 1629.63);
insert into STATION values (3888, '1', 5498, 404278.25, 5122652.38, 1628.88);
insert into STATION values (3889, '3', 5498, 404268.61, 5122656.38, 1629.12);
insert into STATION values (3890, '4', 5498, 404261.77, 5122655.23, 1620.65);
insert into STATION values (3891, '5', 5498, 404254.29, 5122646.10, 1613.78);
insert into STATION values (3892, '6', 5498, 404259.79, 5122639.93, 1613.06);
insert into STATION values (3893, '7', 5498, 404252.60, 5122621.95, 1603.40);
insert into STATION values (3894, '8', 5498, 404229.28, 5122627.03, 1605.91);
insert into STATION values (3895, '1', 5534, 404280.54, 5122620.88, 1582.21);
insert into STATION values (3896, '2', 5534, 404281.03, 5122629.35, 1574.02);
insert into STATION values (3897, '3', 5534, 404281.02, 5122629.36, 1596.49);
insert into STATION values (3898, '4', 5534, 404280.12, 5122632.01, 1598.99);
insert into STATION values (3899, '5', 5534, 404276.99, 5122634.15, 1599.57);
insert into STATION values (3900, '6', 5534, 404273.82, 5122633.66, 1602.75);
insert into STATION values (3901, '7', 5534, 404275.52, 5122634.68, 1606.03);
insert into STATION values (3902, '8', 5534, 404271.14, 5122635.24, 1605.63);
insert into STATION values (3903, '9', 5534, 404272.02, 5122636.94, 1611.86);
insert into STATION values (3904, '10', 5534, 404272.93, 5122637.60, 1612.94);
insert into STATION values (3905, '11', 5534, 404273.55, 5122636.47, 1615.00);
insert into STATION values (3906, '12', 5534, 404273.25, 5122637.14, 1616.33);
insert into STATION values (3907, '13', 5534, 404273.12, 5122639.91, 1616.17);
insert into STATION values (3908, '14', 5534, 404272.82, 5122640.54, 1616.79);
insert into STATION values (3909, '15', 5534, 404273.60, 5122641.21, 1618.80);
insert into STATION values (3910, '16', 5534, 404275.00, 5122645.21, 1621.63);
insert into STATION values (3911, '17', 5534, 404275.63, 5122647.37, 1621.22);
insert into STATION values (3912, '18', 5534, 404279.17, 5122648.50, 1621.73);
insert into STATION values (3913, '19', 5534, 404281.10, 5122651.04, 1626.61);
insert into STATION values (3914, '20', 5534, 404278.25, 5122652.38, 1628.88);
insert into STATION values (3915, '1', 5602, 404224.60, 5122657.98, 1599.02);
insert into STATION values (3916, '2', 5602, 404227.54, 5122661.71, 1595.30);
insert into STATION values (3917, '3', 5602, 404224.53, 5122658.03, 1591.85);
insert into STATION values (3918, '4', 5602, 404230.76, 5122656.70, 1601.25);
insert into STATION values (3919, '5', 5602, 404232.92, 5122653.07, 1605.89);
insert into STATION values (3920, '6', 5602, 404232.32, 5122651.22, 1608.95);
insert into STATION values (3921, '7', 5602, 404234.54, 5122649.21, 1610.80);
insert into STATION values (3922, '8', 5602, 404234.86, 5122651.13, 1613.51);
insert into STATION values (3923, '9', 5602, 404237.01, 5122650.92, 1615.09);
insert into STATION values (3924, '10', 5602, 404238.46, 5122647.91, 1615.37);
insert into STATION values (3925, '11', 5602, 404236.81, 5122644.66, 1614.04);
insert into STATION values (3926, '12', 5602, 404237.38, 5122637.71, 1606.90);
insert into STATION values (3927, '13', 5602, 404245.87, 5122623.87, 1605.95);
insert into STATION values (3928, '14', 5602, 404252.60, 5122621.95, 1603.40);
insert into STATION values (3929, '15', 5602, 404257.66, 5122626.46, 1600.64);
insert into STATION values (3930, '16', 5602, 404258.26, 5122628.19, 1598.06);
insert into STATION values (3931, '17', 5602, 404257.03, 5122627.23, 1596.02);
insert into STATION values (3932, '18', 5602, 404255.26, 5122627.24, 1595.51);
insert into STATION values (3933, '19', 5602, 404251.72, 5122624.70, 1593.52);
insert into STATION values (3934, '20', 5602, 404249.03, 5122621.41, 1590.15);
insert into STATION values (3935, '21', 5602, 404246.28, 5122617.52, 1587.24);
insert into STATION values (3936, '22', 5602, 404246.28, 5122617.52, 1584.55);
insert into STATION values (3937, '23', 5602, 404243.41, 5122615.31, 1582.42);
insert into STATION values (3938, '24', 5602, 404247.25, 5122609.99, 1581.47);
insert into STATION values (3939, '25', 5602, 404242.13, 5122608.36, 1584.41);
insert into STATION values (3940, '1', 5663, 404258.99, 5122642.22, 1671.78);
insert into STATION values (3941, '2', 5663, 404257.88, 5122642.67, 1671.84);
insert into STATION values (3942, '3', 5663, 404257.88, 5122642.67, 1641.74);
insert into STATION values (3943, '4', 5663, 404261.62, 5122644.92, 1675.55);
insert into STATION values (3944, '5', 5663, 404265.63, 5122644.97, 1676.19);
insert into STATION values (3945, '6', 5663, 404268.31, 5122648.37, 1676.87);
insert into STATION values (3946, '7', 5663, 404267.13, 5122651.87, 1677.26);
insert into STATION values (3947, '8', 5663, 404271.68, 5122651.29, 1677.82);
insert into STATION values (3948, '9', 5663, 404274.33, 5122653.20, 1679.21);
insert into STATION values (3949, '10', 5663, 404273.59, 5122656.24, 1681.09);
insert into STATION values (3950, '11', 5663, 404276.00, 5122655.15, 1681.14);
insert into STATION values (3951, '12', 5663, 404282.14, 5122659.09, 1682.29);
insert into STATION values (3952, '13', 5663, 404282.14, 5122659.09, 1720.79);
insert into STATION values (3953, '14', 5663, 404287.94, 5122642.81, 1690.27);
insert into STATION values (3954, '15', 5663, 404284.41, 5122646.37, 1690.09);
insert into STATION values (3955, '16', 5663, 404279.77, 5122653.31, 1681.75);
insert into STATION values (3956, '17', 5663, 404284.73, 5122665.73, 1686.57);
insert into STATION values (3957, '18', 5663, 404286.12, 5122668.12, 1687.06);
insert into STATION values (3958, '19', 5663, 404289.95, 5122674.68, 1688.68);
insert into STATION values (3959, '20', 5663, 404291.67, 5122676.51, 1689.16);
insert into STATION values (3960, '21', 5663, 404295.01, 5122672.03, 1689.55);
insert into STATION values (3961, '22', 5663, 404282.78, 5122694.71, 1691.67);
insert into STATION values (3962, '23', 5663, 404283.29, 5122700.31, 1692.96);
insert into STATION values (3963, '24', 5663, 404277.34, 5122708.59, 1694.58);
insert into STATION values (3964, '25', 5663, 404273.64, 5122711.40, 1695.40);
insert into STATION values (3965, '26', 5663, 404273.64, 5122711.40, 1678.65);
insert into STATION values (3966, '27', 5663, 404286.08, 5122699.85, 1693.31);
insert into STATION values (3967, '28', 5663, 404286.14, 5122702.82, 1693.73);
insert into STATION values (3968, '29', 5663, 404290.19, 5122705.84, 1695.57);
insert into STATION values (3969, '30', 5663, 404291.52, 5122709.85, 1696.86);
insert into STATION values (3970, '31', 5663, 404297.67, 5122711.35, 1698.44);
insert into STATION values (3971, '32', 5663, 404296.65, 5122713.39, 1698.68);
insert into STATION values (3972, '33', 5663, 404295.12, 5122714.39, 1694.92);
insert into STATION values (3973, '34', 5663, 404297.71, 5122719.42, 1695.61);
insert into STATION values (3974, '35', 5663, 404295.35, 5122722.96, 1698.38);
insert into STATION values (3975, '36', 5663, 404297.24, 5122728.37, 1700.13);
insert into STATION values (3976, '37', 5663, 404298.80, 5122731.26, 1701.46);
insert into STATION values (3977, '38', 5663, 404297.33, 5122732.47, 1701.93);
insert into STATION values (3978, '39', 5663, 404302.94, 5122758.27, 1708.52);
insert into STATION values (3979, '40', 5663, 404305.43, 5122766.29, 1710.30);
insert into STATION values (3980, '41', 5663, 404307.26, 5122767.33, 1710.90);
insert into STATION values (3981, '42', 5663, 404310.94, 5122775.48, 1712.48);
insert into STATION values (3982, '43', 5663, 404313.24, 5122774.40, 1710.95);
insert into STATION values (3983, '44', 5663, 404314.62, 5122774.79, 1710.22);
insert into STATION values (3984, '45', 5663, 404314.62, 5122781.01, 1712.16);
insert into STATION values (3985, '46', 5663, 404314.98, 5122783.98, 1714.81);
insert into STATION values (3986, '47', 5663, 404314.64, 5122787.93, 1716.09);
insert into STATION values (3987, '48', 5663, 404312.15, 5122789.29, 1715.28);
insert into STATION values (3988, '49', 5663, 404310.21, 5122790.65, 1715.55);
insert into STATION values (3989, '50', 5663, 404308.42, 5122794.25, 1716.02);
insert into STATION values (3990, '51', 5663, 404305.18, 5122797.14, 1716.59);
insert into STATION values (3991, '52', 5663, 404304.68, 5122801.63, 1728.33);
insert into STATION values (3992, '53', 5663, 404301.45, 5122806.15, 1725.43);
